,id,name,acronym,red,green,blue,structure_order,parent_id,parent_acronym,collapse,depth,size,newsize,counts,newcounts,ID,fname,Condition,Sex,density,Staining_Batch
0,0,background,background,0,0,0,0,,,,0,1265.9225600000002,1265.9225600000002,295087.0,295087,MM4,20240610_16_04_11_OP_TRAP_MM4A_Destripe_DONE,AcM-AcM,M,233.10035647046212,2
1,997,root,root,255,255,255,0,,,,0,0.0,489.07744,0.0,1002053,MM4,20240610_16_04_11_OP_TRAP_MM4A_Destripe_DONE,AcM-AcM,M,2048.8636727958665,2
2,8,Basic cell groups and regions,grey,176,255,255,100,997.0,root,,1,0.0,432.14492,0.0,846778,MM4,20240610_16_04_11_OP_TRAP_MM4A_Destripe_DONE,AcM-AcM,M,1959.4769273233617,2
3,567,Cerebrum,CH,176,240,255,200,8.0,grey,,2,0.0,266.22144,0.0,584682,MM4,20240610_16_04_11_OP_TRAP_MM4A_Destripe_DONE,AcM-AcM,M,2196.2243161181914,2
4,688,Cerebral cortex,CTX,176,255,184,300,567.0,CH,,3,0.0,211.76744,0.0,504485,MM4,20240610_16_04_11_OP_TRAP_MM4A_Destripe_DONE,AcM-AcM,M,2382.2595201604177,2
5,695,Cortical plate,CTXpl,112,255,112,400,688.0,CTX,,4,0.0,202.30784,0.0,492885,MM4,20240610_16_04_11_OP_TRAP_MM4A_Destripe_DONE,AcM-AcM,M,2436.3119096125984,2
6,315,Isocortex,Isocortex,112,255,113,500,695.0,CTXpl,,5,0.0,123.07728,0.0,317973,MM4,20240610_16_04_11_OP_TRAP_MM4A_Destripe_DONE,AcM-AcM,M,2583.5231327829147,2
7,184,Frontal association cortex,FrA,112,255,113,600,315.0,Isocortex,,6,0.13276,2.42804,482.0,8837,MM4,20240610_16_04_11_OP_TRAP_MM4A_Destripe_DONE,AcM-AcM,M,3639.5611274937805,2
8,68,"Frontal pole, layer 1",FrA-1,121,161,59,700,184.0,FrA,,7,0.70132,0.70132,5286.0,5286,MM4,20240610_16_04_11_OP_TRAP_MM4A_Destripe_DONE,AcM-AcM,M,7537.215536417041,2
9,667,"Frontal pole, layer 2/3",FrA-2/3,132,165,74,800,184.0,FrA,,7,1.1622,1.1622,2341.0,2341,MM4,20240610_16_04_11_OP_TRAP_MM4A_Destripe_DONE,AcM-AcM,M,2014.2832558939942,2
10,2325,"Frontal pole, layer 5",FrA-5,132,165,74,810,184.0,FrA,,7,0.43176,0.43176,728.0,728,MM4,20240610_16_04_11_OP_TRAP_MM4A_Destripe_DONE,AcM-AcM,M,1686.1219195849546,2
11,500,motor cortex,M,112,255,116,900,315.0,Isocortex,,6,0.0,18.50464,0.0,51540,MM4,20240610_16_04_11_OP_TRAP_MM4A_Destripe_DONE,AcM-AcM,M,2785.247375793315,2
12,985,Primary motor cortex,M1,112,255,116,1500,500.0,M,,7,0.0,8.92728,0.0,25255,MM4,20240610_16_04_11_OP_TRAP_MM4A_Destripe_DONE,AcM-AcM,M,2828.9691821024994,2
13,320,"Primary motor cortex, layer 1",M1-1,112,255,116,1510,985.0,M1,,8,1.1447200000000002,1.1447200000000002,8016.0,8016,MM4,20240610_16_04_11_OP_TRAP_MM4A_Destripe_DONE,AcM-AcM,M,7002.585785170171,2
14,943,"Primary motor cortex, layer 2/3",M1-2/3,112,255,116,1520,985.0,M1,,8,3.0756400000000004,3.0756400000000004,6977.0,6977,MM4,20240610_16_04_11_OP_TRAP_MM4A_Destripe_DONE,AcM-AcM,M,2268.470952387145,2
15,648,"Primary motor cortex, layer 5",M1-5,112,255,116,1530,985.0,M1,,8,2.06064,2.06064,3725.0,3725,MM4,20240610_16_04_11_OP_TRAP_MM4A_Destripe_DONE,AcM-AcM,M,1807.6908145042319,2
16,844,"Primary motor cortex, layer 6a",M1-6a,112,255,116,1540,985.0,M1,,8,1.6154400000000002,1.6154400000000002,3219.0,3219,MM4,20240610_16_04_11_OP_TRAP_MM4A_Destripe_DONE,AcM-AcM,M,1992.645966424008,2
17,882,"Primary motor cortex, layer 6b",M1-6b,112,255,116,1540,985.0,M1,,8,0.40572,0.40572,1298.0,1298,MM4,20240610_16_04_11_OP_TRAP_MM4A_Destripe_DONE,AcM-AcM,M,3199.250714778665,2
18,2017,"Frontal cortex, area 3",FrC3,132,165,74,2010,985.0,M1,,8,0.0,0.62512,0.0,2020,MM4,20240610_16_04_11_OP_TRAP_MM4A_Destripe_DONE,AcM-AcM,M,3231.3795751215766,2
19,2334,"Frontal cortex, area 3, layer1",FrC3-1,132,165,74,2020,2017.0,FrC3,,9,0.10408,0.10408,654.0,654,MM4,20240610_16_04_11_OP_TRAP_MM4A_Destripe_DONE,AcM-AcM,M,6283.627978478094,2
20,2335,"Frontal cortex, area 3, layer2/3",FrC3-2/3,132,165,74,2020,2017.0,FrC3,,9,0.26076,0.26076,857.0,857,MM4,20240610_16_04_11_OP_TRAP_MM4A_Destripe_DONE,AcM-AcM,M,3286.5470164135604,2
21,2336,"Frontal cortex, area 3, layer5",FrC3-5,132,165,74,2040,2017.0,FrC3,,9,0.19376,0.19376,402.0,402,MM4,20240610_16_04_11_OP_TRAP_MM4A_Destripe_DONE,AcM-AcM,M,2074.731626754748,2
22,2337,"Frontal cortex, area 3, layer6a",FrC3-6a,132,165,74,2050,2017.0,FrC3,,9,0.06216,0.06216,94.0,94,MM4,20240610_16_04_11_OP_TRAP_MM4A_Destripe_DONE,AcM-AcM,M,1512.226512226512,2
23,2351,"Frontal cortex, area 3, layer6b",FrC3-6b,132,165,74,2060,2017.0,FrC3,,9,0.00436,0.00436,13.0,13,MM4,20240610_16_04_11_OP_TRAP_MM4A_Destripe_DONE,AcM-AcM,M,2981.651376146789,2
24,993,Secondary motor cortex,M2,112,255,116,2100,500.0,M,,7,0.0,9.57736,0.0,26285,MM4,20240610_16_04_11_OP_TRAP_MM4A_Destripe_DONE,AcM-AcM,M,2744.4932632792334,2
25,656,"Secondary motor cortex, layer 1",M2-1,63,147,68,2200,993.0,M2,,8,1.7764400000000002,1.7764400000000002,9164.0,9164,MM4,20240610_16_04_11_OP_TRAP_MM4A_Destripe_DONE,AcM-AcM,M,5158.631870482537,2
26,962,"Secondary motor cortex, layer 2/3",M2-2/3,83,152,86,2300,993.0,M2,,8,3.4744400000000004,3.4744400000000004,5692.0,5692,MM4,20240610_16_04_11_OP_TRAP_MM4A_Destripe_DONE,AcM-AcM,M,1638.249617204499,2
27,767,"Secondary motor cortex, layer 5",M2-5,101,157,97,2400,993.0,M2,,8,2.78784,2.78784,6561.0,6561,MM4,20240610_16_04_11_OP_TRAP_MM4A_Destripe_DONE,AcM-AcM,M,2353.434917355372,2
28,1021,"Secondary motor cortex, layer 6a",M2-6a,129,174,115,2500,993.0,M2,,8,1.44352,1.44352,4535.0,4535,MM4,20240610_16_04_11_OP_TRAP_MM4A_Destripe_DONE,AcM-AcM,M,3141.626025271559,2
29,1085,"Secondary motor cortex, layer 6b",M2-6b,139,178,127,2600,993.0,M2,,8,0.09512,0.09512,333.0,333,MM4,20240610_16_04_11_OP_TRAP_MM4A_Destripe_DONE,AcM-AcM,M,3500.8410428931875,2
30,453,Somatosensory cortex,S,112,255,121,2700,315.0,Isocortex,,6,0.0,40.089200000000005,0.0,106742,MM4,20240610_16_04_11_OP_TRAP_MM4A_Destripe_DONE,AcM-AcM,M,2662.6123744050765,2
31,322,Primary somatosensory cortex,S1,112,255,121,2800,453.0,S,,7,0.0,33.130680000000005,0.0,84242,MM4,20240610_16_04_11_OP_TRAP_MM4A_Destripe_DONE,AcM-AcM,M,2542.7187126856434,2
32,2338,"Primary somatosensory area, jaw",S1J,163,213,170,3410,322.0,S1,,8,0.0,3.6422,0.0,12089,MM4,20240610_16_04_11_OP_TRAP_MM4A_Destripe_DONE,AcM-AcM,M,3319.1477678326287,2
33,2339,"Primary somatosensory area, jaw, layer 1",S1J-1,163,213,170,3420,2338.0,S1J,,9,0.5176000000000001,0.5176000000000001,4344.0,4344,MM4,20240610_16_04_11_OP_TRAP_MM4A_Destripe_DONE,AcM-AcM,M,8392.581143740339,2
34,2340,"Primary somatosensory area, jaw, layer 2/3",S1J-2/3,163,213,170,3430,2338.0,S1J,,9,0.798,0.798,812.0,812,MM4,20240610_16_04_11_OP_TRAP_MM4A_Destripe_DONE,AcM-AcM,M,1017.5438596491227,2
35,2341,"Primary somatosensory area, jaw, layer 4",S1J-4,163,213,170,3440,2338.0,S1J,,9,0.64336,0.64336,2452.0,2452,MM4,20240610_16_04_11_OP_TRAP_MM4A_Destripe_DONE,AcM-AcM,M,3811.2409848296443,2
36,2342,"Primary somatosensory area, jaw, layer 5",S1J-5,163,213,170,3450,2338.0,S1J,,9,0.96228,0.96228,2464.0,2464,MM4,20240610_16_04_11_OP_TRAP_MM4A_Destripe_DONE,AcM-AcM,M,2560.5852766346593,2
37,2343,"Primary somatosensory area, jaw, layer 6a",S1J-6a,163,213,170,3460,2338.0,S1J,,9,0.6094,0.6094,1628.0,1628,MM4,20240610_16_04_11_OP_TRAP_MM4A_Destripe_DONE,AcM-AcM,M,2671.480144404332,2
38,2344,"Primary somatosensory area, jaw, layer 6b",S1J-6b,163,213,170,3470,2338.0,S1J,,9,0.11156,0.11156,389.0,389,MM4,20240610_16_04_11_OP_TRAP_MM4A_Destripe_DONE,AcM-AcM,M,3486.9128719971313,2
39,793,"Primary somatosensory area, undefined, layer 1",S1-1,0,177,92,2900,322.0,S1,,8,0.19112,1.40584,1442.0,4392,MM4,20240610_16_04_11_OP_TRAP_MM4A_Destripe_DONE,AcM-AcM,M,3124.1108518750357,2
40,346,"Primary somatosensory area, undefined, layer 2/3",S1-2/3,67,185,112,3000,793.0,S1-1,,9,0.29916,0.29916,468.0,468,MM4,20240610_16_04_11_OP_TRAP_MM4A_Destripe_DONE,AcM-AcM,M,1564.3802647412756,2
41,865,"Primary somatosensory area, undefined, layer 4",S1-4,93,191,126,3100,793.0,S1-1,,9,0.307,0.307,598.0,598,MM4,20240610_16_04_11_OP_TRAP_MM4A_Destripe_DONE,AcM-AcM,M,1947.8827361563517,2
42,921,"Primary somatosensory area, undefined, layer 5",S1-5,116,197,139,3200,793.0,S1-1,,9,0.29428,0.29428,524.0,524,MM4,20240610_16_04_11_OP_TRAP_MM4A_Destripe_DONE,AcM-AcM,M,1780.6170993611527,2
43,686,"Primary somatosensory area, undefined, layer 6a",S1-6a,138,204,153,3300,793.0,S1-1,,9,0.2362,0.2362,951.0,951,MM4,20240610_16_04_11_OP_TRAP_MM4A_Destripe_DONE,AcM-AcM,M,4026.2489415749365,2
44,719,"Primary somatosensory area,, undefined, layer 6b",S1-6b,163,213,170,3400,793.0,S1-1,,9,0.07808,0.07808,409.0,409,MM4,20240610_16_04_11_OP_TRAP_MM4A_Destripe_DONE,AcM-AcM,M,5238.2172131147545,2
45,329,"Primary somatosensory cortex, barrel field",S1BF,112,255,121,4200,322.0,S1,,8,0.0,10.59964,0.0,21923,MM4,20240610_16_04_11_OP_TRAP_MM4A_Destripe_DONE,AcM-AcM,M,2068.277790566472,2
46,981,"Primary somatosensory cortex, barrel field, layer 1",S1BF-1,0,178,156,4300,329.0,S1BF,,9,1.2597600000000002,1.2597600000000002,11394.0,11394,MM4,20240610_16_04_11_OP_TRAP_MM4A_Destripe_DONE,AcM-AcM,M,9044.579919984757,2
47,201,"Primary somatosensory cortex, barrel field, layer 2/3",S1BF-2/3,19,186,171,4400,329.0,S1BF,,9,2.2157600000000004,2.2157600000000004,2880.0,2880,MM4,20240610_16_04_11_OP_TRAP_MM4A_Destripe_DONE,AcM-AcM,M,1299.7797595407442,2
48,1047,"Primary somatosensory cortex, barrel field, layer 4",S1BF-4,66,191,179,4500,329.0,S1BF,,9,2.45004,2.45004,2316.0,2316,MM4,20240610_16_04_11_OP_TRAP_MM4A_Destripe_DONE,AcM-AcM,M,945.290689131606,2
49,1070,"Primary somatosensory cortex, barrel field, layer 5 ",S1BF-5,93,197,188,4600,329.0,S1BF,,9,2.0738000000000003,2.0738000000000003,2019.0,2019,MM4,20240610_16_04_11_OP_TRAP_MM4A_Destripe_DONE,AcM-AcM,M,973.5750795640851,2
50,1038,"Primary somatosensory cortex, barrel field, layer 6a",S1BF-6a,117,203,197,4700,329.0,S1BF,,9,1.90816,1.90816,1874.0,1874,MM4,20240610_16_04_11_OP_TRAP_MM4A_Destripe_DONE,AcM-AcM,M,982.0979372798927,2
51,1062,"Primary somatosensory cortex, barrel field, layer 6b",S1BF-6b,143,211,208,4800,329.0,S1BF,,9,0.6921200000000001,0.6921200000000001,1440.0,1440,MM4,20240610_16_04_11_OP_TRAP_MM4A_Destripe_DONE,AcM-AcM,M,2080.564064035138,2
52,337,"Primary somatosensory cortex, hindlimb region",S1HL,112,255,121,4900,322.0,S1,,8,0.0,3.57308,0.0,4742,MM4,20240610_16_04_11_OP_TRAP_MM4A_Destripe_DONE,AcM-AcM,M,1327.1463275381464,2
53,1030,"Primary somatosensory cortex, hindlimb region, layer 1",S1HL-1,0,177,142,5000,337.0,S1HL,,9,0.39432,0.39432,1835.0,1835,MM4,20240610_16_04_11_OP_TRAP_MM4A_Destripe_DONE,AcM-AcM,M,4653.580848042199,2
54,113,"Primary somatosensory cortex, hindlimb region, layer 2/3",S1HL-2/3,0,183,155,5100,337.0,S1HL,,9,0.8330400000000001,0.8330400000000001,702.0,702,MM4,20240610_16_04_11_OP_TRAP_MM4A_Destripe_DONE,AcM-AcM,M,842.696629213483,2
55,1094,"Primary somatosensory cortex, hindlimb region, layer 4",S1HL-4,69,191,171,5200,337.0,S1HL,,9,0.5930000000000001,0.5930000000000001,387.0,387,MM4,20240610_16_04_11_OP_TRAP_MM4A_Destripe_DONE,AcM-AcM,M,652.6138279932545,2
56,1128,"Primary somatosensory cortex, hindlimb region, layer 5",S1HL-5,96,196,179,5300,337.0,S1HL,,9,0.7508,0.7508,417.0,417,MM4,20240610_16_04_11_OP_TRAP_MM4A_Destripe_DONE,AcM-AcM,M,555.4075652637187,2
57,478,"Primary somatosensory cortex, hindlimb region, layer 6a",S1HL-6a,119,202,188,5400,337.0,S1HL,,9,0.7640800000000001,0.7640800000000001,920.0,920,MM4,20240610_16_04_11_OP_TRAP_MM4A_Destripe_DONE,AcM-AcM,M,1204.0624018427388,2
58,510,"Primary somatosensory cortex, hindlimb region, layer 6b",S1HL-6b,145,211,198,5500,337.0,S1HL,,9,0.23784,0.23784,481.0,481,MM4,20240610_16_04_11_OP_TRAP_MM4A_Destripe_DONE,AcM-AcM,M,2022.367978472923,2
59,345,"Primary somatosensory cortex, upper lip region",S1ULp,112,255,121,5600,322.0,S1,,8,0.0,6.29848,0.0,24800,MM4,20240610_16_04_11_OP_TRAP_MM4A_Destripe_DONE,AcM-AcM,M,3937.4579263568357,2
60,878,"Primary somatosensory cortex, upper lip region, layer 1",S1ULp-1,0,173,94,5700,345.0,S1ULp,,9,0.8214800000000001,0.8214800000000001,7220.0,7220,MM4,20240610_16_04_11_OP_TRAP_MM4A_Destripe_DONE,AcM-AcM,M,8789.014948629303,2
61,657,"Primary somatosensory cortex, upper lip region, layer 2/3",S1ULp-2/3,20,180,107,5800,345.0,S1ULp,,9,1.40128,1.40128,2993.0,2993,MM4,20240610_16_04_11_OP_TRAP_MM4A_Destripe_DONE,AcM-AcM,M,2135.9043160538936,2
62,950,"Primary somatosensory cortex, upper lip region, layer 4",S1ULp-4,66,185,120,5900,345.0,S1ULp,,9,1.2816,1.2816,4871.0,4871,MM4,20240610_16_04_11_OP_TRAP_MM4A_Destripe_DONE,AcM-AcM,M,3800.7178526841444,2
63,974,"Primary somatosensory cortex, upper lip region, layer 5",S1ULp-5,92,191,133,6000,345.0,S1ULp,,9,1.1776000000000002,1.1776000000000002,4450.0,4450,MM4,20240610_16_04_11_OP_TRAP_MM4A_Destripe_DONE,AcM-AcM,M,3778.872282608695,2
64,1102,"Primary somatosensory cortex, upper lip region, layer 6a",S1ULp-6a,115,197,146,6100,345.0,S1ULp,,9,1.28356,1.28356,4035.0,4035,MM4,20240610_16_04_11_OP_TRAP_MM4A_Destripe_DONE,AcM-AcM,M,3143.600610801209,2
65,2,"Primary somatosensory cortex, upper lip region, layer 6b",S1ULp-6b,137,205,161,6200,345.0,S1ULp,,9,0.33296,0.33296,1231.0,1231,MM4,20240610_16_04_11_OP_TRAP_MM4A_Destripe_DONE,AcM-AcM,M,3697.140797693417,2
66,2000,"Primary somatosensory cortex, dysgranular zone ",S1DZ,112,255,121,6210,322.0,S1,,8,0.0,1.60448,0.0,4751,MM4,20240610_16_04_11_OP_TRAP_MM4A_Destripe_DONE,AcM-AcM,M,2961.083964898285,2
67,2287,"Primary somatosensory cortex, dysgranular zone 1",S1DZ-1,112,255,121,6211,2000.0,S1DZ,,9,0.182,0.182,1879.0,1879,MM4,20240610_16_04_11_OP_TRAP_MM4A_Destripe_DONE,AcM-AcM,M,10324.175824175825,2
68,2288,"Primary somatosensory cortex, dysgranular zone 2/3",S1DZ-2/3,112,255,121,6212,2000.0,S1DZ,,9,0.3504,0.3504,520.0,520,MM4,20240610_16_04_11_OP_TRAP_MM4A_Destripe_DONE,AcM-AcM,M,1484.0182648401826,2
69,2289,"Primary somatosensory cortex, dysgranular zone 4",S1DZ-4,112,255,121,6213,2000.0,S1DZ,,9,0.31024,0.31024,648.0,648,MM4,20240610_16_04_11_OP_TRAP_MM4A_Destripe_DONE,AcM-AcM,M,2088.705518308406,2
70,2290,"Primary somatosensory cortex, dysgranular zone 5",S1DZ-5,112,255,121,6214,2000.0,S1DZ,,9,0.309,0.309,699.0,699,MM4,20240610_16_04_11_OP_TRAP_MM4A_Destripe_DONE,AcM-AcM,M,2262.135922330097,2
71,2291,"Primary somatosensory cortex, dysgranular zone 6a",S1DZ-6a,112,255,121,6215,2000.0,S1DZ,,9,0.34712,0.34712,697.0,697,MM4,20240610_16_04_11_OP_TRAP_MM4A_Destripe_DONE,AcM-AcM,M,2007.9511408158562,2
72,2292,"Primary somatosensory cortex, dysgranular zone 6b",S1DZ-6b,112,255,121,6216,2000.0,S1DZ,,9,0.10572,0.10572,308.0,308,MM4,20240610_16_04_11_OP_TRAP_MM4A_Destripe_DONE,AcM-AcM,M,2913.3560348089295,2
73,2352,"Primary somatosensory cortex, oral dysgranular zone ",S1DZO,112,255,121,6220,322.0,S1,,8,0.0,0.114,0.0,408,MM4,20240610_16_04_11_OP_TRAP_MM4A_Destripe_DONE,AcM-AcM,M,3578.9473684210525,2
74,2353,"Primary somatosensory cortex, oral dysgranular zone 1",S1DZO-1,112,255,121,6221,2352.0,S1DZO,,9,0.01484,0.01484,132.0,132,MM4,20240610_16_04_11_OP_TRAP_MM4A_Destripe_DONE,AcM-AcM,M,8894.87870619946,2
75,2354,"Primary somatosensory cortex, oral dysgranular zone 2/3",S1DZO-2/3,112,255,121,6222,2352.0,S1DZO,,9,0.02032,0.02032,51.0,51,MM4,20240610_16_04_11_OP_TRAP_MM4A_Destripe_DONE,AcM-AcM,M,2509.8425196850394,2
76,2355,"Primary somatosensory cortex, oral dysgranular zone 4",S1DZO-4,112,255,121,6223,2352.0,S1DZO,,9,0.02156,0.02156,80.0,80,MM4,20240610_16_04_11_OP_TRAP_MM4A_Destripe_DONE,AcM-AcM,M,3710.575139146568,2
77,2356,"Primary somatosensory cortex, oral dysgranular zone 5",S1DZO-5,112,255,121,6224,2352.0,S1DZO,,9,0.02684,0.02684,68.0,68,MM4,20240610_16_04_11_OP_TRAP_MM4A_Destripe_DONE,AcM-AcM,M,2533.532041728763,2
78,2357,"Primary somatosensory cortex, oral dysgranular zone 6a",S1DZO-6a,112,255,121,6225,2352.0,S1DZO,,9,0.02332,0.02332,49.0,49,MM4,20240610_16_04_11_OP_TRAP_MM4A_Destripe_DONE,AcM-AcM,M,2101.2006861063464,2
79,2358,"Primary somatosensory cortex, oral dysgranular zone 6b",S1DZO-6b,112,255,121,6226,2352.0,S1DZO,,9,0.00712,0.00712,28.0,28,MM4,20240610_16_04_11_OP_TRAP_MM4A_Destripe_DONE,AcM-AcM,M,3932.5842696629215,2
80,2041,"Primary somatosensory cortex, shoulder region",S1Sh,112,255,121,6230,322.0,S1,,8,0.0,0.77412,0.0,726,MM4,20240610_16_04_11_OP_TRAP_MM4A_Destripe_DONE,AcM-AcM,M,937.8390947139978,2
81,2310,"Primary somatosensory cortex, shoulder region 1",S1Sh-1,112,255,121,6231,2041.0,S1Sh,,9,0.09092,0.09092,461.0,461,MM4,20240610_16_04_11_OP_TRAP_MM4A_Destripe_DONE,AcM-AcM,M,5070.391553013638,2
82,2311,"Primary somatosensory cortex, shoulder region 2/3",S1Sh-2/3,112,255,121,6232,2041.0,S1Sh,,9,0.16456,0.16456,86.0,86,MM4,20240610_16_04_11_OP_TRAP_MM4A_Destripe_DONE,AcM-AcM,M,522.6057365094798,2
83,2312,"Primary somatosensory cortex, shoulder region 4",S1Sh-4,112,255,121,6233,2041.0,S1Sh,,9,0.17544,0.17544,32.0,32,MM4,20240610_16_04_11_OP_TRAP_MM4A_Destripe_DONE,AcM-AcM,M,182.39854081167348,2
84,2313,"Primary somatosensory cortex, shoulder region 5",S1Sh-5,112,255,121,6234,2041.0,S1Sh,,9,0.1584,0.1584,44.0,44,MM4,20240610_16_04_11_OP_TRAP_MM4A_Destripe_DONE,AcM-AcM,M,277.77777777777777,2
85,2314,"Primary somatosensory cortex, shoulder region 6a",S1Sh-6a,112,255,121,6235,2041.0,S1Sh,,9,0.13276,0.13276,51.0,51,MM4,20240610_16_04_11_OP_TRAP_MM4A_Destripe_DONE,AcM-AcM,M,384.1518529677614,2
86,2315,"Primary somatosensory cortex, shoulder region 6b",S1Sh-6b,112,255,121,6236,2041.0,S1Sh,,9,0.05204,0.05204,52.0,52,MM4,20240610_16_04_11_OP_TRAP_MM4A_Destripe_DONE,AcM-AcM,M,999.2313604919292,2
87,369,"Primary somatosensory cortex, forelimb region",S1FL,112,255,121,6300,322.0,S1,,8,0.0,3.78928,0.0,9098,MM4,20240610_16_04_11_OP_TRAP_MM4A_Destripe_DONE,AcM-AcM,M,2400.983828062323,2
88,450,"Primary somatosensory cortex, forelimb region, layer 1",S1FL-1,0,174,103,6400,369.0,S1FL,,9,0.42796,0.42796,3387.0,3387,MM4,20240610_16_04_11_OP_TRAP_MM4A_Destripe_DONE,AcM-AcM,M,7914.2910552388075,2
89,854,"Primary somatosensory cortex, forelimb region, layer 2/3",S1FL-2/3,46,183,120,6500,369.0,S1FL,,9,0.8776400000000001,0.8776400000000001,1151.0,1151,MM4,20240610_16_04_11_OP_TRAP_MM4A_Destripe_DONE,AcM-AcM,M,1311.4716740349118,2
90,577,"Primary somatosensory cortex, forelimb region, layer 4",S1FL-4,79,188,133,6600,369.0,S1FL,,9,0.6452800000000001,0.6452800000000001,1116.0,1116,MM4,20240610_16_04_11_OP_TRAP_MM4A_Destripe_DONE,AcM-AcM,M,1729.4817753533348,2
91,625,"Primary somatosensory cortex, forelimb region, layer 5",S1FL-5,103,194,147,6700,369.0,S1FL,,9,0.7253200000000001,0.7253200000000001,1113.0,1113,MM4,20240610_16_04_11_OP_TRAP_MM4A_Destripe_DONE,AcM-AcM,M,1534.495119395577,2
92,945,"Primary somatosensory cortex, forelimb region, layer 6a",S1FL-6a,114,198,154,6800,369.0,S1FL,,9,0.8705600000000001,0.8705600000000001,1634.0,1634,MM4,20240610_16_04_11_OP_TRAP_MM4A_Destripe_DONE,AcM-AcM,M,1876.952766035655,2
93,1026,"Primary somatosensory cortex, forelimb region, layer 6b",S1FL-6b,124,201,162,6900,369.0,S1FL,,9,0.24252,0.24252,697.0,697,MM4,20240610_16_04_11_OP_TRAP_MM4A_Destripe_DONE,AcM-AcM,M,2873.9897740392544,2
94,361,"Primary somatosensory cortex, trunk region",S1Tr,112,255,121,7000,322.0,S1,,8,0.0,1.32956,0.0,1313,MM4,20240610_16_04_11_OP_TRAP_MM4A_Destripe_DONE,AcM-AcM,M,987.5447516471614,2
95,1006,"Primary somatosensory cortex, trunk region, layer 1",S1Tr-1,0,179,171,7100,361.0,S1Tr,,9,0.17956,0.17956,952.0,952,MM4,20240610_16_04_11_OP_TRAP_MM4A_Destripe_DONE,AcM-AcM,M,5301.848964134551,2
96,670,"Primary somatosensory cortex, trunk region, layer 2/3",S1Tr-2/3,0,185,179,7200,361.0,S1Tr,,9,0.29616,0.29616,138.0,138,MM4,20240610_16_04_11_OP_TRAP_MM4A_Destripe_DONE,AcM-AcM,M,465.96434359805517,2
97,1086,"Primary somatosensory cortex, trunk region, layer 4",S1Tr-4,63,192,187,7300,361.0,S1Tr,,9,0.27424,0.27424,47.0,47,MM4,20240610_16_04_11_OP_TRAP_MM4A_Destripe_DONE,AcM-AcM,M,171.38273045507586,2
98,1111,"Primary somatosensory cortex, trunk region, layer 5",S1Tr-5,91,197,197,7400,361.0,S1Tr,,9,0.27176,0.27176,79.0,79,MM4,20240610_16_04_11_OP_TRAP_MM4A_Destripe_DONE,AcM-AcM,M,290.69767441860466,2
99,9,"Primary somatosensory cortex, trunk region, layer 6a",S1Tr-6a,115,203,207,7500,361.0,S1Tr,,9,0.20812,0.20812,48.0,48,MM4,20240610_16_04_11_OP_TRAP_MM4A_Destripe_DONE,AcM-AcM,M,230.6361714395541,2
100,461,"Primary somatosensory cortex, trunk region, layer 6b",S1Tr-6b,156,216,218,7600,361.0,S1Tr,,9,0.09972,0.09972,49.0,49,MM4,20240610_16_04_11_OP_TRAP_MM4A_Destripe_DONE,AcM-AcM,M,491.3758523866827,2
101,378,Secondary somatosensory cortex,S2,112,255,121,7700,453.0,S,,7,0.0,6.95852,0.0,22500,MM4,20240610_16_04_11_OP_TRAP_MM4A_Destripe_DONE,AcM-AcM,M,3233.446192581181,2
102,873,"Secondary somatosensory cortex, layer 1",S2-1,0,176,129,7800,378.0,S2,,8,1.0079600000000002,1.0079600000000002,5684.0,5684,MM4,20240610_16_04_11_OP_TRAP_MM4A_Destripe_DONE,AcM-AcM,M,5639.11266320092,2
103,806,"Secondary somatosensory cortex, layer 2/3",S2-2/3,0,180,135,7900,378.0,S2,,8,1.4866800000000002,1.4866800000000002,2732.0,2732,MM4,20240610_16_04_11_OP_TRAP_MM4A_Destripe_DONE,AcM-AcM,M,1837.6516802539884,2
104,1035,"Secondary somatosensory cortex, layer 4",S2-4,40,184,141,8000,378.0,S2,,8,1.5144000000000002,1.5144000000000002,6575.0,6575,MM4,20240610_16_04_11_OP_TRAP_MM4A_Destripe_DONE,AcM-AcM,M,4341.6534601162175,2
105,1090,"Secondary somatosensory cortex, layer 5",S2-5,74,190,155,8100,378.0,S2,,8,1.3302,1.3302,2978.0,2978,MM4,20240610_16_04_11_OP_TRAP_MM4A_Destripe_DONE,AcM-AcM,M,2238.7610885581116,2
106,862,"Secondary somatosensory cortex, layer 6a",S2-6a,98,196,170,8200,378.0,S2,,8,1.213,1.213,3083.0,3083,MM4,20240610_16_04_11_OP_TRAP_MM4A_Destripe_DONE,AcM-AcM,M,2541.632316570486,2
107,893,"Secondary somatosensory cortex, layer 6b",S2-6b,121,202,179,8300,378.0,S2,,8,0.40628,0.40628,1448.0,1448,MM4,20240610_16_04_11_OP_TRAP_MM4A_Destripe_DONE,AcM-AcM,M,3564.044501329133,2
108,44,"Cingulate cortex, area 24a (infralimbic)",A24a (IL),112,255,104,8400,315.0,Isocortex,,6,0.0,2.47528,0.0,8384,MM4,20240610_16_04_11_OP_TRAP_MM4A_Destripe_DONE,AcM-AcM,M,3387.091561358715,2
109,707,"Cingulate cortex, area 24a (infralimbic), layer 1",A24a (IL)-1,0,137,72,8500,44.0,A24a (IL),,7,0.6442800000000001,0.6442800000000001,1117.0,1117,MM4,20240610_16_04_11_OP_TRAP_MM4A_Destripe_DONE,AcM-AcM,M,1733.7182591419878,2
110,747,"Cingulate cortex, area 24a (infralimbic), layer 2/3",A24a (IL)-2,13,142,83,8600,44.0,A24a (IL),,7,0.0,0.0,0.0,0,MM4,20240610_16_04_11_OP_TRAP_MM4A_Destripe_DONE,AcM-AcM,M,0.0,2
111,556,"Cingulate cortex, area 24a (infralimbic), layer 4",A24a (IL)-2/3,50,146,93,8700,44.0,A24a (IL),,7,0.6479600000000001,0.6479600000000001,1565.0,1565,MM4,20240610_16_04_11_OP_TRAP_MM4A_Destripe_DONE,AcM-AcM,M,2415.2725476881287,2
112,827,"Cingulate cortex, area 24a (infralimbic), layer 5",A24a (IL)-5,77,160,111,8800,44.0,A24a (IL),,7,0.62412,0.62412,2311.0,2311,MM4,20240610_16_04_11_OP_TRAP_MM4A_Destripe_DONE,AcM-AcM,M,3702.8135614945845,2
113,1054,"Cingulate cortex, area 24a (infralimbic), layer 6a",A24a (IL)-6a,97,166,122,8900,44.0,A24a (IL),,7,0.41904,0.41904,2380.0,2380,MM4,20240610_16_04_11_OP_TRAP_MM4A_Destripe_DONE,AcM-AcM,M,5679.648720885834,2
114,1081,"Cingulate cortex, area 24a (infralimbic), layer 6b",A24a (IL)-6b,116,172,135,9000,44.0,A24a (IL),,7,0.13988,0.13988,1011.0,1011,MM4,20240610_16_04_11_OP_TRAP_MM4A_Destripe_DONE,AcM-AcM,M,7227.623677437804,2
115,1057,Dysgranular insular cortex,DI,112,255,105,9100,315.0,Isocortex,,6,0.0,1.91104,0.0,2810,MM4,20240610_16_04_11_OP_TRAP_MM4A_Destripe_DONE,AcM-AcM,M,1470.403549899531,2
116,36,"Dysgranular insular cortex, layer 1",DI-1,51,181,90,9200,1057.0,DI,,7,0.2886,0.2886,1184.0,1184,MM4,20240610_16_04_11_OP_TRAP_MM4A_Destripe_DONE,AcM-AcM,M,4102.5641025641025,2
117,180,"Dysgranular insular cortex, layer 2/3",DI-2/3,82,187,112,9300,1057.0,DI,,7,0.5087200000000001,0.5087200000000001,147.0,147,MM4,20240610_16_04_11_OP_TRAP_MM4A_Destripe_DONE,AcM-AcM,M,288.96052838496615,2
118,148,"Dysgranular insular cortex, layer 4",DI-4,106,193,125,9400,1057.0,DI,,7,0.22096,0.22096,120.0,120,MM4,20240610_16_04_11_OP_TRAP_MM4A_Destripe_DONE,AcM-AcM,M,543.0847212165098,2
119,187,"Dysgranular insular cortex, layer 5",DI-5,127,200,138,9500,1057.0,DI,,7,0.4722,0.4722,400.0,400,MM4,20240610_16_04_11_OP_TRAP_MM4A_Destripe_DONE,AcM-AcM,M,847.0986869970351,2
120,638,"Dysgranular insular cortex, layer 6a",DI-6a,152,208,152,9600,1057.0,DI,,7,0.40316,0.40316,896.0,896,MM4,20240610_16_04_11_OP_TRAP_MM4A_Destripe_DONE,AcM-AcM,M,2222.442702649072,2
121,662,"Dysgranular insular cortex, layer 6b",DI-6b,175,218,179,9700,1057.0,DI,,7,0.0174,0.0174,63.0,63,MM4,20240610_16_04_11_OP_TRAP_MM4A_Destripe_DONE,AcM-AcM,M,3620.689655172414,2
122,677,Granular insular cortex,GI,112,255,100,9800,315.0,Isocortex,,6,0.0,2.07784,0.0,3690,MM4,20240610_16_04_11_OP_TRAP_MM4A_Destripe_DONE,AcM-AcM,M,1775.8826473645709,2
123,897,"Granular insular cortex, layer 1",GI-1,0,155,91,9900,677.0,GI,,7,0.27256,0.27256,1474.0,1474,MM4,20240610_16_04_11_OP_TRAP_MM4A_Destripe_DONE,AcM-AcM,M,5407.983563252127,2
124,1106,"Granular insular cortex, layer 2/3",GI-2/3,42,163,106,10000,677.0,GI,,7,0.411,0.411,251.0,251,MM4,20240610_16_04_11_OP_TRAP_MM4A_Destripe_DONE,AcM-AcM,M,610.705596107056,2
125,1010,"Granular insular cortex, layer 4",GI-4,70,168,118,10100,677.0,GI,,7,0.38388,0.38388,301.0,301,MM4,20240610_16_04_11_OP_TRAP_MM4A_Destripe_DONE,AcM-AcM,M,784.0991976659373,2
126,1058,"Granular insular cortex, layer 5",GI-5,97,183,138,10200,677.0,GI,,7,0.468,0.468,559.0,559,MM4,20240610_16_04_11_OP_TRAP_MM4A_Destripe_DONE,AcM-AcM,M,1194.4444444444443,2
127,857,"Granular insular cortex, layer 6a",GI-6a,108,186,144,10300,677.0,GI,,7,0.46148,0.46148,914.0,914,MM4,20240610_16_04_11_OP_TRAP_MM4A_Destripe_DONE,AcM-AcM,M,1980.5842073329288,2
128,849,"Granular insular cortex, layer 6b",GI-6b,117,189,152,10400,677.0,GI,,7,0.08092,0.08092,191.0,191,MM4,20240610_16_04_11_OP_TRAP_MM4A_Destripe_DONE,AcM-AcM,M,2360.3559070687097,2
129,247,Auditory cortex,Au,120,255,120,10500,315.0,Isocortex,,6,0.0,5.1524,0.0,23275,MM4,20240610_16_04_11_OP_TRAP_MM4A_Destripe_DONE,AcM-AcM,M,4517.312320472013,2
130,1011,"Secondary auditory cortex, dorsal area",AuD,120,255,120,10600,247.0,Au,,7,0.0,1.59312,0.0,6710,MM4,20240610_16_04_11_OP_TRAP_MM4A_Destripe_DONE,AcM-AcM,M,4211.861002309933,2
131,527,"Secondary auditory cortex, dorsal area, layer 1",AuD-1,0,157,125,10700,1011.0,AuD,,8,0.22348,0.22348,1777.0,1777,MM4,20240610_16_04_11_OP_TRAP_MM4A_Destripe_DONE,AcM-AcM,M,7951.494540898514,2
132,600,"Secondary auditory cortex, dorsal area, layer 2/3",AuD-2/3,0,163,137,10800,1011.0,AuD,,8,0.34392,0.34392,650.0,650,MM4,20240610_16_04_11_OP_TRAP_MM4A_Destripe_DONE,AcM-AcM,M,1889.9744126541057,2
133,678,"Secondary auditory cortex, dorsal area, layer 4",AuD-4,63,170,151,10900,1011.0,AuD,,8,0.32592,0.32592,1197.0,1197,MM4,20240610_16_04_11_OP_TRAP_MM4A_Destripe_DONE,AcM-AcM,M,3672.680412371134,2
134,252,"Secondary auditory cortex, dorsal area, layer 5",AuD-5,91,185,168,11000,1011.0,AuD,,8,0.35164,0.35164,1057.0,1057,MM4,20240610_16_04_11_OP_TRAP_MM4A_Destripe_DONE,AcM-AcM,M,3005.9151404845866,2
135,156,"Secondary auditory cortex, dorsal area, layer 6a",AuD-6a,113,190,176,11100,1011.0,AuD,,8,0.25844,0.25844,1320.0,1320,MM4,20240610_16_04_11_OP_TRAP_MM4A_Destripe_DONE,AcM-AcM,M,5107.568487850178,2
136,243,"Secondary auditory cortex, dorsal area, layer 6b",AuD-16b,137,198,186,11200,1011.0,AuD,,8,0.08972,0.08972,709.0,709,MM4,20240610_16_04_11_OP_TRAP_MM4A_Destripe_DONE,AcM-AcM,M,7902.362906821222,2
137,1002,Primary auditory cortex,Au1,120,255,120,11300,247.0,Au,,7,0.0,1.6941199999999998,0.0,7906,MM4,20240610_16_04_11_OP_TRAP_MM4A_Destripe_DONE,AcM-AcM,M,4666.729629542182,2
138,735,"Primary auditory cortex, layer 1",Au1-1,0,157,114,11400,1002.0,Au1,,8,0.2328,0.2328,1756.0,1756,MM4,20240610_16_04_11_OP_TRAP_MM4A_Destripe_DONE,AcM-AcM,M,7542.955326460481,2
139,251,"Primary auditory cortex, layer 2/3",Au1-2/3,0,160,119,11500,1002.0,Au1,,8,0.3216,0.3216,824.0,824,MM4,20240610_16_04_11_OP_TRAP_MM4A_Destripe_DONE,AcM-AcM,M,2562.1890547263683,2
140,816,"Primary auditory cortex, layer 4",Au1-4,37,164,125,11600,1002.0,Au1,,8,0.35164,0.35164,1642.0,1642,MM4,20240610_16_04_11_OP_TRAP_MM4A_Destripe_DONE,AcM-AcM,M,4669.548401774542,2
141,847,"Primary auditory cortex, layer 5",Au1-5,71,178,145,11700,1002.0,Au1,,8,0.39676,0.39676,1313.0,1313,MM4,20240610_16_04_11_OP_TRAP_MM4A_Destripe_DONE,AcM-AcM,M,3309.305373525557,2
142,954,"Primary auditory cortex, layer 6a",Au1-6a,93,184,160,11800,1002.0,Au1,,8,0.29388,0.29388,1769.0,1769,MM4,20240610_16_04_11_OP_TRAP_MM4A_Destripe_DONE,AcM-AcM,M,6019.463726691167,2
143,1005,"Primary auditory cortex, layer 6b",Au1-6b,115,190,168,11900,1002.0,Au1,,8,0.09744,0.09744,602.0,602,MM4,20240610_16_04_11_OP_TRAP_MM4A_Destripe_DONE,AcM-AcM,M,6178.16091954023,2
144,1018,"Secondary auditory cortex, ventral area",AuV,120,255,120,12700,247.0,Au,,7,0.0,1.86516,0.0,8659,MM4,20240610_16_04_11_OP_TRAP_MM4A_Destripe_DONE,AcM-AcM,M,4642.497158420725,2
145,959,"Secondary auditory cortex, ventral area, layer 1",AuV-1,0,156,102,12800,1018.0,AuV,,8,0.2628,0.2628,1985.0,1985,MM4,20240610_16_04_11_OP_TRAP_MM4A_Destripe_DONE,AcM-AcM,M,7553.272450532725,2
146,755,"Secondary auditory cortex, ventral area, layer 2/3",AuV-2/3,41,163,113,12900,1018.0,AuV,,8,0.38076,0.38076,1184.0,1184,MM4,20240610_16_04_11_OP_TRAP_MM4A_Destripe_DONE,AcM-AcM,M,3109.570333018174,2
147,990,"Secondary auditory cortex, ventral area, layer 4",AuV-4,70,168,124,13000,1018.0,AuV,,8,0.39604,0.39604,1922.0,1922,MM4,20240610_16_04_11_OP_TRAP_MM4A_Destripe_DONE,AcM-AcM,M,4853.045146954853,2
148,1023,"Secondary auditory cortex, ventral area, layer 5",AuV-5,96,183,144,13100,1018.0,AuV,,8,0.41444,0.41444,1551.0,1551,MM4,20240610_16_04_11_OP_TRAP_MM4A_Destripe_DONE,AcM-AcM,M,3742.399382299006,2
149,520,"Secondary auditory cortex, ventral area, layer 6a",AuV-6a,116,190,160,13200,1018.0,AuV,,8,0.31104,0.31104,1613.0,1613,MM4,20240610_16_04_11_OP_TRAP_MM4A_Destripe_DONE,AcM-AcM,M,5185.828189300411,2
150,598,"Secondary auditory cortex, ventral area, layer 6b",AuV-6b,127,193,168,13300,1018.0,AuV,,8,0.10008,0.10008,404.0,404,MM4,20240610_16_04_11_OP_TRAP_MM4A_Destripe_DONE,AcM-AcM,M,4036.7705835331735,2
151,669,Visual cortex,V,112,255,98,13400,315.0,Isocortex,,6,0.0,15.21956,0.0,27833,MM4,20240610_16_04_11_OP_TRAP_MM4A_Destripe_DONE,AcM-AcM,M,1828.765089135297,2
152,2170,"Secondary visual cortex, lateral area",V2L,108,173,178,14010,669.0,V,,7,0.0,3.4319999999999995,0.0,11302,MM4,20240610_16_04_11_OP_TRAP_MM4A_Destripe_DONE,AcM-AcM,M,3293.1235431235436,2
153,402,"Secondary visual cortex, lateral area, anterior region",V2La,112,255,98,14100,2170.0,V2L,,8,0.0,2.1704799999999995,0.0,8887,MM4,20240610_16_04_11_OP_TRAP_MM4A_Destripe_DONE,AcM-AcM,M,4094.486012310642,2
154,1074,"Secondary visual cortex, lateral area, anterior region, layer1",V2La-1,0,160,181,14200,402.0,V2La,,9,0.3188,0.3188,2284.0,2284,MM4,20240610_16_04_11_OP_TRAP_MM4A_Destripe_DONE,AcM-AcM,M,7164.366373902134,2
155,905,"Secondary visual cortex, lateral area, anterior region, layer2/3",V2La-2/3,0,161,189,14300,402.0,V2La,,9,0.44848,0.44848,954.0,954,MM4,20240610_16_04_11_OP_TRAP_MM4A_Destripe_DONE,AcM-AcM,M,2127.1851587584733,2
156,1114,"Secondary visual cortex, lateral area, anterior region, layer4",V2La-4,0,161,197,14400,402.0,V2La,,9,0.43092,0.43092,1457.0,1457,MM4,20240610_16_04_11_OP_TRAP_MM4A_Destripe_DONE,AcM-AcM,M,3381.1380302608372,2
157,233,"Secondary visual cortex, lateral area, anterior region, layer5",V2La-5,16,179,202,14500,402.0,V2La,,9,0.48976,0.48976,1330.0,1330,MM4,20240610_16_04_11_OP_TRAP_MM4A_Destripe_DONE,AcM-AcM,M,2715.6158118262006,2
158,601,"Secondary visual cortex, lateral area, anterior region, layer6a",V2La-6a,105,193,212,14600,402.0,V2La,,9,0.34332,0.34332,1765.0,1765,MM4,20240610_16_04_11_OP_TRAP_MM4A_Destripe_DONE,AcM-AcM,M,5140.976348596062,2
159,649,"Secondary visual cortex, lateral area, anterior region, layer6b",V2La-6b,103,193,221,14700,402.0,V2La,,9,0.1392,0.1392,1097.0,1097,MM4,20240610_16_04_11_OP_TRAP_MM4A_Destripe_DONE,AcM-AcM,M,7880.747126436782,2
160,409,"Secondary visual cortex, lateral area, intermediate region",V2Li,112,255,98,14800,2170.0,V2L,,8,0.0,0.81196,0.0,1752,MM4,20240610_16_04_11_OP_TRAP_MM4A_Destripe_DONE,AcM-AcM,M,2157.741760677866,2
161,421,"Secondary visual cortex, lateral area, intermediate region, layer1",V2Li-1,0,159,158,14900,409.0,V2Li,,9,0.11068,0.11068,679.0,679,MM4,20240610_16_04_11_OP_TRAP_MM4A_Destripe_DONE,AcM-AcM,M,6134.803035778822,2
162,973,"Secondary visual cortex, lateral area, intermediate region, layer2/3",V2Li-2/3,0,159,165,15000,409.0,V2Li,,9,0.14792,0.14792,159.0,159,MM4,20240610_16_04_11_OP_TRAP_MM4A_Destripe_DONE,AcM-AcM,M,1074.905354245538,2
163,573,"Secondary visual cortex, lateral area, intermediate region, layer4",V2Li-4,0,161,173,15100,409.0,V2Li,,9,0.15588,0.15588,97.0,97,MM4,20240610_16_04_11_OP_TRAP_MM4A_Destripe_DONE,AcM-AcM,M,622.2735437516038,2
164,613,"Secondary visual cortex, lateral area, intermediate region, layer5",V2Li-5,0,176,184,15200,409.0,V2Li,,9,0.17476,0.17476,170.0,170,MM4,20240610_16_04_11_OP_TRAP_MM4A_Destripe_DONE,AcM-AcM,M,972.7626459143969,2
165,74,"Secondary visual cortex, lateral area, intermediate region, layer6a",V2Li-6a,69,183,193,15300,409.0,V2Li,,9,0.1806,0.1806,516.0,516,MM4,20240610_16_04_11_OP_TRAP_MM4A_Destripe_DONE,AcM-AcM,M,2857.142857142857,2
166,121,"Secondary visual cortex, lateral area, intermediate region, layer6b",V2Li-6b,107,192,203,15400,409.0,V2Li,,9,0.04212,0.04212,131.0,131,MM4,20240610_16_04_11_OP_TRAP_MM4A_Destripe_DONE,AcM-AcM,M,3110.161443494777,2
167,425,"Secondary visual cortex, lateral area, posterior region",V2Lp,112,255,98,15500,2170.0,V2L,,8,0.0,0.4495599999999999,0.0,663,MM4,20240610_16_04_11_OP_TRAP_MM4A_Destripe_DONE,AcM-AcM,M,1474.7753358839757,2
168,750,"Secondary visual cortex, lateral area, posterior region, layer1",V2Lp-1,0,180,205,15600,425.0,V2Lp,,9,0.0612,0.0612,260.0,260,MM4,20240610_16_04_11_OP_TRAP_MM4A_Destripe_DONE,AcM-AcM,M,4248.366013071895,2
169,269,"Secondary visual cortex, lateral area, posterior region, layer2/3",V2Lp-2/3,0,181,214,15700,425.0,V2Lp,,9,0.09,0.09,62.0,62,MM4,20240610_16_04_11_OP_TRAP_MM4A_Destripe_DONE,AcM-AcM,M,688.8888888888889,2
170,869,"Secondary visual cortex, lateral area, posterior region, layer4",V2Lp-4,0,181,223,15800,425.0,V2Lp,,9,0.09336,0.09336,78.0,78,MM4,20240610_16_04_11_OP_TRAP_MM4A_Destripe_DONE,AcM-AcM,M,835.4755784061697,2
171,902,"Secondary visual cortex, lateral area, posterior region, layer15",V2Lp-5,2,190,215,15900,425.0,V2Lp,,9,0.12208,0.12208,119.0,119,MM4,20240610_16_04_11_OP_TRAP_MM4A_Destripe_DONE,AcM-AcM,M,974.7706422018349,2
172,377,"Secondary visual cortex, lateral area, posterior region, layer6a",V2Lp-6a,110,205,226,16000,425.0,V2Lp,,9,0.07468,0.07468,127.0,127,MM4,20240610_16_04_11_OP_TRAP_MM4A_Destripe_DONE,AcM-AcM,M,1700.5891805034817,2
173,393,"Secondary visual cortex, lateral area, posterior region, layer6b",V2Lp-6b,107,205,236,16100,425.0,V2Lp,,9,0.00824,0.00824,17.0,17,MM4,20240610_16_04_11_OP_TRAP_MM4A_Destripe_DONE,AcM-AcM,M,2063.1067961165045,2
174,2096,"Secondary Visual Cortex, Medial area",V2M,107,205,236,16110,669.0,V,,7,0.0,4.097359999999999,0.0,5787,MM4,20240610_16_04_11_OP_TRAP_MM4A_Destripe_DONE,AcM-AcM,M,1412.3728449538241,2
175,2097,"Secondary visual cortex, mediolateral area",V2ML,107,205,236,16120,2096.0,V2M,,8,0.0,1.48572,0.0,1616,MM4,20240610_16_04_11_OP_TRAP_MM4A_Destripe_DONE,AcM-AcM,M,1087.6881242764453,2
176,2393,"Secondary visual cortex, mediolateral area, layer1",V2ML-1,107,205,236,16130,2097.0,V2ML,,9,0.23164,0.23164,620.0,620,MM4,20240610_16_04_11_OP_TRAP_MM4A_Destripe_DONE,AcM-AcM,M,2676.567086858919,2
177,2409,"Secondary visual cortex, mediolateral area, layer2/3",V2ML-2/3,107,205,236,16140,2097.0,V2ML,,9,0.41248,0.41248,463.0,463,MM4,20240610_16_04_11_OP_TRAP_MM4A_Destripe_DONE,AcM-AcM,M,1122.478665632273,2
178,2410,"Secondary visual cortex, mediolateral area, layer4",V2ML-4,107,205,236,16150,2097.0,V2ML,,9,0.18564,0.18564,86.0,86,MM4,20240610_16_04_11_OP_TRAP_MM4A_Destripe_DONE,AcM-AcM,M,463.2622279681103,2
179,2411,"Secondary visual cortex, mediolateral area, layer5",V2ML-5,107,205,236,16160,2097.0,V2ML,,9,0.35536,0.35536,262.0,262,MM4,20240610_16_04_11_OP_TRAP_MM4A_Destripe_DONE,AcM-AcM,M,737.2805042773525,2
180,2412,"Secondary visual cortex, mediolateral area, layer6a",V2ML-6a,107,205,236,16170,2097.0,V2ML,,9,0.23068,0.23068,129.0,129,MM4,20240610_16_04_11_OP_TRAP_MM4A_Destripe_DONE,AcM-AcM,M,559.2162302757066,2
181,2413,"Secondary visual cortex, mediolateral area, layer6b",V2ML-6b,107,205,236,16180,2097.0,V2ML,,9,0.06992,0.06992,56.0,56,MM4,20240610_16_04_11_OP_TRAP_MM4A_Destripe_DONE,AcM-AcM,M,800.9153318077804,2
182,394,"Secondary visual cortex, mediomedial area, anterior region",V2MMa,112,255,98,16200,2096.0,V2M,,8,0.0,1.4001199999999998,0.0,2207,MM4,20240610_16_04_11_OP_TRAP_MM4A_Destripe_DONE,AcM-AcM,M,1576.2934605605235,2
183,281,"Secondary visual cortex, mediomedial area, anterior region, layer1",V2MMa-1,0,141,139,16300,394.0,V2MMa,,9,0.24216,0.24216,828.0,828,MM4,20240610_16_04_11_OP_TRAP_MM4A_Destripe_DONE,AcM-AcM,M,3419.2269573835483,2
184,1066,"Secondary visual cortex, mediomedial area, anterior region, layer2/3",V2MMa-2/3,0,142,145,16400,394.0,V2MMa,,9,0.39768,0.39768,539.0,539,MM4,20240610_16_04_11_OP_TRAP_MM4A_Destripe_DONE,AcM-AcM,M,1355.361094347214,2
185,401,"Secondary visual cortex, mediomedial area, anterior region, layer4",V2MMa-4,0,143,152,16500,394.0,V2MMa,,9,0.04924,0.04924,9.0,9,MM4,20240610_16_04_11_OP_TRAP_MM4A_Destripe_DONE,AcM-AcM,M,182.77822908204712,2
186,433,"Secondary visual cortex, mediomedial area, anterior region, layer5",V2MMa-5,0,158,163,16600,394.0,V2MMa,,9,0.36548,0.36548,344.0,344,MM4,20240610_16_04_11_OP_TRAP_MM4A_Destripe_DONE,AcM-AcM,M,941.2279741709532,2
187,1046,"Secondary visual cortex, mediomedial area, anterior region, layer6a",V2MMa-6a,64,164,172,16700,394.0,V2MMa,,9,0.28428,0.28428,393.0,393,MM4,20240610_16_04_11_OP_TRAP_MM4A_Destripe_DONE,AcM-AcM,M,1382.4398480371465,2
188,441,"Secondary visual cortex, mediomedial area, anterior region, layer6b",V2MMa-6b,98,172,181,16800,394.0,V2MMa,,9,0.06128,0.06128,94.0,94,MM4,20240610_16_04_11_OP_TRAP_MM4A_Destripe_DONE,AcM-AcM,M,1533.9425587467363,2
189,533,"Secondary visual cortex, mediomedial area, posterior region",V2MMp,112,255,98,16900,2096.0,V2M,,8,0.0,1.2115200000000002,0.0,1964,MM4,20240610_16_04_11_OP_TRAP_MM4A_Destripe_DONE,AcM-AcM,M,1621.104067617538,2
190,805,"Secondary visual cortex, mediomedial area, posterior region, layer1",V2MMp-1,0,174,184,17000,533.0,V2MMp,,9,0.3036,0.3036,956.0,956,MM4,20240610_16_04_11_OP_TRAP_MM4A_Destripe_DONE,AcM-AcM,M,3148.8801054018445,2
191,41,"Secondary visual cortex, mediomedial area, posterior region, layer2/3",V2MMp-2/3,0,175,191,17100,533.0,V2MMp,,9,0.33012,0.33012,595.0,595,MM4,20240610_16_04_11_OP_TRAP_MM4A_Destripe_DONE,AcM-AcM,M,1802.3748939779473,2
192,501,"Secondary visual cortex, mediomedial area, posterior region, layer4",V2MMp-4,0,179,200,17200,533.0,V2MMp,,9,0.1524,0.1524,98.0,98,MM4,20240610_16_04_11_OP_TRAP_MM4A_Destripe_DONE,AcM-AcM,M,643.0446194225722,2
193,565,"Secondary visual cortex, mediomedial area, posterior region, layer5",V2MMp-5,63,184,201,17300,533.0,V2MMp,,9,0.23936,0.23936,127.0,127,MM4,20240610_16_04_11_OP_TRAP_MM4A_Destripe_DONE,AcM-AcM,M,530.5815508021391,2
194,257,"Secondary visual cortex, mediomedial area, posterior region, layer6a",V2MMp-6a,93,188,201,17400,533.0,V2MMp,,9,0.1724,0.1724,174.0,174,MM4,20240610_16_04_11_OP_TRAP_MM4A_Destripe_DONE,AcM-AcM,M,1009.2807424593967,2
195,469,"Secondary visual cortex, mediomedial area, posterior region, layer6b",V2MMp-6b,119,194,202,17500,533.0,V2MMp,,9,0.01364,0.01364,14.0,14,MM4,20240610_16_04_11_OP_TRAP_MM4A_Destripe_DONE,AcM-AcM,M,1026.392961876833,2
196,385,Primary visual cortex,V1,112,255,98,17600,669.0,V,,7,0.06788,7.690200000000001,107.0,10744,MM4,20240610_16_04_11_OP_TRAP_MM4A_Destripe_DONE,AcM-AcM,M,1397.10280616889,2
197,593,"Primary visual cortex, layer1",V1-1,0,147,153,17700,385.0,V1,,8,0.49504,0.49504,1530.0,1530,MM4,20240610_16_04_11_OP_TRAP_MM4A_Destripe_DONE,AcM-AcM,M,3090.6593406593406,2
198,821,"Primary visual cortex, layer2/3",V1-2/3,0,148,159,17800,385.0,V1,,8,0.73192,0.73192,1006.0,1006,MM4,20240610_16_04_11_OP_TRAP_MM4A_Destripe_DONE,AcM-AcM,M,1374.4671548803149,2
199,721,"Primary visual cortex, layer4",V1-4,17,151,167,17900,385.0,V1,,8,0.58836,0.58836,498.0,498,MM4,20240610_16_04_11_OP_TRAP_MM4A_Destripe_DONE,AcM-AcM,M,846.4205588415256,2
200,778,"Primary visual cortex, layer5",V1-5,60,163,177,18000,385.0,V1,,8,0.4622,0.4622,209.0,209,MM4,20240610_16_04_11_OP_TRAP_MM4A_Destripe_DONE,AcM-AcM,M,452.18520121159673,2
201,33,"Primary visual cortex, layer6a",V1-6a,85,168,178,18100,385.0,V1,,8,0.35004,0.35004,285.0,285,MM4,20240610_16_04_11_OP_TRAP_MM4A_Destripe_DONE,AcM-AcM,M,814.1926636955776,2
202,305,"Primary visual cortex, layer6b",V1-6b,107,173,178,18200,385.0,V1,,8,0.07616,0.07616,106.0,106,MM4,20240610_16_04_11_OP_TRAP_MM4A_Destripe_DONE,AcM-AcM,M,1391.8067226890755,2
203,2098,"Primary visual cortex, monocular area",V1M,112,255,98,18210,385.0,V1,,8,0.0,2.42124,0.0,1712,MM4,20240610_16_04_11_OP_TRAP_MM4A_Destripe_DONE,AcM-AcM,M,707.075713270886,2
204,2428,"Primary visual cortex, monocular area, layer1",V1M-1,112,255,98,18220,2098.0,V1M,,9,0.33116,0.33116,627.0,627,MM4,20240610_16_04_11_OP_TRAP_MM4A_Destripe_DONE,AcM-AcM,M,1893.3446068365745,2
205,2429,"Primary visual cortex, monocular area, layer2/3",V1M-2/3,112,255,98,18230,2098.0,V1M,,9,0.5586800000000001,0.5586800000000001,493.0,493,MM4,20240610_16_04_11_OP_TRAP_MM4A_Destripe_DONE,AcM-AcM,M,882.4371733371518,2
206,2430,"Primary visual cortex, monocular area, layer4",V1M-4,112,255,98,18240,2098.0,V1M,,9,0.4216,0.4216,153.0,153,MM4,20240610_16_04_11_OP_TRAP_MM4A_Destripe_DONE,AcM-AcM,M,362.90322580645164,2
207,2431,"Primary visual cortex, monocular area, layer5",V1M-5,112,255,98,18250,2098.0,V1M,,9,0.5414800000000001,0.5414800000000001,125.0,125,MM4,20240610_16_04_11_OP_TRAP_MM4A_Destripe_DONE,AcM-AcM,M,230.84878481199672,2
208,2432,"Primary visual cortex, monocular area, layer6a",V1M-6a,112,255,98,18260,2098.0,V1M,,9,0.41912,0.41912,183.0,183,MM4,20240610_16_04_11_OP_TRAP_MM4A_Destripe_DONE,AcM-AcM,M,436.62912769612524,2
209,2433,"Primary visual cortex, monocular area, layer16b",V1M-6b,112,255,98,18270,2098.0,V1M,,9,0.1492,0.1492,131.0,131,MM4,20240610_16_04_11_OP_TRAP_MM4A_Destripe_DONE,AcM-AcM,M,878.0160857908847,2
210,2133,"Primary visual cortex, binocular area",V1B,112,255,98,18280,385.0,V1,,8,0.0,2.49736,0.0,5291,MM4,20240610_16_04_11_OP_TRAP_MM4A_Destripe_DONE,AcM-AcM,M,2118.6372809687027,2
211,2434,"Primary visual cortex, binocular area, layer1",V1B-1,112,255,98,18290,2133.0,V1B,,9,0.32868,0.32868,1951.0,1951,MM4,20240610_16_04_11_OP_TRAP_MM4A_Destripe_DONE,AcM-AcM,M,5935.864670804429,2
212,2435,"Primary visual cortex, binocular area, layer2/3",V1B-2/3,112,255,98,18291,2133.0,V1B,,9,0.52832,0.52832,451.0,451,MM4,20240610_16_04_11_OP_TRAP_MM4A_Destripe_DONE,AcM-AcM,M,853.6493034524531,2
213,2436,"Primary visual cortex, binocular area, layer4",V1B-4,112,255,98,18292,2133.0,V1B,,9,0.45152,0.45152,329.0,329,MM4,20240610_16_04_11_OP_TRAP_MM4A_Destripe_DONE,AcM-AcM,M,728.6498936924168,2
214,2437,"Primary visual cortex, binocular area, layer5",V1B-5,112,255,98,18293,2133.0,V1B,,9,0.5544,0.5544,534.0,534,MM4,20240610_16_04_11_OP_TRAP_MM4A_Destripe_DONE,AcM-AcM,M,963.2034632034632,2
215,2438,"Primary visual cortex, binocular area, layer6a",V1B-6a,112,255,98,18294,2133.0,V1B,,9,0.47456,0.47456,1288.0,1288,MM4,20240610_16_04_11_OP_TRAP_MM4A_Destripe_DONE,AcM-AcM,M,2714.0930546190157,2
216,2439,"Primary visual cortex, binocular area, layer6b",V1B-6b,112,255,98,18295,2133.0,V1B,,9,0.15988,0.15988,738.0,738,MM4,20240610_16_04_11_OP_TRAP_MM4A_Destripe_DONE,AcM-AcM,M,4615.9619714786095,2
217,31,Cingulate cortex,A24 (Cg),112,255,113,18300,315.0,Isocortex,,6,0.0,3.69212,0.0,9384,MM4,20240610_16_04_11_OP_TRAP_MM4A_Destripe_DONE,AcM-AcM,M,2541.6291994843073,2
218,2345,"Cingulate cortex, area 24b ",A24b (Cg1),169,203,142,18810,31.0,A24 (Cg),,7,0.0,2.14288,0.0,6270,MM4,20240610_16_04_11_OP_TRAP_MM4A_Destripe_DONE,AcM-AcM,M,2925.9687896662435,2
219,2346,"Cingulate cortex, area 24b, layer1",A24b (Cg1)-1,169,203,142,18820,2345.0,A24b (Cg1),,8,0.5284800000000001,0.5284800000000001,1093.0,1093,MM4,20240610_16_04_11_OP_TRAP_MM4A_Destripe_DONE,AcM-AcM,M,2068.195579775961,2
220,2347,"Cingulate cortex, area 24b, layer2/3",A24b (Cg1)-2/3,169,203,142,18830,2345.0,A24b (Cg1),,8,0.67508,0.67508,990.0,990,MM4,20240610_16_04_11_OP_TRAP_MM4A_Destripe_DONE,AcM-AcM,M,1466.492860105469,2
221,2348,"Cingulate cortex, area 24b, layer5",A24b (Cg1)-5,169,203,142,18840,2345.0,A24b (Cg1),,8,0.55096,0.55096,1937.0,1937,MM4,20240610_16_04_11_OP_TRAP_MM4A_Destripe_DONE,AcM-AcM,M,3515.6817191810655,2
222,2349,"Cingulate cortex, area 24b, layer6a",A24b (Cg1)-6a,169,203,142,18850,2345.0,A24b (Cg1),,8,0.3292,0.3292,1911.0,1911,MM4,20240610_16_04_11_OP_TRAP_MM4A_Destripe_DONE,AcM-AcM,M,5804.98177399757,2
223,2350,"Cingulate cortex, area 24b, layer6b",A24b (Cg1)-6b,169,203,142,18860,2345.0,A24b (Cg1),,8,0.05916,0.05916,339.0,339,MM4,20240610_16_04_11_OP_TRAP_MM4A_Destripe_DONE,AcM-AcM,M,5730.223123732252,2
224,39,"Cingulate cortex, area 24b'",A24b' (Cg1),113,255,113,18900,31.0,A24 (Cg),,7,0.0,0.73224,0.0,1756,MM4,20240610_16_04_11_OP_TRAP_MM4A_Destripe_DONE,AcM-AcM,M,2398.1208346990056,2
225,935,"Cingulate cortex, area 24b', layer1",A24b' (Cg1)-1,96,170,75,19000,39.0,A24b' (Cg1),,8,0.18164,0.18164,829.0,829,MM4,20240610_16_04_11_OP_TRAP_MM4A_Destripe_DONE,AcM-AcM,M,4563.972693239375,2
226,211,"Cingulate cortex, area 24b', layer2/3",A24b' (Cg1)-2/3,116,175,88,19100,39.0,A24b' (Cg1),,8,0.24776,0.24776,355.0,355,MM4,20240610_16_04_11_OP_TRAP_MM4A_Destripe_DONE,AcM-AcM,M,1432.8382305456894,2
227,1015,"Cingulate cortex, area 24b', layer5",A24b' (Cg1)-5,137,183,108,19200,39.0,A24b' (Cg1),,8,0.19736,0.19736,336.0,336,MM4,20240610_16_04_11_OP_TRAP_MM4A_Destripe_DONE,AcM-AcM,M,1702.47263883259,2
228,919,"Cingulate cortex, area 24b', layer6a",A24b' (Cg1)-6a,157,199,128,19300,39.0,A24b' (Cg1),,8,0.09496,0.09496,200.0,200,MM4,20240610_16_04_11_OP_TRAP_MM4A_Destripe_DONE,AcM-AcM,M,2106.149957877001,2
229,927,"Cingulate cortex, area 24b', layer6b",A24b' (Cg1)-6b,168,203,142,19400,39.0,A24b' (Cg1),,8,0.01052,0.01052,36.0,36,MM4,20240610_16_04_11_OP_TRAP_MM4A_Destripe_DONE,AcM-AcM,M,3422.0532319391637,2
230,48,"Cingulate cortex, area 24a'",A24a' (Cg2),114,255,113,19500,31.0,A24 (Cg),,7,0.0,0.817,0.0,1358,MM4,20240610_16_04_11_OP_TRAP_MM4A_Destripe_DONE,AcM-AcM,M,1662.1787025703795,2
231,588,"Cingulate cortex, area 24a', layer1",A24a' (Cg2)-1,109,191,85,19600,48.0,A24a' (Cg2),,8,0.20676,0.20676,615.0,615,MM4,20240610_16_04_11_OP_TRAP_MM4A_Destripe_DONE,AcM-AcM,M,2974.4631456761463,2
232,296,"Cingulate cortex, area 24a', layer2/3",A24a' (Cg2)-2/3,131,198,100,19700,48.0,A24a' (Cg2),,8,0.28468,0.28468,212.0,212,MM4,20240610_16_04_11_OP_TRAP_MM4A_Destripe_DONE,AcM-AcM,M,744.6957987916257,2
233,772,"Cingulate cortex, area 24a', layer5",A24a' (Cg2)-5,155,207,122,19800,48.0,A24a' (Cg2),,8,0.14648,0.14648,108.0,108,MM4,20240610_16_04_11_OP_TRAP_MM4A_Destripe_DONE,AcM-AcM,M,737.3020207536865,2
234,810,"Cingulate cortex, area 24a', layer6a",A24a' (Cg2)-6a,167,212,136,19900,48.0,A24a' (Cg2),,8,0.14404,0.14404,348.0,348,MM4,20240610_16_04_11_OP_TRAP_MM4A_Destripe_DONE,AcM-AcM,M,2415.9955567897805,2
235,819,"Cingulate cortex, area 24a', layer6b",A24a' (Cg2)-6b,178,217,152,20000,48.0,A24a' (Cg2),,8,0.03504,0.03504,75.0,75,MM4,20240610_16_04_11_OP_TRAP_MM4A_Destripe_DONE,AcM-AcM,M,2140.4109589041095,2
236,972,"Cingulate cortex, area 32 (Prelimbic cortex)",A32 (PrL),112,255,118,20100,315.0,Isocortex,,6,0.0,2.0478,0.0,5957,MM4,20240610_16_04_11_OP_TRAP_MM4A_Destripe_DONE,AcM-AcM,M,2908.9754858872934,2
237,171,"Cingulate cortex, area 32 (Prelimbic cortex), layer1",A32 (PrL)-1,83,150,66,20200,972.0,A32 (PrL),,7,0.47712,0.47712,1758.0,1758,MM4,20240610_16_04_11_OP_TRAP_MM4A_Destripe_DONE,AcM-AcM,M,3684.607645875252,2
238,195,"Cingulate cortex, area 32 (Prelimbic cortex), layer2",A32 (PrL)-2,101,156,78,20300,972.0,A32 (PrL),,7,0.0,0.0,0.0,0,MM4,20240610_16_04_11_OP_TRAP_MM4A_Destripe_DONE,AcM-AcM,M,0.0,2
239,304,"Cingulate cortex, area 32 (Prelimbic cortex), layer2/3",A32 (PrL)-2/3,121,163,95,20400,972.0,A32 (PrL),,7,0.5956800000000001,0.5956800000000001,860.0,860,MM4,20240610_16_04_11_OP_TRAP_MM4A_Destripe_DONE,AcM-AcM,M,1443.7281762019875,2
240,363,"Cingulate cortex, area 32 (Prelimbic cortex), layer5",A32 (PrL)-5,140,178,114,20500,972.0,A32 (PrL),,7,0.73804,0.73804,2107.0,2107,MM4,20240610_16_04_11_OP_TRAP_MM4A_Destripe_DONE,AcM-AcM,M,2854.8588152403663,2
241,84,"Cingulate cortex, area 32 (Prelimbic cortex), layer6a",A32 (PrL)-6a,150,182,127,20600,972.0,A32 (PrL),,7,0.23696,0.23696,1232.0,1232,MM4,20240610_16_04_11_OP_TRAP_MM4A_Destripe_DONE,AcM-AcM,M,5199.189736664416,2
242,132,"Cingulate cortex, area 32 (Prelimbic cortex), layer6b",A32 (PrL)-6b,160,187,142,20700,972.0,A32 (PrL),,7,0.0,0.0,0.0,0,MM4,20240610_16_04_11_OP_TRAP_MM4A_Destripe_DONE,AcM-AcM,M,0.0,2
243,714,Orbital cortex,O,128,255,128,20800,315.0,Isocortex,,6,0.0,5.50052,0.0,18696,MM4,20240610_16_04_11_OP_TRAP_MM4A_Destripe_DONE,AcM-AcM,M,3398.951371870296,2
244,723,Lateral orbital cortex,LO,127,255,128,21400,714.0,O,,7,0.04728,2.8152400000000006,147.0,7077,MM4,20240610_16_04_11_OP_TRAP_MM4A_Destripe_DONE,AcM-AcM,M,2513.8176496497626,2
245,448,"Lateral orbital cortex, layer1",LO-1,37,143,69,21500,723.0,LO,,8,0.6659200000000001,0.6659200000000001,2014.0,2014,MM4,20240610_16_04_11_OP_TRAP_MM4A_Destripe_DONE,AcM-AcM,M,3024.387313791446,2
246,412,"Lateral orbital cortex, layer2/3",LO-2/3,63,148,87,21600,723.0,LO,,8,1.2422000000000002,1.2422000000000002,3314.0,3314,MM4,20240610_16_04_11_OP_TRAP_MM4A_Destripe_DONE,AcM-AcM,M,2667.847367573659,2
247,630,"Lateral orbital cortex, layer5",LO-5,82,152,98,21700,723.0,LO,,8,0.76848,0.76848,1377.0,1377,MM4,20240610_16_04_11_OP_TRAP_MM4A_Destripe_DONE,AcM-AcM,M,1791.8488444722047,2
248,440,"Lateral orbital cortex, layer6a",LO-6a,107,168,116,21800,723.0,LO,,8,0.09136,0.09136,225.0,225,MM4,20240610_16_04_11_OP_TRAP_MM4A_Destripe_DONE,AcM-AcM,M,2462.784588441331,2
249,488,"Lateral orbital cortex, layer6b",LO-6b,128,175,128,21900,723.0,LO,,8,0.0,0.0,0.0,0,MM4,20240610_16_04_11_OP_TRAP_MM4A_Destripe_DONE,AcM-AcM,M,0.0,2
250,731,Medial orbital cortex,MO,126,255,128,22000,714.0,O,,7,0.03144,1.42692,50.0,4361,MM4,20240610_16_04_11_OP_TRAP_MM4A_Destripe_DONE,AcM-AcM,M,3056.2330053541896,2
251,484,"Medial orbital cortex, layer1",MO-1,102,155,63,22100,731.0,MO,,8,0.4622,0.4622,1674.0,1674,MM4,20240610_16_04_11_OP_TRAP_MM4A_Destripe_DONE,AcM-AcM,M,3621.8087408048464,2
252,524,"Medial orbital cortex, layer2/3",MO-2/3,121,162,82,22200,731.0,MO,,8,0.0,0.0,0.0,0,MM4,20240610_16_04_11_OP_TRAP_MM4A_Destripe_DONE,AcM-AcM,M,0.0,2
253,582,"Medial orbital cortex, layer5",MO-5,131,166,95,22300,731.0,MO,,8,0.56028,0.56028,1530.0,1530,MM4,20240610_16_04_11_OP_TRAP_MM4A_Destripe_DONE,AcM-AcM,M,2730.777468408653,2
254,620,"Medial orbital cortex, layer6a",MO-6a,150,181,113,22400,731.0,MO,,8,0.36364,0.36364,1050.0,1050,MM4,20240610_16_04_11_OP_TRAP_MM4A_Destripe_DONE,AcM-AcM,M,2887.471125288747,2
255,910,"Medial orbital cortex, layer6b",MO-6b,161,186,127,22500,731.0,MO,,8,0.00936,0.00936,57.0,57,MM4,20240610_16_04_11_OP_TRAP_MM4A_Destripe_DONE,AcM-AcM,M,6089.74358974359,2
256,738,Ventral orbital cortex,VO,125,255,128,22600,714.0,O,,7,0.03244,1.25836,92.0,7258,MM4,20240610_16_04_11_OP_TRAP_MM4A_Destripe_DONE,AcM-AcM,M,5767.824787819067,2
257,2320,"Orbital cortex, ventral part, layer 1",VO-1,125,255,128,22610,738.0,VO,,8,0.3868,0.3868,2226.0,2226,MM4,20240610_16_04_11_OP_TRAP_MM4A_Destripe_DONE,AcM-AcM,M,5754.912099276112,2
258,2321,"Orbital cortex, ventral part, layer 2/3",VO-2/3,125,255,128,22620,738.0,VO,,8,0.5983200000000001,0.5983200000000001,3220.0,3220,MM4,20240610_16_04_11_OP_TRAP_MM4A_Destripe_DONE,AcM-AcM,M,5381.735526139858,2
259,2322,"Orbital cortex, ventral part, layer 5",VO-5,125,255,128,22630,738.0,VO,,8,0.18064,0.18064,1387.0,1387,MM4,20240610_16_04_11_OP_TRAP_MM4A_Destripe_DONE,AcM-AcM,M,7678.255093002657,2
260,2323,"Orbital cortex, ventral part, layer 6a",VO-6a,125,255,128,22640,738.0,VO,,8,0.05272,0.05272,281.0,281,MM4,20240610_16_04_11_OP_TRAP_MM4A_Destripe_DONE,AcM-AcM,M,5330.045523520485,2
261,2324,"Orbital cortex, ventral part, layer 6b",VO-6b,125,255,128,22650,738.0,VO,,8,0.00744,0.00744,52.0,52,MM4,20240610_16_04_11_OP_TRAP_MM4A_Destripe_DONE,AcM-AcM,M,6989.247311827957,2
262,95,Agranular insular cortex,AI,112,255,114,23300,315.0,Isocortex,,6,0.0,5.675000000000001,0.0,9435,MM4,20240610_16_04_11_OP_TRAP_MM4A_Destripe_DONE,AcM-AcM,M,1662.5550660792949,2
263,2331,"Agranular insular cortex, layer 1",AI1,112,255,114,23310,95.0,AI,,7,0.04744,0.04744,106.0,106,MM4,20240610_16_04_11_OP_TRAP_MM4A_Destripe_DONE,AcM-AcM,M,2234.4013490725124,2
264,2332,"Agranular insular cortex, layer 2/3",AI2/3,112,255,114,23320,95.0,AI,,7,0.06864,0.06864,100.0,100,MM4,20240610_16_04_11_OP_TRAP_MM4A_Destripe_DONE,AcM-AcM,M,1456.8764568764568,2
265,2333,"Agranular insular cortex, layer 5",AI5,112,255,114,23330,95.0,AI,,7,0.04924,0.04924,71.0,71,MM4,20240610_16_04_11_OP_TRAP_MM4A_Destripe_DONE,AcM-AcM,M,1441.9171405361494,2
266,104,"Agranular insular cortex, dorsal part",AID,113,255,114,23400,95.0,AI,,7,0.0,2.71268,0.0,4775,MM4,20240610_16_04_11_OP_TRAP_MM4A_Destripe_DONE,AcM-AcM,M,1760.2518542548328,2
267,996,"Agranular insular cortex, dorsal part, layer1",AID-1,74,165,77,23500,104.0,AID,,8,0.37372,0.37372,1182.0,1182,MM4,20240610_16_04_11_OP_TRAP_MM4A_Destripe_DONE,AcM-AcM,M,3162.795675907096,2
268,328,"Agranular insular cortex, dorsal part, layer2/3",AID-2/3,95,171,97,23600,104.0,AID,,8,0.7782000000000001,0.7782000000000001,606.0,606,MM4,20240610_16_04_11_OP_TRAP_MM4A_Destripe_DONE,AcM-AcM,M,778.7201233616036,2
269,1101,"Agranular insular cortex, dorsal part, layer5",AID-5,114,177,110,23700,104.0,AID,,8,0.58696,0.58696,617.0,617,MM4,20240610_16_04_11_OP_TRAP_MM4A_Destripe_DONE,AcM-AcM,M,1051.178955976557,2
270,783,"Agranular insular cortex, dorsal part, layer6a",AID-6a,144,195,129,23800,104.0,AID,,8,0.23048,0.23048,573.0,573,MM4,20240610_16_04_11_OP_TRAP_MM4A_Destripe_DONE,AcM-AcM,M,2486.115931968067,2
271,831,"Agranular insular cortex, dorsal part, layer6b",AID-6b,156,200,143,23900,104.0,AID,,8,0.00096,0.00096,1.0,1,MM4,20240610_16_04_11_OP_TRAP_MM4A_Destripe_DONE,AcM-AcM,M,1041.6666666666667,2
272,2020,Dorsolateral orbital cortex,DLO,156,200,143,23910,104.0,AID,,8,0.0,0.7423599999999999,0.0,1796,MM4,20240610_16_04_11_OP_TRAP_MM4A_Destripe_DONE,AcM-AcM,M,2419.311385311709,2
273,2326,"Dorsolateral orbital cortex, layer 1",DLO-1,156,200,143,23920,2020.0,DLO,,9,0.23424,0.23424,925.0,925,MM4,20240610_16_04_11_OP_TRAP_MM4A_Destripe_DONE,AcM-AcM,M,3948.941256830601,2
274,2327,"Dorsolateral orbital cortex, layer 2/3",DLO-2/3,156,200,143,23930,2020.0,DLO,,9,0.3672,0.3672,701.0,701,MM4,20240610_16_04_11_OP_TRAP_MM4A_Destripe_DONE,AcM-AcM,M,1909.0413943355118,2
275,2328,Dorsolateral orbital cortex layer 5,DLO-5,156,200,143,23940,2020.0,DLO,,9,0.14092,0.14092,170.0,170,MM4,20240610_16_04_11_OP_TRAP_MM4A_Destripe_DONE,AcM-AcM,M,1206.3582174283283,2
276,2329,Dorsolateral orbital cortex layer 6a,DLO-6a,156,200,143,23950,2020.0,DLO,,9,0.0,0.0,0.0,0,MM4,20240610_16_04_11_OP_TRAP_MM4A_Destripe_DONE,AcM-AcM,M,0.0,2
277,2330,Dorsolateral orbital cortex layer 6b,DLO-6b,156,200,143,23960,2020.0,DLO,,9,0.0,0.0,0.0,0,MM4,20240610_16_04_11_OP_TRAP_MM4A_Destripe_DONE,AcM-AcM,M,0.0,2
278,111,"Agranular insular cortex, posterior part",AIP,111,255,114,24000,95.0,AI,,7,0.0,1.19016,0.0,1418,MM4,20240610_16_04_11_OP_TRAP_MM4A_Destripe_DONE,AcM-AcM,M,1191.43644551993,2
279,120,"Agranular insular cortex, posterior part, layer1",AIP-1,0,154,82,24100,111.0,AIP,,8,0.26968,0.26968,912.0,912,MM4,20240610_16_04_11_OP_TRAP_MM4A_Destripe_DONE,AcM-AcM,M,3381.7858202313855,2
280,163,"Agranular insular cortex, posterior part, layer2/3",AIP-2/3,20,160,94,24200,111.0,AIP,,8,0.56632,0.56632,155.0,155,MM4,20240610_16_04_11_OP_TRAP_MM4A_Destripe_DONE,AcM-AcM,M,273.69684983754763,2
281,344,"Agranular insular cortex, posterior part, layer5",AIP-5,59,165,106,24300,111.0,AIP,,8,0.23924,0.23924,151.0,151,MM4,20240610_16_04_11_OP_TRAP_MM4A_Destripe_DONE,AcM-AcM,M,631.1653569637184,2
282,314,"Agranular insular cortex, posterior part, layer6a",AIP-6a,87,180,124,24400,111.0,AIP,,8,0.11492,0.11492,200.0,200,MM4,20240610_16_04_11_OP_TRAP_MM4A_Destripe_DONE,AcM-AcM,M,1740.341106856944,2
283,355,"Agranular insular cortex, posterior part, layer6b",AIP-6b,108,186,137,24500,111.0,AIP,,8,0.0,0.0,0.0,0,MM4,20240610_16_04_11_OP_TRAP_MM4A_Destripe_DONE,AcM-AcM,M,0.0,2
284,119,"Agranular insular cortex, ventral part",AIV,110,255,114,24600,95.0,AI,,7,0.0,1.60684,0.0,2965,MM4,20240610_16_04_11_OP_TRAP_MM4A_Destripe_DONE,AcM-AcM,M,1845.236613477384,2
285,704,"Agranular insular cortex, ventral part, layer1",AIV-1,84,186,88,24700,119.0,AIV,,8,0.32496,0.32496,1361.0,1361,MM4,20240610_16_04_11_OP_TRAP_MM4A_Destripe_DONE,AcM-AcM,M,4188.207779419005,2
286,694,"Agranular insular cortex, ventral part, layer2/3",AIV-2/3,107,192,110,24800,119.0,AIV,,8,0.55608,0.55608,595.0,595,MM4,20240610_16_04_11_OP_TRAP_MM4A_Destripe_DONE,AcM-AcM,M,1069.9899295065459,2
287,800,"Agranular insular cortex, ventral part, layer5",AIV-5,129,199,124,24900,119.0,AIV,,8,0.5312,0.5312,490.0,490,MM4,20240610_16_04_11_OP_TRAP_MM4A_Destripe_DONE,AcM-AcM,M,922.4397590361446,2
288,675,"Agranular insular cortex, ventral part, layer6a",AIV-6a,153,207,137,25000,119.0,AIV,,8,0.1946,0.1946,519.0,519,MM4,20240610_16_04_11_OP_TRAP_MM4A_Destripe_DONE,AcM-AcM,M,2667.009249743063,2
289,699,"Agranular insular cortex, ventral part, layer6b",AIV-6b,166,213,152,25100,119.0,AIV,,8,0.0,0.0,0.0,0,MM4,20240610_16_04_11_OP_TRAP_MM4A_Destripe_DONE,AcM-AcM,M,0.0,2
290,254,"Cingulate cortex, area 29 and 30 (retrosplenial cortex)",A29-30 (RS),112,255,120,25200,315.0,Isocortex,,6,0.0,7.40056,0.0,7971,MM4,20240610_16_04_11_OP_TRAP_MM4A_Destripe_DONE,AcM-AcM,M,1077.0806533559623,2
291,879,"Cingulate cortex, area 30 (Retrosplenial dysgranular cortex)",A30 (RSD),112,255,120,25900,254.0,A29-30 (RS),,7,0.0,3.53336,0.0,4635,MM4,20240610_16_04_11_OP_TRAP_MM4A_Destripe_DONE,AcM-AcM,M,1311.7825525845087,2
292,442,"Cingulate cortex, area 30 (Retrosplenial dysgranular cortex), layer1",A30 (RSD)-1,0,139,89,26000,879.0,A30 (RSD),,8,0.7631600000000001,0.7631600000000001,1676.0,1676,MM4,20240610_16_04_11_OP_TRAP_MM4A_Destripe_DONE,AcM-AcM,M,2196.131872739661,2
293,434,"Cingulate cortex, area 30 (Retrosplenial dysgranular cortex), layer2/3",A30 (RSD)-2/3,34,145,99,26100,879.0,A30 (RSD),,8,1.02208,1.02208,1435.0,1435,MM4,20240610_16_04_11_OP_TRAP_MM4A_Destripe_DONE,AcM-AcM,M,1403.9996869129616,2
294,545,"Cingulate cortex, area 30 (Retrosplenial dysgranular cortex), layer4",A30 (RSD)-4,35,145,99,26200,879.0,A30 (RSD),,8,0.00128,0.00128,1.0,1,MM4,20240610_16_04_11_OP_TRAP_MM4A_Destripe_DONE,AcM-AcM,M,781.2499999999999,2
295,610,"Cingulate cortex, area 30 (Retrosplenial dysgranular cortex), layer5",A30 (RSD)-5,60,149,109,26300,879.0,A30 (RSD),,8,0.9444,0.9444,706.0,706,MM4,20240610_16_04_11_OP_TRAP_MM4A_Destripe_DONE,AcM-AcM,M,747.5645912748835,2
296,274,"Cingulate cortex, area 30 (Retrosplenial dysgranular cortex), layer6a",A30 (RSD)-6a,86,164,129,26400,879.0,A30 (RSD),,8,0.6840400000000001,0.6840400000000001,707.0,707,MM4,20240610_16_04_11_OP_TRAP_MM4A_Destripe_DONE,AcM-AcM,M,1033.565288579615,2
297,330,"Cingulate cortex, area 30 (Retrosplenial dysgranular cortex), layer6b",A30 (RSD)-6b,104,170,142,26500,879.0,A30 (RSD),,8,0.1184,0.1184,110.0,110,MM4,20240610_16_04_11_OP_TRAP_MM4A_Destripe_DONE,AcM-AcM,M,929.0540540540541,2
298,886,"Cingulate cortex, area 29 (Retrosplenial granular cortex)",A29 (RSG),112,255,120,26600,254.0,A29-30 (RS),,7,0.0,3.8672,0.0,3336,MM4,20240610_16_04_11_OP_TRAP_MM4A_Destripe_DONE,AcM-AcM,M,862.639635912288,2
299,2132,"Cingulate cortex, area 29c (Retrosplenial granular cortex c)",A29c (RSGc),112,255,120,26610,886.0,A29 (RSG),,8,0.0,2.37024,0.0,1676,MM4,20240610_16_04_11_OP_TRAP_MM4A_Destripe_DONE,AcM-AcM,M,707.1013905764818,2
300,542,"Cingulate cortex, area 29c (Retrosplenial granular cortex c), layer1",A29c (RSGc)-1,0,138,79,26700,2132.0,A29c (RSGc),,9,0.52824,0.52824,1353.0,1353,MM4,20240610_16_04_11_OP_TRAP_MM4A_Destripe_DONE,AcM-AcM,M,2561.3357564743296,2
301,606,"Cingulate cortex, area 29c (Retrosplenial granular cortex c), layer2",A29c (RSGc)-2,35,145,94,26800,2132.0,A29c (RSGc),,9,0.0,0.0,0.0,0,MM4,20240610_16_04_11_OP_TRAP_MM4A_Destripe_DONE,AcM-AcM,M,0.0,2
302,430,"Cingulate cortex, area 29c (Retrosplenial granular cortex c), layer2/3",A29c (RSGc)-2/3,61,149,104,26900,2132.0,A29c (RSGc),,9,0.91332,0.91332,120.0,120,MM4,20240610_16_04_11_OP_TRAP_MM4A_Destripe_DONE,AcM-AcM,M,131.3887793982394,2
303,687,"Cingulate cortex, area 29c (Retrosplenial granular cortex c), layer5",A29c (RSGc)-5,87,163,123,27000,2132.0,A29c (RSGc),,9,0.5379200000000001,0.5379200000000001,90.0,90,MM4,20240610_16_04_11_OP_TRAP_MM4A_Destripe_DONE,AcM-AcM,M,167.3111243307555,2
304,590,"Cingulate cortex, area 29c (Retrosplenial granular cortex c), layer6a",A29c (RSGc)-6a,96,166,129,27100,2132.0,A29c (RSGc),,9,0.3326,0.3326,87.0,87,MM4,20240610_16_04_11_OP_TRAP_MM4A_Destripe_DONE,AcM-AcM,M,261.57546602525554,2
305,622,"Cingulate cortex, area 29c (Retrosplenial granular cortex c), layer6b",A29c (RSGc)-6b,105,169,135,27200,2132.0,A29c (RSGc),,9,0.05816,0.05816,26.0,26,MM4,20240610_16_04_11_OP_TRAP_MM4A_Destripe_DONE,AcM-AcM,M,447.04264099037135,2
306,2066,"Cingulate cortex, area 29b (Retrosplenial granular cortex b)",A29b (RSGb),112,255,120,27210,886.0,A29 (RSG),,8,0.0,0.7324400000000001,0.0,1008,MM4,20240610_16_04_11_OP_TRAP_MM4A_Destripe_DONE,AcM-AcM,M,1376.2219430943146,2
307,2416,"Cingulate cortex, area 29b (Retrosplenial granular cortex b), layer1",A29b (RSGb)-1,112,255,120,27220,2066.0,A29b (RSGb),,9,0.21096,0.21096,404.0,404,MM4,20240610_16_04_11_OP_TRAP_MM4A_Destripe_DONE,AcM-AcM,M,1915.0549867273417,2
308,2417,"Cingulate cortex, area 29b (Retrosplenial granular cortex b), layer2/3",A29b (RSGb)-2/3,112,255,120,27230,2066.0,A29b (RSGb),,9,0.21432,0.21432,164.0,164,MM4,20240610_16_04_11_OP_TRAP_MM4A_Destripe_DONE,AcM-AcM,M,765.210899589399,2
309,2418,"Cingulate cortex, area 29b (Retrosplenial granular cortex b), layer5",A29b (RSGb)-5,112,255,120,27240,2066.0,A29b (RSGb),,9,0.23952,0.23952,314.0,314,MM4,20240610_16_04_11_OP_TRAP_MM4A_Destripe_DONE,AcM-AcM,M,1310.9552438209753,2
310,2419,"Cingulate cortex, area 29b (Retrosplenial granular cortex b), layer6a",A29b (RSGb)-6a,112,255,120,27250,2066.0,A29b (RSGb),,9,0.054,0.054,116.0,116,MM4,20240610_16_04_11_OP_TRAP_MM4A_Destripe_DONE,AcM-AcM,M,2148.1481481481483,2
311,2420,"Cingulate cortex, area 29b (Retrosplenial granular cortex b), layer6b",A29b (RSGb)-6b,112,255,120,27260,2066.0,A29b (RSGb),,9,0.01364,0.01364,10.0,10,MM4,20240610_16_04_11_OP_TRAP_MM4A_Destripe_DONE,AcM-AcM,M,733.1378299120234,2
312,2067,"Cingulate cortex, area 29a (Retrosplenial granular cortex a)",A29a (RSGa),112,255,120,27270,886.0,A29 (RSG),,8,0.0,0.76452,0.0,652,MM4,20240610_16_04_11_OP_TRAP_MM4A_Destripe_DONE,AcM-AcM,M,852.8226861298593,2
313,2421,"Cingulate cortex, area 29a (Retrosplenial granular cortex a), layer1",A29a (RSGa)-1,112,255,120,27280,2067.0,A29a (RSGa),,9,0.14972,0.14972,310.0,310,MM4,20240610_16_04_11_OP_TRAP_MM4A_Destripe_DONE,AcM-AcM,M,2070.531659096981,2
314,2422,"Cingulate cortex, area 29a (Retrosplenial granular cortex a), layer2/3",A29a (RSGa)-2/3,112,255,120,27290,2067.0,A29a (RSGa),,9,0.21636,0.21636,163.0,163,MM4,20240610_16_04_11_OP_TRAP_MM4A_Destripe_DONE,AcM-AcM,M,753.37400628582,2
315,2423,"Cingulate cortex, area 29a (Retrosplenial granular cortex a), layer5",A29a (RSGa)-5,112,255,120,27291,2067.0,A29a (RSGa),,9,0.3012,0.3012,118.0,118,MM4,20240610_16_04_11_OP_TRAP_MM4A_Destripe_DONE,AcM-AcM,M,391.7662682602921,2
316,2424,"Cingulate cortex, area 29a (Retrosplenial granular cortex a), layer6a",A29a (RSGa)-6a,112,255,120,27292,2067.0,A29a (RSGa),,9,0.06716,0.06716,44.0,44,MM4,20240610_16_04_11_OP_TRAP_MM4A_Destripe_DONE,AcM-AcM,M,655.1518761167362,2
317,2425,"Cingulate cortex, area 29a (Retrosplenial granular cortex a), layer6b",A29a (RSGa)-6b,112,255,120,27293,2067.0,A29a (RSGa),,9,0.03008,0.03008,17.0,17,MM4,20240610_16_04_11_OP_TRAP_MM4A_Destripe_DONE,AcM-AcM,M,565.1595744680851,2
318,22,parietal association cortex,PtA,112,255,119,27300,315.0,Isocortex,,6,0.0,1.4418,0.0,1204,MM4,20240610_16_04_11_OP_TRAP_MM4A_Destripe_DONE,AcM-AcM,M,835.0672770148426,2
319,2056,Medial parietal association cortex,MPtA,105,169,135,27910,22.0,PtA,,7,0.0,0.5926400000000001,0.0,382,MM4,20240610_16_04_11_OP_TRAP_MM4A_Destripe_DONE,AcM-AcM,M,644.57343412527,2
320,2381,"Medial parietal association cortex, layer 1",MPtA-1,105,169,135,27911,2056.0,MPtA,,8,0.08116,0.08116,219.0,219,MM4,20240610_16_04_11_OP_TRAP_MM4A_Destripe_DONE,AcM-AcM,M,2698.3735830458354,2
321,2382,"Medial parietal association cortex, layer 2/3",MPtA-2,105,169,135,27912,2056.0,MPtA,,8,0.1588,0.1588,76.0,76,MM4,20240610_16_04_11_OP_TRAP_MM4A_Destripe_DONE,AcM-AcM,M,478.58942065491186,2
322,2383,"Medial parietal association cortex, layer 4",MPtA-4,105,169,135,27913,2056.0,MPtA,,8,0.04768,0.04768,9.0,9,MM4,20240610_16_04_11_OP_TRAP_MM4A_Destripe_DONE,AcM-AcM,M,188.75838926174495,2
323,2384,"Medial parietal association cortex, layer 5",MPtA-5,105,169,135,27914,2056.0,MPtA,,8,0.14164,0.14164,45.0,45,MM4,20240610_16_04_11_OP_TRAP_MM4A_Destripe_DONE,AcM-AcM,M,317.70686246822936,2
324,2385,"Medial parietal association cortex, layer 6a",MPtA-6a,105,169,135,27915,2056.0,MPtA,,8,0.11296,0.11296,13.0,13,MM4,20240610_16_04_11_OP_TRAP_MM4A_Destripe_DONE,AcM-AcM,M,115.08498583569404,2
325,2386,"Medial parietal association cortex, layer 6b",MPtA-6b,105,169,135,27916,2056.0,MPtA,,8,0.0504,0.0504,20.0,20,MM4,20240610_16_04_11_OP_TRAP_MM4A_Destripe_DONE,AcM-AcM,M,396.8253968253968,2
326,2057,Lateral parietal association cortex,LPtA,105,169,135,27920,22.0,PtA,,7,0.0,0.6194,0.0,414,MM4,20240610_16_04_11_OP_TRAP_MM4A_Destripe_DONE,AcM-AcM,M,668.3887633193414,2
327,2387,"Lateral parietal association cortex, layer 1",LPtA-1,105,169,135,27921,2057.0,LPtA,,8,0.08708,0.08708,315.0,315,MM4,20240610_16_04_11_OP_TRAP_MM4A_Destripe_DONE,AcM-AcM,M,3617.363344051447,2
328,2388,"Lateral parietal association cortex, layer 2/3",LPtA-2/3,105,169,135,27922,2057.0,LPtA,,8,0.15676,0.15676,36.0,36,MM4,20240610_16_04_11_OP_TRAP_MM4A_Destripe_DONE,AcM-AcM,M,229.65042102577186,2
329,2389,"Lateral parietal association cortex, layer 4",LPtA-4,105,169,135,27923,2057.0,LPtA,,8,0.11572,0.11572,17.0,17,MM4,20240610_16_04_11_OP_TRAP_MM4A_Destripe_DONE,AcM-AcM,M,146.90632561354994,2
330,2390,"Lateral parietal association cortex, layer 5",LPtA-5,105,169,135,27924,2057.0,LPtA,,8,0.1206,0.1206,23.0,23,MM4,20240610_16_04_11_OP_TRAP_MM4A_Destripe_DONE,AcM-AcM,M,190.71310116086235,2
331,2391,"Lateral parietal association cortex, layer 6a",LPtA-6a,105,169,135,27925,2057.0,LPtA,,8,0.1002,0.1002,10.0,10,MM4,20240610_16_04_11_OP_TRAP_MM4A_Destripe_DONE,AcM-AcM,M,99.8003992015968,2
332,2392,"Lateral parietal association cortex, layer 6b",LPtA-6b,105,169,135,27926,2057.0,LPtA,,8,0.03904,0.03904,13.0,13,MM4,20240610_16_04_11_OP_TRAP_MM4A_Destripe_DONE,AcM-AcM,M,332.99180327868856,2
333,2082,"parietal cortex, posterior area, dorsal part",PtPD,112,255,119,27940,22.0,PtA,,7,0.0,0.04512,0.0,53,MM4,20240610_16_04_11_OP_TRAP_MM4A_Destripe_DONE,AcM-AcM,M,1174.645390070922,2
334,2402,"Parietal cortex, posterior area, dorsal part, layer1",PtPD-1,112,255,119,27941,2082.0,PtPD,,8,0.00532,0.00532,23.0,23,MM4,20240610_16_04_11_OP_TRAP_MM4A_Destripe_DONE,AcM-AcM,M,4323.308270676692,2
335,2403,"Parietal cortex, posterior area, dorsal part, layer2/3",PtPD-2/3,112,255,119,27942,2082.0,PtPD,,8,0.01168,0.01168,5.0,5,MM4,20240610_16_04_11_OP_TRAP_MM4A_Destripe_DONE,AcM-AcM,M,428.0821917808219,2
336,2404,"Parietal cortex, posterior area, dorsal part, layer4",PtPD-4,112,255,119,27943,2082.0,PtPD,,8,0.01116,0.01116,7.0,7,MM4,20240610_16_04_11_OP_TRAP_MM4A_Destripe_DONE,AcM-AcM,M,627.2401433691756,2
337,2405,"Parietal cortex, posterior area, dorsal part, layer5",PtPD-5,112,255,119,27944,2082.0,PtPD,,8,0.00816,0.00816,9.0,9,MM4,20240610_16_04_11_OP_TRAP_MM4A_Destripe_DONE,AcM-AcM,M,1102.941176470588,2
338,2406,"Parietal cortex, posterior area, dorsal part, layer6a",PtPD-6a,112,255,119,27945,2082.0,PtPD,,8,0.00628,0.00628,4.0,4,MM4,20240610_16_04_11_OP_TRAP_MM4A_Destripe_DONE,AcM-AcM,M,636.9426751592357,2
339,2407,"Parietal cortex, posterior area, dorsal part, layer6b",PtPD-6b,112,255,119,27946,2082.0,PtPD,,8,0.00252,0.00252,5.0,5,MM4,20240610_16_04_11_OP_TRAP_MM4A_Destripe_DONE,AcM-AcM,M,1984.126984126984,2
340,541,Temporal association cortex,TeA ,112,255,122,28000,315.0,Isocortex,,6,0.01328,3.28808,30.0,12669,MM4,20240610_16_04_11_OP_TRAP_MM4A_Destripe_DONE,AcM-AcM,M,3853.0084426169683,2
341,97,"Temporal association cortex, layer1",TeA-1,0,140,110,28100,541.0,TeA ,,7,0.51104,0.51104,3610.0,3610,MM4,20240610_16_04_11_OP_TRAP_MM4A_Destripe_DONE,AcM-AcM,M,7064.026299311208,2
342,1127,"Temporal association cortex, layer2/3",TeA-2/3,0,145,121,28200,541.0,TeA ,,7,0.76356,0.76356,1642.0,1642,MM4,20240610_16_04_11_OP_TRAP_MM4A_Destripe_DONE,AcM-AcM,M,2150.45314055215,2
343,234,"Temporal association cortex, layer4",TeA-4,56,151,133,28300,541.0,TeA ,,7,0.53088,0.53088,1388.0,1388,MM4,20240610_16_04_11_OP_TRAP_MM4A_Destripe_DONE,AcM-AcM,M,2614.5268233875827,2
344,289,"Temporal association cortex, layer5",TeA-5,82,165,150,28400,541.0,TeA ,,7,0.73872,0.73872,2547.0,2547,MM4,20240610_16_04_11_OP_TRAP_MM4A_Destripe_DONE,AcM-AcM,M,3447.8557504873293,2
345,729,"Temporal association cortex, layer6a",TeA-6a,102,170,157,28500,541.0,TeA ,,7,0.57072,0.57072,2777.0,2777,MM4,20240610_16_04_11_OP_TRAP_MM4A_Destripe_DONE,AcM-AcM,M,4865.78357162882,2
346,786,"Temporal association cortex, layer6b",TeA-6b,124,177,165,28600,541.0,TeA ,,7,0.15988,0.15988,675.0,675,MM4,20240610_16_04_11_OP_TRAP_MM4A_Destripe_DONE,AcM-AcM,M,4221.916437327996,2
347,922,Perihinal cortex,PRh,112,255,117,28700,315.0,Isocortex,,6,0.02784,2.89612,90.0,7875,MM4,20240610_16_04_11_OP_TRAP_MM4A_Destripe_DONE,AcM-AcM,M,2719.155283620845,2
348,335,"Perihinal cortex, layer6a",PRh-6a,79,166,164,28800,922.0,PRh,,7,0.48196,0.48196,1389.0,1389,MM4,20240610_16_04_11_OP_TRAP_MM4A_Destripe_DONE,AcM-AcM,M,2881.981907212217,2
349,368,"Perihinal cortex, layer6b",PRh-6b,99,171,173,28900,922.0,PRh,,7,0.09412,0.09412,227.0,227,MM4,20240610_16_04_11_OP_TRAP_MM4A_Destripe_DONE,AcM-AcM,M,2411.8147046323843,2
350,2286,"Parietal cortex, posterior area, rostral part",PtPR,112,255,119,28930,22.0,PtA,,7,0.0,0.18464,0.0,355,MM4,20240610_16_04_11_OP_TRAP_MM4A_Destripe_DONE,AcM-AcM,M,1922.6603119584056,2
351,2396,"Parietal cortex, posterior area, rostral part, layer1",PtPR-1,112,255,119,28931,2286.0,PtPR,,8,0.02376,0.02376,145.0,145,MM4,20240610_16_04_11_OP_TRAP_MM4A_Destripe_DONE,AcM-AcM,M,6102.693602693603,2
352,2397,"Parietal cortex, posterior area, rostral part, layer2/3",PtPR-2/3,112,255,119,28932,2286.0,PtPR,,8,0.0462,0.0462,64.0,64,MM4,20240610_16_04_11_OP_TRAP_MM4A_Destripe_DONE,AcM-AcM,M,1385.2813852813854,2
353,2398,"Parietal cortex, posterior area, rostral part, layer4",PtPR-4,112,255,119,28933,2286.0,PtPR,,8,0.03912,0.03912,67.0,67,MM4,20240610_16_04_11_OP_TRAP_MM4A_Destripe_DONE,AcM-AcM,M,1712.678936605317,2
354,2399,"Parietal cortex, posterior area, rostral part, layer5",PtPR-5,112,255,119,28934,2286.0,PtPR,,8,0.03636,0.03636,37.0,37,MM4,20240610_16_04_11_OP_TRAP_MM4A_Destripe_DONE,AcM-AcM,M,1017.6017601760175,2
355,2400,"Parietal cortex, posterior area, rostral part, layer6a",PtPR-6a,112,255,119,28935,2286.0,PtPR,,8,0.02828,0.02828,29.0,29,MM4,20240610_16_04_11_OP_TRAP_MM4A_Destripe_DONE,AcM-AcM,M,1025.4596888260255,2
356,2401,"Parietal cortex, posterior area, rostral part, layer6b",PtPR-6b,112,255,119,28936,2286.0,PtPR,,8,0.01092,0.01092,13.0,13,MM4,20240610_16_04_11_OP_TRAP_MM4A_Destripe_DONE,AcM-AcM,M,1190.4761904761906,2
357,540,"Perihinal cortex, layer1",PRh-1,0,141,133,29000,922.0,PRh,,7,0.5498000000000001,0.5498000000000001,3044.0,3044,MM4,20240610_16_04_11_OP_TRAP_MM4A_Destripe_DONE,AcM-AcM,M,5536.558748635867,2
358,692,"Perihinal cortex, layer5",PRh-5,52,151,146,29100,922.0,PRh,,7,0.70676,0.70676,1225.0,1225,MM4,20240610_16_04_11_OP_TRAP_MM4A_Destripe_DONE,AcM-AcM,M,1733.2616446884372,2
359,888,"Perihinal cortex, layer2/3",PRh-2/3,0,146,139,29200,922.0,PRh,,7,1.03564,1.03564,1900.0,1900,MM4,20240610_16_04_11_OP_TRAP_MM4A_Destripe_DONE,AcM-AcM,M,1834.6143447530033,2
360,895,Ectorhinal cortex,Ect,112,255,115,29300,315.0,Isocortex,,6,0.16728,3.27728,316.0,11671,MM4,20240610_16_04_11_OP_TRAP_MM4A_Destripe_DONE,AcM-AcM,M,3561.1848850266074,2
361,836,"Ectorhinal cortex, layer1",Ect-1,0,140,121,29400,895.0,Ect,,7,0.5282800000000001,0.5282800000000001,3877.0,3877,MM4,20240610_16_04_11_OP_TRAP_MM4A_Destripe_DONE,AcM-AcM,M,7338.911183463314,2
362,427,"Ectorhinal cortex, layer2/3",Ect-2/3,19,147,133,29500,895.0,Ect,,7,1.195,1.195,3381.0,3381,MM4,20240610_16_04_11_OP_TRAP_MM4A_Destripe_DONE,AcM-AcM,M,2829.28870292887,2
363,988,"Ectorhinal cortex, layer5",Ect-5,54,151,140,29600,895.0,Ect,,7,0.7151200000000001,0.7151200000000001,1556.0,1556,MM4,20240610_16_04_11_OP_TRAP_MM4A_Destripe_DONE,AcM-AcM,M,2175.8585971585185,2
364,977,"Ectorhinal cortex, layer6a",Ect-6a,80,165,156,29700,895.0,Ect,,7,0.5340400000000001,0.5340400000000001,2114.0,2114,MM4,20240610_16_04_11_OP_TRAP_MM4A_Destripe_DONE,AcM-AcM,M,3958.5049809003067,2
365,1045,"Ectorhinal cortex, layer6b",Ect-6b,101,171,165,29800,895.0,Ect,,7,0.13756,0.13756,427.0,427,MM4,20240610_16_04_11_OP_TRAP_MM4A_Destripe_DONE,AcM-AcM,M,3104.100029078221,2
366,698,Olfactory areas,OLF,144,255,144,29900,695.0,CTXpl,,5,0.07672,37.20488,313.0,107816,MM4,20240610_16_04_11_OP_TRAP_MM4A_Destripe_DONE,AcM-AcM,M,2897.8994153455137,2
367,507,Main olfactory bulb,MOB,160,255,171,30000,698.0,OLF,,6,0.0,12.239200000000002,0.0,50080,MM4,20240610_16_04_11_OP_TRAP_MM4A_Destripe_DONE,AcM-AcM,M,4091.770703967579,2
368,212,Glomerular layer of the olfactory bulb,Gl,140,235,151,30100,507.0,MOB,,7,2.89772,2.89772,9652.0,9652,MM4,20240610_16_04_11_OP_TRAP_MM4A_Destripe_DONE,AcM-AcM,M,3330.8946344022197,2
369,220,Granule cell layer of the olfactory bulb,GrO,110,205,121,30200,507.0,MOB,,7,3.3969600000000004,3.3969600000000004,17091.0,17091,MM4,20240610_16_04_11_OP_TRAP_MM4A_Destripe_DONE,AcM-AcM,M,5031.263247138618,2
370,228,Internal plxiform layer of the olfactory bulb,IPl,160,255,171,30300,507.0,MOB,,7,0.8630000000000001,0.8630000000000001,4460.0,4460,MM4,20240610_16_04_11_OP_TRAP_MM4A_Destripe_DONE,AcM-AcM,M,5168.018539976824,2
371,236,Mitral cell layer of the olfactory bulb,Mi,130,225,141,30400,507.0,MOB,,7,0.8545200000000001,0.8545200000000001,3690.0,3690,MM4,20240610_16_04_11_OP_TRAP_MM4A_Destripe_DONE,AcM-AcM,M,4318.21373402612,2
372,244,External plexiform layer of the olfactory bulb,EPl,160,255,171,30500,507.0,MOB,,7,4.227,4.227,15187.0,15187,MM4,20240610_16_04_11_OP_TRAP_MM4A_Destripe_DONE,AcM-AcM,M,3592.8554530399806,2
373,151,Accessory olfactory bulb,AOB,160,255,176,30600,698.0,OLF,,6,0.0,0.56592,0.0,2327,MM4,20240610_16_04_11_OP_TRAP_MM4A_Destripe_DONE,AcM-AcM,M,4111.888606163416,2
374,188,Glomerular layer of the accessory olfactory bulb,GlA,140,235,156,30700,151.0,AOB,,7,0.14716,0.14716,482.0,482,MM4,20240610_16_04_11_OP_TRAP_MM4A_Destripe_DONE,AcM-AcM,M,3275.3465615656423,2
375,196,Granule cell layer of the accessory olfactory bulb,GrA,110,205,126,30800,151.0,AOB,,7,0.1306,0.1306,291.0,291,MM4,20240610_16_04_11_OP_TRAP_MM4A_Destripe_DONE,AcM-AcM,M,2228.177641653905,2
376,204,Mitral cell layer of the accessory olfactory bulb,MiA,130,225,146,30900,151.0,AOB,,7,0.11844,0.11844,627.0,627,MM4,20240610_16_04_11_OP_TRAP_MM4A_Destripe_DONE,AcM-AcM,M,5293.819655521783,2
377,2021,External plexiform layer of the accessory olfactory b,EPIA,130,225,146,30910,151.0,AOB,,7,0.16972,0.16972,927.0,927,MM4,20240610_16_04_11_OP_TRAP_MM4A_Destripe_DONE,AcM-AcM,M,5461.937308508131,2
378,159,Anterior olfactory area,AO,144,255,184,31000,698.0,OLF,,6,0.06332,3.4196000000000004,524.0,15791,MM4,20240610_16_04_11_OP_TRAP_MM4A_Destripe_DONE,AcM-AcM,M,4617.791554567785,2
379,167,Anterior olfactory area dorsal part,AOD,192,255,200,31100,159.0,AO,,7,0.34948,0.34948,1426.0,1426,MM4,20240610_16_04_11_OP_TRAP_MM4A_Destripe_DONE,AcM-AcM,M,4080.347945519057,2
380,175,Anterior olfactory area external part,AOE,192,255,201,31200,159.0,AO,,7,0.1708,0.1708,391.0,391,MM4,20240610_16_04_11_OP_TRAP_MM4A_Destripe_DONE,AcM-AcM,M,2289.2271662763465,2
381,160,"Anterior olfactory area, outer layer",AOOL,192,255,202,31250,159.0,AO,,7,1.03932,1.03932,5001.0,5001,MM4,20240610_16_04_11_OP_TRAP_MM4A_Destripe_DONE,AcM-AcM,M,4811.800023092022,2
382,183,Anterior olfactory area lateral part,AOL,192,255,202,31300,159.0,AO,,7,0.7094400000000001,0.7094400000000001,2843.0,2843,MM4,20240610_16_04_11_OP_TRAP_MM4A_Destripe_DONE,AcM-AcM,M,4007.3861073522776,2
383,191,Anterior olfactory area medial part,AOM,192,255,203,31400,159.0,AO,,7,0.6016800000000001,0.6016800000000001,2735.0,2735,MM4,20240610_16_04_11_OP_TRAP_MM4A_Destripe_DONE,AcM-AcM,M,4545.605637548198,2
384,199,"Anterior olfactory area, posteroventral part",AOP/AOV,192,255,204,31500,159.0,AO,,7,0.0,0.48556,0.0,2871,MM4,20240610_16_04_11_OP_TRAP_MM4A_Destripe_DONE,AcM-AcM,M,5912.7605239311315,2
385,2318,"Anterior olfactory area, ventral part",AOV,192,255,204,31510,199.0,AOP/AOV,,8,0.1524,0.1524,911.0,911,MM4,20240610_16_04_11_OP_TRAP_MM4A_Destripe_DONE,AcM-AcM,M,5977.69028871391,2
386,2319,"Anterior olfactory area, posterior part",AOP,192,255,204,31520,199.0,AOP/AOV,,8,0.33316,0.33316,1960.0,1960,MM4,20240610_16_04_11_OP_TRAP_MM4A_Destripe_DONE,AcM-AcM,M,5883.059190779205,2
387,589,Taenia tecta,TT,160,255,160,31800,698.0,OLF,,6,0.0,1.8174,0.0,8382,MM4,20240610_16_04_11_OP_TRAP_MM4A_Destripe_DONE,AcM-AcM,M,4612.083195774183,2
388,597,Dorsal tenia tecta,DTT,160,255,162,31900,589.0,TT,,7,0.08292,0.08292,103.0,103,MM4,20240610_16_04_11_OP_TRAP_MM4A_Destripe_DONE,AcM-AcM,M,1242.161119150989,2
389,1034,"Dorsal tenia tecta, layer 1",DTT1,160,255,162,32100,589.0,TT,,7,0.3466,0.3466,1534.0,1534,MM4,20240610_16_04_11_OP_TRAP_MM4A_Destripe_DONE,AcM-AcM,M,4425.851125216387,2
390,1042,"Dorsal tenia tecta, layer 2",DTT2,160,255,162,32200,589.0,TT,,7,0.18372,0.18372,313.0,313,MM4,20240610_16_04_11_OP_TRAP_MM4A_Destripe_DONE,AcM-AcM,M,1703.6795123013283,2
391,1050,"Dorsal tenia tecta, layer 3",DTT3,160,255,162,32300,589.0,TT,,7,0.45336,0.45336,1606.0,1606,MM4,20240610_16_04_11_OP_TRAP_MM4A_Destripe_DONE,AcM-AcM,M,3542.4386800776424,2
392,1059,"Dorsal tenia tecta, layer 4",DTT4,160,255,162,32400,589.0,TT,,7,0.0778,0.0778,288.0,288,MM4,20240610_16_04_11_OP_TRAP_MM4A_Destripe_DONE,AcM-AcM,M,3701.799485861183,2
393,605,Ventral tenia tecta,VTT,160,255,161,32500,589.0,TT,,7,0.01728,0.01728,80.0,80,MM4,20240610_16_04_11_OP_TRAP_MM4A_Destripe_DONE,AcM-AcM,M,4629.62962962963,2
394,1067,"Ventral tenia tecta, layer 1",VTT1,160,255,161,32700,589.0,TT,,7,0.32632,0.32632,3065.0,3065,MM4,20240610_16_04_11_OP_TRAP_MM4A_Destripe_DONE,AcM-AcM,M,9392.620740377544,2
395,1075,"Ventral tenia tecta, layer 2",VTT2,160,255,161,32800,589.0,TT,,7,0.11536,0.11536,483.0,483,MM4,20240610_16_04_11_OP_TRAP_MM4A_Destripe_DONE,AcM-AcM,M,4186.893203883495,2
396,1082,"Ventral tenia tecta, layer 3",VTT3,160,255,161,32900,589.0,TT,,7,0.21404,0.21404,910.0,910,MM4,20240610_16_04_11_OP_TRAP_MM4A_Destripe_DONE,AcM-AcM,M,4251.541767893851,2
397,814,"Cingulate cortex, area 25 (dorsal peduncular cortex)",A25 (DP),112,255,125,33000,698.0,OLF,,6,0.0,0.70756,0.0,1985,MM4,20240610_16_04_11_OP_TRAP_MM4A_Destripe_DONE,AcM-AcM,M,2805.4157951269153,2
398,496,"Cingulate cortex, area 25 (dorsal peduncular cortex), layer1",A25 (DP)-1,0,158,81,33100,814.0,A25 (DP),,7,0.14864,0.14864,502.0,502,MM4,20240610_16_04_11_OP_TRAP_MM4A_Destripe_DONE,AcM-AcM,M,3377.2874058127018,2
399,535,"Cingulate cortex, area 25 (dorsal peduncular cortex), layer2",A25 (DP)-2,60,164,99,33200,814.0,A25 (DP),,7,0.0,0.0,0.0,0,MM4,20240610_16_04_11_OP_TRAP_MM4A_Destripe_DONE,AcM-AcM,M,0.0,2
400,360,"Cingulate cortex, area 25 (dorsal peduncular cortex), layer2/3",A25 (DP)-2/3,83,169,111,33300,814.0,A25 (DP),,7,0.15608,0.15608,180.0,180,MM4,20240610_16_04_11_OP_TRAP_MM4A_Destripe_DONE,AcM-AcM,M,1153.2547411583803,2
401,646,"Cingulate cortex, area 25 (dorsal peduncular cortex), layer5",A25 (DP)-5,109,185,130,33400,814.0,A25 (DP),,7,0.30528,0.30528,845.0,845,MM4,20240610_16_04_11_OP_TRAP_MM4A_Destripe_DONE,AcM-AcM,M,2767.9507337526206,2
402,267,"Cingulate cortex, area 25 (dorsal peduncular cortex), layer6a",A25 (DP)-6a,130,192,143,33500,814.0,A25 (DP),,7,0.09756,0.09756,458.0,458,MM4,20240610_16_04_11_OP_TRAP_MM4A_Destripe_DONE,AcM-AcM,M,4694.546945469455,2
403,2019,Dorsal transition zone,DTr,130,192,143,33510,814.0,A25 (DP),,7,0.0,0.0,0.0,0,MM4,20240610_16_04_11_OP_TRAP_MM4A_Destripe_DONE,AcM-AcM,M,0.0,2
404,961,Piriform cortex,PIR,160,255,167,33600,698.0,OLF,,6,0.0,13.17456,0.0,23704,MM4,20240610_16_04_11_OP_TRAP_MM4A_Destripe_DONE,AcM-AcM,M,1799.2251733644237,2
405,276,Piriform cortex 1,Pir1,160,255,167,33800,961.0,PIR,,7,3.76928,3.76928,10474.0,10474,MM4,20240610_16_04_11_OP_TRAP_MM4A_Destripe_DONE,AcM-AcM,M,2778.780032260803,2
406,284,Piriform cortex 2,Pir2,160,255,167,33900,961.0,PIR,,7,2.1836800000000003,2.1836800000000003,1995.0,1995,MM4,20240610_16_04_11_OP_TRAP_MM4A_Destripe_DONE,AcM-AcM,M,913.5953985932003,2
407,291,Piriform cortex 3,Pir3,160,255,167,34000,961.0,PIR,,7,6.1752,6.1752,9035.0,9035,MM4,20240610_16_04_11_OP_TRAP_MM4A_Destripe_DONE,AcM-AcM,M,1463.1105065422983,2
408,2024,Cortex-amygdala transition zone,CxA,160,255,170,34010,961.0,PIR,,7,0.0,1.0464000000000002,0.0,2200,MM4,20240610_16_04_11_OP_TRAP_MM4A_Destripe_DONE,AcM-AcM,M,2102.4464831804275,2
409,2303,Cortex-amygdala transition zone Layer1,CxA1,160,255,170,34020,2024.0,CxA,,8,0.31492,0.31492,1315.0,1315,MM4,20240610_16_04_11_OP_TRAP_MM4A_Destripe_DONE,AcM-AcM,M,4175.663660612219,2
410,2304,Cortex-amygdala transition zone Layer2,CxA2,160,255,170,34030,2024.0,CxA,,8,0.19356,0.19356,132.0,132,MM4,20240610_16_04_11_OP_TRAP_MM4A_Destripe_DONE,AcM-AcM,M,681.9590824550527,2
411,2305,Cortex-amygdala transition zone Layer3,CxA3,160,255,170,34040,2024.0,CxA,,8,0.5379200000000001,0.5379200000000001,753.0,753,MM4,20240610_16_04_11_OP_TRAP_MM4A_Destripe_DONE,AcM-AcM,M,1399.8364069006543,2
412,619,Nucleus of the lateral olfactory tract,LOT,160,255,170,34100,698.0,OLF,,6,0.03136,0.34776,310.0,1426,MM4,20240610_16_04_11_OP_TRAP_MM4A_Destripe_DONE,AcM-AcM,M,4100.5291005291,2
413,260,Nucleus of the lateral olfactory tract 1,LOT1,160,255,170,34300,619.0,LOT,,7,0.11464,0.11464,699.0,699,MM4,20240610_16_04_11_OP_TRAP_MM4A_Destripe_DONE,AcM-AcM,M,6097.348220516399,2
414,268,Nucleus of the lateral olfactory tract 2,LOT2,160,255,170,34400,619.0,LOT,,7,0.08588,0.08588,200.0,200,MM4,20240610_16_04_11_OP_TRAP_MM4A_Destripe_DONE,AcM-AcM,M,2328.830926874709,2
415,1139,Nucleus of the lateral olfactory tract 3,LOT3,160,255,170,34500,619.0,LOT,,7,0.11588,0.11588,217.0,217,MM4,20240610_16_04_11_OP_TRAP_MM4A_Destripe_DONE,AcM-AcM,M,1872.6268553676218,2
416,631,cortical amygdaloid nucleus,CO,160,255,177,34600,698.0,OLF,,6,0.0,3.45628,0.0,2844,MM4,20240610_16_04_11_OP_TRAP_MM4A_Destripe_DONE,AcM-AcM,M,822.8500005786568,2
417,639,Anterior cortical amygdaloid nucleus,ACo ,160,255,178,34700,631.0,CO,,7,0.0,0.77648,0.0,1521,MM4,20240610_16_04_11_OP_TRAP_MM4A_Destripe_DONE,AcM-AcM,M,1958.8398928497838,2
418,192,"Anterior cortical amygdaloid nucleus, layer1",ACo-1,160,255,178,34800,639.0,ACo ,,8,0.25048,0.25048,787.0,787,MM4,20240610_16_04_11_OP_TRAP_MM4A_Destripe_DONE,AcM-AcM,M,3141.9674225487065,2
419,200,"Anterior cortical amygdaloid nucleus, layer2",ACo-2,160,255,178,34900,639.0,ACo ,,8,0.14536,0.14536,99.0,99,MM4,20240610_16_04_11_OP_TRAP_MM4A_Destripe_DONE,AcM-AcM,M,681.0676940011008,2
420,208,"Anterior cortical amygdaloid nucleus, layer3",ACo-3,160,255,178,35000,639.0,ACo ,,8,0.38064,0.38064,635.0,635,MM4,20240610_16_04_11_OP_TRAP_MM4A_Destripe_DONE,AcM-AcM,M,1668.242959226566,2
421,647,Posterior cortical amygdaloid area,PCO,160,255,179,35100,631.0,CO,,7,0.0,2.6798,0.0,1323,MM4,20240610_16_04_11_OP_TRAP_MM4A_Destripe_DONE,AcM-AcM,M,493.69355922083736,2
422,655,Posterolateral cortical amygdaloid area,PLCo,160,255,180,35200,647.0,PCO,,8,0.0,1.29976,0.0,704,MM4,20240610_16_04_11_OP_TRAP_MM4A_Destripe_DONE,AcM-AcM,M,541.6384563303994,2
423,216,Posterolateral cortical amygdaloid area 1,PLCo1,160,255,180,35500,655.0,PLCo,,9,0.42236,0.42236,538.0,538,MM4,20240610_16_04_11_OP_TRAP_MM4A_Destripe_DONE,AcM-AcM,M,1273.794866938157,2
424,224,Posterolateral cortical amygdaloid area 2,PLCo2,160,255,180,35600,655.0,PLCo,,9,0.24436,0.24436,16.0,16,MM4,20240610_16_04_11_OP_TRAP_MM4A_Destripe_DONE,AcM-AcM,M,65.47716483876248,2
425,232,Posterolateral cortical amygdaloid area 3,PLCo3,160,255,180,35700,655.0,PLCo,,9,0.63304,0.63304,150.0,150,MM4,20240610_16_04_11_OP_TRAP_MM4A_Destripe_DONE,AcM-AcM,M,236.95185138379878,2
426,663,Posteromedial cortical amygdaloid area,PMCo,160,255,181,35800,647.0,PCO,,8,0.13452,1.38004,146.0,619,MM4,20240610_16_04_11_OP_TRAP_MM4A_Destripe_DONE,AcM-AcM,M,448.5377235442451,2
427,240,Posteromedial cortical amygdaloid area 1,PMCo1,160,255,181,36100,663.0,PMCo,,9,0.36064,0.36064,279.0,279,MM4,20240610_16_04_11_OP_TRAP_MM4A_Destripe_DONE,AcM-AcM,M,773.6246672582076,2
428,248,Posteromedial cortical amygdaloid area 2,PMCo2,160,255,181,36200,663.0,PMCo,,9,0.25852,0.25852,44.0,44,MM4,20240610_16_04_11_OP_TRAP_MM4A_Destripe_DONE,AcM-AcM,M,170.19959771004176,2
429,256,Posteromedial cortical amygdaloid area 3,PMCo3,160,255,181,36300,663.0,PMCo,,9,0.62636,0.62636,150.0,150,MM4,20240610_16_04_11_OP_TRAP_MM4A_Destripe_DONE,AcM-AcM,M,239.47889392681523,2
430,788,Rostral amygdalopiriform area,RAPir,160,255,169,36400,698.0,OLF,,6,0.0,0.6839999999999999,0.0,323,MM4,20240610_16_04_11_OP_TRAP_MM4A_Destripe_DONE,AcM-AcM,M,472.2222222222223,2
431,408,Rostral amygdalopiriform area 1,RAPir1,160,255,169,36600,788.0,RAPir,,7,0.1978,0.1978,299.0,299,MM4,20240610_16_04_11_OP_TRAP_MM4A_Destripe_DONE,AcM-AcM,M,1511.6279069767443,2
432,416,Rostral amygdalopiriform area 2,RAPir2,160,255,169,36700,788.0,RAPir,,7,0.12224,0.12224,1.0,1,MM4,20240610_16_04_11_OP_TRAP_MM4A_Destripe_DONE,AcM-AcM,M,8.180628272251308,2
433,424,Rostral amygdalopiriform area 3,RAPir3,160,255,169,36800,788.0,RAPir,,7,0.36396,0.36396,23.0,23,MM4,20240610_16_04_11_OP_TRAP_MM4A_Destripe_DONE,AcM-AcM,M,63.193757555775356,2
434,566,Amygdalopiriform transition area,Apir,160,255,166,36900,698.0,OLF,,6,0.06804,0.71588,107.0,641,MM4,20240610_16_04_11_OP_TRAP_MM4A_Destripe_DONE,AcM-AcM,M,895.4014639325027,2
435,1140,"Postpiriform transition area, layers 1",APir1,160,255,166,37100,566.0,Apir,,7,0.11028,0.11028,344.0,344,MM4,20240610_16_04_11_OP_TRAP_MM4A_Destripe_DONE,AcM-AcM,M,3119.3326079071453,2
436,1141,"Postpiriform transition area, layers 2",APir2,160,255,166,37200,566.0,Apir,,7,0.06576,0.06576,5.0,5,MM4,20240610_16_04_11_OP_TRAP_MM4A_Destripe_DONE,AcM-AcM,M,76.03406326034063,2
437,1142,"Postpiriform transition area, layers 3",APir3,160,255,166,37300,566.0,Apir,,7,0.4718,0.4718,185.0,185,MM4,20240610_16_04_11_OP_TRAP_MM4A_Destripe_DONE,AcM-AcM,M,392.1153030945316,2
438,1089,Hippocampal formation,HPF,144,255,176,37400,695.0,CTXpl,,5,0.0,42.02568000000001,0.0,67096,MM4,20240610_16_04_11_OP_TRAP_MM4A_Destripe_DONE,AcM-AcM,M,1596.5476346843166,2
439,1080,Hippocampal region,HIP,121,255,128,37500,1089.0,HPF,,6,0.0,23.49792,0.0,17022,MM4,20240610_16_04_11_OP_TRAP_MM4A_Destripe_DONE,AcM-AcM,M,724.4045430404053,2
440,375,Ammon's horn,CA,122,255,122,37600,1080.0,HIP,,7,0.0,16.520280000000003,0.0,10256,MM4,20240610_16_04_11_OP_TRAP_MM4A_Destripe_DONE,AcM-AcM,M,620.8127223025274,2
441,382,Field CA1 of the hippocampus,CA1,122,255,121,37700,375.0,CA,,8,0.0,8.84636,0.0,4256,MM4,20240610_16_04_11_OP_TRAP_MM4A_Destripe_DONE,AcM-AcM,M,481.1018317138348,2
442,391,Field CA1 of the hippocampus- lacunosum moleculare layer of the hippocampus,CA1_LMol ,123,255,121,37800,382.0,CA1,,9,2.12292,2.12292,300.0,300,MM4,20240610_16_04_11_OP_TRAP_MM4A_Destripe_DONE,AcM-AcM,M,141.3147928325137,2
443,399,Field CA1 of the hippocampus- oriens layer of the hippocampus,CA1_Or,124,255,121,37900,382.0,CA1,,9,2.04284,2.04284,2135.0,2135,MM4,20240610_16_04_11_OP_TRAP_MM4A_Destripe_DONE,AcM-AcM,M,1045.1136652894988,2
444,407,Field CA1 of the hippocampus- pyramidal layer of the hippocampus,CA1_Py,75,230,70,38000,382.0,CA1,,9,0.91096,0.91096,875.0,875,MM4,20240610_16_04_11_OP_TRAP_MM4A_Destripe_DONE,AcM-AcM,M,960.5251602704839,2
445,415,Field CA1 of the hippocampus- radiatum layer of the hippocampus,CA1_Rad,126,255,121,38100,382.0,CA1,,9,3.76964,3.76964,946.0,946,MM4,20240610_16_04_11_OP_TRAP_MM4A_Destripe_DONE,AcM-AcM,M,250.9523455820715,2
446,423,Field CA2 of the hippocampus,CA2,122,255,120,38200,375.0,CA,,8,0.0,1.354,0.0,410,MM4,20240610_16_04_11_OP_TRAP_MM4A_Destripe_DONE,AcM-AcM,M,302.8064992614475,2
447,431,Field CA2 of the hippocampus- lacunosum moleculare layer of the hippocampus,CA2_LMol ,123,255,120,38300,423.0,CA2,,9,0.35808,0.35808,26.0,26,MM4,20240610_16_04_11_OP_TRAP_MM4A_Destripe_DONE,AcM-AcM,M,72.609472743521,2
448,438,Field CA2 of the hippocampus- oriens layer of the hippocampus,CA2_Or,124,255,120,38400,423.0,CA2,,9,0.37412,0.37412,232.0,232,MM4,20240610_16_04_11_OP_TRAP_MM4A_Destripe_DONE,AcM-AcM,M,620.121886025874,2
449,446,Field CA2 of the hippocampus- pyramidal layer of the hippocampus,CA2_Py,75,230,70,38500,423.0,CA2,,9,0.19168,0.19168,80.0,80,MM4,20240610_16_04_11_OP_TRAP_MM4A_Destripe_DONE,AcM-AcM,M,417.3622704507513,2
450,454,Field CA2 of the hippocampus- radiatum layer of the hippocampus,CA2_Rad,126,255,120,38600,423.0,CA2,,9,0.43012,0.43012,72.0,72,MM4,20240610_16_04_11_OP_TRAP_MM4A_Destripe_DONE,AcM-AcM,M,167.3951455407793,2
451,463,Field CA3 of the hippocampus,CA3,122,255,119,38700,375.0,CA,,8,0.0,6.3199200000000015,0.0,5590,MM4,20240610_16_04_11_OP_TRAP_MM4A_Destripe_DONE,AcM-AcM,M,884.5048671502169,2
452,471,Field CA3 of the hippocampus- lacunosum moleculare layer of the hippocampus,CA3_LMol ,123,255,119,38800,463.0,CA3,,9,0.1986,0.1986,20.0,20,MM4,20240610_16_04_11_OP_TRAP_MM4A_Destripe_DONE,AcM-AcM,M,100.70493454179255,2
453,479,Field CA3 of the hippocampus- stratum lucidum of the hippocampus,SLu ,124,255,119,38900,463.0,CA3,,9,0.379,0.379,153.0,153,MM4,20240610_16_04_11_OP_TRAP_MM4A_Destripe_DONE,AcM-AcM,M,403.6939313984169,2
454,486,Field CA3 of the hippocampus- oriens layer of the hippocampus,CA3_Or,125,255,119,39000,463.0,CA3,,9,2.9211600000000004,2.9211600000000004,3636.0,3636,MM4,20240610_16_04_11_OP_TRAP_MM4A_Destripe_DONE,AcM-AcM,M,1244.7110052171054,2
455,495,Field CA3 of the hippocampus- pyramidal layer of the hippocampus,CA3_Py,75,230,70,39100,463.0,CA3,,9,1.3660800000000002,1.3660800000000002,1235.0,1235,MM4,20240610_16_04_11_OP_TRAP_MM4A_Destripe_DONE,AcM-AcM,M,904.0466151323494,2
456,504,Field CA3 of the hippocampus- radiatum layer of the hippocampus,CA3_Rad,127,255,119,39200,463.0,CA3,,9,1.4550800000000002,1.4550800000000002,546.0,546,MM4,20240610_16_04_11_OP_TRAP_MM4A_Destripe_DONE,AcM-AcM,M,375.2371003656156,2
457,726,Dentate gyrus,DG,114,250,114,39300,1080.0,HIP,,7,0.12584,6.92332,1052.0,6742,MM4,20240610_16_04_11_OP_TRAP_MM4A_Destripe_DONE,AcM-AcM,M,973.8102528844543,2
458,10703,Molecular layer of the dentate gyrus,MoDG,114,250,114,39400,726.0,DG,,8,4.30776,4.30776,3838.0,3838,MM4,20240610_16_04_11_OP_TRAP_MM4A_Destripe_DONE,AcM-AcM,M,890.9502850669489,2
459,10704,Polymorph layer of the dentate gyrus,PoDG,94,230,94,39500,726.0,DG,,8,0.89792,0.89792,965.0,965,MM4,20240610_16_04_11_OP_TRAP_MM4A_Destripe_DONE,AcM-AcM,M,1074.705987170349,2
460,632,Granule cell layer of the dentate gyrus,GrDG,64,200,64,39600,726.0,DG,,8,1.5918,1.5918,887.0,887,MM4,20240610_16_04_11_OP_TRAP_MM4A_Destripe_DONE,AcM-AcM,M,557.2308078904384,2
461,982,Fasciola cinereum,FC,114,253,114,41000,1080.0,HIP,,7,0.02612,0.02612,8.0,8,MM4,20240610_16_04_11_OP_TRAP_MM4A_Destripe_DONE,AcM-AcM,M,306.2787136294028,2
462,19,Induseum griseum,IG,114,254,114,41100,1080.0,HIP,,7,0.0282,0.0282,16.0,16,MM4,20240610_16_04_11_OP_TRAP_MM4A_Destripe_DONE,AcM-AcM,M,567.3758865248227,2
463,822,Retrohippocampal region,RHP,144,255,176,41200,1089.0,HPF,,6,0.0,18.52776,0.0,50074,MM4,20240610_16_04_11_OP_TRAP_MM4A_Destripe_DONE,AcM-AcM,M,2702.647270905927,2
464,909,Entorhinal area,ENT,128,255,144,41300,822.0,RHP,,7,0.0,10.674080000000002,0.0,34346,MM4,20240610_16_04_11_OP_TRAP_MM4A_Destripe_DONE,AcM-AcM,M,3217.7011976676204,2
465,918,Dorsolateral entorhinal cortex,DLEnt,128,255,145,41350,909.0,ENT,,8,0.00796,3.6304,0.0,10699,MM4,20240610_16_04_11_OP_TRAP_MM4A_Destripe_DONE,AcM-AcM,M,2947.058175407669,2
466,1121,"Dorsolateral entorhinal cortex, layer 1",DLEnt1,0,104,101,41400,918.0,DLEnt,,9,0.6287200000000001,0.6287200000000001,4224.0,4224,MM4,20240610_16_04_11_OP_TRAP_MM4A_Destripe_DONE,AcM-AcM,M,6718.412011706323,2
467,20,"Dorsolateral entorhinal cortex, layer 2",DLEnt2,0,114,116,41500,918.0,DLEnt,,9,0.52212,0.52212,2000.0,2000,MM4,20240610_16_04_11_OP_TRAP_MM4A_Destripe_DONE,AcM-AcM,M,3830.5370412931893,2
468,999,"Dorsolateral entorhinal cortex, layer 2/3",DLEnt2/3,50,133,139,41600,918.0,DLEnt,,9,0.42488,0.42488,352.0,352,MM4,20240610_16_04_11_OP_TRAP_MM4A_Destripe_DONE,AcM-AcM,M,828.4692148371305,2
469,715,"Dorsolateral entorhinal cortex, layer 2a",DLEnta,0,115,122,41700,918.0,DLEnt,,9,0.0,0.0,0.0,0,MM4,20240610_16_04_11_OP_TRAP_MM4A_Destripe_DONE,AcM-AcM,M,0.0,2
470,764,"Dorsolateral entorhinal cortex, layer 2b",DLEntb,0,128,132,41800,918.0,DLEnt,,9,0.0,0.0,0.0,0,MM4,20240610_16_04_11_OP_TRAP_MM4A_Destripe_DONE,AcM-AcM,M,0.0,2
471,52,"Dorsolateral entorhinal cortex, layer 3",DLEnt3,86,151,158,41900,918.0,DLEnt,,9,0.7162400000000001,0.7162400000000001,1735.0,1735,MM4,20240610_16_04_11_OP_TRAP_MM4A_Destripe_DONE,AcM-AcM,M,2422.3723891433037,2
472,92,"Dorsolateral entorhinal cortex, layer 4",DLEnt4,117,161,167,42000,918.0,DLEnt,,9,0.0,0.0,0.0,0,MM4,20240610_16_04_11_OP_TRAP_MM4A_Destripe_DONE,AcM-AcM,M,0.0,2
473,312,"Dorsolateral entorhinal cortex, layer 4/5",DLEnt4/5,157,184,189,42100,918.0,DLEnt,,9,0.0,0.0,0.0,0,MM4,20240610_16_04_11_OP_TRAP_MM4A_Destripe_DONE,AcM-AcM,M,0.0,2
474,139,"Dorsolateral entorhinal cortex, layer 5",DLEnt5,190,204,206,42200,918.0,DLEnt,,9,0.8913200000000001,0.8913200000000001,1130.0,1130,MM4,20240610_16_04_11_OP_TRAP_MM4A_Destripe_DONE,AcM-AcM,M,1267.7826145492077,2
475,387,"Dorsolateral entorhinal cortex, layer 5/6",DLEnt5/6,138,168,168,42300,918.0,DLEnt,,9,0.0,0.0,0.0,0,MM4,20240610_16_04_11_OP_TRAP_MM4A_Destripe_DONE,AcM-AcM,M,0.0,2
476,28,"Dorsolateral entorhinal cortex, layer 6a",DLEnt6a,148,179,173,42400,918.0,DLEnt,,9,0.37576,0.37576,1098.0,1098,MM4,20240610_16_04_11_OP_TRAP_MM4A_Destripe_DONE,AcM-AcM,M,2922.0779220779223,2
477,60,"Dorsolateral entorhinal cortex, layer 6b",DLEnt6b,180,199,193,42500,918.0,DLEnt,,9,0.0634,0.0634,160.0,160,MM4,20240610_16_04_11_OP_TRAP_MM4A_Destripe_DONE,AcM-AcM,M,2523.659305993691,2
478,926,Dorsal intermediate entorhinal cortex,DIEnt,128,255,146,42700,909.0,ENT,,8,0.0,1.41464,0.0,3421,MM4,20240610_16_04_11_OP_TRAP_MM4A_Destripe_DONE,AcM-AcM,M,2418.2830967595996,2
479,526,"Dorsal intermediate entorhinal cortex, layer 1",DIEnt1,0,104,87,42800,926.0,DIEnt,,9,0.22844,0.22844,1297.0,1297,MM4,20240610_16_04_11_OP_TRAP_MM4A_Destripe_DONE,AcM-AcM,M,5677.6396427946065,2
480,543,"Dorsal intermediate entorhinal cortex, layer 2",DIEnt2,0,118,106,42900,926.0,DIEnt,,9,0.26944,0.26944,228.0,228,MM4,20240610_16_04_11_OP_TRAP_MM4A_Destripe_DONE,AcM-AcM,M,846.1995249406175,2
481,468,"Dorsal intermediate entorhinal cortex, layer 2a",DIEnt2a,1,118,106,43000,926.0,DIEnt,,9,0.0,0.0,0.0,0,MM4,20240610_16_04_11_OP_TRAP_MM4A_Destripe_DONE,AcM-AcM,M,0.0,2
482,508,"Dorsal intermediate entorhinal cortex, layer 2b",DIEnt2b,2,118,106,43100,926.0,DIEnt,,9,0.0,0.0,0.0,0,MM4,20240610_16_04_11_OP_TRAP_MM4A_Destripe_DONE,AcM-AcM,M,0.0,2
483,2408,"Dorsal intermediate entorhinal cortex, layer 2/3",DIEnt2/3,2,118,106,43110,926.0,DIEnt,,9,0.0,0.0,0.0,0,MM4,20240610_16_04_11_OP_TRAP_MM4A_Destripe_DONE,AcM-AcM,M,0.0,2
484,664,"Dorsal intermediate entorhinal cortex, layer 3",DIEnt3,36,122,111,43200,926.0,DIEnt,,9,0.42136,0.42136,684.0,684,MM4,20240610_16_04_11_OP_TRAP_MM4A_Destripe_DONE,AcM-AcM,M,1623.3149800645529,2
485,712,"Dorsal intermediate entorhinal cortex, layer 4",DIEnt4,63,135,126,43300,926.0,DIEnt,,9,0.0,0.0,0.0,0,MM4,20240610_16_04_11_OP_TRAP_MM4A_Destripe_DONE,AcM-AcM,M,0.0,2
486,727,"Dorsal intermediate entorhinal cortex, layer 5",DIEnt5,64,135,126,43400,926.0,DIEnt,,9,0.43092,0.43092,772.0,772,MM4,20240610_16_04_11_OP_TRAP_MM4A_Destripe_DONE,AcM-AcM,M,1791.5158266035457,2
487,550,"Dorsal intermediate entorhinal cortex, layer 5/6",DIEnt5/6,81,139,133,43500,926.0,DIEnt,,9,0.0,0.0,0.0,0,MM4,20240610_16_04_11_OP_TRAP_MM4A_Destripe_DONE,AcM-AcM,M,0.0,2
488,743,"Dorsal intermediate entorhinal cortex, layer 6",DIEnt6,108,156,152,43600,926.0,DIEnt,,9,0.06448,0.06448,440.0,440,MM4,20240610_16_04_11_OP_TRAP_MM4A_Destripe_DONE,AcM-AcM,M,6823.821339950373,2
489,934,Ventral intermediate entorhinal cortex,VIEnt,128,255,147,43700,909.0,ENT,,8,0.0,0.9976,0.0,3598,MM4,20240610_16_04_11_OP_TRAP_MM4A_Destripe_DONE,AcM-AcM,M,3606.655974338412,2
490,259,"Ventral intermediate entorhinal cortex, layer 1",VIEnt1,0,104,96,43800,934.0,VIEnt,,9,0.21744,0.21744,1586.0,1586,MM4,20240610_16_04_11_OP_TRAP_MM4A_Destripe_DONE,AcM-AcM,M,7293.966151582046,2
491,324,"Ventral intermediate entorhinal cortex, layer 2",VIEnt2,0,117,111,43900,934.0,VIEnt,,9,0.22568,0.22568,129.0,129,MM4,20240610_16_04_11_OP_TRAP_MM4A_Destripe_DONE,AcM-AcM,M,571.6058135412974,2
492,371,"Ventral intermediate entorhinal cortex, layer 3",VIEnt3,35,122,117,44000,934.0,VIEnt,,9,0.24388,0.24388,496.0,496,MM4,20240610_16_04_11_OP_TRAP_MM4A_Destripe_DONE,AcM-AcM,M,2033.787108413974,2
493,419,"Ventral intermediate entorhinal cortex, layer 4",VIEnt4,62,135,133,44100,934.0,VIEnt,,9,0.0,0.0,0.0,0,MM4,20240610_16_04_11_OP_TRAP_MM4A_Destripe_DONE,AcM-AcM,M,0.0,2
494,1133,"Ventral intermediate entorhinal cortex, layer 5/6",VIEnt5/6,80,140,140,44200,934.0,VIEnt,,9,0.3106,0.3106,1387.0,1387,MM4,20240610_16_04_11_OP_TRAP_MM4A_Destripe_DONE,AcM-AcM,M,4465.550547327753,2
495,2159,Medial entorhinal cortex,MEnt,80,140,140,44220,909.0,ENT,,8,0.5506800000000001,1.43856,2059.0,6074,MM4,20240610_16_04_11_OP_TRAP_MM4A_Destripe_DONE,AcM-AcM,M,4222.277833388945,2
496,2164,"Medial entorhinal cortex, layer 1",MEnt1,80,140,140,44230,2159.0,MEnt,,9,0.12176,0.12176,1174.0,1174,MM4,20240610_16_04_11_OP_TRAP_MM4A_Destripe_DONE,AcM-AcM,M,9641.9185282523,2
497,2444,"Medial entorhinal cortex, layer 2",MEnt2,80,140,140,44240,2159.0,MEnt,,9,0.15692,0.15692,821.0,821,MM4,20240610_16_04_11_OP_TRAP_MM4A_Destripe_DONE,AcM-AcM,M,5231.965332653582,2
498,2445,"Medial entorhinal cortex, layer 3",MEnt3,80,140,140,44250,2159.0,MEnt,,9,0.30988,0.30988,863.0,863,MM4,20240610_16_04_11_OP_TRAP_MM4A_Destripe_DONE,AcM-AcM,M,2784.949012520976,2
499,2446,"Medial entorhinal cortex, layer 5",MEnt5,80,140,140,44260,2159.0,MEnt,,9,0.17212,0.17212,668.0,668,MM4,20240610_16_04_11_OP_TRAP_MM4A_Destripe_DONE,AcM-AcM,M,3881.013246572159,2
500,2447,"Medial entorhinal cortex, layer 6",MEnt6,80,140,140,44270,2159.0,MEnt,,9,0.1272,0.1272,489.0,489,MM4,20240610_16_04_11_OP_TRAP_MM4A_Destripe_DONE,AcM-AcM,M,3844.3396226415093,2
501,2161,Caudomedial entothinal cortex,CEnt,80,140,140,44280,909.0,ENT,,8,0.34336,3.19288,1331.0,10554,MM4,20240610_16_04_11_OP_TRAP_MM4A_Destripe_DONE,AcM-AcM,M,3305.4796923154017,2
502,2448,"Caudomedial entothinal cortex, layer 1",CEnt1,80,140,140,44290,2161.0,CEnt,,9,0.6903600000000001,0.6903600000000001,4300.0,4300,MM4,20240610_16_04_11_OP_TRAP_MM4A_Destripe_DONE,AcM-AcM,M,6228.6343357089045,2
503,2449,"Caudomedial entothinal cortex, layer 2",CEnt2,80,140,140,44291,2161.0,CEnt,,9,0.7806400000000001,0.7806400000000001,2288.0,2288,MM4,20240610_16_04_11_OP_TRAP_MM4A_Destripe_DONE,AcM-AcM,M,2930.928468948555,2
504,2450,"Caudomedial entothinal cortex, layer 3",CEnt3,80,140,140,44292,2161.0,CEnt,,9,0.8563200000000001,0.8563200000000001,1536.0,1536,MM4,20240610_16_04_11_OP_TRAP_MM4A_Destripe_DONE,AcM-AcM,M,1793.7219730941702,2
505,2451,"Caudomedial entothinal cortex, layer 5",CEnt5,80,140,140,44293,2161.0,CEnt,,9,0.4638,0.4638,1012.0,1012,MM4,20240610_16_04_11_OP_TRAP_MM4A_Destripe_DONE,AcM-AcM,M,2181.9749892194914,2
506,2452,"Caudomedial entothinal cortex, layer 6",CEnt6,80,140,140,44294,2161.0,CEnt,,9,0.0584,0.0584,87.0,87,MM4,20240610_16_04_11_OP_TRAP_MM4A_Destripe_DONE,AcM-AcM,M,1489.7260273972602,2
507,1084,Presubiculum,PsS,129,255,161,45190,822.0,RHP,,7,0.0,0.5838399999999999,0.0,967,MM4,20240610_16_04_11_OP_TRAP_MM4A_Destripe_DONE,AcM-AcM,M,1656.2756919704032,2
508,10699,"Presubiculum, layer 1",PsS1,129,255,161,45200,1084.0,PsS,,8,0.14672,0.14672,368.0,368,MM4,20240610_16_04_11_OP_TRAP_MM4A_Destripe_DONE,AcM-AcM,M,2508.178844056707,2
509,10700,"Presubiculum, layer 2",PsS2,129,255,161,45300,1084.0,PsS,,8,0.31728,0.31728,431.0,431,MM4,20240610_16_04_11_OP_TRAP_MM4A_Destripe_DONE,AcM-AcM,M,1358.421583459405,2
510,10701,"Presubiculum, layer 3",PsS3,129,255,161,45400,1084.0,PsS,,8,0.11984,0.11984,168.0,168,MM4,20240610_16_04_11_OP_TRAP_MM4A_Destripe_DONE,AcM-AcM,M,1401.8691588785045,2
511,843,Parasubiculum,PaS,129,255,160,44300,822.0,RHP,,7,0.04012,1.3035599999999998,14.0,2613,MM4,20240610_16_04_11_OP_TRAP_MM4A_Destripe_DONE,AcM-AcM,M,2004.5107244775847,2
512,10693,"Parasubiculum, layer 1",PaS1,129,255,160,44400,843.0,PaS,,8,0.3246,0.3246,1226.0,1226,MM4,20240610_16_04_11_OP_TRAP_MM4A_Destripe_DONE,AcM-AcM,M,3776.9562538508935,2
513,10694,"Parasubiculum, layer 2",PaS2,129,255,160,44500,843.0,PaS,,8,0.74528,0.74528,1021.0,1021,MM4,20240610_16_04_11_OP_TRAP_MM4A_Destripe_DONE,AcM-AcM,M,1369.9549162730784,2
514,10695,"Parasubiculum, layer 3",PaS3,129,255,160,44600,843.0,PaS,,8,0.19356,0.19356,352.0,352,MM4,20240610_16_04_11_OP_TRAP_MM4A_Destripe_DONE,AcM-AcM,M,1818.5575532134737,2
515,1037,Postsubiculum,Post,128,255,160,44700,822.0,RHP,,7,0.0,1.1509200000000002,0.0,604,MM4,20240610_16_04_11_OP_TRAP_MM4A_Destripe_DONE,AcM-AcM,M,524.7975532617384,2
516,10696,"Postsubiculum, layer 1",Post1,128,255,160,44800,1037.0,Post,,8,0.29304,0.29304,285.0,285,MM4,20240610_16_04_11_OP_TRAP_MM4A_Destripe_DONE,AcM-AcM,M,972.5634725634725,2
517,10697,"Postsubiculum, layer 2",Post2,128,255,160,44900,1037.0,Post,,8,0.5708000000000001,0.5708000000000001,211.0,211,MM4,20240610_16_04_11_OP_TRAP_MM4A_Destripe_DONE,AcM-AcM,M,369.65662228451293,2
518,10698,"Postsubiculum, layer 3",Post3,128,255,160,45000,1037.0,Post,,8,0.28708,0.28708,108.0,108,MM4,20240610_16_04_11_OP_TRAP_MM4A_Destripe_DONE,AcM-AcM,M,376.20175560819285,2
519,502,Subiculum,SUB,128,255,151,45500,822.0,RHP,,7,0.04432,4.81536,22.0,11544,MM4,20240610_16_04_11_OP_TRAP_MM4A_Destripe_DONE,AcM-AcM,M,2397.3285486443383,2
520,509,Dorsal subiculum,DS,129,255,151,45600,502.0,SUB,,8,0.8127200000000001,1.29672,663.0,1296,MM4,20240610_16_04_11_OP_TRAP_MM4A_Destripe_DONE,AcM-AcM,M,999.4447529150472,2
521,829,"Dorsal subiculum, molecular layer",DS-m,129,255,151,45700,509.0,DS,,9,0.0638,0.0638,62.0,62,MM4,20240610_16_04_11_OP_TRAP_MM4A_Destripe_DONE,AcM-AcM,M,971.7868338557994,2
522,845,"Dorsal subiculum, pyramidal layer",DS-sp,100,230,121,45800,509.0,DS,,9,0.32268,0.32268,482.0,482,MM4,20240610_16_04_11_OP_TRAP_MM4A_Destripe_DONE,AcM-AcM,M,1493.7399281021444,2
523,837,"Dorsal subiculum, stratum radiatum",DS-sr,129,255,151,45900,509.0,DS,,9,0.09752,0.09752,89.0,89,MM4,20240610_16_04_11_OP_TRAP_MM4A_Destripe_DONE,AcM-AcM,M,912.6333059885152,2
524,518,Ventral subiculum,VeS,130,255,151,46000,502.0,SUB,,8,0.60468,1.083,2727.0,5161,MM4,20240610_16_04_11_OP_TRAP_MM4A_Destripe_DONE,AcM-AcM,M,4765.466297322253,2
525,853,"Ventral subiculum, molecular layer",VeS-m,130,255,151,46100,518.0,VeS,,9,0.08728,0.08728,56.0,56,MM4,20240610_16_04_11_OP_TRAP_MM4A_Destripe_DONE,AcM-AcM,M,641.6131989000917,2
526,870,"Ventral subiculum, pyramidal layer",VeS-sp,100,230,121,46200,518.0,VeS,,9,0.27976,0.27976,2046.0,2046,MM4,20240610_16_04_11_OP_TRAP_MM4A_Destripe_DONE,AcM-AcM,M,7313.41149556763,2
527,861,"Ventral subiculum, stratum radiatum",VeS-sr,130,255,151,46300,518.0,VeS,,9,0.11128,0.11128,332.0,332,MM4,20240610_16_04_11_OP_TRAP_MM4A_Destripe_DONE,AcM-AcM,M,2983.4651329978433,2
528,2440,"Subiculum, transition area",STr,130,255,151,46310,502.0,SUB,,8,0.0,2.39132,0.0,5065,MM4,20240610_16_04_11_OP_TRAP_MM4A_Destripe_DONE,AcM-AcM,M,2118.0770453138853,2
529,2441,"Subiculum, transition area, molecular layer",STr-m,130,255,151,46320,2440.0,STr,,9,0.3678,0.3678,106.0,106,MM4,20240610_16_04_11_OP_TRAP_MM4A_Destripe_DONE,AcM-AcM,M,288.200108754758,2
530,2442,"Subiculum, transition area, pyramidal layer",STr-sp,130,255,151,46330,2440.0,STr,,9,1.69652,1.69652,4660.0,4660,MM4,20240610_16_04_11_OP_TRAP_MM4A_Destripe_DONE,AcM-AcM,M,2746.799330393983,2
531,2443,"Subiculum, transition area, stratum radiatum",STr-sr,130,255,151,46340,2440.0,STr,,9,0.327,0.327,299.0,299,MM4,20240610_16_04_11_OP_TRAP_MM4A_Destripe_DONE,AcM-AcM,M,914.3730886850152,2
532,703,Cortical subplate,CTXsp,80,255,80,46400,688.0,CTX,,4,0.3314,9.459600000000002,200.0,11600,MM4,20240610_16_04_11_OP_TRAP_MM4A_Destripe_DONE,AcM-AcM,M,1226.267495454353,2
533,16,"Layer 6b, isocortex",6b,80,255,81,46500,703.0,CTXsp,,5,0.0,0.0,0.0,0,MM4,20240610_16_04_11_OP_TRAP_MM4A_Destripe_DONE,AcM-AcM,M,0.0,2
534,583,Claustrum,Cl,80,255,85,46600,703.0,CTXsp,,5,0.22808,0.81,974.0,2800,MM4,20240610_16_04_11_OP_TRAP_MM4A_Destripe_DONE,AcM-AcM,M,3456.79012345679,2
535,2002,Dorsal claustrum,DCl,80,255,85,46610,583.0,Cl,,6,0.22824,0.22824,820.0,820,MM4,20240610_16_04_11_OP_TRAP_MM4A_Destripe_DONE,AcM-AcM,M,3592.7094286715737,2
536,2003,Ventral claustrum,VCl,80,255,85,46620,583.0,Cl,,6,0.35368,0.35368,1006.0,1006,MM4,20240610_16_04_11_OP_TRAP_MM4A_Destripe_DONE,AcM-AcM,M,2844.3790997511874,2
537,942,Endopiriform nucleus,En,80,255,87,46700,703.0,CTXsp,,5,0.0,3.42052,0.0,5109,MM4,20240610_16_04_11_OP_TRAP_MM4A_Destripe_DONE,AcM-AcM,M,1493.6325470981021,2
538,952,Dorsal endopiriform nucleus,DEn ,81,255,87,46800,942.0,En,,6,2.31928,2.31928,3056.0,3056,MM4,20240610_16_04_11_OP_TRAP_MM4A_Destripe_DONE,AcM-AcM,M,1317.650305267152,2
539,966,Ventral endopiriform nucleus,VEn,82,255,87,46900,942.0,En,,6,0.40064,0.40064,94.0,94,MM4,20240610_16_04_11_OP_TRAP_MM4A_Destripe_DONE,AcM-AcM,M,234.62460063897763,2
540,2085,Intermediate endopiriform claustrum,IEn,82,255,87,46910,942.0,En,,6,0.6754800000000001,0.6754800000000001,1945.0,1945,MM4,20240610_16_04_11_OP_TRAP_MM4A_Destripe_DONE,AcM-AcM,M,2879.433884052821,2
541,2426,Retroendopiriform nucleus ,REn,82,255,87,46920,942.0,En,,6,0.02512,0.02512,14.0,14,MM4,20240610_16_04_11_OP_TRAP_MM4A_Destripe_DONE,AcM-AcM,M,557.3248407643312,2
542,131,Lateral amygdaloid nucleus,La,80,255,88,47000,703.0,CTXsp,,5,0.00996,0.7614799999999999,5.0,709,MM4,20240610_16_04_11_OP_TRAP_MM4A_Destripe_DONE,AcM-AcM,M,931.0815779797238,2
543,2068,"Lateral amygdaloid nucleus, dorsolateral part",LaDL,80,255,88,47010,131.0,La,,6,0.41288,0.41288,463.0,463,MM4,20240610_16_04_11_OP_TRAP_MM4A_Destripe_DONE,AcM-AcM,M,1121.391203255183,2
544,2052,"Lateral amygdaloid nucleus, ventrolateral part",LaVL,80,255,88,47020,131.0,La,,6,0.16652,0.16652,75.0,75,MM4,20240610_16_04_11_OP_TRAP_MM4A_Destripe_DONE,AcM-AcM,M,450.3963487869325,2
545,2060,"Lateral amygdaloid nucleus, ventromedial part",LaVM,80,255,88,47030,131.0,La,,6,0.17212,0.17212,166.0,166,MM4,20240610_16_04_11_OP_TRAP_MM4A_Destripe_DONE,AcM-AcM,M,964.443411573321,2
546,295,Basolateral amygdalar nucleus,BL,80,255,83,47100,703.0,CTXsp,,5,0.0,1.84388,0.0,812,MM4,20240610_16_04_11_OP_TRAP_MM4A_Destripe_DONE,AcM-AcM,M,440.3757294400937,2
547,303,"Basolateral amygdaloid nucleus, anterior part",BLA,81,255,83,47200,295.0,BL,,6,0.6639600000000001,0.6639600000000001,382.0,382,MM4,20240610_16_04_11_OP_TRAP_MM4A_Destripe_DONE,AcM-AcM,M,575.3358636062412,2
548,311,"Basolateral amygdaloid nucleus, posterior part",BLP,82,255,83,47300,295.0,BL,,6,0.93236,0.93236,365.0,365,MM4,20240610_16_04_11_OP_TRAP_MM4A_Destripe_DONE,AcM-AcM,M,391.47968595821357,2
549,451,"Basolateral amygdaloid nucleus, ventral part",BLV,73,255,83,47400,295.0,BL,,6,0.24756,0.24756,65.0,65,MM4,20240610_16_04_11_OP_TRAP_MM4A_Destripe_DONE,AcM-AcM,M,262.5626110841816,2
550,319,Basomedial amygdalar nucleus,BM,80,255,84,47500,703.0,CTXsp,,5,0.0,1.23544,0.0,866,MM4,20240610_16_04_11_OP_TRAP_MM4A_Destripe_DONE,AcM-AcM,M,700.9648384381272,2
551,327,"Basomedial amygdaloid nucleus, anterior part",BMA,81,255,84,47600,319.0,BM,,6,0.5586000000000001,0.5586000000000001,497.0,497,MM4,20240610_16_04_11_OP_TRAP_MM4A_Destripe_DONE,AcM-AcM,M,889.7243107769422,2
552,334,"Basomedial amygdaloid nucleus, posterior part",BMP,82,255,84,47700,319.0,BM,,6,0.6768400000000001,0.6768400000000001,369.0,369,MM4,20240610_16_04_11_OP_TRAP_MM4A_Destripe_DONE,AcM-AcM,M,545.180544885054,2
553,780,Amygdalohippocampal area,AHi,80,255,89,47800,703.0,CTXsp,,5,0.0,1.05688,0.0,1104,MM4,20240610_16_04_11_OP_TRAP_MM4A_Destripe_DONE,AcM-AcM,M,1044.5840587389296,2
554,2086,"Amygdalohippocampal area, anterolateral part",AHiAL,80,255,89,47810,780.0,AHi,,6,0.59196,0.59196,453.0,453,MM4,20240610_16_04_11_OP_TRAP_MM4A_Destripe_DONE,AcM-AcM,M,765.2544090816947,2
555,2087,"Amygdalohippocampal area, posteromedial part",AHiPM,80,255,89,47820,780.0,AHi,,6,0.4058,0.4058,612.0,612,MM4,20240610_16_04_11_OP_TRAP_MM4A_Destripe_DONE,AcM-AcM,M,1508.132084770823,2
556,2088,"Amygdalohippocampal area, posterolateral",AHiPL,80,255,89,47830,780.0,AHi,,6,0.05912,0.05912,39.0,39,MM4,20240610_16_04_11_OP_TRAP_MM4A_Destripe_DONE,AcM-AcM,M,659.6752368064953,2
557,623,Cerebral nuclei,CNU,176,216,255,47900,567.0,CH,,3,0.0,54.45400000000001,0.0,80197,MM4,20240610_16_04_11_OP_TRAP_MM4A_Destripe_DONE,AcM-AcM,M,1472.7476402100854,2
558,477,Striatum,STR,160,200,232,48000,623.0,CNU,,4,0.0,44.5232,0.0,70587,MM4,20240610_16_04_11_OP_TRAP_MM4A_Destripe_DONE,AcM-AcM,M,1585.3981744349012,2
559,485,Striatum dorsal region,STRd,160,216,232,48100,477.0,STR,,5,0.0,25.997280000000003,0.0,26781,MM4,20240610_16_04_11_OP_TRAP_MM4A_Destripe_DONE,AcM-AcM,M,1030.1462306825943,2
560,672,Caudate Putamen ,CP,160,216,248,48200,485.0,STRd,,6,0.0,25.997280000000003,0.0,26781,MM4,20240610_16_04_11_OP_TRAP_MM4A_Destripe_DONE,AcM-AcM,M,1030.1462306825943,2
561,2376,Caudoputamen- rostral extreme,CPre,160,216,248,48210,672.0,CP,,7,0.92276,0.92276,2375.0,2375,MM4,20240610_16_04_11_OP_TRAP_MM4A_Destripe_DONE,AcM-AcM,M,2573.8003381160866,2
562,2491,Caudoputamen- rostral,CPr,160,216,248,48220,672.0,CP,,7,0.0,4.40896,0.0,10275,MM4,20240610_16_04_11_OP_TRAP_MM4A_Destripe_DONE,AcM-AcM,M,2330.4815648134704,2
563,2294,"Caudoputamen- rostral, medial","CPr, m",160,216,248,48221,2491.0,CPr,,8,0.55012,0.55012,3566.0,3566,MM4,20240610_16_04_11_OP_TRAP_MM4A_Destripe_DONE,AcM-AcM,M,6482.222060641314,2
564,2295,"Caudoputamen- rostral, intermediate, dorsal","CPr, imd",160,216,248,48222,2491.0,CPr,,8,0.7992400000000001,0.7992400000000001,3361.0,3361,MM4,20240610_16_04_11_OP_TRAP_MM4A_Destripe_DONE,AcM-AcM,M,4205.244982733597,2
565,2296,"Caudoputamen- rostral, intermediate, ventral","CPr, imv",160,216,248,48223,2491.0,CPr,,8,0.84596,0.84596,1944.0,1944,MM4,20240610_16_04_11_OP_TRAP_MM4A_Destripe_DONE,AcM-AcM,M,2297.9809920090784,2
566,2497,"Caudoputamen- rostral, lateral","CPr, l",160,216,248,48224,2491.0,CPr,,8,0.0,2.2136400000000003,0.0,1404,MM4,20240610_16_04_11_OP_TRAP_MM4A_Destripe_DONE,AcM-AcM,M,634.2494714587737,2
567,2395,"Caudoputamen- rostral, lateral, lateral strip","CPr, l, ls",160,216,248,48225,2497.0,"CPr, l",,9,1.3178,1.3178,1014.0,1014,MM4,20240610_16_04_11_OP_TRAP_MM4A_Destripe_DONE,AcM-AcM,M,769.4642586128396,2
568,2297,"Caudoputamen- rostra,l lateral, ventromedial","CPr, l, vm",160,216,248,48226,2497.0,"CPr, l",,9,0.8958400000000001,0.8958400000000001,390.0,390,MM4,20240610_16_04_11_OP_TRAP_MM4A_Destripe_DONE,AcM-AcM,M,435.3455974281121,2
569,2492,Caudoputamen- intermediate,CPi,160,216,248,48230,672.0,CP,,7,0.0,12.1958,0.0,10870,MM4,20240610_16_04_11_OP_TRAP_MM4A_Destripe_DONE,AcM-AcM,M,891.2904442512996,2
570,2498,"Caudoputamen- intermediate, dorsomedial","CPi, dm",160,216,248,48231,2492.0,CPi,,8,0.0,3.38852,0.0,7952,MM4,20240610_16_04_11_OP_TRAP_MM4A_Destripe_DONE,AcM-AcM,M,2346.7472524878117,2
571,2299,"Caudoputamen- intermediate, dorsomedial, dorsolateral","CPi, dm, dl",160,216,248,48232,2498.0,"CPi, dm",,9,0.86792,0.86792,1217.0,1217,MM4,20240610_16_04_11_OP_TRAP_MM4A_Destripe_DONE,AcM-AcM,M,1402.2029680154853,2
572,2298,"Caudoputamen- intermediate, dorsomedial, intermedial","CPi, dm, im",160,216,248,48233,2498.0,"CPi, dm",,9,0.8002,0.8002,2470.0,2470,MM4,20240610_16_04_11_OP_TRAP_MM4A_Destripe_DONE,AcM-AcM,M,3086.7283179205197,2
573,2374,"Caudoputamen- intermediate, dorsomedial, central dorsal","CPi, dm, cd",160,216,248,48234,2498.0,"CPi, dm",,9,0.7835200000000001,0.7835200000000001,2137.0,2137,MM4,20240610_16_04_11_OP_TRAP_MM4A_Destripe_DONE,AcM-AcM,M,2727.435164386359,2
574,2380,"Caudoputamen- intermediate, dorsomedial, dorsal tip ","CPi, dm, dt",160,216,248,48235,2498.0,"CPi, dm",,9,0.93688,0.93688,2128.0,2128,MM4,20240610_16_04_11_OP_TRAP_MM4A_Destripe_DONE,AcM-AcM,M,2271.368798565451,2
575,2500,"Caudoputamen- intermediate, ventromedial","CPi, vm",160,216,248,48236,2492.0,CPi,,8,0.0,1.86368,0.0,1055,MM4,20240610_16_04_11_OP_TRAP_MM4A_Destripe_DONE,AcM-AcM,M,566.0843063186813,2
576,2302,"Caudoputamen- intermediate, ventromedial, ventromedial","CPi, vm, vm",160,216,248,48237,2500.0,"CPi, vm",,9,0.7884000000000001,0.7884000000000001,807.0,807,MM4,20240610_16_04_11_OP_TRAP_MM4A_Destripe_DONE,AcM-AcM,M,1023.5920852359208,2
577,2480,"Caudoputamen- intermediate, ventromedial, ventral","CPi, vm, v",160,216,248,48238,2500.0,"CPi, vm",,9,0.78376,0.78376,48.0,48,MM4,20240610_16_04_11_OP_TRAP_MM4A_Destripe_DONE,AcM-AcM,M,61.24323772583444,2
578,2483,"Caudoputamen- intermediate, ventromedial, central ventromedial","CPi, vm, cvm",160,216,248,48239,2500.0,"CPi, vm",,9,0.29152,0.29152,200.0,200,MM4,20240610_16_04_11_OP_TRAP_MM4A_Destripe_DONE,AcM-AcM,M,686.0592755214051,2
579,2499,"Caudoputamen- intermediate, dorsolateral, ","CPi, dl",160,216,248,48240,2492.0,CPi,,8,0.0,2.06764,0.0,1409,MM4,20240610_16_04_11_OP_TRAP_MM4A_Destripe_DONE,AcM-AcM,M,681.4532510495058,2
580,2300,"Caudoputamen- intermediate, dorsolateral, dorsal","CPi, dl, d",160,216,248,48241,2499.0,"CPi, dl",,9,1.0643200000000002,1.0643200000000002,904.0,904,MM4,20240610_16_04_11_OP_TRAP_MM4A_Destripe_DONE,AcM-AcM,M,849.3686109440769,2
581,2301,"Caudoputamen- intermediate, dorsolateral, intermedial dorsal","CPi, dl, imd",160,216,248,48242,2499.0,"CPi, dl",,9,1.00332,1.00332,505.0,505,MM4,20240610_16_04_11_OP_TRAP_MM4A_Destripe_DONE,AcM-AcM,M,503.32894789299525,2
582,2501,"Caudoputamen- intermediate, ventrolateral","CPi, vl",160,216,248,48243,2492.0,CPi,,8,0.0,4.87596,0.0,454,MM4,20240610_16_04_11_OP_TRAP_MM4A_Destripe_DONE,AcM-AcM,M,93.10986964618249,2
583,2479,"Caudoputamen- intermediate, ventrolateral, intermedial ventral","CPi, vl, imv",160,216,248,48244,2501.0,"CPi, vl",,9,0.95476,0.95476,41.0,41,MM4,20240610_16_04_11_OP_TRAP_MM4A_Destripe_DONE,AcM-AcM,M,42.94272906280112,2
584,2482,"Caudoputamen- intermediate, ventrolateral, ventral","CPi, vl, v",160,216,248,48245,2501.0,"CPi, vl",,9,1.19744,1.19744,159.0,159,MM4,20240610_16_04_11_OP_TRAP_MM4A_Destripe_DONE,AcM-AcM,M,132.7832709780866,2
585,2481,"Caudoputamen- intermediate, ventrolateral, ventral tip","CPi, vl, vt",160,216,248,48246,2501.0,"CPi, vl",,9,1.92736,1.92736,204.0,204,MM4,20240610_16_04_11_OP_TRAP_MM4A_Destripe_DONE,AcM-AcM,M,105.84426365598539,2
586,2370,"Caudoputamen- intermediate, ventrolateral, central ventrolateral","CPi, vl, cvl",160,216,248,48247,2501.0,"CPi, vl",,9,0.7964000000000001,0.7964000000000001,50.0,50,MM4,20240610_16_04_11_OP_TRAP_MM4A_Destripe_DONE,AcM-AcM,M,62.78252134605725,2
587,2496,Caudoputamen- caudal,CPc,160,216,248,48250,672.0,CP,,7,0.0,7.330520000000001,0.0,2154,MM4,20240610_16_04_11_OP_TRAP_MM4A_Destripe_DONE,AcM-AcM,M,293.84000043653106,2
588,2493,"Caudoputamen- caudal, dorsal","CPc, d",160,216,248,48251,2496.0,CPc,,8,0.37184,2.189,97.0,599,MM4,20240610_16_04_11_OP_TRAP_MM4A_Destripe_DONE,AcM-AcM,M,273.6409319323892,2
589,2484,"Caudoputamen- caudal, dorsal, dorsomedial","CPc, d, dm",160,216,248,48252,2493.0,"CPc, d",,9,0.6575200000000001,0.6575200000000001,320.0,320,MM4,20240610_16_04_11_OP_TRAP_MM4A_Destripe_DONE,AcM-AcM,M,486.67721133957895,2
590,2485,"Caudoputamen- caudal, dorsal, dorsolateral","CPc, d, dl",160,216,248,48253,2493.0,"CPc, d",,9,0.76636,0.76636,74.0,74,MM4,20240610_16_04_11_OP_TRAP_MM4A_Destripe_DONE,AcM-AcM,M,96.56036327574508,2
591,2486,"Caudoputamen- caudal, dorsal, ventromedial","CPc, d, vm",160,216,248,48254,2493.0,"CPc, d",,9,0.39328,0.39328,108.0,108,MM4,20240610_16_04_11_OP_TRAP_MM4A_Destripe_DONE,AcM-AcM,M,274.613506916192,2
592,2494,"Caudoputamen- caudal, intermediate","CPc, i",160,216,248,48255,2496.0,CPc,,8,0.9826,3.52068,951.0,1126,MM4,20240610_16_04_11_OP_TRAP_MM4A_Destripe_DONE,AcM-AcM,M,319.824579342627,2
593,2487,"Caudoputamen- caudal, intermediate, dorsal","CPc, i, d",160,216,248,48256,2494.0,"CPc, i",,9,0.97012,0.97012,81.0,81,MM4,20240610_16_04_11_OP_TRAP_MM4A_Destripe_DONE,AcM-AcM,M,83.49482538242692,2
594,2489,"Caudoputamen- caudal, intermediate, ventromedial","CPc, i, vm",160,216,248,48257,2494.0,"CPc, i",,9,0.7456400000000001,0.7456400000000001,24.0,24,MM4,20240610_16_04_11_OP_TRAP_MM4A_Destripe_DONE,AcM-AcM,M,32.18711442519178,2
595,2488,"Caudoputamen- caudal, intermediate, ventrolateral","CPc, i, vl",160,216,248,48258,2494.0,"CPc, i",,9,0.82232,0.82232,70.0,70,MM4,20240610_16_04_11_OP_TRAP_MM4A_Destripe_DONE,AcM-AcM,M,85.12501216071601,2
596,2490,"Caudoputamen- caudal, ventral","CPc, v",160,216,248,48259,2496.0,CPc,,8,1.62084,1.62084,429.0,429,MM4,20240610_16_04_11_OP_TRAP_MM4A_Destripe_DONE,AcM-AcM,M,264.6775745909528,2
597,2495,Caudoputamen- caudal extreme,CPce,160,216,248,48260,672.0,CP,,7,0.7271200000000001,0.7271200000000001,643.0,643,MM4,20240610_16_04_11_OP_TRAP_MM4A_Destripe_DONE,AcM-AcM,M,884.310705248102,2
598,2001,Lateral stripe of the striatum ,LSS,160,216,248,48296,672.0,CP,,7,0.1038,0.1038,113.0,113,MM4,20240610_16_04_11_OP_TRAP_MM4A_Destripe_DONE,AcM-AcM,M,1088.6319845857417,2
599,2050,Amygdalostriatal transition area,ASt ,160,216,248,48297,672.0,CP,,7,0.30832,0.30832,351.0,351,MM4,20240610_16_04_11_OP_TRAP_MM4A_Destripe_DONE,AcM-AcM,M,1138.4276076803321,2
600,493,Striatum ventral region,STRv,160,232,232,48300,477.0,STR,,5,0.30416,10.70004,787.0,30089,MM4,20240610_16_04_11_OP_TRAP_MM4A_Destripe_DONE,AcM-AcM,M,2812.0455624464958,2
601,56,Accumbens nucleus,Acb,160,232,224,48400,493.0,STRv,,6,0.0,4.803920000000001,0.0,12562,MM4,20240610_16_04_11_OP_TRAP_MM4A_Destripe_DONE,AcM-AcM,M,2614.9477926360137,2
602,2074,"Accumbens nucleus, core region",AcbC,160,232,224,48410,56.0,Acb,,7,2.0557600000000003,2.0557600000000003,5038.0,5038,MM4,20240610_16_04_11_OP_TRAP_MM4A_Destripe_DONE,AcM-AcM,M,2450.675176090594,2
603,2006,"Accumbens nucleus, shell region",AcbSh,160,232,224,48420,56.0,Acb,,7,1.73988,1.73988,6990.0,6990,MM4,20240610_16_04_11_OP_TRAP_MM4A_Destripe_DONE,AcM-AcM,M,4017.5184495482445,2
604,2007,"Lateral accumbens, shell region",LAcbSh,160,232,224,48430,56.0,Acb,,7,1.00828,1.00828,534.0,534,MM4,20240610_16_04_11_OP_TRAP_MM4A_Destripe_DONE,AcM-AcM,M,529.6147895425873,2
605,998,Interstitial nucleus of the posterior limb of the anterior commissure,IPAC,160,228,224,48500,493.0,STRv,,6,0.05652,1.07112,9.0,256,MM4,20240610_16_04_11_OP_TRAP_MM4A_Destripe_DONE,AcM-AcM,M,239.00216595712897,2
606,2012,"Interstitial nucleus of the posterior limb of the anterior commissure, medial part",IPACM,160,228,224,48510,998.0,IPAC,,7,0.33584,0.33584,102.0,102,MM4,20240610_16_04_11_OP_TRAP_MM4A_Destripe_DONE,AcM-AcM,M,303.7160552644116,2
607,2372,"Interstitial nucleus of the posterior limb of the anterior commissure, lateral part",IPACL,160,228,224,48520,998.0,IPAC,,7,0.67876,0.67876,145.0,145,MM4,20240610_16_04_11_OP_TRAP_MM4A_Destripe_DONE,AcM-AcM,M,213.62484530614648,2
608,754,Olfactory tubercle,Tu,160,224,224,48600,493.0,STRv,,6,0.34836,4.52084,2496.0,16484,MM4,20240610_16_04_11_OP_TRAP_MM4A_Destripe_DONE,AcM-AcM,M,3646.225037824829,2
609,481,Island of Calleja,ICj,160,224,224,48700,754.0,Tu,,7,0.0464,0.0464,154.0,154,MM4,20240610_16_04_11_OP_TRAP_MM4A_Destripe_DONE,AcM-AcM,M,3318.9655172413795,2
610,489,"Island of Calleja, major island",ICjM,160,224,224,48800,754.0,Tu,,7,0.05172,0.05172,141.0,141,MM4,20240610_16_04_11_OP_TRAP_MM4A_Destripe_DONE,AcM-AcM,M,2726.2180974477956,2
611,458,Olfactory tubercle 1 ,Tu1,160,224,224,49000,754.0,Tu,,7,1.3294,1.3294,8490.0,8490,MM4,20240610_16_04_11_OP_TRAP_MM4A_Destripe_DONE,AcM-AcM,M,6386.339702121258,2
612,465,Olfactory tubercle 2,Tu2,160,224,224,49100,754.0,Tu,,7,0.91608,0.91608,2379.0,2379,MM4,20240610_16_04_11_OP_TRAP_MM4A_Destripe_DONE,AcM-AcM,M,2596.9347655226616,2
613,473,Olfactory tubercle 3,Tu3,160,224,224,49200,754.0,Tu,,7,1.719,1.719,2113.0,2113,MM4,20240610_16_04_11_OP_TRAP_MM4A_Destripe_DONE,AcM-AcM,M,1229.2030250145433,2
614,2018,Navicular nucleus of the basal forebrain,Nv,160,224,224,49210,754.0,Tu,,7,0.10988,0.10988,711.0,711,MM4,20240610_16_04_11_OP_TRAP_MM4A_Destripe_DONE,AcM-AcM,M,6470.695303967965,2
615,275,Lateral septal complex,LSX,160,239,232,49300,477.0,STR,,5,0.0,4.3512,0.0,9854,MM4,20240610_16_04_11_OP_TRAP_MM4A_Destripe_DONE,AcM-AcM,M,2264.662621805479,2
616,242,Lateral septal nucleus,LS,153,239,232,49400,275.0,LSX,,6,0.0,3.45824,0.0,8015,MM4,20240610_16_04_11_OP_TRAP_MM4A_Destripe_DONE,AcM-AcM,M,2317.652910150828,2
617,250,"Lateral septal nucleus, dorsal part",LSD,153,237,232,49500,242.0,LS,,7,0.6568,0.6568,2145.0,2145,MM4,20240610_16_04_11_OP_TRAP_MM4A_Destripe_DONE,AcM-AcM,M,3265.8343483556637,2
618,258,"Lateral septal nucleus, intermediate part",LSI,153,237,233,49600,242.0,LS,,7,2.2274800000000003,2.2274800000000003,4327.0,4327,MM4,20240610_16_04_11_OP_TRAP_MM4A_Destripe_DONE,AcM-AcM,M,1942.5539174313571,2
619,266,"Lateral septal nucleus, ventral part",LSV,153,237,234,49700,242.0,LS,,7,0.54552,0.54552,1477.0,1477,MM4,20240610_16_04_11_OP_TRAP_MM4A_Destripe_DONE,AcM-AcM,M,2707.5084323214546,2
620,2008,Zona limitans,ZL,153,237,234,49710,242.0,LS,,7,0.02844,0.02844,66.0,66,MM4,20240610_16_04_11_OP_TRAP_MM4A_Destripe_DONE,AcM-AcM,M,2320.675105485232,2
621,310,Septofimbrial nucleus,SFi ,147,239,232,49800,275.0,LSX,,6,0.41356,0.41356,448.0,448,MM4,20240610_16_04_11_OP_TRAP_MM4A_Destripe_DONE,AcM-AcM,M,1083.2769126607989,2
622,333,Septohippocampal nucleus,SHi ,139,239,232,49900,275.0,LSX,,6,0.10448,0.10448,109.0,109,MM4,20240610_16_04_11_OP_TRAP_MM4A_Destripe_DONE,AcM-AcM,M,1043.261868300153,2
623,2009,Septohypothalamic nucleus,SHy ,139,239,232,49910,275.0,LSX,,6,0.37492,0.37492,1282.0,1282,MM4,20240610_16_04_11_OP_TRAP_MM4A_Destripe_DONE,AcM-AcM,M,3419.39613784274,2
624,278,Striatum-like amygdalar nuclei,sAMY,160,208,232,50000,477.0,STR,,5,0.0,3.47468,0.0,3863,MM4,20240610_16_04_11_OP_TRAP_MM4A_Destripe_DONE,AcM-AcM,M,1111.7570538869766,2
625,23,Anterior amygdaloid area,AA,186,208,248,50100,278.0,sAMY,,6,0.8957200000000001,0.8957200000000001,1392.0,1392,MM4,20240610_16_04_11_OP_TRAP_MM4A_Destripe_DONE,AcM-AcM,M,1554.0570714062428,2
626,292,Bed nucleus of the accessory olfactory tract,BAOT,160,208,232,50200,278.0,sAMY,,6,0.028,0.028,94.0,94,MM4,20240610_16_04_11_OP_TRAP_MM4A_Destripe_DONE,AcM-AcM,M,3357.142857142857,2
627,536,Central amygdalar nucleus,Ce,171,208,248,50300,278.0,sAMY,,6,0.0,1.03776,0.0,490,MM4,20240610_16_04_11_OP_TRAP_MM4A_Destripe_DONE,AcM-AcM,M,472.1708294788776,2
628,544,"Central amygdaloid nucleus, capsular part",CeC,171,209,248,50400,536.0,Ce,,7,0.2266,0.2266,92.0,92,MM4,20240610_16_04_11_OP_TRAP_MM4A_Destripe_DONE,AcM-AcM,M,406.0017652250662,2
629,551,"Central amygdaloid nucleus, lateral part",CeL,171,209,249,50500,536.0,Ce,,7,0.34228,0.34228,219.0,219,MM4,20240610_16_04_11_OP_TRAP_MM4A_Destripe_DONE,AcM-AcM,M,639.8270421876827,2
630,559,"Central amygdaloid nucleus, medial part",CeM,171,209,250,50600,536.0,Ce,,7,0.46888,0.46888,179.0,179,MM4,20240610_16_04_11_OP_TRAP_MM4A_Destripe_DONE,AcM-AcM,M,381.76079167377577,2
631,1105,Intercalated nuclei of the amygdala,I,184,208,248,50700,278.0,sAMY,,6,0.0916,0.13556,30.0,47,MM4,20240610_16_04_11_OP_TRAP_MM4A_Destripe_DONE,AcM-AcM,M,346.7099439362643,2
632,2375,"Intercalated amygdalar nucleus, main part",IM,184,208,248,50710,1105.0,I,,7,0.04396,0.04396,17.0,17,MM4,20240610_16_04_11_OP_TRAP_MM4A_Destripe_DONE,AcM-AcM,M,386.7151956323931,2
633,403,Medial amygdaloid nucleus,Me,176,208,248,50800,278.0,sAMY,,6,0.0,1.37764,0.0,1840,MM4,20240610_16_04_11_OP_TRAP_MM4A_Destripe_DONE,AcM-AcM,M,1335.617432711013,2
634,411,"Medial amygdaloid nucleus, anterodorsal part",MeAD,176,209,248,50900,403.0,Me,,7,0.23836,0.23836,374.0,374,MM4,20240610_16_04_11_OP_TRAP_MM4A_Destripe_DONE,AcM-AcM,M,1569.0552106058065,2
635,418,"Medial amygdaloid nucleus, anterventral part",MeAV,176,208,249,51000,403.0,Me,,7,0.08004,0.08004,91.0,91,MM4,20240610_16_04_11_OP_TRAP_MM4A_Destripe_DONE,AcM-AcM,M,1136.9315342328835,2
636,426,"Medial amygdaloid nucleus, posterodorsal part",MePD,176,208,250,51100,403.0,Me,,7,0.56272,0.56272,274.0,274,MM4,20240610_16_04_11_OP_TRAP_MM4A_Destripe_DONE,AcM-AcM,M,486.920671026443,2
637,435,"Medial amygdaloid nucleus, posteroventral part",MePV ,176,208,251,51500,403.0,Me,,7,0.49652,0.49652,1101.0,1101,MM4,20240610_16_04_11_OP_TRAP_MM4A_Destripe_DONE,AcM-AcM,M,2217.43333601869,2
638,803,Pallidum,PAL,160,200,176,51600,623.0,CNU,,4,0.0,9.9308,0.0,9610,MM4,20240610_16_04_11_OP_TRAP_MM4A_Destripe_DONE,AcM-AcM,M,967.6964594997382,2
639,1022,Globus pallidus,GP,160,216,177,51800,803.0,PAL,,5,2.2014400000000003,2.2014400000000003,614.0,614,MM4,20240610_16_04_11_OP_TRAP_MM4A_Destripe_DONE,AcM-AcM,M,278.9083508975943,2
640,1031,Entopeduncular nucleus,EP,160,216,178,51900,803.0,PAL,,5,0.21636,0.21636,44.0,44,MM4,20240610_16_04_11_OP_TRAP_MM4A_Destripe_DONE,AcM-AcM,M,203.36476243298208,2
641,835,Ventral pallidum,VeP,160,208,176,52000,803.0,PAL,,5,2.14456,2.20704,2107.0,2124,MM4,20240610_16_04_11_OP_TRAP_MM4A_Destripe_DONE,AcM-AcM,M,962.3749456285341,2
642,342,Substantia innominata,SI,152,208,176,52100,803.0,PAL,,5,0.0,1.48364,0.0,1025,MM4,20240610_16_04_11_OP_TRAP_MM4A_Destripe_DONE,AcM-AcM,M,690.8684047343021,2
643,2371,"Substantia innominata, basal part",SIB,152,208,176,52110,342.0,SI,,6,0.24536,0.24536,398.0,398,MM4,20240610_16_04_11_OP_TRAP_MM4A_Destripe_DONE,AcM-AcM,M,1622.1062927942614,2
644,2027,Extension of the amygdala,EA,152,208,176,52120,342.0,SI,,6,1.1106,1.1106,574.0,574,MM4,20240610_16_04_11_OP_TRAP_MM4A_Destripe_DONE,AcM-AcM,M,516.8377453628669,2
645,2013,Cell bridges of the ventral striatum,CB,160,228,224,52130,342.0,SI,,6,0.12768,0.12768,53.0,53,MM4,20240610_16_04_11_OP_TRAP_MM4A_Destripe_DONE,AcM-AcM,M,415.10025062656644,2
646,298,Magnocellular nucleus,MCPO,162,208,176,52200,835.0,VeP,,6,0.0,0.0,0.0,0,MM4,20240610_16_04_11_OP_TRAP_MM4A_Destripe_DONE,AcM-AcM,M,0.0,2
647,2028,Basal nucleus (Meynert),B,162,208,176,52210,835.0,VeP,,6,0.06248,0.06248,17.0,17,MM4,20240610_16_04_11_OP_TRAP_MM4A_Destripe_DONE,AcM-AcM,M,272.08706786171575,2
648,826,"Pallidum, medial region",PALm,160,224,176,52300,803.0,PAL,,5,0.0,1.915,0.0,3002,MM4,20240610_16_04_11_OP_TRAP_MM4A_Destripe_DONE,AcM-AcM,M,1567.6240208877284,2
649,904,Medial septal complex,MSC,160,224,176,52400,826.0,PALm,,6,0.0,1.6944,0.0,2851,MM4,20240610_16_04_11_OP_TRAP_MM4A_Destripe_DONE,AcM-AcM,M,1682.6015108593012,2
650,564,Medial septal nucleus,MS,118,224,176,52500,904.0,MSC,,7,0.2664,0.32252,126.0,150,MM4,20240610_16_04_11_OP_TRAP_MM4A_Destripe_DONE,AcM-AcM,M,465.0874364380504,2
651,2005,Lambdoid septal zone,Ld,118,224,176,52510,564.0,MS,,8,0.05612,0.05612,24.0,24,MM4,20240610_16_04_11_OP_TRAP_MM4A_Destripe_DONE,AcM-AcM,M,427.6550249465431,2
652,2280,Diagonal band nucleus,NDB,138,224,176,52600,904.0,MSC,,7,0.0,1.37188,0.0,2701,MM4,20240610_16_04_11_OP_TRAP_MM4A_Destripe_DONE,AcM-AcM,M,1968.8310930985217,2
653,596,Nucleus of the vertical limb of the diagonal band,VDB,138,224,176,52610,2280.0,NDB,,8,0.29148,0.29148,478.0,478,MM4,20240610_16_04_11_OP_TRAP_MM4A_Destripe_DONE,AcM-AcM,M,1639.9066831343487,2
654,2293,Lateral nucleus of the diagnoal band,LDB,138,224,176,52620,2280.0,NDB,,8,0.39048,0.39048,246.0,246,MM4,20240610_16_04_11_OP_TRAP_MM4A_Destripe_DONE,AcM-AcM,M,629.9938537185003,2
655,2004,Nucleus of the horizontal limb of the diagonal band,HDB,138,224,176,52630,2280.0,NDB,,8,0.6899200000000001,0.6899200000000001,1977.0,1977,MM4,20240610_16_04_11_OP_TRAP_MM4A_Destripe_DONE,AcM-AcM,M,2865.549628942486,2
656,581,Triangular septal nucleus,TS,128,224,176,52700,826.0,PALm,,6,0.2206,0.2206,151.0,151,MM4,20240610_16_04_11_OP_TRAP_MM4A_Destripe_DONE,AcM-AcM,M,684.4968268359021,2
657,809,"Pallidum, caudal region",PALc,160,190,176,52800,803.0,PAL,,5,0.0,1.90732,0.0,2801,MM4,20240610_16_04_11_OP_TRAP_MM4A_Destripe_DONE,AcM-AcM,M,1468.5527336786697,2
658,2308,Nucleus of stria medullaris,SM,160,190,176,52810,809.0,PALc,,6,0.03164,0.03164,31.0,31,MM4,20240610_16_04_11_OP_TRAP_MM4A_Destripe_DONE,AcM-AcM,M,979.772439949431,2
659,351,Bed nuclei of the stria terminalis,ST,160,190,160,52900,809.0,PALc,,6,0.0,1.85688,0.0,2760,MM4,20240610_16_04_11_OP_TRAP_MM4A_Destripe_DONE,AcM-AcM,M,1486.364223859377,2
660,359,"Bed nuclei of the stria terminalis, anterior division",STa,160,190,161,53000,351.0,ST,,7,0.0,0.41076,0.0,711,MM4,20240610_16_04_11_OP_TRAP_MM4A_Destripe_DONE,AcM-AcM,M,1730.9377738825592,2
661,537,"Bed nucleus of the stria terminalis, medial division, anterolateral part",STMAL,160,190,161,53100,359.0,STa,,8,0.03324,0.03324,39.0,39,MM4,20240610_16_04_11_OP_TRAP_MM4A_Destripe_DONE,AcM-AcM,M,1173.2851985559566,2
662,498,"Bed nucleus of the stria terminalis, medial division, anterior part",STMA,160,190,161,53200,359.0,STa,,8,0.13148,0.13148,270.0,270,MM4,20240610_16_04_11_OP_TRAP_MM4A_Destripe_DONE,AcM-AcM,M,2053.544265287496,2
663,513,"Bed nuclei of the stria terminalis, fusiform nucleus",Fu,160,190,161,53400,359.0,STa,,8,0.01244,0.01244,77.0,77,MM4,20240610_16_04_11_OP_TRAP_MM4A_Destripe_DONE,AcM-AcM,M,6189.710610932476,2
664,546,"Bed nucleus of the stria terminalis, lateral division, juxtacapsular part",STLJ,160,190,161,53500,359.0,STa,,8,0.01884,0.01884,26.0,26,MM4,20240610_16_04_11_OP_TRAP_MM4A_Destripe_DONE,AcM-AcM,M,1380.0424628450107,2
665,554,"Bed nucleus of the stria terminalis, lateral division, dorsal part",STLD,160,190,161,53700,359.0,STa,,8,0.06528,0.06528,132.0,132,MM4,20240610_16_04_11_OP_TRAP_MM4A_Destripe_DONE,AcM-AcM,M,2022.0588235294117,2
666,529,"Bed nucleus of the stria terminalis, medial division, posterolateral part",STMPL,160,190,161,53900,359.0,STa,,8,0.14948,0.14948,167.0,167,MM4,20240610_16_04_11_OP_TRAP_MM4A_Destripe_DONE,AcM-AcM,M,1117.206315226117,2
667,2359,"Bed nuclei of the stria terminalis, medial division",STm,160,190,161,53910,351.0,ST,,7,0.0,0.38568,0.0,1038,MM4,20240610_16_04_11_OP_TRAP_MM4A_Destripe_DONE,AcM-AcM,M,2691.3503422526446,2
668,2010,"Bed nucleus of the stria terminalis, medial division, ventral part",STMV,160,190,161,53920,2359.0,STm,,8,0.1564,0.1564,413.0,413,MM4,20240610_16_04_11_OP_TRAP_MM4A_Destripe_DONE,AcM-AcM,M,2640.6649616368286,2
669,2025,"Bed nucleus of the stria terminalis, medial division, posteromedial part",STMPM,160,190,168,53930,2359.0,STm,,8,0.22928,0.22928,625.0,625,MM4,20240610_16_04_11_OP_TRAP_MM4A_Destripe_DONE,AcM-AcM,M,2725.924633635729,2
670,367,"Bed nuclei of the stria terminalis, posterior division",STp,160,190,168,54000,351.0,ST,,7,0.0,0.20972,0.0,304,MM4,20240610_16_04_11_OP_TRAP_MM4A_Destripe_DONE,AcM-AcM,M,1449.5517833301546,2
671,578,"Bed nucleus of the stria terminalis, medial division, anteromedial part",STMAM,160,190,168,54200,367.0,STp,,8,0.01224,0.01224,18.0,18,MM4,20240610_16_04_11_OP_TRAP_MM4A_Destripe_DONE,AcM-AcM,M,1470.5882352941178,2
672,585,"Bed nucleus of the stria terminalis, medial division, posterointermediate part",STMPI,160,190,168,54300,367.0,STp,,8,0.19748,0.19748,286.0,286,MM4,20240610_16_04_11_OP_TRAP_MM4A_Destripe_DONE,AcM-AcM,M,1448.247923840389,2
673,2360,"Bed nuclei of the stria terminialis, lateral division",STl,160,190,168,54510,351.0,ST,,7,0.0,0.39132,0.0,521,MM4,20240610_16_04_11_OP_TRAP_MM4A_Destripe_DONE,AcM-AcM,M,1331.3911887968925,2
674,2015,"Bed nuclus of the stria terminalis, lateral division, posterior part",STLP,160,190,168,54520,2360.0,STl,,8,0.19464,0.19464,170.0,170,MM4,20240610_16_04_11_OP_TRAP_MM4A_Destripe_DONE,AcM-AcM,M,873.4073160706946,2
675,2014,"Bed nucleus of the stria terminalis, lateral division, ventral part ",STLV,160,190,168,54530,2360.0,STl,,8,0.155,0.155,334.0,334,MM4,20240610_16_04_11_OP_TRAP_MM4A_Destripe_DONE,AcM-AcM,M,2154.8387096774195,2
676,2022,"Bed nucleus of the stria terminalis, lateral division, intermediate part",STLI,160,190,168,54540,2360.0,STl,,8,0.04168,0.04168,17.0,17,MM4,20240610_16_04_11_OP_TRAP_MM4A_Destripe_DONE,AcM-AcM,M,407.8694817658349,2
677,2049,"Bed nucleus of the stria terminalis, intraamygdaloid",STIA,160,190,168,54550,351.0,ST,,7,0.4594,0.4594,186.0,186,MM4,20240610_16_04_11_OP_TRAP_MM4A_Destripe_DONE,AcM-AcM,M,404.8759251197214,2
678,287,Bed nucleus of the anterior commissure,BAC,160,190,152,54600,809.0,PALc,,6,0.0188,0.0188,10.0,10,MM4,20240610_16_04_11_OP_TRAP_MM4A_Destripe_DONE,AcM-AcM,M,531.9148936170212,2
679,512,Cerebellum,CBL,240,255,160,54700,8.0,grey,,2,0.0,53.20812,0.0,52930,MM4,20240610_16_04_11_OP_TRAP_MM4A_Destripe_DONE,AcM-AcM,M,994.7729782597092,2
680,528,Cerebellar cortex,CBX,240,240,128,54800,512.0,CBL,,3,0.0,51.35372,0.0,52033,MM4,20240610_16_04_11_OP_TRAP_MM4A_Destripe_DONE,AcM-AcM,M,1013.22747407588,2
681,645,Vermal regions,VERM,240,242,128,54900,528.0,CBX,,4,0.0,20.61528,0.0,15710,MM4,20240610_16_04_11_OP_TRAP_MM4A_Destripe_DONE,AcM-AcM,M,762.0561059563587,2
682,912,Lobule 1 of the cerebellar vermis,1Cb,240,242,128,55000,645.0,VERM,,5,0.0,0.1541199999999999,0.0,511,MM4,20240610_16_04_11_OP_TRAP_MM4A_Destripe_DONE,AcM-AcM,M,3315.5982351414505,2
683,10707,"Lobule 1 of the cerebellar vermis, molecular layer",1Cb-mo,240,242,128,55100,912.0,1Cb,,6,0.06828,0.06828,448.0,448,MM4,20240610_16_04_11_OP_TRAP_MM4A_Destripe_DONE,AcM-AcM,M,6561.218512009374,2
684,10705,"Lobule 1 of the cerebellar vermis, granular layer",1Cb-gr,227,219,97,55300,912.0,1Cb,,6,0.08584,0.08584,63.0,63,MM4,20240610_16_04_11_OP_TRAP_MM4A_Destripe_DONE,AcM-AcM,M,733.923578751165,2
685,976,Lobule 2 of the cerebellar vermis,2Cb,240,242,128,55500,645.0,VERM,,5,0.0,1.68188,0.0,1627,MM4,20240610_16_04_11_OP_TRAP_MM4A_Destripe_DONE,AcM-AcM,M,967.3698480272076,2
686,10710,"Lobule 2 of the cerebellar vermis, molecular layer",2Cb-mo,240,242,128,55600,976.0,2Cb,,6,0.97848,0.97848,1405.0,1405,MM4,20240610_16_04_11_OP_TRAP_MM4A_Destripe_DONE,AcM-AcM,M,1435.900580492192,2
687,10708,"Lobule 2 of the cerebellar vermis, granular layer",2Cb-gr,227,219,97,55800,976.0,2Cb,,6,0.7034,0.7034,222.0,222,MM4,20240610_16_04_11_OP_TRAP_MM4A_Destripe_DONE,AcM-AcM,M,315.6098947967017,2
688,984,Lobule 3 of the cerebellar vermis,3Cb,240,242,128,55900,645.0,VERM,,5,0.0,2.20128,0.0,835,MM4,20240610_16_04_11_OP_TRAP_MM4A_Destripe_DONE,AcM-AcM,M,379.32475650530597,2
689,10713,"Lobule 3 of the cerebellar vermis, molecular layer",3Cb-mo,240,242,128,56000,984.0,3Cb,,6,1.38128,1.38128,503.0,503,MM4,20240610_16_04_11_OP_TRAP_MM4A_Destripe_DONE,AcM-AcM,M,364.15498667902233,2
690,10711,"Lobule 3 of the cerebellar vermis, granular layer",3Cb-gr,227,219,97,56200,984.0,3Cb,,6,0.8200000000000001,0.8200000000000001,332.0,332,MM4,20240610_16_04_11_OP_TRAP_MM4A_Destripe_DONE,AcM-AcM,M,404.8780487804878,2
691,928,Culmen,CUL,240,242,128,56300,645.0,VERM,,5,0.0,6.32376,0.0,5239,MM4,20240610_16_04_11_OP_TRAP_MM4A_Destripe_DONE,AcM-AcM,M,828.4628132629954,2
692,992,Lobule 4 of the cerebellar vermis,4Cb,240,242,128,56400,928.0,CUL,,6,0.00608,0.00608,3.0,3,MM4,20240610_16_04_11_OP_TRAP_MM4A_Destripe_DONE,AcM-AcM,M,493.4210526315789,2
693,1001,Lobule 5 of the cerebellar vermis,5Cb,240,242,128,56800,928.0,CUL,,6,0.0,0.0,0.0,0,MM4,20240610_16_04_11_OP_TRAP_MM4A_Destripe_DONE,AcM-AcM,M,0.0,2
694,1091,Lobules 4 and 5 of the cerebellar vermis,4/5Cb,240,242,128,57200,928.0,CUL,,6,0.0,6.317679999999999,0.0,5236,MM4,20240610_16_04_11_OP_TRAP_MM4A_Destripe_DONE,AcM-AcM,M,828.7852502817491,2
695,10722,"Lobules 4 and 5 of the cerebellar vermis, molecular layer",4/5Cb-mo,240,242,128,57300,1091.0,4/5Cb,,7,3.74152,3.74152,3820.0,3820,MM4,20240610_16_04_11_OP_TRAP_MM4A_Destripe_DONE,AcM-AcM,M,1020.975432444568,2
696,10720,"Lobules 4 and 5 of the cerebellar vermis, granular layer",4/5Cb-gr,227,219,97,57500,1091.0,4/5Cb,,7,2.57616,2.57616,1416.0,1416,MM4,20240610_16_04_11_OP_TRAP_MM4A_Destripe_DONE,AcM-AcM,M,549.6553009129868,2
697,936,Lobule 6 of the cerebellar vermis,6Cb,240,242,128,57600,645.0,VERM,,5,0.0,4.38848,0.0,2286,MM4,20240610_16_04_11_OP_TRAP_MM4A_Destripe_DONE,AcM-AcM,M,520.9092897768703,2
698,10725,"Lobule 6 of the cerebellar vermis, molecular layer",6Cb-mo,240,242,128,57700,936.0,6Cb,,6,3.0498800000000004,3.0498800000000004,2199.0,2199,MM4,20240610_16_04_11_OP_TRAP_MM4A_Destripe_DONE,AcM-AcM,M,721.0119742416094,2
699,10723,"Lobule 6 of the cerebellar vermis, granular layer",6Cb-gr,227,219,97,57900,936.0,6Cb,,6,1.3386,1.3386,87.0,87,MM4,20240610_16_04_11_OP_TRAP_MM4A_Destripe_DONE,AcM-AcM,M,64.99327655759748,2
700,944,Lobule 7 of the cerebellar vermis,7Cb,240,242,128,58000,645.0,VERM,,5,0.0,0.9226,0.0,249,MM4,20240610_16_04_11_OP_TRAP_MM4A_Destripe_DONE,AcM-AcM,M,269.8894428788207,2
701,10728,"Lobule 7 of the cerebellar vermis, molecular layer",7Cb-mo,240,242,128,58100,944.0,7Cb,,6,0.57708,0.57708,183.0,183,MM4,20240610_16_04_11_OP_TRAP_MM4A_Destripe_DONE,AcM-AcM,M,317.1137450613433,2
702,10726,"Lobule 7 of the cerebellar vermis, granular layer",7Cb-gr,227,219,97,58300,944.0,7Cb,,6,0.34552,0.34552,66.0,66,MM4,20240610_16_04_11_OP_TRAP_MM4A_Destripe_DONE,AcM-AcM,M,191.01643899050705,2
703,951,Lobule 8 of the cerebellar vermis,8Cb,240,242,128,58400,645.0,VERM,,5,0.0,1.33428,0.0,566,MM4,20240610_16_04_11_OP_TRAP_MM4A_Destripe_DONE,AcM-AcM,M,424.1988188386246,2
704,10731,"Lobule 8 of the cerebellar vermis, molecular layer",8Cb-mo,240,242,128,58500,951.0,8Cb,,6,0.74548,0.74548,213.0,213,MM4,20240610_16_04_11_OP_TRAP_MM4A_Destripe_DONE,AcM-AcM,M,285.72195095777215,2
705,10729,"Lobule 8 of the cerebellar vermis, granular layer",8Cb-gr,227,219,97,58700,951.0,8Cb,,6,0.5888000000000001,0.5888000000000001,353.0,353,MM4,20240610_16_04_11_OP_TRAP_MM4A_Destripe_DONE,AcM-AcM,M,599.524456521739,2
706,957,Lobule 9 of the cerebellar vermis,9Cb,240,242,128,58800,645.0,VERM,,5,0.0,2.22572,0.0,2602,MM4,20240610_16_04_11_OP_TRAP_MM4A_Destripe_DONE,AcM-AcM,M,1169.0598997178442,2
707,10734,"Lobule 9 of the cerebellar vermis, molecular layer",9Cb-mo,240,242,128,58900,957.0,9Cb,,6,1.2084,1.2084,1734.0,1734,MM4,20240610_16_04_11_OP_TRAP_MM4A_Destripe_DONE,AcM-AcM,M,1434.9553128103278,2
708,10732,"Lobule 9 of the cerebellar vermis, granular layer",9Cb-gr,227,219,97,59100,957.0,9Cb,,6,1.01732,1.01732,868.0,868,MM4,20240610_16_04_11_OP_TRAP_MM4A_Destripe_DONE,AcM-AcM,M,853.2221916407817,2
709,968,Lobule 10 of the cerebellar vermis,10Cb,240,242,128,59200,645.0,VERM,,5,0.0,1.3831600000000002,0.0,1795,MM4,20240610_16_04_11_OP_TRAP_MM4A_Destripe_DONE,AcM-AcM,M,1297.7529714566642,2
710,10737,"Lobule 10 of the cerebellar vermis, molecular layer",10Cb-mo,240,242,128,59300,968.0,10Cb,,6,0.6882400000000001,0.6882400000000001,1225.0,1225,MM4,20240610_16_04_11_OP_TRAP_MM4A_Destripe_DONE,AcM-AcM,M,1779.9023596419852,2
711,10735,"Lobule 10 of the cerebellar vermis, granular layer",10Cb-gr,227,219,97,59500,968.0,10Cb,,6,0.6949200000000001,0.6949200000000001,570.0,570,MM4,20240610_16_04_11_OP_TRAP_MM4A_Destripe_DONE,AcM-AcM,M,820.2383008116041,2
712,1073,Hemispheric regions,HEM,240,241,128,59600,528.0,CBX,,4,0.0,30.73844,0.0,36323,MM4,20240610_16_04_11_OP_TRAP_MM4A_Destripe_DONE,AcM-AcM,M,1181.680007183188,2
713,1007,Simple lobule,Sim,240,241,128,59700,1073.0,HEM,,5,0.0,5.3430800000000005,0.0,2218,MM4,20240610_16_04_11_OP_TRAP_MM4A_Destripe_DONE,AcM-AcM,M,415.11637482500726,2
714,10674,"Simple lobule, molecular layer",Sim-mo,240,241,128,59800,1007.0,Sim,,6,3.4418400000000005,3.4418400000000005,1949.0,1949,MM4,20240610_16_04_11_OP_TRAP_MM4A_Destripe_DONE,AcM-AcM,M,566.2668805057759,2
715,10672,"Simple lobule, granular layer",Sim-gr,227,219,97,60000,1007.0,Sim,,6,1.9012400000000005,1.9012400000000005,269.0,269,MM4,20240610_16_04_11_OP_TRAP_MM4A_Destripe_DONE,AcM-AcM,M,141.48660873955941,2
716,1056,Crus 1 of the ansiform lobule,Crus1,240,241,128,60200,1073.0,HEM,,5,0.0,5.306960000000001,0.0,4079,MM4,20240610_16_04_11_OP_TRAP_MM4A_Destripe_DONE,AcM-AcM,M,768.6132927325624,2
717,10677,"Crus 1 of the ansiform lobule, molecular layer",Crus1-mo,240,241,128,60300,1056.0,Crus1,,6,3.793600000000001,3.793600000000001,3772.0,3772,MM4,20240610_16_04_11_OP_TRAP_MM4A_Destripe_DONE,AcM-AcM,M,994.3061999156472,2
718,10675,"Crus 1 of the ansiform lobule, granular layer",Crus1-gr,227,219,97,60500,1056.0,Crus1,,6,1.51336,1.51336,307.0,307,MM4,20240610_16_04_11_OP_TRAP_MM4A_Destripe_DONE,AcM-AcM,M,202.85986150023788,2
719,1064,Crus 2 of the ansiform lobule,Crus2,240,241,128,60600,1073.0,HEM,,5,0.0,6.16368,0.0,5759,MM4,20240610_16_04_11_OP_TRAP_MM4A_Destripe_DONE,AcM-AcM,M,934.3444176206422,2
720,10680,"Crus 2 of the ansiform lobule, molecular layer",Crus2-mo,240,241,128,60700,1064.0,Crus2,,6,4.41772,4.41772,5050.0,5050,MM4,20240610_16_04_11_OP_TRAP_MM4A_Destripe_DONE,AcM-AcM,M,1143.1236022201497,2
721,10678,"Crus 2 of the ansiform lobule, granular layer",Crus2-gr,227,219,97,60900,1064.0,Crus2,,6,1.7459600000000002,1.7459600000000002,709.0,709,MM4,20240610_16_04_11_OP_TRAP_MM4A_Destripe_DONE,AcM-AcM,M,406.08032257325476,2
722,1025,Paramedian lobule,PM,240,241,128,61000,1073.0,HEM,,5,0.0,4.8186800000000005,0.0,4607,MM4,20240610_16_04_11_OP_TRAP_MM4A_Destripe_DONE,AcM-AcM,M,956.0709571915959,2
723,10683,"Paramedian lobule, molecular layer",PM-mo,240,241,128,61100,1025.0,PM,,6,3.30296,3.30296,3794.0,3794,MM4,20240610_16_04_11_OP_TRAP_MM4A_Destripe_DONE,AcM-AcM,M,1148.666650519534,2
724,10681,"Paramedian lobule, granular layer",PM-gr,227,219,97,61300,1025.0,PM,,6,1.5157200000000002,1.5157200000000002,813.0,813,MM4,20240610_16_04_11_OP_TRAP_MM4A_Destripe_DONE,AcM-AcM,M,536.37875069274,2
725,1033,Copula of the pyramis,Cop,240,241,128,61400,1073.0,HEM,,5,0.0,2.02932,0.0,4164,MM4,20240610_16_04_11_OP_TRAP_MM4A_Destripe_DONE,AcM-AcM,M,2051.9188693749634,2
726,10686,"Copula of the pyramis, molecular layer",Cop-mo,240,241,128,61500,1033.0,Cop,,6,1.29136,1.29136,2284.0,2284,MM4,20240610_16_04_11_OP_TRAP_MM4A_Destripe_DONE,AcM-AcM,M,1768.6779829017469,2
727,10684,"Copula of the pyramis, granular layer",Cop-gr,227,219,97,61700,1033.0,Cop,,6,0.7379600000000001,0.7379600000000001,1880.0,1880,MM4,20240610_16_04_11_OP_TRAP_MM4A_Destripe_DONE,AcM-AcM,M,2547.56355358014,2
728,1041,Paraflocculus,PFl,240,241,128,61800,1073.0,HEM,,5,0.0,5.767440000000001,0.0,7824,MM4,20240610_16_04_11_OP_TRAP_MM4A_Destripe_DONE,AcM-AcM,M,1356.5810827680912,2
729,10689,"Paraflocculus, molecular layer",PFl-mo,240,241,128,61900,1041.0,PFl,,6,3.0529200000000003,3.0529200000000003,4694.0,4694,MM4,20240610_16_04_11_OP_TRAP_MM4A_Destripe_DONE,AcM-AcM,M,1537.5443837375365,2
730,10687,"Paraflocculus, granular layer",PFl-gr,227,219,97,62100,1041.0,PFl,,6,2.7145200000000003,2.7145200000000003,3130.0,3130,MM4,20240610_16_04_11_OP_TRAP_MM4A_Destripe_DONE,AcM-AcM,M,1153.0583675935338,2
731,1049,Flocculus,Fl,240,241,128,62200,1073.0,HEM,,5,0.0,1.3092800000000002,0.0,7672,MM4,20240610_16_04_11_OP_TRAP_MM4A_Destripe_DONE,AcM-AcM,M,5859.709153122326,2
732,10692,"Flocculus, molecular layer",Fl-mo,240,241,128,62300,1049.0,Fl,,6,0.7134400000000001,0.7134400000000001,3999.0,3999,MM4,20240610_16_04_11_OP_TRAP_MM4A_Destripe_DONE,AcM-AcM,M,5605.236600134559,2
733,10690,"Flocculus, granular layer",Fl-gr,227,219,97,62500,1049.0,Fl,,6,0.59584,0.59584,3673.0,3673,MM4,20240610_16_04_11_OP_TRAP_MM4A_Destripe_DONE,AcM-AcM,M,6164.406552094521,2
734,519,Cerebellar nuclei,CBN,240,240,144,62900,512.0,CBL,,3,0.0,1.8544,0.0,897,MM4,20240610_16_04_11_OP_TRAP_MM4A_Destripe_DONE,AcM-AcM,M,483.7144089732528,2
735,989,Medial cerebellar nucleus,Med,240,240,82,63000,519.0,CBN,,4,0.3206,0.50356,100.0,112,MM4,20240610_16_04_11_OP_TRAP_MM4A_Destripe_DONE,AcM-AcM,M,222.41639526570816,2
736,2244,"Medial cerebellar nucleus, dorsolateral protuberance",MedDL,240,240,82,63010,989.0,Med,,5,0.13952,0.13952,7.0,7,MM4,20240610_16_04_11_OP_TRAP_MM4A_Destripe_DONE,AcM-AcM,M,50.17201834862385,2
737,2245,"Medial cerebellar nucleus, lateral part",MedL,240,240,82,63020,989.0,Med,,5,0.04344,0.04344,5.0,5,MM4,20240610_16_04_11_OP_TRAP_MM4A_Destripe_DONE,AcM-AcM,M,115.1012891344383,2
738,91,Interposed cerebellar nucleus,Int,240,240,82,63100,519.0,CBN,,4,0.0,0.93036,0.0,603,MM4,20240610_16_04_11_OP_TRAP_MM4A_Destripe_DONE,AcM-AcM,M,648.1362053398684,2
739,2239,"Interposed cerebellar nucleus, anterior part",IntA,240,240,82,63110,91.0,Int,,5,0.39124,0.39124,30.0,30,MM4,20240610_16_04_11_OP_TRAP_MM4A_Destripe_DONE,AcM-AcM,M,76.67927614763317,2
740,2240,"Interposed cerebellar nucleus, dorsolateral hump",IntDL,240,240,82,63120,91.0,Int,,5,0.08928,0.08928,4.0,4,MM4,20240610_16_04_11_OP_TRAP_MM4A_Destripe_DONE,AcM-AcM,M,44.80286738351255,2
741,2241,"Interposed cerebellar nucleus, posterior part",IntP,240,240,82,63130,91.0,Int,,5,0.36864,0.36864,95.0,95,MM4,20240610_16_04_11_OP_TRAP_MM4A_Destripe_DONE,AcM-AcM,M,257.70399305555554,2
742,2242,"Interposed cerebellar nucleus, posterior parvicellular",IntPPC,240,240,82,63140,91.0,Int,,5,0.0812,0.0812,474.0,474,MM4,20240610_16_04_11_OP_TRAP_MM4A_Destripe_DONE,AcM-AcM,M,5837.438423645321,2
743,2281,Dentate nucleus ,DN,240,240,82,63200,519.0,CBN,,4,0.0,0.42048,0.0,182,MM4,20240610_16_04_11_OP_TRAP_MM4A_Destripe_DONE,AcM-AcM,M,432.83866057838657,2
744,846,Lateral (dentate) cerebellar nucleus,Lat,240,240,82,63210,2281.0,DN,,5,0.36652,0.36652,74.0,74,MM4,20240610_16_04_11_OP_TRAP_MM4A_Destripe_DONE,AcM-AcM,M,201.8989413947397,2
745,2247,"Lateral cerebellar nucleus, parvicellular part",LatPC,240,240,82,63220,2281.0,DN,,5,0.05396,0.05396,108.0,108,MM4,20240610_16_04_11_OP_TRAP_MM4A_Destripe_DONE,AcM-AcM,M,2001.4825796886582,2
746,343,Brain stem,BS,144,96,128,63300,8.0,grey,,2,0.0,112.71536,0.0,209166,MM4,20240610_16_04_11_OP_TRAP_MM4A_Destripe_DONE,AcM-AcM,M,1855.7009443965756,2
747,1129,Interbrain,IB,255,95,95,63400,343.0,BS,,3,0.0,36.54856,0.0,56362,MM4,20240610_16_04_11_OP_TRAP_MM4A_Destripe_DONE,AcM-AcM,M,1542.1127398726514,2
748,549,Thalamus,TH,255,112,128,63500,1129.0,IB,,4,0.017,20.46784,18.0,23126,MM4,20240610_16_04_11_OP_TRAP_MM4A_Destripe_DONE,AcM-AcM,M,1129.8700791094714,2
749,2414,Periventricular gray ,PVG,255,112,128,63510,549.0,TH,,5,0.30148,0.30148,319.0,319,MM4,20240610_16_04_11_OP_TRAP_MM4A_Destripe_DONE,AcM-AcM,M,1058.1133076821015,2
750,864,"Thalamus, sensory-motor cortex related",DORsm,255,128,176,63600,549.0,TH,,5,0.0,7.15016,0.0,4732,MM4,20240610_16_04_11_OP_TRAP_MM4A_Destripe_DONE,AcM-AcM,M,661.8033722322298,2
751,2115,Ethmoid thalamic nucleus,Eth,255,131,130,63610,864.0,DORsm,,6,0.08156,0.08156,25.0,25,MM4,20240610_16_04_11_OP_TRAP_MM4A_Destripe_DONE,AcM-AcM,M,306.5228052967141,2
752,2116,Retroethmoid nucleus,REth,255,131,130,63620,864.0,DORsm,,6,0.05072,0.05072,55.0,55,MM4,20240610_16_04_11_OP_TRAP_MM4A_Destripe_DONE,AcM-AcM,M,1084.384858044164,2
753,2117,Scaphoid thalamic nucleus,Sc,255,131,130,63630,864.0,DORsm,,6,0.00808,0.00808,0.0,0,MM4,20240610_16_04_11_OP_TRAP_MM4A_Destripe_DONE,AcM-AcM,M,0.0,2
754,2120,Posterior intralaminar thalamic nucleus,PIL,255,108,144,63640,864.0,DORsm,,6,0.12496,0.12496,154.0,154,MM4,20240610_16_04_11_OP_TRAP_MM4A_Destripe_DONE,AcM-AcM,M,1232.394366197183,2
755,637,Ventral group thalamic nucleus,VENT,255,108,160,63700,864.0,DORsm,,6,0.0,5.066800000000001,0.0,966,MM4,20240610_16_04_11_OP_TRAP_MM4A_Destripe_DONE,AcM-AcM,M,190.65287755585376,2
756,629,Ventrolateral thalamic nucleus,VL,255,108,161,63800,637.0,VENT,,7,1.10692,1.10692,337.0,337,MM4,20240610_16_04_11_OP_TRAP_MM4A_Destripe_DONE,AcM-AcM,M,304.44837928666936,2
757,2316,Ventral anterior thalamic nucleus,VA,255,108,161,63810,637.0,VENT,,7,0.20748,0.20748,81.0,81,MM4,20240610_16_04_11_OP_TRAP_MM4A_Destripe_DONE,AcM-AcM,M,390.3990746096009,2
758,685,Ventromedial thalamic nucleus,VM,255,108,162,63900,637.0,VENT,,7,0.93024,0.93024,203.0,203,MM4,20240610_16_04_11_OP_TRAP_MM4A_Destripe_DONE,AcM-AcM,M,218.2232542139663,2
759,709,Ventral posterior thalamic nucleus,VP,255,108,144,64000,637.0,VENT,,7,0.0,2.82216,0.0,345,MM4,20240610_16_04_11_OP_TRAP_MM4A_Destripe_DONE,AcM-AcM,M,122.24678969300112,2
760,718,Ventral posterolateral thalamic nucleus,VPL,255,108,145,64100,709.0,VP,,8,0.67832,0.67832,122.0,122,MM4,20240610_16_04_11_OP_TRAP_MM4A_Destripe_DONE,AcM-AcM,M,179.85611510791367,2
761,733,Ventral posteromedial thalamic nucleus,VPM,255,108,147,64200,709.0,VP,,8,1.1249600000000002,1.9046000000000003,78.0,130,MM4,20240610_16_04_11_OP_TRAP_MM4A_Destripe_DONE,AcM-AcM,M,68.25580174314815,2
762,2362,"Ventral posteromedial nucleus of the thalamus, dorsal part",VPMd,255,108,147,64210,733.0,VPM,,9,0.41976,0.41976,14.0,14,MM4,20240610_16_04_11_OP_TRAP_MM4A_Destripe_DONE,AcM-AcM,M,33.35239184295788,2
763,2363,"Ventral posteromedial nucleus of the thalamus, ventral part",VPMv,255,108,147,64220,733.0,VPM,,9,0.35988,0.35988,38.0,38,MM4,20240610_16_04_11_OP_TRAP_MM4A_Destripe_DONE,AcM-AcM,M,105.59075247304658,2
764,2361,"Ventral posterior nucleus of the thalamus, parvicellular",VPPC,255,108,147,64230,709.0,VP,,8,0.23924,0.23924,93.0,93,MM4,20240610_16_04_11_OP_TRAP_MM4A_Destripe_DONE,AcM-AcM,M,388.73098144123054,2
765,406,Subparafascicular thalamic nucleus,SPF,255,112,165,64500,864.0,DORsm,,6,0.04,0.08244,41.0,90,MM4,20240610_16_04_11_OP_TRAP_MM4A_Destripe_DONE,AcM-AcM,M,1091.703056768559,2
766,422,"Subparafascicular thalamic nucleus, parvicellular part",SPFPC,255,110,165,64700,406.0,SPF,,7,0.04244,0.04244,49.0,49,MM4,20240610_16_04_11_OP_TRAP_MM4A_Destripe_DONE,AcM-AcM,M,1154.5711592836947,2
767,1044,Peripeduncular nucleus,PP,255,112,163,64900,864.0,DORsm,,6,0.0956,0.0956,237.0,237,MM4,20240610_16_04_11_OP_TRAP_MM4A_Destripe_DONE,AcM-AcM,M,2479.0794979079496,2
768,2158,Subbrachial nucleus,SubB,255,112,160,64910,864.0,DORsm,,6,0.28132,0.28132,937.0,937,MM4,20240610_16_04_11_OP_TRAP_MM4A_Destripe_DONE,AcM-AcM,M,3330.726574719181,2
769,1008,Geniculate group of the thalamus,GENd,255,112,160,65000,864.0,DORsm,,6,0.0,1.35868,0.0,2268,MM4,20240610_16_04_11_OP_TRAP_MM4A_Destripe_DONE,AcM-AcM,M,1669.267229958489,2
770,475,Medial geniculate nucleus,MG,255,112,162,65100,1008.0,GENd,,7,0.03356,0.62132,181.0,768,MM4,20240610_16_04_11_OP_TRAP_MM4A_Destripe_DONE,AcM-AcM,M,1236.0780274254812,2
771,1072,"Medial geniculate nucleus, dorsal part",MGD,255,112,162,65200,475.0,MG,,8,0.09916,0.09916,148.0,148,MM4,20240610_16_04_11_OP_TRAP_MM4A_Destripe_DONE,AcM-AcM,M,1492.5373134328358,2
772,1079,"Medial geniculate nucleus, ventral part",MGV,255,112,162,65300,475.0,MG,,8,0.31464,0.31464,243.0,243,MM4,20240610_16_04_11_OP_TRAP_MM4A_Destripe_DONE,AcM-AcM,M,772.3112128146454,2
773,1088,"Medial geniculate nucleus, medial part",MGM,255,112,162,65400,475.0,MG,,8,0.05972,0.05972,9.0,9,MM4,20240610_16_04_11_OP_TRAP_MM4A_Destripe_DONE,AcM-AcM,M,150.7032819825854,2
774,2126,Marginal zone of the medial geniculate,MZMG,255,112,162,65410,475.0,MG,,8,0.11424,0.11424,187.0,187,MM4,20240610_16_04_11_OP_TRAP_MM4A_Destripe_DONE,AcM-AcM,M,1636.904761904762,2
775,170,Dorsal lateral geniculate nucleus,DLG,255,112,161,65500,1008.0,GENd,,7,0.73736,0.73736,1500.0,1500,MM4,20240610_16_04_11_OP_TRAP_MM4A_Destripe_DONE,AcM-AcM,M,2034.2844743408918,2
776,856,"Thalamus, polymodal association cortex related",DORpm,255,136,176,65600,549.0,TH,,5,0.0,12.999200000000002,0.0,18057,MM4,20240610_16_04_11_OP_TRAP_MM4A_Destripe_DONE,AcM-AcM,M,1389.0854821835187,2
777,138,Lateral group of the dorsal thalamus,LAT,255,130,130,65700,856.0,DORpm,,6,0.0,3.08472,0.0,1624,MM4,20240610_16_04_11_OP_TRAP_MM4A_Destripe_DONE,AcM-AcM,M,526.4659353198994,2
778,218,Lateral posterior thalamic nucleus,LP,255,135,130,65800,138.0,LAT,,7,0.0,1.07692,0.0,990,MM4,20240610_16_04_11_OP_TRAP_MM4A_Destripe_DONE,AcM-AcM,M,919.2883408238308,2
779,2069,"Lateral posterior thalamic nucleus, mediorostral part",LPMR,255,135,130,65810,218.0,LP,,8,0.5944,0.5944,473.0,473,MM4,20240610_16_04_11_OP_TRAP_MM4A_Destripe_DONE,AcM-AcM,M,795.7604306864064,2
780,2070,"Lateral posterior thalamic nucleus, mediocaudal part",LPMC,255,135,130,65820,218.0,LP,,8,0.07284,0.07284,146.0,146,MM4,20240610_16_04_11_OP_TRAP_MM4A_Destripe_DONE,AcM-AcM,M,2004.3931905546403,2
781,2071,"Lateral posterior thalamic nucleus, laterorostral part",LPLR,255,135,130,65830,218.0,LP,,8,0.38248,0.38248,334.0,334,MM4,20240610_16_04_11_OP_TRAP_MM4A_Destripe_DONE,AcM-AcM,M,873.2482744195776,2
782,2127,"Lateral posterior thalamic nucleus, laterocaudal part",LPLC,255,135,130,65840,218.0,LP,,8,0.0272,0.0272,37.0,37,MM4,20240610_16_04_11_OP_TRAP_MM4A_Destripe_DONE,AcM-AcM,M,1360.294117647059,2
783,2094,Intramedullary thalamic area,IMA,255,135,130,65850,138.0,LAT,,7,0.03896,0.03896,74.0,74,MM4,20240610_16_04_11_OP_TRAP_MM4A_Destripe_DONE,AcM-AcM,M,1899.3839835728952,2
784,1020,Posterior thalamic nuclear group,Po,255,134,130,65900,138.0,LAT,,7,1.6398,1.88812,462.0,551,MM4,20240610_16_04_11_OP_TRAP_MM4A_Destripe_DONE,AcM-AcM,M,291.8246721606678,2
785,2055,Angular thalamic nucleus,Ang,255,134,130,65910,1020.0,Po,,8,0.0516,0.0516,5.0,5,MM4,20240610_16_04_11_OP_TRAP_MM4A_Destripe_DONE,AcM-AcM,M,96.89922480620154,2
786,2128,"Posterior thalamic nuclear group, triangular part",PoT,255,134,130,65920,1020.0,Po,,8,0.19672,0.19672,84.0,84,MM4,20240610_16_04_11_OP_TRAP_MM4A_Destripe_DONE,AcM-AcM,M,427.00284668564456,2
787,1029,Posterior limitans thalamic nucleus,PLi,255,133,130,66000,138.0,LAT,,7,0.03256,0.03256,8.0,8,MM4,20240610_16_04_11_OP_TRAP_MM4A_Destripe_DONE,AcM-AcM,M,245.70024570024572,2
788,325,Suprageniculate thalamic nucleus,SG,255,131,130,66100,138.0,LAT,,7,0.04816,0.04816,1.0,1,MM4,20240610_16_04_11_OP_TRAP_MM4A_Destripe_DONE,AcM-AcM,M,20.764119601328904,2
789,239,Anterior group of the dorsal thalamus,ATN,255,136,136,66200,856.0,DORpm,,6,0.0,2.2718,0.0,3342,MM4,20240610_16_04_11_OP_TRAP_MM4A_Destripe_DONE,AcM-AcM,M,1471.0802007218947,2
790,255,Anteroventral thalamic nucleus,AV,255,136,133,66300,239.0,ATN,,7,0.19456,0.43396,310.0,419,MM4,20240610_16_04_11_OP_TRAP_MM4A_Destripe_DONE,AcM-AcM,M,965.5267766614435,2
791,2035,"Anteroventral thalamic nucleus, ventrolateral part",AVVL,255,136,133,66310,255.0,AV,,8,0.14344,0.14344,54.0,54,MM4,20240610_16_04_11_OP_TRAP_MM4A_Destripe_DONE,AcM-AcM,M,376.4640267707752,2
792,2036,"Anterovent thalamic nucleus, dorsomedial part",AVDM,255,136,133,66320,255.0,AV,,8,0.09596,0.09596,55.0,55,MM4,20240610_16_04_11_OP_TRAP_MM4A_Destripe_DONE,AcM-AcM,M,573.1554814506044,2
793,1096,Anteromedial thalamic nucleus,AM,255,136,134,66400,239.0,ATN,,7,0.44088,0.46648,903.0,947,MM4,20240610_16_04_11_OP_TRAP_MM4A_Destripe_DONE,AcM-AcM,M,2030.0977533870691,2
794,1104,"Anteromedial thalamic nucleus, ventral part",AMV,255,136,134,66600,1096.0,AM,,8,0.0256,0.0256,44.0,44,MM4,20240610_16_04_11_OP_TRAP_MM4A_Destripe_DONE,AcM-AcM,M,1718.75,2
795,64,Anterodorsal thalamic nucleus,AD,255,136,135,66700,239.0,ATN,,7,0.19764,0.19764,520.0,520,MM4,20240610_16_04_11_OP_TRAP_MM4A_Destripe_DONE,AcM-AcM,M,2631.0463468933413,2
796,1120,Interanteromedial thalamic nucleus,IAM,255,136,129,66800,239.0,ATN,,7,0.0858,0.0858,153.0,153,MM4,20240610_16_04_11_OP_TRAP_MM4A_Destripe_DONE,AcM-AcM,M,1783.2167832167831,2
797,1113,Interanterodorsal thalamic nucleus,IAD,255,144,159,66900,239.0,ATN,,7,0.09776,0.09776,493.0,493,MM4,20240610_16_04_11_OP_TRAP_MM4A_Destripe_DONE,AcM-AcM,M,5042.962356792144,2
798,2282,Lateral dorsal nucleus of thalamus,LD,255,136,128,67000,239.0,ATN,,7,0.0,0.99016,0.0,810,MM4,20240610_16_04_11_OP_TRAP_MM4A_Destripe_DONE,AcM-AcM,M,818.0496081441382,2
799,155,"Laterodorsal thalamic nucleus, ventrolateral part",LDVL,255,136,128,67010,2282.0,LD,,8,0.6000800000000001,0.6000800000000001,400.0,400,MM4,20240610_16_04_11_OP_TRAP_MM4A_Destripe_DONE,AcM-AcM,M,666.5777896280496,2
800,2046,"Laterodorsal thalamic nucleus, dorsomedial part",LDDM,255,136,128,67020,2282.0,LD,,8,0.39008,0.39008,410.0,410,MM4,20240610_16_04_11_OP_TRAP_MM4A_Destripe_DONE,AcM-AcM,M,1051.0664479081215,2
801,444,Medial group of the dorsal thalamus,MED,255,144,176,67100,856.0,DORpm,,6,0.0,1.58772,0.0,2253,MM4,20240610_16_04_11_OP_TRAP_MM4A_Destripe_DONE,AcM-AcM,M,1419.0159473962663,2
802,59,Intermediodorsal thalamic nucleus,IMD,255,144,164,67200,444.0,MED,,7,0.10964,0.10964,191.0,191,MM4,20240610_16_04_11_OP_TRAP_MM4A_Destripe_DONE,AcM-AcM,M,1742.0649398029916,2
803,2091,Posteromedian thalamic nucleus,PoMn,255,144,164,67210,444.0,MED,,7,0.0228,0.0228,88.0,88,MM4,20240610_16_04_11_OP_TRAP_MM4A_Destripe_DONE,AcM-AcM,M,3859.649122807017,2
804,362,Mediodorsal thalamic nucleus,MD,255,144,163,67300,444.0,MED,,7,0.15444,1.15684,497.0,1885,MM4,20240610_16_04_11_OP_TRAP_MM4A_Destripe_DONE,AcM-AcM,M,1629.4388160851975,2
805,617,"Mediodorsal thalamic nucleus, central part",MDC,255,144,163,67400,362.0,MD,,8,0.19568,0.19568,381.0,381,MM4,20240610_16_04_11_OP_TRAP_MM4A_Destripe_DONE,AcM-AcM,M,1947.056418642682,2
806,626,"Mediodorsal thalamic nucleus, lateral part ",MDL,255,144,163,67500,362.0,MD,,8,0.34368,0.34368,354.0,354,MM4,20240610_16_04_11_OP_TRAP_MM4A_Destripe_DONE,AcM-AcM,M,1030.0279329608938,2
807,636,"Mediodorsal thalamic nucleus, medial part",MDM,255,144,163,67600,362.0,MD,,8,0.46304,0.46304,653.0,653,MM4,20240610_16_04_11_OP_TRAP_MM4A_Destripe_DONE,AcM-AcM,M,1410.2453351762267,2
808,366,Submedius thalamic nucleus,Sub,255,144,161,67700,444.0,MED,,7,0.0658,0.29844,40.0,89,MM4,20240610_16_04_11_OP_TRAP_MM4A_Destripe_DONE,AcM-AcM,M,298.2173971317518,2
809,2377,"Submedius thalamic nucleus, dorsal part",SubD,255,144,161,67710,366.0,Sub,,8,0.08844,0.08844,33.0,33,MM4,20240610_16_04_11_OP_TRAP_MM4A_Destripe_DONE,AcM-AcM,M,373.13432835820896,2
810,2378,"Submedius thalamic nucleus, ventral part",SubV,255,144,161,67720,366.0,Sub,,8,0.1442,0.1442,16.0,16,MM4,20240610_16_04_11_OP_TRAP_MM4A_Destripe_DONE,AcM-AcM,M,110.95700416088766,2
811,571,Midline group of the dorsal thalamus,MTN,255,134,134,67900,856.0,DORpm,,6,0.03592,1.23292,65.0,4824,MM4,20240610_16_04_11_OP_TRAP_MM4A_Destripe_DONE,AcM-AcM,M,3912.6626220679364,2
812,149,Paraventricular nucleus of the thalamus,PVT,255,133,133,68000,571.0,MTN,,7,0.0,0.24236,0.0,3208,MM4,20240610_16_04_11_OP_TRAP_MM4A_Destripe_DONE,AcM-AcM,M,13236.507674533752,2
813,3001,"Paraventricular thalamic nucleus, anterior part",PVA,255,133,133,68010,149.0,PVT,,8,0.0,0.0,1568.0,1568,MM4,20240610_16_04_11_OP_TRAP_MM4A_Destripe_DONE,AcM-AcM,M,inf,2
814,2089,"Paraventricular thalamic nucleus, intermediate part",PV,255,133,133,68020,149.0,PVT,,8,0.15692,0.15692,1154.0,1154,MM4,20240610_16_04_11_OP_TRAP_MM4A_Destripe_DONE,AcM-AcM,M,7354.065765995411,2
815,2090,"Paraventricular thalamic nucleus, posterior part",PVP,255,133,133,68030,149.0,PVT,,8,0.08544,0.08544,486.0,486,MM4,20240610_16_04_11_OP_TRAP_MM4A_Destripe_DONE,AcM-AcM,M,5688.202247191011,2
816,15,Parataenial thalamic nucleus,PT,255,133,134,68100,571.0,MTN,,7,0.14432,0.14432,743.0,743,MM4,20240610_16_04_11_OP_TRAP_MM4A_Destripe_DONE,AcM-AcM,M,5148.281596452328,2
817,2038,Xiphoid thalamic nucleus,Xi,255,133,134,68110,571.0,MTN,,7,0.04436,0.19472,52.0,253,MM4,20240610_16_04_11_OP_TRAP_MM4A_Destripe_DONE,AcM-AcM,M,1299.3015612161053,2
818,2039,Paraxiphoid nucleus of thalamus,PaXi,255,133,134,68120,2038.0,Xi,,8,0.15036,0.15036,201.0,201,MM4,20240610_16_04_11_OP_TRAP_MM4A_Destripe_DONE,AcM-AcM,M,1336.7916999201916,2
819,2032,Accessory neuosecretory nuclei,ANS,255,133,134,68130,571.0,MTN,,7,0.01852,0.01852,29.0,29,MM4,20240610_16_04_11_OP_TRAP_MM4A_Destripe_DONE,AcM-AcM,M,1565.8747300215985,2
820,181,Reuniens area,RE,255,133,132,68200,571.0,MTN,,7,0.0,0.59708,0.0,526,MM4,20240610_16_04_11_OP_TRAP_MM4A_Destripe_DONE,AcM-AcM,M,880.9539760166141,2
821,2092,Reuniens thalamic nucleus,Re,255,133,132,68210,181.0,RE,,8,0.3724,0.3724,365.0,365,MM4,20240610_16_04_11_OP_TRAP_MM4A_Destripe_DONE,AcM-AcM,M,980.1288936627283,2
822,2093,Retrouniens area,RRe,255,133,132,68220,181.0,RE,,8,0.08568,0.08568,71.0,71,MM4,20240610_16_04_11_OP_TRAP_MM4A_Destripe_DONE,AcM-AcM,M,828.6647992530345,2
823,2037,Ventral reuniens thalamic nucleus,VRe ,255,133,132,68230,181.0,RE,,8,0.139,0.139,90.0,90,MM4,20240610_16_04_11_OP_TRAP_MM4A_Destripe_DONE,AcM-AcM,M,647.4820143884891,2
824,51,Intralaminar nuclei of the dorsal thalamus,ILM,255,136,132,68300,856.0,DORpm,,6,0.0,2.06664,0.0,2611,MM4,20240610_16_04_11_OP_TRAP_MM4A_Destripe_DONE,AcM-AcM,M,1263.4033987535322,2
825,189,Rhomboid thalamic nucleus,Rh,255,128,132,68400,51.0,ILM,,7,0.14976,0.14976,264.0,264,MM4,20240610_16_04_11_OP_TRAP_MM4A_Destripe_DONE,AcM-AcM,M,1762.8205128205127,2
826,599,Central medial thalamic nucleus,CM,255,134,132,68500,51.0,ILM,,7,0.47296,0.47296,858.0,858,MM4,20240610_16_04_11_OP_TRAP_MM4A_Destripe_DONE,AcM-AcM,M,1814.106901217862,2
827,907,Paracentral thalamic nucleus,PC,255,132,132,68600,51.0,ILM,,7,0.48852,0.55364,607.0,610,MM4,20240610_16_04_11_OP_TRAP_MM4A_Destripe_DONE,AcM-AcM,M,1101.7990029622138,2
828,2064,Oval paracentral thalamic nucleus,OPC,255,132,132,68610,907.0,PC,,8,0.06512,0.06512,3.0,3,MM4,20240610_16_04_11_OP_TRAP_MM4A_Destripe_DONE,AcM-AcM,M,46.06879606879607,2
829,575,Centrolateral thalamic nucleus,CL,255,135,132,68700,51.0,ILM,,7,0.327,0.327,405.0,405,MM4,20240610_16_04_11_OP_TRAP_MM4A_Destripe_DONE,AcM-AcM,M,1238.532110091743,2
830,930,Parafascicular thalamic nucleus,PaF,255,130,132,68800,51.0,ILM,,7,0.56328,0.56328,474.0,474,MM4,20240610_16_04_11_OP_TRAP_MM4A_Destripe_DONE,AcM-AcM,M,841.4997869620793,2
831,262,Reticular nucleus (prethalamus),Rt,255,128,128,68900,856.0,DORpm,,6,1.5919200000000002,1.5919200000000002,501.0,501,MM4,20240610_16_04_11_OP_TRAP_MM4A_Destripe_DONE,AcM-AcM,M,314.71430725162065,2
832,1014,"Geniculate group, ventral thalamus",GENv,255,135,133,69000,856.0,DORpm,,6,0.0,0.5121600000000001,0.0,1092,MM4,20240610_16_04_11_OP_TRAP_MM4A_Destripe_DONE,AcM-AcM,M,2132.1462043111524,2
833,27,Intergeniculate leaflet,IGL,255,135,134,69100,1014.0,GENv,,7,0.06692,0.06692,93.0,93,MM4,20240610_16_04_11_OP_TRAP_MM4A_Destripe_DONE,AcM-AcM,M,1389.7190675433355,2
834,178,Pregeniculate nucleus of the prethalamus,PrG,255,135,135,69200,1014.0,GENv,,7,0.04324,0.3996,132.0,934,MM4,20240610_16_04_11_OP_TRAP_MM4A_Destripe_DONE,AcM-AcM,M,2337.3373373373374,2
835,2072,"Pregeniculate nucleus, magnocellular part",PrGMC,255,135,135,69210,178.0,PrG,,8,0.22144,0.22144,690.0,690,MM4,20240610_16_04_11_OP_TRAP_MM4A_Destripe_DONE,AcM-AcM,M,3115.9682080924854,2
836,2073,"Pregeniculate nucleus, parvicellular part",PrGPC,255,135,135,69220,178.0,PrG,,8,0.13492,0.13492,112.0,112,MM4,20240610_16_04_11_OP_TRAP_MM4A_Destripe_DONE,AcM-AcM,M,830.1215535131929,2
837,321,Subgeniculate nucleus of the prethalamus,SubG,255,135,133,69500,1014.0,GENv,,7,0.04564,0.04564,65.0,65,MM4,20240610_16_04_11_OP_TRAP_MM4A_Destripe_DONE,AcM-AcM,M,1424.1893076248905,2
838,958,Epithalamus,EPI,255,136,144,69600,856.0,DORpm,,6,0.0,0.6513199999999999,0.0,1810,MM4,20240610_16_04_11_OP_TRAP_MM4A_Destripe_DONE,AcM-AcM,M,2778.9719339188114,2
839,483,Medial habenular nucleus,MHb,255,134,144,69700,958.0,EPI,,7,0.24988,0.24988,1188.0,1188,MM4,20240610_16_04_11_OP_TRAP_MM4A_Destripe_DONE,AcM-AcM,M,4754.282055386586,2
840,186,Lateral habenular nucleus,LHb,255,135,144,69800,958.0,EPI,,7,0.19368,0.40144,353.0,622,MM4,20240610_16_04_11_OP_TRAP_MM4A_Destripe_DONE,AcM-AcM,M,1549.4220805101634,2
841,2058,"Lateral habenular nucleus, medial part",LHbM,255,135,144,69810,186.0,LHb,,8,0.0756,0.0756,117.0,117,MM4,20240610_16_04_11_OP_TRAP_MM4A_Destripe_DONE,AcM-AcM,M,1547.6190476190477,2
842,2059,"Lateral habenular nucleus, lateral part",LHbL,255,135,144,69820,186.0,LHb,,8,0.13216,0.13216,152.0,152,MM4,20240610_16_04_11_OP_TRAP_MM4A_Destripe_DONE,AcM-AcM,M,1150.1210653753026,2
843,953,Pineal gland,Pi,255,132,144,69900,958.0,EPI,,7,0.0,0.0,0.0,0,MM4,20240610_16_04_11_OP_TRAP_MM4A_Destripe_DONE,AcM-AcM,M,0.0,2
844,1097,Hypothalamus,HY,255,105,110,70000,1129.0,IB,,4,0.0,16.08072,0.0,33236,MM4,20240610_16_04_11_OP_TRAP_MM4A_Destripe_DONE,AcM-AcM,M,2066.8228785775764,2
845,157,Periventricular zone,PVZ,255,76,80,70100,1097.0,HY,,5,0.0,0.7472000000000001,0.0,1430,MM4,20240610_16_04_11_OP_TRAP_MM4A_Destripe_DONE,AcM-AcM,M,1913.8115631691646,2
846,390,Supraoptic nucleus,SO,255,76,60,70200,157.0,PVZ,,6,0.03548,0.0802799999999999,70.0,205,MM4,20240610_16_04_11_OP_TRAP_MM4A_Destripe_DONE,AcM-AcM,M,2553.56253114101,2
847,2051,"Supraoptic nucleus, retrochiasmatic part",SOR,255,76,60,70210,390.0,SO,,7,0.01892,0.01892,101.0,101,MM4,20240610_16_04_11_OP_TRAP_MM4A_Destripe_DONE,AcM-AcM,M,5338.266384778013,2
848,2034,Episupraoptic nucleus,ESO,255,76,60,70220,390.0,SO,,7,0.02588,0.02588,34.0,34,MM4,20240610_16_04_11_OP_TRAP_MM4A_Destripe_DONE,AcM-AcM,M,1313.7557959814528,2
849,332,Accessory supraoptic group,ASO,255,76,62,70300,157.0,PVZ,,6,0.0,0.0042,0.0,14,MM4,20240610_16_04_11_OP_TRAP_MM4A_Destripe_DONE,AcM-AcM,M,3333.3333333333335,2
850,432,Circulur nucleus,Cir,255,76,62,70400,332.0,ASO,,7,0.0042,0.0042,14.0,14,MM4,20240610_16_04_11_OP_TRAP_MM4A_Destripe_DONE,AcM-AcM,M,3333.3333333333335,2
851,38,"Paraventricular hypothalamic nucleus, anterior part",PVH,255,76,77,70500,157.0,PVZ,,6,0.2224,0.39648,0.0,890,MM4,20240610_16_04_11_OP_TRAP_MM4A_Destripe_DONE,AcM-AcM,M,2244.7538337368846,2
852,71,"Paraventricular hypothalamic nucleus, magnocellular division",PVHm,255,76,76,70600,38.0,PVH,,7,0.0,0.08608,0.0,581,MM4,20240610_16_04_11_OP_TRAP_MM4A_Destripe_DONE,AcM-AcM,M,6749.53531598513,2
853,79,"Paraventricular hypothalamic nucleus, medial magnocellular part",PaMM,255,76,74,70800,71.0,PVHm,,8,0.0076,0.0076,62.0,62,MM4,20240610_16_04_11_OP_TRAP_MM4A_Destripe_DONE,AcM-AcM,M,8157.894736842105,2
854,652,"Paraventricular hypothalamic nucleus, lateral magnocellular part",PaLM,255,76,73,71000,71.0,PVHm,,8,0.03332,0.03332,394.0,394,MM4,20240610_16_04_11_OP_TRAP_MM4A_Destripe_DONE,AcM-AcM,M,11824.729891956782,2
855,660,"Paraventricular hypothalamic nucleus, posterior part",PaPo,255,76,73,71100,71.0,PVHm,,8,0.04516,0.04516,125.0,125,MM4,20240610_16_04_11_OP_TRAP_MM4A_Destripe_DONE,AcM-AcM,M,2767.9362267493357,2
856,94,"Paraventricular hypothalamic nucleus, parvicellular division",PVAp,255,76,72,71200,38.0,PVH,,7,0.0,0.088,0.0,309,MM4,20240610_16_04_11_OP_TRAP_MM4A_Destripe_DONE,AcM-AcM,M,3511.3636363636365,2
857,55,"Paraventricular hypothalamic nucleus, anterior parivcellular part",PaAP,255,76,69,71300,94.0,PVAp,,8,0.0458,0.05068,159.0,169,MM4,20240610_16_04_11_OP_TRAP_MM4A_Destripe_DONE,AcM-AcM,M,3334.6487766377268,2
858,2026,Anterior perifornical nucleus,APF,255,76,69,71310,55.0,PaAP,,9,0.00488,0.00488,10.0,10,MM4,20240610_16_04_11_OP_TRAP_MM4A_Destripe_DONE,AcM-AcM,M,2049.1803278688526,2
859,87,"Paraventricular hypothalamic nucleus, medial parvicellular part",PaMP,255,76,71,71400,94.0,PVAp,,8,0.03732,0.03732,140.0,140,MM4,20240610_16_04_11_OP_TRAP_MM4A_Destripe_DONE,AcM-AcM,M,3751.3397642015007,2
860,30,"Paraventricular hypothalamic nucleus, ventral part",PaV,255,76,78,71600,157.0,PVZ,,6,0.0302,0.0302,203.0,203,MM4,20240610_16_04_11_OP_TRAP_MM4A_Destripe_DONE,AcM-AcM,M,6721.854304635762,2
861,223,Arcuate hypothalamic nucleus,Arc,255,76,79,71800,157.0,PVZ,,6,0.06972,0.23604,39.0,118,MM4,20240610_16_04_11_OP_TRAP_MM4A_Destripe_DONE,AcM-AcM,M,499.91526859854264,2
862,2061,"Arcuate hypothalamic nucleus, dorsal part",ArcD,255,76,79,71810,223.0,Arc,,7,0.02636,0.02636,2.0,2,MM4,20240610_16_04_11_OP_TRAP_MM4A_Destripe_DONE,AcM-AcM,M,75.87253414264036,2
863,2062,"Arcuate hypothalamic nucleus, lateral part",ArcL,255,76,79,71820,223.0,Arc,,7,0.03384,0.03384,27.0,27,MM4,20240610_16_04_11_OP_TRAP_MM4A_Destripe_DONE,AcM-AcM,M,797.8723404255319,2
864,2104,"Arcuate hypothalamic nucleus, lateroposterior part",ArcLP,255,76,79,71830,223.0,Arc,,7,0.03292,0.03292,32.0,32,MM4,20240610_16_04_11_OP_TRAP_MM4A_Destripe_DONE,AcM-AcM,M,972.0534629404618,2
865,2095,"Arcuate hypothalamic nucleus, medial part",ArcM,255,76,79,71840,223.0,Arc,,7,0.0128,0.0128,0.0,0,MM4,20240610_16_04_11_OP_TRAP_MM4A_Destripe_DONE,AcM-AcM,M,0.0,2
866,2103,"Arcuate hypothalamic nucleus, medial posterior part",ArcMP,255,76,79,71850,223.0,Arc,,7,0.0604,0.0604,18.0,18,MM4,20240610_16_04_11_OP_TRAP_MM4A_Destripe_DONE,AcM-AcM,M,298.0132450331126,2
867,141,Periventricular region,PVR,255,77,80,71900,1097.0,HY,,5,0.0,2.63232,0.0,10298,MM4,20240610_16_04_11_OP_TRAP_MM4A_Destripe_DONE,AcM-AcM,M,3912.138341842937,2
868,272,Anteroventral periventricular nucleus,AVPe,255,77,84,72300,141.0,PVR,,6,0.0758,0.0758,348.0,348,MM4,20240610_16_04_11_OP_TRAP_MM4A_Destripe_DONE,AcM-AcM,M,4591.029023746702,2
869,668,Dorsal hypothalamic area,DA,255,77,85,72350,141.0,PVR,,6,0.12968,0.12968,227.0,227,MM4,20240610_16_04_11_OP_TRAP_MM4A_Destripe_DONE,AcM-AcM,M,1750.4626773596547,2
870,830,Dorsomedial hypothalamic nucleus,DM,255,77,85,72400,141.0,PVR,,6,0.28456,0.562,804.0,1565,MM4,20240610_16_04_11_OP_TRAP_MM4A_Destripe_DONE,AcM-AcM,M,2784.697508896797,2
871,2076,"Dorsomedial hypothalamic nucleus, dorsal part",DMD,255,77,85,72500,830.0,DM,,7,0.0862,0.0862,113.0,113,MM4,20240610_16_04_11_OP_TRAP_MM4A_Destripe_DONE,AcM-AcM,M,1310.9048723897913,2
872,2077,"Dorsomedial hypothalamic nucleus, compact part",DMC,255,77,85,72600,830.0,DM,,7,0.04684,0.04684,97.0,97,MM4,20240610_16_04_11_OP_TRAP_MM4A_Destripe_DONE,AcM-AcM,M,2070.8795900939367,2
873,2078,"Dorsomedial hypothalamic nucleus, ventral part",DMV,255,77,85,72700,830.0,DM,,7,0.1444,0.1444,551.0,551,MM4,20240610_16_04_11_OP_TRAP_MM4A_Destripe_DONE,AcM-AcM,M,3815.7894736842104,2
874,452,Median preoptic nucleus,MnPO,255,77,86,72800,141.0,PVR,,6,0.0424,0.0424,90.0,90,MM4,20240610_16_04_11_OP_TRAP_MM4A_Destripe_DONE,AcM-AcM,M,2122.6415094339623,2
875,2307,DA14 Dopamine Cells,DA14,255,77,86,72810,141.0,PVR,,6,0.0,0.0,0.0,0,MM4,20240610_16_04_11_OP_TRAP_MM4A_Destripe_DONE,AcM-AcM,M,0.0,2
876,523,Medial preoptic area,MPA,255,77,87,72900,141.0,PVR,,6,1.0416800000000002,1.2187200000000002,4412.0,5241,MM4,20240610_16_04_11_OP_TRAP_MM4A_Destripe_DONE,AcM-AcM,M,4300.413548641196,2
877,2016,Strial part of the preoptic area,StA,255,77,87,72910,523.0,MPA,,7,0.03184,0.03184,188.0,188,MM4,20240610_16_04_11_OP_TRAP_MM4A_Destripe_DONE,AcM-AcM,M,5904.522613065326,2
878,2023,Striohypothalamic nucleus,StHy,255,77,87,72920,523.0,MPA,,7,0.11884,0.11884,464.0,464,MM4,20240610_16_04_11_OP_TRAP_MM4A_Destripe_DONE,AcM-AcM,M,3904.4092898014137,2
879,2306,Anterior commissural nucleus,AC,255,77,87,72930,523.0,MPA,,7,0.02636,0.02636,177.0,177,MM4,20240610_16_04_11_OP_TRAP_MM4A_Destripe_DONE,AcM-AcM,M,6714.719271623672,2
880,763,Vascular organ of the lamina terminalis,VOLT,255,77,88,73000,141.0,PVR,,6,0.02092,0.02092,127.0,127,MM4,20240610_16_04_11_OP_TRAP_MM4A_Destripe_DONE,AcM-AcM,M,6070.745697896749,2
881,914,Posterodorsal preoptic nucleus,PDPO,255,77,89,73100,141.0,PVR,,6,0.0092,0.0092,13.0,13,MM4,20240610_16_04_11_OP_TRAP_MM4A_Destripe_DONE,AcM-AcM,M,1413.0434782608695,2
882,1109,Parastrial nucleus,PS,255,77,90,73200,141.0,PVR,,6,0.04452,0.04452,437.0,437,MM4,20240610_16_04_11_OP_TRAP_MM4A_Destripe_DONE,AcM-AcM,M,9815.81311769991,2
883,133,Periventricular hypothalamic nucleus,Pe,255,77,93,73500,141.0,PVR,,6,0.23516,0.23516,674.0,674,MM4,20240610_16_04_11_OP_TRAP_MM4A_Destripe_DONE,AcM-AcM,M,2866.1336962068376,2
884,347,Subparaventricular zone of the hypothalamus,SPa ,255,77,80,73600,141.0,PVR,,6,0.02756,0.02756,51.0,51,MM4,20240610_16_04_11_OP_TRAP_MM4A_Destripe_DONE,AcM-AcM,M,1850.5079825834541,2
885,286,Suprachiasmatic nucleus,SCh,255,77,94,73700,141.0,PVR,,6,0.05424,0.0734799999999999,121.0,154,MM4,20240610_16_04_11_OP_TRAP_MM4A_Destripe_DONE,AcM-AcM,M,2095.8083832335356,2
886,2030,"Suprachiasmatic nucleus, dorsolateral part",SChDL,255,77,94,73710,286.0,SCh,,7,0.01144,0.01144,20.0,20,MM4,20240610_16_04_11_OP_TRAP_MM4A_Destripe_DONE,AcM-AcM,M,1748.2517482517483,2
887,2031,"Suprachiasmatic nucleus, ventromedial part",SChVM,255,77,94,73720,286.0,SCh,,7,0.0078,0.0078,13.0,13,MM4,20240610_16_04_11_OP_TRAP_MM4A_Destripe_DONE,AcM-AcM,M,1666.6666666666667,2
888,338,Subfornical organ,SFO,255,77,80,73800,141.0,PVR,,6,0.046,0.046,102.0,102,MM4,20240610_16_04_11_OP_TRAP_MM4A_Destripe_DONE,AcM-AcM,M,2217.391304347826,2
889,2011,Ventromedidal preoptic nucleus,VMPO,255,77,80,73810,141.0,PVR,,6,0.06216,0.06216,573.0,573,MM4,20240610_16_04_11_OP_TRAP_MM4A_Destripe_DONE,AcM-AcM,M,9218.146718146718,2
890,689,Ventrolateral preoptic nucleus,VLPO,255,77,80,73900,141.0,PVR,,6,0.08472,0.08472,696.0,696,MM4,20240610_16_04_11_OP_TRAP_MM4A_Destripe_DONE,AcM-AcM,M,8215.297450424929,2
891,467,Hypothalamic medial zone,MEZ ,255,78,80,74000,1097.0,HY,,5,0.0,3.3310000000000004,0.0,6991,MM4,20240610_16_04_11_OP_TRAP_MM4A_Destripe_DONE,AcM-AcM,M,2098.7691383968777,2
892,88,Anterior hypothalamic nucleus,AHN,255,78,81,74100,467.0,MEZ ,,6,0.0,0.91364,0.0,2680,MM4,20240610_16_04_11_OP_TRAP_MM4A_Destripe_DONE,AcM-AcM,M,2933.32165842126,2
893,700,"Anterior hypothalamic area, anterior part",AHA,255,78,81,74200,88.0,AHN,,7,0.20464,0.20464,440.0,440,MM4,20240610_16_04_11_OP_TRAP_MM4A_Destripe_DONE,AcM-AcM,M,2150.117279124316,2
894,708,"Anterior hypothalamic area, central part",AHC,255,78,81,74300,88.0,AHN,,7,0.40928,0.40928,1696.0,1696,MM4,20240610_16_04_11_OP_TRAP_MM4A_Destripe_DONE,AcM-AcM,M,4143.862392494137,2
895,724,"Anterior hypothalamic area, posterior part",AHP,255,78,81,74500,88.0,AHN,,7,0.16292,0.16292,206.0,206,MM4,20240610_16_04_11_OP_TRAP_MM4A_Destripe_DONE,AcM-AcM,M,1264.4242573041984,2
896,2029,Lateroanterior hypothalamic nucleus,LA,255,78,81,74510,88.0,AHN,,7,0.1368,0.1368,338.0,338,MM4,20240610_16_04_11_OP_TRAP_MM4A_Destripe_DONE,AcM-AcM,M,2470.7602339181285,2
897,2047,Stigmoid hypothalamic nucleus,Stg,255,78,81,74520,724.0,AHP,,8,0.0,0.0,0.0,0,MM4,20240610_16_04_11_OP_TRAP_MM4A_Destripe_DONE,AcM-AcM,M,0.0,2
898,331,Mammillary body,MBO,255,78,82,74600,467.0,MEZ ,,6,0.0,0.50308,0.0,1431,MM4,20240610_16_04_11_OP_TRAP_MM4A_Destripe_DONE,AcM-AcM,M,2844.4780154249825,2
899,210,Lateral mamilllary nucleus,LM,255,78,83,74700,331.0,MBO,,7,0.04488,0.04488,217.0,217,MM4,20240610_16_04_11_OP_TRAP_MM4A_Destripe_DONE,AcM-AcM,M,4835.115864527629,2
900,491,"Medial mammillary nucleus, medial part",MM,255,78,84,74800,331.0,MBO,,7,0.15388,0.27508,704.0,857,MM4,20240610_16_04_11_OP_TRAP_MM4A_Destripe_DONE,AcM-AcM,M,3115.457321506471,2
901,2118,Mammillary recess of the 3rd ventricle,MRe,255,78,84,74810,491.0,MM,,8,0.0028,0.0028,0.0,0,MM4,20240610_16_04_11_OP_TRAP_MM4A_Destripe_DONE,AcM-AcM,M,0.0,2
902,2119,"Medial mammillary nucleus, lateral part",ML,255,78,84,74820,491.0,MM,,8,0.09936,0.09936,152.0,152,MM4,20240610_16_04_11_OP_TRAP_MM4A_Destripe_DONE,AcM-AcM,M,1529.7906602254427,2
903,732,"Medial mammillary nucleus, median part",MnM,255,78,84,74900,491.0,MM,,8,0.01904,0.01904,1.0,1,MM4,20240610_16_04_11_OP_TRAP_MM4A_Destripe_DONE,AcM-AcM,M,52.52100840336134,2
904,525,Retromamillary nucleus,RM,255,78,85,75000,331.0,MBO,,7,0.06724,0.1528,183.0,292,MM4,20240610_16_04_11_OP_TRAP_MM4A_Destripe_DONE,AcM-AcM,M,1910.9947643979058,2
905,1110,"Retromamillary nucleus, lateral part",RML,255,78,85,75100,525.0,RM,,8,0.00688,0.00688,7.0,7,MM4,20240610_16_04_11_OP_TRAP_MM4A_Destripe_DONE,AcM-AcM,M,1017.4418604651163,2
906,1118,"Retromamillary nucleus, medial part",RMM,255,78,85,75200,525.0,RM,,8,0.07868,0.07868,102.0,102,MM4,20240610_16_04_11_OP_TRAP_MM4A_Destripe_DONE,AcM-AcM,M,1296.3904422979156,2
907,557,Tuberomammillary nucleus,TM,255,78,86,75300,331.0,MBO,,7,0.0,0.03032,0.0,65,MM4,20240610_16_04_11_OP_TRAP_MM4A_Destripe_DONE,AcM-AcM,M,2143.7994722955145,2
908,1126,Dorsal tuberomammillary nucleus,DTM,255,78,86,75400,557.0,TM,,8,0.0072,0.0072,0.0,0,MM4,20240610_16_04_11_OP_TRAP_MM4A_Destripe_DONE,AcM-AcM,M,0.0,2
909,1,Ventral tuberomammillary nucleus,VTM,255,78,86,75500,557.0,TM,,8,0.02312,0.02312,65.0,65,MM4,20240610_16_04_11_OP_TRAP_MM4A_Destripe_DONE,AcM-AcM,M,2811.418685121107,2
910,515,Medial preoptic nucleus,MPO,255,78,87,75600,467.0,MEZ ,,6,0.0,0.30308,0.0,857,MM4,20240610_16_04_11_OP_TRAP_MM4A_Destripe_DONE,AcM-AcM,M,2827.636267652105,2
911,748,"Medial preoptic nucleus, lateral part",MPOL,255,78,87,75800,515.0,MPO,,7,0.12564,0.12564,355.0,355,MM4,20240610_16_04_11_OP_TRAP_MM4A_Destripe_DONE,AcM-AcM,M,2825.533269659344,2
912,756,"Medial preoptic nucleus, medial part",MPOM,255,78,87,75900,515.0,MPO,,7,0.17744,0.17744,502.0,502,MM4,20240610_16_04_11_OP_TRAP_MM4A_Destripe_DONE,AcM-AcM,M,2829.125338142471,2
913,980,"Premamillary nucleus, dorsal part",PMD,255,78,88,76000,467.0,MEZ ,,6,0.03064,0.03064,23.0,23,MM4,20240610_16_04_11_OP_TRAP_MM4A_Destripe_DONE,AcM-AcM,M,750.6527415143603,2
914,1004,"Premamillary nucleus, ventral part",PMV,255,78,89,76100,467.0,MEZ ,,6,0.06016,0.06016,36.0,36,MM4,20240610_16_04_11_OP_TRAP_MM4A_Destripe_DONE,AcM-AcM,M,598.404255319149,2
915,63,"Paraventricular hypothalamic nucleus, descending division",PVHd,255,78,90,76200,467.0,MEZ ,,6,0.0,0.00836,0.0,113,MM4,20240610_16_04_11_OP_TRAP_MM4A_Destripe_DONE,AcM-AcM,M,13516.746411483255,2
916,439,"Paraventricular hypothalamic nucleus, dorsal cap",PaDC,255,78,90,76300,63.0,PVHd,,7,0.00836,0.00836,113.0,113,MM4,20240610_16_04_11_OP_TRAP_MM4A_Destripe_DONE,AcM-AcM,M,13516.746411483255,2
917,693,Ventromedial hypothalamic nucleus,VMH,255,78,91,76700,467.0,MEZ ,,6,0.10468,0.85552,164.0,947,MM4,20240610_16_04_11_OP_TRAP_MM4A_Destripe_DONE,AcM-AcM,M,1106.9291191322238,2
918,2044,"Ventromedial hypothalamic nucleus, shell region",VMHSh,255,78,91,76710,693.0,VMH,,7,0.3066,0.3066,424.0,424,MM4,20240610_16_04_11_OP_TRAP_MM4A_Destripe_DONE,AcM-AcM,M,1382.9093281148077,2
919,769,"Ventromedial hypothalamic nucleus, central part",VMHC,255,78,91,76900,693.0,VMH,,7,0.19296,0.19296,137.0,137,MM4,20240610_16_04_11_OP_TRAP_MM4A_Destripe_DONE,AcM-AcM,M,709.9917081260365,2
920,777,"Ventromedial hypothalamic nucleus, dorsomedial part",VMHDM,255,78,91,77000,693.0,VMH,,7,0.1314,0.1314,149.0,149,MM4,20240610_16_04_11_OP_TRAP_MM4A_Destripe_DONE,AcM-AcM,M,1133.9421613394218,2
921,785,"Ventromedial hypothalamic nucleus, ventrolateral part",VMHVL,255,78,91,77100,693.0,VMH,,7,0.11988,0.11988,73.0,73,MM4,20240610_16_04_11_OP_TRAP_MM4A_Destripe_DONE,AcM-AcM,M,608.9422756089423,2
922,2474,Posterior hypothalamic area,PHA,255,78,91,77110,467.0,MEZ ,,6,0.0,0.6565200000000001,0.0,904,MM4,20240610_16_04_11_OP_TRAP_MM4A_Destripe_DONE,AcM-AcM,M,1376.9572899530858,2
923,946,Posterior hypothalamic nucleus,PH,255,79,83,77150,2474.0,PHA,,7,0.06356,0.65652,92.0,904,MM4,20240610_16_04_11_OP_TRAP_MM4A_Destripe_DONE,AcM-AcM,M,1376.957289953086,2
924,2364,"Posterior hypothalamic nucleus, dorsal part",PHnd,255,79,83,77160,946.0,PH,,8,0.21268,0.21268,342.0,342,MM4,20240610_16_04_11_OP_TRAP_MM4A_Destripe_DONE,AcM-AcM,M,1608.049652059432,2
925,2365,"Posterior hypothalamic nucleus, ventral part",PHnv,255,79,83,77170,946.0,PH,,8,0.25524,0.25524,307.0,307,MM4,20240610_16_04_11_OP_TRAP_MM4A_Destripe_DONE,AcM-AcM,M,1202.7895314214072,2
926,2075,"Posterior hypothalamic area, dorsal part",PHD,255,79,83,77180,946.0,PH,,8,0.10512,0.10512,144.0,144,MM4,20240610_16_04_11_OP_TRAP_MM4A_Destripe_DONE,AcM-AcM,M,1369.86301369863,2
927,2102,Submammillothalamic nucleus,SMT,255,79,83,77190,946.0,PH,,8,0.01992,0.01992,19.0,19,MM4,20240610_16_04_11_OP_TRAP_MM4A_Destripe_DONE,AcM-AcM,M,953.8152610441767,2
928,290,Hypothalamic lateral zone,LZ,255,79,80,77200,1097.0,HY,,5,0.0,9.337320000000002,0.0,14418,MM4,20240610_16_04_11_OP_TRAP_MM4A_Destripe_DONE,AcM-AcM,M,1544.1261518294325,2
929,2309,Juxtaparaventricular part of lateral hypothalamus,JPLH,255,79,81,77300,194.0,LH,,7,0.10664,0.10664,396.0,396,MM4,20240610_16_04_11_OP_TRAP_MM4A_Destripe_DONE,AcM-AcM,M,3713.428357089272,2
930,194,Lateral hypothalamic area,LH,255,79,81,77300,290.0,LZ,,6,5.186120000000001,5.756480000000001,8990.0,10072,MM4,20240610_16_04_11_OP_TRAP_MM4A_Destripe_DONE,AcM-AcM,M,1749.6803602201344,2
931,2065,Magnocellular nucleus of the lateral hypothalamus,MCLH,255,79,81,77310,194.0,LH,,7,0.03024,0.03024,14.0,14,MM4,20240610_16_04_11_OP_TRAP_MM4A_Destripe_DONE,AcM-AcM,M,462.962962962963,2
932,2033,Ventrolateral hypothalamic nucleus ,VLH,255,79,81,77320,194.0,LH,,7,0.05768,0.05768,104.0,104,MM4,20240610_16_04_11_OP_TRAP_MM4A_Destripe_DONE,AcM-AcM,M,1803.0513176144243,2
933,2105,Gemini hypothalamic nucleus,Gem,255,79,81,77330,194.0,LH,,7,0.0668,0.0668,46.0,46,MM4,20240610_16_04_11_OP_TRAP_MM4A_Destripe_DONE,AcM-AcM,M,688.622754491018,2
934,2081,Peduncular lateral hypothalamus,PLH,255,79,81,77340,194.0,LH,,7,0.309,0.309,522.0,522,MM4,20240610_16_04_11_OP_TRAP_MM4A_Destripe_DONE,AcM-AcM,M,1689.3203883495146,2
935,2048,Tuberal region of lateral hypothalamus,TuLH,255,79,81,77350,194.0,LH,,7,0.0,0.0,0.0,0,MM4,20240610_16_04_11_OP_TRAP_MM4A_Destripe_DONE,AcM-AcM,M,0.0,2
936,2473,Perifornical part of lateral hypothalamus,PeFLH,255,79,81,77360,194.0,LH,,7,0.0,0.0,0.0,0,MM4,20240610_16_04_11_OP_TRAP_MM4A_Destripe_DONE,AcM-AcM,M,0.0,2
937,226,Lateral preoptic area,LPO,255,79,82,77400,290.0,LZ,,6,0.8119200000000001,0.8119200000000001,2067.0,2067,MM4,20240610_16_04_11_OP_TRAP_MM4A_Destripe_DONE,AcM-AcM,M,2545.8173219036357,2
938,2379,Paraterete nucleus,PTe,255,79,80,77610,290.0,LZ,,6,0.04284,0.04284,17.0,17,MM4,20240610_16_04_11_OP_TRAP_MM4A_Destripe_DONE,AcM-AcM,M,396.8253968253968,2
939,364,Parasubthalamic nucleus,PSTh,255,79,80,77700,290.0,LZ,,6,0.13364,0.13364,116.0,116,MM4,20240610_16_04_11_OP_TRAP_MM4A_Destripe_DONE,AcM-AcM,M,868.0035917390003,2
940,173,Retrochiasmatic area,RCh,255,79,84,77800,290.0,LZ,,6,0.02956,0.17796,148.0,355,MM4,20240610_16_04_11_OP_TRAP_MM4A_Destripe_DONE,AcM-AcM,M,1994.8302989435826,2
941,2283,"Retrochiasmatic area, medial part",RChM,255,79,84,77850,173.0,RCh,,7,0.03468,0.03468,8.0,8,MM4,20240610_16_04_11_OP_TRAP_MM4A_Destripe_DONE,AcM-AcM,M,230.68050749711648,2
942,2042,"Retrochiasmatic area, lateral part",RchL,255,79,84,77810,173.0,RCh,,7,0.11372,0.11372,199.0,199,MM4,20240610_16_04_11_OP_TRAP_MM4A_Destripe_DONE,AcM-AcM,M,1749.9120647203658,2
943,470,Subthalamic nucleus,STh,255,79,85,77900,290.0,LZ,,6,0.23284,0.23284,53.0,53,MM4,20240610_16_04_11_OP_TRAP_MM4A_Destripe_DONE,AcM-AcM,M,227.6241195670847,2
944,2063,Subincertal nucleus,SubI,255,79,85,77910,290.0,LZ,,6,0.08832,0.08832,264.0,264,MM4,20240610_16_04_11_OP_TRAP_MM4A_Destripe_DONE,AcM-AcM,M,2989.130434782609,2
945,614,Medial tuberal nucleus,MTu,255,79,86,78000,290.0,LZ,,6,0.1196,0.16684,183.0,267,MM4,20240610_16_04_11_OP_TRAP_MM4A_Destripe_DONE,AcM-AcM,M,1600.3356509230402,2
946,2080,Terete hypothalamic nucleus,Te,255,79,86,78010,614.0,MTu,,7,0.04724,0.04724,84.0,84,MM4,20240610_16_04_11_OP_TRAP_MM4A_Destripe_DONE,AcM-AcM,M,1778.1541066892464,2
947,2079,Perifornical nucleus,PeF,255,79,86,78020,290.0,LZ,,6,0.07896,0.07896,96.0,96,MM4,20240610_16_04_11_OP_TRAP_MM4A_Destripe_DONE,AcM-AcM,M,1215.80547112462,2
948,2111,Ventral linear nucleus of the thalamus,VLi,255,79,87,78030,290.0,LZ,,6,0.0188,0.0188,15.0,15,MM4,20240610_16_04_11_OP_TRAP_MM4A_Destripe_DONE,AcM-AcM,M,797.8723404255319,2
949,797,Zona incerta,ZI,255,79,87,78100,290.0,LZ,,6,0.23964,1.8287200000000003,344.0,1096,MM4,20240610_16_04_11_OP_TRAP_MM4A_Destripe_DONE,AcM-AcM,M,599.32630473774,2
950,2125,"Zona incerta, caudal part",ZIC,255,79,87,78110,797.0,ZI,,7,0.07544,0.07544,62.0,62,MM4,20240610_16_04_11_OP_TRAP_MM4A_Destripe_DONE,AcM-AcM,M,821.845174973489,2
951,2043,"Zona incerta, rostral part",ZIR,255,79,87,78120,797.0,ZI,,7,0.07404,0.07404,168.0,168,MM4,20240610_16_04_11_OP_TRAP_MM4A_Destripe_DONE,AcM-AcM,M,2269.04376012966,2
952,2053,"Zona incerta, dosal part",ZID,255,79,87,78130,797.0,ZI,,7,0.64232,0.64232,229.0,229,MM4,20240610_16_04_11_OP_TRAP_MM4A_Destripe_DONE,AcM-AcM,M,356.52011458463073,2
953,2054,"Zona incerta, ventral part",ZIV,255,79,87,78140,797.0,ZI,,7,0.6300800000000001,0.6300800000000001,210.0,210,MM4,20240610_16_04_11_OP_TRAP_MM4A_Destripe_DONE,AcM-AcM,M,333.2910106653123,2
954,796,DA13 dopamine cells,DA13,255,79,87,78200,797.0,ZI,,7,0.01496,0.01496,18.0,18,MM4,20240610_16_04_11_OP_TRAP_MM4A_Destripe_DONE,AcM-AcM,M,1203.2085561497327,2
955,2110,Nucleus of the fields of Forel,F,255,79,87,78300,797.0,ZI,,7,0.15224,0.15224,65.0,65,MM4,20240610_16_04_11_OP_TRAP_MM4A_Destripe_DONE,AcM-AcM,M,426.9574356279559,2
956,10671,Median eminence,ME,255,80,80,78400,1097.0,HY,,5,0.03288,0.03288,99.0,99,MM4,20240610_16_04_11_OP_TRAP_MM4A_Destripe_DONE,AcM-AcM,M,3010.9489051094893,2
957,313,Midbrain,MB,255,200,255,78500,343.0,BS,,3,0.2426,34.34008,1155.0,34211,MM4,20240610_16_04_11_OP_TRAP_MM4A_Destripe_DONE,AcM-AcM,M,996.2411269863087,2
958,2107,Prerubral field,PR,255,200,255,78510,313.0,MB,,4,0.29216,0.29216,206.0,206,MM4,20240610_16_04_11_OP_TRAP_MM4A_Destripe_DONE,AcM-AcM,M,705.093099671413,2
959,339,"Midbrain, sensory related",MBsen,255,176,254,78600,313.0,MB,,4,0.0,14.92908,0.0,14227,MM4,20240610_16_04_11_OP_TRAP_MM4A_Destripe_DONE,AcM-AcM,M,952.9723197946557,2
960,2476,Superior colliculus,SC,255,176,254,78610,339.0,MBsen,,5,0.0,8.581840000000001,0.0,6821,MM4,20240610_16_04_11_OP_TRAP_MM4A_Destripe_DONE,AcM-AcM,M,794.8178945307765,2
961,302,"Superior colliculus, sensory related",SCs,255,152,250,78700,2476.0,SC,,6,0.0,2.4374400000000005,0.0,4689,MM4,20240610_16_04_11_OP_TRAP_MM4A_Destripe_DONE,AcM-AcM,M,1923.7396612839698,2
962,851,Optic layer of the superior colliculus,Op,255,152,250,78800,302.0,SCs,,7,0.8148000000000001,0.8148000000000001,1140.0,1140,MM4,20240610_16_04_11_OP_TRAP_MM4A_Destripe_DONE,AcM-AcM,M,1399.1163475699557,2
963,842,Superficial gray layer of the superior colliculus,SuG,255,152,250,78900,302.0,SCs,,7,1.05176,1.05176,2151.0,2151,MM4,20240610_16_04_11_OP_TRAP_MM4A_Destripe_DONE,AcM-AcM,M,2045.1433787175781,2
964,834,Zonal layer of superior colliculus,Zo,255,152,250,79000,302.0,SCs,,7,0.57088,0.57088,1398.0,1398,MM4,20240610_16_04_11_OP_TRAP_MM4A_Destripe_DONE,AcM-AcM,M,2448.8508968609863,2
965,4,Inferior colliculus,IC,255,152,255,79100,339.0,MBsen,,5,0.0,5.61576,0.0,5638,MM4,20240610_16_04_11_OP_TRAP_MM4A_Destripe_DONE,AcM-AcM,M,1003.9602832029859,2
966,811,Central nucleus of the inferior colliculus,CIC,255,152,255,79200,4.0,IC,,6,1.87984,1.87984,1395.0,1395,MM4,20240610_16_04_11_OP_TRAP_MM4A_Destripe_DONE,AcM-AcM,M,742.0844327176782,2
967,820,Dorsal cortex of the inferior colliculus,DCIC,255,152,255,79300,4.0,IC,,6,1.48344,1.48344,1307.0,1307,MM4,20240610_16_04_11_OP_TRAP_MM4A_Destripe_DONE,AcM-AcM,M,881.0602383648816,2
968,828,External cortex of the inferior colliculus,ECIC,255,152,255,79400,4.0,IC,,6,1.04828,2.23404,1559.0,2936,MM4,20240610_16_04_11_OP_TRAP_MM4A_Destripe_DONE,AcM-AcM,M,1314.211025764982,2
969,2188,"External cortex of the inferior colliculus, layer 1",ECIC1,255,152,255,79410,828.0,ECIC,,7,0.29948,0.29948,455.0,455,MM4,20240610_16_04_11_OP_TRAP_MM4A_Destripe_DONE,AcM-AcM,M,1519.300120208361,2
970,2189,"External cortex of the inferior colliculus, layer 2",ECIC2,255,152,255,79420,828.0,ECIC,,7,0.174,0.174,200.0,200,MM4,20240610_16_04_11_OP_TRAP_MM4A_Destripe_DONE,AcM-AcM,M,1149.4252873563219,2
971,2190,"External cortex of the inferior colliculus, layer 3",ECIC3,255,152,255,79430,828.0,ECIC,,7,0.71228,0.71228,722.0,722,MM4,20240610_16_04_11_OP_TRAP_MM4A_Destripe_DONE,AcM-AcM,M,1013.6463188633683,2
972,2457,Commissural nucleus of the inferior colliculus,Com,255,152,255,79440,4.0,IC,,6,0.01844,0.01844,0.0,0,MM4,20240610_16_04_11_OP_TRAP_MM4A_Destripe_DONE,AcM-AcM,M,0.0,2
973,2475,Recess of the inferior colliculus,ReIC,255,152,255,79450,4.0,IC,,6,0.0,0.0,0.0,0,MM4,20240610_16_04_11_OP_TRAP_MM4A_Destripe_DONE,AcM-AcM,M,0.0,2
974,580,Nucleus of the brachium of the inferior colliculus,BIC,255,152,253,79500,339.0,MBsen,,5,0.1978,0.1978,460.0,460,MM4,20240610_16_04_11_OP_TRAP_MM4A_Destripe_DONE,AcM-AcM,M,2325.5813953488373,2
975,271,Sagulum nucleus,Sag,255,152,251,79600,339.0,MBsen,,5,0.0476,0.0476,110.0,110,MM4,20240610_16_04_11_OP_TRAP_MM4A_Destripe_DONE,AcM-AcM,M,2310.924369747899,2
976,874,Parabigeminal nucleus,PBG,255,152,252,79700,339.0,MBsen,,5,0.08364,0.08364,267.0,267,MM4,20240610_16_04_11_OP_TRAP_MM4A_Destripe_DONE,AcM-AcM,M,3192.2525107604015,2
977,2163,Microcellular tegmental nucleus,MiTg,255,152,252,79710,339.0,MBsen,,5,0.39436,0.39436,879.0,879,MM4,20240610_16_04_11_OP_TRAP_MM4A_Destripe_DONE,AcM-AcM,M,2228.92788315245,2
978,460,Mesencephalic trigeminal nucleus,Me5,255,152,254,79800,339.0,MBsen,,5,0.0,0.0,0.0,0,MM4,20240610_16_04_11_OP_TRAP_MM4A_Destripe_DONE,AcM-AcM,M,0.0,2
979,2108,Subcommissural organ ,SCO,255,152,254,79810,339.0,MBsen,,5,0.00808,0.00808,52.0,52,MM4,20240610_16_04_11_OP_TRAP_MM4A_Destripe_DONE,AcM-AcM,M,6435.6435643564355,2
980,323,"Midbrain, motor related",MBmot,255,132,255,79900,313.0,MB,,4,0.22224,16.86324,273.0,15357,MM4,20240610_16_04_11_OP_TRAP_MM4A_Destripe_DONE,AcM-AcM,M,910.6790865812263,2
981,2147,Mesencephalic reticular formation,mRt,255,132,255,79910,323.0,MBmot,,5,2.25896,2.25896,3481.0,3481,MM4,20240610_16_04_11_OP_TRAP_MM4A_Destripe_DONE,AcM-AcM,M,1540.974607784113,2
982,2131,prosomere 1 reticular formation,p1Rt,255,132,255,79920,323.0,MBmot,,5,2.3116800000000004,2.3116800000000004,1365.0,1365,MM4,20240610_16_04_11_OP_TRAP_MM4A_Destripe_DONE,AcM-AcM,M,590.4796511627906,2
983,2181,Isthmic reticular formation,isRt,255,132,255,79930,323.0,MBmot,,5,0.7890800000000001,0.7890800000000001,988.0,988,MM4,20240610_16_04_11_OP_TRAP_MM4A_Destripe_DONE,AcM-AcM,M,1252.0910427333095,2
984,2154,Pararubral nucleus,PaR,255,132,255,79940,323.0,MBmot,,5,0.15192,0.15192,205.0,205,MM4,20240610_16_04_11_OP_TRAP_MM4A_Destripe_DONE,AcM-AcM,M,1349.3944181147972,2
985,381,"Substantia nigra, reticular part",SNR,255,178,247,80000,323.0,MBmot,,5,1.52428,1.52428,784.0,784,MM4,20240610_16_04_11_OP_TRAP_MM4A_Destripe_DONE,AcM-AcM,M,514.3411971553783,2
986,749,Ventral tegmental area,VTA,255,178,246,80100,323.0,MBmot,,5,0.04144,0.89,344.0,2249,MM4,20240610_16_04_11_OP_TRAP_MM4A_Destripe_DONE,AcM-AcM,M,2526.9662921348313,2
987,2138,Paranigral nucleus of the VTA,PN,255,178,246,80110,749.0,VTA,,6,0.075,0.075,105.0,105,MM4,20240610_16_04_11_OP_TRAP_MM4A_Destripe_DONE,AcM-AcM,M,1400.0,2
988,2144,Parainterfascicular nucleus of the VTA,PIF,255,178,246,80120,749.0,VTA,,6,0.09528,0.09528,359.0,359,MM4,20240610_16_04_11_OP_TRAP_MM4A_Destripe_DONE,AcM-AcM,M,3767.84214945424,2
989,2124,Parabranchial pigmented nucleus of the VTA,PBP,255,178,246,80130,749.0,VTA,,6,0.55432,0.55432,1134.0,1134,MM4,20240610_16_04_11_OP_TRAP_MM4A_Destripe_DONE,AcM-AcM,M,2045.7497474383026,2
990,2427,"Ventral tegmental area, rostral part",VTAR,255,178,246,80140,749.0,VTA,,6,0.12396,0.12396,307.0,307,MM4,20240610_16_04_11_OP_TRAP_MM4A_Destripe_DONE,AcM-AcM,M,2476.6053565666343,2
991,2112,Rostral interstitial nucleus of the medial longitudinal fasciculus,RI,255,178,246,80150,313.0,MB,,4,0.04332,0.04332,12.0,12,MM4,20240610_16_04_11_OP_TRAP_MM4A_Destripe_DONE,AcM-AcM,M,277.0083102493075,2
992,2101,DA11 dopamine cells,DA11,255,178,246,80160,313.0,MB,,4,0.01764,0.01764,15.0,15,MM4,20240610_16_04_11_OP_TRAP_MM4A_Destripe_DONE,AcM-AcM,M,850.3401360544218,2
993,246,Retroisthmic nucleus,RIs,255,178,249,80200,323.0,MBmot,,5,0.14004,0.32688,244.0,668,MM4,20240610_16_04_11_OP_TRAP_MM4A_Destripe_DONE,AcM-AcM,M,2043.563387175722,2
994,2153,Retrorubral field,RRF,255,178,249,80210,246.0,RIs,,6,0.18684,0.18684,424.0,424,MM4,20240610_16_04_11_OP_TRAP_MM4A_Destripe_DONE,AcM-AcM,M,2269.321344465853,2
995,294,"Superior colliculus, motor related",SCm,255,178,248,80700,2476.0,SC,,6,0.0,6.144400000000001,0.0,2132,MM4,20240610_16_04_11_OP_TRAP_MM4A_Destripe_DONE,AcM-AcM,M,346.9826183191198,2
996,26,Deep gray layer of the superior colliculus,DpG,255,178,248,80800,294.0,SCm,,7,1.4102400000000002,1.4102400000000002,464.0,464,MM4,20240610_16_04_11_OP_TRAP_MM4A_Destripe_DONE,AcM-AcM,M,329.0220104379396,2
997,42,Deep white layer of the superior colliculus,DpWh,255,178,248,80900,294.0,SCm,,7,0.5558000000000001,0.5558000000000001,131.0,131,MM4,20240610_16_04_11_OP_TRAP_MM4A_Destripe_DONE,AcM-AcM,M,235.69629363080242,2
998,17,Intermediate white layer of the superior colliculus,InWh,255,178,248,81000,294.0,SCm,,7,2.05436,2.05436,479.0,479,MM4,20240610_16_04_11_OP_TRAP_MM4A_Destripe_DONE,AcM-AcM,M,233.16263945949103,2
999,10,Intermediate gray layer of the superior colliculus,InG,255,178,248,81100,294.0,SCm,,7,2.124,2.124,1058.0,1058,MM4,20240610_16_04_11_OP_TRAP_MM4A_Destripe_DONE,AcM-AcM,M,498.1167608286252,2
1000,795,Periaqueductal gray,PAG,255,144,255,81500,323.0,MBmot,,5,0.29892,3.96884,292.0,1912,MM4,20240610_16_04_11_OP_TRAP_MM4A_Destripe_DONE,AcM-AcM,M,481.7528547384122,2
1001,2141,Dorsomedial periaqueductal gray,DMPAG,255,144,255,81510,795.0,PAG,,6,0.50832,0.50832,152.0,152,MM4,20240610_16_04_11_OP_TRAP_MM4A_Destripe_DONE,AcM-AcM,M,299.02423670129053,2
1002,2142,Lateral periaqueductal gray,LPAG,255,144,255,81520,795.0,PAG,,6,1.46528,1.46528,558.0,558,MM4,20240610_16_04_11_OP_TRAP_MM4A_Destripe_DONE,AcM-AcM,M,380.8145883380651,2
1003,2143,Pleoglial periaqueductal gray,PlPAG,255,144,255,81530,795.0,PAG,,6,0.00112,0.00112,0.0,0,MM4,20240610_16_04_11_OP_TRAP_MM4A_Destripe_DONE,AcM-AcM,M,0.0,2
1004,2148,Dorsolateral periaqueductal gray,DLPAG,255,144,255,81540,795.0,PAG,,6,0.47824,0.47824,116.0,116,MM4,20240610_16_04_11_OP_TRAP_MM4A_Destripe_DONE,AcM-AcM,M,242.5560388089662,2
1005,2162,Ventrolateral periaqueductal gray,VLPAG,255,144,255,81550,795.0,PAG,,6,0.7786000000000001,0.7786000000000001,506.0,506,MM4,20240610_16_04_11_OP_TRAP_MM4A_Destripe_DONE,AcM-AcM,M,649.8844079116362,2
1006,2114,prosomere 1 periaqueductal gray,p1PAG,255,144,255,81560,795.0,PAG,,6,0.43836,0.43836,288.0,288,MM4,20240610_16_04_11_OP_TRAP_MM4A_Destripe_DONE,AcM-AcM,M,656.9942513003011,2
1007,2123,Lithoid nucleus,Lth,255,144,255,81570,323.0,MBmot,,5,0.0386,0.0386,20.0,20,MM4,20240610_16_04_11_OP_TRAP_MM4A_Destripe_DONE,AcM-AcM,M,518.1347150259068,2
1008,50,Precommissural nucleus,PrC,255,144,255,81600,323.0,MBmot,,5,0.11864,0.11864,197.0,197,MM4,20240610_16_04_11_OP_TRAP_MM4A_Destripe_DONE,AcM-AcM,M,1660.485502360081,2
1009,67,Interstitial nucleus of Cajal,InC,255,145,255,81700,323.0,MBmot,,5,0.09144,0.18484,1.0,19,MM4,20240610_16_04_11_OP_TRAP_MM4A_Destripe_DONE,AcM-AcM,M,102.79160354901536,2
1010,2129,"Interstitial nucleus of Cajal, shell region",InCSh,255,145,255,81710,67.0,InC,,6,0.0934,0.0934,18.0,18,MM4,20240610_16_04_11_OP_TRAP_MM4A_Destripe_DONE,AcM-AcM,M,192.71948608137046,2
1011,587,Nucleus of Darkschewitsch,Dk,255,146,255,81800,323.0,MBmot,,5,0.08996,0.08996,25.0,25,MM4,20240610_16_04_11_OP_TRAP_MM4A_Destripe_DONE,AcM-AcM,M,277.9012894619831,2
1012,2152,Supraoculomotor cap,Su3C,255,146,255,81810,323.0,MBmot,,5,0.10192,0.10192,42.0,42,MM4,20240610_16_04_11_OP_TRAP_MM4A_Destripe_DONE,AcM-AcM,M,412.0879120879121,2
1013,2156,Supraoculomotor periaqueductal gray,Su3,255,146,255,81820,323.0,MBmot,,5,0.07448,0.07448,34.0,34,MM4,20240610_16_04_11_OP_TRAP_MM4A_Destripe_DONE,AcM-AcM,M,456.49838882921586,2
1014,1100,Pretectal region,PRT,255,176,250,81900,323.0,MBmot,,5,0.0,1.54576,0.0,1227,MM4,20240610_16_04_11_OP_TRAP_MM4A_Destripe_DONE,AcM-AcM,M,793.7842873408549,2
1015,215,Anterior pretectal nucleus,APT,255,176,249,82000,1100.0,PRT,,6,0.33644,1.0823200000000002,62.0,504,MM4,20240610_16_04_11_OP_TRAP_MM4A_Destripe_DONE,AcM-AcM,M,465.6663463670633,2
1016,2099,"Anterior pretectal nucleus, dorsal part",APTD,255,176,249,82010,215.0,APT,,7,0.58764,0.58764,431.0,431,MM4,20240610_16_04_11_OP_TRAP_MM4A_Destripe_DONE,AcM-AcM,M,733.442243550473,2
1017,2100,"Anterior pretectal nucleus, ventral part",APTV,255,176,249,82020,215.0,APT,,7,0.15824,0.15824,11.0,11,MM4,20240610_16_04_11_OP_TRAP_MM4A_Destripe_DONE,AcM-AcM,M,69.51466127401416,2
1018,531,Medial pretectal area,MPT,255,176,248,82100,1100.0,PRT,,6,0.06948,0.06948,135.0,135,MM4,20240610_16_04_11_OP_TRAP_MM4A_Destripe_DONE,AcM-AcM,M,1943.0051813471503,2
1019,2415,Retrocommissural nucleus,ReC,255,176,248,82110,1100.0,PRT,,6,0.03164,0.03164,52.0,52,MM4,20240610_16_04_11_OP_TRAP_MM4A_Destripe_DONE,AcM-AcM,M,1643.4892541087231,2
1020,628,Nucleus of the optic tract,OT,255,176,247,82200,1100.0,PRT,,6,0.10628,0.10628,315.0,315,MM4,20240610_16_04_11_OP_TRAP_MM4A_Destripe_DONE,AcM-AcM,M,2963.8690252164097,2
1021,634,Nucleus of the posterior commissure,PCom,255,176,246,82300,1100.0,PRT,,6,0.07788,0.1198,17.0,32,MM4,20240610_16_04_11_OP_TRAP_MM4A_Destripe_DONE,AcM-AcM,M,267.1118530884808,2
1022,2121,Magnocellular nucleus of the posterior commissure,MCPC,255,176,246,82310,634.0,PCom,,7,0.04192,0.04192,15.0,15,MM4,20240610_16_04_11_OP_TRAP_MM4A_Destripe_DONE,AcM-AcM,M,357.82442748091603,2
1023,706,Olivary pretectal nucleus,OPT,255,176,245,82400,1100.0,PRT,,6,0.07364,0.07364,108.0,108,MM4,20240610_16_04_11_OP_TRAP_MM4A_Destripe_DONE,AcM-AcM,M,1466.5942422596415,2
1024,1061,Posterior pretectal nucleus,PPT,255,176,244,82500,1100.0,PRT,,6,0.03184,0.03184,68.0,68,MM4,20240610_16_04_11_OP_TRAP_MM4A_Destripe_DONE,AcM-AcM,M,2135.678391959799,2
1025,2122,Retroparafascicular nucleus,RPF,255,176,244,82510,1100.0,PRT,,6,0.03076,0.03076,13.0,13,MM4,20240610_16_04_11_OP_TRAP_MM4A_Destripe_DONE,AcM-AcM,M,422.6267880364109,2
1026,616,Cuneiform nucleus,CnF,255,178,254,82600,323.0,MBmot,,5,0.477,0.9892,212.0,643,MM4,20240610_16_04_11_OP_TRAP_MM4A_Destripe_DONE,AcM-AcM,M,650.0202183582693,2
1027,2192,Precuneiform area,PrCnF,255,178,254,82610,616.0,CnF,,6,0.5122,0.5122,431.0,431,MM4,20240610_16_04_11_OP_TRAP_MM4A_Destripe_DONE,AcM-AcM,M,841.4681764935572,2
1028,214,Red nucleus,R,255,134,249,82700,323.0,MBmot,,5,0.0136,0.658,23.0,386,MM4,20240610_16_04_11_OP_TRAP_MM4A_Destripe_DONE,AcM-AcM,M,586.6261398176291,2
1029,2137,"Red nucleus, parvicellular part",RPC,255,134,249,82710,214.0,R,,6,0.3764,0.3764,164.0,164,MM4,20240610_16_04_11_OP_TRAP_MM4A_Destripe_DONE,AcM-AcM,M,435.70669500531346,2
1030,2139,"Red nucleus, magnocellular part",RMC,255,134,249,82720,214.0,R,,6,0.268,0.268,199.0,199,MM4,20240610_16_04_11_OP_TRAP_MM4A_Destripe_DONE,AcM-AcM,M,742.5373134328357,2
1031,2136,Medial accessory oculomotor nucleus,MA3,255,168,255,82730,323.0,MBmot,,5,0.04304,0.04304,202.0,202,MM4,20240610_16_04_11_OP_TRAP_MM4A_Destripe_DONE,AcM-AcM,M,4693.308550185873,2
1032,35,Oculomotor nerve,3N,255,168,255,82800,323.0,MBmot,,5,0.0582,0.10264,66.0,95,MM4,20240610_16_04_11_OP_TRAP_MM4A_Destripe_DONE,AcM-AcM,M,925.5650818394389,2
1033,2157,"Oculomotor nucleus, parvicellular part",3PC,255,168,255,82810,35.0,3N,,6,0.04444,0.04444,29.0,29,MM4,20240610_16_04_11_OP_TRAP_MM4A_Destripe_DONE,AcM-AcM,M,652.5652565256526,2
1034,975,Edinger-Westphal nucleus,EW,255,178,253,82900,323.0,MBmot,,5,0.01376,0.02944,84.0,161,MM4,20240610_16_04_11_OP_TRAP_MM4A_Destripe_DONE,AcM-AcM,M,5468.75,2
1035,2130,Pre-Edinger-Westphal nucleus,PrEW,255,178,253,82910,975.0,EW,,6,0.01568,0.01568,77.0,77,MM4,20240610_16_04_11_OP_TRAP_MM4A_Destripe_DONE,AcM-AcM,M,4910.714285714286,2
1036,115,Trochlear nucleus,4N,255,178,255,83000,323.0,MBmot,,5,0.0126,0.10144,6.0,67,MM4,20240610_16_04_11_OP_TRAP_MM4A_Destripe_DONE,AcM-AcM,M,660.4889589905363,2
1037,2180,Trochlear nucleus shell region,4Sh,255,178,255,83010,115.0,4N,,6,0.01348,0.01348,20.0,20,MM4,20240610_16_04_11_OP_TRAP_MM4A_Destripe_DONE,AcM-AcM,M,1483.6795252225518,2
1038,2179,Paratrochlear nucleus,Pa4,255,178,255,83020,115.0,4N,,6,0.07536,0.07536,41.0,41,MM4,20240610_16_04_11_OP_TRAP_MM4A_Destripe_DONE,AcM-AcM,M,544.0552016985138,2
1039,757,Ventral tegmental nucleus,VTg,255,177,250,83100,323.0,MBmot,,5,0.05792,0.05792,0.0,0,MM4,20240610_16_04_11_OP_TRAP_MM4A_Destripe_DONE,AcM-AcM,M,0.0,2
1040,231,Anterior tegmental nucleus,ATg,255,177,252,83200,323.0,MBmot,,5,0.06304,0.06304,27.0,27,MM4,20240610_16_04_11_OP_TRAP_MM4A_Destripe_DONE,AcM-AcM,M,428.29949238578683,2
1041,2168,Rhabdoid nucleus,Rbd,255,177,252,83210,323.0,MBmot,,5,0.0118,0.0118,2.0,2,MM4,20240610_16_04_11_OP_TRAP_MM4A_Destripe_DONE,AcM-AcM,M,169.49152542372883,2
1042,66,Lateral terminal nucleus of the accessory optic tract,LT,255,177,253,83300,323.0,MBmot,,5,0.015,0.015,51.0,51,MM4,20240610_16_04_11_OP_TRAP_MM4A_Destripe_DONE,AcM-AcM,M,3400.0,2
1043,75,Dorsal terminal nucleus,DT,255,177,253,83400,323.0,MBmot,,5,0.01692,0.01692,41.0,41,MM4,20240610_16_04_11_OP_TRAP_MM4A_Destripe_DONE,AcM-AcM,M,2423.1678486997635,2
1044,58,Medial terminal nucleus,MT,255,177,253,83500,323.0,MBmot,,5,0.02624,0.02624,45.0,45,MM4,20240610_16_04_11_OP_TRAP_MM4A_Destripe_DONE,AcM-AcM,M,1714.939024390244,2
1045,615,"Substantia nigra, lateral part",SNL,255,178,247,83600,323.0,MBmot,,5,0.15048,0.15048,148.0,148,MM4,20240610_16_04_11_OP_TRAP_MM4A_Destripe_DONE,AcM-AcM,M,983.5194045720361,2
1046,348,"Midbrain, behavioral state related",MBsta,255,176,253,83700,313.0,MB,,4,0.0,1.95204,0.0,3239,MM4,20240610_16_04_11_OP_TRAP_MM4A_Destripe_DONE,AcM-AcM,M,1659.2897686522817,2
1047,374,"Substantia nigra, compact part",SNC,255,158,248,83800,348.0,MBsta,,5,0.00376,0.2721999999999999,9.0,387,MM4,20240610_16_04_11_OP_TRAP_MM4A_Destripe_DONE,AcM-AcM,M,1421.74871418075,2
1048,2134,"Substantia nigra, compact part, dorsal tier",SNCD,255,158,248,83810,374.0,SNC,,6,0.25936,0.25936,350.0,350,MM4,20240610_16_04_11_OP_TRAP_MM4A_Destripe_DONE,AcM-AcM,M,1349.475632325725,2
1049,2135,"Substantia nigra, compact part, medial tier",SNCM,255,158,248,83820,374.0,SNC,,6,0.00908,0.00908,28.0,28,MM4,20240610_16_04_11_OP_TRAP_MM4A_Destripe_DONE,AcM-AcM,M,3083.7004405286343,2
1050,1052,Pedunculotegmental nucleus,PTg,255,158,255,83900,348.0,MBsta,,5,0.47768,0.64312,1038.0,1187,MM4,20240610_16_04_11_OP_TRAP_MM4A_Destripe_DONE,AcM-AcM,M,1845.6897624082596,2
1051,2183,Subpeduncular tegmental nucleus,SPTg,255,158,255,83910,1052.0,PTg,,6,0.16544,0.16544,149.0,149,MM4,20240610_16_04_11_OP_TRAP_MM4A_Destripe_DONE,AcM-AcM,M,900.6286266924565,2
1052,165,Midbrain raphÈ nuclei,RAmb,255,158,254,84000,348.0,MBsta,,5,0.0,1.03672,0.0,1665,MM4,20240610_16_04_11_OP_TRAP_MM4A_Destripe_DONE,AcM-AcM,M,1606.0266995910176,2
1053,12,Interfascicular nucleus,IF,255,158,251,84100,165.0,RAmb,,6,0.04056,0.04056,370.0,370,MM4,20240610_16_04_11_OP_TRAP_MM4A_Destripe_DONE,AcM-AcM,M,9122.287968441815,2
1054,100,Interpeduncular nucleus,IP,255,158,247,84200,165.0,RAmb,,6,0.0,0.3548,0.0,559,MM4,20240610_16_04_11_OP_TRAP_MM4A_Destripe_DONE,AcM-AcM,M,1575.5355129650507,2
1055,2140,"Interpeduncular nucleus, rostral subnucleus",IPR,255,158,247,84210,100.0,IP,,7,0.09344,0.09344,131.0,131,MM4,20240610_16_04_11_OP_TRAP_MM4A_Destripe_DONE,AcM-AcM,M,1401.9691780821918,2
1056,2145,"Interpeduncular nucleus, lateral subnucleus",IPL,255,158,247,84220,100.0,IP,,7,0.05992,0.05992,88.0,88,MM4,20240610_16_04_11_OP_TRAP_MM4A_Destripe_DONE,AcM-AcM,M,1468.6248331108145,2
1057,2146,"Interpeduncular nucleus, caudal subnucleus",IPC,255,158,247,84230,100.0,IP,,7,0.07016,0.07016,160.0,160,MM4,20240610_16_04_11_OP_TRAP_MM4A_Destripe_DONE,AcM-AcM,M,2280.501710376283,2
1058,2149,"Interpeduncular nucleus, dorsomedial subnucleus",IPDM,255,158,247,84240,100.0,IP,,7,0.02532,0.02532,22.0,22,MM4,20240610_16_04_11_OP_TRAP_MM4A_Destripe_DONE,AcM-AcM,M,868.8783570300159,2
1059,2151,"Interpeduncular nucleus, dorsolateral subnucleus",IPDL,255,158,247,84250,100.0,IP,,7,0.0254,0.0254,13.0,13,MM4,20240610_16_04_11_OP_TRAP_MM4A_Destripe_DONE,AcM-AcM,M,511.8110236220473,2
1060,2150,"Interpeduncular nucleus, intermediate subnucleus",IPI,255,158,247,84260,100.0,IP,,7,0.07596,0.07596,124.0,124,MM4,20240610_16_04_11_OP_TRAP_MM4A_Destripe_DONE,AcM-AcM,M,1632.4381253291206,2
1061,2160,"Interpeduncular nucleus, apical subnucleus",IPA,255,158,247,84270,100.0,IP,,7,0.0046,0.0046,21.0,21,MM4,20240610_16_04_11_OP_TRAP_MM4A_Destripe_DONE,AcM-AcM,M,4565.217391304348,2
1062,197,Rostral linear nucleus (midbrain),RLi ,255,158,249,84300,165.0,RAmb,,6,0.09496,0.09496,223.0,223,MM4,20240610_16_04_11_OP_TRAP_MM4A_Destripe_DONE,AcM-AcM,M,2348.357203032856,2
1063,591,Caudal linear nucleus of the raphÈ,CLi,255,158,253,84400,165.0,RAmb,,6,0.04696,0.04696,134.0,134,MM4,20240610_16_04_11_OP_TRAP_MM4A_Destripe_DONE,AcM-AcM,M,2853.4923339011925,2
1064,872,Dorsal raphÈ nucleus,DR,255,158,252,84500,165.0,RAmb,,6,0.02356,0.49944,63.0,379,MM4,20240610_16_04_11_OP_TRAP_MM4A_Destripe_DONE,AcM-AcM,M,758.8499119013295,2
1065,2173,"Dorsal raphÈ nucleus, caudal part",DRC,255,158,252,84510,872.0,DR,,7,0.03596,0.03596,3.0,3,MM4,20240610_16_04_11_OP_TRAP_MM4A_Destripe_DONE,AcM-AcM,M,83.42602892102336,2
1066,2174,"Dorsal raphÈ nucleus, dorsal part",DRD,255,158,252,84520,872.0,DR,,7,0.05108,0.05108,51.0,51,MM4,20240610_16_04_11_OP_TRAP_MM4A_Destripe_DONE,AcM-AcM,M,998.4338292873923,2
1067,2175,Dorsal raphÈ interfascicular part,DRI,255,158,252,84530,872.0,DR,,7,0.01496,0.01496,16.0,16,MM4,20240610_16_04_11_OP_TRAP_MM4A_Destripe_DONE,AcM-AcM,M,1069.51871657754,2
1068,2176,"Dorsal raphÈ nucleus, lateral part",DRL,255,158,252,84540,872.0,DR,,7,0.14156,0.14156,110.0,110,MM4,20240610_16_04_11_OP_TRAP_MM4A_Destripe_DONE,AcM-AcM,M,777.0556654422154,2
1069,2177,"Dorsal raphÈ nucleus, ventral part",DRV,255,158,252,84550,872.0,DR,,7,0.05712,0.05712,39.0,39,MM4,20240610_16_04_11_OP_TRAP_MM4A_Destripe_DONE,AcM-AcM,M,682.7731092436975,2
1070,2178,Posterodorsal raphÈ nucleus,PDR,255,158,252,84560,872.0,DR,,7,0.1752,0.1752,97.0,97,MM4,20240610_16_04_11_OP_TRAP_MM4A_Destripe_DONE,AcM-AcM,M,553.6529680365297,2
1071,1065,Hindbrain,HB,255,155,168,84600,343.0,BS,,3,0.0,41.82672,0.0,118593,MM4,20240610_16_04_11_OP_TRAP_MM4A_Destripe_DONE,AcM-AcM,M,2835.340662619493,2
1072,771,Pons,P,255,155,136,84700,1065.0,HB,,4,0.41368,13.6132,3095.0,59369,MM4,20240610_16_04_11_OP_TRAP_MM4A_Destripe_DONE,AcM-AcM,M,4361.134780947903,2
1073,1132,"Pons, sensory related",P-sen,255,170,98,84800,771.0,P,,5,0.0,3.68152,0.0,27286,MM4,20240610_16_04_11_OP_TRAP_MM4A_Destripe_DONE,AcM-AcM,M,7411.612594797801,2
1074,612,Paralemniscal nucleus,PL,255,170,97,84900,1132.0,P-sen,,6,0.18996,0.91848,1375.0,7609,MM4,20240610_16_04_11_OP_TRAP_MM4A_Destripe_DONE,AcM-AcM,M,8284.339343262782,2
1075,82,Dorsal nucleus of the lateral lemniscus,DLL,255,170,97,85000,612.0,PL,,7,0.10084,0.10084,752.0,752,MM4,20240610_16_04_11_OP_TRAP_MM4A_Destripe_DONE,AcM-AcM,M,7457.358191193971,2
1076,99,Ventral nucleus of the lateral lemniscus,VLL,255,170,97,85200,612.0,PL,,7,0.31116,0.31116,2897.0,2897,MM4,20240610_16_04_11_OP_TRAP_MM4A_Destripe_DONE,AcM-AcM,M,9310.322663581437,2
1077,2172,Intermediate nucleus of the lateral lemniscus,ILL,255,170,97,85210,612.0,PL,,7,0.27072,0.27072,2441.0,2441,MM4,20240610_16_04_11_OP_TRAP_MM4A_Destripe_DONE,AcM-AcM,M,9016.696217494089,2
1078,2184,"Triangular nucleus, lateral lemniscus",TrLL,255,170,97,85220,612.0,PL,,7,0.0458,0.0458,144.0,144,MM4,20240610_16_04_11_OP_TRAP_MM4A_Destripe_DONE,AcM-AcM,M,3144.1048034934497,2
1079,7,Principal sensory trigeminal nucleus,Pr5,255,170,95,85300,1132.0,P-sen,,6,0.29224,1.1778000000000002,4473.0,12891,MM4,20240610_16_04_11_OP_TRAP_MM4A_Destripe_DONE,AcM-AcM,M,10944.982170147732,2
1080,2203,"Principal sensory trigeminal nucleus, dorsomedial part",Pr5DM,255,170,95,85310,7.0,Pr5,,7,0.337,0.337,1780.0,1780,MM4,20240610_16_04_11_OP_TRAP_MM4A_Destripe_DONE,AcM-AcM,M,5281.899109792284,2
1081,2202,"Principal sensory trigeminal nucleus, ventrolateral part",Pr5VL,255,170,95,85320,7.0,Pr5,,7,0.54856,0.54856,6638.0,6638,MM4,20240610_16_04_11_OP_TRAP_MM4A_Destripe_DONE,AcM-AcM,M,12100.772932769432,2
1082,867,Parabrachial nucleus,PB,255,170,96,85400,1132.0,P-sen,,6,0.00976,0.7932,18.0,1347,MM4,20240610_16_04_11_OP_TRAP_MM4A_Destripe_DONE,AcM-AcM,M,1698.1845688350984,2
1083,123,Kolliker-Fuse nucleus,KF,255,165,96,85500,867.0,PB,,7,0.03196,0.03196,297.0,297,MM4,20240610_16_04_11_OP_TRAP_MM4A_Destripe_DONE,AcM-AcM,M,9292.866082603254,2
1084,881,Lateral parabrachial nucleus,LPB,255,169,96,85600,867.0,PB,,7,0.12968,0.4283599999999999,120.0,736,MM4,20240610_16_04_11_OP_TRAP_MM4A_Destripe_DONE,AcM-AcM,M,1718.1809692781776,2
1085,860,"Lateral parabrachial nucleus, central part",LPBC,255,169,96,85700,881.0,LPB,,8,0.03628,0.03628,76.0,76,MM4,20240610_16_04_11_OP_TRAP_MM4A_Destripe_DONE,AcM-AcM,M,2094.8180815876517,2
1086,2458,"Lateral parabrachial nucleus, crescent part",LPBCr,255,169,96,85710,881.0,LPB,,8,0.04312,0.04312,106.0,106,MM4,20240610_16_04_11_OP_TRAP_MM4A_Destripe_DONE,AcM-AcM,M,2458.2560296846013,2
1087,868,"Lateral parabrachial nucleus, dorsal part",LPBD,255,169,96,85800,881.0,LPB,,8,0.04168,0.04168,60.0,60,MM4,20240610_16_04_11_OP_TRAP_MM4A_Destripe_DONE,AcM-AcM,M,1439.5393474088291,2
1088,875,"Lateral parabrachial nucleus, external part",LPBE,255,169,96,85900,881.0,LPB,,8,0.06832,0.06832,270.0,270,MM4,20240610_16_04_11_OP_TRAP_MM4A_Destripe_DONE,AcM-AcM,M,3951.990632318501,2
1089,883,"Lateral parabrachial nucleus, superior part",LPBS,255,169,96,86000,881.0,LPB,,8,0.02708,0.02708,50.0,50,MM4,20240610_16_04_11_OP_TRAP_MM4A_Destripe_DONE,AcM-AcM,M,1846.3810930576071,2
1090,891,"Lateral parabrachial nucleus, ventral part",LPBV,255,169,96,86100,881.0,LPB,,8,0.0476,0.0476,26.0,26,MM4,20240610_16_04_11_OP_TRAP_MM4A_Destripe_DONE,AcM-AcM,M,546.218487394958,2
1091,2213,"Lateral parabrachial nucleus, internal part",LPBI,255,169,96,86110,881.0,LPB,,8,0.0346,0.0346,28.0,28,MM4,20240610_16_04_11_OP_TRAP_MM4A_Destripe_DONE,AcM-AcM,M,809.2485549132948,2
1092,890,Medial parabrachial nucleus,MPB,255,168,96,86200,867.0,PB,,7,0.279,0.32312,282.0,296,MM4,20240610_16_04_11_OP_TRAP_MM4A_Destripe_DONE,AcM-AcM,M,916.0683337459767,2
1093,899,"Medial parabrachial nucleus, external part",MPBE,255,168,96,86300,890.0,MPB,,8,0.04412,0.04412,14.0,14,MM4,20240610_16_04_11_OP_TRAP_MM4A_Destripe_DONE,AcM-AcM,M,317.3164097914778,2
1094,398,Superior olivary complex,SOC,255,170,94,86600,1132.0,P-sen,,6,0.0,0.79204,0.0,5439,MM4,20240610_16_04_11_OP_TRAP_MM4A_Destripe_DONE,AcM-AcM,M,6867.077420332307,2
1095,122,"Superior olivary complex, periolivary nucleus",POR,255,170,94,86700,398.0,SOC,,7,0.0,0.2092,0.0,2529,MM4,20240610_16_04_11_OP_TRAP_MM4A_Destripe_DONE,AcM-AcM,M,12088.910133843212,2
1096,2207,Lateroventral periolivary nucleus,LVPO,255,170,94,86710,122.0,POR,,8,0.05376,0.05376,640.0,640,MM4,20240610_16_04_11_OP_TRAP_MM4A_Destripe_DONE,AcM-AcM,M,11904.761904761905,2
1097,2208,Medioventral periolivary nucleus,MVPO,255,170,94,86720,122.0,POR,,8,0.0954,0.0954,933.0,933,MM4,20240610_16_04_11_OP_TRAP_MM4A_Destripe_DONE,AcM-AcM,M,9779.874213836478,2
1098,2209,Dorsal periolivary region,DPO,255,170,94,86730,122.0,POR,,8,0.06004,0.06004,956.0,956,MM4,20240610_16_04_11_OP_TRAP_MM4A_Destripe_DONE,AcM-AcM,M,15922.718187874749,2
1099,2227,Caudal periolivary nucleus,CPO,255,170,94,86740,122.0,POR,,8,0.0,0.0,0.0,0,MM4,20240610_16_04_11_OP_TRAP_MM4A_Destripe_DONE,AcM-AcM,M,0.0,2
1100,2456,Superior paraolivary nucleus,SPO,255,170,94,86750,398.0,SOC,,7,0.17176,0.17176,790.0,790,MM4,20240610_16_04_11_OP_TRAP_MM4A_Destripe_DONE,AcM-AcM,M,4599.441080577551,2
1101,105,Medial superior olive,MSO,255,170,94,86800,398.0,SOC,,7,0.01696,0.01696,184.0,184,MM4,20240610_16_04_11_OP_TRAP_MM4A_Destripe_DONE,AcM-AcM,M,10849.056603773586,2
1102,114,Lateral superior olive,LSO,255,170,94,86900,398.0,SOC,,7,0.2642,0.2642,1695.0,1695,MM4,20240610_16_04_11_OP_TRAP_MM4A_Destripe_DONE,AcM-AcM,M,6415.594246782741,2
1103,2187,Nucleus of the central acoustic tract,CAT,255,170,94,86910,398.0,SOC,,7,0.12992,0.12992,241.0,241,MM4,20240610_16_04_11_OP_TRAP_MM4A_Destripe_DONE,AcM-AcM,M,1854.9876847290639,2
1104,987,"Pons, motor related",P-mot,255,174,92,87000,771.0,P,,5,0.0,4.80604,0.0,21728,MM4,20240610_16_04_11_OP_TRAP_MM4A_Destripe_DONE,AcM-AcM,M,4520.97776963987,2
1105,2191,A7 noradrenaline cells,A7,255,79,87,78320,987.0,P-mot,,6,0.0,0.0,0.0,0,MM4,20240610_16_04_11_OP_TRAP_MM4A_Destripe_DONE,AcM-AcM,M,0.0,2
1106,280,Barrington's nucleus,Bar,255,174,80,87100,987.0,P-mot,,6,0.01796,0.11816,15.0,259,MM4,20240610_16_04_11_OP_TRAP_MM4A_Destripe_DONE,AcM-AcM,M,2191.9431279620853,2
1107,2459,"Barrington's nucleus, dorsal part",Bard,255,174,80,87110,280.0,Bar,,7,0.04376,0.04376,163.0,163,MM4,20240610_16_04_11_OP_TRAP_MM4A_Destripe_DONE,AcM-AcM,M,3724.8628884826326,2
1108,2460,"Barrington's nucleus, ventral part",Barv,255,174,80,87120,280.0,Bar,,7,0.05644,0.05644,81.0,81,MM4,20240610_16_04_11_OP_TRAP_MM4A_Destripe_DONE,AcM-AcM,M,1435.1523742026932,2
1109,880,Dorsal tegmental nucleus,DTg,255,174,87,87200,987.0,P-mot,,6,0.0,0.28208,0.0,333,MM4,20240610_16_04_11_OP_TRAP_MM4A_Destripe_DONE,AcM-AcM,M,1180.5161656267726,2
1110,2210,"Dorsal tegmental nucleus, central part",DTgC,255,174,87,87210,880.0,DTg,,7,0.06904,0.06904,1.0,1,MM4,20240610_16_04_11_OP_TRAP_MM4A_Destripe_DONE,AcM-AcM,M,14.484356894553882,2
1111,2201,"Dorsal tegmental nucleus, pericentral part",DTgP,255,174,87,87220,880.0,DTg,,7,0.07972,0.07972,36.0,36,MM4,20240610_16_04_11_OP_TRAP_MM4A_Destripe_DONE,AcM-AcM,M,451.5805318615153,2
1112,2230,Posterodorsal tegmental nucleus,PDTg,255,174,87,87230,880.0,DTg,,7,0.13332,0.13332,296.0,296,MM4,20240610_16_04_11_OP_TRAP_MM4A_Destripe_DONE,AcM-AcM,M,2220.22202220222,2
1113,898,Central gray,CG,255,174,120,87400,987.0,P-mot,,6,0.27564,0.47948,558.0,599,MM4,20240610_16_04_11_OP_TRAP_MM4A_Destripe_DONE,AcM-AcM,M,1249.2700425460916,2
1114,2215,"Central gray, alpha part",CGA,255,174,120,87410,898.0,CG,,7,0.09872,0.09872,31.0,31,MM4,20240610_16_04_11_OP_TRAP_MM4A_Destripe_DONE,AcM-AcM,M,314.0194489465154,2
1115,2216,"Central gray, beta part",CGB,255,174,120,87420,898.0,CG,,7,0.07296,0.07296,4.0,4,MM4,20240610_16_04_11_OP_TRAP_MM4A_Destripe_DONE,AcM-AcM,M,54.824561403508774,2
1116,2231,"Central gray, gamma part",CGG,255,174,120,87430,898.0,CG,,7,0.01808,0.01808,2.0,2,MM4,20240610_16_04_11_OP_TRAP_MM4A_Destripe_DONE,AcM-AcM,M,110.61946902654869,2
1117,2221,"Central gray, nucleus O",CGO,255,174,120,87440,898.0,CG,,7,0.01408,0.01408,4.0,4,MM4,20240610_16_04_11_OP_TRAP_MM4A_Destripe_DONE,AcM-AcM,M,284.09090909090907,2
1118,931,Pontine nuclei,Pn,255,174,92,87500,987.0,P-mot,,6,0.895,0.895,7041.0,7041,MM4,20240610_16_04_11_OP_TRAP_MM4A_Destripe_DONE,AcM-AcM,M,7867.039106145251,2
1119,2206,"Pontine reticular nucleus, caudal part",PnC,255,174,85,87600,987.0,P-mot,,6,1.78944,1.78944,3742.0,3742,MM4,20240610_16_04_11_OP_TRAP_MM4A_Destripe_DONE,AcM-AcM,M,2091.1570100143063,2
1120,2197,Dorsomedial tegmental area,DMTg,255,174,85,87610,1117.0,P-sat,,6,0.4464,0.4464,79.0,79,MM4,20240610_16_04_11_OP_TRAP_MM4A_Destripe_DONE,AcM-AcM,M,176.97132616487454,2
1121,2220,Sphenoid nucleus,Sph,255,174,92,87710,987.0,P-mot,,6,0.01468,0.01468,6.0,6,MM4,20240610_16_04_11_OP_TRAP_MM4A_Destripe_DONE,AcM-AcM,M,408.7193460490463,2
1122,318,Supragenual nucleus,SGe,255,174,84,87800,987.0,P-mot,,6,0.00632,0.00632,0.0,0,MM4,20240610_16_04_11_OP_TRAP_MM4A_Destripe_DONE,AcM-AcM,M,0.0,2
1123,462,Superior salivatory nucleus,SuS,255,174,83,87900,987.0,P-mot,,6,0.03876,0.03876,157.0,157,MM4,20240610_16_04_11_OP_TRAP_MM4A_Destripe_DONE,AcM-AcM,M,4050.567595459236,2
1124,534,Supratrigeminal nucleus,Su5,255,174,82,88000,987.0,P-mot,,6,0.1314,0.1314,741.0,741,MM4,20240610_16_04_11_OP_TRAP_MM4A_Destripe_DONE,AcM-AcM,M,5639.269406392695,2
1125,574,Reticulotegmental nucleus of the pons,RtTg,255,174,81,88100,987.0,P-mot,,6,0.27212,0.3761199999999999,737.0,1175,MM4,20240610_16_04_11_OP_TRAP_MM4A_Destripe_DONE,AcM-AcM,M,3124.002977773052,2
1126,2165,"Reticulotegmental nucleus of the pons, pericentral part",RtTgP,255,174,81,88110,574.0,RtTg,,7,0.104,0.104,438.0,438,MM4,20240610_16_04_11_OP_TRAP_MM4A_Destripe_DONE,AcM-AcM,M,4211.538461538462,2
1127,2166,B9 serotonin cells,B9,255,174,81,88120,771.0,P,,5,0.00792,0.00792,114.0,114,MM4,20240610_16_04_11_OP_TRAP_MM4A_Destripe_DONE,AcM-AcM,M,14393.939393939394,2
1128,621,Motor trigeminal nucleus,5N,255,174,104,88200,987.0,P-mot,,6,0.01992,0.44808,223.0,5387,MM4,20240610_16_04_11_OP_TRAP_MM4A_Destripe_DONE,AcM-AcM,M,12022.40671308695,2
1129,2204,"Motor trigeminal nucleus, anterior digastric part",5ADi,255,174,104,88210,621.0,5N,,7,0.02916,0.02916,328.0,328,MM4,20240610_16_04_11_OP_TRAP_MM4A_Destripe_DONE,AcM-AcM,M,11248.285322359397,2
1130,2453,"Motor trigeminal nucleus, temporalis part",5Te,255,174,104,88210,621.0,5N,,7,0.07996,0.07996,883.0,883,MM4,20240610_16_04_11_OP_TRAP_MM4A_Destripe_DONE,AcM-AcM,M,11043.021510755378,2
1131,2194,Interfascicular trigeminar nucleus,IF5/5TT,255,174,104,88220,621.0,5N,,7,0.08728,0.08728,1074.0,1074,MM4,20240610_16_04_11_OP_TRAP_MM4A_Destripe_DONE,AcM-AcM,M,12305.224564619615,2
1132,2454,"Motor trigeminal nucleus, masseter part",5Ma,255,174,104,88220,621.0,5N,,7,0.14428,0.14428,1313.0,1313,MM4,20240610_16_04_11_OP_TRAP_MM4A_Destripe_DONE,AcM-AcM,M,9100.36041031328,2
1133,2455,"Motor trigeminal nucleus, medial pterygoid part",5MPt,255,174,104,88230,621.0,5N,,7,0.08748,0.08748,1566.0,1566,MM4,20240610_16_04_11_OP_TRAP_MM4A_Destripe_DONE,AcM-AcM,M,17901.234567901232,2
1134,2193,Peritrigeminal zone,P5,255,174,104,88230,987.0,P-mot,,6,0.22652,0.22652,2288.0,2288,MM4,20240610_16_04_11_OP_TRAP_MM4A_Destripe_DONE,AcM-AcM,M,10100.653363941374,2
1135,1117,"Pons, behavioral state related",P-sat,255,172,120,88300,771.0,P,,5,0.0,4.70404,0.0,7146,MM4,20240610_16_04_11_OP_TRAP_MM4A_Destripe_DONE,AcM-AcM,M,1519.1197353763998,2
1136,679,Nucleus raphÈ,NR,255,172,119,88400,1117.0,P-sat,,6,0.0,0.70704,0.0,703,MM4,20240610_16_04_11_OP_TRAP_MM4A_Destripe_DONE,AcM-AcM,M,994.2860375650599,2
1137,137,Paramedian raphÈ nucleus,PMnR,255,172,119,88500,679.0,NR,,7,0.48556,0.48556,315.0,315,MM4,20240610_16_04_11_OP_TRAP_MM4A_Destripe_DONE,AcM-AcM,M,648.735480682099,2
1138,130,Median raphÈ nucleus,MnR,255,172,119,88600,679.0,NR,,7,0.22148,0.22148,388.0,388,MM4,20240610_16_04_11_OP_TRAP_MM4A_Destripe_DONE,AcM-AcM,M,1751.8511829510564,2
1139,147,Locus coeruleus,LC,255,172,118,88700,1117.0,P-sat,,6,0.08432,0.08432,261.0,261,MM4,20240610_16_04_11_OP_TRAP_MM4A_Destripe_DONE,AcM-AcM,M,3095.3510436432634,2
1140,2284,Laterodorsal tegmental nucleus,LDT,255,172,117,88800,1117.0,P-sat,,6,0.0,0.56384,0.0,186,MM4,20240610_16_04_11_OP_TRAP_MM4A_Destripe_DONE,AcM-AcM,M,329.88081725312145,2
1141,162,"Laterodorsal tegmental nucleus, dorsal part",LDTg,255,172,117,88810,2284.0,LDT,,7,0.08192,0.42028,65.0,152,MM4,20240610_16_04_11_OP_TRAP_MM4A_Destripe_DONE,AcM-AcM,M,361.6636528028933,2
1142,2366,"Laterodorsal tegmental nucleus, dorsal part, lateral division",LDTdl,255,172,117,88820,162.0,LDTg,,8,0.19036,0.19036,56.0,56,MM4,20240610_16_04_11_OP_TRAP_MM4A_Destripe_DONE,AcM-AcM,M,294.17944946417316,2
1143,2367,"Laterodorsal tegmental nucleus, dorsal part, medial division",LDTdm,255,172,117,88830,162.0,LDTg,,8,0.148,0.148,31.0,31,MM4,20240610_16_04_11_OP_TRAP_MM4A_Destripe_DONE,AcM-AcM,M,209.45945945945948,2
1144,2195,"Laterodorsal tegmental nucleus, ventral part",LDTgV,255,172,117,88840,2284.0,LDT,,7,0.14356,0.14356,34.0,34,MM4,20240610_16_04_11_OP_TRAP_MM4A_Destripe_DONE,AcM-AcM,M,236.83477291724716,2
1145,146,Pontine reticular nucleus,PRNr,255,172,120,89000,1117.0,P-sat,,6,0.0,2.7070800000000004,0.0,5022,MM4,20240610_16_04_11_OP_TRAP_MM4A_Destripe_DONE,AcM-AcM,M,1855.1354226694443,2
1146,2205,"Pontine reticular nucleus, oral part",PnO,255,172,120,89010,146.0,PRNr,,7,2.4797200000000004,2.4797200000000004,4681.0,4681,MM4,20240610_16_04_11_OP_TRAP_MM4A_Destripe_DONE,AcM-AcM,M,1887.71312890165,2
1147,2217,"Pontine reticular nucleus, ventral part",PnV,255,172,120,89020,146.0,PRNr,,7,0.22256,0.22256,335.0,335,MM4,20240610_16_04_11_OP_TRAP_MM4A_Destripe_DONE,AcM-AcM,M,1505.212077641984,2
1148,2182,Epirubrospinal nucleus,ERS,255,172,120,89030,146.0,PRNr,,7,0.0048,0.0048,6.0,6,MM4,20240610_16_04_11_OP_TRAP_MM4A_Destripe_DONE,AcM-AcM,M,1250.0,2
1149,2185,Medial paralemniscial nucleus,MPL,255,172,120,89040,1117.0,P-sat,,6,0.10436,0.10436,490.0,490,MM4,20240610_16_04_11_OP_TRAP_MM4A_Destripe_DONE,AcM-AcM,M,4695.2855500191645,2
1150,2186,"Perilemniscal nucleus, ventral part",PLV,255,172,120,89050,1117.0,P-sat,,6,0.06044,0.06044,398.0,398,MM4,20240610_16_04_11_OP_TRAP_MM4A_Destripe_DONE,AcM-AcM,M,6585.043017868961,2
1151,238,Pontine raphÈ nucleus,PnR,255,172,115,89100,1117.0,P-sat,,6,0.03056,0.03056,7.0,7,MM4,20240610_16_04_11_OP_TRAP_MM4A_Destripe_DONE,AcM-AcM,M,229.05759162303664,2
1152,354,Medulla,MY,255,160,176,89400,1065.0,HB,,4,0.92504,28.213520000000003,6092.0,59224,MM4,20240610_16_04_11_OP_TRAP_MM4A_Destripe_DONE,AcM-AcM,M,2099.1354499544896,2
1153,2246,A5 noradrenaline cells,A5,255,79,87,78330,354.0,MY,,5,0.0,0.0,0.0,0,MM4,20240610_16_04_11_OP_TRAP_MM4A_Destripe_DONE,AcM-AcM,M,0.0,2
1154,386,"Medulla, sensory related",MY-sen,255,176,176,89500,354.0,MY,,5,0.0,6.54388,0.0,17875,MM4,20240610_16_04_11_OP_TRAP_MM4A_Destripe_DONE,AcM-AcM,M,2731.559869679762,2
1155,207,Area postrema,AP,255,176,178,89600,386.0,MY-sen,,6,0.06656,0.06656,165.0,165,MM4,20240610_16_04_11_OP_TRAP_MM4A_Destripe_DONE,AcM-AcM,M,2478.966346153846,2
1156,2274,Area subpostrema,SubP,255,176,178,89610,386.0,MY-sen,,6,0.01372,0.01372,85.0,85,MM4,20240610_16_04_11_OP_TRAP_MM4A_Destripe_DONE,AcM-AcM,M,6195.33527696793,2
1157,607,Cochlear nuclei,CN,255,176,177,89700,386.0,MY-sen,,6,0.0,1.31868,0.0,7337,MM4,20240610_16_04_11_OP_TRAP_MM4A_Destripe_DONE,AcM-AcM,M,5563.897230563897,2
1158,112,Granule cell layer of the cochlear nuclei,GrC (VCCap in 81),255,176,177,89800,607.0,CN,,7,0.178,0.178,1210.0,1210,MM4,20240610_16_04_11_OP_TRAP_MM4A_Destripe_DONE,AcM-AcM,M,6797.752808988765,2
1159,560,"Ventral cochlear nucleus, granule cell layer",VCAGr,255,176,177,89900,607.0,CN,,7,0.0,0.0,0.0,0,MM4,20240610_16_04_11_OP_TRAP_MM4A_Destripe_DONE,AcM-AcM,M,0.0,2
1160,96,Dorsal cochlear nucleus,DC,255,155,205,90000,607.0,CN,,7,0.10364,0.4606,363.0,1159,MM4,20240610_16_04_11_OP_TRAP_MM4A_Destripe_DONE,AcM-AcM,M,2516.283108988276,2
1161,2234,"Dorsal cochlear nucleus, molecular layer",DCMo,255,155,205,90010,96.0,DC,,8,0.14188,0.14188,305.0,305,MM4,20240610_16_04_11_OP_TRAP_MM4A_Destripe_DONE,AcM-AcM,M,2149.7039751903017,2
1162,2235,"Dorsal cochlear nucleus, fusiform layer",DCFu,255,155,205,90020,96.0,DC,,8,0.09296,0.09296,171.0,171,MM4,20240610_16_04_11_OP_TRAP_MM4A_Destripe_DONE,AcM-AcM,M,1839.5008605851979,2
1163,2236,"Dorsal cochlear nucleus, deep layer",DCDp,255,155,205,90030,96.0,DC,,8,0.12212,0.12212,320.0,320,MM4,20240610_16_04_11_OP_TRAP_MM4A_Destripe_DONE,AcM-AcM,M,2620.3734032099574,2
1164,101,Ventral cochlear nucleus,VC,255,155,205,90100,607.0,CN,,7,0.0,0.68008,0.0,4968,MM4,20240610_16_04_11_OP_TRAP_MM4A_Destripe_DONE,AcM-AcM,M,7305.022938477826,2
1165,2238,"Ventral cochlear nucleus, anterior part",VCA,255,155,205,90110,101.0,VC,,8,0.52624,0.52624,4238.0,4238,MM4,20240610_16_04_11_OP_TRAP_MM4A_Destripe_DONE,AcM-AcM,M,8053.359683794466,2
1166,2237,"Ventral cochlear nucleus, posterior part",VCP,255,155,205,90120,101.0,VC,,8,0.06628,0.06628,319.0,319,MM4,20240610_16_04_11_OP_TRAP_MM4A_Destripe_DONE,AcM-AcM,M,4812.914906457453,2
1167,2243,"Ventral cochlear nucleus, posterior part, octopus cell area",VCPO,255,155,205,90130,101.0,VC,,8,0.08756,0.08756,411.0,411,MM4,20240610_16_04_11_OP_TRAP_MM4A_Destripe_DONE,AcM-AcM,M,4693.924166285975,2
1168,720,Dorsal column nuclei,DCN,255,177,176,90200,386.0,MY-sen,,6,0.0,0.3662,0.0,729,MM4,20240610_16_04_11_OP_TRAP_MM4A_Destripe_DONE,AcM-AcM,M,1990.7154560349534,2
1169,711,Cuneate nucleus,Cu,255,177,177,90300,720.0,DCN,,7,0.25892,0.3315599999999999,527.0,692,MM4,20240610_16_04_11_OP_TRAP_MM4A_Destripe_DONE,AcM-AcM,M,2087.1033900349867,2
1170,2285,"Cuneate nucleus, dorsal part",CuD,255,177,177,90310,711.0,Cu,,8,0.01412,0.01412,15.0,15,MM4,20240610_16_04_11_OP_TRAP_MM4A_Destripe_DONE,AcM-AcM,M,1062.3229461756373,2
1171,2278,"Cuneate nucleus, rotundus part",CuR,255,177,177,90320,711.0,Cu,,8,0.05852,0.05852,150.0,150,MM4,20240610_16_04_11_OP_TRAP_MM4A_Destripe_DONE,AcM-AcM,M,2563.2262474367735,2
1172,1039,Gracile nucleus,Gr,255,177,178,90400,720.0,DCN,,7,0.03464,0.03464,37.0,37,MM4,20240610_16_04_11_OP_TRAP_MM4A_Destripe_DONE,AcM-AcM,M,1068.1293302540416,2
1173,903,External cuneate nucleus,ECu,255,176,179,90500,386.0,MY-sen,,6,0.19736,0.19736,848.0,848,MM4,20240610_16_04_11_OP_TRAP_MM4A_Destripe_DONE,AcM-AcM,M,4296.716659910822,2
1174,642,Nucleus of the trapezoid body,Tz,255,176,181,90600,386.0,MY-sen,,6,0.16556,0.16556,275.0,275,MM4,20240610_16_04_11_OP_TRAP_MM4A_Destripe_DONE,AcM-AcM,M,1661.0292341145202,2
1175,2249,Trigeminal-solitary transition zone,5Sol,255,176,181,90610,386.0,MY-sen,,6,0.10064,0.10064,63.0,63,MM4,20240610_16_04_11_OP_TRAP_MM4A_Destripe_DONE,AcM-AcM,M,625.9936406995231,2
1176,651,Solitary nucleus,Sol,255,178,176,90700,386.0,MY-sen,,6,0.00468,0.6984,71.0,1656,MM4,20240610_16_04_11_OP_TRAP_MM4A_Destripe_DONE,AcM-AcM,M,2371.1340206185564,2
1177,659,"Solitary nucleus, central part",SolCe,255,178,177,90800,651.0,Sol,,7,0.01436,0.01436,17.0,17,MM4,20240610_16_04_11_OP_TRAP_MM4A_Destripe_DONE,AcM-AcM,M,1183.8440111420614,2
1178,666,"Solitary nucleus, commissural part",SolC,255,178,178,90900,651.0,Sol,,7,0.05372,0.05372,147.0,147,MM4,20240610_16_04_11_OP_TRAP_MM4A_Destripe_DONE,AcM-AcM,M,2736.4110201042445,2
1179,674,"Solitary nucleus, gelatinous part",SolG,255,178,179,91000,651.0,Sol,,7,0.0174,0.0174,115.0,115,MM4,20240610_16_04_11_OP_TRAP_MM4A_Destripe_DONE,AcM-AcM,M,6609.195402298851,2
1180,2250,"Solitary nucleus, intermediate part",SolIM,255,178,179,91010,651.0,Sol,,7,0.06336,0.06336,80.0,80,MM4,20240610_16_04_11_OP_TRAP_MM4A_Destripe_DONE,AcM-AcM,M,1262.6262626262626,2
1181,682,"Solitary nucleus, lateral part",SolL,255,178,180,91100,651.0,Sol,,7,0.09504,0.09504,141.0,141,MM4,20240610_16_04_11_OP_TRAP_MM4A_Destripe_DONE,AcM-AcM,M,1483.5858585858587,2
1182,691,"Solitary nucleus, medial part",SolM,255,178,181,91200,651.0,Sol,,7,0.16676,0.16676,546.0,546,MM4,20240610_16_04_11_OP_TRAP_MM4A_Destripe_DONE,AcM-AcM,M,3274.166466778604,2
1183,2263,"Solitary nucleus, ventral part",SolV,255,178,181,91210,651.0,Sol,,7,0.09528,0.09528,205.0,205,MM4,20240610_16_04_11_OP_TRAP_MM4A_Destripe_DONE,AcM-AcM,M,2151.553316540722,2
1184,2273,"Solitary nucleus, ventrolateral part",SolVL,255,178,181,91220,651.0,Sol,,7,0.0376,0.0376,71.0,71,MM4,20240610_16_04_11_OP_TRAP_MM4A_Destripe_DONE,AcM-AcM,M,1888.2978723404256,2
1185,2271,"Solitary nucleus, dorsolateral part",SolDL,255,178,181,91230,651.0,Sol,,7,0.0516,0.0516,128.0,128,MM4,20240610_16_04_11_OP_TRAP_MM4A_Destripe_DONE,AcM-AcM,M,2480.6201550387595,2
1186,2264,"Solitary nucleus, dorsomedial part",SolDM,255,178,181,91240,651.0,Sol,,7,0.08104,0.08104,123.0,123,MM4,20240610_16_04_11_OP_TRAP_MM4A_Destripe_DONE,AcM-AcM,M,1517.7690029615005,2
1187,2265,"Solitary nucleus, interstitial part",SolI,255,178,181,91250,651.0,Sol,,7,0.01196,0.01196,12.0,12,MM4,20240610_16_04_11_OP_TRAP_MM4A_Destripe_DONE,AcM-AcM,M,1003.3444816053511,2
1188,2470,"Soltary nucleus, rostrolateral part",SolRL,255,178,181,91260,651.0,Sol,,7,0.0056,0.0056,0.0,0,MM4,20240610_16_04_11_OP_TRAP_MM4A_Destripe_DONE,AcM-AcM,M,0.0,2
1189,429,"Spinal trigeminal nucleus, caudal part",Sp5C,255,176,183,91300,386.0,MY-sen,,6,0.7181200000000001,0.7181200000000001,2514.0,2514,MM4,20240610_16_04_11_OP_TRAP_MM4A_Destripe_DONE,AcM-AcM,M,3500.8076644571934,2
1190,437,"Spinal trigeminal nucleus, interpolar part",Sp5I,255,176,184,91400,386.0,MY-sen,,6,1.80988,1.80988,2558.0,2558,MM4,20240610_16_04_11_OP_TRAP_MM4A_Destripe_DONE,AcM-AcM,M,1413.3533714942428,2
1191,445,"Spinal trigeminal nucleus, oral part",Sp5O,255,176,182,91500,386.0,MY-sen,,6,0.5544800000000001,1.0828800000000005,1359.0,1587,MM4,20240610_16_04_11_OP_TRAP_MM4A_Destripe_DONE,AcM-AcM,M,1465.5363475177298,2
1192,45,Dorsomedial spinal trigeminal nucleus,DMSp5,255,176,182,91900,445.0,Sp5O,,7,0.5284000000000001,0.5284000000000001,228.0,228,MM4,20240610_16_04_11_OP_TRAP_MM4A_Destripe_DONE,AcM-AcM,M,431.49129447388333,2
1193,2270,Paratrigeminal nucleus,Pa5,255,176,182,92010,386.0,MY-sen,,6,0.00588,0.00588,58.0,58,MM4,20240610_16_04_11_OP_TRAP_MM4A_Destripe_DONE,AcM-AcM,M,9863.945578231293,2
1194,370,"Medulla, motor related",MY-mot,255,212,219,92200,354.0,MY,,5,0.03168,20.3664,141.0,34498,MM4,20240610_16_04_11_OP_TRAP_MM4A_Destripe_DONE,AcM-AcM,M,1693.868332154922,2
1195,2477,Ad1 adrenaline cells,Ad1,255,79,87,78340,370.0,MY-mot,,6,0.0,0.0,0.0,0,MM4,20240610_16_04_11_OP_TRAP_MM4A_Destripe_DONE,AcM-AcM,M,0.0,2
1196,2478,Ad2 adrenaline cells,Ad2,255,79,87,78350,370.0,MY-mot,,6,0.0,0.0,0.0,0,MM4,20240610_16_04_11_OP_TRAP_MM4A_Destripe_DONE,AcM-AcM,M,0.0,2
1197,2266,Ad3 adrenaline cells,Ad3,255,79,87,78360,370.0,MY-mot,,6,0.00236,0.00236,14.0,14,MM4,20240610_16_04_11_OP_TRAP_MM4A_Destripe_DONE,AcM-AcM,M,5932.203389830508,2
1198,2198,"Subcoeruleus nucleus, alpha part",SubCA,255,212,219,92210,370.0,MY-mot,,6,0.05312,0.05312,58.0,58,MM4,20240610_16_04_11_OP_TRAP_MM4A_Destripe_DONE,AcM-AcM,M,1091.867469879518,2
1199,2199,"Subcoeruleus nucleus, dorsal part",SubCD,255,212,219,92220,370.0,MY-mot,,6,0.2396,0.2396,426.0,426,MM4,20240610_16_04_11_OP_TRAP_MM4A_Destripe_DONE,AcM-AcM,M,1777.9632721202004,2
1200,2200,"Subcoeruleus nucleus, ventral part",SubCV,255,212,219,92230,370.0,MY-mot,,6,0.48568,0.48568,6059.0,6059,MM4,20240610_16_04_11_OP_TRAP_MM4A_Destripe_DONE,AcM-AcM,M,12475.292373579312,2
1201,653,Abducens nucleus,6N,255,212,225,92300,370.0,MY-mot,,6,0.01532,0.0432,0.0,1,MM4,20240610_16_04_11_OP_TRAP_MM4A_Destripe_DONE,AcM-AcM,M,23.148148148148145,2
1202,2229,Paraabducens nucleus,Pa6,255,212,225,92310,653.0,6N,,7,0.02788,0.02788,1.0,1,MM4,20240610_16_04_11_OP_TRAP_MM4A_Destripe_DONE,AcM-AcM,M,35.86800573888092,2
1203,2228,"Abducens nucleus, retractor bulbi part",6RB,255,212,226,92400,370.0,MY-mot,,6,0.01184,0.01184,23.0,23,MM4,20240610_16_04_11_OP_TRAP_MM4A_Destripe_DONE,AcM-AcM,M,1942.5675675675675,2
1204,661,Facial nucleus,7N,255,212,234,92500,370.0,MY-mot,,6,0.26856,0.7722,601.0,1551,MM4,20240610_16_04_11_OP_TRAP_MM4A_Destripe_DONE,AcM-AcM,M,2008.5470085470085,2
1205,2226,Perifacial zone,P7,255,212,234,92510,661.0,7N,,7,0.17516,0.17516,458.0,458,MM4,20240610_16_04_11_OP_TRAP_MM4A_Destripe_DONE,AcM-AcM,M,2614.752226535739,2
1206,2462,"Facial nucleus, lateral subnucleus",7L,255,212,234,92520,661.0,7N,,7,0.07988,0.07988,219.0,219,MM4,20240610_16_04_11_OP_TRAP_MM4A_Destripe_DONE,AcM-AcM,M,2741.6124186279417,2
1207,2463,"Facial nucleus, dorsolateral subnucleus",7DL,255,212,234,92530,661.0,7N,,7,0.04152,0.04152,42.0,42,MM4,20240610_16_04_11_OP_TRAP_MM4A_Destripe_DONE,AcM-AcM,M,1011.5606936416185,2
1208,2464,"Facial nucleus, ventral intermediate subnucleus",7VI,255,212,234,92540,661.0,7N,,7,0.04212,0.04212,79.0,79,MM4,20240610_16_04_11_OP_TRAP_MM4A_Destripe_DONE,AcM-AcM,M,1875.593542260209,2
1209,2465,"Facial nucleus, dorsal intermediate subnucleus",7DI,255,212,234,92550,661.0,7N,,7,0.07676,0.07676,59.0,59,MM4,20240610_16_04_11_OP_TRAP_MM4A_Destripe_DONE,AcM-AcM,M,768.6294945284003,2
1210,2466,"Facial nucleus, dorsomedial subnucleus",7DM,255,212,234,92560,661.0,7N,,7,0.04704,0.04704,54.0,54,MM4,20240610_16_04_11_OP_TRAP_MM4A_Destripe_DONE,AcM-AcM,M,1147.9591836734694,2
1211,2467,"Facial nucleus, ventromedial subnucleus",7VM ,255,212,234,92570,661.0,7N,,7,0.04116,0.04116,39.0,39,MM4,20240610_16_04_11_OP_TRAP_MM4A_Destripe_DONE,AcM-AcM,M,947.5218658892128,2
1212,576,"Facial motor nucleus, stylohyoid part",7SH,255,212,235,92600,370.0,MY-mot,,6,0.02304,0.02304,6.0,6,MM4,20240610_16_04_11_OP_TRAP_MM4A_Destripe_DONE,AcM-AcM,M,260.41666666666663,2
1213,640,Nucleus of the origin of efferents of the vestibular nerve,EVe,255,212,230,92700,370.0,MY-mot,,6,0.01568,0.01568,7.0,7,MM4,20240610_16_04_11_OP_TRAP_MM4A_Destripe_DONE,AcM-AcM,M,446.42857142857144,2
1214,2472,Ambiguus nucleus,Amb,255,212,216,92800,370.0,MY-mot,,6,0.0,0.1066,0.0,221,MM4,20240610_16_04_11_OP_TRAP_MM4A_Destripe_DONE,AcM-AcM,M,2073.170731707317,2
1215,135,"Ambiguus nucleus, compact part",AmbC,255,212,216,92810,2472.0,Amb,,7,0.07008,0.07008,126.0,126,MM4,20240610_16_04_11_OP_TRAP_MM4A_Destripe_DONE,AcM-AcM,M,1797.945205479452,2
1216,2277,"Ambiguus nucleus, loose part",AmbL,255,212,216,92820,2472.0,Amb,,7,0.01744,0.01744,20.0,20,MM4,20240610_16_04_11_OP_TRAP_MM4A_Destripe_DONE,AcM-AcM,M,1146.788990825688,2
1217,2471,Retroambiguus nucleus,Rambn,255,212,216,92830,2472.0,Amb,,7,0.01908,0.01908,75.0,75,MM4,20240610_16_04_11_OP_TRAP_MM4A_Destripe_DONE,AcM-AcM,M,3930.817610062893,2
1218,839,Vagus nerve nucleus,10N,255,212,184,93100,370.0,MY-mot,,6,0.10296,0.10296,434.0,434,MM4,20240610_16_04_11_OP_TRAP_MM4A_Destripe_DONE,AcM-AcM,M,4215.229215229216,2
1219,1048,Gigantocellular reticular nucleus,Gi,255,212,187,93300,370.0,MY-mot,,6,2.24968,2.65072,806.0,967,MM4,20240610_16_04_11_OP_TRAP_MM4A_Destripe_DONE,AcM-AcM,M,364.80654312790483,2
1220,2223,"Gigantocellular reticular nucleus, alpha part",GiA,255,212,187,93310,1048.0,Gi,,7,0.18984,0.18984,91.0,91,MM4,20240610_16_04_11_OP_TRAP_MM4A_Destripe_DONE,AcM-AcM,M,479.35103244837757,2
1221,2224,"Gigantocellular reticular nucleus, ventral part",GiV,255,212,187,93320,1048.0,Gi,,7,0.2112,0.2112,70.0,70,MM4,20240610_16_04_11_OP_TRAP_MM4A_Destripe_DONE,AcM-AcM,M,331.43939393939394,2
1222,83,Inferior olivary nucleus,IO,255,212,189,93500,370.0,MY-mot,,6,0.27724,0.7786,794.0,1930,MM4,20240610_16_04_11_OP_TRAP_MM4A_Destripe_DONE,AcM-AcM,M,2478.8081171333165,2
1223,2253,"Inferior olive, subnucleus A of medial nucleus",IOA,255,212,189,93510,83.0,IO,,7,0.02392,0.02392,42.0,42,MM4,20240610_16_04_11_OP_TRAP_MM4A_Destripe_DONE,AcM-AcM,M,1755.8528428093646,2
1224,2254,"Inferior olive, subnucleus B of medial nucleus",IOB,255,212,189,93520,83.0,IO,,7,0.08116,0.08116,74.0,74,MM4,20240610_16_04_11_OP_TRAP_MM4A_Destripe_DONE,AcM-AcM,M,911.7792015771316,2
1225,2255,"Inferior olive, subnucleus C of medial nucleus",IOC,255,212,189,93530,83.0,IO,,7,0.0734,0.0734,107.0,107,MM4,20240610_16_04_11_OP_TRAP_MM4A_Destripe_DONE,AcM-AcM,M,1457.7656675749317,2
1226,2256,"Inferior olive, dorsal nucleus",IOD,255,212,189,93540,83.0,IO,,7,0.12668,0.12668,307.0,307,MM4,20240610_16_04_11_OP_TRAP_MM4A_Destripe_DONE,AcM-AcM,M,2423.4291127249767,2
1227,2257,"Inferior olive, dorsomedial cell group",IODM,255,212,189,93550,83.0,IO,,7,0.0216,0.0216,21.0,21,MM4,20240610_16_04_11_OP_TRAP_MM4A_Destripe_DONE,AcM-AcM,M,972.2222222222222,2
1228,2258,"Inferior olive, principal nucleus",IOPr,255,212,189,93560,83.0,IO,,7,0.09452,0.09452,393.0,393,MM4,20240610_16_04_11_OP_TRAP_MM4A_Destripe_DONE,AcM-AcM,M,4157.850190435886,2
1229,2259,"Inferior olive, ventrolateral protrusion",IOVL,255,212,189,93570,83.0,IO,,7,0.00252,0.00252,0.0,0,MM4,20240610_16_04_11_OP_TRAP_MM4A_Destripe_DONE,AcM-AcM,M,0.0,2
1230,2260,"Inferior olive, cap of Kooy of the medial nucleus",IOK,255,212,189,93580,83.0,IO,,7,0.0184,0.0184,10.0,10,MM4,20240610_16_04_11_OP_TRAP_MM4A_Destripe_DONE,AcM-AcM,M,543.4782608695652,2
1231,2261,"Inferior olive, beta subnucleus of the medial nucleus",IOBe,255,212,189,93590,83.0,IO,,7,0.02548,0.02548,35.0,35,MM4,20240610_16_04_11_OP_TRAP_MM4A_Destripe_DONE,AcM-AcM,M,1373.6263736263736,2
1232,2262,"Inferior olive, medial nucleus",IOM,255,212,189,93595,83.0,IO,,7,0.03368,0.03368,147.0,147,MM4,20240610_16_04_11_OP_TRAP_MM4A_Destripe_DONE,AcM-AcM,M,4364.608076009501,2
1233,136,Intermediate reticular nucleus,IRt,255,212,187,93600,370.0,MY-mot,,6,2.91732,3.44476,2922.0,3095,MM4,20240610_16_04_11_OP_TRAP_MM4A_Destripe_DONE,AcM-AcM,M,898.4660760111009,2
1234,2225,"Intermediate reticular nucleus, alpha part",IRtA,255,212,187,93610,136.0,IRt,,7,0.52744,0.52744,173.0,173,MM4,20240610_16_04_11_OP_TRAP_MM4A_Destripe_DONE,AcM-AcM,M,327.9993932959199,2
1235,106,Inferior salivatory nucleus,IS,255,212,190,93700,370.0,MY-mot,,6,0.06092,0.06092,32.0,32,MM4,20240610_16_04_11_OP_TRAP_MM4A_Destripe_DONE,AcM-AcM,M,525.2790544977018,2
1236,203,Linear nucleus of the hindbrain,Li,255,212,191,93800,370.0,MY-mot,,6,0.02784,0.02784,1.0,1,MM4,20240610_16_04_11_OP_TRAP_MM4A_Destripe_DONE,AcM-AcM,M,35.91954022988506,2
1237,235,Lateral reticular nucleus,LRt,255,212,193,93900,370.0,MY-mot,,6,0.389,0.39228,1447.0,1447,MM4,20240610_16_04_11_OP_TRAP_MM4A_Destripe_DONE,AcM-AcM,M,3688.6917507902517,2
1238,963,"Lateral reticular nucleus, parvicellular part",LRtPC,255,212,193,94100,235.0,LRt,,7,0.00328,0.00328,0.0,0,MM4,20240610_16_04_11_OP_TRAP_MM4A_Destripe_DONE,AcM-AcM,M,0.0,2
1239,395,Paramedian reticular nucleus,PMn,255,212,195,94300,370.0,MY-mot,,6,0.5056400000000001,2.4990400000000004,815.0,3951,MM4,20240610_16_04_11_OP_TRAP_MM4A_Destripe_DONE,AcM-AcM,M,1581.0071067289837,2
1240,1098,"Medullary reticular nucleus, dorsal part",MdD,255,212,195,94400,395.0,PMn,,7,1.09488,1.09488,2440.0,2440,MM4,20240610_16_04_11_OP_TRAP_MM4A_Destripe_DONE,AcM-AcM,M,2228.5547274587166,2
1241,1107,"Medullary reticular nucleus, ventral part",MdV,255,212,195,94500,395.0,PMn,,7,0.8985200000000001,0.8985200000000001,696.0,696,MM4,20240610_16_04_11_OP_TRAP_MM4A_Destripe_DONE,AcM-AcM,M,774.60713172773,2
1242,852,Parvicellular reticular nucleus,PCRt,255,212,196,94600,370.0,MY-mot,,6,1.1908800000000002,3.03268,1736.0,7477,MM4,20240610_16_04_11_OP_TRAP_MM4A_Destripe_DONE,AcM-AcM,M,2465.476080562407,2
1243,2214,"Parvicellular reticular nucleus, alpha part",PCRtA,255,212,196,94610,852.0,PCRt,,7,1.8418,1.8418,5741.0,5741,MM4,20240610_16_04_11_OP_TRAP_MM4A_Destripe_DONE,AcM-AcM,M,3117.0593984145944,2
1244,2211,Trigeminal transition zone,5Tr,255,212,196,94620,370.0,MY-mot,,6,0.0904,0.0904,141.0,141,MM4,20240610_16_04_11_OP_TRAP_MM4A_Destripe_DONE,AcM-AcM,M,1559.7345132743365,2
1245,859,Parasolitary nucleus,PSol,255,212,197,94700,370.0,MY-mot,,6,0.02012,0.02012,24.0,24,MM4,20240610_16_04_11_OP_TRAP_MM4A_Destripe_DONE,AcM-AcM,M,1192.8429423459245,2
1246,938,Lateral paragigantocellular nucleus,LPGi,255,212,198,94800,370.0,MY-mot,,6,0.38324,0.7962400000000001,792.0,998,MM4,20240610_16_04_11_OP_TRAP_MM4A_Destripe_DONE,AcM-AcM,M,1253.390937405807,2
1247,2248,"Lateral paragigantocellular nucleus, external part",LPGiE,255,212,198,94810,938.0,LPGi,,7,0.07916,0.07916,136.0,136,MM4,20240610_16_04_11_OP_TRAP_MM4A_Destripe_DONE,AcM-AcM,M,1718.0394138453767,2
1248,970,Dorsal paragigantocellular nucleus,DPGi,255,212,198,94900,938.0,LPGi,,7,0.33384,0.33384,70.0,70,MM4,20240610_16_04_11_OP_TRAP_MM4A_Destripe_DONE,AcM-AcM,M,209.68128444763957,2
1249,978,"Paragigantocellular reticular nucleus, lateral part",PGRNl,255,212,198,95000,938.0,LPGi,,7,0.0,0.0,0.0,0,MM4,20240610_16_04_11_OP_TRAP_MM4A_Destripe_DONE,AcM-AcM,M,0.0,2
1250,2252,Caudoventrolateral reticular nucleus,CVL,255,212,198,95010,370.0,MY-mot,,6,0.10512,0.10512,477.0,477,MM4,20240610_16_04_11_OP_TRAP_MM4A_Destripe_DONE,AcM-AcM,M,4537.671232876712,2
1251,2469,Rostroventrolateral reticular nucleus,RVL,255,212,198,95020,370.0,MY-mot,,6,0.00996,0.00996,13.0,13,MM4,20240610_16_04_11_OP_TRAP_MM4A_Destripe_DONE,AcM-AcM,M,1305.2208835341364,2
1252,2269,Rostral ventral respiratory group,RVRG,255,212,198,95030,370.0,MY-mot,,6,0.0432,0.0432,221.0,221,MM4,20240610_16_04_11_OP_TRAP_MM4A_Destripe_DONE,AcM-AcM,M,5115.740740740741,2
1253,2468,Botzinger complex,Bo,255,212,198,95040,370.0,MY-mot,,6,0.00676,0.03784,3.0,58,MM4,20240610_16_04_11_OP_TRAP_MM4A_Destripe_DONE,AcM-AcM,M,1532.76955602537,2
1254,2251,Pre-Botzinger complex,PrBo,255,212,198,95050,2468.0,Bo,,7,0.03108,0.03108,55.0,55,MM4,20240610_16_04_11_OP_TRAP_MM4A_Destripe_DONE,AcM-AcM,M,1769.6267696267696,2
1255,154,Perihypoglossal nuclei,PHY,255,212,219,95100,370.0,MY-mot,,6,0.0,0.4479999999999999,0.0,478,MM4,20240610_16_04_11_OP_TRAP_MM4A_Destripe_DONE,AcM-AcM,M,1066.964285714286,2
1256,161,Intercalated nucleus,In,255,212,219,95200,154.0,PHY,,7,0.05404,0.08236,135.0,164,MM4,20240610_16_04_11_OP_TRAP_MM4A_Destripe_DONE,AcM-AcM,M,1991.25789218067,2
1257,2276,Intermedius nucleus of the medulla,InM,255,212,219,95210,161.0,In,,8,0.02832,0.02832,29.0,29,MM4,20240610_16_04_11_OP_TRAP_MM4A_Destripe_DONE,AcM-AcM,M,1024.0112994350281,2
1258,177,Nucleus of Roller,Ro,255,212,221,95300,154.0,PHY,,7,0.04156,0.04156,1.0,1,MM4,20240610_16_04_11_OP_TRAP_MM4A_Destripe_DONE,AcM-AcM,M,24.06159769008662,2
1259,169,Prepositus nucleus,Pr,255,212,219,95400,154.0,PHY,,7,0.32408,0.32408,313.0,313,MM4,20240610_16_04_11_OP_TRAP_MM4A_Destripe_DONE,AcM-AcM,M,965.810910886201,2
1260,1069,Parapyramidal nucleus,PPy,255,212,200,95600,370.0,MY-mot,,6,0.03172,0.03172,27.0,27,MM4,20240610_16_04_11_OP_TRAP_MM4A_Destripe_DONE,AcM-AcM,M,851.1979823455234,2
1261,701,Vestibulocerebellar nucleus,VeCb,255,212,201,95900,370.0,MY-mot,,6,0.12008,3.34356,180.0,2567,MM4,20240610_16_04_11_OP_TRAP_MM4A_Destripe_DONE,AcM-AcM,M,767.7445596908684,2
1262,217,Superior vestibular nucleus,SuVe,255,214,201,96000,701.0,VeCb,,7,0.35584,0.35584,94.0,94,MM4,20240610_16_04_11_OP_TRAP_MM4A_Destripe_DONE,AcM-AcM,M,264.1636690647482,2
1263,209,Lateral vestibular nucleus,LVe,255,214,201,96050,701.0,VeCb,,7,0.32148,0.32148,42.0,42,MM4,20240610_16_04_11_OP_TRAP_MM4A_Destripe_DONE,AcM-AcM,M,130.64576334453156,2
1264,202,Medial vestibular nucleus,MVe,255,216,201,96100,701.0,VeCb,,7,0.32828,1.84864,571.0,1105,MM4,20240610_16_04_11_OP_TRAP_MM4A_Destripe_DONE,AcM-AcM,M,597.7367145577289,2
1265,2232,"Medial vestibular nucleus, magnocellular part",MVeMC,255,216,201,96110,202.0,MVe,,8,0.5543600000000001,0.5543600000000001,94.0,94,MM4,20240610_16_04_11_OP_TRAP_MM4A_Destripe_DONE,AcM-AcM,M,169.56490367270362,2
1266,2233,"Medial vestibular nucleus, parvicellular part",MVePC,255,216,201,96120,202.0,MVe,,8,0.50592,0.966,269.0,440,MM4,20240610_16_04_11_OP_TRAP_MM4A_Destripe_DONE,AcM-AcM,M,455.4865424430642,2
1267,2368,"Medial vestibular nucleus, parvicellular part, dorsal",MVePd,255,216,201,96130,2233.0,MVePC,,9,0.29504,0.29504,160.0,160,MM4,20240610_16_04_11_OP_TRAP_MM4A_Destripe_DONE,AcM-AcM,M,542.2993492407809,2
1268,2369,"Medial vestibular nucleus, parvicellular part, ventral",MVePv,255,216,201,96140,2233.0,MVePC,,9,0.16504,0.16504,11.0,11,MM4,20240610_16_04_11_OP_TRAP_MM4A_Destripe_DONE,AcM-AcM,M,66.65050896752302,2
1269,225,Spinal vestibular nucleus,SpVe,255,212,201,96200,701.0,VeCb,,7,0.6596000000000001,0.6596000000000001,1051.0,1051,MM4,20240610_16_04_11_OP_TRAP_MM4A_Destripe_DONE,AcM-AcM,M,1593.3899332929045,2
1270,2268,F cell group of the vestibular complex,FVe,255,212,201,96310,701.0,VeCb,,7,0.0116,0.0116,21.0,21,MM4,20240610_16_04_11_OP_TRAP_MM4A_Destripe_DONE,AcM-AcM,M,1810.344827586207,2
1271,2218,Paracochlear glial substance,PCGS,255,212,201,96320,701.0,VeCb,,7,0.02632,0.02632,74.0,74,MM4,20240610_16_04_11_OP_TRAP_MM4A_Destripe_DONE,AcM-AcM,M,2811.550151975684,2
1272,765,Nucleus X,X,255,212,202,96400,370.0,MY-mot,,6,0.1074,0.1074,347.0,347,MM4,20240610_16_04_11_OP_TRAP_MM4A_Destripe_DONE,AcM-AcM,M,3230.9124767225326,2
1273,2267,Matrix region of the medulla,Mx,255,212,202,96410,370.0,MY-mot,,6,0.18452,0.18452,562.0,562,MM4,20240610_16_04_11_OP_TRAP_MM4A_Destripe_DONE,AcM-AcM,M,3045.740299154563,2
1274,773,Hypoglossal nucleus,12N,255,212,192,96500,370.0,MY-mot,,6,0.34268,0.34268,724.0,724,MM4,20240610_16_04_11_OP_TRAP_MM4A_Destripe_DONE,AcM-AcM,M,2112.758258433524,2
1275,2272,Central cervical nucleus of the spinal cord,CeCv,255,212,192,96510,370.0,MY-mot,,6,0.00828,0.00828,11.0,11,MM4,20240610_16_04_11_OP_TRAP_MM4A_Destripe_DONE,AcM-AcM,M,1328.5024154589373,2
1276,781,Nucleus Y of the vestibular complex,Y,255,212,203,96600,370.0,MY-mot,,6,0.02256,0.02256,9.0,9,MM4,20240610_16_04_11_OP_TRAP_MM4A_Destripe_DONE,AcM-AcM,M,398.93617021276594,2
1277,379,"Medulla, behavioral state related",MY-sat,255,176,192,96800,354.0,MY,,5,0.0,0.3782,0.0,759,MM4,20240610_16_04_11_OP_TRAP_MM4A_Destripe_DONE,AcM-AcM,M,2006.874669487044,2
1278,206,RaphÈ magnus nucleus,RMg,255,176,193,96900,379.0,MY-sat,,6,0.245,0.29444,306.0,329,MM4,20240610_16_04_11_OP_TRAP_MM4A_Destripe_DONE,AcM-AcM,M,1117.3753566091564,2
1279,2212,RaphÈ interpositus nucleus,RIP,255,176,193,96910,206.0,RMg,,7,0.04944,0.04944,23.0,23,MM4,20240610_16_04_11_OP_TRAP_MM4A_Destripe_DONE,AcM-AcM,M,465.21035598705504,2
1280,230,RaphÈ pallidus nucleus,RPa,255,176,195,97000,379.0,MY-sat,,6,0.05772,0.05772,408.0,408,MM4,20240610_16_04_11_OP_TRAP_MM4A_Destripe_DONE,AcM-AcM,M,7068.607068607069,2
1281,222,RaphÈ obscurus nucleus,ROb,255,176,194,97100,379.0,MY-sat,,6,0.02604,0.02604,22.0,22,MM4,20240610_16_04_11_OP_TRAP_MM4A_Destripe_DONE,AcM-AcM,M,844.8540706605222,2
1282,1009,fiber tracts,fiber_tracts,204,204,204,97200,997.0,root,,1,0.0,50.04484,0.0,116626,MM4,20240610_16_04_11_OP_TRAP_MM4A_Destripe_DONE,AcM-AcM,M,2330.4300703129434,2
1283,2155,basilar artery,bas,204,204,204,97210,997.0,root,,1,0.00228,0.00228,0.0,0,MM4,20240610_16_04_11_OP_TRAP_MM4A_Destripe_DONE,AcM-AcM,M,0.0,2
1284,967,cranial nerves,cm,204,204,204,97300,1009.0,fiber_tracts,,2,0.0,13.820480000000002,0.0,55879,MM4,20240610_16_04_11_OP_TRAP_MM4A_Destripe_DONE,AcM-AcM,M,4043.2025515756322,2
1285,949,vomeronasal nerve,vn,204,204,204,97500,967.0,cm,,3,0.00916,0.00916,0.0,0,MM4,20240610_16_04_11_OP_TRAP_MM4A_Destripe_DONE,AcM-AcM,M,0.0,2
1286,840,olfactory nerve,on,204,204,204,97600,967.0,cm,,3,0.0,4.74488,0.0,20157,MM4,20240610_16_04_11_OP_TRAP_MM4A_Destripe_DONE,AcM-AcM,M,4248.15801453356,2
1287,1016,olfactory nerve layer,onl,204,204,204,97700,840.0,on,,4,2.10976,2.10976,10895.0,10895,MM4,20240610_16_04_11_OP_TRAP_MM4A_Destripe_DONE,AcM-AcM,M,5164.094494160473,2
1288,21,"lateral olfactory tract, general",lotg,204,204,204,97800,840.0,on,,4,0.0,1.1913200000000002,0.0,6639,MM4,20240610_16_04_11_OP_TRAP_MM4A_Destripe_DONE,AcM-AcM,M,5572.809992277473,2
1289,2279,dorsal lateral olfactory tract,dlo,204,204,204,97900,21.0,lotg,,5,0.09308,0.09308,352.0,352,MM4,20240610_16_04_11_OP_TRAP_MM4A_Destripe_DONE,AcM-AcM,M,3781.6931671680277,2
1290,665,lateral olfactory tract,lo,204,204,204,97900,21.0,lotg,,5,1.09824,1.09824,6287.0,6287,MM4,20240610_16_04_11_OP_TRAP_MM4A_Destripe_DONE,AcM-AcM,M,5724.6139277389275,2
1291,459,accessory olfactory tract,aot,204,204,204,98100,21.0,lotg,,5,0.0,0.0,0.0,0,MM4,20240610_16_04_11_OP_TRAP_MM4A_Destripe_DONE,AcM-AcM,M,0.0,2
1292,900,"anterior commissure, anterior part",aca,204,204,204,98200,840.0,on,,4,0.5290400000000001,0.5290400000000001,521.0,521,MM4,20240610_16_04_11_OP_TRAP_MM4A_Destripe_DONE,AcM-AcM,M,984.8026614244668,2
1293,2317,"anterior commissure, intrabulbar part",aci,204,204,204,98210,840.0,on,,4,0.91476,0.91476,2102.0,2102,MM4,20240610_16_04_11_OP_TRAP_MM4A_Destripe_DONE,AcM-AcM,M,2297.8704796886614,2
1294,848,optic nerve,2n,204,204,204,98300,967.0,cm,,3,0.0,2.24936,0.0,7397,MM4,20240610_16_04_11_OP_TRAP_MM4A_Destripe_DONE,AcM-AcM,M,3288.490948536473,2
1295,916,brachium of the superior colliculus,bsc,204,204,204,98500,848.0,2n,,4,0.53924,0.53924,1226.0,1226,MM4,20240610_16_04_11_OP_TRAP_MM4A_Destripe_DONE,AcM-AcM,M,2273.5702099250793,2
1296,336,commissure of the superior colliculus,csc,204,204,204,98600,848.0,2n,,4,0.02564,0.02564,13.0,13,MM4,20240610_16_04_11_OP_TRAP_MM4A_Destripe_DONE,AcM-AcM,M,507.02028081123245,2
1297,117,optic chiasm,och,204,204,204,98700,848.0,2n,,4,0.01796,0.01796,94.0,94,MM4,20240610_16_04_11_OP_TRAP_MM4A_Destripe_DONE,AcM-AcM,M,5233.853006681515,2
1298,125,optic tract,opt,204,204,204,98800,848.0,2n,,4,1.4275600000000002,1.4275600000000002,5123.0,5123,MM4,20240610_16_04_11_OP_TRAP_MM4A_Destripe_DONE,AcM-AcM,M,3588.64075765642,2
1299,2040,supraoptic decussation,sox,204,204,204,98810,848.0,2n,,4,0.23896,0.23896,941.0,941,MM4,20240610_16_04_11_OP_TRAP_MM4A_Destripe_DONE,AcM-AcM,M,3937.8975560763306,2
1300,832,oculomotor nerve,3n,204,204,204,99000,967.0,cm,,3,0.0,0.6351200000000001,0.0,452,MM4,20240610_16_04_11_OP_TRAP_MM4A_Destripe_DONE,AcM-AcM,M,711.6765335684594,2
1301,62,medial longitudinal fasciculus,mlf,204,204,204,99100,832.0,3n,,4,0.5679200000000001,0.5679200000000001,414.0,414,MM4,20240610_16_04_11_OP_TRAP_MM4A_Destripe_DONE,AcM-AcM,M,728.9759121002957,2
1302,158,posterior commissure,pc,204,204,204,99200,832.0,3n,,4,0.0672,0.0672,38.0,38,MM4,20240610_16_04_11_OP_TRAP_MM4A_Destripe_DONE,AcM-AcM,M,565.4761904761905,2
1303,911,trochlear nerve,4n,204,204,204,99300,967.0,cm,,3,0.0,0.0,0.0,0,MM4,20240610_16_04_11_OP_TRAP_MM4A_Destripe_DONE,AcM-AcM,M,0.0,2
1304,901,trigeminal nerve,5n,204,204,204,99600,967.0,cm,,3,0.0,2.25104,0.0,13971,MM4,20240610_16_04_11_OP_TRAP_MM4A_Destripe_DONE,AcM-AcM,M,6206.464567488805,2
1305,93,motor root of the trigeminal nerve,m5,204,204,204,99700,901.0,5n,,4,0.06856,0.06856,630.0,630,MM4,20240610_16_04_11_OP_TRAP_MM4A_Destripe_DONE,AcM-AcM,M,9189.031505250876,2
1306,229,sensory root of the trigeminal nerve,s5,204,204,204,99800,901.0,5n,,4,0.6001200000000001,2.18248,6722.0,13341,MM4,20240610_16_04_11_OP_TRAP_MM4A_Destripe_DONE,AcM-AcM,M,6112.770792859499,2
1307,705,mesencephalic trigeminal tract,me5,204,204,204,99900,229.0,s5,,5,0.04788,0.04788,36.0,36,MM4,20240610_16_04_11_OP_TRAP_MM4A_Destripe_DONE,AcM-AcM,M,751.8796992481203,2
1308,794,spinal trigeminal tract,sp5,204,204,204,100000,229.0,s5,,5,1.53448,1.53448,6583.0,6583,MM4,20240610_16_04_11_OP_TRAP_MM4A_Destripe_DONE,AcM-AcM,M,4290.052656274438,2
1309,798,facial nerve,7n,204,204,204,100100,967.0,cm,,3,0.3056,0.39332,1516.0,1517,MM4,20240610_16_04_11_OP_TRAP_MM4A_Destripe_DONE,AcM-AcM,M,3856.9104037424995,2
1310,1131,ascending fibers of the facial nerve,asc7,204,204,204,100200,798.0,7n,,4,0.0206,0.0206,0.0,0,MM4,20240610_16_04_11_OP_TRAP_MM4A_Destripe_DONE,AcM-AcM,M,0.0,2
1311,1116,genu of the facial nerve,g7,204,204,204,100300,798.0,7n,,4,0.06712,0.06712,1.0,1,MM4,20240610_16_04_11_OP_TRAP_MM4A_Destripe_DONE,AcM-AcM,M,14.898688915375446,2
1312,933,vestibulocochlear nerve,8n,204,204,204,100400,967.0,cm,,3,0.44304,1.56488,3358.0,9912,MM4,20240610_16_04_11_OP_TRAP_MM4A_Destripe_DONE,AcM-AcM,M,6334.032002453862,2
1313,2461,interstitial nucleus of the vestibular part of the 8th nerve,I8,204,204,204,100410,933.0,8n,,4,0.01256,0.01256,17.0,17,MM4,20240610_16_04_11_OP_TRAP_MM4A_Destripe_DONE,AcM-AcM,M,1353.5031847133757,2
1314,413,vestibular root of the vestibulocochlear nerve,8vn,204,204,204,100600,933.0,8n,,4,0.43636,0.43636,2086.0,2086,MM4,20240610_16_04_11_OP_TRAP_MM4A_Destripe_DONE,AcM-AcM,M,4780.456503804198,2
1315,948,cochlear nerve,8cn,204,204,204,100700,933.0,8n,,4,0.0,0.67292,0.0,4451,MM4,20240610_16_04_11_OP_TRAP_MM4A_Destripe_DONE,AcM-AcM,M,6614.456398977591,2
1316,2222,olivocochlear bundle,ocb,204,204,204,100710,967.0,cm,,3,0.01484,0.01484,4.0,4,MM4,20240610_16_04_11_OP_TRAP_MM4A_Destripe_DONE,AcM-AcM,M,269.54177897574124,2
1317,841,trapezoid body,tz,204,204,204,100800,948.0,8cn,,5,0.0,0.0,0.0,0,MM4,20240610_16_04_11_OP_TRAP_MM4A_Destripe_DONE,AcM-AcM,M,0.0,2
1318,506,dorsal acoustic stria,das,204,204,204,101000,948.0,8cn,,5,0.012,0.012,2.0,2,MM4,20240610_16_04_11_OP_TRAP_MM4A_Destripe_DONE,AcM-AcM,M,166.66666666666666,2
1319,658,lateral lemniscus,ll,204,204,204,101100,948.0,8cn,,5,0.47576,0.47576,3876.0,3876,MM4,20240610_16_04_11_OP_TRAP_MM4A_Destripe_DONE,AcM-AcM,M,8146.964856230032,2
1320,633,commissure of the inferior colliculus,cic,204,204,204,101200,948.0,8cn,,5,0.0,0.0,0.0,0,MM4,20240610_16_04_11_OP_TRAP_MM4A_Destripe_DONE,AcM-AcM,M,0.0,2
1321,482,brachium of the inferior colliculus,bic,204,204,204,101300,948.0,8cn,,5,0.18516,0.18516,573.0,573,MM4,20240610_16_04_11_OP_TRAP_MM4A_Destripe_DONE,AcM-AcM,M,3094.6208684381077,2
1322,808,glossopharyngeal nerve,9n,204,204,204,101400,967.0,cm,,3,0.0,0.0,0.0,0,MM4,20240610_16_04_11_OP_TRAP_MM4A_Destripe_DONE,AcM-AcM,M,0.0,2
1323,917,vagus nerve,10n,204,204,204,101500,967.0,cm,,3,0.0,0.03312,0.0,11,MM4,20240610_16_04_11_OP_TRAP_MM4A_Destripe_DONE,AcM-AcM,M,332.12560386473433,2
1324,237,solitary tract,sol,204,204,204,101600,917.0,10n,,4,0.03312,0.03312,11.0,11,MM4,20240610_16_04_11_OP_TRAP_MM4A_Destripe_DONE,AcM-AcM,M,332.12560386473433,2
1325,813,hypoglossal nerve,12n,204,204,204,101800,967.0,cm,,3,0.0,0.0,0.0,0,MM4,20240610_16_04_11_OP_TRAP_MM4A_Destripe_DONE,AcM-AcM,M,0.0,2
1326,792,dorsal roots,drt,204,204,204,102000,967.0,cm,,3,0.0,1.19908,0.0,1853,MM4,20240610_16_04_11_OP_TRAP_MM4A_Destripe_DONE,AcM-AcM,M,1545.351436101011,2
1327,932,cervicothalamic tract,cett,204,204,204,102100,792.0,drt,,4,0.0,1.19908,0.0,1853,MM4,20240610_16_04_11_OP_TRAP_MM4A_Destripe_DONE,AcM-AcM,M,1545.351436101011,2
1328,514,dorsal column,dc,204,204,204,102600,932.0,cett,,5,0.0,0.0,0.0,0,MM4,20240610_16_04_11_OP_TRAP_MM4A_Destripe_DONE,AcM-AcM,M,0.0,2
1329,380,cuneate fascicle,cf,204,204,204,102700,514.0,dc,,6,0.0,0.0,0.0,0,MM4,20240610_16_04_11_OP_TRAP_MM4A_Destripe_DONE,AcM-AcM,M,0.0,2
1330,388,gracile fasciculus,gr,204,204,204,102800,514.0,dc,,6,0.0,0.0,0.0,0,MM4,20240610_16_04_11_OP_TRAP_MM4A_Destripe_DONE,AcM-AcM,M,0.0,2
1331,697,medial lemniscus,ml,204,204,204,103000,932.0,cett,,5,1.19908,1.19908,1853.0,1853,MM4,20240610_16_04_11_OP_TRAP_MM4A_Destripe_DONE,AcM-AcM,M,1545.351436101011,2
1332,871,spinothalamic tract,sst,204,204,204,103100,967.0,cm,,3,0.0,0.04604,0.0,14,MM4,20240610_16_04_11_OP_TRAP_MM4A_Destripe_DONE,AcM-AcM,M,304.08340573414426,2
1333,293,vestibulospinal tract,vesp,204,204,204,103700,871.0,sst,,4,0.04604,0.04604,14.0,14,MM4,20240610_16_04_11_OP_TRAP_MM4A_Destripe_DONE,AcM-AcM,M,304.08340573414426,2
1334,960,cerebellum related fiber tracts,cbf,204,204,204,104200,1009.0,fiber_tracts,,2,0.0,11.56792,0.0,22236,MM4,20240610_16_04_11_OP_TRAP_MM4A_Destripe_DONE,AcM-AcM,M,1922.212463433357,2
1335,744,cerebellar commissure,cbc,204,204,204,104300,960.0,cbf,,3,0.07852,0.07852,0.0,0,MM4,20240610_16_04_11_OP_TRAP_MM4A_Destripe_DONE,AcM-AcM,M,0.0,2
1336,752,cerebellar peduncles,cbp,204,204,204,104400,960.0,cbf,,3,0.0,6.098280000000001,0.0,20321,MM4,20240610_16_04_11_OP_TRAP_MM4A_Destripe_DONE,AcM-AcM,M,3332.2510609548917,2
1337,326,superior cerebellar peduncle,scp,204,204,204,104500,752.0,cbp,,4,0.6802400000000001,1.9248000000000005,447.0,4336,MM4,20240610_16_04_11_OP_TRAP_MM4A_Destripe_DONE,AcM-AcM,M,2252.7015793848705,2
1338,812,decussation of the superior cerebellar peduncle,xscp,204,204,204,104600,326.0,scp,,5,0.34796,1.1782,259.0,3842,MM4,20240610_16_04_11_OP_TRAP_MM4A_Destripe_DONE,AcM-AcM,M,3260.906467492786,2
1339,85,ventral spinocerebellar tract,vsct,204,204,204,104700,812.0,xscp,,6,0.8302400000000001,0.8302400000000001,3583.0,3583,MM4,20240610_16_04_11_OP_TRAP_MM4A_Destripe_DONE,AcM-AcM,M,4315.619579880516,2
1340,850,uncinate fasciculus of the cerebellum,un,204,204,204,104800,326.0,scp,,5,0.06636,0.06636,47.0,47,MM4,20240610_16_04_11_OP_TRAP_MM4A_Destripe_DONE,AcM-AcM,M,708.2579867389994,2
1341,866,ventral spinocerebellar tract-,vsc,204,204,204,104900,326.0,scp,,5,0.0,0.0,0.0,0,MM4,20240610_16_04_11_OP_TRAP_MM4A_Destripe_DONE,AcM-AcM,M,0.0,2
1342,78,middle cerebellar peduncle,mcp,204,204,204,105000,752.0,cbp,,4,2.5673600000000003,3.0569200000000003,8239.0,12017,MM4,20240610_16_04_11_OP_TRAP_MM4A_Destripe_DONE,AcM-AcM,M,3931.0809573034294,2
1343,2167,transverse fibers of the pons,tfp,204,204,204,105010,78.0,mcp,,5,0.48956,0.48956,3778.0,3778,MM4,20240610_16_04_11_OP_TRAP_MM4A_Destripe_DONE,AcM-AcM,M,7717.133752757578,2
1344,1123,inferior cerebellar peduncle,icp,204,204,204,105100,752.0,cbp,,4,1.11656,1.11656,3968.0,3968,MM4,20240610_16_04_11_OP_TRAP_MM4A_Destripe_DONE,AcM-AcM,M,3553.7723006376727,2
1345,553,dorsal spinocerebellar tract,dsc,204,204,204,105200,1123.0,icp,,5,0.0,0.0,0.0,0,MM4,20240610_16_04_11_OP_TRAP_MM4A_Destripe_DONE,AcM-AcM,M,0.0,2
1346,490,bulbocerebellar tract,bct,204,204,204,105500,1123.0,icp,,5,0.0,0.0,0.0,0,MM4,20240610_16_04_11_OP_TRAP_MM4A_Destripe_DONE,AcM-AcM,M,0.0,2
1347,404,olivocerebellar tract,oc,204,204,204,105600,490.0,bct,,6,0.0,0.0,0.0,0,MM4,20240610_16_04_11_OP_TRAP_MM4A_Destripe_DONE,AcM-AcM,M,0.0,2
1348,2275,cerebellar white matter,cbw,204,204,204,105810,967.0,cm,,3,0.67964,0.67964,591.0,591,MM4,20240610_16_04_11_OP_TRAP_MM4A_Destripe_DONE,AcM-AcM,M,869.5780118886469,2
1349,728,middle cerebellar peduncle- ,mcep,204,204,204,105900,960.0,cbf,,3,5.391120000000001,5.391120000000001,1915.0,1915,MM4,20240610_16_04_11_OP_TRAP_MM4A_Destripe_DONE,AcM-AcM,M,355.2137589220792,2
1350,983,lateral forebrain bundle system,lfbs,204,204,204,106000,1009.0,fiber_tracts,,2,0.0,15.64676,0.0,25763,MM4,20240610_16_04_11_OP_TRAP_MM4A_Destripe_DONE,AcM-AcM,M,1646.5389639772068,2
1351,776,corpus callosum,cc,204,204,204,106100,983.0,lfbs,,3,2.1734400000000003,10.049880000000002,1277.0,16703,MM4,20240610_16_04_11_OP_TRAP_MM4A_Destripe_DONE,AcM-AcM,M,1662.009894645508,2
1352,956,forceps minor of the corpus callosum,fmi,204,204,204,106200,776.0,cc,,4,1.59,7.028840000000001,3518.0,14059,MM4,20240610_16_04_11_OP_TRAP_MM4A_Destripe_DONE,AcM-AcM,M,2000.1877977020388,2
1353,579,external capsule,ec,204,204,204,106300,956.0,fmi,,5,5.438840000000001,5.438840000000001,10541.0,10541,MM4,20240610_16_04_11_OP_TRAP_MM4A_Destripe_DONE,AcM-AcM,M,1938.0970942333288,2
1354,1108,genu of the corpus callosum,gcc,204,204,204,106500,776.0,cc,,4,0.62192,0.62192,1124.0,1124,MM4,20240610_16_04_11_OP_TRAP_MM4A_Destripe_DONE,AcM-AcM,M,1807.3064059686133,2
1355,971,forceps major of the corpus callosum,fmj,204,204,204,106600,776.0,cc,,4,0.16104,0.16104,212.0,212,MM4,20240610_16_04_11_OP_TRAP_MM4A_Destripe_DONE,AcM-AcM,M,1316.4431197218084,2
1356,986,splenium of the corpus callosum,scc,204,204,204,106800,776.0,cc,,4,0.06464,0.06464,31.0,31,MM4,20240610_16_04_11_OP_TRAP_MM4A_Destripe_DONE,AcM-AcM,M,479.57920792079204,2
1357,784,corticospinal tract,cst,204,204,204,106900,983.0,lfbs,,3,0.0,5.39128,0.0,9039,MM4,20240610_16_04_11_OP_TRAP_MM4A_Destripe_DONE,AcM-AcM,M,1676.596281402561,2
1358,6,internal capsule,ic,204,204,204,107000,784.0,cst,,4,2.56328,2.56328,815.0,815,MM4,20240610_16_04_11_OP_TRAP_MM4A_Destripe_DONE,AcM-AcM,M,317.95199900127966,2
1359,924,cerebral peduncle,cp,204,204,204,107100,784.0,cst,,4,2.11824,2.11824,5589.0,5589,MM4,20240610_16_04_11_OP_TRAP_MM4A_Destripe_DONE,AcM-AcM,M,2638.511216859279,2
1360,190,pyramidal tract,py,204,204,204,107600,784.0,cst,,4,0.4406,0.4406,2030.0,2030,MM4,20240610_16_04_11_OP_TRAP_MM4A_Destripe_DONE,AcM-AcM,M,4607.353608715388,2
1361,198,pyramidal decussation,pyx,204,204,204,107700,784.0,cst,,4,0.09428,0.09428,1.0,1,MM4,20240610_16_04_11_OP_TRAP_MM4A_Destripe_DONE,AcM-AcM,M,10.606703436571912,2
1362,2169,longitudinal fasciculus of the pons,lfp,204,204,204,107910,784.0,cst,,4,0.17488,0.17488,604.0,604,MM4,20240610_16_04_11_OP_TRAP_MM4A_Destripe_DONE,AcM-AcM,M,3453.796889295517,2
1363,896,thalamus related,lfbst,204,204,204,108000,983.0,lfbs,,3,0.0,0.2055999999999999,0.0,21,MM4,20240610_16_04_11_OP_TRAP_MM4A_Destripe_DONE,AcM-AcM,M,102.14007782101173,2
1364,1092,External medullary lamina,eml,204,204,204,108100,896.0,lfbst,,4,0.1478,0.1478,20.0,20,MM4,20240610_16_04_11_OP_TRAP_MM4A_Destripe_DONE,AcM-AcM,M,135.31799729364008,2
1365,14,internal medullary lamina,iml,204,204,204,108200,896.0,lfbst,,4,0.0,0.0,0.0,0,MM4,20240610_16_04_11_OP_TRAP_MM4A_Destripe_DONE,AcM-AcM,M,0.0,2
1366,2109,superior thalamic radiation,str,204,204,204,108210,896.0,lfbst,,4,0.0578,0.0578,1.0,1,MM4,20240610_16_04_11_OP_TRAP_MM4A_Destripe_DONE,AcM-AcM,M,17.301038062283737,2
1367,1000,extrapyramidal fiber systems,eps,204,204,204,108500,1009.0,fiber_tracts,,2,0.0,0.72828,0.0,1362,MM4,20240610_16_04_11_OP_TRAP_MM4A_Destripe_DONE,AcM-AcM,M,1870.1598286373371,2
1368,760,cerebral nuclei related,epsc,204,204,204,108600,1000.0,eps,,3,0.0,0.16168,0.0,349,MM4,20240610_16_04_11_OP_TRAP_MM4A_Destripe_DONE,AcM-AcM,M,2158.584858980703,2
1369,102,nigrostriatal bundle,ns,204,204,204,108800,760.0,epsc,,4,0.16168,0.16168,349.0,349,MM4,20240610_16_04_11_OP_TRAP_MM4A_Destripe_DONE,AcM-AcM,M,2158.584858980703,2
1370,877,tectospinal tract,ts,204,204,204,109300,1000.0,eps,,3,0.23752,0.27856,136.0,171,MM4,20240610_16_04_11_OP_TRAP_MM4A_Destripe_DONE,AcM-AcM,M,613.8713383113154,2
1371,1060,dorsal tegmental decussation,dtgx,204,204,204,109500,877.0,ts,,4,0.04104,0.04104,35.0,35,MM4,20240610_16_04_11_OP_TRAP_MM4A_Destripe_DONE,AcM-AcM,M,852.8265107212476,2
1372,863,rubrospinal tract,rs,204,204,204,109700,1000.0,eps,,3,0.19944,0.23152,758.0,836,MM4,20240610_16_04_11_OP_TRAP_MM4A_Destripe_DONE,AcM-AcM,M,3610.9191430545957,2
1373,397,ventral tegmental decussation,vtgx,204,204,204,109800,863.0,rs,,4,0.03208,0.03208,78.0,78,MM4,20240610_16_04_11_OP_TRAP_MM4A_Destripe_DONE,AcM-AcM,M,2431.42144638404,2
1374,941,vestibulomesencephalic tract,veme,204,204,204,110400,1000.0,eps,,3,0.05652,0.05652,6.0,6,MM4,20240610_16_04_11_OP_TRAP_MM4A_Destripe_DONE,AcM-AcM,M,106.15711252653928,2
1375,991,medial forebrain bundle system,mfbs,204,204,204,110500,1009.0,fiber_tracts,,2,0.0,8.2814,0.0,11386,MM4,20240610_16_04_11_OP_TRAP_MM4A_Destripe_DONE,AcM-AcM,M,1374.888303909967,2
1376,768,cerebrum related,mfbc,204,204,204,110600,991.0,mfbs,,3,0.0,7.46432,0.0,9674,MM4,20240610_16_04_11_OP_TRAP_MM4A_Destripe_DONE,AcM-AcM,M,1296.0323244448255,2
1377,908,"anterior commissure, posterior limb",acp,204,204,204,110900,768.0,mfbc,,4,0.31016,0.31016,98.0,98,MM4,20240610_16_04_11_OP_TRAP_MM4A_Destripe_DONE,AcM-AcM,M,315.96595305648697,2
1378,940,cingulum,cg,204,204,204,111000,768.0,mfbc,,4,1.59024,1.59024,3277.0,3277,MM4,20240610_16_04_11_OP_TRAP_MM4A_Destripe_DONE,AcM-AcM,M,2060.6952409699165,2
1379,1099,fornix system,fxs,204,204,204,111100,768.0,mfbc,,4,0.0,4.88152,0.0,5165,MM4,20240610_16_04_11_OP_TRAP_MM4A_Destripe_DONE,AcM-AcM,M,1058.072075910782,2
1380,466,alveus of the hippocampus,alv,204,204,204,111200,1099.0,fxs,,5,1.9146,1.9146,1698.0,1698,MM4,20240610_16_04_11_OP_TRAP_MM4A_Destripe_DONE,AcM-AcM,M,886.8693199623942,2
1381,530,dorsal fornix,df,204,204,204,111300,1099.0,fxs,,5,0.18256,0.18256,165.0,165,MM4,20240610_16_04_11_OP_TRAP_MM4A_Destripe_DONE,AcM-AcM,M,903.8124452234881,2
1382,603,fimbria of the hippocampus,fi,204,204,204,111400,1099.0,fxs,,5,1.35084,1.35084,1902.0,1902,MM4,20240610_16_04_11_OP_TRAP_MM4A_Destripe_DONE,AcM-AcM,M,1408.012792040508,2
1383,737,postcommissural fornix,fxpo,204,204,204,111700,1099.0,fxs,,5,0.0,0.35652,0.0,257,MM4,20240610_16_04_11_OP_TRAP_MM4A_Destripe_DONE,AcM-AcM,M,720.8571749130483,2
1384,436,fornix,f,204,204,204,111900,737.0,fxpo,,6,0.35652,0.35652,257.0,257,MM4,20240610_16_04_11_OP_TRAP_MM4A_Destripe_DONE,AcM-AcM,M,720.8571749130483,2
1385,618,hippocampal commissures,hc,204,204,204,112000,1099.0,fxs,,5,0.0,1.077,0.0,1143,MM4,20240610_16_04_11_OP_TRAP_MM4A_Destripe_DONE,AcM-AcM,M,1061.2813370473539,2
1386,443,dorsal hippocampal commissure,dhc,204,204,204,112100,618.0,hc,,6,0.86292,0.86292,1042.0,1042,MM4,20240610_16_04_11_OP_TRAP_MM4A_Destripe_DONE,AcM-AcM,M,1207.5279284290548,2
1387,449,ventral hippocampal commissure,vhc,204,204,204,112200,618.0,hc,,6,0.21408,0.21408,101.0,101,MM4,20240610_16_04_11_OP_TRAP_MM4A_Destripe_DONE,AcM-AcM,M,471.78624813153965,2
1388,37,longitudinal association bundle,lab,204,204,204,112500,768.0,mfbc,,4,0.0,0.0,0.0,0,MM4,20240610_16_04_11_OP_TRAP_MM4A_Destripe_DONE,AcM-AcM,M,0.0,2
1389,301,stria terminalis,st,204,204,204,112600,768.0,mfbc,,4,0.67932,0.6824,1133.0,1134,MM4,20240610_16_04_11_OP_TRAP_MM4A_Destripe_DONE,AcM-AcM,M,1661.7819460726846,2
1390,2394,commissural stria terminalis,cmst,204,204,204,112610,301.0,st,,5,0.00308,0.00308,1.0,1,MM4,20240610_16_04_11_OP_TRAP_MM4A_Destripe_DONE,AcM-AcM,M,324.6753246753247,2
1391,824,hypothalamus related,mfsbshy,204,204,204,112700,991.0,mfbs,,3,0.0,0.81708,0.0,1712,MM4,20240610_16_04_11_OP_TRAP_MM4A_Destripe_DONE,AcM-AcM,M,2095.266069417927,2
1392,54,medial forebrain bundle,mfb,204,204,204,112800,824.0,mfsbshy,,4,0.0,0.0,0.0,0,MM4,20240610_16_04_11_OP_TRAP_MM4A_Destripe_DONE,AcM-AcM,M,0.0,2
1393,341,retromammillary decussation,rmx,204,204,204,113600,824.0,mfsbshy,,4,0.02068,0.02068,31.0,31,MM4,20240610_16_04_11_OP_TRAP_MM4A_Destripe_DONE,AcM-AcM,M,1499.0328820116054,2
1394,46,mammillary related,mfbsma,204,204,204,114300,824.0,mfsbshy,,4,0.0,0.206,0.0,166,MM4,20240610_16_04_11_OP_TRAP_MM4A_Destripe_DONE,AcM-AcM,M,805.8252427184467,2
1395,753,principal mammillary tract,pm,204,204,204,114400,46.0,mfbsma,,5,0.007,0.007,0.0,0,MM4,20240610_16_04_11_OP_TRAP_MM4A_Destripe_DONE,AcM-AcM,M,0.0,2
1396,690,mammilothalmic tract,mt,204,204,204,114500,46.0,mfbsma,,5,0.18196,0.18196,135.0,135,MM4,20240610_16_04_11_OP_TRAP_MM4A_Destripe_DONE,AcM-AcM,M,741.9213013849197,2
1397,681,mammillotegmental tract,mtg,204,204,204,114600,46.0,mfbsma,,5,0.01512,0.01512,22.0,22,MM4,20240610_16_04_11_OP_TRAP_MM4A_Destripe_DONE,AcM-AcM,M,1455.026455026455,2
1398,673,mammillary peduncle,mp,204,204,204,114700,46.0,mfbsma,,5,0.00192,0.00192,9.0,9,MM4,20240610_16_04_11_OP_TRAP_MM4A_Destripe_DONE,AcM-AcM,M,4687.5,2
1399,1083,epithalamus related,mfbse,204,204,204,115000,824.0,mfsbshy,,4,0.0,0.5904,0.0,1515,MM4,20240610_16_04_11_OP_TRAP_MM4A_Destripe_DONE,AcM-AcM,M,2566.0569105691056,2
1400,802,stria medullaris,sm,204,204,204,115100,1083.0,mfbse,,5,0.33488,0.33488,871.0,871,MM4,20240610_16_04_11_OP_TRAP_MM4A_Destripe_DONE,AcM-AcM,M,2600.9316770186333,2
1401,595,fasciculus retroflexus,fr,204,204,204,115200,1083.0,mfbse,,5,0.20404,0.20404,259.0,259,MM4,20240610_16_04_11_OP_TRAP_MM4A_Destripe_DONE,AcM-AcM,M,1269.358949225642,2
1402,611,habenular commissure,hbc,204,204,204,115300,1083.0,mfbse,,5,0.05148,0.05148,385.0,385,MM4,20240610_16_04_11_OP_TRAP_MM4A_Destripe_DONE,AcM-AcM,M,7478.6324786324785,2
1403,73,ventricular systems,VS,170,170,170,115800,997.0,root,,1,0.0,6.871400000000001,0.0,38528,MM4,20240610_16_04_11_OP_TRAP_MM4A_Destripe_DONE,AcM-AcM,M,5607.008760951188,2
1404,81,lateral ventricle,LV,170,170,170,115900,73.0,VS,,2,3.655920000000001,3.739320000000001,21097.0,21294,MM4,20240610_16_04_11_OP_TRAP_MM4A_Destripe_DONE,AcM-AcM,M,5694.6182728410495,2
1405,98,ependymal and subendymal layer/olfacotry ventricle,E/OV,170,170,170,116100,81.0,LV,,3,0.0834,0.0834,197.0,197,MM4,20240610_16_04_11_OP_TRAP_MM4A_Destripe_DONE,AcM-AcM,M,2362.1103117505995,2
1406,108,choroid plexus,chp,170,170,170,116200,81.0,LV,,3,0.0,0.0,0.0,0,MM4,20240610_16_04_11_OP_TRAP_MM4A_Destripe_DONE,AcM-AcM,M,0.0,2
1407,124,interventricular foramen,IVF,170,170,170,116400,73.0,VS,,2,0.0,0.0,0.0,0,MM4,20240610_16_04_11_OP_TRAP_MM4A_Destripe_DONE,AcM-AcM,M,0.0,2
1408,129,3rd Ventricle,3V,170,170,170,116500,73.0,VS,,2,0.17452,1.09172,543.0,6969,MM4,20240610_16_04_11_OP_TRAP_MM4A_Destripe_DONE,AcM-AcM,M,6383.504928003517,2
1409,2373,dorsal third ventricle,D3V,170,170,170,116510,129.0,3V,,3,0.9172,0.9172,6426.0,6426,MM4,20240610_16_04_11_OP_TRAP_MM4A_Destripe_DONE,AcM-AcM,M,7006.105538595726,2
1410,140,aqueduct,Aq,170,170,170,116600,73.0,VS,,2,0.27188,0.27188,751.0,751,MM4,20240610_16_04_11_OP_TRAP_MM4A_Destripe_DONE,AcM-AcM,M,2762.2480506105635,2
1411,145,4th Ventricle,4V,170,170,170,116700,73.0,VS,,2,0.97168,1.7663600000000002,5432.0,9512,MM4,20240610_16_04_11_OP_TRAP_MM4A_Destripe_DONE,AcM-AcM,M,5385.0857129916885,2
1412,2219,superior medullary velum,SMV,170,170,170,116710,145.0,4V,,3,0.04844,0.04844,282.0,282,MM4,20240610_16_04_11_OP_TRAP_MM4A_Destripe_DONE,AcM-AcM,M,5821.635012386458,2
1413,153,lateral recess of the 4th ventricle,LR4V,170,170,170,116800,145.0,4V,,3,0.74624,0.74624,3798.0,3798,MM4,20240610_16_04_11_OP_TRAP_MM4A_Destripe_DONE,AcM-AcM,M,5089.515437392796,2
1414,164,central canal,CC,170,170,170,116900,73.0,VS,,2,0.00212,0.00212,2.0,2,MM4,20240610_16_04_11_OP_TRAP_MM4A_Destripe_DONE,AcM-AcM,M,943.3962264150944,2
1415,1024,grooves,grv,170,170,170,117000,997.0,root,,1,0.0,0.014,0.0,121,MM4,20240610_16_04_11_OP_TRAP_MM4A_Destripe_DONE,AcM-AcM,M,8642.857142857143,2
1416,1032,grooves of the cerebral cortex,grv_of_CTX,170,170,170,117100,1024.0,grv,,2,0.0,0.0,0.0,0,MM4,20240610_16_04_11_OP_TRAP_MM4A_Destripe_DONE,AcM-AcM,M,0.0,2
1417,1063,hippocampal fissure,hif,170,170,170,117300,1032.0,grv_of_CTX,,3,0.0,0.0,0.0,0,MM4,20240610_16_04_11_OP_TRAP_MM4A_Destripe_DONE,AcM-AcM,M,0.0,2
1418,1071,rhinal fissure,rf,170,170,170,117400,1032.0,grv_of_CTX,,3,0.0,0.0,0.0,0,MM4,20240610_16_04_11_OP_TRAP_MM4A_Destripe_DONE,AcM-AcM,M,0.0,2
1419,1040,grooves of the cerebellar cortex,grv_of_CBX,170,170,170,117600,1024.0,grv,,2,0.0,0.0,0.0,0,MM4,20240610_16_04_11_OP_TRAP_MM4A_Destripe_DONE,AcM-AcM,M,0.0,2
1420,1087,precentral fissure,pcn,170,170,170,117700,1040.0,grv_of_CBX,,3,0.0,0.0,0.0,0,MM4,20240610_16_04_11_OP_TRAP_MM4A_Destripe_DONE,AcM-AcM,M,0.0,2
1421,1095,preculminate,pcuf,170,170,170,117800,1040.0,grv_of_CBX,,3,0.0,0.0,0.0,0,MM4,20240610_16_04_11_OP_TRAP_MM4A_Destripe_DONE,AcM-AcM,M,0.0,2
1422,1103,primary fissure,prf,170,170,170,117900,1040.0,grv_of_CBX,,3,0.0,0.0,0.0,0,MM4,20240610_16_04_11_OP_TRAP_MM4A_Destripe_DONE,AcM-AcM,M,0.0,2
1423,1112,post superior fissure,psf,170,170,170,118000,1040.0,grv_of_CBX,,3,0.0,0.0,0.0,0,MM4,20240610_16_04_11_OP_TRAP_MM4A_Destripe_DONE,AcM-AcM,M,0.0,2
1424,1119,prepyramidal fissure,ppf,170,170,170,118100,1040.0,grv_of_CBX,,3,0.0,0.0,0.0,0,MM4,20240610_16_04_11_OP_TRAP_MM4A_Destripe_DONE,AcM-AcM,M,0.0,2
1425,3,secondary fissure,sf,170,170,170,118200,1040.0,grv_of_CBX,,3,0.0,0.0,0.0,0,MM4,20240610_16_04_11_OP_TRAP_MM4A_Destripe_DONE,AcM-AcM,M,0.0,2
1426,11,posterolateral fissure,plf,170,170,170,118300,1040.0,grv_of_CBX,,3,0.0,0.0,0.0,0,MM4,20240610_16_04_11_OP_TRAP_MM4A_Destripe_DONE,AcM-AcM,M,0.0,2
1427,34,intercrural fissure,icf,170,170,170,118600,1040.0,grv_of_CBX,,3,0.0,0.0,0.0,0,MM4,20240610_16_04_11_OP_TRAP_MM4A_Destripe_DONE,AcM-AcM,M,0.0,2
1428,43,ansoparamedian fissure,apmf,170,170,170,118700,1040.0,grv_of_CBX,,3,0.0,0.0,0.0,0,MM4,20240610_16_04_11_OP_TRAP_MM4A_Destripe_DONE,AcM-AcM,M,0.0,2
1429,65,parafloccular sulcus,pfs,170,170,170,119000,1040.0,grv_of_CBX,,3,0.0,0.0,0.0,0,MM4,20240610_16_04_11_OP_TRAP_MM4A_Destripe_DONE,AcM-AcM,M,0.0,2
1430,624,Interpeduncular fossa,IPF,170,170,170,119100,1024.0,grv,,2,0.014,0.014,121.0,121,MM4,20240610_16_04_11_OP_TRAP_MM4A_Destripe_DONE,AcM-AcM,M,8642.857142857143,2
