z	y	x
459.761946	393.861438	152.25062
305.316615	398.622275	157.771232
439.156868	387.885076	132.390633
444.41598	387.737229	149.751864
452.260144	386.215354	128.480456
334.704819	387.529923	143.994458
336.436062	386.413747	144.113231
336.399935	387.527129	145.85782
336.523743	387.36442	143.155622
338.220793	387.359711	145.023213
339.14993	387.24888	144.154617
338.8418	387.717266	151.32013
339.14993	387.24888	144.154617
339.072141	387.35964	145.955177
341.819378	387.080503	144.252154
342.109274	389.887424	140.473734
342.745715	386.969554	143.382206
345.461254	387.807385	143.426207
345.381764	386.857195	144.381766
347.113823	387.927123	147.090547
349.75272	386.758969	147.235896
349.75272	386.758969	147.235896
351.742818	388.428067	143.596603
352.535008	387.484386	145.477692
352.617792	387.308469	142.776935
352.634565	388.373716	143.627174
352.634565	388.373716	143.627174
353.482059	387.312363	143.708155
353.411508	386.365011	144.659709
354.305024	386.311588	144.688539
357.010367	386.092744	143.873092
356.922565	385.209015	145.720558
357.881906	386.101181	144.797999
357.904168	386.040343	143.899917
359.67155	384.870002	143.103751
360.627966	385.763292	142.18032
417.751125	379.209045	109.560556
426.703061	380.99679	95.564599
427.136626	381.829633	145.057844
445.697179	379.604761	138.593233
446.323543	381.500263	127.496209
449.09618	381.022938	125.899848
450.727582	378.811323	110.997989
450.648553	377.642216	110.222784
452.721642	381.721008	147.466479
451.953094	381.68246	125.141419
451.497934	376.602951	111.164799
465.577906	381.439006	133.24606
470.609146	379.987662	143.923336
477.12311	378.818224	136.344947
511.094298	376.428966	142.517006
511.217292	377.604813	143.330336
210.136496	380.174644	102.102404
293.791181	384.593285	148.807136
303.864289	383.756384	147.149518
304.753828	385.703644	158.32564
334.058374	383.108184	153.197241
337.293587	380.254956	158.799323
337.959807	383.459882	147.043732
339.872211	385.295598	146.097898
340.883372	386.131899	144.274425
341.681989	384.068495	144.418473
342.618225	385.015435	144.394548
343.1952	384.429379	151.648238
343.603222	379.925163	159.927707
345.022641	384.258852	150.821356
350.484559	379.385713	143.152283
352.372004	382.341305	143.944295
352.512482	384.233027	142.031714
355.205304	385.133485	142.968988
355.866454	380.121538	144.164784
355.97679	380.943869	141.405872
363.176506	383.788014	145.039986
364.012592	381.668764	144.266225
364.012592	381.668764	144.266225
363.983513	381.796596	146.056373
364.810993	379.744852	146.178332
364.882935	381.748393	146.074679
360.70607	381.91665	231.442175
365.771511	380.569368	144.354685
366.694163	381.588432	145.215451
366.588989	378.583592	145.369076
367.523604	379.537544	145.332811
367.558186	380.539071	145.281957
367.547962	380.604132	146.174929
367.534004	379.472311	144.438935
368.334897	377.687389	148.127992
369.284371	378.509111	146.304437
369.259827	377.442712	145.463122
369.259827	377.442712	145.463122
370.201701	380.236491	236.983662
378.566976	378.874335	216.184396
382.353199	378.564969	214.334882
384.790316	380.224726	153.338934
380.052873	383.528903	239.723281
383.519973	384.867995	232.454413
383.519884	384.349462	241.587174
394.085684	373.671374	108.067277
399.429704	377.892996	113.230753
399.572578	380.905645	113.138545
402.195844	380.93218	114.892832
396.441048	379.052742	244.073015
402.148487	379.926947	114.922702
409.985395	379.628537	126.273851
409.865996	375.164721	132.413987
411.845677	380.505159	126.248128
417.080953	370.213991	92.115681
417.336043	377.777811	134.033762
440.274103	364.635222	29.194507
442.563659	379.160278	130.822143
444.613691	372.432286	137.728948
452.322128	377.658779	168.239072
451.189147	372.259625	110.580167
452.304042	374.75192	113.79284
454.829451	373.728391	154.399413
455.63268	376.553553	151.028139
455.988203	377.516145	170.30189
455.889317	374.278008	136.414212
459.243224	374.978915	147.746855
462.065099	369.730962	129.116943
464.125091	371.923036	154.083034
466.890209	374.64667	151.638147
469.816775	372.156829	128.467057
470.53688	375.976212	145.690393
471.706531	371.91186	127.701259
473.666648	371.880378	128.613841
473.969191	376.373643	131.064441
475.353053	367.439721	127.965057
485.374694	373.397405	130.857606
497.345878	370.764827	153.157835
497.429227	373.619218	161.753565
512.797228	371.150044	164.561262
165.695342	376.487911	130.271687
177.350473	374.350233	119.579806
182.950566	382.174403	230.919215
199.01495	376.954379	131.010374
199.32891	374.798294	128.590914
203.518452	374.36704	103.591491
205.371628	375.34057	103.451624
207.29112	375.252543	102.53332
202.585235	374.747639	137.143384
202.021765	379.514516	146.967309
211.763345	375.759371	127.003471
219.027569	376.194725	128.961016
216.365389	376.196773	145.814
222.798634	376.320219	121.105854
226.680476	373.241817	91.877374
227.624102	374.232687	91.81763
224.351824	378.688057	124.57392
223.257725	376.763633	139.491602
246.062279	376.509023	111.042321
246.287141	375.202042	108.418643
245.824799	375.152648	122.959109
252.766613	373.996377	90.699331
259.343803	378.864687	97.639228
247.045193	381.646801	257.616415
254.338772	382.451923	255.209297
255.276268	381.408481	254.316481
255.159988	383.453372	256.194824
255.218337	382.429697	255.257081
268.408986	374.842939	105.156317
256.281495	385.386277	253.470459
256.238935	382.374045	253.445393
257.009056	384.391367	255.373346
258.640911	381.353136	256.366394
258.770633	384.339764	255.472759
274.238811	376.319602	109.447014
274.075954	374.3693	119.575236
276.046336	377.296923	109.320554
263.953738	383.194978	256.688787
278.023617	375.728598	124.81735
277.896585	374.838427	125.789028
279.849183	377.048433	106.468202
278.156452	374.597739	123.093578
283.427639	375.999388	105.47033
283.462906	376.981326	105.397709
279.112898	376.736054	147.670038
279.262482	377.601854	146.749261
272.453349	384.637889	249.740465
283.699097	376.239395	121.020588
274.162362	381.539273	248.883796
281.357882	380.022689	152.529518
283.471884	377.801226	141.497758
283.003242	378.221014	145.817139
283.379167	379.893233	143.09294
282.955201	379.273883	146.604941
283.517903	378.765927	141.426989
286.421539	376.096954	120.041736
284.229398	378.868876	143.159192
288.175409	374.032342	119.228078
286.875807	379.735898	143.947222
288.932076	375.106797	120.959728
287.684253	379.755805	144.810152
288.493997	379.775748	145.672038
291.724092	374.906012	119.052242
289.487867	381.650995	145.538831
282.093236	381.076465	249.342833
291.387731	376.384066	142.402799
292.065332	375.502904	144.211176
291.469406	378.102057	150.941456
293.708578	377.540849	146.6702
289.996514	380.201289	236.857045
297.326406	379.303806	147.413568
301.226823	375.726001	142.395622
300.469525	376.436853	151.073103
301.91373	378.764745	156.08771
305.515087	377.61898	145.79793
310.101025	373.573917	129.879522
310.631337	377.501203	149.36441
311.993233	376.816921	154.655066
316.222009	376.242954	132.447963
325.062788	375.317316	147.163783
338.561621	379.576505	149.991056
338.072739	377.189089	159.01194
341.258122	372.040084	122.076567
341.208562	371.973419	143.344512
344.70326	372.958912	147.001542
345.573692	373.825397	125.860967
346.522857	372.643478	123.172389
347.766368	376.38633	140.522947
348.242843	372.855506	148.909369
351.707595	370.213761	123.525011
357.274309	374.58926	152.608282
361.130754	375.68102	142.727651
358.155924	376.173569	235.216888
362.842888	373.645422	143.776957
363.710251	372.597155	143.849947
360.379569	372.567041	229.969595
365.544939	373.499308	143.827522
365.622392	375.433254	142.822524
365.513118	372.500173	143.881973
366.42393	374.849533	149.157119
366.425351	372.385756	142.998773
366.446235	373.451461	143.842601
366.425351	372.385756	142.998773
366.456834	373.38515	142.945074
367.909935	375.909941	122.106113
367.287168	371.405993	143.964436
368.289299	374.289756	142.921201
369.129885	372.243417	143.03895
369.093635	371.31197	143.988425
369.159556	373.242889	142.986588
369.10085	371.244264	143.091688
370.003521	371.197427	143.102856
370.388298	373.954305	125.877848
369.969755	370.266738	144.052105
370.155549	377.462839	146.367588
370.149798	377.529129	147.259301
370.406786	371.699051	122.387281
371.331643	374.835892	124.977383
371.033755	376.350553	145.537442
371.064114	377.350569	145.486558
370.970831	374.418854	146.533558
371.873243	374.440527	147.434027
371.871025	374.507685	148.325297
371.846206	373.442073	147.486703
371.936793	376.304829	145.547422
371.907732	375.305188	145.598358
371.848692	373.374517	146.594422
372.992605	372.842075	126.902235
372.678338	370.539018	149.437445
366.735052	375.550477	250.691434
373.612979	371.490872	149.38711
373.687093	374.282401	146.556566
370.059736	375.65185	227.234186
374.004005	375.730538	125.922723
373.660544	373.35128	147.499253
374.498706	370.380073	148.552533
374.687821	370.79249	127.926338
375.474133	373.192999	146.617625
375.406428	370.266296	147.663122
375.42884	371.264221	147.610974
375.472871	373.057107	144.835994
376.33486	371.150557	146.722086
376.483383	371.758357	128.820217
377.915975	368.603049	87.552505
376.453502	370.755248	128.860214
377.21811	370.037939	145.882997
378.252274	371.726287	129.747309
374.379434	375.728044	238.10846
381.316401	377.614503	215.300976
382.677817	375.547936	209.799408
383.989721	374.528755	205.17701
386.817884	369.396255	86.354312
386.328548	370.887176	125.519472
384.001259	375.874446	251.138742
391.751303	373.682535	126.377472
389.297546	373.18732	250.549365
392.222448	373.601891	247.883233
392.104442	374.97348	250.58092
395.906146	374.171868	247.085442
406.163878	371.53197	134.234495
400.623229	376.765038	246.207282
403.208535	377.918066	249.01401
403.692587	372.756708	250.273085
404.029067	373.214829	245.613849
404.160663	374.156136	244.633462
403.77559	371.355656	247.572939
405.052017	374.079149	244.670629
411.59586	369.564216	128.202802
405.666973	370.972749	245.807469
405.601159	373.519893	249.372079
405.830303	374.214723	246.55122
405.540724	370.042839	246.788736
406.521107	374.612866	250.263129
412.661675	373.22962	135.851049
413.906491	369.762002	145.239018
407.49213	375.586491	250.23286
408.140297	371.212066	249.606635
410.053465	371.988834	248.691208
413.402654	369.868748	250.77914
429.810212	371.214348	142.514572
432.810353	369.046429	145.043478
432.875279	368.068498	145.876418
434.512675	367.638058	141.709123
435.40651	367.488096	140.883408
439.988119	362.605389	30.070069
436.369288	371.544528	141.741535
436.284658	369.379605	140.056362
439.194076	368.969017	156.873362
439.009806	371.01608	138.424683
442.769796	370.639317	138.52472
448.893122	367.165738	131.204604
449.904341	366.272074	105.07638
452.412922	370.070282	143.114086
460.515173	360.67677	123.642163
467.019077	367.893727	159.464857
465.279247	360.26923	123.77747
467.872063	370.666881	155.170536
468.389814	366.618674	143.880008
469.469878	366.831307	147.402738
472.26541	365.216277	125.434671
472.97568	364.973229	141.530373
473.181362	363.16724	126.346895
474.185111	365.077541	125.501191
480.762325	367.712011	171.728236
488.169292	358.779814	126.345141
492.18153	361.961207	129.110456
496.823694	362.124517	165.138814
509.87353	359.644864	146.308116
510.935182	362.264433	181.171768
145.574571	372.181041	177.691413
153.377622	370.548198	150.293956
162.101916	375.007217	135.766403
164.015741	370.388607	128.092829
165.875979	374.371211	128.640429
165.75517	374.440544	129.50989
166.910863	370.255573	127.089521
170.04175	368.500742	130.49923
170.660611	368.133076	126.190656
179.6088	374.536122	146.893951
185.815485	368.405843	111.361339
186.681849	369.448458	112.112945
187.58705	368.440645	112.185446
185.776971	369.686864	124.812749
181.371248	372.704208	158.855049
189.501659	366.348314	111.494614
187.727585	368.608381	124.018926
190.603369	371.243592	111.049505
190.525454	372.310615	111.808872
186.454473	374.244418	144.055871
187.026337	369.038961	139.235873
185.929892	372.55597	146.700885
190.351324	374.076161	120.165375
187.406221	372.881031	161.023935
194.169163	369.592717	124.72563
191.172708	374.692781	148.962057
194.290571	374.537382	136.25851
199.591728	367.568851	105.209685
193.500648	370.551647	144.912219
199.750344	369.601499	124.716476
199.934547	373.424568	124.414281
199.603603	370.379603	152.234009
202.226053	371.054747	138.209249
204.62336	374.08631	130.415172
206.110405	373.055475	138.162815
205.647592	375.270142	141.376866
202.389175	374.85945	159.370234
207.243335	376.474232	153.615926
209.016524	370.795614	142.543088
207.850419	371.740539	153.733323
212.597936	368.986346	125.793213
209.606864	374.40821	150.496122
213.394762	370.638087	139.390424
212.889523	371.914689	142.613326
214.291766	374.611395	140.856956
216.571517	373.807609	125.531428
215.297935	375.59862	140.842921
217.213058	368.189605	125.981631
218.806072	369.513908	128.563987
218.579017	369.726256	130.284278
222.909874	369.277368	92.172554
216.429738	371.803091	149.22411
220.645656	371.522634	136.290666
223.784823	372.277217	110.631253
221.130248	369.12255	132.176519
221.404353	372.710291	137.95439
220.478719	373.357245	143.716588
222.409546	368.833394	129.638501
224.368055	367.751134	120.922597
225.5858	373.536743	128.553277
228.949672	367.692582	95.842749
225.598612	369.546276	127.077297
226.234936	369.928107	129.732009
221.961819	376.620912	224.756686
230.150486	370.901026	128.958826
231.916419	369.866889	121.036351
232.384561	371.727327	134.304932
231.522414	370.636655	140.37139
233.197007	369.689166	126.507112
232.826407	370.179494	130.025554
234.084137	368.768304	126.613585
235.591773	369.321071	130.214437
235.283413	375.722978	135.043835
238.588426	371.813078	120.242155
238.122795	371.792761	133.700814
240.734646	370.079141	134.816938
243.713302	368.435127	123.399826
235.779882	375.690017	254.398436
246.472485	370.492436	124.234936
238.993386	374.696933	258.143161
251.045447	369.139708	114.484115
240.533038	376.607322	250.834361
240.759165	376.700691	258.224548
241.467975	376.732101	260.084046
241.729268	377.682658	257.351229
242.26381	376.74359	261.030223
252.433545	371.071588	128.831792
242.351817	375.705037	260.104922
243.021525	377.601838	252.775238
243.413491	376.660645	258.325426
258.429464	369.965522	113.656384
247.268139	377.554448	254.801767
259.25778	368.012767	113.816332
248.288151	374.492188	252.944459
248.154482	379.560369	254.865109
259.306038	366.921976	112.997135
248.4706	379.679938	261.352706
261.235566	367.772222	112.04624
261.08587	371.032665	114.504494
249.456975	381.659892	260.506378
249.774539	381.57678	256.822734
250.411656	378.468395	248.415691
249.474979	375.582184	259.496083
250.80757	381.526631	255.014513
261.604235	370.618738	127.15354
251.059138	375.442415	251.216878
252.641069	381.472977	254.176075
252.567987	381.487416	255.105098
252.639684	374.422773	253.140503
252.610767	378.453668	254.137605
252.535924	378.467357	255.065701
252.493726	381.50351	256.032576
253.447257	381.46706	255.151369
253.144835	381.54333	258.851416
253.508841	380.446109	254.210353
253.520012	381.45207	254.222277
254.676535	375.36138	249.51992
265.258938	372.440315	127.016384
256.033035	378.39202	255.248363
256.081898	381.402635	255.293434
266.957545	370.448947	127.155819
267.713167	369.552251	128.111989
268.555102	370.586618	128.925156
268.419122	369.719267	129.88296
258.723683	378.310389	254.462643
269.489914	369.48814	128.10274
271.433273	367.312296	108.396126
259.666268	378.26953	253.58178
260.604741	381.242201	253.679786
270.512139	370.328005	127.135571
270.99986	368.781561	121.850606
272.505254	367.113081	106.573005
270.991044	372.855597	123.347764
270.686426	372.169422	126.099873
271.30899	370.391095	128.018434
262.14683	375.152594	241.481182
260.697016	376.204929	250.798696
271.035389	368.645077	129.937403
273.338097	368.197967	107.372129
271.264425	369.423056	128.089827
271.218076	370.485106	128.907709
271.126514	370.579193	129.795834
268.791032	370.829768	149.006218
271.442532	371.265385	127.055948
271.352462	371.358773	127.946414
272.502082	373.079913	126.00925
269.684133	370.766979	149.008115
261.847635	378.33271	259.277072
272.239284	371.326188	127.938381
269.736076	371.724274	148.938989
262.184257	377.213901	254.636929
273.744234	370.660533	121.669329
262.416259	378.156002	251.868572
262.839723	377.257814	257.460573
272.94393	371.47382	129.708949
272.715409	368.664486	130.810819
270.568746	372.723173	149.709324
273.393626	371.022651	125.252152
273.785565	370.470442	129.772606
270.681406	372.618473	148.870606
264.991648	379.020404	238.89335
271.687033	372.452065	148.029017
264.078733	380.127387	253.864673
273.922326	369.32346	128.06437
264.239649	374.074771	249.090796
265.164164	376.026914	249.185575
263.98876	375.428883	263.913664
274.671135	370.433633	129.763548
264.932244	377.087935	252.928597
276.178775	371.821503	124.245713
272.803236	370.170326	145.622657
273.589425	370.207706	146.472804
273.316027	371.469398	148.941748
276.261445	373.76228	124.09758
273.373127	370.408819	148.168131
273.692189	372.125234	146.332642
273.373127	370.408819	148.168131
273.801571	370.01094	144.766238
274.796017	371.869135	144.623033
274.372981	372.261565	148.027612
274.84907	370.814226	143.835811
274.589237	370.046975	145.618832
274.640871	371.006318	145.548764
274.372981	372.261565	148.027612
277.145784	373.735003	124.082922
274.268658	370.344443	148.167527
266.760143	375.291777	262.229029
277.143684	370.488002	131.512102
275.893609	371.621226	142.900917
275.534692	370.944383	145.546359
275.481257	372.000262	146.32887
278.16273	370.546946	121.58972
275.689277	371.808389	144.620108
275.37121	374.114368	147.885832
275.689277	371.808389	144.620108
275.63605	372.862921	145.405016
275.481257	372.000262	146.32887
275.481257	372.000262	146.32887
275.269369	372.197284	148.026602
276.682555	373.666777	144.474798
278.912833	373.679363	124.051554
276.63309	372.707076	144.545993
276.480135	371.841692	145.473157
279.881503	373.573251	123.133725
277.42298	374.752487	146.111924
278.59085	369.683673	134.223963
277.320191	374.847962	146.963795
278.420561	374.596687	145.254438
278.569228	375.465653	144.325512
269.531362	377.164104	261.504244
279.166368	373.666575	146.17771
281.730001	373.443753	122.192843
279.365586	375.495143	145.180485
270.611594	375.007962	257.834824
270.523859	380.119589	261.614669
280.362684	369.590953	134.206006
279.365221	371.472937	143.746591
270.818367	374.915123	255.074592
281.602516	372.546545	123.171864
279.413123	370.423454	142.955132
279.36172	369.462376	143.026024
279.464586	375.404851	144.322079
280.357046	371.324631	142.879429
280.457518	375.256092	143.457148
280.057116	369.579451	144.744836
280.360181	375.343827	144.318582
281.250434	371.264644	142.87485
272.451299	373.880317	256.062613
282.186922	372.469097	134.853727
284.874665	366.094028	105.217177
281.050336	369.428679	143.880583
272.94891	374.675778	249.629403
282.289546	372.082531	141.932062
282.144017	371.204448	142.870252
273.159982	380.019335	261.745767
282.83914	369.304921	143.872713
273.848722	373.982509	260.728724
283.138446	373.067677	142.722533
282.99358	372.189496	143.658831
283.088403	372.105807	142.794106
275.625098	377.387874	235.879802
283.939016	373.089868	143.583399
283.690793	370.288961	144.659849
286.254817	374.214166	121.10325
284.363053	375.736993	140.764147
274.858293	376.925175	260.854207
284.876605	371.984899	142.785012
284.482312	376.200695	155.311441
285.523813	369.117564	143.861427
277.560786	376.768857	260.070939
286.523031	370.979789	143.714671
288.837716	371.144215	120.347421
286.533748	372.985673	144.43635
290.23474	369.963814	133.131447
289.324739	374.724557	144.286743
293.880603	371.362336	94.99636
291.590648	371.976368	119.280105
292.373716	369.995097	119.41063
291.880274	368.340881	124.153323
283.498071	379.766162	240.155128
293.917069	369.072276	121.28557
290.989956	374.515235	153.736223
294.853782	372.022115	121.951164
295.435921	370.612132	114.622425
291.86253	376.438643	162.902258
296.227434	370.641142	115.525531
297.403639	371.966772	122.814188
297.754291	372.746501	119.037708
295.927609	374.630582	158.832391
298.514339	368.747454	118.40397
295.981021	375.605016	158.770659
296.844112	368.564054	147.30818
296.762277	368.638773	148.168403
299.06532	366.903853	121.330267
297.953505	372.369184	147.026504
298.905676	370.222781	145.440187
301.398501	369.486802	115.457301
299.252923	370.673773	151.467108
302.292913	368.42583	114.580236
299.039961	370.760347	162.515242
299.344941	371.46391	159.928378
301.438226	369.502996	136.619698
300.340715	369.398309	148.980074
302.367553	368.882897	124.804043
302.653053	368.704032	121.100838
304.279694	367.682418	122.084774
302.879825	373.355735	162.411238
303.478283	373.232104	135.417457
306.18239	366.486088	119.348912
304.111677	367.93872	146.491429
306.11374	366.527557	120.282883
304.428741	369.700064	143.720817
303.701621	370.380479	152.377488
307.565434	368.172908	113.524038
305.831007	371.965514	149.69003
308.204852	369.272054	117.195114
309.091827	368.206222	116.32653
308.841297	367.334597	119.230797
309.432743	368.458174	123.807514
306.297658	371.205704	164.335725
310.052697	372.593592	129.955025
310.065906	367.538028	126.666724
311.179593	368.354247	123.799571
310.723635	369.637312	131.103923
311.072142	373.786425	153.102441
312.275999	366.619979	132.263125
312.342184	369.217636	145.573175
311.561941	371.055469	156.756564
314.553595	373.261184	128.972666
314.013346	368.539762	133.940088
314.327491	373.008032	145.318386
315.061974	371.03486	146.359451
336.592376	366.420811	122.336972
338.298951	366.307727	123.332369
340.059955	367.113136	144.552956
339.483572	368.117947	160.53761
341.103629	364.70734	138.37245
341.163988	370.977952	143.410044
342.872716	366.719799	141.017675
341.991517	371.026472	145.243366
342.708259	369.144104	148.098603
343.611626	366.928153	145.565997
345.659784	364.432473	115.218979
345.238872	363.730407	123.723794
346.667388	365.296295	113.306961
346.387886	368.745033	145.516318
346.415131	370.852684	147.186179
350.350466	362.407208	90.575988
347.751099	367.521774	159.063987
345.906897	367.961251	198.035524
348.130504	364.421473	142.217433
348.962155	364.285214	120.062506
348.698585	368.771925	130.927993
346.983664	367.870724	196.254575
350.093846	369.174186	118.860116
349.034298	368.693491	147.395617
350.179092	367.00887	137.526872
351.612559	364.486399	146.828294
351.815479	370.524581	147.346513
349.594206	366.68318	199.098279
354.063572	363.919878	87.881139
350.911238	366.570005	193.707389
354.671459	368.619499	114.442165
352.607109	367.510338	197.29848
353.553823	367.452359	197.317222
353.532893	368.481082	198.171483
355.655918	365.311485	132.263703
355.14879	364.586664	151.397616
353.673429	367.439943	195.51107
356.244811	370.581882	151.936087
354.637416	366.357203	194.682097
357.153243	370.532909	151.95705
358.745007	367.559344	122.107287
359.714929	365.263428	117.661337
359.580618	364.394213	120.469206
357.21264	367.232731	199.192821
357.375596	368.24979	197.327973
359.394681	363.632666	125.10812
359.702967	366.720468	156.706249
359.14113	368.142069	199.166604
361.409535	364.157143	118.717169
361.787369	366.383807	139.642666
361.048016	367.013926	198.327673
362.088891	367.980458	197.377912
364.611029	366.838745	134.209676
358.845489	369.451305	242.610427
363.990308	366.85985	196.535762
359.348536	368.687507	246.24181
364.869506	366.805022	197.444134
364.768462	365.784726	198.401639
364.768462	365.784726	198.401639
366.561204	365.113733	125.254289
361.5289	371.797651	236.286006
367.530899	361.648897	119.098109
365.768817	365.736912	197.498539
368.169375	370.292603	143.133195
369.031727	369.383246	144.992791
369.982354	370.130328	142.258402
368.448796	365.565183	199.31454
370.797363	367.225598	144.221001
363.877615	368.195669	256.284372
370.88731	361.934194	127.328602
371.757358	369.106693	143.226116
371.704265	367.179167	144.227868
371.72861	368.17731	144.17485
371.247075	365.400199	199.307406
373.682954	369.114541	131.556578
373.565224	369.083629	144.135001
373.508264	366.642793	151.446922
373.491704	365.714498	152.396388
374.539626	363.571372	125.542342
374.47117	369.107135	145.033987
375.275656	364.070143	145.296025
375.387935	369.337054	148.607552
375.350959	367.411162	149.607313
376.259843	367.296501	148.714192
377.201379	369.108383	146.824969
377.186451	368.179241	147.76814
377.211466	369.245504	148.607241
377.197295	369.039375	145.933349
377.151288	365.39355	150.604789
371.181703	370.844689	249.11902
377.186451	368.179241	147.76814
377.179605	367.319095	149.604293
377.117972	363.399618	150.715092
377.26672	368.840029	130.736235
378.112078	368.270028	149.548045
378.984365	361.136317	123.959061
378.928933	363.096849	148.021552
379.000517	367.157648	148.70559
378.946463	363.236218	149.809207
379.883363	365.115084	148.803654
379.868728	364.117189	148.855729
380.761542	363.001766	148.006364
374.678358	367.346822	248.415111
380.812557	367.710629	131.720481
380.816878	367.856211	145.974883
380.812154	363.026949	123.92775
380.785295	364.069505	148.847525
380.761542	363.001766	148.006364
381.6721	365.581052	130.925025
382.695068	363.530201	119.552535
382.52654	363.675408	132.780265
378.046966	369.53069	242.955491
384.515105	366.578425	121.250523
382.15672	365.61976	201.897552
384.34203	364.580812	132.754238
378.075604	372.791207	254.728461
383.649149	370.43196	207.203381
388.981346	370.372732	252.511212
396.080804	364.009323	133.633868
396.076593	363.001601	133.662827
408.953735	362.379537	136.09474
409.797248	362.013274	132.668248
409.809611	363.101814	133.50105
405.642065	368.684217	244.070846
404.826385	365.915237	254.422989
416.350556	364.748238	135.0758
416.371074	365.83231	135.909053
419.818315	364.36428	148.519844
421.398527	365.954623	143.433096
424.565805	364.456064	129.055527
426.990078	360.123696	140.054162
429.223358	361.300181	145.866582
428.291802	364.084818	129.066562
432.939082	361.901157	145.031601
447.488558	353.239724	99.642619
452.861899	350.898505	103.556309
461.1324	354.896744	120.656708
462.083465	354.81327	120.678561
463.975029	353.624053	120.73716
463.935977	354.518402	119.92768
465.807129	363.180718	149.789288
466.41425	360.483316	142.951494
466.50205	356.49746	144.674513
468.029128	354.862382	123.971178
467.890236	355.512444	121.554821
470.32842	362.531431	146.588679
470.275534	360.384593	145.72751
470.033233	358.85504	123.927647
471.431945	356.86081	111.877275
472.982473	357.928049	144.163621
478.078655	362.120961	163.577683
479.474394	352.146267	125.952821
482.53236	359.211161	126.001119
482.164529	351.501329	122.71866
491.692128	354.345242	117.093065
494.261598	356.440565	175.36902
512.497479	360.073005	182.786077
536.639165	357.475643	165.372903
539.051261	355.354622	167.819203
133.236814	370.78673	156.245271
136.197628	368.900877	148.608567
136.56424	369.875677	158.67012
154.470516	362.6971	129.878451
161.200618	365.42736	127.63783
162.027673	360.417409	126.973519
167.800893	366.226462	126.419916
169.558892	364.232833	126.466798
173.502493	364.011413	124.63354
173.380741	364.089354	125.489235
176.360905	362.906029	123.780149
173.671254	363.49158	140.905469
174.48218	366.510272	142.409564
174.707694	361.935362	145.195211
175.721988	367.307636	140.596502
183.339325	361.481449	120.390765
179.389939	363.806213	144.875332
183.155016	360.603149	121.299918
186.908016	365.554038	122.579781
185.792711	365.760614	145.361143
189.753745	361.48867	121.196941
193.455032	358.000297	107.930224
189.085995	362.567921	141.271418
191.259108	366.299673	150.9836
192.846285	365.520972	141.868467
192.53146	367.121489	149.254432
190.776506	371.641914	221.152453
190.782828	371.602681	220.24448
200.861613	365.522323	122.503813
192.671665	370.623884	221.134585
192.64446	369.737557	223.898967
199.075649	367.772908	144.197102
195.524459	369.627323	222.004049
196.479129	369.648913	222.896047
199.483457	364.580282	150.854833
198.400172	371.621662	222.78158
208.09408	364.793387	123.459574
205.065688	363.909752	141.208303
203.773584	365.474349	148.397656
208.784994	363.02368	124.477657
211.079969	365.495729	128.627761
212.84734	364.805454	122.651984
211.050067	362.020809	139.019937
209.606714	369.92058	153.796369
216.583265	363.805813	128.915227
214.985876	368.007348	140.454096
214.99668	366.043457	139.747263
215.818396	364.211329	139.897262
215.427428	368.852874	148.520322
219.14077	369.620909	144.667182
221.348894	364.921485	129.006619
221.895097	365.249579	138.463651
221.415542	367.585837	151.998258
223.352231	363.362204	146.052362
224.955658	368.217895	138.444164
224.891329	369.260718	139.219837
224.318783	365.390658	146.810293
227.641112	365.522803	131.869959
229.803177	368.309907	130.901081
230.043864	367.001443	128.350149
229.891202	366.176126	129.289281
227.914942	367.116347	143.707089
231.975809	368.010292	128.36407
230.913261	368.265531	137.068594
231.536665	367.554282	131.919635
231.232794	367.915711	134.508536
232.907735	366.208716	135.578343
232.803165	366.327875	136.43254
232.822147	363.230345	134.890539
227.648154	368.74395	256.077503
228.466495	367.742891	256.979775
228.64655	368.699911	255.187335
228.230145	369.830795	258.774048
229.373989	372.774899	256.093875
238.25016	363.400804	128.950438
237.632518	363.219934	134.244686
229.811277	370.873999	260.598303
231.139331	368.707064	257.011036
240.592299	366.873125	126.113597
232.847422	368.531275	248.873293
231.376246	371.680302	254.310923
231.237699	368.680844	256.111432
241.347266	367.143521	127.919671
232.018947	369.705547	257.028387
231.718625	369.792387	259.726942
232.179688	371.6881	255.229068
232.22595	368.643789	255.220355
232.486637	369.598611	252.507909
234.128929	372.64285	253.442387
233.659654	373.764029	257.988753
233.291724	370.838368	261.570627
234.175084	369.595622	253.434481
233.603461	369.731833	258.8614
244.203294	367.034094	127.124603
234.397896	368.736341	259.768646
235.35158	367.521439	250.708595
235.163593	368.558224	252.532339
235.237579	369.557846	251.62488
234.773575	370.656531	256.175761
235.566367	370.666957	257.09979
236.289515	369.531399	249.806741
235.17891	369.763705	260.701226
235.945792	369.577358	253.458861
236.206368	369.540026	250.721714
235.27986	369.733318	259.800393
234.971086	370.841447	262.513842
237.603007	371.601482	254.416873
237.987323	367.506177	250.733102
238.061538	368.509134	249.822849
236.849422	369.768463	261.646782
236.747701	370.811895	262.563287
238.311847	370.613311	256.250968
238.801202	373.577871	250.778474
238.018999	373.718425	259.014804
237.733514	369.755542	261.671299
239.25098	368.497637	246.152978
239.324241	368.500567	245.229721
238.917585	370.528287	249.844482
238.676071	369.540979	252.590026
248.083045	362.843701	131.973972
237.732981	373.801442	261.733886
238.620983	373.787154	261.763313
248.257932	362.580613	130.212309
238.520889	371.794984	262.634533
238.616163	369.743201	261.696849
238.520889	371.794984	262.634533
239.282262	367.785026	263.481486
239.405528	371.781787	262.663709
242.909068	372.549391	243.428776
241.176677	372.766694	262.744627
252.578633	364.66161	124.788344
251.388259	362.187926	134.739497
243.213423	369.493765	250.846427
244.393153	369.484257	247.169164
254.318666	366.81577	126.466941
253.348187	362.979101	133.842722
253.407076	363.947993	133.786872
255.35471	364.734518	132.876168
254.963769	363.169034	135.622178
256.10561	363.858861	133.825204
256.170136	361.67021	132.177803
248.189117	373.51716	242.645033
248.170802	369.471702	253.777697
249.046794	370.466513	253.832299
258.332645	366.335884	131.018343
248.503984	368.557965	259.290272
259.415386	368.120072	130.010558
259.902275	361.236292	122.407565
249.476321	369.530772	258.439971
250.308084	371.43079	249.25265
250.747392	368.443372	253.857226
251.625361	369.434293	253.917866
251.996914	368.402407	249.266892
261.563593	363.527396	132.990995
261.469559	363.642341	133.87084
252.504546	370.424098	253.980185
252.469107	368.42404	253.930197
253.269107	369.425067	254.917349
262.36025	363.602634	133.874884
253.744478	370.375348	249.383038
253.597625	370.384486	251.241027
262.916084	362.922479	128.577211
262.849517	367.137669	130.978513
253.829919	371.373315	248.472198
253.504741	369.392311	252.144791
262.707537	366.282087	131.926992
254.028243	368.430143	255.850378
254.229961	370.39934	254.060107
264.904784	366.743057	128.323677
264.329071	363.300236	132.118489
256.136118	373.391956	240.172699
255.603138	370.339849	247.602107
255.244501	370.363624	252.249708
255.481471	371.342066	249.485678
264.025128	361.579446	133.997052
265.660405	367.891117	130.028788
262.94181	364.592264	150.262278
255.930927	369.374098	254.116177
266.549613	367.856053	130.027361
257.375876	373.292087	247.749442
255.852972	369.388308	255.039392
255.773892	369.404257	255.961246
266.457163	367.960104	130.912546
257.309225	373.295142	248.682838
256.918009	368.339571	252.280971
256.635191	369.391024	256.003475
256.393534	369.450562	258.760159
256.687959	368.378261	255.051956
263.831294	364.532173	150.271889
263.831294	364.532173	150.271889
258.243254	370.279404	246.799696
257.650894	369.344516	254.201263
257.468836	368.381175	256.015362
267.345619	367.923148	130.910382
258.558318	368.319305	253.291243
267.530236	367.718364	129.138505
264.89859	365.324633	149.384253
264.893864	367.353012	150.092146
265.664866	367.399033	150.93035
258.876387	372.267299	250.61569
268.413086	365.644567	128.382749
266.133654	364.939976	146.864658
258.632687	368.306803	252.366528
258.612143	370.309321	253.348666
266.620156	364.23856	149.458828
266.618461	366.269168	150.168792
258.058549	367.434035	258.777978
258.870236	368.439662	259.77096
266.674927	367.229001	150.104009
266.678518	365.200643	149.396368
260.067745	372.219024	246.001759
259.54556	370.27714	252.467319
268.13367	364.606936	145.169826
267.792834	368.976937	149.139548
259.892001	368.377538	257.983149
270.101352	367.713465	130.01271
267.742247	365.992171	148.497362
268.13367	364.606936	145.169826
268.080072	365.674504	145.95874
261.186954	373.194892	242.331842
260.642354	371.217462	249.754267
268.245398	366.531074	145.042231
268.13367	364.606936	145.169826
268.623323	369.978323	149.911769
269.079347	365.509743	145.107748
269.022997	364.547168	145.171357
268.633488	365.929464	148.500622
268.630428	367.955476	149.209508
261.579652	369.192411	247.891509
272.970266	361.325712	116.944358
270.024456	366.411473	145.043223
261.087843	369.537839	264.486926
269.912872	364.487127	145.172395
261.875833	369.272057	255.346958
270.637367	369.641378	148.236824
263.252697	372.131517	249.923557
270.96913	367.312297	144.976535
263.195693	368.155251	248.888611
271.806104	368.312776	145.76169
271.530961	369.578	148.237411
272.478395	364.637855	139.061642
271.697637	368.414013	146.612645
271.806104	368.312776	145.76169
263.70458	370.200435	254.548429
263.047673	373.455052	263.808537
264.45859	369.205524	255.484991
266.259789	370.004105	242.58728
273.854431	368.953965	143.978471
275.310742	363.060407	144.377391
273.369603	369.954184	160.729618
267.732668	367.956902	245.431049
275.737415	366.723335	142.387
275.581236	365.854982	143.31796
268.1726	370.913865	239.93003
275.740869	368.739797	143.112079
276.424483	366.851116	144.107865
277.472112	367.659575	143.174351
279.096829	361.090816	125.876539
277.418828	366.697799	143.243502
277.472112	367.659575	143.174351
278.516565	368.47165	142.236336
278.263806	367.690533	144.032406
277.998967	364.896978	145.098098
278.643199	363.301463	139.10057
281.580957	364.443479	120.148933
279.25697	367.539474	143.166695
278.837518	363.870885	145.163775
271.957144	369.793817	232.751187
280.998944	361.921137	124.882523
282.22486	362.810396	112.945344
278.948272	365.796641	145.027338
271.050166	370.808672	249.423433
278.948272	365.796641	145.027338
280.202542	368.440796	143.092393
279.897262	366.695684	144.955343
280.845981	367.594271	144.882364
280.737633	365.670242	145.02203
280.627092	363.74397	145.159854
280.663442	367.522744	153.414356
281.839005	367.443571	144.01817
279.410122	363.624348	161.222242
283.836832	365.725088	124.544163
273.922168	370.899953	257.895153
284.800552	365.619856	123.621633
282.473246	364.579523	145.086515
283.776254	368.197246	143.075517
276.097371	372.3875	239.57485
285.531095	362.66414	123.828962
284.710954	367.091858	142.275436
284.590218	366.93491	150.903619
287.619306	362.315507	120.151952
276.854128	367.58148	251.529568
288.329038	362.427786	121.957363
288.011966	359.635772	124.007221
287.779185	361.870543	127.477062
277.870482	370.494731	251.67145
285.59215	366.769482	150.059857
290.488156	362.030519	117.33279
287.855623	363.495902	136.335845
290.145563	365.361057	122.598176
279.565422	369.407069	251.74074
281.547056	371.963893	236.262607
280.569816	372.046421	238.037985
291.215233	364.159914	119.908339
291.830543	362.300171	121.88282
291.638846	363.467573	124.544768
295.005733	362.996546	89.893178
292.459617	364.859729	116.115712
281.841	371.060705	245.482833
280.892168	371.595895	259.188943
289.203476	366.268967	157.695714
292.576358	361.350983	122.861102
291.320105	363.345945	137.197679
282.892923	367.256991	252.785178
293.726251	365.16541	121.604174
290.936161	363.348569	149.43812
293.203309	364.546649	127.16691
294.630208	364.094584	120.745816
294.875138	360.852854	116.375814
295.356755	361.121514	120.975561
293.190565	367.876104	147.36903
295.319776	365.208476	123.404751
295.851964	359.719389	114.583086
296.223321	364.136855	122.550673
296.129804	363.600944	113.304662
294.859152	363.791421	146.807561
293.763862	362.000723	147.81323
295.275625	363.440894	142.465661
293.290489	367.383808	162.68105
296.542194	364.090538	138.870067
297.179066	360.991878	120.019371
297.340569	365.515708	130.658817
297.728174	359.160657	122.939851
296.657945	363.648606	146.815561
297.626856	360.253404	124.689914
296.520956	362.750751	147.752931
296.981157	366.414878	144.85917
300.118312	364.169047	107.472481
298.626013	361.134398	123.676099
297.062503	363.807777	160.467209
290.839724	370.317509	243.273829
299.745917	359.896612	120.059461
301.718388	361.632977	98.139573
293.571029	365.776749	196.776585
300.934187	364.718887	118.678685
298.150685	363.545691	158.808103
300.375737	361.046955	123.65206
292.127484	370.051649	236.958218
291.37697	367.386659	245.989728
298.954913	362.082586	140.789147
299.437287	366.414179	147.470142
303.013447	365.440125	114.81563
299.903845	366.566536	161.13615
302.246361	364.923769	124.21043
301.311803	365.562619	136.033167
293.607077	366.458292	251.52879
301.63027	361.885665	140.795919
301.259995	365.232388	146.693216
300.064658	363.285986	158.002849
303.024886	362.918316	124.369404
297.162067	364.312931	197.93754
304.156355	363.714036	121.496152
304.177634	362.686107	120.654878
304.583353	358.895423	124.703994
303.758502	365.538849	138.712286
304.472109	360.999269	127.284184
305.53551	362.327958	114.093472
306.370657	360.267776	113.328033
302.571248	363.26194	160.590466
303.564271	366.403369	151.812549
302.395476	367.621511	164.497933
306.360872	364.349475	115.77549
306.752992	364.599821	122.307708
304.936923	361.227072	132.746833
305.117996	365.7402	144.028179
303.150931	364.562527	164.748882
303.919164	367.926161	158.547564
307.631578	360.488768	119.866172
306.234668	363.919687	128.851675
307.07182	365.417313	118.488081
308.281335	365.172837	113.773156
307.897231	360.316862	116.123996
305.344043	361.927486	159.899842
308.146622	358.641312	123.761147
309.581346	359.237136	116.204032
308.691079	362.85693	130.758842
307.613312	360.596914	143.568933
311.158748	358.290715	95.245076
309.079936	362.605311	125.246
309.304776	364.48994	123.216742
306.091072	363.053155	162.380502
308.351442	360.051885	133.739961
309.281573	360.968821	133.65832
307.07977	367.076049	163.793464
310.045565	362.403058	159.10304
313.411181	359.841911	111.357617
309.890726	363.607074	161.571153
310.394631	366.208073	157.087569
311.026385	362.248575	158.279735
312.226674	364.991269	156.362017
314.166563	365.400003	129.605794
312.622247	363.555067	150.413899
314.936751	364.394099	130.613969
316.851278	360.666989	112.193367
314.751529	360.028402	143.672941
314.889751	364.006134	144.236292
314.998268	364.937177	143.270853
314.948755	363.956027	143.349493
317.775702	360.579082	111.24338
317.664216	360.079425	126.374069
317.512203	364.241797	131.557476
317.238799	359.749226	159.523448
319.831322	362.741168	121.458157
320.701399	362.677597	121.467126
320.513319	360.278325	137.411223
321.977388	359.784993	127.351512
324.548613	359.61523	128.318728
326.003192	359.701946	133.872585
325.145732	365.745229	154.047226
327.435339	359.740721	157.2324
334.169828	360.38717	113.298983
334.634425	361.414585	160.859536
339.747559	356.320735	88.500853
338.433332	359.041948	114.467704
336.58472	364.291453	160.709744
334.93363	365.656968	190.561725
338.02087	361.372354	124.651057
335.759561	359.574195	200.879307
335.862299	361.615718	200.771116
338.319096	361.117814	160.125216
337.228885	365.570361	197.881913
340.203668	364.10954	161.729171
340.256252	362.949204	159.165219
341.093972	358.427118	132.398107
340.719128	359.994913	143.271158
338.317616	365.450359	196.11655
338.059186	361.374664	197.243954
340.136452	359.950063	159.386463
340.036327	359.052163	161.221342
341.93896	357.365718	132.497648
341.774345	362.859537	142.175649
341.831467	357.503402	135.251867
335.400449	366.163688	238.72049
342.675154	358.743413	117.447684
343.263905	360.968524	125.743856
341.072018	366.271086	197.981448
344.401918	362.781956	144.061993
340.956454	365.26054	198.940275
341.71697	361.091389	199.192469
344.514386	358.341641	136.161855
341.813082	363.135519	199.082946
345.101177	356.621372	120.509092
341.788572	361.077777	198.291082
344.408724	360.634181	141.485817
342.044559	365.155188	197.166985
345.356992	357.449946	115.736082
344.297747	358.700857	142.534677
342.565669	363.981694	189.16778
346.459004	357.219161	111.042001
346.196424	362.551597	121.026711
345.395458	360.41398	138.781735
346.132184	363.882488	147.647213
346.917064	361.591602	123.926863
346.226951	362.607484	143.208086
347.831873	358.38026	120.444371
347.558304	356.587004	125.246051
346.929939	359.733565	146.147198
347.226294	358.092894	135.314869
347.911114	357.353906	140.879647
349.04959	357.002956	112.099704
348.133415	362.266438	139.626829
345.921705	360.742827	193.92857
348.839441	362.325705	121.128227
345.472182	359.789448	199.370333
349.105764	357.807682	132.608314
348.860929	359.335189	141.671075
349.085404	362.095474	137.828568
348.888786	363.597916	145.922901
350.725922	362.314532	143.326852
348.487738	361.626387	198.436747
352.441651	360.913187	118.541384
349.65784	363.59064	196.547659
349.461331	363.613952	199.255866
351.452949	359.451133	146.256509
353.292431	355.696862	115.176945
352.07667	359.224966	158.848865
350.410535	363.552708	199.278155
354.029401	360.964826	123.251047
353.390416	358.981609	140.867305
351.359376	363.492709	199.299135
350.981783	358.412929	201.371122
355.200107	360.567899	115.865824
348.684695	366.435454	230.004835
355.12721	358.569395	115.988825
354.770415	356.907119	123.538053
356.622266	360.530746	86.295586
354.878552	359.895463	123.345628
352.396067	365.476523	199.214165
355.801592	360.82065	123.315385
353.300127	364.396516	199.284843
355.900855	357.570933	117.949352
355.904351	361.730564	121.408584
355.284959	360.794571	139.869738
355.900525	359.649348	119.679451
353.83443	364.338537	191.19859
355.62715	356.881262	124.488728
356.389342	362.371621	134.299101
356.378493	361.318729	133.446567
357.6696	358.457417	118.886623
357.606504	360.631633	122.45879
357.085988	364.172428	199.346371
357.150344	364.171418	198.440636
358.893155	357.273808	135.577866
358.709069	360.21342	149.035744
360.263835	355.188623	118.247341
359.867842	360.261719	136.325305
359.781106	359.454048	139.112869
358.297132	363.095166	194.902396
361.118037	357.254176	120.9241
360.562284	363.493367	154.244422
358.48763	365.121272	193.000332
359.017121	362.031633	197.66641
358.030862	364.118177	199.358675
354.19567	361.308662	237.368296
360.646798	356.22351	136.580621
360.241772	362.994841	194.027283
360.065483	362.997497	196.720543
360.003536	362.996853	197.622418
362.429738	360.747869	145.429794
361.206237	364.979434	194.821747
360.925278	363.960474	198.482244
362.279628	360.725017	158.910874
358.921802	365.196708	222.114814
360.835976	358.890276	196.949765
362.250974	361.877761	191.428064
356.531836	365.516756	253.481483
363.643613	354.15141	123.009948
364.447013	360.785192	133.626909
364.12947	360.637936	158.936703
363.02115	358.798109	192.502122
362.588854	358.786349	198.763834
362.849375	364.873093	198.444016
363.230428	362.844713	191.376643
363.87308	363.812439	196.694063
362.91179	364.876107	197.538799
365.165676	357.070884	138.401092
364.103241	363.816001	193.105943
363.596882	361.770918	199.51212
366.503347	355.66278	118.437947
364.621945	363.748385	199.411921
364.904591	358.706955	192.514573
364.469432	358.686749	198.774543
364.944651	359.718013	192.453975
366.463588	361.054322	124.543028
364.621945	363.748385	199.411921
364.49171	360.705887	199.569578
364.911001	361.741689	194.117119
364.514694	359.698725	198.719665
364.988453	363.768213	194.004008
364.621945	363.748385	199.411921
365.870915	363.71801	194.902935
367.088643	359.753358	135.539488
369.056926	354.185422	95.469691
368.72819	356.281547	143.913982
369.192705	356.445353	118.495359
368.499438	363.552226	197.606561
369.738031	355.397152	133.068329
368.665097	358.52048	192.529477
368.665097	358.52048	192.529477
368.567389	360.532722	195.077809
368.666971	361.547897	194.126236
369.737028	356.531869	134.825406
370.547198	356.535728	148.428578
370.669792	361.029607	141.845169
371.85857	357.295582	119.453161
371.533214	359.05669	142.857774
370.472352	364.466709	196.646314
371.652069	359.144924	131.087596
370.342543	364.451198	198.454921
371.162977	358.345764	196.984682
372.752539	359.357686	121.19158
371.235213	363.384071	198.50498
372.231469	358.308623	195.19364
372.167268	363.329102	198.500957
373.319961	357.179041	145.670136
373.355605	358.669687	151.90918
373.642311	359.292536	121.22135
372.418114	358.323624	192.529617
372.274378	364.350645	197.541832
372.167268	363.329102	198.500957
373.234208	363.292473	196.68861
372.685359	362.202466	203.100828
374.59719	360.096878	119.428512
373.935503	359.184199	197.813815
373.099855	358.248049	196.083618
375.166385	358.16069	193.404012
374.866914	359.127726	197.808347
374.95882	363.158985	198.48334
374.908706	360.137915	197.749333
369.665441	362.960953	250.218864
375.029338	363.170027	197.578224
376.987121	357.404605	138.416242
375.755291	358.060212	197.862447
375.807088	361.078654	198.587703
375.50436	363.033066	203.033282
378.007019	361.358118	150.819903
376.642704	356.991715	197.917653
372.359353	364.912448	252.066909
378.941774	362.307934	150.757225
378.93802	361.379498	151.706716
379.851293	362.190844	149.854621
379.757417	359.889348	133.814491
379.824334	359.266673	150.912032
380.770412	361.213801	150.792009
379.479546	361.828111	199.401001
380.758783	360.215864	150.84605
380.758597	361.144574	149.897802
381.666777	361.026154	148.992148
382.481266	360.816859	134.672657
381.370031	360.699796	198.527451
382.57368	360.907177	148.086132
383.489336	358.92888	149.066581
383.503369	357.069479	150.961199
384.343163	359.712757	123.2284
383.129115	362.548979	200.208246
384.24923	355.777162	135.761232
382.863616	362.496409	202.95997
383.007612	359.517755	200.379205
386.230895	356.704322	148.215013
386.05066	353.806161	126.091136
386.233704	360.636676	147.133547
386.04374	354.124702	129.605682
387.160803	358.652878	148.098235
385.729811	358.281245	200.398649
387.154766	356.651329	148.192775
387.863821	354.701323	126.070485
386.752444	359.76752	216.006947
390.598826	358.971653	130.316779
390.622289	358.357148	134.72837
391.528833	360.241011	133.779609
391.533513	359.311716	134.688227
391.484034	354.644877	127.831905
395.217785	355.222704	136.527204
395.19199	357.161916	135.59172
395.233166	355.298343	137.400315
396.135276	355.166893	136.512677
397.015962	358.059503	135.537957
397.044732	356.118616	136.467159
397.872868	353.408078	129.583924
397.931132	358.003295	135.525881
398.782117	357.555463	131.18897
398.856517	359.030052	136.351024
401.629113	358.926793	137.170676
401.532882	356.368926	131.193968
401.660271	357.989589	138.059863
402.293614	356.119689	154.659016
403.236841	356.042795	154.606612
403.493555	358.874769	137.997294
404.480182	354.771856	138.078318
398.000739	359.810062	257.121333
412.701423	358.255923	154.844228
416.261833	358.208822	130.099212
416.487329	355.631816	135.232785
416.433136	356.571237	134.36953
413.441062	361.314015	256.832912
423.182511	354.106049	151.884806
423.440842	358.674362	143.458784
425.052513	358.159609	138.42098
428.063346	357.045876	140.9096
429.250516	352.622253	155.883263
428.996045	353.803734	139.278097
430.947855	349.946375	123.579079
439.221374	345.714647	94.678178
442.737275	344.475765	97.687382
452.850858	350.78735	171.953472
453.367132	351.950308	179.324564
460.7034	347.817824	115.229295
460.496983	344.143094	111.198104
460.534494	344.269379	112.009702
460.655995	346.673101	114.433834
460.67529	350.732217	114.414812
460.753719	347.952967	116.021923
460.534494	344.269379	112.009702
465.600623	344.678219	116.808712
467.61661	349.860092	118.428945
468.577207	344.723425	118.400622
470.719643	354.031918	158.645247
474.036056	352.948152	147.661415
475.946977	352.923223	149.491269
481.174635	348.742391	142.964921
508.861633	349.106909	175.248669
524.691437	347.446768	175.252641
542.089869	349.859506	169.402586
135.417779	362.720746	148.037483
144.979226	360.621877	139.220042
142.028782	360.779155	173.561993
158.330926	353.72823	114.640765
157.293987	357.669271	140.393755
165.661825	354.31182	124.445267
167.688088	357.205282	124.285916
168.641596	359.30601	137.104776
168.913561	355.669672	139.838394
168.568215	358.879189	143.112784
166.351937	357.902449	164.576292
174.512201	358.894505	122.339761
171.541375	360.704685	142.012809
171.365	355.818398	141.417723
175.174438	355.015837	122.525949
175.29218	354.933256	121.667975
176.267363	353.873137	120.851463
174.138443	360.757195	142.733893
175.265055	357.647346	140.302594
172.287824	361.480291	161.549126
179.900497	352.454552	107.128255
178.413196	352.623503	118.33556
179.430101	353.565709	118.307136
175.231599	356.19303	145.458641
181.403634	356.50667	119.024603
182.284457	357.544492	119.813427
182.249323	353.514999	118.340739
185.094871	357.502768	119.818417
186.151756	355.37796	118.270753
186.277939	355.28223	117.432052
186.151756	355.37796	118.270753
185.131175	359.231547	136.533333
186.478862	359.43409	128.939032
185.973058	357.815565	141.625984
192.919925	351.502319	102.36235
191.052854	358.074709	134.027356
195.987339	350.17199	99.865981
196.052458	353.204182	100.532431
191.661875	359.772451	141.40576
193.051367	359.518542	148.80083
196.691191	358.6946	138.969654
194.679763	356.72518	148.911258
194.465795	359.74345	151.186413
202.759933	350.850288	98.014686
194.950456	357.988385	152.864425
198.924971	361.48847	137.968592
196.6923	360.609029	149.480129
202.566883	357.411841	126.573164
218.94354	347.947161	39.556464
206.635969	358.176299	150.339238
207.428663	361.799676	147.827721
213.674992	356.929653	143.489754
216.327485	358.587462	140.252646
216.20521	360.657611	141.769454
217.256233	356.634575	139.577148
220.582392	360.475088	138.684686
221.001232	355.840422	139.789071
226.405693	359.666039	131.325968
224.651241	360.222414	143.05429
224.432383	359.353299	143.899673
229.209893	360.834094	132.250435
226.367141	357.414877	152.765164
229.671981	356.1703	133.404428
230.040674	357.854185	131.592027
230.699133	357.161967	133.39723
225.894219	365.516675	229.656521
224.473856	361.677605	253.438673
232.43216	359.512849	135.947281
226.160031	362.670549	254.306974
225.954839	362.730814	256.081849
227.287302	365.598572	251.608164
226.700472	365.759394	256.967608
226.561488	367.811659	257.85875
226.381105	365.862517	259.635844
227.496116	365.772842	257.862534
227.403755	364.800076	258.749548
246.79888	346.766742	41.281352
237.218983	360.364338	128.212449
228.959583	361.597308	253.406039
228.274775	366.795932	258.763786
228.525967	363.711813	256.970972
227.736222	365.979096	263.207029
228.61573	364.686807	256.08184
228.071768	365.859052	260.540178
228.832231	363.626919	254.296228
229.975777	365.561979	251.601256
229.676666	366.635906	254.296114
229.595274	365.651533	255.192372
229.636461	362.636312	255.187377
229.28948	365.737686	257.874704
231.128709	365.5069	248.890326
230.634946	361.597757	254.291381
230.624534	362.598342	254.293817
230.297748	364.685531	256.982888
231.128709	365.5069	248.890326
230.599566	364.60642	254.297737
230.326212	361.679129	256.965845
231.09142	363.697013	257.875276
230.98507	363.728434	258.767507
230.862862	365.770361	259.67827
239.674258	359.825005	130.997518
232.641609	365.534847	251.601768
232.817822	365.506849	249.791442
232.361671	365.591036	254.307699
231.645475	365.788917	260.583083
231.536998	365.82487	261.475855
232.902593	365.495676	248.884243
233.00134	364.477927	247.979871
231.645475	365.788917	260.583083
231.752553	365.754892	259.689481
241.716728	360.313803	121.210694
232.064683	365.664351	257.003195
231.962228	365.692613	257.899585
241.554306	358.72787	130.238505
232.640196	365.740313	259.701655
233.883162	364.474821	247.975834
232.651281	362.73202	259.664293
234.667138	365.487416	248.882308
234.517331	363.495828	250.695859
242.073663	356.063679	132.155226
233.934751	365.615524	256.122815
234.554326	367.516659	249.792379
233.521472	366.732824	259.727457
233.204037	365.830813	262.398238
242.386461	359.065957	139.009023
234.411512	364.709547	259.714547
234.409642	365.713652	259.728994
235.574473	362.4689	248.879329
242.435325	361.135553	139.777685
235.566737	363.471947	248.880905
236.48008	367.494761	247.973084
236.347821	364.482402	249.793568
242.966842	356.252249	140.008216
235.392172	361.667909	258.78377
236.17181	365.69004	259.760483
237.226939	363.475498	249.791607
237.226939	363.475498	249.791607
244.753968	356.181556	133.111677
238.181699	363.467147	248.883111
238.99307	363.604301	257.973017
246.85745	355.950204	138.424173
238.967352	360.613577	257.911723
238.802767	365.6596	259.81593
248.029602	357.765669	137.513147
240.690452	367.487509	249.852021
248.125626	357.635848	136.647973
250.155012	359.23567	127.768042
240.549461	365.642134	259.858663
241.321114	365.66169	260.784719
252.075552	356.686555	117.229849
250.257955	360.395141	135.692507
242.064208	363.683842	261.657639
242.335517	361.608881	258.900252
251.681425	356.389411	128.836281
250.874321	356.455695	135.885209
251.388259	362.187926	134.739497
242.091994	365.682967	261.711892
243.172268	366.621051	259.957166
243.061983	365.646062	260.836145
251.761333	357.539382	136.73316
243.945075	366.639979	260.890811
243.860978	367.670835	261.82176
243.732844	365.698079	262.668612
252.760897	357.382102	135.881037
244.91038	366.606655	260.014388
255.552214	357.03035	127.08128
254.29819	356.590822	137.693713
254.996126	362.074542	134.800882
245.872123	366.576183	259.136442
245.471133	365.683319	262.729405
255.672619	360.219034	135.789659
248.655206	363.44457	247.200227
256.884343	361.884914	133.947069
248.720962	361.502929	255.437565
259.282874	358.896896	127.015715
249.665687	365.478518	255.583292
249.645294	364.481458	255.555023
264.441885	352.672145	84.749389
249.645294	364.481458	255.555023
250.857865	365.429086	251.939706
250.673032	364.450178	253.753353
259.569044	361.777571	133.973105
265.759413	352.216361	82.112841
252.184804	366.409127	246.442817
252.432314	361.475858	241.723952
250.574616	365.674183	263.838658
250.532762	367.703027	264.811793
251.4529	361.463204	253.69779
251.894168	365.532087	259.342531
251.95636	364.515114	258.397062
261.166726	358.776551	134.143177
252.06943	365.491071	257.517063
251.689486	361.580407	260.106332
252.754517	365.52489	259.379714
262.339769	361.54627	133.110668
253.343552	365.411996	252.963746
253.03847	366.46164	256.670066
253.262813	365.422649	253.884334
252.953657	366.479652	257.586207
253.013529	365.465575	256.638483
252.81467	364.508247	258.433252
252.867795	366.499486	258.50081
253.701055	365.495467	258.505305
254.037097	365.426137	254.840691
261.987603	361.648374	149.589694
253.927647	364.446428	255.72666
254.699812	364.45433	256.680182
254.387461	365.532846	260.367349
262.041971	360.570367	148.80614
255.078581	366.386274	253.067385
254.699812	364.45433	256.680182
255.472237	364.463942	257.633449
255.448151	366.472748	258.618486
262.87727	361.589627	149.601352
255.614406	366.433017	256.78682
262.995821	361.479881	148.763747
262.635188	361.80798	151.266483
255.803148	367.39531	254.980338
255.160911	365.549977	261.316233
255.555725	364.445147	256.718582
263.650143	363.677744	151.162768
255.705913	361.627999	263.000833
263.829562	362.4958	149.555448
267.353137	354.388388	124.61093
257.000199	366.499418	260.525804
264.890615	361.25049	147.939899
265.955896	362.047733	147.044124
268.31168	360.501469	134.938322
259.445982	360.339034	249.39705
258.861934	363.42966	257.755845
258.837767	367.445045	259.735013
259.12526	366.364668	256.034475
259.687049	365.27768	248.622121
259.990994	364.348633	255.08782
260.015687	367.342024	256.112054
267.446425	361.174309	148.804397
274.134278	353.902949	96.698017
270.047112	361.486313	135.756464
260.79707	367.346	257.074566
270.695926	358.728608	128.811116
270.658335	358.625866	136.80561
274.191005	359.816326	121.535304
271.102936	356.730147	146.504007
273.351657	360.28361	144.565742
275.880558	356.733262	120.812341
276.399378	359.305464	117.014961
277.028757	356.430998	118.104309
276.765865	353.566547	119.202404
275.657934	360.93312	133.092797
273.420854	359.96439	150.586234
281.425049	348.767166	81.20738
274.197143	361.288836	145.363468
273.582998	358.789749	148.957934
282.282481	348.816073	81.111281
275.531939	357.743809	140.357737
266.880938	365.169493	255.48025
274.92519	360.358786	146.282794
279.308382	359.855543	123.251437
268.69688	364.076488	253.701569
277.610032	360.167696	146.285382
285.645934	346.885587	75.461983
270.484077	363.985203	252.879911
278.621585	362.035396	146.155056
279.127583	361.57824	141.843103
281.569245	357.244385	117.036106
271.357347	361.845657	238.143599
280.465728	355.733355	143.090945
283.308581	359.055801	126.854633
272.468689	363.818508	249.311824
287.48839	347.921944	79.7099
284.74111	354.377967	118.996025
274.532597	365.620138	245.807371
284.78753	358.473546	120.515442
284.479604	357.729026	123.307624
282.449241	355.440176	141.354917
275.621796	361.741919	252.18375
286.067337	357.820127	125.089015
282.262426	363.272641	160.423755
277.431351	360.427663	236.735145
287.477862	356.278847	118.791336
284.356153	355.932518	148.27707
280.449607	364.30593	196.989247
290.582108	355.406993	96.444224
287.991541	357.605181	123.251214
288.902531	353.420973	120.816993
288.88935	359.601729	123.992457
277.635768	364.545064	250.566794
276.960594	360.821256	256.778493
292.454792	349.386977	79.997735
289.731074	352.662605	111.650912
288.971753	359.531574	123.083112
289.115264	357.357019	120.503961
287.286002	359.918136	140.143977
287.359885	359.258128	154.861813
285.628827	358.044484	160.852568
280.198587	362.386379	249.742995
284.049603	363.932625	198.137845
291.257094	357.670906	125.924348
292.48327	356.318206	121.436618
292.991687	355.564394	125.153828
291.817107	361.256444	148.735953
292.028911	360.054551	146.232746
294.078847	353.295025	121.661034
293.033624	357.209343	134.973214
293.64726	353.979394	116.999116
296.200064	357.804592	100.639589
293.61106	359.4241	139.253841
295.621751	356.820924	115.776776
292.470733	355.269898	148.33023
292.560421	355.194712	147.46927
295.49292	355.896648	116.791186
299.936758	350.852866	73.632235
293.194178	355.344709	150.054694
299.745952	352.198213	75.395967
288.706708	363.366671	197.549377
288.516379	363.428423	200.245809
295.880604	354.205767	121.55604
296.031886	357.15818	121.298745
295.778934	355.314838	123.301975
295.208322	353.991088	147.569579
296.754568	357.238995	123.122124
296.191055	356.914656	148.212466
295.760467	357.286126	152.491215
295.378524	358.663366	156.640396
296.165303	354.891798	147.503197
296.272433	359.909254	148.841132
298.746114	352.860694	117.933054
299.340892	352.375566	110.496612
296.217059	358.935932	148.918166
298.847591	354.838359	117.747807
296.36006	356.774295	146.484845
292.529361	363.884211	196.824705
299.689074	352.764982	116.997634
298.104345	358.711642	148.074625
299.20593	352.130068	122.616084
297.233857	354.679902	145.778744
300.637528	355.752897	117.629682
294.329232	362.637622	196.984276
301.440208	358.832216	120.12236
302.025249	355.939281	122.233509
298.832625	356.420102	157.719664
300.788601	353.802935	136.101913
296.303326	364.410285	196.982179
299.464008	354.505575	159.60474
303.016292	356.827154	121.210235
303.404144	354.488246	114.899202
300.776985	358.208154	157.588681
305.09365	355.927445	105.262159
304.586435	352.14533	109.473982
297.963893	363.20353	198.945207
305.10365	352.373213	114.150846
303.164841	359.916409	142.727741
303.598051	356.549363	135.864851
299.026236	364.065713	198.038519
305.632085	356.686734	121.187388
302.964712	355.637161	152.691432
306.002313	354.369904	114.869361
303.479541	356.231459	147.432303
303.882619	357.950307	143.775306
303.065303	354.521993	151.056966
302.548861	357.043092	157.71679
302.40144	360.304353	160.837568
303.129906	358.582228	152.441635
302.919732	357.740331	154.232561
300.034164	363.915906	197.182453
305.41515	354.358791	134.2433
305.225924	353.478187	136.124178
303.926867	356.536243	152.625153
306.7686	352.341593	115.070258
306.917741	355.320269	114.757599
303.476574	360.059417	159.173542
300.893658	363.815892	198.137921
305.549364	356.882854	144.754238
305.176254	358.964308	160.154507
305.403234	358.747986	157.61187
306.372457	355.495127	155.339645
308.142364	357.157866	134.899543
309.592299	354.105143	112.963919
308.209132	357.110973	133.996905
310.046821	352.295776	117.850568
306.898304	356.800362	160.386561
310.231637	352.160165	115.051472
307.982023	359.681579	160.148689
312.615966	354.711271	107.158582
309.093856	360.442867	158.391134
312.011226	353.056818	114.937208
306.30639	357.959466	197.8162
309.452298	355.664461	162.268779
312.372418	355.401402	124.040902
309.649325	356.526793	160.47426
309.29312	356.860964	164.725526
310.472137	355.780841	150.167149
306.420714	359.989621	197.695206
313.167863	352.333578	123.415032
308.129084	356.687232	197.978376
315.857123	355.678276	110.827512
308.912059	356.611012	199.82633
313.466408	353.940879	157.352566
310.724506	356.11671	190.074854
309.932168	356.458513	198.97706
309.852874	356.483616	199.876676
309.808995	358.560045	201.568952
309.910096	357.499198	199.817403
310.011529	356.432026	198.078885
315.611971	352.269343	126.19393
314.387834	359.067501	160.364598
310.714753	356.380657	200.828078
308.551296	360.699737	241.384981
310.794335	356.356755	199.927167
315.353772	359.976688	160.311669
311.576602	356.277401	201.780745
317.695193	357.008275	123.872394
311.599139	355.239085	200.937094
313.238572	355.900839	193.766162
319.307533	355.460372	110.830587
317.335244	356.813394	143.086085
313.541827	356.00431	200.980614
313.953727	358.978649	198.096798
320.07831	352.37644	110.226193
318.8173	353.228376	131.632772
318.093192	352.74696	142.554577
317.902162	354.957662	146.823503
319.058547	356.716268	144.01316
318.460226	355.187969	152.115203
320.137613	351.826324	123.462501
321.28777	356.67722	122.042967
318.902421	357.655419	160.628366
320.821945	354.951268	128.720556
316.858174	355.477951	195.755907
322.018835	352.159201	136.32279
317.562864	355.441143	198.491645
323.595384	351.069042	108.458967
317.667146	354.371	196.767971
317.643505	355.414716	197.595798
323.680174	352.098605	138.164358
324.914337	351.747265	131.814238
325.841423	351.637559	130.912842
321.461592	357.004353	198.578476
329.901397	357.073043	124.882991
329.810515	355.092342	125.066226
325.458833	354.427497	195.340376
325.985358	355.478178	200.693679
327.338091	358.354036	197.870179
332.193213	354.535462	112.885838
329.844131	353.598896	158.711574
327.070926	356.364878	199.786749
326.99044	356.386767	200.686005
333.969646	355.941165	130.623241
330.784923	352.893971	199.262129
331.875212	356.874235	199.969794
336.03588	354.507926	123.330711
336.739408	352.521278	125.388567
335.281609	353.251201	159.781547
337.715736	355.966366	108.999855
338.081385	350.051905	114.36288
336.222323	352.092048	158.131024
337.200936	356.176943	160.480867
337.274919	357.127023	159.522449
337.738448	359.383639	200.058578
340.520651	356.074167	144.470659
340.047124	356.900135	158.734295
342.571142	349.590662	112.569964
340.823816	351.746099	157.379654
340.844938	353.844446	158.994925
342.472564	350.446927	134.892309
342.987333	355.262264	150.899007
343.451169	353.401065	135.596643
343.719956	351.271139	152.108158
341.381455	352.953508	198.747848
343.98824	353.944111	146.508353
343.54746	351.6294	158.337707
345.31775	355.42592	114.954355
344.077259	356.980567	147.190629
344.261114	350.309197	134.926644
344.237185	355.617906	140.937664
344.02673	354.938522	146.435723
344.190407	349.364519	135.915831
345.530611	357.676572	160.591629
352.19663	346.604446	35.34075
347.564499	353.819542	148.388362
348.784687	350.011497	112.652356
347.406742	355.311617	156.360016
347.966453	354.057728	135.620701
347.370764	351.049316	152.186095
348.057994	353.906238	132.871347
348.765304	353.109688	115.234554
348.566142	351.387332	142.224625
349.144321	349.399773	123.964807
348.368487	350.776024	148.614981
348.451949	353.81933	149.306065
349.863973	355.858579	134.604071
349.268246	352.936747	152.083704
349.293592	351.772255	149.462354
350.397963	356.638806	148.239402
351.788164	352.340765	127.500336
351.258396	354.535527	147.49395
351.045864	353.001871	154.801314
351.327116	356.525672	147.358864
351.287851	356.643139	149.157381
351.924426	353.194255	124.658976
353.045104	350.152793	143.272601
352.269506	354.187831	142.993957
353.243545	356.118236	142.878445
354.152587	349.576497	135.096416
354.225072	348.363011	131.502339
354.058629	351.96634	141.342257
354.08331	354.072975	143.02616
354.905094	353.203117	145.819873
352.564642	352.232173	201.720863
355.881663	354.021248	143.961434
353.674407	355.203869	201.582
357.185835	348.725661	124.135197
357.254798	347.579362	121.437275
357.200886	351.497048	169.234565
357.627137	353.104475	146.762414
359.319313	352.223784	117.472346
359.189275	351.367456	120.303588
356.899506	357.06182	197.918452
359.331081	350.132843	115.746781
356.651278	352.013237	198.198233
358.601771	351.679139	141.404656
359.665827	354.354983	137.597746
360.939155	352.316454	122.133535
360.54766	348.953882	132.440663
360.939155	352.316454	122.133535
356.386126	355.643299	231.304358
362.287679	354.64151	143.982586
355.068552	355.307653	251.774179
362.319277	348.953011	134.28391
362.345032	352.129006	136.841312
362.514342	347.351776	125.217091
362.27643	354.707593	144.886917
363.075563	349.609992	144.282243
363.731825	351.8865	118.550008
363.564072	351.158125	123.178495
364.435777	353.256186	125.824041
364.434173	350.089745	123.256293
362.127158	353.724227	201.738717
364.463339	348.977143	121.487243
364.156929	353.142127	138.619219
364.927603	354.356942	155.767533
365.941121	352.104628	139.596586
364.083211	353.627451	200.851565
363.46853	355.607346	208.90269
367.721793	350.354608	80.241763
366.86648	349.718847	135.173674
366.833036	353.390765	144.074183
367.75301	350.932192	138.753431
366.49609	354.572229	194.545246
367.719823	351.208319	142.377974
368.127491	356.464441	198.898924
371.138305	350.914756	81.582285
369.609573	352.889764	139.559063
367.934232	352.430324	199.131147
368.243671	357.481957	197.942029
368.289002	355.476116	196.270086
367.983571	353.438175	199.072841
369.040947	354.40322	198.120292
369.598093	355.447006	190.961414
370.163381	355.376131	196.273301
369.457252	353.428911	191.973727
371.517222	356.359575	190.898542
371.313297	351.316668	191.23962
371.208506	350.306191	192.183599
370.789977	353.282008	199.078663
373.240356	351.828675	141.42042
372.234792	355.292168	193.609873
371.91098	357.263869	198.839559
372.378656	357.314427	192.594536
371.993603	351.251577	194.758031
371.771752	354.236658	199.018584
371.873085	353.246812	197.290879
373.254349	351.217846	190.371744
373.130804	351.213611	192.121413
372.853931	354.201849	197.227295
374.147446	349.342794	136.098443
373.3366	356.257387	191.777465
373.149109	356.243711	194.428688
373.254349	351.217846	190.371744
373.759322	355.145908	198.057007
373.921264	357.174745	197.036631
373.695823	352.12957	197.353748
374.780851	357.108143	197.929316
374.909777	355.118936	195.376115
374.780851	357.108143	197.929316
375.871534	354.061744	194.552595
376.980899	353.491174	152.176458
375.913835	355.070895	194.484672
375.772576	355.053374	196.261806
376.889819	349.180281	136.092597
376.02226	356.087047	193.531786
375.815784	356.062655	196.196528
376.674774	355.993908	197.084349
376.450501	350.947966	197.413652
376.642704	356.991715	197.917653
376.930855	357.032104	194.344537
377.506865	351.907654	196.453572
377.756354	350.932295	192.993355
379.687299	349.914529	146.882367
379.610592	353.823151	194.527616
378.334698	354.837483	198.929247
380.635019	349.079953	149.62811
379.467528	355.809586	197.061122
380.644754	349.151519	150.532972
379.329008	350.773182	196.511966
380.553782	346.265067	128.12478
379.127279	351.745433	199.118382
382.407948	351.095229	127.052509
381.868686	350.531461	199.163924
384.238395	348.487908	121.865859
384.449828	355.155721	152.84269
384.428522	354.087549	151.997887
376.022912	352.709901	264.174206
383.816252	350.400171	198.249738
385.359407	354.034076	151.974514
383.982784	356.447057	198.736654
386.191786	353.558761	146.566957
387.847998	349.908282	128.87353
386.466143	349.138178	199.18021
387.420768	352.071668	199.854651
389.718781	342.963497	82.749026
391.641565	345.85583	82.718138
385.050962	358.381061	259.162517
395.180103	348.612203	130.623582
395.244041	352.199417	136.623714
388.08665	355.26621	252.999193
393.888067	351.421442	199.727065
397.987543	350.862998	134.866481
399.551909	352.390975	155.882283
400.929361	348.037401	139.231262
401.796909	350.999689	139.117692
402.023322	341.600501	83.37755
395.088498	352.639645	254.385766
403.755895	340.493427	84.407302
397.926803	354.230618	253.604116
398.540366	351.957708	243.491992
408.184722	350.165888	134.680063
410.084739	351.185306	136.316854
411.085552	346.361836	154.49567
411.01084	347.85429	133.830003
408.817354	346.917225	221.486608
415.841028	345.610715	135.476711
421.888902	349.820647	144.463716
424.551639	346.202539	139.467798
426.480657	348.716877	126.072517
419.628343	349.649757	264.572572
421.528335	348.907054	261.063303
436.018111	345.190156	141.058402
441.758334	345.304581	155.054869
434.22428	350.290906	262.655832
444.468862	339.395294	99.622496
448.132677	338.24288	102.444739
451.845212	340.120089	105.210973
455.660959	342.187202	108.688019
457.271721	342.81788	119.122282
456.614789	339.000993	107.800091
460.527077	341.147387	111.141059
464.095848	344.692348	147.901847
466.456711	337.018534	112.536097
466.419752	341.104662	113.492548
466.682184	342.853788	118.384479
468.516513	341.463643	116.724617
469.55494	342.643123	118.363109
472.285044	342.795456	147.522611
472.215263	344.78861	146.678247
472.58463	345.166981	171.713445
474.464875	345.777669	165.694367
475.24684	346.155483	155.395569
485.749266	341.662938	119.219374
485.765445	338.721505	119.991803
489.473544	340.618793	121.951258
494.895125	341.539169	147.338104
497.654569	337.39423	150.864068
505.950284	338.942889	152.158015
150.078061	358.689194	187.12907
156.86182	351.296707	135.481027
157.34528	349.071297	143.298096
161.23614	346.71393	126.533374
167.380436	342.314638	53.555501
166.814129	353.120967	121.803399
172.578263	339.521409	48.757404
161.038939	350.357333	168.393241
164.971538	356.259248	168.121705
166.942411	353.409962	157.861432
172.565431	347.025961	129.790518
176.141274	345.797353	116.752717
172.427212	351.246981	144.130856
176.060584	349.952357	120.132843
172.454834	348.745582	148.464754
178.973626	345.736078	116.845481
179.307463	350.600715	117.566445
182.165205	345.395845	114.367143
182.254245	350.454226	116.773919
175.95344	349.336973	154.984524
183.113947	349.479358	116.834495
184.263656	350.32313	115.969297
186.304228	351.453137	109.117265
185.228867	346.184369	113.597635
186.267579	347.118806	113.597937
186.316294	349.133036	114.367045
186.388273	347.018924	112.748144
177.636648	357.017803	177.007086
188.474509	344.751532	110.339475
187.700336	349.503506	117.782676
190.617313	344.49325	108.713522
184.812138	352.501517	146.115185
194.280197	343.800542	94.882693
188.623963	352.478221	145.189964
188.923075	355.74375	149.93372
196.710356	348.294283	100.86394
194.15066	349.255222	123.762281
187.427678	351.989805	163.321532
191.79657	351.806615	147.615602
188.924504	356.693335	184.968997
193.848909	354.24056	142.546714
194.415198	348.507571	142.064063
196.081871	348.124134	137.980803
204.464969	343.717399	96.807893
199.255895	353.969897	138.460767
198.145112	355.528437	144.899756
199.334316	353.310666	152.178882
204.365663	353.455284	141.013089
201.534993	357.276246	168.633883
213.35676	349.243035	93.521089
208.271529	348.48228	138.109499
208.023663	350.657438	140.432661
217.392002	345.720718	90.354858
209.476732	350.971577	142.878445
210.678346	350.379146	146.128031
209.194136	353.793461	154.391296
215.364716	350.007674	150.937796
216.609827	352.541191	146.217163
226.222469	343.009673	87.284357
220.761996	352.563437	144.822449
222.779954	348.719201	136.889364
222.246598	349.81562	145.823942
224.111627	352.632619	136.75284
219.423261	356.487642	236.645911
225.173166	348.298064	133.622555
224.943095	352.773121	137.624361
223.798591	352.600803	144.175608
225.76064	348.674726	136.16804
224.320881	349.806334	145.132998
226.590752	348.812121	137.03834
225.527704	350.7282	144.350775
221.400121	357.900132	257.019114
221.632986	356.840299	255.277694
228.157164	352.505177	135.238985
226.552811	352.802763	145.129013
231.438556	352.061067	131.954856
231.114522	352.442718	134.510948
229.500868	354.949346	146.025849
223.293282	358.107771	263.132455
230.819113	350.607787	135.437379
231.951837	352.584855	135.39787
224.914406	356.852662	257.858579
224.207591	354.143061	263.108192
233.076197	354.557698	135.357838
231.782591	349.514044	134.668038
225.366114	354.751221	254.355615
233.006044	352.474569	134.587745
232.696674	351.7449	136.321942
233.354401	348.803123	136.468506
234.614805	349.544748	134.77564
227.121614	357.932319	261.361475
234.681047	352.754915	136.364861
228.776631	356.948102	262.229394
229.677355	357.659362	255.173392
230.453263	356.688009	256.046835
237.188736	354.754285	151.357509
238.962181	353.299548	139.950687
239.956318	354.234066	133.04301
231.06653	358.011957	264.900532
238.740697	353.541504	141.62995
229.94771	358.45877	272.857262
230.441742	357.611046	275.495982
241.047101	353.051191	138.333286
234.704226	356.665272	256.915057
234.059619	358.833497	262.283281
248.72063	342.429375	92.119518
237.2437	358.502355	238.825194
235.437439	354.718567	257.770583
244.746818	354.138481	139.289718
244.731476	355.251398	140.110171
235.317358	361.333644	273.015933
235.434527	354.646225	277.235222
239.372945	354.58937	253.305217
238.716376	357.696375	259.634302
246.316885	351.137737	139.440368
246.499247	353.119728	139.381061
239.888056	357.613807	256.957827
249.639709	352.534471	136.010489
250.561453	351.387328	135.197606
250.522995	354.74622	137.694244
242.652373	357.564358	255.188715
239.828005	354.56952	277.302559
250.256161	352.899964	138.624494
262.587203	335.174417	51.083626
250.169099	351.909767	138.655889
252.970698	348.295062	128.334877
264.517742	333.963783	49.262391
252.781225	348.55831	130.079556
252.17177	352.713803	137.803518
265.491571	333.848027	47.421085
254.241432	354.49706	136.902402
246.111236	359.530692	255.306768
266.284982	337.040851	47.922927
266.320407	336.991742	47.048851
266.399666	334.839011	46.365917
267.302796	336.85062	44.350663
267.243003	335.922184	47.058775
247.879266	358.522462	254.413151
257.283623	350.673295	131.821702
249.910255	358.048364	220.340249
269.003138	336.955004	46.783183
257.362523	351.663981	131.782979
269.085491	335.815027	45.137158
268.941437	338.061882	47.558508
254.692244	350.377446	150.787854
255.557696	351.433785	151.614617
264.947108	346.867489	81.835542
269.91346	335.891485	46.784669
269.992163	334.756357	45.138464
270.806453	336.895464	45.725297
256.413479	349.523489	144.919114
250.215118	357.555631	256.270335
250.304931	357.539997	255.363175
270.806453	336.895464	45.725297
270.774294	336.939934	46.593951
271.678583	333.825213	47.650518
272.587192	333.777418	46.677504
252.293522	358.480463	252.720544
252.710458	358.545417	257.302478
253.056285	358.485246	253.662997
273.345509	338.037702	47.066686
262.421702	350.78936	126.560747
270.917558	339.851584	82.150282
276.018482	337.953954	45.019099
276.067375	334.794541	45.293736
276.927895	336.864764	44.140048
265.671379	348.933162	128.4333
276.942705	335.812532	44.230623
266.720427	350.886503	120.353503
271.897699	342.966444	81.772913
262.170618	353.636388	156.715629
276.590281	336.247135	51.168061
259.348352	359.979456	214.402168
277.779992	334.812128	45.072216
278.472439	338.130179	47.273996
260.063927	354.92185	210.973902
278.558765	340.100728	44.511322
269.165909	348.96238	121.340458
266.049786	350.016897	153.635445
266.475796	350.673792	151.061225
261.94429	356.730789	200.423839
281.196721	339.003278	42.548396
269.026075	347.888642	137.327741
267.490992	350.503018	150.230726
272.490498	351.356585	116.710983
268.687696	351.206727	148.49725
268.088752	349.673724	151.98798
282.712876	336.112679	46.864314
269.72263	353.103645	148.412292
282.904954	336.935486	42.48862
270.404247	354.528402	144.026216
269.381092	353.424407	150.957808
283.482186	338.310026	47.426108
283.789819	333.781095	41.78516
278.578282	341.426062	82.146967
272.055662	352.673258	137.123586
284.261496	338.403615	48.167286
272.777796	350.975329	157.91966
286.996208	339.274526	43.427494
286.8597	337.320477	46.163998
268.420755	355.386801	220.58792
286.321749	333.831162	40.57999
266.047926	360.447538	262.538802
266.808695	353.230272	248.640876
286.910771	335.160351	45.482184
286.854441	339.436563	45.992144
269.993065	359.31429	201.797862
266.68001	357.494871	263.326399
287.07736	339.1843	41.728321
275.78764	347.916396	140.89332
266.758178	357.464871	262.427491
287.827877	338.253713	43.389575
287.734661	338.357189	45.097716
276.117113	352.556279	147.617885
267.613888	360.465103	264.423469
287.781045	339.361097	44.15941
277.044291	351.69289	139.825196
268.599352	355.357165	259.707901
267.589504	355.4406	261.464736
288.453497	338.518095	46.691253
278.261357	347.155905	134.774734
278.12401	352.235141	145.912216
277.86804	348.316856	146.129275
289.383331	338.438877	44.853712
279.746834	348.629521	130.251573
276.371004	351.746848	158.753996
290.303862	338.375938	43.026264
280.235411	353.369416	128.173097
286.426897	342.718286	80.281155
278.62501	349.422238	147.809397
270.928421	357.078917	253.562172
290.455067	334.010556	39.976064
290.158381	341.725992	45.344434
290.101117	340.728502	46.280425
285.203418	344.916488	94.909183
280.939007	350.148453	136.389374
272.097044	353.947934	247.157073
291.167855	337.319285	42.137681
282.076104	346.951528	124.076141
280.905638	351.215815	137.21197
283.185391	350.027912	114.789564
272.177395	359.206055	260.982105
291.801173	340.760033	45.183219
283.435716	351.692926	121.939798
278.174933	354.424117	166.953312
278.357335	357.383138	166.707167
282.906954	349.881679	134.632264
271.147796	358.664234	272.543719
293.524157	337.573833	43.47713
271.74516	353.680435	272.282511
285.560785	346.209623	106.777951
282.536942	347.102414	136.569653
278.873502	352.441694	167.966732
293.596133	334.324276	42.029283
293.596133	334.324276	42.029283
292.920406	337.21217	51.327895
281.057314	353.296075	158.679334
292.506579	339.933513	55.522673
283.519836	350.082918	137.282034
283.165824	352.457498	141.543497
283.77121	352.649143	144.157423
293.703685	341.622322	51.729725
281.14059	353.961908	165.354864
280.755945	351.168169	167.264444
294.350011	338.684396	43.277017
293.50432	339.73191	53.650222
275.315183	359.858652	254.830891
293.592292	339.610808	52.775222
294.256344	342.051414	54.234482
286.619544	351.898221	125.512211
294.346609	341.922768	53.359004
284.316053	351.860917	146.820013
281.66436	354.230626	168.691239
292.076682	343.175066	70.47843
295.455138	339.421443	49.927152
287.832438	351.554526	121.889947
287.500724	351.863175	125.505968
287.482155	345.619006	122.334314
296.018648	339.815106	52.429715
295.998305	338.756509	52.518455
296.514493	341.340952	47.053195
292.035529	343.360505	81.51533
296.394977	338.248481	48.161922
286.220076	351.960126	138.048897
284.3247	350.168155	160.638714
296.376882	337.193608	48.248408
289.384669	346.470735	121.350252
296.951332	341.895585	51.274338
296.737738	340.009465	53.19466
278.629271	354.683657	253.011406
297.30586	338.235837	55.028922
290.162591	347.582968	123.079437
286.941923	352.416477	155.387608
297.988597	337.337607	48.020608
297.71817	339.847193	51.332541
289.388356	352.402626	133.561141
291.085872	345.414994	121.422249
289.315327	350.069542	141.708392
288.889362	349.392838	145.259103
299.29601	342.236002	51.824803
289.177881	354.280517	144.9223
299.742785	337.320314	46.065584
290.336922	347.150086	130.344018
281.183169	353.226196	240.521982
289.306866	352.808881	151.09129
287.120397	353.711749	169.659075
290.831159	346.404992	133.979906
281.548256	355.377778	249.607551
281.40038	357.479529	253.280066
296.070271	345.8763	82.833856
292.213389	348.283547	120.267606
299.874587	337.150645	53.039502
289.346776	353.16525	166.364037
289.866337	348.528071	159.98278
291.726508	353.168145	145.878128
301.59991	338.242291	51.860359
284.151073	356.214809	250.696953
294.052544	349.534789	139.109465
291.32561	348.651651	163.403108
292.164892	351.068629	157.24439
293.87766	348.255034	148.862518
293.055287	351.355182	149.494651
295.31145	346.433786	124.055692
295.040218	351.053376	147.793788
295.941927	347.643296	127.591298
294.958975	348.036203	147.14511
293.967142	348.831219	156.592725
297.403859	351.229093	122.715436
298.067543	350.66321	114.431412
291.225624	355.891333	196.341773
296.867221	350.257126	138.17317
286.446071	356.712743	266.942519
298.105484	349.271575	123.79822
296.919608	351.238042	138.097827
295.615081	351.917913	159.777159
297.602018	347.241414	138.404764
297.630694	346.193555	137.593244
296.956059	352.857923	147.666744
297.508182	349.596581	158.298312
298.809303	350.005979	136.410352
298.730269	350.065729	137.299412
308.458523	336.146527	45.995113
298.398077	350.937572	150.439228
294.590927	355.527086	201.009377
300.410134	347.965668	137.469944
300.638784	350.859707	136.343231
299.469648	350.722912	148.72687
299.220381	347.831584	149.824809
302.897312	348.696273	118.283948
301.194797	352.06034	140.708859
299.45773	351.390223	158.173291
302.99629	346.531611	115.716085
301.351568	348.883385	137.399934
302.391019	351.766451	137.166009
305.35758	349.060233	108.855186
298.60152	349.699813	194.472698
301.149639	350.280065	159.16009
304.099858	345.955944	124.074095
303.353959	351.645796	136.279561
303.315425	350.219374	146.175393
295.462701	355.437966	253.117347
306.595728	346.256366	113.855033
306.519493	347.362473	115.603101
307.176914	344.373666	116.850935
304.834482	349.247273	148.906198
301.371164	351.426208	196.241562
303.867161	347.941083	158.562863
307.581033	350.890857	127.263618
309.072393	346.22636	115.71133
303.225546	352.218671	197.159813
308.029187	352.354164	155.651781
309.204844	348.946633	150.746031
306.290593	354.852447	196.22106
306.020142	352.87879	198.13404
310.140296	347.408393	160.484927
311.277454	351.30897	160.145063
308.45351	348.483567	200.314766
309.472272	352.214746	191.218371
317.498882	348.924461	95.229459
312.964985	352.304759	162.686559
312.788202	350.364031	163.734467
309.745943	350.303712	197.58103
309.874862	355.442596	199.03882
315.321537	344.284913	126.069275
316.587331	348.03514	121.99847
315.815159	350.636987	135.503098
314.319231	347.667764	154.456956
311.020284	353.166315	195.65275
311.724128	353.130379	198.372769
315.090008	348.739842	157.001375
312.158161	355.042099	194.674558
311.528961	351.125676	199.392161
312.850012	351.899708	195.824907
312.391515	351.027319	200.333576
312.609789	351.989048	198.488777
312.506805	353.058152	200.210771
318.922988	343.937434	124.274053
317.862505	347.796149	142.984814
313.392391	351.918318	200.323216
313.161182	347.857996	200.567904
313.322476	347.801638	198.79916
314.62398	349.621503	196.067763
314.324583	348.695096	198.785574
314.266689	347.67967	198.849803
320.788604	350.356781	111.410989
314.636098	352.729734	197.635502
319.795136	343.870588	124.282042
314.636098	352.729734	197.635502
314.336187	351.794916	200.374513
315.222746	350.657817	200.487074
315.546586	350.547207	196.933892
320.677567	347.902966	126.637155
321.498357	347.872393	127.564007
321.039098	351.282374	137.300914
316.225482	351.551336	200.477566
315.911762	347.521131	201.606038
321.83413	349.229664	137.492244
317.541623	349.233206	195.340575
316.469071	351.471348	197.805536
321.951178	348.115986	134.86726
317.950597	352.182419	192.480466
317.678766	350.217141	194.388742
317.276267	350.364358	198.810822
318.24624	349.20451	198.040303
318.418761	352.248902	197.843835
319.029743	349.141955	199.864184
323.926281	346.782923	130.436471
319.400535	346.942589	194.705212
325.42766	349.323549	120.941128
324.730811	343.687574	129.818091
324.660674	345.795105	132.363367
324.651516	346.828122	133.181695
320.393375	351.989344	197.058915
326.292431	350.282302	121.77832
325.656826	343.577147	128.917017
325.805055	349.617528	130.181002
326.122048	346.303705	122.190734
323.349507	353.681115	197.08319
323.991065	349.542326	198.280121
324.80923	351.531248	200.877142
325.237017	350.371573	195.610058
325.029596	352.497444	199.03204
335.197826	343.859538	58.399478
327.601085	350.202568	201.080605
327.772197	353.238376	200.908032
327.427466	347.172658	201.249983
328.403266	346.0404	200.465859
333.876061	342.656521	122.580268
332.195203	345.438156	160.347573
336.2437	343.078547	111.289836
331.346934	348.796877	201.318516
331.263792	348.81784	202.208029
343.048347	335.846984	41.964934
337.795912	344.09705	115.909374
337.903718	342.991418	113.195502
337.723359	342.095826	116.11418
337.023103	345.841151	155.081222
338.855567	349.958875	159.253605
339.963993	348.5115	152.246989
340.605089	346.79307	158.643146
343.237548	347.613687	115.606199
341.721498	347.444388	153.25233
343.175585	344.371019	134.452519
343.709364	344.882078	145.349065
344.513687	345.022436	148.963271
341.738527	347.897548	202.61274
341.771821	349.92396	203.405432
346.015779	349.180125	135.033866
342.715452	346.808604	201.801406
342.515568	344.81538	202.78537
346.286012	347.768675	126.841809
345.301095	348.472229	157.711978
346.478209	346.745374	146.15531
346.441582	347.899564	148.788533
347.446019	347.629606	145.198985
347.240755	343.798708	148.168857
346.993848	343.311959	157.193425
347.822823	344.554796	162.479747
348.919902	346.265379	157.919196
346.523515	346.548501	201.902119
346.614827	349.573031	202.646093
349.40014	346.139653	138.947764
353.517834	342.081208	67.809983
349.966732	346.950919	153.401452
347.589655	348.495994	201.825993
351.137105	341.921781	137.410116
351.434697	347.679106	133.361778
357.218352	335.557978	35.961018
353.031487	346.667957	114.898628
352.942479	348.278046	145.211612
353.055882	341.573716	133.779758
352.861841	346.342822	146.241584
351.560898	346.154818	186.147751
354.472922	347.084828	159.722445
354.33852	343.126243	160.859724
355.55544	349.761625	155.079265
355.463791	344.533104	151.797707
356.293863	342.564798	119.911918
355.435776	343.53318	151.855495
358.787657	338.18014	60.068347
356.334422	343.598637	153.661513
353.290345	348.154535	201.939218
356.922929	345.008933	128.984893
356.162697	347.479051	168.612148
356.799303	346.344237	134.408799
357.624569	343.293167	134.59872
351.296246	348.459658	238.405234
357.882534	347.981281	129.722876
358.402887	341.475377	138.358188
356.167186	350.007431	202.779368
358.706835	341.764066	127.359063
358.627512	344.047453	131.808354
359.141253	349.0278	162.329173
357.02376	346.940566	202.045
359.28457	343.718336	142.788932
359.751515	342.464777	123.644574
360.691676	341.276463	121.884303
360.224627	345.782829	144.49394
360.08211	346.64592	157.110739
358.026221	347.89302	202.008059
361.052923	346.297634	152.627455
361.349089	343.84957	131.828452
358.907566	343.82601	200.435453
361.94694	341.654575	112.633476
359.83484	347.790684	202.924904
361.111079	348.233319	151.611179
359.915637	347.791094	202.030267
361.948966	341.808829	146.524524
359.995093	347.791764	201.136688
362.854837	341.884175	148.335034
360.549057	343.727031	203.125347
358.013783	346.275075	227.981606
360.797437	343.726263	200.458104
363.883909	345.700492	146.318624
364.223375	344.277323	126.326056
365.168478	346.205946	126.227582
362.434637	343.622739	203.146448
362.631875	345.630495	202.159165
365.388921	344.218255	172.470827
366.185262	342.704085	120.032373
365.79383	347.392058	143.49701
365.785664	348.659758	147.06455
363.655153	345.581638	201.276992
368.184407	337.330606	50.14366
364.721236	343.544603	186.471327
363.376121	343.570175	203.156402
365.887784	347.916875	137.092418
366.509779	343.618205	161.820921
368.164979	339.760606	78.969241
369.692383	342.665893	123.720972
367.600695	347.390013	200.310491
369.329237	344.657914	164.474067
369.631293	345.004441	128.144544
369.542955	344.347411	132.720252
368.538201	348.429795	188.805005
369.391196	343.463123	147.320694
368.137348	343.391905	191.73903
370.346643	345.620776	149.936667
367.679873	347.395987	199.41996
368.669032	348.35048	199.368547
369.38924	350.404538	191.297029
371.280692	345.293057	146.306919
369.369847	345.271436	200.43451
371.20603	344.62376	165.382363
371.077285	342.88567	170.844012
372.251662	348.383568	147.961864
369.451663	345.277774	199.546596
372.131118	342.406109	162.806216
371.20483	347.282254	190.639322
372.180262	343.240776	146.396503
373.097083	345.641602	167.119537
371.262086	344.248512	188.232073
372.272517	350.259469	190.438769
371.839548	343.19103	192.651407
372.017387	347.229187	192.390936
373.110075	340.537843	138.321971
371.814201	344.198318	193.460482
371.242114	345.160645	200.446548
371.426776	347.182454	199.441368
371.486595	345.182199	197.788779
372.492008	348.142957	198.495433
374.090474	347.213692	147.094803
373.989511	343.631129	168.138752
372.961251	344.15164	190.854802
372.532329	344.131152	196.09455
372.627264	346.148959	195.968684
373.82954	347.120191	193.27488
372.521694	347.143205	197.670814
373.96502	347.127262	191.528159
367.585207	349.279697	253.066433
373.758946	347.115221	194.150719
374.795157	346.059867	192.473155
374.607718	345.04031	194.287979
374.36267	343.008306	196.168822
374.664774	343.028319	192.674284
374.025576	347.988299	202.066614
376.877525	343.686147	155.435297
374.742431	348.069438	194.085637
375.664598	345.999008	193.349417
376.854428	343.341806	150.887502
376.859945	342.17339	162.800251
375.457554	342.961938	194.423768
375.532905	342.967093	193.551151
375.636245	347.003223	194.155827
375.778474	347.014064	192.406522
375.425864	343.966468	195.233251
375.896359	345.001498	189.935855
375.502287	343.972636	194.358288
375.607412	348.006064	194.965136
376.854364	346.964499	190.66483
376.633301	344.935589	192.548135
376.404221	349.938877	197.480276
377.68685	345.892081	191.607646
377.562678	342.857627	191.818046
377.303278	343.845955	195.238996
378.67423	341.977409	135.483847
377.258676	342.834869	195.305429
377.141392	343.829585	196.994374
377.303278	343.845955	195.238996
378.40762	345.813305	194.226064
377.095298	342.819102	197.059056
379.619322	346.163455	138.004755
378.577145	342.80057	190.951308
378.639843	347.848262	192.333163
378.350903	349.826874	196.586799
379.217435	342.71515	194.43405
379.223988	344.730427	195.170866
380.525694	343.794449	134.49036
379.660148	342.744063	189.216689
379.464604	346.768745	193.277018
379.054085	342.698762	196.184189
379.054085	342.698762	196.184189
379.150025	346.732817	196.791206
380.654253	341.796108	160.034071
379.447838	342.733925	191.820477
379.474362	348.782346	194.007477
379.320134	348.763849	195.768115
380.542634	344.699398	190.805243
381.645241	348.580111	156.908207
376.805128	343.615596	224.716156
381.412595	344.628532	191.670544
382.555395	338.602786	81.487511
381.257003	342.596801	192.686744
382.463394	344.822531	147.969576
383.42593	346.920251	149.666991
383.446476	342.115745	152.626215
383.260951	347.511371	193.174352
384.335925	342.708	148.010871
383.141034	346.490244	194.127183
379.014675	347.689948	248.091512
386.026126	343.976958	129.091041
379.645209	349.179072	262.580787
391.700146	341.501191	138.835132
394.753666	345.361352	151.104637
395.457074	333.416036	87.206948
398.184993	336.790423	83.515123
390.882369	343.272984	256.005887
396.767083	346.090798	251.804664
397.147031	343.338436	245.394628
405.25293	343.266984	124.691573
406.334472	340.526449	128.174639
403.532815	342.663677	214.004132
400.805175	348.936922	261.16595
408.724829	340.313894	204.610286
408.705761	339.301829	204.67323
412.698523	342.691686	145.850258
409.643645	339.187767	204.648192
413.649824	338.352543	142.518888
412.591712	345.957196	204.148169
422.945048	342.314836	156.450227
429.025088	332.130041	97.126518
422.145053	345.071748	262.882362
436.017001	342.066709	139.476987
426.569155	343.686686	262.900527
441.02429	336.304135	151.881782
444.738679	335.909986	151.941734
446.834845	337.860917	157.725
445.545133	341.239258	142.104678
450.765566	336.012939	147.231754
456.286702	334.404721	147.474354
459.770797	334.910494	145.988882
458.550716	335.774203	106.83542
461.540817	334.91415	109.261516
464.19049	336.380219	145.37564
458.127743	339.956299	231.040127
468.326976	337.732135	158.216658
471.155083	333.437874	160.045802
476.496393	333.894664	191.65721
478.197122	333.694839	114.576733
484.993468	335.456383	193.759091
495.548138	332.859653	144.829045
497.129238	333.332925	140.721143
501.790445	329.202518	146.104514
501.84059	330.319587	146.953428
503.022787	331.875914	153.656198
514.610381	334.414527	146.017561
517.853025	335.10112	153.378016
519.186755	328.24052	150.213688
151.40385	345.629864	125.959189
150.8106	345.8166	162.923969
154.228938	343.653942	138.468982
155.368829	342.914595	128.608471
154.766886	344.44927	146.996496
158.360598	339.626873	121.107724
157.483543	339.187055	130.409895
156.085893	345.212275	144.353411
159.119053	347.048846	142.417092
159.740592	345.182062	143.304392
168.099875	335.08042	51.909193
163.674958	342.801148	125.637586
171.715016	330.794585	41.129892
172.284401	337.770737	51.281463
165.354523	345.523596	135.261887
168.032911	341.253871	117.464516
175.353808	339.601347	51.439029
165.896442	341.67009	135.37207
175.888076	333.714963	53.165548
176.661814	331.582831	42.235492
168.058867	345.712011	158.90961
171.542453	340.546745	132.652815
167.823926	342.794029	159.022999
176.575913	338.943407	115.12232
179.750207	341.724864	115.227851
180.052862	344.582061	115.172705
180.816654	341.608737	114.406135
181.913492	338.34779	111.024566
176.747797	344.87597	147.616577
173.772318	342.602916	167.989769
176.295473	341.594309	154.463135
184.278051	339.992127	109.38913
176.120004	349.29565	178.09972
185.892625	337.060343	109.567152
185.983157	339.071765	110.395442
186.28344	341.93657	110.33101
178.952964	342.650759	155.11976
178.776228	344.758675	157.527346
178.765922	348.791671	159.870556
188.221856	340.818528	109.604017
188.620519	343.587495	108.662025
189.299387	340.684088	108.799078
189.0825	339.832544	109.684196
181.920444	348.543289	156.36038
184.462541	344.202999	139.092658
190.224951	336.499804	106.372726
190.224951	336.499804	106.372726
190.29018	343.744663	110.45556
190.376169	340.548625	107.992908
191.090019	340.736714	109.752647
191.542721	341.373072	107.152009
192.071478	342.245819	121.633643
196.794663	339.734673	103.084352
187.005644	348.226539	164.322328
197.804739	337.552126	101.46876
189.715422	344.813835	156.136635
198.987581	340.44006	101.358814
199.52588	344.809754	112.307734
203.007452	339.049255	98.880691
202.752906	337.208884	99.866621
202.715839	335.142354	99.103564
201.882009	335.968709	105.158392
201.085608	340.717922	117.656721
196.879644	343.750888	141.526297
206.958003	336.659984	96.457685
198.683836	346.303174	147.829607
198.622576	345.716533	152.598707
203.081792	345.122267	143.90818
201.579824	346.352926	161.81026
206.35186	348.003222	142.980138
214.307197	334.537265	96.716247
212.572995	343.599917	116.626578
204.192722	347.442358	163.202387
205.687984	345.071364	154.091579
210.830749	344.243503	142.47826
216.993874	339.801682	104.912744
212.663335	342.28258	141.824899
216.205456	342.167479	132.84292
212.106288	343.385149	154.251131
213.743557	342.207701	150.552543
217.814642	343.193446	140.297095
218.055932	343.678103	144.335153
218.281863	344.485406	152.886024
222.747372	342.111443	138.870591
217.92701	352.084339	256.287206
224.956397	347.440545	134.505492
224.231576	347.035193	138.696747
224.533305	344.61897	135.470479
219.962529	346.3928	261.480792
224.859667	345.925626	145.331673
225.47699	342.269884	139.791334
226.688005	342.0565	138.179216
228.41342	346.766426	136.357373
225.987556	344.357196	148.658341
221.3857	350.349506	264.016282
226.502335	346.159109	147.013783
230.209386	345.806169	136.466356
228.142265	346.385623	148.693208
231.87128	346.072071	138.211563
225.616693	348.620992	270.925963
226.458593	346.650377	270.890922
244.709682	337.774051	79.116029
231.780146	349.91303	166.681835
246.134374	331.905557	81.624071
229.493328	354.663036	275.4195
229.906654	346.877626	277.015
234.653545	348.078687	166.337183
252.700753	328.927756	46.951066
230.936454	351.772657	277.12186
233.843063	351.994438	263.018091
232.29777	350.902955	279.759037
232.799058	350.703911	276.211287
235.184519	352.820457	259.505427
235.164953	351.844695	259.485927
255.399392	329.011848	50.40361
234.494453	352.689287	277.163006
258.303127	329.766336	46.587296
236.320669	347.649127	275.243177
246.858892	341.399797	128.499765
236.580757	353.882156	281.657397
239.234011	346.496076	272.56476
239.570372	350.674673	278.032426
238.579723	354.123193	287.034477
263.67031	332.883014	48.558406
264.558204	331.867881	49.457229
250.045846	350.24766	156.384629
245.524259	350.625349	249.643698
246.277861	348.673024	249.609132
245.331106	350.793848	259.512356
251.18032	348.585373	159.793701
254.261913	346.783891	138.906563
255.892232	344.717739	139.000464
249.588952	349.650049	240.603587
257.887352	343.293302	129.469419
258.506079	344.730716	139.921051
251.800401	346.679906	242.428299
251.904062	347.689032	251.470586
259.077005	342.727075	147.778815
252.369046	350.694993	256.984426
261.148854	345.362252	153.722645
261.587638	349.218586	152.72464
264.284435	339.668966	134.058937
271.316399	337.184871	84.109808
263.660611	344.583534	148.691643
253.973406	353.644801	283.887243
262.286803	344.787294	158.014773
277.2201	327.144904	61.554978
264.414917	345.74498	150.382623
266.69707	344.363261	132.163803
264.775073	345.132328	153.8359
267.699907	345.183024	139.17666
269.262217	348.303429	149.501565
273.207355	340.700324	120.000439
273.141953	337.485729	118.408695
281.538651	330.242235	65.031459
268.436497	344.539058	159.910143
269.16867	343.56686	160.831776
269.034423	346.851251	163.16108
263.259763	351.566749	259.257079
281.830153	334.219882	72.58504
272.328824	343.54197	144.551174
269.643283	343.873476	164.2088
283.619942	333.017532	67.128622
272.299	343.309627	151.502739
282.781245	337.40958	76.645138
281.941223	337.33857	81.241882
280.782329	337.642693	83.138776
271.476976	348.984511	166.425351
274.297244	340.886026	149.046092
287.149969	332.821757	40.549917
272.440449	346.411738	172.48431
283.67304	335.206258	80.337303
273.613009	346.456722	163.296392
274.38329	345.781459	157.415719
268.968986	351.233363	252.316804
274.725526	344.095532	160.930349
278.814807	342.351294	127.033854
278.818865	346.599065	129.473876
284.299871	334.41347	81.246201
278.79257	338.995955	133.413569
278.572054	344.519973	138.444786
280.514379	338.181693	116.566595
280.973718	345.087336	125.093689
280.309483	343.650683	130.532884
279.468773	344.470143	138.455753
277.68368	347.139745	153.961506
271.440094	346.082116	220.983973
278.709928	344.125232	144.608167
269.652369	346.500663	261.104436
271.659153	345.086926	245.990331
269.336422	351.66229	268.496162
287.096869	336.42135	79.866067
282.942622	340.677975	111.853945
280.269121	344.509396	139.342419
281.223717	342.531896	129.710284
277.363336	349.189066	164.009925
287.384872	332.735506	72.907832
289.833202	330.536673	62.944634
273.05364	348.899703	241.67614
272.711519	351.973947	248.945578
288.230081	336.100213	77.949166
292.997801	325.749679	37.04367
293.658587	331.116485	40.606721
293.797817	332.037991	37.990802
293.725274	328.9741	39.114922
281.083839	342.135596	146.482855
283.643479	345.814624	133.987758
282.20531	344.679444	153.300948
294.422761	331.211735	41.332422
281.556229	348.370412	159.896486
295.305031	329.114299	39.714263
274.922558	349.613785	273.070835
295.602038	330.698079	47.193094
283.670196	340.623709	154.420747
296.828009	326.188353	40.632343
285.506188	341.086594	162.179857
277.060108	348.706462	278.406314
297.747349	330.118634	49.561174
288.693806	340.572912	134.341263
289.696725	338.553851	122.85226
290.054384	345.323545	132.263418
288.25679	340.585539	146.669715
290.41259	343.961103	127.872249
287.76246	344.107872	152.543758
300.001433	333.833244	42.027685
299.876535	333.9584	43.740855
291.23281	341.039273	117.214883
290.190445	338.625738	136.250992
290.163471	339.695367	137.072513
289.436116	343.412226	145.646797
299.078659	330.57238	51.978579
287.070285	346.381754	166.925043
300.742027	330.781993	42.19275
291.437995	344.519748	135.893133
291.531266	339.482908	122.792835
291.540217	345.098257	143.811039
301.249852	333.280982	46.204088
302.512641	326.555581	38.974283
292.966597	338.378471	135.419995
302.451273	329.764047	40.359609
302.069817	331.1975	45.421419
293.139406	341.362449	135.228583
303.190397	329.891153	41.102815
292.019845	344.323363	147.370225
303.056766	330.019762	42.819011
292.44034	345.02698	143.824863
289.602204	342.039144	167.332607
301.799864	332.568607	55.914597
292.169415	345.239748	146.437503
293.948312	344.477632	137.692055
302.223454	329.852284	51.673861
293.863133	344.545271	138.574224
287.523428	344.153082	201.246581
303.813775	331.198503	43.475557
296.106525	342.528185	112.45178
287.298538	346.450454	221.384383
294.506312	341.577215	139.665874
289.286364	344.991276	203.055939
304.350162	327.283293	45.528732
295.765629	343.29525	136.900514
293.158417	340.66762	168.387318
296.037895	342.042922	133.424539
305.146412	327.355167	45.426732
295.598717	343.425611	138.66685
295.598717	343.425611	138.66685
294.369947	344.984577	159.485569
296.356165	342.432344	139.630019
294.402188	343.915097	158.709307
305.77849	327.597287	47.081351
305.85057	335.062605	48.120378
298.900301	344.383553	111.312671
296.439871	342.36817	138.748809
298.176745	340.856244	118.139814
296.356165	342.432344	139.630019
295.254894	342.225747	150.176384
291.074365	342.683776	202.412087
288.831197	343.503292	236.521601
295.565443	341.546773	155.448724
295.789999	347.217072	164.468207
288.835426	351.050223	254.378128
306.658628	327.58144	46.104591
306.574863	327.669763	46.984393
297.357747	343.912163	148.345714
295.234011	341.947807	176.031828
298.312984	342.169796	137.894396
297.505281	341.736984	145.868235
298.458596	345.746216	147.351775
308.55941	329.54192	43.073564
308.869159	330.147628	48.253886
301.960265	338.296267	112.866486
298.105614	339.331208	156.529342
298.42317	343.264672	155.380562
300.968906	343.013089	138.748465
302.680905	340.528043	116.334555
299.652551	340.86473	151.224429
300.588435	342.830487	151.973724
299.166589	342.852662	165.793663
311.623091	327.797044	43.795829
311.623091	327.797044	43.795829
297.631147	343.860922	202.715412
305.141052	337.382403	116.665831
304.726297	336.737456	122.210419
305.39863	342.406479	116.137801
306.630578	343.082361	111.40237
301.94817	342.538864	165.897448
299.593937	345.645107	202.720483
306.607582	338.874604	109.075178
300.666799	345.463286	201.018717
307.088475	341.313169	116.253473
304.199662	343.532078	152.860964
305.754243	341.952111	145.095936
303.780833	343.400191	166.733999
301.616386	344.286848	200.253932
308.926088	343.224317	116.04288
308.911585	337.976838	112.915214
309.206036	343.680277	125.206171
310.323181	337.145684	117.631468
307.602704	340.237014	154.063216
308.210222	344.536765	159.83134
312.863876	341.572325	107.788878
309.01899	342.43984	160.034072
306.34843	344.669086	200.45397
306.368774	343.620305	199.637522
314.681535	343.130143	121.595507
313.58293	338.808137	135.630636
308.054606	341.36468	200.727503
309.436699	346.265153	198.725965
309.085855	344.320556	201.484316
309.831461	346.096888	194.348633
316.07878	336.02505	123.250839
310.965981	344.072076	201.584736
317.483435	341.344552	131.825404
315.941001	338.313394	151.735804
316.939097	338.645251	138.366565
313.34511	346.755987	197.982559
313.056291	341.674843	198.299119
317.802443	336.523041	137.650626
318.141389	337.312333	133.094397
318.982185	343.446288	137.075672
313.022565	346.870514	201.512659
314.428046	347.620179	197.086443
319.514749	340.99615	127.319081
314.20877	346.664285	198.913545
319.196083	344.317114	134.284672
313.861811	340.571992	199.277738
320.088123	339.491051	116.446012
317.740563	344.395287	155.694461
314.035058	343.618223	199.100414
315.222461	343.405645	196.526974
320.830144	342.644123	120.723683
320.522592	342.884978	126.21991
315.706695	339.010392	189.031001
314.945069	341.438256	198.396063
314.816676	343.558084	200.904638
320.517871	336.258538	136.797078
315.982694	344.395816	199.138352
322.313984	338.581237	122.995082
317.068117	345.263794	198.247589
322.795441	335.049573	112.297897
317.172576	344.188678	196.559644
323.922736	338.951898	109.938056
317.593309	342.194736	201.107459
323.883125	337.940971	110.062565
318.038185	344.104656	197.48345
318.845498	343.007306	198.469321
319.841053	340.81063	196.891488
320.037774	342.806578	195.897024
319.734845	341.88297	198.576369
319.452652	339.917111	200.434482
324.160677	340.013532	137.411413
319.759135	340.840827	197.762101
319.560825	338.845793	198.744462
324.741223	342.651643	129.001867
319.792923	342.895484	198.517375
319.544436	342.979997	201.148956
325.082762	336.814379	134.977869
320.847	341.714931	196.877821
325.045081	339.94048	137.423787
325.567569	342.618709	129.922521
325.056938	338.899669	136.608169
320.731525	339.69003	196.995746
325.400892	339.66079	131.107402
327.370162	342.435727	129.031971
322.940991	343.496823	195.974797
323.470754	340.443193	198.816623
326.993587	338.260627	149.240485
323.328893	339.460966	199.74239
324.839721	343.289585	196.067132
324.369413	342.412038	200.504692
329.417512	341.025982	122.740381
325.659986	345.286216	198.622271
325.344605	341.274349	199.725938
332.294746	335.87521	150.352914
337.541723	338.119689	117.454334
336.43388	337.128712	161.906142
337.698427	335.592369	130.559457
337.050314	338.421817	147.537171
337.752804	336.53181	151.251815
334.751521	344.449642	203.459392
339.030319	338.19864	123.002348
336.923056	339.592234	173.214574
335.763112	345.368626	203.448749
340.148328	337.921945	118.392973
336.384885	338.245538	202.909523
337.570357	339.13011	201.144065
340.673794	336.069127	145.908244
343.319994	333.832191	124.275474
342.83765	336.477097	136.84901
343.139358	339.561208	158.278898
343.462502	341.084015	149.214409
343.395471	342.280698	152.735281
340.286289	340.964902	203.790287
345.199256	339.014002	150.255129
346.514039	337.22623	115.633337
346.19166	342.010902	150.980243
346.139403	338.906649	149.365958
346.936762	340.205096	155.590589
346.96256	335.84088	149.538413
347.102106	338.747752	147.575847
347.24517	341.645869	145.592912
348.087339	338.535078	144.880486
345.483375	336.608575	206.732267
348.68906	334.927873	153.183691
350.301635	334.518458	129.665635
347.01104	341.500014	203.923049
356.548205	329.87899	31.030829
350.490831	339.294811	161.042413
350.966539	333.812211	136.079239
350.775392	336.354132	145.003431
348.082463	343.441193	203.860133
351.835213	338.080827	141.284404
352.424471	338.999045	157.489497
352.153547	339.601137	169.044672
351.427231	343.134914	186.331761
353.178301	336.183477	162.106913
354.239789	339.973677	124.70042
355.298529	338.636816	120.177227
354.640339	335.610975	136.867953
354.68912	336.556068	135.905756
354.580842	337.898364	141.290492
354.20592	338.944123	184.860564
356.311528	336.335515	116.631798
356.192264	336.492704	119.40036
356.348331	335.833855	142.297048
356.20051	339.703001	155.67342
356.029454	335.815384	184.16129
353.867037	343.092608	203.078886
357.163949	335.066579	146.857031
357.156308	334.003895	145.997767
356.971396	335.849949	159.451057
354.490833	339.041745	204.144588
358.261289	340.901584	144.7596
357.44223	337.627783	177.122072
358.112841	336.015427	146.811531
352.46523	341.926881	232.347266
359.836613	340.241375	120.09782
361.463705	336.240168	123.101031
354.435789	337.020995	236.813414
363.321802	328.412543	56.552629
363.242344	327.500056	57.542199
355.159361	342.82278	234.14519
363.213919	327.625283	58.46407
362.480883	334.911931	119.507949
364.076138	328.395966	57.563339
361.638517	339.004197	165.609347
364.190576	329.1876	55.660871
359.797171	342.772654	200.495349
359.256155	337.767141	203.367646
361.770604	333.85247	147.785394
362.230647	333.33018	125.997766
361.883764	338.806898	146.670292
361.818749	333.603085	144.170285
364.974006	329.046395	55.753612
362.492464	334.876832	164.895877
362.851966	339.627204	144.811307
365.166677	327.326459	50.347976
361.868222	340.62288	184.86683
363.719389	336.567386	144.94313
363.668537	338.077696	152.139986
364.238572	335.884701	121.293515
362.746477	341.612047	186.561287
364.774946	343.535238	185.603204
364.680126	342.535552	186.531408
362.921065	335.545828	203.494593
365.620207	338.397272	143.941831
365.349654	335.758132	164.883333
365.82819	336.322882	129.478329
363.235693	339.558248	202.449918
366.511529	338.674911	148.469228
366.27053	336.867877	167.535178
366.400078	339.701325	163.821412
364.259956	342.514023	203.212863
368.234419	329.278995	54.240431
366.769828	339.330868	130.240666
360.557659	339.384917	234.283814
368.085531	327.321072	55.272257
364.100048	336.491647	201.705123
369.179307	327.571075	49.82132
369.056857	329.024841	53.420092
365.371319	342.465142	201.446063
369.533138	326.356126	58.287038
367.783363	333.693368	123.229406
367.670491	337.191193	129.429598
368.393729	340.844251	152.000001
366.748077	338.397957	194.620967
369.342008	339.251078	144.78263
368.387937	343.380734	188.261212
370.386358	325.858306	55.612989
370.309275	324.942663	56.593914
370.296565	326.457378	60.234259
371.712149	324.645251	45.622691
371.322285	328.932623	56.466463
371.322285	328.932623	56.466463
369.486187	336.221529	194.761757
372.099516	325.147971	52.115093
372.730279	325.54487	56.821421
372.099632	340.336077	162.006426
370.877668	341.223448	191.893578
372.056397	340.601183	166.506628
373.025773	333.800055	142.216309
372.950635	335.297559	163.127521
365.195432	338.232393	251.183757
373.012788	337.029941	158.512668
372.928636	337.572958	167.555334
373.692408	327.246518	54.96593
364.248929	344.66368	265.376273
374.209023	338.148608	122.154849
372.193704	342.095376	198.853951
374.003056	337.545005	139.341201
373.350714	338.021537	194.709293
374.916526	336.777655	142.989497
374.638071	338.984637	191.186957
374.293323	337.963199	194.71963
375.814301	333.914976	159.51659
374.205534	335.937811	194.827083
375.844831	336.007633	146.64243
374.668161	337.971325	190.37831
377.126511	327.255911	83.358027
376.78445	335.954302	146.627417
376.786431	335.947397	160.351168
375.563322	341.95996	192.745368
374.947861	338.894505	198.167082
375.623804	339.9406	191.135141
374.851466	334.853508	197.502427
376.81185	339.184953	149.24264
376.834047	340.469603	152.844928
375.117306	338.906182	196.416219
375.468373	337.912316	192.122267
368.641827	339.183603	264.595451
377.719044	335.000153	135.761913
377.711235	332.879478	146.709516
376.657887	334.804669	187.962587
376.387021	340.884754	193.68551
376.23967	342.889126	196.178133
375.88246	336.814757	197.409617
377.783368	339.747114	157.437249
376.454109	338.866569	192.071523
375.97311	338.838263	197.298275
377.371582	341.836	193.625412
374.084219	334.781892	220.448687
377.663369	341.851015	190.149892
377.087584	340.804861	196.308748
378.263739	336.714314	192.203413
380.632879	339.957132	162.865988
378.355337	342.785914	193.560859
377.85176	336.69046	196.551495
378.348124	340.766515	192.824174
378.835917	337.636813	196.49961
379.367376	340.707813	191.957445
379.132238	340.690228	194.567867
378.965938	340.674993	196.315056
380.308054	324.594754	50.202873
379.289929	334.622244	190.586514
379.209731	336.649841	192.208884
380.615754	337.704147	159.309724
379.093271	341.695273	195.375142
380.073348	340.623723	194.568882
378.964394	338.657111	195.566843
381.546176	334.680266	160.326622
380.350875	341.656366	191.889471
377.711018	337.492534	222.196521
381.145796	335.5036	191.406104
382.499781	334.380097	156.636529
381.224014	335.506918	190.538849
382.081688	339.486382	192.891679
381.912162	341.489687	195.371722
382.23834	341.521354	191.883669
381.783523	340.467066	196.314834
383.44402	336.146209	153.789138
382.811211	340.403812	195.436407
383.996854	330.356437	83.825331
382.754955	334.328526	194.069774
385.999106	323.056604	34.938168
383.83245	342.356334	195.290546
383.860656	336.294398	193.07949
376.03478	338.613414	264.932316
385.606926	324.65943	46.972441
387.12183	331.789119	140.172535
386.500854	338.062683	195.544374
384.357346	337.880122	213.29951
386.792617	341.128798	193.580583
386.575472	340.09242	195.405111
386.614242	336.051142	193.928991
386.629897	339.088647	194.599954
378.895471	341.515872	266.015356
386.666788	340.103565	194.528804
387.496351	333.93403	194.04304
387.538228	337.990142	194.657219
389.185515	332.713361	152.785582
389.251548	327.376157	47.224892
392.791613	331.362854	139.132964
384.21796	335.805703	254.640862
395.548216	325.469626	44.070842
396.735416	324.155394	40.435791
396.862951	323.030265	38.594784
390.142091	338.833431	251.389882
389.353227	337.925385	260.346534
397.662632	324.454537	48.985499
398.511123	322.909707	39.65656
400.754711	335.101599	153.909975
391.825084	340.959612	254.232694
391.335679	339.648216	259.605547
399.058572	320.127082	49.21242
398.987017	320.188407	50.156047
399.483932	320.946504	45.422597
394.571244	341.673604	254.408369
401.292601	332.990671	209.844375
403.469411	321.554226	42.82871
407.59281	336.78452	156.971393
397.584662	337.039734	259.948997
408.368304	323.427804	85.515615
410.656541	334.041795	136.792984
411.639021	336.735609	164.731613
410.659855	335.126697	137.607642
409.004713	338.324393	202.848082
411.470199	332.635462	133.436565
410.755379	320.022107	43.200615
411.010533	335.080065	202.03427
410.685712	335.04761	203.922254
412.03925	331.762193	206.879196
415.327363	336.774987	137.428685
414.341432	318.82405	44.257089
415.8811	335.435536	145.946221
416.611174	337.17747	143.295667
417.852661	333.214849	145.087022
418.475079	329.524961	137.606003
418.27603	336.688131	139.03656
418.530461	329.600643	138.439622
409.066585	338.685433	265.955685
421.38911	329.368016	138.383821
419.607454	328.892363	88.143483
422.355925	330.359566	139.157957
424.298141	334.276777	157.577581
425.931715	331.816365	149.893168
426.181686	329.941151	152.514128
424.707182	326.53151	104.228895
428.646421	331.411545	147.287783
430.247206	333.767735	170.262022
420.532006	334.720362	267.06795
434.946045	332.550441	143.816677
434.928163	331.504671	143.03184
424.331194	339.588476	268.067692
424.363131	337.041979	264.585564
438.674899	329.700571	153.736957
438.875811	334.801878	165.331291
440.964793	336.278385	151.064037
442.054944	328.100114	148.024285
430.743863	338.19332	247.725185
430.437923	337.407161	270.534037
444.639676	327.669056	145.609314
441.925471	323.077447	100.075741
433.107489	336.175476	270.46773
442.698481	324.433666	95.643083
434.947893	337.171785	271.279162
449.997952	328.589148	157.958899
452.361349	331.179285	153.880211
453.062382	330.957768	150.63571
453.056242	329.923001	149.830026
451.143003	322.794539	96.431731
452.390633	328.069768	109.889635
448.334262	331.017489	232.612105
457.837526	332.71296	157.45207
458.840861	330.905244	172.954275
460.125449	325.819156	145.221777
460.840036	328.574304	164.35555
465.591413	326.725525	122.179021
478.214121	332.035112	168.250697
478.210186	330.396269	155.410305
481.461487	326.189198	143.763843
484.228895	327.14707	147.3426
487.90213	325.109236	112.256017
494.398125	321.985053	117.788212
498.168904	327.339697	144.131716
503.818366	326.837118	197.292592
505.513568	324.956279	182.338736
506.580864	325.561567	196.405285
513.507505	320.45794	109.809864
513.948716	318.705469	131.053268
113.401888	339.367843	173.363817
134.413537	336.281007	172.389917
143.793709	340.787387	177.141879
151.105314	334.151525	143.222528
156.126216	334.730587	119.212736
158.922703	336.023049	105.863503
165.561021	323.860954	38.298189
166.424038	326.141223	41.718889
168.129179	330.723796	48.546124
168.404337	326.027813	41.814475
170.197886	326.167882	44.435565
171.774075	330.713629	40.286563
172.232345	328.143448	45.383704
171.060318	326.284765	46.165306
172.282127	330.234717	46.229805
171.992504	325.226434	46.210855
172.161294	329.319539	47.066878
172.537015	328.807703	42.021668
174.829157	326.32264	48.887675
176.373045	329.826235	44.758785
174.910171	324.05231	46.357941
175.821813	326.264146	48.940545
177.199695	326.758942	44.801541
171.563181	335.111307	113.07488
178.782175	328.267178	50.793709
171.776916	332.127029	124.084731
170.363642	337.783952	156.57698
167.492601	337.42999	192.580355
177.029751	330.948515	111.693671
184.989531	329.712494	49.46893
178.782156	333.420303	108.186298
175.121757	339.696363	143.719414
173.76885	339.961514	158.827879
181.917967	337.300177	110.161098
174.48233	337.016009	158.082433
181.69631	334.345574	109.30933
181.46667	332.437126	109.325861
182.776876	335.260883	109.377709
182.890912	335.16352	108.501655
182.551008	333.352803	109.39698
182.625544	334.764054	122.551975
186.243051	336.754285	106.962955
187.106178	335.759415	107.05044
178.579291	338.879501	169.47655
189.158259	335.578082	106.325754
190.105745	336.607232	107.236886
184.316345	334.212019	144.636503
193.119064	329.006843	101.488155
185.717983	335.947791	153.537153
185.992603	334.812002	151.148388
194.767633	335.711388	101.402837
192.925104	337.124711	119.385038
188.563753	338.026745	143.539795
196.547081	331.557463	99.875233
188.347937	334.590547	147.845242
189.169714	339.218686	145.927128
189.240472	335.631271	148.58404
188.944166	336.776024	150.958615
189.35257	336.018884	153.416982
189.549008	340.329956	160.414616
200.7116	335.307287	99.915778
193.56272	334.851067	139.590314
192.142556	339.76902	180.281265
195.300556	335.710105	161.192664
199.96117	340.620417	138.457159
198.583782	336.796371	148.405291
198.971322	341.631003	148.896842
199.670647	334.159729	150.955611
210.474118	329.435325	95.260238
199.257218	338.630472	160.824009
203.947224	341.635976	147.311524
208.336744	340.197093	133.642534
215.734061	333.988748	93.307938
216.567283	329.858761	92.810943
206.109381	337.359037	153.060551
210.004413	336.901787	137.997903
210.333919	339.80716	137.832428
211.958213	334.779824	136.512074
209.436618	337.996997	233.092769
213.03549	335.961611	146.226329
213.597935	336.683015	143.789897
222.398573	327.286535	96.654463
215.017353	335.350911	140.655492
215.102826	337.400369	141.352971
217.670709	337.644488	143.036468
220.454719	340.519831	134.712742
221.349988	338.163209	139.022653
216.184273	344.603335	262.492556
230.446088	328.720768	89.182086
222.526854	340.144682	138.958949
222.594819	336.846731	136.632469
229.436319	327.671212	94.322872
224.006067	339.697029	135.691072
224.553019	341.90115	144.693078
222.687388	336.663779	151.269248
234.462	327.284941	87.809415
226.424687	334.632755	135.166049
226.484049	338.969504	137.475577
225.495558	335.464157	140.944597
224.71284	340.310705	147.994866
226.536616	335.62655	135.119114
224.788965	337.079023	145.754766
225.360188	335.574745	141.761521
226.978835	335.000956	137.679355
228.382999	338.980597	137.5345
228.746894	335.121415	138.560186
230.077676	334.746429	136.091641
230.018753	340.343724	140.04427
239.018629	328.343377	88.681719
229.950949	334.87255	136.92512
232.034334	341.351658	140.079707
227.146976	337.876463	164.741787
226.071409	342.8423	272.619262
234.295952	339.859845	136.841365
234.057335	336.593703	142.015939
227.540652	338.957591	273.436412
254.552864	325.843494	48.910657
233.530021	345.496389	269.901235
236.000118	342.804287	275.986109
235.801032	346.85129	278.759704
237.208196	345.359104	268.118037
259.940217	317.878668	29.527551
237.12676	339.997725	279.451838
239.580352	346.372053	269.91453
258.005058	322.231103	79.658457
239.69054	342.662856	274.202179
240.446507	338.98909	280.296184
258.848884	328.323098	88.366929
242.439737	341.570801	272.404562
241.945352	342.73668	276.867087
265.592612	319.301461	44.286702
242.174474	342.958913	282.212482
254.309786	335.443674	137.490887
267.491755	326.303971	64.666623
264.352287	325.312388	78.858072
244.545792	339.993754	283.01812
255.119632	336.677704	139.207
253.725523	335.741069	154.644092
253.687972	337.615697	162.140352
271.805814	322.359675	45.201923
249.033028	343.259582	268.140916
271.813048	319.124291	38.691867
271.638928	318.479068	48.16889
256.272699	334.9873	149.645956
272.744763	322.25617	57.349229
272.338321	320.628236	60.157123
257.545289	339.82865	156.352903
273.42911	319.439205	47.023593
272.988913	318.923134	54.087411
254.289827	342.46678	191.357825
252.663235	340.957093	256.628886
275.243448	320.706007	25.25537
275.287106	318.086541	36.834254
275.158924	321.49145	47.501147
254.049617	338.877074	249.514418
275.121182	321.537344	48.368119
275.177427	319.414781	45.967513
258.951161	334.665694	156.608371
276.060238	319.387079	45.011835
261.486041	341.809458	149.594383
276.073973	317.648663	25.574837
255.823837	341.782628	250.515604
276.888018	318.405012	45.011908
276.255315	320.130748	55.311752
275.886298	321.547847	58.732079
262.491668	337.286009	146.307825
276.620388	319.740627	50.947239
261.730704	341.311786	153.902695
277.057014	320.908227	29.866246
277.030889	323.34355	42.802829
255.556011	342.813297	254.101513
264.641071	335.853618	135.936935
270.396473	326.024437	89.40862
263.271599	338.470704	148.025253
277.143187	319.074759	54.412522
277.910151	319.86752	29.107323
277.639225	325.699706	49.394963
262.560398	340.252717	153.970188
263.031275	336.268602	154.990219
261.999027	336.431211	155.806157
254.444899	343.693176	282.484599
278.269285	320.827799	51.500437
278.630392	319.304944	55.93026
257.844896	337.881151	253.134132
279.590032	321.313101	41.006705
278.305989	319.646784	58.55334
276.515465	322.488881	72.46567
279.6255	317.887705	29.974766
263.576134	340.865598	159.942036
279.837179	319.952111	52.236449
280.499219	318.772515	26.58328
280.025446	317.719121	48.972255
279.688701	323.178717	54.568422
264.492576	337.574785	158.419118
256.793628	340.404639	274.391228
261.174902	339.403922	200.475987
280.083901	321.731067	49.43915
264.303298	336.661538	159.304611
279.885362	320.807427	59.10496
279.623356	321.093974	60.857097
265.522106	340.637953	159.172566
280.802399	319.832356	50.387533
267.44465	337.711141	143.80017
265.481421	341.742928	159.967513
281.458321	319.015822	52.103315
281.20643	319.277763	54.710593
266.290763	338.555872	159.293455
281.352033	317.725559	25.831682
267.633243	337.30573	149.040011
281.018784	322.553881	57.04913
268.492525	335.127287	148.262073
271.458396	335.138359	123.801156
264.089375	337.872709	189.970771
267.061454	336.462814	159.408949
269.705298	334.957903	138.688022
283.242459	324.028501	51.370248
283.145242	323.107251	52.340905
282.303047	319.918102	58.842789
262.288697	342.672804	254.345814
282.266367	322.022763	59.532256
281.70761	322.662433	63.044422
265.131599	341.998991	191.413746
283.105279	318.914728	28.652452
281.987797	319.232417	60.68424
269.880696	336.769222	145.627848
268.606696	340.132426	156.725226
264.995226	337.813282	190.038822
271.034269	338.820759	137.704691
268.973685	335.486845	151.737974
265.3621	345.001691	189.559148
265.063933	339.909525	190.72688
283.907446	324.224303	52.991281
265.915478	338.817739	190.86073
265.982683	340.911775	191.549825
265.982683	340.911775	191.549825
262.600749	341.798504	259.651592
270.626674	339.033251	148.178652
271.699045	336.660463	145.670637
284.821863	317.850041	26.993258
284.320034	323.676799	56.46764
284.055064	319.852558	57.735139
263.010454	339.915957	263.115964
284.286603	322.682572	56.566559
266.896195	337.608704	188.535046
266.886118	340.848365	191.617502
284.81839	317.889152	27.782203
272.907755	340.605909	145.550509
267.130832	344.917203	190.516172
285.689898	317.782082	25.306292
271.641503	340.723499	155.054644
285.154231	319.732743	46.37459
286.528622	317.959148	28.349669
273.18617	333.626949	146.676633
285.695942	327.172139	58.559064
268.590526	338.648857	191.882251
271.413401	342.71134	164.331153
268.729329	339.607456	190.170847
285.717762	324.013608	57.980266
271.670919	341.42798	161.867996
271.520549	342.619334	163.493134
274.675567	338.395769	144.794522
273.293421	336.462227	154.410149
274.154098	338.888859	149.125269
269.643977	340.601523	190.990882
286.39637	322.095938	63.32813
273.745432	337.490522	165.54886
286.496811	324.078164	63.130304
268.258187	339.45809	251.862631
288.985791	322.367796	33.884197
289.929561	319.090977	28.542792
289.920202	318.0741	28.676271
289.92266	322.222769	29.747209
278.12794	335.373442	137.085631
285.381049	325.405497	77.398731
278.79257	338.995955	133.413569
288.977107	322.069165	56.836928
276.803537	334.48934	147.602311
287.961188	321.201357	63.209466
278.525467	332.796984	131.924327
288.514423	326.830563	60.825494
276.006455	342.283161	164.472321
288.774528	324.409445	63.679825
280.374214	335.918058	133.581625
291.61428	321.213749	28.838096
278.695111	335.367079	147.610918
272.83059	337.945694	235.340343
281.202401	334.874689	133.644847
283.841006	330.824983	105.372854
278.956752	333.726646	152.038
284.161844	334.733745	113.200476
278.733285	334.58625	161.536968
271.679255	343.586784	265.481818
291.68531	322.868915	59.916603
286.137005	327.250494	92.760826
277.531958	339.838228	173.972778
272.240736	345.380258	260.293302
291.770241	321.715786	59.142228
291.598042	324.033367	60.693328
291.416936	326.395479	62.253535
272.167514	345.409036	261.178618
291.322658	321.222103	61.906544
285.917249	329.404892	101.801649
291.464517	324.206522	61.580661
281.485523	332.981233	146.014483
292.198753	326.424576	56.827913
288.088108	328.524395	81.424181
294.052147	318.322863	30.455349
291.989268	324.625786	63.25575
291.746085	322.81463	64.365701
294.631606	321.727464	36.435857
280.357444	337.774369	164.84999
292.306918	322.096043	60.807944
291.989268	324.625786	63.25575
284.945879	337.97062	125.547939
283.405356	339.116614	148.412209
290.301064	326.86256	77.717656
290.338407	332.326623	79.021252
283.960902	339.695581	144.022907
284.889453	335.391505	141.611687
294.345349	327.010431	63.62933
281.230311	336.211132	172.636644
282.247614	341.784815	166.340213
285.02854	335.969239	148.590739
285.480738	336.651607	145.071873
286.158638	330.744008	135.702
286.733348	337.347709	142.432368
285.550476	333.03056	150.473689
285.706373	337.133979	151.166325
278.13589	340.751437	248.071894
278.06838	340.778934	248.94963
295.273678	323.678481	62.083427
281.062366	343.92535	201.70217
290.653054	331.241998	99.670993
286.783902	334.815335	148.680172
298.836365	321.810643	33.37304
299.71131	318.690452	32.009927
299.44491	325.150595	37.025572
287.367997	336.045886	152.125243
290.551342	333.177526	119.659631
288.009894	336.595049	146.874757
286.010516	339.202549	164.890018
286.562617	339.827543	160.564269
292.870649	328.604036	94.259072
296.754897	326.195492	68.027952
300.481409	318.779224	32.699181
301.245661	318.870589	33.393454
291.801934	333.823757	116.001902
290.913859	338.71373	138.025961
300.656429	319.412753	41.737267
300.721959	326.597176	41.751334
284.635253	342.471537	202.021868
290.484306	335.509545	148.729733
288.27928	337.619165	160.738371
300.782971	322.14996	49.1658
291.362549	332.717313	139.244498
291.579245	335.290174	147.016005
291.397997	332.271909	147.155536
290.359613	333.029654	156.696926
289.337694	335.885953	166.904793
290.646343	332.823337	154.099534
292.861751	332.384673	123.341858
289.976531	333.303942	160.151411
293.572195	335.733814	127.585502
303.166556	325.704602	40.673823
292.204942	331.645042	139.318001
292.048879	337.630546	152.14377
303.066396	320.59455	41.276594
303.232052	325.645319	39.822007
290.263772	335.779753	166.93755
303.9531	321.607841	40.188369
303.991923	323.653734	39.944393
298.847414	330.138089	81.521126
291.585764	337.500425	164.279892
303.920869	326.859251	41.308513
291.157295	336.757681	167.759921
293.174303	335.734952	140.882629
292.536363	339.487754	165.02752
304.319907	323.104103	45.128933
303.44225	328.310452	54.384644
292.242145	334.418008	165.353426
293.21245	335.267365	148.804689
304.620157	318.669036	41.318708
297.862402	329.837964	95.938314
305.658305	323.706974	38.878383
290.062896	339.702669	201.641183
305.563838	318.585918	39.505381
289.951707	338.707417	202.550348
293.729804	333.369533	151.536526
297.815403	331.775789	106.111224
306.346426	321.774178	39.867193
305.964362	325.286437	44.683667
296.438695	336.133959	135.617369
294.634186	336.431837	153.144043
290.747668	338.647368	204.332317
306.658628	327.58144	46.104591
306.455002	326.730622	47.982842
295.307297	335.465347	154.960848
307.991989	327.107377	39.932096
296.874739	337.003134	149.666646
307.811678	328.211369	50.349972
298.853112	330.909993	135.991622
307.877043	321.733544	48.417266
297.146311	332.130791	153.439775
296.902069	334.395848	156.808744
288.558922	338.76628	269.630665
308.985362	325.720578	46.054035
293.516693	336.178832	202.879154
308.809993	325.907625	47.824231
297.884376	332.159174	155.208646
298.52489	333.818999	149.887984
309.343473	326.416382	42.435836
308.824275	320.580163	46.683745
298.061343	332.040057	153.470456
309.853817	327.853547	45.730757
302.36438	332.330215	115.326338
300.577049	333.973803	138.487116
311.062116	322.15403	40.128287
309.716464	323.720805	46.207568
302.691065	332.874603	123.444788
310.933322	323.346766	41.734872
299.915785	333.935625	154.297269
311.225227	323.932047	46.917901
301.305536	337.690628	151.47522
302.137553	330.862251	139.59376
297.203604	335.691228	203.103065
302.273349	335.482616	149.883211
308.097343	329.032485	79.395522
299.496573	338.376742	199.61858
310.427518	328.199453	73.577248
310.091477	326.425043	75.764435
314.866304	323.661525	42.17239
305.812873	333.635439	140.376558
307.481164	336.462148	120.435268
305.697155	337.356075	153.352807
305.696832	334.234024	151.799363
306.686499	337.213283	152.507271
304.354012	334.065815	185.500329
303.058619	338.997513	202.371796
302.948887	336.958197	202.468054
310.160658	332.775614	130.720296
307.818009	334.378393	158.86575
310.298734	333.246861	140.480159
309.513205	332.725868	149.338902
310.346213	332.689201	150.24104
313.419119	331.207985	106.235871
313.03277	331.599014	112.726339
312.605169	330.642026	132.704061
306.516027	333.409817	202.799048
311.32663	332.556032	149.388004
306.7172	338.531182	203.445583
306.418059	334.496518	204.486578
311.476992	335.069488	159.793662
308.175394	339.228084	198.233685
315.214658	335.032662	122.439059
308.858334	340.255054	201.703745
308.711162	336.153179	201.036608
308.767329	337.171018	200.988007
312.365601	332.91073	159.077495
316.715305	329.886174	123.852835
311.482919	337.890612	202.821683
316.97505	330.327138	133.664067
317.919671	330.209669	132.789047
317.594686	331.487395	138.035843
317.820045	332.366075	135.296674
316.610691	333.204203	152.100312
312.803487	338.658461	199.341371
318.096928	333.200301	131.649695
316.09323	333.572181	159.124589
317.98001	333.287956	133.434833
317.821619	335.475544	136.839187
312.276614	333.67977	202.17784
318.600067	331.739628	122.777211
317.860126	330.254318	133.676968
317.471874	336.280188	154.564126
318.199652	336.33672	157.222861
314.609222	338.456569	200.304931
319.651072	335.285228	135.972672
320.339643	333.282048	137.926251
321.578456	331.226875	116.4463
321.472522	328.861736	132.023593
315.793806	333.324629	204.958315
316.307866	339.331199	202.965543
317.23948	333.01698	199.807217
318.216315	334.966957	200.631014
318.498048	336.929291	198.80338
319.02059	333.879008	201.582715
324.261999	332.696965	131.717508
325.107545	331.613701	131.809426
325.419916	328.231177	124.909899
320.193758	334.721769	199.850631
324.843798	331.820627	136.275185
325.090792	332.665739	132.62104
324.986122	332.747978	134.410756
321.141483	334.617323	199.892697
325.622478	328.710172	136.505765
326.564084	331.715781	137.183959
323.960022	335.350961	200.842484
323.901849	334.342294	200.883121
330.929972	333.845036	123.44937
333.388904	330.669191	125.545477
333.92109	332.810325	152.332702
334.907669	333.70783	151.397121
335.492902	330.884686	156.890021
335.044577	333.33776	203.927769
339.987105	331.867802	118.964778
337.515406	330.810515	186.681675
334.953474	333.361404	204.802091
329.489303	339.63504	271.71898
339.381765	333.528851	154.113604
339.970396	333.761674	138.843207
339.903374	332.800558	139.806095
340.188024	334.703264	158.522858
337.098607	334.160188	203.082917
340.969907	330.614105	158.708509
339.182115	337.014808	203.037885
343.046574	330.129863	151.595636
345.035143	329.909386	107.857797
344.497644	333.852309	167.479444
334.705491	335.262352	272.662452
347.67995	333.586214	127.005585
346.377405	335.307263	185.79594
347.735029	330.75436	149.772714
346.392942	334.281052	184.971049
348.42503	332.297308	160.456112
348.621079	331.858179	152.418255
348.475821	335.413504	162.113274
349.169729	330.452445	164.968842
353.545588	323.827855	57.014005
350.925819	331.695132	115.134921
349.411791	333.208744	159.532177
354.341674	323.715485	57.081711
355.849224	323.003317	34.746247
350.560901	332.601455	149.69012
350.608646	333.554784	148.748862
351.406248	329.523476	149.803315
352.674055	331.570821	116.056767
350.99921	331.494127	167.609712
352.524004	330.041028	142.583038
352.115602	334.351101	164.852801
353.055274	329.034288	126.326906
343.345275	335.72825	260.969274
354.847029	327.861901	107.909914
352.920654	333.464971	168.444033
352.88368	327.137754	163.271527
354.129591	330.639744	154.246152
353.945072	331.139167	163.186954
354.163116	330.532754	152.452323
354.124487	327.395672	150.746665
353.882762	332.327266	166.713376
357.268376	320.638725	61.38021
354.034684	332.006745	160.480757
357.804338	318.944046	48.500162
357.714907	322.626689	52.777908
357.21044	320.892786	63.258291
360.145017	324.307595	32.324519
354.761707	330.258956	166.774878
355.132046	328.185803	148.023909
355.091636	327.231624	148.948987
354.84849	332.239497	165.831999
348.936105	335.276767	234.091332
350.297307	333.924417	229.771123
356.945163	330.434081	153.343794
359.955061	323.773647	56.592172
356.666348	329.069031	165.028213
357.138162	329.74276	142.549857
357.067882	329.978513	146.150464
359.831837	320.669795	56.851501
357.791259	331.452422	122.472744
358.121793	331.638443	141.563738
355.879221	329.862418	194.809186
357.935983	330.156462	149.74362
358.863283	332.149631	118.750458
360.980046	325.228929	52.850912
359.776544	323.56351	95.896335
357.835946	326.173525	150.744905
360.800113	322.243318	53.99791
361.460638	320.167092	55.159515
358.917205	330.99416	147.90599
358.863198	331.228018	151.508758
358.917358	326.656693	143.529386
362.476709	321.636098	51.415049
360.838803	331.709988	145.154327
361.713192	330.833014	147.888422
361.652344	328.937301	149.748651
361.615878	326.916582	149.795195
359.346548	329.693908	198.362174
363.214247	326.397524	98.604866
364.229151	318.690488	46.268017
364.173302	323.325806	50.52011
355.921413	334.546002	230.74607
364.122936	322.294008	50.589465
359.005218	331.742585	202.69092
364.625418	320.663598	55.395996
365.052036	320.720453	47.105746
366.635992	314.713076	27.104159
362.961609	331.631368	131.534824
362.479272	328.340658	156.975634
365.673598	318.632058	48.224128
363.323068	331.889776	166.786574
363.526353	328.832615	149.734827
362.172011	332.570463	200.068377
366.205649	322.807454	58.18543
364.482345	333.181333	155.041212
366.552149	322.817047	49.853771
364.41656	329.083476	154.244215
357.394377	334.890191	251.800427
359.173884	331.423938	233.451649
367.11413	322.077635	53.662697
367.033021	323.695309	58.20313
367.384229	320.330403	47.329446
367.10027	323.335235	55.434845
355.546889	334.63045	270.886351
367.581698	318.026917	63.365324
366.195858	330.602098	164.145968
367.590218	317.397321	58.71903
366.320602	327.727969	150.637431
366.327167	328.801218	151.521034
367.857733	323.311568	56.445178
364.042297	328.416157	198.467713
368.73567	319.328398	50.288284
367.276796	329.823039	152.397401
368.472111	319.065183	56.804375
368.410596	318.282296	58.726847
367.276973	328.686988	150.608464
368.614764	323.847271	77.197788
368.114867	331.52617	164.134706
368.295331	330.191539	144.212786
368.23285	329.64554	150.577547
370.239451	324.130821	73.53678
370.319523	324.003405	81.096951
369.381943	329.140696	131.557522
370.458702	323.264054	51.127882
368.153407	331.19187	185.382849
370.205691	318.134251	51.431128
366.800872	330.276314	200.210192
370.501865	320.921742	48.491888
369.238305	333.496236	148.641578
367.658125	334.301093	193.082267
369.562408	328.483445	123.442963
369.20002	329.330261	146.943817
371.285657	321.907166	49.433381
370.926712	320.577714	56.00395
371.101239	326.526377	99.774817
371.042673	326.323904	148.795237
368.472868	331.208677	193.216303
368.069828	333.245935	198.369775
367.8545	334.25553	200.959249
371.830113	322.375957	55.047842
371.934288	324.431803	54.934008
371.058436	329.555443	151.458732
372.31038	329.274726	123.401616
372.024232	329.168009	146.907871
372.012105	329.371526	149.630665
371.911353	333.518836	166.805099
370.463387	335.155076	193.953624
372.842489	329.45954	100.645698
371.892142	328.18952	162.399531
372.957533	329.318891	149.618663
373.432588	324.728083	59.750677
371.790748	327.938386	186.407861
370.984716	329.01715	195.943474
372.96405	329.182848	147.801927
374.199066	321.958416	55.319913
371.97415	329.972434	195.927683
375.236444	317.918658	47.234771
371.663164	330.987117	199.380142
375.228367	321.240592	49.853862
374.893186	319.774457	55.519009
375.796522	325.629536	143.291352
373.177388	327.869179	192.529033
375.687494	319.63866	55.607975
375.782416	327.337498	152.350767
376.145143	319.838913	47.212645
376.734562	324.919646	147.817407
376.835572	319.206831	76.24902
376.838013	316.568616	46.514862
374.851652	332.830049	196.723605
376.679269	321.249418	52.80852
376.751517	325.19639	138.768557
376.676785	330.08322	164.177829
376.902131	322.380507	77.04068
376.747146	329.310514	152.298475
375.064433	333.849226	194.93767
374.678286	330.799145	197.677666
376.009457	333.786585	194.94912
377.696441	328.248513	139.580303
378.641976	326.692706	145.932533
377.39893	317.868427	51.186584
377.200579	333.729998	192.355346
377.081614	332.711592	193.270202
379.240249	316.201571	46.744534
379.050434	317.530123	50.422917
378.904769	316.682457	52.33692
379.610096	330.164393	152.226124
377.870299	330.609541	194.235283
379.480146	325.943699	166.04705
380.549976	330.770964	147.617725
380.536867	329.772865	162.32046
380.558551	327.331555	155.934078
380.473637	322.672171	83.815129
380.566544	331.122527	152.181902
380.518886	325.653346	135.095955
380.56251	329.099067	152.229293
380.290547	320.069334	79.283371
381.196981	323.110852	80.17281
381.256037	322.326295	82.049313
381.541211	333.485864	157.608474
381.48459	327.682772	162.34445
381.430283	325.790235	165.118384
380.993271	333.465027	192.382992
382.432387	325.081155	141.357842
378.692661	334.378947	220.504465
384.399125	329.501272	161.333001
383.422201	330.270359	185.569912
384.409407	326.22092	157.706517
384.399125	329.501272	161.333001
380.094098	330.212072	215.314026
383.633134	332.218217	194.176673
385.280472	331.281807	144.749968
385.320597	327.610366	165.028706
384.490438	332.133988	195.045839
379.321508	329.838176	236.522905
385.682862	331.056464	192.480938
385.406956	331.0361	195.093712
388.200457	330.472266	149.224723
385.653454	330.036388	192.528209
385.375694	330.017336	195.141361
381.227756	328.272864	227.73288
386.324966	332.981704	195.855823
387.331658	323.878187	85.245645
389.147777	327.092179	145.641629
389.02274	327.391729	137.565408
387.278333	329.85207	195.131906
389.226371	329.363539	163.952167
390.191874	326.289386	164.906552
388.385662	331.812854	194.146696
390.159568	326.373725	166.747077
388.301836	328.755315	194.296433
389.380583	329.696727	193.363911
389.380583	329.696727	193.363911
389.594808	316.375114	55.270569
385.419068	331.432625	240.284301
391.132285	317.247353	78.496759
392.184805	321.465713	80.251053
392.486464	319.273667	86.681613
393.74062	331.304571	139.106964
393.979805	325.798056	145.500835
394.031459	324.934426	147.322282
394.728763	329.228507	139.139637
395.098186	327.957477	163.716396
386.557598	328.655872	255.510657
389.680593	327.334925	226.155759
395.373849	328.955621	126.904385
397.044735	325.161283	152.635472
394.873558	321.401409	82.265057
396.725164	327.256061	140.904542
388.653293	334.47586	255.759952
389.302493	333.704822	258.464232
396.908605	318.405422	51.97472
390.073009	333.831774	260.293854
397.921243	318.838602	41.574762
390.821446	331.848271	261.166803
399.398069	317.73393	43.592475
399.4627	316.026881	51.259663
400.731344	315.65896	46.57248
394.236044	333.723666	254.276658
394.850587	331.969942	256.965468
406.830334	332.160352	164.533562
404.229701	316.16547	40.121269
405.164508	315.024559	39.243512
404.824502	316.226027	42.977182
407.977337	325.000015	163.8761
404.816367	317.308386	43.906768
406.156106	317.858689	81.161691
406.330518	327.417872	207.269797
407.272125	327.304676	207.250849
411.207735	323.234664	139.72269
402.086174	332.984913	246.565896
403.754287	330.700981	230.17591
411.567938	328.892022	204.247482
410.571032	329.843954	209.832751
411.242872	329.874095	206.07039
410.916648	330.859723	207.900283
415.824472	325.109945	156.922753
411.066045	328.860907	207.062832
412.369483	330.778891	205.042823
417.14687	324.111385	142.922118
413.897889	326.527123	207.084414
414.42084	326.554081	204.252326
417.711168	325.102817	207.012161
422.562641	324.294922	138.568526
423.059913	325.879593	146.03645
426.550684	330.206295	162.860837
426.27848	325.901344	151.001583
427.098369	328.783533	150.823254
423.014351	320.207914	86.577188
427.098369	328.783533	150.823254
415.516378	329.815351	257.144643
429.714695	322.997663	167.491608
430.305615	329.704244	157.423329
431.517037	326.735096	167.95403
430.824572	327.298219	148.228673
430.998248	327.413806	150.72776
431.421239	324.867795	142.517389
434.043451	324.407174	140.035459
438.031429	323.877276	154.016774
438.672463	328.688229	152.9498
440.066656	320.719284	154.130535
441.051653	324.662815	158.920141
440.601221	327.49722	152.970491
442.296033	327.211713	150.50658
440.638356	323.782395	131.060453
442.22397	326.155695	148.908234
443.500173	325.215495	153.04056
442.429103	327.619873	141.523233
444.775755	321.235182	155.684501
446.701556	321.065285	157.341662
446.429028	320.929312	152.385457
433.093737	332.649747	267.026166
434.002713	332.579957	267.0108
449.72991	324.68088	179.00702
451.116345	324.622089	171.780107
451.98064	320.60102	141.821593
452.663019	325.201137	153.98151
453.526368	320.969267	150.003502
453.41813	327.060235	153.15262
453.693716	325.170467	156.483357
453.526368	320.969267	150.003502
441.538938	325.418376	246.741668
454.419818	325.990027	154.024298
454.27372	326.927891	152.36556
454.885218	320.128632	157.457253
453.730788	319.265912	140.242406
455.005657	320.677694	97.103942
461.060822	320.36519	156.832547
453.764371	320.959759	219.296394
463.550959	322.381064	173.23025
464.332792	322.310694	175.070565
464.792903	318.1919	167.170671
462.62339	321.425934	117.094403
465.695974	322.172704	145.465247
466.431497	320.918293	162.976497
466.279606	322.079871	170.739435
467.037518	321.025318	174.338616
471.408612	321.94899	153.2262
471.582402	312.054154	95.104226
472.531662	315.337962	86.988389
475.397066	320.228269	179.409105
479.383469	323.489201	163.025093
480.723699	320.688938	177.053533
485.424722	314.928351	120.319548
486.470347	316.725775	166.858592
486.156724	318.782446	103.923901
489.012483	318.914989	108.425696
497.817925	315.95672	155.742966
507.513817	315.89496	194.955042
513.580932	316.186602	150.741042
512.731348	322.732473	189.411399
513.300493	316.842867	198.392679
520.757293	311.365736	131.057463
99.559177	332.843548	181.972569
141.143326	325.747011	141.205471
139.315421	327.173439	170.206368
145.056666	327.070967	128.21369
139.626023	331.85966	179.860462
168.292445	321.846819	40.116877
161.292355	328.631393	112.620029
168.169922	320.927829	40.954231
168.47364	322.685539	38.435936
170.608804	323.645422	49.505563
157.278532	332.319844	194.35511
158.511676	336.229467	192.635375
167.618562	326.066006	94.52729
173.609328	319.114387	46.268638
168.526878	325.508771	112.131493
169.078405	328.26194	110.226945
175.914988	321.815419	44.71516
165.089565	330.52194	194.329301
170.422436	334.77428	168.415035
169.810666	333.538222	193.355112
171.990203	328.685357	164.399463
184.515346	322.664388	100.833001
175.885617	335.516881	177.416301
179.951897	328.390734	145.029091
177.764381	332.46142	190.322522
180.284185	332.763063	164.605351
178.267617	330.431457	173.992002
191.218294	329.635444	113.633463
186.048644	330.729731	148.111783
184.021315	329.686646	160.480196
187.228338	330.609221	146.458142
183.749583	329.331962	170.348895
195.933398	326.845021	100.857747
186.381798	334.731697	178.33648
194.600266	331.430107	127.302884
188.232928	331.469289	172.42393
193.029005	330.575551	144.780792
188.756637	331.886142	179.087721
189.674217	328.647692	173.310005
191.951345	334.946498	165.422597
194.565926	330.037043	162.428603
196.306524	328.295165	150.593521
195.637867	328.593186	154.570015
195.464835	332.666746	158.235708
194.624125	334.614704	175.118312
209.546448	326.270927	93.639608
198.611565	332.577489	155.803944
200.746583	334.120532	150.163888
201.103341	334.372885	153.289058
203.6488	333.666811	144.61999
200.794614	329.871564	157.556397
203.204594	333.89552	147.008808
203.75744	332.065003	147.93833
201.486169	328.983517	158.408479
203.088464	337.807285	223.760479
204.498884	332.901498	176.328035
209.740276	330.973953	145.697999
205.69164	331.670144	170.678184
207.212773	331.419039	165.147266
209.025567	337.926977	260.425233
212.489362	328.981476	145.091039
212.045234	329.239402	147.478307
213.267812	330.142732	146.636005
215.294735	333.701606	143.209661
211.622572	334.978754	261.263229
216.691793	330.884274	144.244006
212.879457	337.02758	265.392522
213.830973	334.068179	264.585991
213.890736	328.59303	163.228524
218.286366	332.162578	146.627368
217.309578	330.612485	150.695154
218.416406	330.550656	149.945531
214.968044	333.024271	262.855318
218.318174	328.509108	149.30341
219.41257	331.007206	145.12316
219.875068	327.072315	145.41103
220.460428	331.560187	149.943871
231.693796	319.914752	85.788769
217.712174	331.732169	165.393644
222.407831	332.017358	145.149762
223.880548	333.401965	148.354127
224.001421	334.389909	148.296908
231.751166	324.658188	105.527513
225.004413	332.235953	146.854803
226.760195	333.81694	143.55105
226.209131	334.227891	146.782216
243.92239	316.113723	48.738479
227.065898	335.754988	264.754174
227.775555	332.859078	264.751673
229.736387	331.964603	163.909748
227.657856	335.801593	266.459556
227.553369	336.012159	272.557137
235.148302	331.944018	138.033032
234.773636	333.453704	141.332587
229.558296	335.91347	270.739493
229.779486	334.884405	268.9879
231.036461	334.585875	260.280699
229.102183	337.988676	274.264904
240.075611	331.692943	130.480189
232.244475	334.672226	263.687035
236.429869	334.280504	166.727204
234.04691	332.670839	261.89013
250.858842	319.056529	79.483207
250.881518	318.820738	82.847228
241.612234	331.966734	139.037451
232.952239	336.065856	276.791822
236.159497	336.420927	260.096572
233.660868	333.129202	276.751345
258.040227	310.42117	45.281426
259.028716	312.429498	46.019641
258.856502	314.816923	53.052363
259.640201	310.650742	27.009645
236.444645	338.96125	277.659594
259.536176	309.526335	24.725629
260.095243	316.241046	41.349452
259.935328	315.618808	50.242113
260.745257	316.724233	26.390278
245.14429	327.419072	143.563931
261.542425	312.646899	26.812628
256.200348	316.72163	81.821478
261.633124	315.692941	26.489765
262.802418	317.433189	47.263943
262.488085	313.648066	26.700885
245.263361	330.188362	156.986771
262.792941	315.172123	40.461992
262.57188	312.566519	49.379189
262.413265	312.561458	25.217905
263.407377	316.797323	53.494685
264.347674	315.622295	25.65294
264.394775	310.935051	34.960389
264.553746	314.31652	44.747867
264.465594	313.445751	47.436521
265.04225	310.414714	23.846781
265.319552	311.899399	34.038238
265.495774	316.041467	36.905574
265.932779	310.362181	23.039067
266.056075	317.837329	54.06748
266.289708	313.356304	45.577556
266.086419	313.532253	25.057376
266.453218	317.202467	41.808173
248.714593	329.247694	158.886925
245.976727	334.046302	243.225725
251.907376	326.963333	142.015068
267.022271	316.7121	52.283866
266.992578	313.523644	25.035061
267.138018	311.090937	38.93524
268.230466	317.224618	42.537948
266.729359	311.890915	53.517179
266.948057	313.704186	51.621107
267.848779	312.460036	24.340799
251.293684	335.21362	157.923388
250.889337	332.253356	158.869186
268.80991	314.48888	24.05265
268.550687	317.99216	55.561388
251.876216	335.470603	160.461269
268.996246	313.115263	39.480575
263.957905	318.24013	78.498548
253.759703	330.32357	144.543443
269.035472	316.362895	45.993641
268.867925	317.637395	51.149183
269.824248	313.361762	45.315935
253.765401	333.488935	153.025119
269.98029	317.0043	35.739315
252.798736	329.930086	157.367005
255.009988	328.780259	141.162619
252.353633	330.320619	160.713549
255.425634	331.707375	140.220454
252.668526	331.155157	159.006331
269.642056	311.471129	25.200459
269.971084	316.976194	34.926913
269.89103	316.404495	46.780774
255.32025	331.831566	141.080326
270.727398	312.057289	37.831401
271.453526	313.557586	48.597717
272.597271	316.238215	42.268491
272.45459	311.105603	38.630724
268.448835	317.350352	73.781566
256.556729	334.149819	159.923728
273.396025	313.168055	39.993004
272.485448	314.328442	57.109596
269.242124	321.668072	75.149664
258.070432	329.349083	146.415375
249.211563	336.791506	278.486324
257.634892	329.808271	149.847523
257.330217	327.872758	150.758144
274.354766	316.190321	40.432335
274.392666	317.075581	37.02664
274.18258	313.493592	24.681577
250.053298	334.785912	277.532241
275.056457	316.488848	47.111659
271.821876	316.651882	69.97965
275.116478	313.254007	41.494191
259.266653	329.937604	151.620907
257.945968	335.540722	164.155612
275.05285	317.520987	47.87794
260.31845	328.644915	149.961506
275.72733	316.714697	50.45977
260.426599	328.534052	149.101655
275.977087	317.44267	46.063039
275.820883	309.287989	22.732534
273.430301	315.942833	66.383443
270.440337	319.663513	82.845647
260.28165	328.413617	156.869765
276.646651	314.602085	47.962666
257.270897	331.055512	192.345279
260.797041	334.559748	156.685447
259.592376	331.239898	163.577899
276.725719	309.336825	23.454655
276.82937	317.454978	45.964402
257.375292	333.153188	193.050127
276.79119	311.419343	23.960762
262.184775	327.41205	149.180675
261.77233	326.708143	151.788354
277.362847	311.696017	48.148412
277.395834	317.788065	51.023658
263.204927	328.562535	142.220326
262.959382	332.180694	146.467026
278.649823	316.274973	40.817938
278.579334	313.265143	40.325865
278.235492	317.805246	50.915275
276.932686	313.000493	60.101702
277.632787	310.309665	22.44084
262.201873	330.1145	164.589904
262.747604	328.532174	159.535443
260.100213	333.002302	192.448388
258.410857	332.810102	242.502859
279.270803	314.550099	45.966154
279.240907	317.644166	48.221613
262.277485	331.147464	164.554741
260.183744	334.008335	191.571235
278.608626	312.533391	25.234383
259.896923	329.918375	193.435826
260.077433	333.031351	193.268651
255.044267	335.732845	280.327183
280.2795	312.26647	39.438567
280.152614	312.469895	43.559828
263.25121	333.229888	165.364089
279.800253	316.937118	51.655214
273.009168	322.811974	87.651967
263.36194	328.748116	162.12518
279.76607	317.989423	52.426275
265.026727	329.409946	150.074903
263.080717	327.890254	163.851606
279.932421	316.80006	49.930552
280.276204	314.358378	41.67682
279.6878	318.070438	53.294028
264.919546	329.515875	150.937547
263.131097	330.049351	164.632915
273.878002	319.789558	82.498452
279.6878	318.070438	53.294028
279.204045	318.573439	57.650337
278.135617	315.563062	63.214586
264.149022	334.627045	159.379532
277.084261	321.748557	73.313859
281.096703	314.414229	42.408657
256.239762	337.896838	287.625098
280.271354	309.299431	22.331054
280.466554	316.737439	26.855091
261.845333	331.866675	192.64672
280.896366	315.668207	47.355332
280.727089	315.845214	49.920293
261.613493	335.541226	217.008979
268.367734	329.947623	138.811659
281.256822	318.206188	53.935413
260.107024	333.911869	253.108965
262.996502	333.757063	189.33157
260.413881	333.835559	249.610593
257.090193	338.890604	288.593163
262.868073	332.786916	191.022523
261.113011	332.846985	250.496207
266.045337	328.631977	163.088182
258.367552	338.712903	284.130169
282.079447	318.232947	53.821048
281.466487	314.786065	57.665243
263.561605	330.747674	193.660177
281.739656	317.565799	56.524505
268.49881	329.385397	151.909538
267.178397	328.38208	161.418309
263.270319	333.366521	213.731971
258.002433	333.813249	284.786651
275.297031	321.863168	92.857014
269.023229	328.877045	147.583125
258.923308	338.809006	287.739842
282.75493	312.439376	41.607785
282.568696	313.5173	55.050766
267.148837	329.505071	162.242387
283.22335	312.869263	48.201097
281.788308	318.416461	61.648362
279.901959	320.468087	71.311177
268.925333	333.358544	150.937044
264.902881	336.814654	190.921053
282.63811	313.601485	44.823041
283.060288	314.043844	50.654235
264.700626	333.740382	191.920722
283.759315	314.284963	37.987341
282.813323	314.288497	53.230978
267.618004	334.548168	161.219697
264.716381	332.63273	190.340026
283.897738	313.686809	26.087196
283.18163	311.898517	48.305872
282.853406	313.236219	52.467968
282.807345	318.356674	54.575232
264.980691	336.744542	189.284963
264.829873	334.709394	190.224693
282.658989	311.401818	53.517257
282.946103	315.169484	52.271821
264.854379	333.598921	188.64933
269.841352	333.297436	150.962668
282.440508	313.478093	61.100336
259.978295	337.704748	285.023062
283.94608	316.738612	25.662577
283.490798	313.445822	54.082106
269.630357	329.12402	150.206272
269.207152	329.520982	153.663621
259.921501	336.71781	284.972229
281.878454	320.29788	65.834155
270.023489	329.841001	147.583042
265.764419	333.532712	188.714287
265.764419	333.532712	188.714287
263.97922	336.654499	249.812415
284.296588	310.607762	43.291191
283.800893	315.003117	58.209191
283.767182	315.197576	52.162448
284.582185	317.257066	52.711986
284.259221	314.538729	54.741086
268.446897	335.258329	169.72088
271.04336	329.684067	146.740587
269.390295	333.378259	161.324199
266.742051	335.57749	189.478346
266.583502	335.71926	192.759436
266.491581	332.535819	191.290366
266.786592	335.539163	188.660518
284.356912	312.417515	53.214447
285.65236	316.966862	29.386869
284.620618	318.233348	52.610108
284.891974	317.811618	56.942132
285.211272	317.477937	54.332111
284.182306	317.551264	61.404635
267.632956	333.350546	188.02297
285.525188	314.12831	50.331656
284.559396	314.07427	58.196077
268.662164	336.429024	188.724926
268.525922	336.544589	191.18599
287.301914	309.564638	24.658016
286.55553	317.995413	48.931313
285.670796	314.822773	56.257833
285.381112	319.226127	59.352756
284.724092	315.817321	62.356591
272.826402	331.799396	148.469532
268.264734	332.428542	192.240634
268.111983	330.381668	193.169277
286.130404	311.335928	51.397595
286.039622	311.422822	52.251999
286.086848	312.386864	52.148228
273.958999	327.370185	136.399941
268.552343	334.354885	188.845719
285.782555	314.709639	55.390998
284.876137	315.654539	61.482342
287.333505	311.651636	25.150343
273.714393	328.494891	146.839306
273.636255	327.474765	146.863782
285.631844	318.948708	57.603209
286.034477	315.471025	53.55879
285.732149	313.745582	55.490743
287.361477	317.001013	29.161541
285.409273	317.138293	58.672997
281.967516	319.707892	79.978699
273.511821	328.686031	148.574127
263.305122	338.668953	287.869547
286.746236	315.605419	54.314787
286.37804	312.931182	56.351171
285.808666	317.626805	61.187883
274.655703	331.676223	148.517656
287.691952	312.670687	42.633421
287.670068	313.704247	43.34556
272.73121	334.43166	164.815163
264.11465	333.613378	284.94917
288.219594	314.858953	26.960072
287.560276	317.84921	46.251801
285.977096	315.38425	59.631685
272.2052	329.446822	166.70607
266.514607	332.768469	256.836191
285.864601	318.599062	61.09142
286.286336	320.129278	63.523625
287.982117	315.052728	56.808618
286.441986	314.763554	61.37123
288.745706	313.28699	50.011194
287.165188	315.93069	62.049774
275.090975	333.830326	160.612496
270.854889	332.899118	218.635838
264.911485	338.665183	289.718677
288.273105	313.742472	54.31128
287.730981	315.316848	58.551138
287.012069	316.099528	62.927282
289.880895	309.705648	25.875799
289.943327	312.604396	23.07808
289.931147	312.708044	24.652674
285.537498	320.949845	71.49347
288.34963	314.533077	59.423701
276.786489	331.271994	145.962143
290.790502	313.792048	25.174498
290.779296	314.908322	26.605026
290.718083	315.093527	29.758232
288.738626	314.124874	56.809315
288.034414	316.941274	61.849947
275.89669	330.989582	152.927612
269.336024	337.345543	247.458038
288.055057	320.040762	62.427796
289.602865	312.272086	49.1655
288.15112	313.718151	60.39771
276.846097	329.809096	152.115666
270.834714	337.122416	238.735111
275.775607	331.786089	161.573068
289.140488	312.709766	53.451945
277.353316	329.362117	147.779864
287.790938	318.260084	63.510557
278.412228	331.328748	147.746156
277.050677	329.631015	150.382117
289.565162	312.110487	56.052336
289.004959	319.915678	61.439974
289.041123	317.794004	60.766952
267.976902	338.392672	284.447795
289.907774	316.842203	54.641668
289.368466	313.326995	57.683938
292.43246	316.105184	28.588357
290.934676	314.631041	52.156784
292.465663	313.925396	26.503898
268.36902	337.541482	289.780157
268.19594	334.570612	289.623963
280.13863	331.282667	148.662368
278.769986	326.343606	149.642755
290.682308	315.777995	59.898965
277.793105	327.789998	166.079421
290.32539	320.36035	63.001448
279.518499	325.333481	150.559467
269.247945	337.506259	289.809794
290.192001	315.292886	62.643795
292.293808	313.94277	53.796231
292.226163	315.025982	54.55088
277.175339	327.182354	171.222653
271.706828	333.495162	257.117956
270.829308	334.845628	268.484982
294.087378	316.197867	29.13551
291.619582	315.672602	58.923689
279.055208	327.878006	155.712587
278.412409	329.469361	161.726673
278.650735	329.910796	167.7517
291.932616	319.443626	57.600855
280.646204	328.330208	150.511422
274.820279	332.648943	225.898564
291.797622	316.503772	57.935359
289.783058	317.798312	69.555953
281.207153	328.930824	146.144906
292.359489	312.865923	53.045078
291.22041	319.249304	62.123433
290.982549	320.59182	63.789597
280.898142	325.957392	147.093888
291.951899	315.212471	61.579696
273.750694	337.308423	256.490565
292.285841	315.869387	59.707007
281.661413	328.176085	149.670077
270.916107	332.401948	286.920446
295.757444	313.141926	28.515924
274.695346	335.200366	253.850065
295.689101	315.329877	30.615857
292.961708	319.181785	61.043403
292.15563	315.951555	65.036274
283.033485	328.799232	146.196694
292.15563	315.951555	65.036274
292.732496	320.514841	62.707643
292.331339	318.901746	64.709707
294.303142	313.452977	56.235215
283.758767	332.092795	149.59431
296.532898	313.271962	29.975828
288.773152	319.567959	88.720911
283.522643	326.932391	148.883553
296.554588	312.200942	29.324245
294.408557	316.333365	61.201381
294.331398	320.624428	62.521362
283.550926	325.833144	148.042778
294.53486	313.080263	59.7768
293.901991	321.173983	65.204692
297.361068	313.296204	29.852225
297.414015	312.166403	28.408619
286.981348	325.531906	123.684631
284.671356	332.018116	149.619193
297.414015	312.166403	28.408619
293.734101	318.197115	65.543341
285.616142	330.853108	148.812766
284.211229	331.317218	153.123207
297.032805	317.802044	36.580295
289.38183	326.418606	93.642744
281.61635	334.382691	176.983633
279.53267	329.531284	200.633879
298.091996	310.38529	31.74549
285.449473	326.710658	148.071715
285.287953	325.765125	148.965896
284.072456	330.966148	161.827764
274.415428	334.277168	288.940236
274.486426	333.231183	287.101857
295.724293	316.771073	62.813788
294.2717	316.451734	66.586341
286.458818	326.563171	147.233008
284.547484	330.129741	165.334051
299.889243	311.207928	28.175282
298.844543	317.686871	33.070389
285.390527	326.873189	164.608384
299.817113	316.488916	29.867144
299.782413	311.39019	30.558698
285.966217	326.463154	159.427185
280.606778	330.118595	228.989809
277.21831	334.734261	275.808197
300.641108	311.352212	29.638161
288.187076	330.106173	141.916101
294.34481	320.500869	80.902869
277.319408	330.980034	282.66066
300.472874	317.759309	32.829942
288.38517	329.538771	148.060361
287.942441	325.60921	149.920127
301.36888	316.662626	31.227445
287.056096	326.804616	166.39356
289.453729	330.404409	147.183031
298.915592	316.97905	62.504505
278.190418	333.989826	285.517846
300.95342	311.987426	37.630971
298.216839	318.918015	62.335163
287.978248	332.550566	160.999861
278.002397	333.059395	287.238134
295.110406	319.508361	80.976335
290.14815	328.369318	148.152079
289.96077	325.314142	148.247233
284.863483	331.66338	191.563574
301.612101	311.139075	39.321932
289.99299	327.421409	149.053102
289.899621	327.490118	149.920583
279.963924	336.568398	276.049608
291.09102	330.387718	148.975426
288.304847	332.383103	174.779887
302.506608	313.134176	38.095133
299.348832	318.551234	65.020858
303.225648	312.22329	38.958111
289.362101	329.490794	163.772284
281.775851	333.996013	262.061325
303.732299	313.748482	32.082948
303.108847	314.380286	40.369331
300.421614	318.254789	63.137846
289.02502	328.65869	166.391522
303.54249	310.879689	34.945199
300.324311	316.252178	63.389163
280.88748	336.887716	287.566863
303.732299	313.748482	32.082948
303.064108	311.34776	40.782656
300.413152	315.08612	62.61042
285.943582	333.388323	218.049551
303.846516	315.504935	40.973232
303.261999	316.030659	47.011191
292.637686	329.833656	142.920719
304.543756	318.737782	42.176511
292.460416	327.373589	151.748185
288.917994	330.409888	198.60618
293.461291	330.400353	152.537076
305.358623	315.668189	41.613946
292.915324	327.602862	156.120273
305.454461	316.614569	40.62324
305.009079	319.094778	45.538417
285.794872	336.528212	258.056271
306.231839	315.641872	40.652783
305.436428	319.508377	48.957466
295.302067	328.599464	143.048881
294.201741	327.263235	152.680263
306.29274	314.550927	39.936246
306.032926	313.756458	42.643057
305.880886	314.928733	44.235131
294.446439	324.975711	149.273463
294.076878	328.405879	154.381934
306.29274	314.550927	39.936246
294.888742	331.007459	148.179847
305.486877	314.260821	47.866586
294.532828	328.093221	150.039385
294.311839	324.52946	158.882068
306.348955	313.206377	47.030853
295.060894	326.155744	152.746167
295.888493	330.862128	147.33878
297.171873	326.292671	141.456215
307.283766	315.193012	45.783568
307.094612	315.373618	47.542419
307.121949	316.389167	47.405737
296.621637	330.902769	149.107781
296.655459	323.484384	145.039411
307.259421	314.176826	45.921061
309.948101	314.053223	21.604554
295.94571	327.146199	153.614294
293.084098	329.031306	204.012786
308.628609	311.598961	40.036808
308.008153	316.348968	46.430883
308.000039	319.50008	46.908203
297.883533	327.416209	144.049886
296.887106	329.149896	154.44104
308.554795	316.87196	41.067416
307.788234	315.518928	48.335198
307.483263	315.825928	51.006327
308.451696	315.926587	42.065781
297.104095	324.781957	150.240094
297.836902	327.983399	153.643631
309.28943	313.840786	41.376787
292.841615	328.1154	206.602451
298.181463	330.909795	151.777855
297.525105	323.961335	154.646001
308.773752	315.378099	46.475359
298.005144	331.028128	153.517611
294.726347	333.785963	197.898516
294.086729	333.084824	205.633554
308.623758	313.434734	47.635211
294.203147	334.075326	204.737501
298.657705	331.111765	156.157205
299.728684	326.182674	143.284002
309.140571	314.800722	50.078822
310.293124	316.587659	47.042373
310.333018	314.444968	46.431976
310.098218	316.785822	48.823246
299.725866	328.817856	153.668872
300.046321	326.502826	149.398614
299.81233	328.761242	152.798578
298.533801	331.707267	166.573151
296.041683	333.834255	204.850135
310.961253	315.706649	47.982632
310.519461	315.110441	51.711106
300.70423	326.582723	152.040127
300.6659	330.811137	154.482257
302.117533	329.319838	148.460666
301.582227	330.719008	154.513949
302.420274	330.166203	145.79467
301.589165	327.564953	152.903954
311.421451	315.041031	50.728459
300.83394	324.88578	159.100662
311.174366	317.437019	53.166905
311.885981	319.861127	47.352019
301.535241	326.547877	152.943013
312.67877	311.660119	38.680254
311.723123	317.905259	48.516447
312.455671	315.89293	48.708894
303.80896	329.754769	140.576974
298.807909	333.469716	205.014207
313.121333	315.009614	49.665926
315.224489	315.785891	37.012189
303.990014	330.160273	148.46957
314.474165	313.39985	44.362872
303.985962	325.415211	155.690199
305.355849	324.522014	140.896086
303.594242	330.921809	162.435819
305.389665	325.016231	150.496062
309.886176	326.32874	93.395879
305.085809	330.456249	156.383087
304.123483	324.760321	163.582559
306.484481	326.91193	149.57121
305.844847	330.466865	158.157644
305.472909	329.658132	161.685595
301.258947	326.980839	205.366697
306.280409	322.839891	149.730418
306.952248	326.059364	154.004811
303.820564	328.471246	198.561211
317.664731	318.885769	45.139717
308.225217	329.929981	152.106227
310.528765	326.091808	121.457014
309.815899	329.402251	144.25152
312.103067	324.03461	123.4418
310.93983	324.449268	149.794944
309.544977	325.821842	176.705643
311.751168	328.61632	153.139388
313.638153	322.645645	138.552563
310.027213	326.421846	192.045005
315.626243	325.505083	137.534755
310.465289	327.618848	198.011564
316.007054	328.370893	133.803722
315.861516	326.383389	134.83095
314.115434	323.37337	155.170645
316.303959	323.483439	139.424114
316.261456	322.462872	139.480047
316.5606	326.447442	137.486011
317.642381	323.081867	133.308916
312.186162	327.471963	199.805733
313.100901	329.119097	191.205672
315.687799	326.528216	160.353025
317.518812	323.175529	135.062618
325.870271	320.022383	44.371517
314.016116	329.356811	201.546895
320.189421	322.95395	135.099803
320.495193	327.96164	132.980124
319.878888	326.323687	141.061212
316.049068	330.840293	191.239085
322.385995	323.861769	114.470195
316.699192	326.704187	192.269546
320.710204	330.373433	192.276511
320.27476	325.367974	194.133699
320.167268	323.337049	194.173238
325.6065	326.636104	135.760711
326.281223	326.733567	139.305325
330.681554	324.338897	139.447208
329.333865	321.366734	161.556175
333.309477	325.538121	125.080418
336.034871	323.179453	123.428183
335.68995	325.384442	148.235484
335.584187	323.400666	149.193376
338.959505	322.458148	135.047565
340.867083	325.588314	117.671883
342.031073	327.157858	151.707572
341.730686	327.615561	160.582615
342.769977	323.143629	153.591293
347.199491	314.861157	63.425964
343.101731	325.799585	146.409944
347.43384	319.96396	61.865557
347.925453	315.020811	65.378092
342.971062	323.975363	172.104328
332.863163	327.616456	276.562419
345.364595	325.420012	161.519142
349.790314	315.375467	61.518644
342.852728	324.728823	206.943787
337.773304	326.144376	262.271771
347.594178	323.575831	148.220967
347.621016	325.652898	149.054228
352.36962	319.242677	61.212627
347.437837	322.815241	152.681568
353.037876	316.13849	62.546864
353.372649	312.690255	52.495801
354.095063	315.150412	56.03795
350.373921	324.471225	149.061985
350.128941	319.659363	153.58602
354.377704	312.011911	47.993859
353.200339	320.400821	82.552516
350.178241	319.556629	151.814992
350.280061	323.614904	151.754819
350.690069	322.371302	167.738496
351.670221	323.339057	167.738844
356.333639	316.60777	61.723623
357.177653	311.472763	55.661207
357.658162	314.694067	47.948431
357.662317	318.133622	50.397168
353.941215	319.288579	150.884899
354.927378	326.652551	156.134833
354.508529	322.139741	166.861567
359.139247	318.125168	52.358802
355.944473	325.266835	150.779989
359.731738	310.43654	50.322657
356.431593	320.943572	165.088375
356.930361	325.043152	148.085704
356.813178	320.031271	149.060007
354.580613	322.838493	194.913029
353.524646	324.011373	205.40814
357.38572	324.074705	167.754898
355.449425	322.799041	195.802566
355.462005	324.835014	196.652161
357.678384	320.203882	152.614481
360.66271	317.99385	53.417967
358.449446	320.36697	125.739934
357.842327	321.830531	146.343349
359.810174	318.340685	95.341778
359.892242	322.58524	114.688209
359.417568	325.888639	165.081482
362.689395	316.681606	44.47906
362.526538	315.848222	46.35772
359.66672	326.240633	153.424778
360.522021	319.992035	151.690703
361.558017	319.578107	146.314314
363.338853	321.972119	94.164023
361.635101	324.64867	146.239305
361.59074	323.759231	148.053141
361.598059	325.90512	149.815141
361.572906	320.593462	146.303142
364.027843	315.702798	47.396058
363.78032	317.478525	53.713122
360.289016	323.41844	184.51439
361.818509	319.982886	173.095702
364.15362	319.991285	97.142545
365.529565	316.677873	49.280364
362.483584	320.662888	148.08002
365.60649	312.089447	45.034305
363.411552	319.593392	148.075533
366.328974	312.061173	46.004061
366.406664	316.351998	47.527465
366.268276	313.275571	47.749879
364.34228	319.60156	148.958564
364.439081	325.622294	147.986623
364.369927	321.631775	148.942746
363.751536	321.963851	174.014701
365.297557	323.851443	152.511999
365.313913	321.578149	148.931091
367.054001	312.031739	46.978441
366.826794	316.522404	96.436302
366.716332	314.341809	57.94529
365.30233	321.64041	149.82999
365.422526	325.308869	144.372096
364.813413	322.87304	172.255824
367.2909	311.672636	43.341168
355.667097	329.122368	265.558081
367.613746	317.155784	56.866765
365.606415	319.820472	174.027727
367.046492	318.960799	116.570482
367.22855	323.499166	148.886278
367.160123	323.926509	155.205741
367.314855	320.796431	139.923313
369.201166	316.352551	68.321182
367.931106	320.230046	162.424499
367.949892	322.319025	163.331791
358.666488	325.496593	261.249669
368.176827	324.523223	149.764812
366.7546	323.169564	197.750568
369.108458	321.298166	147.981841
369.033995	321.793167	155.20424
370.446141	310.092858	42.738055
368.973874	323.140582	160.626615
366.657341	327.242958	200.293205
370.12431	311.624285	48.155354
369.089753	319.267623	147.996104
370.08691	325.364923	148.823671
369.897721	322.122966	161.530864
367.614064	323.116179	198.643732
370.83715	325.329318	165.141408
370.71159	322.395005	167.848534
371.550787	316.353175	56.343157
370.958663	320.494119	152.477127
371.006003	321.189583	147.955064
371.972715	324.244677	148.8129
371.986033	325.190684	147.893163
371.914359	321.519615	153.368873
372.90348	317.898338	146.14444
371.237591	326.968911	192.518983
372.902018	321.147837	148.830323
372.816268	326.104535	162.42281
373.252102	315.556897	51.873988
372.97487	320.290334	138.031331
372.947255	324.929028	145.16515
373.855814	318.927814	147.023918
372.920222	323.109813	147.906678
373.855945	322.175381	149.71309
373.862426	317.773439	145.22959
371.762654	326.926507	196.888207
374.839726	323.733388	144.246812
374.405196	322.378671	172.374973
374.640891	323.087671	165.159074
374.704706	318.65139	158.78848
375.576918	324.149371	166.972647
375.474899	314.548489	55.885626
375.502264	313.225147	53.157101
376.676114	312.752883	73.747859
376.726337	320.793956	146.960681
376.561927	320.891411	164.246735
376.733916	322.680398	145.130729
376.720059	318.832573	147.878958
376.558196	318.796547	163.325891
375.044239	326.726235	192.588372
377.682643	318.638634	146.057422
375.508599	322.589983	196.171587
378.632398	321.023623	151.460898
378.47472	326.084142	167.869863
374.632142	323.610424	211.895274
373.290944	325.866034	223.23903
378.619505	325.52472	157.824593
376.462194	322.521737	196.187655
379.446677	320.77791	165.148503
371.079341	322.400585	248.572968
380.55741	321.932386	151.418353
380.332941	321.915021	168.788937
380.813759	318.172016	99.512894
380.396275	320.76728	166.055605
380.405643	325.977372	167.863206
380.42545	323.84294	166.054368
369.918133	325.581814	271.980151
375.714799	320.514398	217.218667
376.552115	323.492549	218.935268
381.518515	319.433977	145.975326
381.526972	318.764171	150.50966
379.780524	322.301596	191.86892
380.132746	309.617325	55.653667
380.586385	326.32263	194.403243
382.432377	321.80744	138.726786
382.481805	320.53645	147.75271
382.48749	320.742358	150.476323
382.344314	323.776369	166.95137
380.676263	326.323989	193.533158
384.410337	320.427399	147.708797
384.383026	318.969847	142.31778
379.314781	322.238145	218.991782
384.366451	325.528298	163.240986
385.377137	322.609542	150.385689
385.365602	325.31692	160.459423
385.358135	325.370158	161.380308
385.405634	318.613877	151.336435
386.346386	318.110903	160.478357
383.316627	320.98761	194.542386
384.299915	321.932789	194.528865
384.420669	311.681981	52.166054
377.671183	327.028682	250.633228
387.331147	320.470716	150.357626
387.311185	325.203439	160.408034
385.356045	321.855671	193.658146
385.357497	325.942025	194.425776
386.361636	323.821425	193.611007
388.219509	325.43397	165.907045
388.317566	320.610567	153.068109
387.270002	325.77825	194.420967
387.42716	311.118128	74.721238
390.09465	322.606637	141.220096
388.175173	308.851349	73.944002
388.458441	310.389408	77.551187
390.189974	319.881541	144.853421
390.224794	320.100142	147.552786
390.122536	322.763884	143.005564
391.085232	320.528905	141.237763
391.145534	319.751459	143.931427
390.948158	316.55845	131.610189
391.100743	320.608058	142.127673
392.171701	323.30188	151.064095
389.287192	308.981534	52.703201
381.544467	323.150791	266.415522
392.096332	316.349876	140.405833
381.925895	329.112404	265.825647
390.126919	315.069987	76.66382
393.048831	318.397356	141.231672
393.032891	321.586244	142.945083
390.339869	308.587569	48.981486
390.877372	309.022927	55.678964
394.036545	321.683373	144.699493
388.61313	321.324947	219.136129
391.978782	312.204132	79.61751
392.012172	315.238308	79.538007
391.314025	309.442694	48.062506
394.943949	319.217042	140.281518
395.956324	319.321862	142.022369
393.434769	308.556329	77.117914
398.070194	324.209199	154.439534
394.233973	324.708737	219.154252
401.044703	318.610961	148.999292
400.642514	322.910184	140.031758
403.731125	323.19114	145.191539
404.159967	312.807791	80.354749
400.757696	323.002802	224.700515
407.863349	321.459296	130.504006
398.154906	323.642686	256.874771
407.05315	319.293785	208.499033
401.866598	324.485223	267.596212
410.736356	322.994876	203.66826
407.118599	321.091449	268.521296
421.799557	318.304122	138.014818
412.60649	320.770325	279.657355
412.760906	322.70556	278.947736
426.873964	319.275841	142.041586
422.994276	313.404064	88.408168
423.002113	314.406412	88.411736
423.933762	314.337098	88.385172
424.800678	308.162171	87.358729
417.165724	324.336342	269.947455
431.295549	321.479592	151.022564
418.216778	318.583099	264.542463
432.25509	321.385436	150.991829
419.226822	324.196133	279.187815
433.261612	320.302712	151.016248
420.249195	323.928775	277.531528
437.357789	321.088375	156.717008
437.846077	320.730039	149.197005
438.445671	321.078164	167.857823
423.93768	319.181187	273.996503
439.421553	319.962362	160.098809
438.642276	319.514737	146.766801
426.143442	323.652291	270.919318
436.192777	309.688146	88.630576
441.462997	315.817617	159.443531
432.011074	313.760604	225.313736
441.524278	319.258456	147.563034
441.843408	314.361425	148.630511
440.329961	317.406002	189.045434
442.249161	319.014691	145.108241
443.125254	320.559664	169.418604
428.886468	321.187196	269.143284
442.659522	320.296779	150.791141
443.227406	319.588242	166.85413
443.312105	315.596796	158.546411
428.83898	321.295997	269.986841
443.425117	317.030525	146.827615
443.806569	320.309002	154.081222
439.153209	311.944784	93.236716
443.57175	318.147246	149.237499
444.915758	319.286037	156.612713
444.734575	320.205297	154.075847
444.576708	320.121775	151.605008
445.593669	316.001522	150.143548
447.007992	314.158216	156.862834
446.788772	315.042421	153.483599
447.400336	318.81984	151.650379
447.023502	315.988028	181.368697
435.331311	322.669325	253.853528
450.71168	313.751272	157.673527
450.788914	312.78593	158.562575
449.460335	311.797141	139.638989
451.540487	314.607673	156.792196
452.081846	317.327664	152.547423
454.136231	315.220449	155.11506
454.054125	318.233884	156.666562
453.342934	313.597195	142.851576
450.457719	313.178463	93.826289
455.977984	315.028078	155.970788
446.749834	319.598603	226.211314
455.28467	317.158286	180.312673
453.287425	311.830013	90.810367
459.439237	318.633229	158.455425
460.57368	314.596522	160.248281
457.152154	310.723532	91.548756
458.066341	312.62849	92.622492
461.391949	314.517547	182.410424
460.239654	309.109592	97.916304
464.975943	312.960871	157.083876
464.750973	316.23762	171.56557
465.743532	318.123129	181.577276
466.311	314.328923	135.573195
468.309205	317.632797	160.550792
469.08993	317.74559	170.029902
472.679569	317.241328	165.061395
470.997639	313.12068	108.812448
476.282066	310.225008	151.013076
475.752234	312.029766	193.530547
478.70968	309.562772	145.296132
476.497618	316.137468	199.209709
481.288848	311.297354	146.269978
480.320661	310.684791	95.86961
482.373871	313.621787	200.408942
487.774052	311.224247	204.327635
503.35482	311.171046	109.373065
512.876592	303.648208	111.606332
517.115333	305.693407	166.390901
518.098776	306.532184	163.901225
521.439249	314.34076	197.546984
524.833418	310.045353	198.543647
531.083267	313.667341	191.427256
539.117892	310.156397	189.683051
545.772795	308.612873	184.161102
114.779343	325.564444	156.39244
139.801194	320.274884	146.558804
143.903459	322.981691	122.471461
144.844161	323.121789	142.882887
149.160713	326.555282	158.676673
149.574698	321.805671	189.403437
155.508625	322.934256	159.465797
153.617289	323.37318	181.003559
155.781564	325.407849	196.093765
161.891818	324.943779	144.811836
167.041734	317.396786	107.666966
168.493644	321.271727	107.598293
164.291246	320.486169	148.359898
169.52373	319.952588	129.062903
163.735571	325.561053	195.204719
174.026113	316.979508	106.38984
176.104063	318.93792	107.412039
170.424087	327.037589	169.542048
169.772218	323.380139	189.896718
177.883814	319.30278	122.128155
172.213111	328.104756	170.244393
171.504199	323.707217	194.987877
174.703684	328.416028	189.631119
178.906776	325.340403	143.53525
177.30747	325.699938	160.998535
187.231738	320.580682	101.147091
181.379655	326.585085	145.943746
177.14097	324.042299	181.838045
189.317324	320.374029	100.445362
179.518644	326.011896	164.996299
178.32049	328.247788	185.949727
186.510688	323.40185	124.934913
182.268333	321.965422	147.865072
179.777275	324.130751	182.516731
179.670825	323.147564	182.550539
180.371096	322.357222	185.920191
181.044123	326.990165	180.661522
184.206523	326.54922	156.589041
184.821857	323.612585	171.425111
185.155965	324.201811	182.174024
187.409126	325.860817	176.093721
187.530578	327.894102	177.653415
191.214926	331.393719	232.810595
194.748558	326.062622	147.523077
192.782044	320.887511	155.185378
193.166219	323.18988	160.620619
194.86687	324.440062	150.877664
194.900635	327.896266	158.611529
195.143852	324.764553	154.868037
192.417819	323.191548	179.295345
192.908654	328.042795	178.967961
205.870571	317.630241	93.696029
195.917972	326.442294	151.532222
193.104468	323.679096	169.406847
195.902346	321.230482	159.144376
198.356013	324.042638	157.291701
202.700531	326.883632	155.453783
202.569922	326.937687	156.234542
205.481334	325.988439	145.185631
202.963064	324.567341	164.313543
203.969325	323.12842	156.590341
205.984105	322.620615	150.303609
216.810229	313.549429	90.155917
204.753477	325.64275	165.76539
206.09267	325.085825	156.424897
204.07018	329.255903	180.858443
209.391849	327.002949	145.176077
210.908502	324.094953	145.427627
208.392011	331.199004	263.283166
211.289508	327.022049	145.211604
209.107323	329.036456	256.556206
229.325248	307.438635	52.646272
216.050823	327.057701	145.314979
215.418041	322.145759	145.674897
212.866956	325.398227	267.548147
218.148456	324.79037	143.070036
216.987727	325.558222	149.500128
216.946502	327.679699	150.921454
217.661948	319.738816	142.596995
215.651396	329.140896	262.956423
228.616527	315.862702	90.054
218.432261	322.034705	144.926495
214.474138	331.312843	270.651658
220.182659	325.773387	143.045511
220.182659	325.773387	143.045511
217.453167	326.922123	254.418811
222.874059	321.837214	136.676755
218.702392	329.187977	266.188398
234.146221	314.886872	86.219761
223.471734	323.986726	144.897941
234.207358	313.386075	93.796387
224.177811	327.523002	159.161244
223.394803	325.847873	163.233206
235.751492	317.941177	96.929197
224.799872	328.247642	169.418809
245.622326	308.17644	30.793195
246.667232	309.249032	33.254965
231.410085	321.406986	141.874421
228.078223	327.931855	260.526032
226.466961	327.263342	270.978548
249.103775	304.734825	24.73777
227.668095	328.167014	269.159877
227.999172	327.131994	266.570322
249.036042	302.760037	25.680522
234.766111	323.110593	140.144659
250.08674	302.923907	29.707153
228.721589	327.141148	267.395034
245.101393	311.553039	85.853927
230.210378	330.894118	264.661502
251.938322	304.687511	25.702581
230.236068	327.28414	274.275868
236.863139	320.383082	142.85713
231.4639	329.982258	267.212616
231.226865	327.245388	273.356374
253.889967	305.933285	51.806823
254.065032	305.699482	59.938083
254.936087	307.871194	51.728782
254.936087	307.871194	51.728782
238.63719	327.257999	148.469529
232.574806	325.185344	268.970378
233.025537	331.930262	268.875383
255.920853	304.314483	41.273489
236.312817	323.223619	168.386941
239.348466	322.944197	147.017101
255.764648	307.58037	24.819816
255.850512	308.666872	26.321018
255.922387	309.87799	52.529922
256.881028	305.454542	44.670005
251.237268	308.720154	81.60683
256.346284	306.258682	56.243716
257.245784	307.305652	57.073171
257.862248	306.384254	43.747938
234.223462	326.283182	275.871764
257.335398	306.164732	55.306837
258.572631	305.737942	49.912109
242.193851	319.44497	144.681702
241.493447	322.414001	151.323296
235.035125	331.208049	278.473506
258.577584	308.531112	24.809691
253.70584	313.389204	80.482952
258.723665	309.769118	51.521112
258.444323	306.973491	53.439528
258.476483	306.465718	24.220166
252.670461	316.216813	88.715207
260.499947	309.585516	26.330876
260.497146	304.29707	42.125257
260.470358	307.735208	50.64123
260.379778	307.482395	24.957658
245.15056	319.228227	143.879567
261.493222	306.91809	34.544414
261.398548	304.334602	42.958193
261.423812	305.454827	45.46072
261.220088	307.928866	53.257751
261.091556	303.32921	23.827889
260.629222	304.398589	56.965804
261.928343	302.205304	22.370451
262.485734	309.518401	47.803111
262.123907	303.6562	48.12644
262.032618	304.279884	22.944136
255.353567	315.111953	87.779046
262.172728	307.367078	23.398974
262.219955	304.575072	47.211753
263.319699	306.134637	39.4627
263.108762	307.394525	24.204586
239.857814	331.982995	274.829669
243.602358	325.674816	209.412646
262.870806	303.154596	21.473661
247.152313	319.040088	143.056913
264.02022	308.310349	22.495735
264.059937	308.395608	24.09146
264.10803	304.281062	42.069339
263.944973	306.278317	22.736769
264.251313	307.007631	36.929794
264.250658	308.484338	46.903514
264.136196	306.52794	47.027595
265.027651	309.439923	24.762697
264.955242	303.20406	40.474327
248.370733	320.824503	149.019828
243.952475	327.438431	251.167624
248.482006	324.131087	150.611961
250.201742	320.986407	143.037196
248.429197	323.909381	157.415958
266.114711	308.109958	39.235266
266.063843	307.237792	41.79499
265.789868	307.22273	21.813459
244.09329	326.614786	257.244846
265.844564	308.284863	22.490322
265.882481	308.371939	24.084198
266.140915	308.994069	36.71088
244.273413	326.569491	255.506121
265.866391	304.670153	30.804684
249.871747	324.776781	148.061073
242.553236	328.942621	272.105339
265.674289	304.172873	22.185382
250.974504	324.704538	140.3449
249.426835	320.672539	148.191537
249.08818	324.424653	153.177208
261.839551	307.99232	76.557203
266.184871	305.222359	54.786683
266.850578	306.435625	45.189328
267.645636	308.21802	21.663046
266.890943	304.368456	55.632957
264.826338	312.445284	70.189593
251.93086	319.748634	149.994003
262.531046	316.087132	86.329214
253.396752	325.993519	150.695343
269.45816	307.275511	23.348075
252.519738	325.712691	156.661933
269.694204	309.302792	43.11944
253.434003	327.931604	158.320457
269.143987	305.787256	58.819275
255.074712	321.570295	149.152439
271.484214	308.918172	34.900307
253.942304	328.26833	161.722777
255.108881	326.906021	159.28116
272.089699	302.685464	31.653472
270.730037	305.94531	59.505408
270.681404	307.018161	60.32037
272.81872	309.879636	51.328743
273.125176	306.110768	38.289086
257.996618	320.345979	140.590925
272.183444	311.555128	58.190679
258.406158	323.299902	139.653523
258.722349	320.53872	142.331507
274.995569	308.681752	29.990133
257.563356	322.602463	159.51616
259.093577	326.752373	150.843251
274.265257	311.028579	60.555654
273.618464	307.521471	62.526539
276.782899	308.90913	33.751615
276.669359	305.954936	34.89904
271.443145	312.313894	76.200717
260.965758	325.51756	150.063671
259.372516	327.013055	162.869896
261.004109	320.967379	146.704675
261.37761	326.216016	147.45412
256.773591	322.69671	191.95212
260.99696	322.105773	147.546054
259.682141	326.737862	160.329823
277.554305	305.672362	30.178315
256.249665	329.979457	245.944389
258.112921	329.977878	192.473654
252.598131	327.009533	281.780196
261.730324	321.133461	148.453339
258.611015	323.713853	193.67642
277.757752	305.020546	49.528378
277.406114	310.50049	55.926258
276.907341	308.93751	58.65906
255.99943	325.49507	263.289446
278.458376	308.222619	21.852919
257.047802	324.181948	251.170589
263.45053	324.540568	151.890474
259.858176	328.84784	192.669641
277.831085	309.686384	62.777326
258.075459	330.080844	253.845726
279.348158	307.35953	24.291592
279.402484	309.394288	24.003408
255.635302	329.800032	279.213314
265.03121	320.460744	144.196807
280.227187	307.31241	23.415222
264.435308	319.94753	148.540896
264.693384	324.175864	149.326412
257.916173	330.124543	255.584833
279.64517	305.878133	47.603776
264.989914	324.994052	147.575499
264.8412	321.522675	153.730463
258.642623	326.148287	253.812172
280.23391	309.235352	52.289884
265.355199	321.028506	149.410422
261.754303	329.754812	191.936454
280.100214	305.147148	37.068365
259.058842	329.235594	260.820425
281.646382	308.643916	44.63316
281.68923	309.619506	44.525247
266.37341	322.00612	149.415634
265.480049	326.176303	158.836564
264.837225	323.417006	162.330114
281.643807	309.673595	45.356348
257.09172	331.843604	283.786885
267.351713	325.240841	151.111147
263.228868	323.329995	191.544247
259.682834	330.048384	254.762339
280.645092	307.423633	60.047453
263.415862	326.472572	191.404058
258.155057	324.761851	276.438524
267.55903	325.040079	149.38061
281.761362	307.182556	58.239288
282.638099	306.384389	39.872358
282.390608	308.778818	46.200317
266.530805	326.736811	165.732692
266.434543	326.818116	166.580614
261.092908	327.079198	255.625174
282.491552	305.562449	42.412065
266.551564	321.184206	162.437668
258.838257	326.783359	280.060462
283.506188	304.260028	37.63412
283.206447	304.720552	44.063067
282.522705	307.478773	53.034925
281.553811	310.4394	60.581879
264.621608	329.432877	188.865666
258.775308	330.807823	283.782061
278.056311	310.609407	75.610651
277.57151	316.415719	79.70905
268.159434	319.730653	148.632668
261.101283	326.076068	254.746378
283.588177	305.146928	35.934113
266.726083	322.145274	161.56116
269.480909	323.967298	140.741018
264.42175	327.418146	190.601222
268.853129	322.122352	152.086368
267.958009	326.2372	161.504513
265.14872	324.208139	190.804013
265.072662	324.28533	192.446038
282.77562	304.171069	49.113048
283.292032	307.70798	44.555006
269.735434	318.768308	150.427572
283.98998	309.918677	47.572917
284.275068	305.485227	40.61242
284.047139	305.777799	44.68245
269.800872	320.932187	151.262645
265.943825	324.254425	193.33087
284.194448	303.513928	40.84855
284.476212	309.337306	38.51023
283.991031	305.841474	45.505699
284.605292	304.05812	47.279017
283.273991	311.449117	60.302157
269.449684	320.87764	161.671241
283.931049	310.806281	55.984471
283.555182	310.989408	62.892744
265.846937	326.206255	224.551179
284.705458	305.99725	47.068379
285.562859	304.977661	46.255285
284.858282	308.70726	54.359698
272.297938	323.530166	147.792386
286.212846	302.903243	32.008329
283.65307	307.817445	61.407568
285.587701	306.989659	46.865877
284.244479	307.258874	57.966215
272.788323	323.053733	143.458579
267.238449	326.897385	212.563551
264.705997	327.864223	254.03631
286.01556	305.465222	39.617074
285.786982	305.755999	43.674615
286.528517	307.918838	45.824606
270.471665	325.137162	163.338463
287.01008	310.435278	38.882676
272.443012	320.06731	144.38145
269.805584	325.685623	169.301453
285.943916	311.514736	53.108338
272.117635	322.595276	148.678069
267.720237	324.148472	194.27898
286.24276	308.199879	49.172421
268.84156	323.868565	190.220817
264.879997	328.06116	261.847349
286.846535	307.568756	40.886734
272.309836	324.289614	155.615482
287.27677	308.652812	26.373239
286.083086	310.372025	51.502127
282.82376	311.318037	73.395093
268.750984	323.952612	191.867783
287.502964	306.778395	43.361746
286.320363	308.124884	48.331661
285.613191	305.76019	53.702121
284.136511	310.229897	63.753039
286.208211	309.243361	49.909524
286.326706	305.889678	54.461564
268.543879	324.914536	220.446187
287.27857	305.99498	45.954801
273.616291	324.983932	153.024605
272.008146	326.330978	166.796891
269.634784	325.002637	193.532558
288.494043	303.539184	39.570264
286.601447	306.645385	52.665058
275.10269	321.114703	146.172065
275.141809	324.377835	147.848478
286.956383	311.166862	57.313661
270.691307	325.887305	191.898654
287.575967	307.540139	51.620376
287.091665	306.982634	55.126878
285.929444	312.207289	63.397361
274.087228	318.709228	153.15019
272.565715	326.54106	170.229549
264.696859	327.647724	283.806919
287.891175	308.25335	48.975954
273.584502	323.528138	160.010317
270.587603	324.88098	192.767299
264.643361	325.658666	282.834734
288.710051	306.263975	48.261786
288.345187	308.62441	52.268583
287.847728	308.082491	55.793004
286.79136	308.081685	61.927806
276.039012	325.430724	148.720249
268.682562	325.436779	245.568278
287.216002	311.758421	60.688405
288.075218	309.889355	54.731106
273.381523	319.95337	167.848108
289.117264	305.666689	51.645728
287.085636	309.841443	60.877262
275.309113	318.389888	150.575255
274.64117	322.247056	158.328809
270.374946	325.779865	219.687374
289.264323	306.540831	50.691642
275.580397	319.25473	148.828595
275.712904	322.436529	149.646804
273.091929	321.282359	171.239381
271.602939	325.802869	191.957012
289.838451	305.998129	44.831794
286.404226	309.304222	67.959766
274.669208	321.126818	157.479938
290.681018	306.723369	26.978678
288.887871	309.921815	54.634624
289.905072	309.977899	45.179402
288.650832	310.150576	56.357994
290.037374	305.600863	50.708059
288.949017	308.853419	53.88174
288.790844	305.968828	54.193905
290.3403	310.361873	49.293136
290.019603	309.652097	51.964606
273.640357	326.541706	189.549199
267.291049	330.574956	286.705789
289.555142	305.033517	54.208526
289.81025	309.849074	53.678685
289.407845	309.222894	56.367752
277.214573	320.407761	151.466111
290.082864	306.56876	50.597259
277.730039	323.248721	148.81364
290.727064	309.782014	52.723346
289.38987	311.269942	57.02453
278.940291	322.929866	146.240584
277.50611	320.159202	148.866048
290.305964	306.134784	54.87159
289.863606	305.534082	57.548689
274.556637	326.449088	189.603329
290.665498	310.8494	53.471302
278.657506	317.700826	145.461991
278.48021	322.237444	149.72588
292.439351	307.591114	24.230972
289.352111	312.180993	62.161577
278.545691	318.897473	147.17666
278.747846	323.098759	147.973515
276.42378	320.59258	166.210253
290.014296	310.47285	57.902983
278.185311	318.108262	149.787369
290.943437	305.314643	55.747243
279.498747	322.087569	148.886216
279.571171	323.115698	148.86722
291.004025	311.343838	56.835563
283.994266	318.532759	96.372634
275.097175	324.48451	193.883153
269.248187	330.423122	284.077408
269.118427	329.464335	284.922912
290.822457	310.508772	57.811935
279.52186	320.97662	148.0377
277.386815	325.931698	168.701231
293.021485	310.239474	46.439541
292.166037	305.977217	52.983805
291.808744	311.3824	56.742338
279.179498	323.442	152.335593
279.010375	322.491565	153.221318
275.474549	325.259887	188.870339
269.828774	326.17156	273.299916
291.882391	305.226689	54.80507
294.118055	305.569327	24.271579
291.468104	307.650258	58.04193
291.494572	310.682213	58.592802
277.892986	321.796211	170.537635
277.955488	326.109555	172.136594
294.072442	307.909314	27.908818
280.41977	322.019745	148.913667
269.858149	329.479081	286.743636
294.914203	304.7469	26.648818
280.267781	322.795525	158.477544
294.883758	302.70753	26.938546
294.896907	304.809713	27.434243
290.175447	311.944182	70.078485
281.36463	320.843206	148.093573
280.718627	320.275157	153.308687
280.427477	320.500603	155.910351
279.684474	323.23468	163.663483
270.75661	324.389855	282.090069
294.995703	308.706241	24.492989
295.841298	308.718546	24.365774
294.906126	308.999668	28.42521
282.520937	322.752249	147.217931
281.242238	317.67196	147.275321
282.214852	319.745153	148.139081
280.900917	322.928688	161.10246
278.883366	326.00951	172.17149
293.219884	307.584972	57.007215
293.08602	307.715685	57.875993
282.190918	320.85213	148.98781
291.747911	307.001754	65.083033
295.709982	308.058729	29.232869
282.372583	325.038245	149.773478
293.682781	312.061979	59.974788
291.580083	307.171499	65.964608
283.413904	323.786646	148.090845
283.126369	324.017033	150.690893
294.25888	312.478246	56.351994
283.393022	320.553297	146.421418
282.689916	318.941676	151.645922
294.445075	308.2316	54.207946
294.529199	310.177391	53.973394
277.622993	329.211883	219.260959
272.747421	330.266519	284.205201
272.368482	326.378166	285.802429
287.27672	314.384512	95.736467
281.696726	324.017114	162.839298
288.913178	314.787431	91.02043
297.376164	304.97481	28.625917
295.205352	307.293923	54.236588
294.315746	306.116642	59.679677
289.15751	312.375862	88.425558
282.053742	321.58977	158.552122
281.662161	325.12365	163.678678
293.472781	311.13567	65.421611
292.293827	314.572239	72.378623
283.672265	324.654729	146.334693
282.878973	318.794253	149.913977
295.398146	306.1019	52.62804
295.162958	306.319537	54.352755
297.456539	305.801661	26.11849
284.381952	321.513159	146.431654
284.101046	321.738582	149.02755
274.308495	323.862841	269.932639
297.330175	306.120414	30.060445
282.719157	323.854442	162.005425
297.190079	303.269143	32.866091
274.245956	328.265467	285.956711
298.071129	304.233022	31.806435
298.002671	305.377917	33.257111
295.041653	310.34686	60.919978
284.414479	319.964619	153.423511
288.933018	314.485269	96.640682
298.999694	307.171294	29.664626
283.439216	325.558138	173.194603
299.140934	304.7331	25.214591
295.402401	310.868003	63.503973
286.100241	322.546371	148.200873
295.03764	310.224591	65.39536
286.353028	323.424703	146.446826
299.759887	308.33542	30.985428
282.198562	320.6064	195.259974
280.011052	328.303024	235.908604
297.01642	312.090117	58.762628
286.357656	322.964137	154.297421
282.660388	323.500262	190.974353
299.683701	304.331743	32.353833
299.799483	304.128077	29.967508
299.727415	309.415515	31.641214
296.88172	312.237259	59.647842
297.901055	307.92988	57.397247
286.383734	318.635657	151.765932
300.301789	309.749677	35.558635
287.463861	319.520888	150.916414
297.811852	309.047075	58.15911
291.679334	315.475042	96.538224
287.341543	320.686482	152.631864
281.179836	328.089401	231.666179
296.390497	308.488294	66.385797
291.424381	312.424408	96.809475
288.158407	324.375072	147.347475
287.814578	323.562786	149.970886
287.184335	319.722584	153.515068
286.398612	321.346519	161.301514
301.141077	306.670957	35.047944
288.229458	318.477224	151.829478
297.918257	312.960744	63.062692
291.826193	316.168721	102.985175
298.474989	309.227192	58.967182
278.198388	325.8541	278.050682
298.857025	309.714506	61.56324
298.136902	313.68846	66.598119
299.089193	313.554342	65.632789
289.515968	318.135136	148.404913
289.491397	319.78579	157.947588
290.319036	319.217296	150.149429
303.463433	308.911052	36.048952
294.585833	314.101563	93.83716
295.507594	319.521755	96.132256
303.073142	306.22705	40.632413
289.491397	319.78579	157.947588
300.223744	307.958705	62.56587
290.414208	322.365046	150.955134
281.919124	328.181976	266.17106
289.727264	324.43441	166.552862
303.65696	310.747944	33.311021
302.85522	308.470659	42.894705
296.196894	313.391502	88.211799
290.964628	322.537352	154.455946
303.937588	311.315185	39.827854
289.824908	320.599415	172.692803
304.684107	305.301042	29.862029
281.279016	329.935458	288.11031
305.044	305.904109	36.237329
292.433393	322.072768	149.289707
291.517204	322.696244	157.959566
305.202775	309.845208	34.031101
305.06044	307.943844	35.957378
289.087623	326.000973	193.716677
292.391682	318.364409	156.330896
288.970469	325.009865	194.595007
283.030508	325.763953	284.445031
292.513113	317.214087	154.611014
305.467655	306.306878	40.305229
305.151583	308.65262	43.437418
305.978571	310.712941	43.058251
305.642665	307.933348	46.066575
290.060193	322.623941	191.350366
289.275487	324.258356	202.268638
306.092709	306.493578	41.89746
283.026582	324.746419	283.517233
306.079253	305.478382	42.034577
305.835228	307.757986	44.33476
306.033761	308.604366	42.476539
290.731996	321.621223	193.951693
292.523469	318.209326	172.838263
294.330858	318.1283	155.535291
306.644777	308.803703	44.097362
294.074526	323.620343	160.642349
306.796777	306.603913	42.649706
307.244924	309.013662	45.737393
307.496894	306.716866	43.408998
307.528818	308.751056	43.133304
307.562925	310.786044	42.855724
306.990605	311.319642	48.093056
295.607252	317.810643	152.107196
307.472782	310.86965	43.721067
308.298777	303.849143	35.223596
301.878751	313.686669	91.012602
297.077437	322.680278	149.43359
296.669076	321.889219	152.927724
307.980524	311.171681	46.241571
307.856711	305.078753	47.060909
307.248508	311.884873	52.449748
295.423955	317.357296	162.557158
309.146746	310.854992	42.657062
297.567962	323.404764	145.072275
296.151939	323.774391	167.670302
308.923911	308.989061	44.673767
288.162071	326.620475	263.909782
309.235493	310.770732	41.792281
308.697106	312.321475	46.89029
309.001561	307.879348	43.940695
297.476398	319.749488	153.008157
296.494505	318.240754	161.714313
305.929245	314.388794	67.899718
308.887411	306.950446	44.948812
302.539118	319.33062	95.204272
294.711047	322.058822	191.572391
309.065067	305.748502	43.346889
309.05596	310.940843	43.525165
310.78295	308.71422	20.540383
297.357842	320.888132	154.721375
297.899106	322.098652	159.075003
295.254089	320.07051	195.047328
309.497704	308.186511	46.470939
309.363772	311.43874	47.823082
296.958623	317.852804	175.592175
299.051167	322.92054	157.349552
310.256418	311.377625	46.848506
310.639845	311.006872	43.333485
310.181871	312.497058	47.595926
310.957194	307.318768	47.311316
299.128638	318.525795	173.083737
299.726874	320.280181	167.887351
299.79757	323.418303	168.682698
297.100991	321.388162	207.033637
293.088155	324.835549	256.495939
311.462588	312.883097	50.106656
311.432652	311.859316	50.245793
301.557212	317.512966	157.559627
308.002809	312.583727	82.397425
298.270095	319.587142	192.637707
303.374427	323.205062	151.373913
304.348536	320.97002	149.732682
299.864144	321.044851	207.178179
304.831235	322.211566	154.948325
303.440085	320.3756	178.354693
302.151151	324.779815	204.613605
309.750841	316.81164	138.750354
308.44339	315.568478	152.60994
308.430091	320.755279	175.947877
307.094842	324.705615	191.990206
311.654913	318.707797	138.713384
311.248552	314.755853	141.460413
307.069994	322.609831	191.197052
310.581263	315.204817	149.211221
311.417094	316.758251	140.527084
311.369156	315.731863	140.564865
312.178569	316.779686	142.277415
308.510723	318.427035	193.89153
312.500035	320.250372	150.861907
313.454827	321.720907	140.348344
312.185151	321.505185	155.185478
313.062832	314.598361	141.509282
312.112836	321.551812	156.057135
313.752148	320.453473	136.050639
314.13026	316.523575	140.59577
313.96637	321.883697	167.444066
316.090161	318.371213	139.682536
314.82537	317.123388	154.484704
316.745709	317.412936	142.341587
312.116905	318.094921	195.723106
315.676915	320.24104	157.048223
317.333572	320.153444	136.119098
306.056904	322.813367	260.659756
316.634609	316.435919	143.244436
316.874369	320.48259	142.212396
316.788715	318.436937	142.300746
315.853567	317.498485	164.951145
318.698197	319.260198	141.419569
317.053633	317.240855	161.495164
320.075246	319.883837	135.285411
320.075246	319.883837	135.285411
319.701295	320.161124	140.515277
314.176815	321.279574	205.206092
320.456848	318.085516	141.489425
308.766927	323.3014	272.686927
316.361061	318.515845	191.569506
316.637744	318.730824	198.430708
320.070452	318.182938	192.5251
322.115	318.175541	169.382237
325.593882	315.963901	172.019862
328.448163	317.518597	143.281462
332.052495	315.147336	142.472839
332.372001	319.051336	138.826994
333.145507	318.051926	140.615925
331.873043	316.129024	162.483113
333.236152	315.863636	138.080606
334.580868	319.354276	148.442239
335.94835	317.750153	138.845309
335.8568	317.845739	140.595848
336.179269	313.157289	149.422751
337.425477	317.730651	191.156309
345.508126	315.968082	98.678834
344.153803	318.414881	162.453008
341.50809	317.592926	198.200955
350.027476	305.305589	49.390628
349.993784	306.582258	51.111339
348.98535	315.697214	100.513875
352.007013	310.003176	46.23136
351.175103	309.038268	63.257361
346.482264	315.603516	171.200309
347.363994	315.498386	149.244011
353.281309	310.609366	52.707728
349.274262	317.421158	149.196764
346.911549	319.190877	193.057496
353.992196	304.843086	49.623276
349.038599	315.645046	176.465414
354.028072	309.467178	52.868104
354.847542	308.092293	51.189428
355.301603	305.869871	41.36801
352.146718	317.087604	146.503062
355.485054	309.739354	56.683627
355.338736	304.297791	55.354385
357.456938	305.9839	45.094589
353.921788	316.127843	149.13293
353.66526	318.830043	160.650257
358.203657	309.408864	48.476585
352.170085	319.970074	198.39808
354.901378	317.033892	148.226106
358.050354	302.873124	46.347844
359.027706	303.504451	43.596307
355.774881	318.221192	151.756308
354.904655	316.301386	174.759573
356.589532	315.279102	154.40698
356.853307	318.840093	146.400449
359.439659	314.864003	105.907952
357.792034	317.707195	145.505895
357.351687	319.87771	165.084554
357.695479	316.928525	149.068429
360.550727	302.26443	43.79303
357.149954	312.738158	164.998185
357.733018	317.886833	148.173841
354.942271	319.816777	199.327517
363.351092	307.532605	24.103797
358.638189	315.798207	148.168143
360.667815	309.07367	97.853273
359.432052	318.336911	157.060344
359.52835	313.767652	149.039847
359.150113	312.50884	162.33422
362.252739	307.410889	45.22574
360.275135	314.263114	157.91478
357.899631	319.635262	198.504888
360.870285	313.719483	168.56913
361.383402	313.778863	150.786093
360.921874	316.824544	169.506231
362.469148	318.569677	147.201967
362.366518	313.606587	148.992517
361.923579	314.614548	166.812462
359.763354	320.548243	199.409067
362.33203	313.726026	150.772244
362.314538	313.784181	151.66261
362.034667	316.575951	165.061262
359.992061	319.49854	196.78884
362.858053	318.808686	170.433102
363.02564	313.284007	161.450092
364.331276	312.160356	144.510355
364.067294	317.318329	161.501184
364.306816	314.391917	147.183015
365.277336	316.372079	147.166677
364.825834	315.487699	166.841492
364.801663	314.464174	166.824903
365.168955	313.626304	151.625785
365.275145	318.531869	148.950819
365.304537	316.242026	145.37971
365.217863	312.364277	148.052015
365.879112	313.177409	162.340875
366.230784	314.151399	145.367484
367.20468	318.229935	146.234169
367.183542	313.010511	144.458875
367.028862	315.84224	156.101386
366.809971	319.521811	167.79913
371.335285	304.608058	24.543785
367.61576	318.597799	171.373047
369.052848	316.28283	148.901706
359.302724	319.294128	260.235026
368.977153	313.473848	152.477209
368.641354	312.169558	165.914126
370.342547	314.125069	97.520383
369.112433	313.776878	142.640115
359.80683	321.995323	256.888922
368.735413	314.135299	164.156167
369.061191	313.034186	146.211195
368.632506	316.387737	168.673861
369.99502	317.372686	150.687108
369.987977	315.275056	149.784582
370.593753	313.090046	165.944067
370.620667	316.206821	166.893587
370.892154	311.270052	151.540619
368.59004	318.970381	196.965075
371.911513	311.91888	147.057083
371.889905	316.310666	151.562773
371.656016	317.096964	165.111173
371.933569	312.800968	145.271416
371.932317	315.988569	147.064314
372.813011	312.242751	152.427577
372.89433	315.865763	146.151485
372.885422	317.01768	147.947177
362.440902	320.758512	268.06582
372.885957	313.831923	146.152602
372.599631	313.927022	164.168418
374.795686	310.670592	146.11518
374.584505	313.733225	162.363389
374.500815	314.930694	165.997142
375.635082	307.888137	91.392684
374.58683	315.827838	163.296855
374.540743	315.91529	165.107442
374.7669	310.93402	149.699769
375.89436	306.94929	74.879065
375.705593	317.356865	155.142502
374.584505	313.733225	162.363389
375.754839	312.719303	147.003256
375.704167	315.259709	154.225629
376.712881	312.732664	147.886691
376.702221	312.86369	149.685836
376.700939	311.845603	149.680996
376.473057	309.206414	70.204679
376.72152	312.59643	146.091493
376.51821	312.601991	162.346508
376.536805	316.747184	163.307476
376.701871	315.981217	150.596425
377.669623	314.845613	149.677382
372.422948	318.723392	212.822267
377.002497	307.622672	50.813426
377.479459	313.617805	163.26755
378.488924	312.449752	161.434009
378.637547	316.759732	148.757589
374.464711	318.620188	218.977191
368.145475	319.043228	276.669608
379.610664	312.571544	147.842515
379.608472	313.58838	147.843126
371.008291	319.303656	247.66061
379.606429	314.605051	147.84257
380.566766	316.651865	148.723706
380.24414	313.68821	168.716727
380.542056	311.990855	155.056924
376.053924	317.419598	213.768699
380.580183	312.380291	146.030196
380.408346	313.455568	163.259394
380.587987	310.277558	145.13457
380.42408	312.386595	162.335503
372.059938	313.887719	244.173808
380.523465	314.141616	156.89086
381.53274	316.529644	147.802289
380.353317	318.755219	166.956436
381.538352	313.741644	151.424346
374.23811	316.134812	234.691348
382.514501	312.201974	145.101463
382.497432	315.247652	145.087899
382.516878	312.273187	145.998119
382.504474	311.829051	154.124128
371.024371	318.768238	275.926565
383.436039	316.997877	142.36182
382.445464	302.823225	74.519438
384.417685	316.080166	144.145136
383.465649	312.906759	155.935709
384.440041	316.436666	148.647848
384.444572	316.697261	152.278484
373.469628	319.094459	270.121807
384.4452	315.800071	154.103214
385.413853	314.143528	145.936387
385.448911	311.237305	147.746666
385.411836	317.783521	154.079438
385.45381	310.15373	146.850781
376.93227	319.607003	245.231514
386.397253	315.381092	149.516274
379.791263	318.396792	228.682946
388.267868	315.711759	142.277497
388.365537	312.027103	146.788931
388.372869	312.09591	147.687184
388.318546	316.083466	146.755286
388.371937	314.449072	152.199479
390.296577	316.183144	149.412124
391.284818	316.195245	150.290505
389.812571	303.591401	74.207888
392.195535	315.72575	144.865788
380.267451	318.164478	277.135576
393.302751	310.825022	147.590363
395.24597	313.890739	149.298561
383.488585	317.33005	282.276943
392.315743	300.370331	52.28209
386.035468	318.732322	256.0563
386.27602	317.263226	272.307596
393.394724	315.771726	217.5291
388.152352	316.026958	271.484126
389.287057	315.603609	279.096447
390.503895	315.216287	275.772811
393.295502	318.173747	257.264632
391.810924	316.829028	272.565301
405.05341	313.146046	146.338543
405.998652	310.864686	143.745396
404.229118	311.586388	219.508158
407.576764	307.26332	79.623056
399.925203	318.415883	265.425463
408.396325	300.11478	79.643972
412.575436	315.311146	141.706895
408.605797	306.429321	81.451227
401.084365	314.902705	271.232679
400.88433	320.472146	276.637389
411.959705	313.776508	207.675766
407.490103	315.710959	234.839873
404.277922	313.008599	265.324749
417.65528	312.127852	143.434827
416.094444	306.109048	83.135795
422.471181	313.832636	144.093285
408.062537	320.048854	278.613998
412.782207	318.076652	264.30835
421.374164	298.026751	45.913767
422.870273	303.163621	86.44371
413.420604	314.206163	265.806178
426.577502	313.763519	136.498666
423.301014	309.710938	203.76592
422.868766	306.163936	86.502234
426.857521	310.932047	138.28769
413.994961	317.837667	271.987655
431.078062	312.960742	160.198614
435.958156	311.564851	166.151944
439.619661	313.018995	157.159966
439.255223	313.797976	151.214893
425.526196	311.499708	260.947171
425.222046	312.042084	265.210453
439.67829	314.07067	160.501813
439.261849	309.716416	148.956474
435.157547	300.398174	83.573695
440.771517	311.061678	164.144766
426.583866	314.815576	272.956414
442.533093	312.769267	159.618217
442.753602	307.870636	160.84333
441.976404	309.503356	138.168231
443.693613	307.767745	160.809709
443.693613	307.767745	160.809709
444.30624	313.510439	157.808488
444.613797	307.647481	159.921863
444.380146	312.545986	158.717759
444.244558	309.411395	153.031479
446.436249	308.42079	159.794499
446.650643	310.871369	148.741117
447.341176	308.29575	158.92213
447.40491	307.330084	159.841718
447.358288	307.28991	158.144097
447.271188	309.259739	158.009041
448.350367	306.217931	159.039534
446.656025	308.988629	138.131604
449.030262	312.034319	159.476311
435.616362	310.280487	249.967201
434.492626	313.037744	263.747935
445.774249	299.1574	83.644646
451.021109	307.861512	158.85217
449.776064	311.735236	182.536765
445.75017	306.284513	87.86494
452.8425	305.751899	143.144803
454.22421	309.123875	151.232329
456.44537	311.103554	179.705049
458.987584	309.797669	157.856654
460.043758	307.7883	161.312181
461.869176	306.570786	161.378559
458.209861	305.779217	89.267851
462.957285	308.749458	147.200234
464.155628	305.358537	174.569556
463.931515	306.185935	185.644193
464.713279	304.260499	143.215128
462.626131	300.584167	101.214599
466.150471	308.030562	180.919349
463.576769	301.552771	102.171551
465.697664	310.029537	184.576397
466.959498	306.924185	181.918808
468.863986	304.436943	154.900545
469.532623	307.244845	153.205945
472.19936	304.780271	150.873295
473.769772	307.510933	150.074539
474.896468	309.082597	179.438938
479.046875	306.836901	150.356059
479.871495	306.636102	148.731991
480.212733	304.11754	159.652044
479.061753	306.591929	181.575853
481.715003	306.591375	152.183254
482.137274	308.239257	174.456875
482.077719	308.256063	175.349884
485.880736	305.635149	144.854791
484.333731	308.161198	194.005003
488.792547	303.801569	154.307308
488.151687	303.588415	184.918411
491.110903	305.049205	168.009169
492.228345	303.225106	151.147122
500.157086	300.352353	151.566952
500.856521	301.187014	177.278416
504.156398	302.818317	129.959634
515.372676	299.7306	168.061947
513.620876	301.056787	201.437785
517.677335	301.808657	150.532717
517.971281	304.656169	167.239561
522.191304	299.761622	154.710677
524.101752	303.387347	168.938031
528.238009	300.411787	198.776382
540.306284	300.0782	149.20059
543.50601	304.274957	154.972461
559.541954	298.125357	191.672862
106.23915	319.483609	179.573734
112.387453	311.923696	148.757404
122.19209	316.72938	146.63348
125.516762	313.682649	144.106993
126.938145	309.932598	128.731529
129.743299	310.991052	128.738111
136.878376	311.125822	123.85781
133.40908	317.699078	193.642612
148.959067	310.998983	111.064844
154.094926	310.582633	104.502868
156.074164	310.477651	103.65249
160.024838	312.446504	104.673231
153.318675	318.223361	177.864875
153.346324	318.566993	199.532537
156.782096	315.441528	163.087974
166.292625	312.597933	79.92035
166.835278	307.58049	80.170771
158.316256	313.503409	162.312033
161.883314	312.950163	152.191815
163.155576	318.168217	188.494134
168.140875	317.216501	142.424943
166.924319	317.402054	145.021242
167.554266	316.530865	145.907578
170.158674	311.128088	128.627931
168.937777	317.887076	150.051594
170.650876	319.514654	145.68521
168.443799	318.196016	186.628369
175.057841	314.625651	124.053877
172.195276	316.064656	150.065198
171.799879	319.578772	174.772773
174.871156	316.145508	150.00028
172.299884	320.01734	182.214033
172.111147	316.880073	178.994005
173.950902	319.067234	182.153241
173.537769	317.623234	192.345519
180.62619	316.083408	147.399941
180.942972	316.450746	151.534303
183.683638	320.153293	148.785825
182.458502	318.195591	162.075313
183.744448	316.445939	164.595606
188.199065	319.200207	160.226135
190.470829	317.488319	149.742559
189.968688	317.216161	158.723011
192.495524	316.361807	159.574174
194.989471	318.679581	151.304448
194.577857	324.535867	235.875574
192.976991	320.394183	181.962232
195.868891	318.642112	164.167262
198.99197	315.45779	158.856102
199.100423	315.402061	158.059528
199.117328	316.42593	158.769388
199.602463	319.70758	214.497101
201.060288	321.48331	234.842072
202.090708	316.915718	152.333569
201.722886	318.550858	235.827384
203.954312	321.427917	233.773849
204.117619	315.805134	150.84428
206.589453	320.433589	263.900072
217.583843	312.220744	100.616937
209.395957	319.734501	150.616645
214.38018	314.248035	146.267764
214.469086	318.497486	148.400457
233.637517	300.19297	38.647598
234.18614	299.885081	49.23606
235.385352	300.591771	46.65486
235.23369	299.746824	48.413851
237.460826	297.943831	38.056448
237.467287	297.749334	34.729285
217.261867	315.048149	165.689965
238.513802	299.248497	56.779231
239.55612	300.582845	34.005793
221.736614	323.952134	253.355644
241.265539	297.293839	30.184083
236.769343	306.485712	84.076597
243.072572	296.083273	28.015892
221.53466	323.491099	273.114101
243.363604	301.160838	29.379002
229.441605	314.500608	143.089909
246.780494	296.620371	22.786648
246.980275	298.849113	26.599519
249.058407	302.79962	26.474662
233.247514	317.785979	145.477716
249.90645	301.682623	25.024589
250.647381	297.630252	25.394511
250.454019	298.290008	52.790097
234.841889	318.284307	142.08806
250.865851	301.694068	25.87964
250.519051	296.439919	22.317684
250.800362	301.568872	23.501244
251.579942	302.298321	54.599785
251.733339	301.034202	51.000461
232.420279	316.405717	173.556808
251.490793	300.280468	53.705093
251.844553	304.093478	52.767194
253.622972	301.527874	24.478212
254.706123	302.859696	50.076217
255.680412	301.639062	46.566207
255.044957	300.382818	55.480212
256.388286	301.409701	23.845393
256.166203	300.130052	52.785707
257.176489	302.13345	53.619765
256.765631	298.357749	54.568635
233.878874	321.429776	275.966348
257.10425	299.008939	51.019585
257.925925	298.037117	51.02625
257.888447	296.997457	50.171124
242.430868	313.4744	138.935737
258.094599	299.972219	50.984878
252.334225	305.077443	82.428584
235.205651	321.340669	272.402849
235.949435	319.264605	265.461104
258.322973	299.544638	44.913983
259.145327	297.1651	38.412078
259.333988	301.601157	46.548332
236.430156	323.217613	270.565176
259.04068	300.141601	20.880936
259.146063	297.214624	39.212616
240.52317	321.615993	208.614478
260.008195	301.133747	20.811586
260.049616	297.307387	40.849746
259.542052	298.27277	53.615863
259.298162	298.542939	56.254658
260.921826	296.798513	33.012497
261.28727	302.274754	41.402088
260.094022	298.647918	57.096296
254.957257	307.977833	86.366651
238.284124	318.388558	273.192935
261.892617	299.64434	46.591175
244.833527	315.91074	149.981458
261.437367	303.443383	56.939723
261.93852	298.179193	39.205565
261.949821	299.59776	29.715182
261.99457	299.316487	41.575823
262.823344	297.872844	34.521142
263.050814	302.462384	44.729167
263.453984	302.14379	53.349407
246.64293	319.352266	153.296441
247.792661	313.397719	147.540979
248.979884	317.700145	149.139042
264.791357	299.464989	55.084463
241.579194	322.266681	276.525659
265.452544	296.642926	31.594829
241.772138	319.282448	273.031792
242.020208	324.14478	273.86071
264.376034	304.040458	61.063984
266.472846	298.639942	31.413937
249.367125	312.500552	149.300895
250.866304	314.189753	146.695612
268.413868	301.541707	29.560837
266.882822	298.982739	58.383189
267.384608	302.677243	57.380912
253.080082	312.6245	143.312632
252.020182	313.710957	151.884042
245.822386	320.054165	267.659365
269.022582	295.727012	33.210759
250.303732	321.6901	217.742278
254.551662	316.40824	149.279258
255.28233	318.853516	152.678987
272.938939	301.682277	31.729805
267.328674	302.292517	75.203193
272.170887	301.238583	51.941856
248.042992	321.216138	279.932656
272.878	302.309471	41.075587
269.340509	304.814798	69.039432
268.584197	306.485155	72.461687
265.791544	307.763052	82.885253
256.45564	318.301447	157.881778
258.00644	318.80292	153.610142
266.328059	308.508356	91.409923
258.012666	317.663724	152.773571
258.126821	320.641872	161.302701
250.728711	321.129249	279.011968
269.345827	308.071746	79.120818
259.775166	317.919624	146.747267
259.069991	314.092131	149.410638
258.563262	314.586126	153.713899
255.0888	316.31941	214.746459
250.510462	319.199675	279.894459
276.224894	295.537687	30.702601
260.60968	317.978455	147.629597
258.75634	316.669534	153.67605
251.577054	322.101696	279.906331
276.465862	300.744025	32.411043
260.515681	315.805268	146.804743
258.720601	316.390492	161.426251
260.409582	317.048718	148.511803
260.617362	315.700262	145.941652
276.276242	296.545885	30.590291
252.92603	322.946038	275.477255
273.793012	301.353193	69.520801
272.685428	304.348054	74.634709
257.668629	317.357876	219.153141
263.922003	316.176573	142.522734
279.066574	301.105156	36.830929
262.349	313.219747	152.951063
254.624872	318.941469	272.797956
262.541187	314.169058	152.073953
263.948268	318.176138	151.169161
262.900754	313.51975	156.421119
278.995409	297.745809	32.573692
263.75639	317.234454	152.049399
262.42286	313.946215	160.719931
279.787823	295.738836	32.735357
263.98947	311.363063	146.071991
264.453162	317.676945	146.846655
259.825434	321.234755	214.832933
257.816292	319.140108	247.765324
279.911156	298.878268	33.912455
279.625014	301.727213	44.698378
264.42453	314.052712	152.11491
264.912715	314.714809	148.64329
264.315706	315.279837	153.82896
280.379439	302.922922	46.977133
259.092307	321.972989	245.182383
279.688414	296.132811	37.309722
280.65308	298.200351	37.798649
279.982943	298.151679	48.238763
264.971551	314.351928	155.591389
266.0673	317.512282	156.437837
266.021368	313.066851	153.89748
262.423991	319.955323	211.657332
281.393814	301.690829	43.735672
257.624895	323.920873	281.749335
262.174923	316.89362	212.617344
282.309789	298.418408	39.990375
263.908739	321.281792	194.161202
282.405694	295.954035	34.798105
266.303158	319.169658	163.330388
282.256858	297.426811	40.097043
261.119696	317.993661	247.867009
259.451044	320.626294	268.48341
283.35316	296.900068	33.834326
281.306004	303.51699	59.398502
281.223142	302.567109	59.469868
266.417238	317.956622	161.631201
266.398655	319.088229	162.473391
283.150826	296.303868	38.567599
266.150303	317.067128	163.362508
263.753237	316.956892	191.858226
262.97268	316.92988	215.21714
267.836902	312.193884	146.1329
283.216677	298.362987	39.127656
267.516351	313.275242	157.399001
263.20191	320.011637	215.108221
283.439455	301.158938	36.435239
282.830709	297.873322	44.7865
267.216016	314.650609	160.839004
266.951257	313.75455	162.571648
283.313095	297.032055	35.368102
282.716235	303.206504	49.208444
283.276747	300.412176	39.688906
269.786961	314.253115	147.016642
269.105511	314.87781	153.07646
270.056102	316.232737	146.126178
262.524701	321.074122	253.895788
283.49929	302.260371	49.219367
269.036714	317.892562	163.437139
267.709338	313.831547	164.317941
261.114455	322.801821	280.878401
284.341392	298.142116	47.059038
284.256783	302.36481	49.964964
284.008428	301.583022	51.722345
270.863204	318.524547	148.718869
284.867077	297.460446	39.859946
270.056132	313.684527	152.243269
266.309501	315.823108	194.547603
284.919049	301.621662	41.792728
270.261851	312.383998	149.655007
268.942925	317.970037	164.29566
284.341392	298.142116	47.059038
285.865139	301.508385	40.103774
285.182323	302.299116	49.050455
271.627275	316.393561	148.769385
271.334501	316.658477	151.367963
285.945173	302.43665	39.187324
285.668456	301.771515	43.31613
285.499473	300.933599	45.04802
285.483934	301.984405	45.756999
269.771538	313.528265	162.651686
267.657212	320.879239	191.933248
285.815998	302.6232	41.587502
261.98414	322.770089	280.893809
285.494778	298.722845	51.832836
285.803899	303.549317	51.36597
286.411764	300.877415	44.148922
285.428685	297.753001	51.920529
286.297796	299.970999	45.06901
277.929097	309.303566	95.335684
268.278287	316.636606	192.969765
287.145878	303.072377	46.291
287.76571	301.222378	35.963474
285.118624	302.148797	55.758494
272.892259	311.240488	150.594365
286.971637	298.103889	46.006466
287.11861	304.120977	47.006891
286.399019	299.7086	51.664203
273.679664	316.099187	147.086188
286.992653	303.2271	47.943503
286.369092	302.80341	53.055947
285.472691	303.626944	58.993882
278.36946	306.449752	96.387158
273.551084	318.432535	149.658305
271.959227	316.453076	161.812676
264.986696	318.263891	262.536491
287.811388	301.220308	47.242171
272.543738	315.54405	164.437375
285.983359	305.989704	61.320141
274.716084	314.83288	145.393604
274.688561	317.075448	147.098667
274.41749	316.211571	148.841969
272.333663	312.381511	164.46443
287.189454	300.794636	52.324273
273.796839	313.42318	152.335189
279.698807	310.413471	96.140968
272.751176	318.69771	164.400798
272.657761	318.771822	165.260384
287.842955	297.903355	52.525194
273.161588	317.919562	168.735179
274.936303	312.074585	149.768596
289.288755	300.511083	39.047604
289.127062	303.811862	42.7073
287.789019	298.981338	53.268417
289.01554	303.735775	51.856588
274.842036	312.154526	150.634115
266.698919	319.182255	263.460274
265.465239	322.633984	280.970318
269.79831	315.454147	217.441888
289.633294	299.053183	44.826873
274.098822	313.409515	166.235344
274.095096	317.831261	168.767031
288.739649	302.974448	53.64721
276.069637	310.731745	147.206351
289.059702	298.593568	49.860332
277.748676	316.644482	144.584492
267.013204	319.620758	280.927945
275.482687	317.394143	164.501312
277.080458	311.710103	147.225231
267.207406	322.560121	281.017292
277.065803	312.82833	148.08167
290.729653	298.62687	49.695718
289.850609	298.400778	55.657708
277.640794	311.955848	150.708423
276.425582	312.898021	161.97236
290.342278	300.005971	52.938469
277.010145	316.375024	167.155313
291.539193	302.741275	50.857488
293.065917	295.056679	22.650605
293.188902	300.252877	22.753473
290.525555	300.605973	57.098616
276.843487	312.097261	166.32752
273.43165	315.050099	215.155738
283.037163	306.269945	95.441421
278.386406	312.036164	152.465643
278.751156	317.238451	152.425396
277.062348	314.13741	165.450469
291.76856	298.200288	53.821837
276.972387	314.20418	166.313102
273.258228	315.185267	218.542132
291.748799	300.2649	54.470985
279.001247	313.739085	148.126813
273.578809	321.396362	220.062083
291.924415	301.126235	53.521402
278.665422	311.813187	149.869453
290.597027	301.313829	61.322027
291.641063	298.314554	54.666388
269.56263	319.524659	281.890172
275.094911	319.247502	221.954945
294.820068	296.157248	23.049902
294.017531	303.022156	43.046408
293.382306	302.602807	48.995221
292.415716	302.464092	55.895868
280.800802	311.457467	147.334152
278.167245	317.816767	174.90318
281.46235	315.981229	152.518251
293.211472	299.443298	55.269271
282.001045	316.648097	148.181365
293.149817	303.581606	56.573095
281.729729	311.392129	147.363078
294.045826	302.511559	55.740462
283.037306	315.397543	146.496553
287.35358	305.597268	90.841163
281.417386	317.70826	162.071461
294.696449	302.937453	51.353432
293.912468	302.634244	56.601287
293.811117	300.684	56.807228
293.543176	304.002559	59.092584
287.120553	311.242148	95.064914
294.82017	304.608353	56.308751
283.109011	316.430982	146.484378
283.940935	316.437418	147.37772
276.350045	318.296599	228.944788
275.63258	321.158742	251.943441
281.44024	314.992111	169.039474
294.059136	304.315428	60.763946
284.360208	314.579877	150.883893
280.308563	319.764178	195.191306
298.150441	295.575114	27.392817
295.531446	299.618862	55.904223
284.244932	311.396544	150.039742
284.403151	316.721838	151.729677
299.037038	299.751159	27.501332
299.073164	296.308288	23.961959
291.404016	306.487503	83.280998
295.215105	301.725211	62.690517
279.375339	319.934655	224.814405
278.17023	320.564841	241.884604
286.416331	313.19235	148.365567
286.121278	314.496442	151.810385
277.947259	318.014945	252.924813
299.668625	299.17083	32.254931
285.974938	316.76814	154.389272
285.379102	311.762472	157.022911
300.668686	298.810888	28.164308
286.528212	316.364773	149.197956
283.601061	317.33607	176.814718
287.177473	316.490165	151.822885
280.043169	315.732411	224.124878
285.145344	315.716638	170.018235
286.590121	314.739738	156.17151
300.159072	297.599529	37.209011
296.953576	300.624044	61.793887
285.522055	317.626642	167.411101
277.565498	322.093786	283.165059
286.562288	316.912494	175.217351
293.471252	311.051243	94.117092
278.437085	320.021345	281.360749
288.781301	315.422995	153.629171
284.728411	318.30277	197.152955
287.969068	317.566483	170.955847
302.637204	299.667108	36.590889
289.67268	313.207044	152.81367
279.320224	321.995781	283.23802
287.829844	316.580733	171.827548
279.442395	321.937231	281.473055
295.76688	307.259537	88.78368
289.064919	311.967293	166.716906
303.419256	296.618	36.86179
288.469162	312.357391	172.757832
289.189704	311.323879	174.516908
305.15314	302.690067	35.007815
300.81247	305.977045	68.220515
291.260013	313.219952	155.47842
291.021712	311.72512	165.919362
288.77311	315.442275	191.502638
281.699327	317.906346	283.206552
292.749359	314.910783	151.174995
291.980457	314.342847	158.106197
291.096779	314.903985	166.769347
306.603754	299.803637	36.821729
282.884668	319.726352	280.678806
289.325111	313.457969	194.967732
303.067427	306.384517	64.378306
306.230232	303.279305	40.607254
305.883644	297.436662	43.924815
301.416777	302.648899	78.750364
293.755078	310.999805	157.325862
306.802418	299.394629	42.722724
308.285777	298.488866	43.496609
309.17849	298.40488	42.536181
308.968743	297.569778	44.378077
294.85346	314.999568	176.410569
309.668042	298.700591	45.024956
297.040097	317.800436	174.737301
291.667517	320.079518	258.88502
296.15228	314.63281	192.667709
298.980382	315.424959	173.119291
300.344688	310.336321	156.719242
298.145565	315.401588	191.877158
308.671066	308.411686	82.836511
307.984832	308.054615	88.670248
305.422674	311.224555	143.097221
298.855774	320.370447	258.501507
307.400841	311.495916	151.772839
297.435869	315.265899	271.862256
304.9648	316.615735	190.396595
297.829095	320.171588	271.141185
298.389029	316.181752	271.934054
308.115256	313.66167	155.234792
299.104875	316.258346	274.527053
311.223794	312.648458	140.664219
308.910085	314.141498	167.41391
312.003236	311.081087	151.915904
311.40259	311.960517	170.084422
312.633601	311.698138	166.653982
312.984593	311.963595	173.570232
311.052974	314.065763	194.885507
316.183932	312.526017	146.807647
315.228828	311.581157	169.301432
312.822628	314.972271	196.640516
326.239671	304.084936	44.426796
319.247772	307.941471	164.156309
321.802576	314.180708	171.12041
322.693185	309.944959	169.378087
323.766138	312.932602	169.402787
324.202428	308.980956	173.690253
327.426637	307.474992	167.635557
327.080084	309.790075	173.70934
328.467033	308.386971	166.780896
329.129166	307.463298	170.224856
334.404314	312.523115	178.952984
342.687978	304.756376	64.550422
339.123544	307.034857	176.270743
345.228201	304.404858	63.635462
349.303528	300.58726	62.190211
344.684231	311.958518	181.620972
335.048448	312.954678	271.105566
348.593661	312.132148	164.132297
354.014118	302.427605	47.107331
354.847105	302.225731	46.251549
351.032278	311.698962	186.073632
352.651756	307.215734	174.573412
353.594927	308.215554	175.48257
360.261716	296.03687	44.408381
356.821789	306.763933	168.406968
356.403448	306.012435	175.460283
347.283271	316.376144	274.980767
361.889296	295.743788	43.601836
360.258111	311.101756	156.098963
360.413245	308.839306	174.675543
360.820338	306.400701	164.865722
361.45899	309.779925	173.819696
351.344425	313.656422	269.960567
351.28627	311.566859	269.045679
363.292956	310.434603	148.070219
362.820628	309.367546	164.935933
366.790169	305.589887	101.58605
367.084224	311.362164	149.799272
369.151907	298.511205	73.246775
357.205377	309.843811	265.796595
359.401008	309.551218	253.222178
368.632538	310.079142	164.976423
369.899587	309.342077	152.422947
370.937874	311.020657	147.959506
371.229499	309.177867	172.153297
372.849612	308.875837	147.916919
372.862583	309.828479	147.031378
372.813388	308.045121	150.58936
372.451208	307.853885	165.852156
367.282955	309.072458	219.848313
373.833376	306.585327	145.210111
374.726361	308.057572	152.363559
362.005777	315.69619	279.637098
375.763183	310.547141	145.206594
366.606798	312.775826	250.038481
375.73073	309.862137	149.679873
371.487278	311.922351	225.110847
378.659149	308.351788	145.157823
377.426974	307.46465	163.165216
377.947847	296.612469	69.016456
378.454239	310.444279	162.311847
378.334388	305.437422	164.940818
378.141027	300.029379	71.621123
379.384406	306.331343	163.150308
379.207354	304.461443	167.644279
367.298764	310.335104	280.384107
380.594058	307.498535	148.708395
374.670676	311.586103	222.553287
380.57446	309.721061	151.420905
369.892285	311.736156	263.723001
382.444841	311.783803	181.312896
379.766757	306.941448	212.204917
384.242518	308.219619	165.909733
384.206594	307.227131	166.806445
372.169655	315.112184	281.665138
372.355247	309.633309	276.335553
383.059875	299.296588	71.946145
385.466245	309.206098	147.749513
385.45381	310.15373	146.850781
385.307124	299.096563	79.309078
386.471232	306.042487	146.840554
374.626442	311.206014	273.144842
377.190835	310.459809	256.292287
374.918368	310.732977	279.850849
374.920394	313.902489	281.707285
376.019495	310.654097	268.122809
387.446459	308.339776	151.32221
377.172884	308.231391	264.689283
376.048996	311.526673	278.260031
376.345089	314.402488	276.750615
387.012787	299.409475	70.445267
376.812643	309.515101	279.020807
377.889675	315.646192	281.090042
387.24512	298.997936	52.029513
377.894886	309.297832	277.374399
380.642219	309.293338	268.244051
380.146256	314.050718	276.052979
381.454849	312.633803	261.651426
391.979402	299.144501	79.824767
381.762785	312.047893	277.691312
381.670071	310.030367	277.573351
384.013953	310.673298	253.981476
392.148277	297.501722	54.259582
388.84508	309.476361	228.941
383.640005	314.003316	278.729479
384.310106	309.972885	279.365434
385.164267	309.977854	280.243515
385.273464	314.089288	281.32846
395.940176	300.177192	77.431394
386.701755	311.386284	274.517158
396.443647	294.515348	73.875422
396.532302	294.650479	74.782362
388.143414	315.901425	281.574228
396.245005	308.724551	229.123842
393.26366	307.620558	272.092791
401.121082	290.846999	45.214126
394.774485	311.099611	257.899781
393.135852	311.976514	275.706405
400.839862	294.326877	51.749313
395.375672	309.303914	260.419912
399.675595	308.440542	230.977954
395.693977	314.097812	279.32369
395.655563	307.811998	276.420261
399.302507	308.667491	267.379468
398.408457	312.873281	279.380479
398.755529	310.369928	274.204178
399.001487	306.927996	269.80101
409.375313	297.148684	80.514477
401.72939	309.852286	261.603143
401.823221	306.61668	269.072116
402.669194	308.724616	270.922631
411.050445	296.74976	78.631159
402.23089	307.142471	275.014774
402.41392	307.980023	273.392197
403.872896	308.287597	267.573061
403.026231	311.421321	278.671138
407.106108	310.618112	273.769663
406.989837	307.605429	273.577051
415.623263	305.432546	208.785647
406.849829	307.775537	275.261706
418.074923	296.183819	84.73267
418.093611	302.261034	206.118936
409.732417	307.376794	273.679784
410.961456	310.040618	271.370497
421.184123	300.987538	205.178668
423.497425	292.408831	80.507024
417.537797	307.102199	268.063893
426.599422	305.358496	206.647915
426.532856	294.634127	83.14236
420.140131	307.051867	269.831762
421.404115	307.475832	265.681047
421.078141	310.073456	270.878963
421.117162	306.874243	269.010306
421.237298	308.777638	268.282878
433.292325	299.57723	84.632031
423.959514	305.431816	267.330707
434.42648	296.868627	87.261206
424.968928	309.352954	267.578594
436.096692	298.290221	82.456497
427.786606	306.901731	265.8303
439.98015	295.20582	81.997999
445.67894	304.605207	160.980139
446.657135	303.529376	161.88949
447.556326	304.433967	163.504705
447.598908	301.364147	158.585058
447.656045	300.398293	159.519959
448.611904	300.332503	161.208265
443.952043	298.830845	201.762944
444.837823	295.159791	82.583425
450.544959	299.217911	145.156213
452.127911	303.824227	159.946573
449.225393	297.123407	95.774357
462.835129	303.358391	157.311724
464.443541	302.919255	152.350505
455.250769	297.763633	227.683922
456.503155	301.878785	230.404862
466.785835	303.039141	175.630844
463.063671	296.450245	84.15527
463.147749	292.557753	85.013245
459.496698	298.520565	229.599363
459.146597	298.660995	231.444807
458.608607	300.936688	234.141701
468.69603	299.819938	174.920501
478.23582	296.596804	175.413741
478.058931	301.611732	184.459156
471.858165	301.291724	221.078815
470.794295	302.680329	226.669208
481.323666	298.944046	158.959628
479.51418	292.003776	95.969502
482.818171	300.279208	148.95595
473.807895	297.915042	235.978995
486.473843	294.472931	167.054275
483.344325	298.947223	196.210703
487.519725	295.017779	156.014634
487.118066	299.431121	166.974694
488.2671	295.864986	104.266983
495.715041	290.933164	98.298342
500.480873	294.24534	149.867127
500.092411	291.911862	121.699547
501.16991	297.363645	154.139504
503.871248	295.628837	143.992237
503.592121	296.765393	125.350645
505.805456	298.052884	194.5202
510.032547	296.761065	195.402639
512.356667	295.444312	190.973231
513.932112	292.431778	198.91041
522.653393	290.627068	121.161464
518.49359	295.141425	190.99353
521.687412	296.631324	177.659378
525.983152	293.072807	169.749351
523.044218	294.406278	203.97216
526.023119	294.993746	194.513462
532.281353	292.654418	193.602375
547.191571	296.071827	185.047914
66.491725	304.393332	71.302164
96.471211	306.859727	170.7498
109.102557	310.356687	153.637177
121.943918	309.194687	135.9911
125.691273	307.982764	128.703316
126.378155	306.85834	179.982682
135.105919	303.679323	131.572667
134.837868	308.392351	170.920898
142.573472	303.568954	124.022534
142.818199	309.178873	179.927331
143.010015	307.808766	190.655795
145.197491	311.725798	188.872096
146.897214	314.194316	196.246904
149.968924	310.433636	198.824884
159.743003	306.148492	101.349704
166.675845	304.47477	79.419628
156.984035	310.598818	163.308895
156.993523	310.429051	195.435126
160.027095	307.148845	153.359056
167.277772	311.980587	149.553723
175.140282	304.611646	102.509419
168.27726	309.69495	195.217607
169.206683	309.339007	187.625201
169.273292	310.799897	196.881518
171.80099	310.523428	153.731715
173.224271	305.462931	150.612574
172.704696	311.033699	223.428783
176.072994	309.125094	147.007462
174.729099	307.837135	155.475152
175.76871	308.837441	155.397511
175.57652	310.210436	228.423392
176.106814	316.203731	226.263015
177.445755	312.629803	153.484957
176.985226	311.94895	175.696194
177.332532	310.63691	168.422009
178.555683	308.859052	154.51057
180.971794	306.985931	154.582607
180.478694	314.323517	182.81729
184.391467	310.882778	153.486893
186.661662	309.165764	173.122155
191.401581	307.573562	159.438229
202.415113	313.617714	159.871945
203.56651	316.710103	239.558684
204.512873	312.479191	157.608281
204.4105	315.72094	239.535597
207.028227	313.711191	238.4919
207.534497	310.729194	149.699754
226.180636	290.719346	37.0708
207.705682	309.094298	153.111712
208.848834	310.652514	159.48854
210.69779	309.424322	147.391462
230.427976	293.95581	30.939227
230.325572	291.976899	30.945258
231.253887	292.318485	36.70643
230.437466	295.32848	36.674502
231.196036	289.946387	31.044632
231.353858	292.966196	31.833381
231.842154	295.149332	48.863032
232.30571	293.186399	35.979455
226.177163	296.199604	83.014246
232.382059	293.90147	31.916273
232.170218	295.759813	44.514211
226.177163	296.199604	83.014246
233.053751	288.522051	26.546456
233.432851	296.193665	37.753839
233.178643	291.106158	35.230736
234.211427	292.035489	35.322229
235.393601	296.080713	37.903125
235.303462	293.899215	34.595228
215.273847	307.6205	159.915352
215.054636	315.584766	265.312938
235.303462	293.899215	34.595228
235.739196	293.913884	49.148492
237.054156	290.576531	30.814416
218.599933	307.990829	165.638884
239.831696	290.044483	39.910976
239.793354	289.085705	25.708736
240.865272	290.291608	29.639313
241.048087	293.317555	30.318466
243.011766	294.226838	30.456046
223.774781	310.939574	165.525586
245.66663	292.738228	24.541308
223.943725	314.671347	269.879465
224.353849	317.562393	268.856598
245.580497	291.6369	23.040718
244.451653	290.236664	56.803894
241.385651	294.744292	78.965241
225.720834	317.487722	265.319077
245.607049	291.057344	56.021345
225.236005	311.677395	264.756544
248.407473	289.40241	36.583868
249.14774	288.373823	22.057417
249.276765	296.462069	53.645901
249.364808	290.940713	56.194776
230.101828	310.369382	203.789169
250.157795	294.347235	51.856092
253.047993	293.029842	48.418603
253.880108	289.706842	43.391572
253.793998	294.358118	52.816545
256.111527	293.308295	39.301562
255.774333	288.700359	30.28799
255.653155	292.096956	49.347533
255.68394	294.259868	51.948914
256.62737	287.678142	30.415668
256.89093	294.924654	48.471058
257.357768	294.421258	53.691947
257.688534	296.181305	51.930218
258.855358	293.214186	38.620106
235.271182	311.653812	272.691507
258.858106	293.105524	37.056658
236.550513	311.587847	269.140717
259.452776	289.195887	38.066465
236.344041	315.52015	273.366491
259.456345	288.66821	31.272726
258.642607	290.673013	54.532911
258.567823	291.833664	56.272254
259.599977	291.288148	39.532602
260.674467	292.917528	34.824313
261.642127	294.286788	40.230644
260.737596	294.292837	40.211449
259.619501	290.581803	53.661938
260.374333	289.062483	36.578239
261.428516	290.687877	31.97587
261.587826	293.016529	36.385516
261.422422	290.631181	31.224786
261.292638	288.809003	33.607896
237.794688	313.563843	274.219608
261.562321	292.686269	31.829775
255.629111	297.911	79.655128
262.182153	289.101151	37.40874
243.01783	309.739842	218.861119
240.148583	316.369536	270.533483
262.334803	294.854639	57.014503
239.608286	317.432926	275.782823
263.175377	289.540552	30.621502
265.211871	292.751886	33.444893
264.850306	289.274596	39.773606
266.102957	292.510275	30.450287
265.841851	293.826543	46.766114
242.941123	313.327573	266.140553
250.629693	308.702848	144.247077
267.72518	289.413168	29.974516
267.842509	291.304495	28.289158
266.330896	295.291508	59.336985
268.81163	292.302161	28.197009
244.477061	313.438363	275.667693
248.407277	311.815266	252.180481
272.446417	292.33246	28.900101
248.258956	314.270872	272.903683
254.835687	312.171181	158.840104
250.223652	310.672851	249.597842
272.201914	288.359626	30.029427
248.544402	312.247896	268.57479
273.349455	292.264432	28.107966
268.405894	297.965577	72.61692
252.811874	316.283068	244.283716
252.69778	312.624392	252.118275
274.677867	289.34898	40.459668
258.769695	310.975956	149.460428
255.783567	314.232558	214.8764
253.829772	312.450775	248.685957
252.098706	315.062495	269.330098
260.765801	309.635698	147.778715
252.954568	315.034306	269.32058
258.53625	307.142277	165.018577
252.684605	317.072546	273.681042
251.985109	314.263748	278.993723
277.43391	295.916078	46.160011
277.634596	288.399408	30.562036
261.972221	310.174877	153.851674
257.898982	309.074488	217.782489
278.777781	293.788545	33.777095
262.722458	311.422629	156.446357
255.848833	313.86021	264.984152
279.446817	294.42089	40.595623
279.40758	288.610444	32.709735
263.206786	310.981155	152.132251
279.640793	292.649108	32.307087
257.503452	314.188188	246.978269
256.150962	315.751934	263.243866
279.313663	292.433688	40.775387
279.026454	293.979304	46.200342
262.85053	309.817716	162.513003
280.535872	292.651685	32.239329
264.356025	307.009883	155.66064
263.99571	303.934445	156.54377
280.321365	288.537645	31.89476
260.178071	314.600257	234.124619
257.015658	313.952557	271.046321
281.371752	295.218801	38.047717
265.974792	304.10395	147.9083
281.440676	292.58589	31.407863
258.276903	315.002236	277.181109
281.419353	291.052938	46.25884
281.34231	290.064104	46.334344
282.962466	288.760837	33.950859
266.079809	304.775691	155.70807
282.027175	293.500565	50.060935
262.502901	308.462613	210.468642
282.984321	287.375306	30.262455
259.055823	316.979372	279.856222
282.052411	291.341884	48.595259
283.535564	289.469731	40.736918
283.305813	289.808536	43.851751
283.629126	289.307087	39.197058
283.089102	291.160652	46.934691
283.141231	294.300557	48.297596
259.661601	311.05996	278.069029
283.97473	295.315197	38.597417
283.007309	291.254536	47.733613
282.830657	291.448741	49.339755
267.222197	310.874773	166.924097
264.249575	310.638951	215.557734
260.726759	315.939245	279.858415
284.647893	292.398743	39.607538
284.181159	291.978015	45.195469
268.091494	309.736492	166.961712
284.029752	292.157498	46.78945
284.183736	289.814462	43.787925
285.351581	289.396804	39.824801
285.246057	289.562643	41.375066
269.206313	309.51898	165.26921
276.43343	302.271276	94.797612
269.470732	309.30609	162.683382
285.919055	293.687014	31.626941
285.532364	293.483699	40.20666
285.622466	293.331012	38.650645
285.52519	292.40583	39.530403
261.539075	311.944639	277.192735
285.60928	291.278645	47.540742
286.051575	292.901005	44.168332
269.406401	307.120766	161.831545
284.635728	292.237048	54.867569
262.122917	312.981056	281.629744
285.841891	292.083906	45.853498
285.825674	293.164511	46.565011
263.05566	310.700442	268.511776
281.254435	300.048827	75.93714
271.261751	306.312716	153.194794
265.433166	314.006103	254.024551
271.594278	311.191526	161.855977
263.914782	312.658497	270.242587
288.279367	292.194183	36.951712
264.142721	312.828269	278.104547
288.641469	292.927561	43.93422
272.120776	309.212205	164.484153
264.348552	314.75812	277.240408
289.097365	295.520625	39.645
287.860991	292.690007	50.490144
288.164185	292.389711	48.049275
286.92435	292.505467	56.345165
283.941711	298.20748	71.519461
265.212147	316.717334	279.048687
289.620462	289.586714	40.983841
272.86977	310.391139	167.091104
288.354718	290.936981	52.224605
274.00303	309.05067	164.535265
290.328372	294.028774	44.46756
269.965392	307.260138	220.317866
289.457042	294.889958	51.817988
288.685159	295.585943	56.827032
288.685159	295.585943	56.827032
290.162722	294.205417	46.083266
289.21768	295.10902	53.478431
280.728652	299.986141	101.175078
268.098348	314.49579	273.822298
267.689443	311.642134	276.411054
275.886095	303.350469	161.129867
276.431706	306.881349	167.214467
285.009549	297.088252	81.304626
290.452261	292.409048	55.263616
291.414709	294.389628	55.030658
291.97472	294.923637	51.595131
276.55451	304.57965	164.62243
291.233026	291.425305	55.280413
278.571452	306.526337	164.670182
293.08399	294.408164	54.894225
289.900583	297.233156	71.305661
279.57617	307.496612	164.695174
296.344917	288.879537	22.886439
293.755076	291.438429	55.087241
272.63685	310.11871	267.92865
294.657329	295.537509	55.5118
293.601851	296.762359	57.192699
272.168186	309.338025	273.06437
272.045081	312.413344	277.418685
294.504156	292.561016	55.780873
292.537779	299.540499	67.465093
276.089812	307.809691	222.406369
275.721892	309.128616	229.17832
297.289562	292.118734	23.969425
281.516693	308.378708	164.74852
276.959797	310.945951	225.778009
295.824272	291.095683	52.427008
280.67159	308.975774	173.383742
294.657329	295.537509	55.5118
276.721781	310.030407	228.359571
282.134744	307.418247	167.377208
295.342664	295.671409	56.296169
274.054195	315.223504	276.657578
273.729356	313.34794	279.243981
284.342651	308.648826	156.131462
296.525519	291.214257	53.194546
283.245325	307.213231	165.672986
296.571037	295.323015	53.666421
299.845329	292.111593	23.552046
296.505964	291.959628	58.235905
296.0399	292.371283	60.823434
299.746046	287.747652	21.64125
297.084065	291.454201	54.816934
285.341046	309.613771	156.160504
278.592556	308.133767	237.075307
299.739677	289.251562	26.306685
294.209988	299.03548	75.518522
284.993305	305.49283	157.023682
284.423929	308.602059	173.509094
301.328129	288.532862	29.310105
301.351995	288.451905	28.519694
277.110089	314.209529	282.032926
302.274558	292.57152	27.892036
302.237779	289.398603	27.469015
280.951154	311.232225	243.072125
301.822137	294.480679	36.540677
299.964238	295.987914	57.623134
300.407873	294.252912	59.497633
303.936202	294.709188	28.156458
288.163044	304.459713	162.346998
303.435666	292.442286	36.540015
303.238224	293.721843	38.86905
288.443661	303.193793	158.871262
290.270704	308.971819	171.977153
280.869444	315.903977	280.471878
304.95923	289.449831	37.455392
302.075339	295.27105	59.285175
305.894595	293.474079	36.051186
290.913492	307.992364	174.598269
305.366744	289.903493	41.460927
299.855797	299.295854	77.1976
287.175074	310.702413	220.461413
305.958555	295.30399	43.312524
289.569822	311.110316	190.784381
306.847001	294.193519	42.475844
292.711889	307.854363	175.525837
294.089701	306.404755	170.385228
309.399687	289.892371	40.901983
308.722159	294.693821	46.453624
297.061588	307.695644	160.069503
298.563635	302.881604	171.405027
300.715167	306.804123	170.620986
293.379932	308.692451	272.402893
309.059658	296.680981	91.445455
302.673701	306.576489	169.821029
294.063547	312.28588	266.557478
302.95895	307.468346	167.233642
303.310988	308.79015	174.164469
316.690582	297.53251	51.501227
306.106823	304.29927	172.512473
318.688719	294.989504	47.950615
306.880073	302.19668	173.38629
307.583076	303.894941	166.499091
319.529233	290.691593	47.391199
315.550972	295.132254	79.997816
309.871964	303.960189	172.607185
309.823348	308.206183	175.209912
310.643204	307.136305	176.084668
310.978767	305.888859	171.78174
312.035462	301.521268	168.318952
317.756336	303.114123	168.416542
317.393709	306.478332	174.475713
318.048493	305.032919	165.850114
318.917811	305.001867	166.720503
319.340862	301.046896	170.99239
320.106389	305.268111	175.349143
321.729193	304.784532	166.735357
321.173253	303.030411	172.747409
321.750272	303.719578	165.861511
321.023621	306.254851	176.225855
330.512178	291.473658	55.645654
322.646136	305.777695	167.611873
322.085221	307.162904	175.381928
323.833417	307.094133	177.111682
326.580838	305.375898	165.021614
327.392129	302.247053	164.978001
327.31552	303.352443	166.71785
328.413497	304.223114	165.001201
328.313677	303.24493	165.850178
327.910277	305.607457	172.790157
329.463697	304.072464	163.269818
329.205087	306.363996	168.481006
329.968067	306.417985	171.07183
329.880756	304.379225	171.040092
330.99233	301.054152	166.663681
334.536735	300.968382	170.094705
346.189842	288.225473	16.568333
327.605873	307.021362	264.910145
347.405015	295.735092	64.56844
348.151538	294.848077	66.593655
348.96382	292.287878	63.951029
350.010684	294.749065	58.967211
350.033623	294.626553	58.030348
349.988836	293.573882	58.13222
344.833975	303.568606	174.464517
335.817869	304.407305	265.964813
337.852442	310.588168	269.46735
353.303077	295.452364	58.999183
348.558899	299.230974	173.509091
348.670405	299.161283	171.748638
340.980359	306.930932	253.656491
356.370853	289.485942	56.845523
352.61788	298.870816	169.984286
356.550186	294.958371	58.216395
351.84823	301.351825	182.410052
342.23119	304.138506	268.60219
342.29795	304.060187	267.775185
352.793578	303.980636	170.097727
357.199088	289.157858	55.04979
357.158698	289.59317	66.234213
358.51395	286.236525	40.038153
343.377918	305.998828	267.844599
348.045717	307.898943	270.506448
348.137853	303.483978	266.238727
347.725333	303.956382	271.20976
363.238239	293.184061	74.482486
351.141483	303.115672	264.637228
359.169157	305.50568	253.163305
358.258505	303.13541	270.603465
366.973476	298.896622	219.093749
372.353284	303.788663	166.662106
370.648898	303.633553	214.722366
365.435734	302.091435	264.938411
376.227946	302.57793	167.579365
378.576147	300.870622	154.936101
379.073802	299.402707	169.369592
379.108002	298.350391	168.449525
379.282425	300.263544	164.858574
368.380897	303.902216	265.075233
379.016201	291.031624	60.230527
373.375494	302.555284	222.637357
369.465771	301.560459	262.536622
380.583084	302.648271	152.256602
370.574188	301.318453	260.893969
381.120236	301.307147	168.51678
372.194561	300.554344	254.234586
372.512702	302.187631	260.971316
372.641346	303.110548	260.162337
370.999921	302.719269	276.796123
380.211797	301.779693	200.818495
377.263299	304.268282	222.678048
377.894146	298.148089	223.639772
382.625735	290.458366	66.75324
372.382016	305.371862	273.61697
373.444968	306.233529	272.857431
383.81463	291.019479	71.291983
372.881496	302.58221	276.855842
372.928541	303.590598	276.901773
384.327518	289.34757	67.771269
388.257927	298.763972	164.909544
377.85781	304.334553	256.150241
378.4136	299.392466	257.738539
377.693476	303.171538	276.22316
380.076822	305.669347	272.246779
388.587522	286.750984	53.522829
393.325083	299.493866	164.001411
394.316435	297.439183	164.923159
381.866676	305.609321	273.154789
382.640645	300.575432	262.930551
382.6032	304.688492	274.816455
383.534569	304.618867	274.852169
384.627843	301.352448	262.189254
385.038269	303.008522	258.891334
384.239049	304.779411	277.404411
385.269873	301.455564	274.778834
385.346065	301.377551	273.941799
387.784892	301.67572	268.19601
387.361966	303.174388	273.2718
387.361966	303.174388	273.2718
387.052804	301.393947	275.689676
388.22009	305.277435	275.090668
398.877661	284.914782	72.065719
391.370995	300.472734	269.137213
392.915265	303.89917	264.30612
392.650871	298.967616	264.94044
392.66064	306.16647	277.861746
395.371893	299.846239	265.926465
396.479243	299.645921	254.991059
395.609947	299.577801	263.403023
403.266268	286.116712	52.686637
396.133844	306.229876	270.469337
395.529326	302.700394	275.297441
396.135864	299.949222	267.644041
399.396343	300.195402	262.741251
399.037528	303.74354	267.946455
400.301969	302.215213	263.709617
400.301969	302.215213	263.709617
399.433854	304.264636	273.881365
400.2768	300.094406	272.874004
401.121414	300.103235	273.752381
402.979945	299.990848	263.728106
418.674646	296.114769	164.628407
415.009539	290.845449	81.073925
406.408214	299.966069	266.403726
405.85592	299.57468	272.257385
405.781402	301.744296	274.038291
407.614583	301.594954	274.110123
408.334091	302.80917	266.621201
418.570637	285.247076	77.842372
411.454426	302.124069	272.613728
411.420921	301.122658	272.562157
413.318429	302.969674	272.730454
415.487136	304.453779	269.525308
425.244011	287.983812	77.36743
431.457327	297.190723	167.676825
416.709184	302.995359	276.215048
417.393294	302.106124	267.783024
417.519002	304.00779	267.044095
428.087379	284.76886	76.045143
432.205651	291.218679	80.631572
434.039205	290.963419	78.569005
440.527372	294.284819	200.311892
429.411418	302.934714	267.348135
447.75475	298.478916	162.274793
450.553155	296.065579	158.896384
435.838054	296.221707	266.378343
435.781903	297.327339	267.254824
435.867856	298.234346	266.453275
435.761126	300.445499	268.214083
451.496066	293.891913	157.315809
455.267944	292.547716	160.716239
456.125887	291.267804	156.490456
451.195257	294.159653	229.520099
452.330836	290.947313	228.673099
451.268063	293.403437	234.107622
458.384904	286.612269	82.060092
453.044861	296.020338	229.53703
452.524181	295.207663	232.301336
464.076851	294.157688	155.269469
466.093535	290.134815	162.315968
466.617699	290.289758	99.273169
459.148953	296.153204	249.19082
458.647196	291.529444	253.349391
472.67787	293.619773	148.705189
476.345794	291.18334	149.737319
469.501254	290.023143	220.59403
477.325252	290.647323	178.413745
467.694481	293.070746	235.303613
470.516152	295.279024	224.195585
480.270801	288.271678	175.000788
469.596348	291.293587	240.644726
476.597103	291.304832	210.976227
484.257021	290.197349	150.910563
486.666866	284.063191	106.379524
488.922097	282.988539	92.935691
495.530416	288.122758	159.074145
500.760404	289.189371	149.032641
501.092234	287.833802	178.435039
503.441213	286.17438	155.956416
506.087746	285.967323	131.71098
508.817527	284.613418	153.512704
511.787945	287.619122	162.068769
513.405889	289.799688	174.140638
518.260864	284.652736	192.744089
524.518384	286.685499	198.79908
560.456604	283.783334	197.828252
92.947558	297.957245	168.671537
94.166445	300.922921	169.683775
107.421807	301.143945	160.124262
122.565091	300.083806	123.881901
124.141345	298.370039	106.047622
129.475103	307.157643	200.646907
136.188476	300.62245	105.832609
130.679929	305.665795	191.64888
137.077979	300.537587	141.642455
134.276202	305.531633	188.320022
133.482975	304.342528	203.158187
136.319361	304.075672	197.391918
136.158821	300.885548	193.386274
139.879443	302.84136	191.6545
146.981545	296.681074	122.462534
150.340014	298.916188	109.9538
146.558965	302.396551	199.870346
147.529887	299.680758	184.303209
149.41237	304.292414	196.478108
159.552347	298.660609	97.266607
153.930491	303.909163	186.542555
162.413545	294.241051	94.987028
156.613747	300.738059	161.250817
156.524064	301.661254	179.225998
161.305789	304.730761	146.611522
160.024676	303.082692	166.044047
162.679958	301.370678	152.709972
163.089336	300.653073	156.10081
161.909559	302.022017	235.249137
171.959347	297.975416	105.484229
163.371748	304.555777	194.611824
164.134893	300.970859	180.685072
165.893413	299.872951	176.614609
167.44733	304.749762	174.755625
167.367844	300.727662	196.33738
168.9501	307.711938	195.23969
169.735071	306.770139	196.094906
174.443723	305.275451	148.078675
172.187909	304.816127	196.085154
174.054992	298.585219	150.10642
175.29564	302.256553	159.070435
177.964535	302.814658	152.356882
178.791	307.177735	202.018104
180.978843	305.439854	237.53034
181.523836	299.255352	155.832499
183.32503	303.009067	153.138834
185.429414	301.940702	165.506
185.232502	299.932095	164.808957
202.696642	296.655124	80.611802
192.815319	300.401896	155.854659
192.88943	299.265345	154.2821
193.449566	305.687825	241.145492
195.422973	299.490111	156.789655
198.417106	300.487301	156.79773
199.655858	306.749277	160.435595
222.858945	288.259503	40.020796
225.729699	283.934038	37.66856
226.219205	287.751327	47.895692
227.843035	282.212693	30.756244
209.354017	299.775721	162.027033
229.79353	282.040965	30.19723
229.953493	285.064062	30.962385
231.121045	289.191519	34.231845
224.412652	289.466314	82.460632
230.209582	287.473539	48.282802
233.88266	285.84098	31.36906
233.92163	287.061731	34.501334
234.59058	281.354178	25.42953
234.904268	286.776878	31.461444
234.843351	285.674656	29.925989
235.9261	287.769681	32.330913
237.900498	288.878169	35.671787
237.625246	284.254336	26.453796
217.685094	303.358169	249.002995
240.441584	284.006455	58.735
243.105506	280.82631	24.998894
223.470567	303.54511	181.679085
224.378027	306.315431	248.416511
222.443687	309.83251	271.093658
223.277026	310.734667	265.815589
224.79789	309.77045	266.60958
240.719416	291.066481	79.612365
246.108018	287.195047	55.869462
249.371441	287.692889	52.560538
248.626665	283.08341	54.082161
249.625038	287.301937	57.823976
247.081252	291.309121	76.368273
251.364118	289.66202	53.5732
253.596739	285.546047	40.228013
253.147081	286.40133	50.107167
253.440056	281.841138	31.26506
252.934971	289.922152	56.252371
254.789808	288.407949	39.4249
255.027183	286.295076	49.325969
255.205438	280.724697	30.727648
254.901739	286.463113	51.022144
254.820979	288.752247	54.503235
256.571412	286.853542	32.717115
256.177415	282.012411	34.434971
255.903444	281.706652	42.034186
256.192613	287.019673	46.847233
256.62875	288.313195	38.745464
257.315313	285.151745	36.615653
256.987596	282.45812	39.745979
257.294018	285.2787	38.131395
257.315313	285.151745	36.615653
257.54069	288.297527	38.793666
257.404897	286.078801	35.821347
257.305652	285.214952	37.371233
257.5296	288.35856	39.572917
253.953033	291.135762	70.229259
258.310374	286.122581	36.628544
258.08124	285.664099	42.857384
258.077465	283.024094	35.259036
257.962111	280.447662	28.716813
257.139385	284.798954	53.599213
257.895615	281.109148	36.075027
258.042137	283.221918	37.496717
259.112433	285.246498	38.23154
239.214378	308.238068	205.045838
259.24182	285.856675	33.688229
259.309618	287.034197	35.87918
259.199594	286.233703	38.193294
258.841913	280.884373	33.925989
258.861762	282.215868	37.583783
260.155821	285.591209	30.769959
260.286907	288.133622	37.387789
258.994469	288.001561	56.216762
260.788566	285.636795	42.960517
260.853718	282.375749	28.770953
238.394151	306.633686	264.027656
236.971946	303.879513	274.650234
237.473925	309.690811	274.371665
262.052882	286.491212	30.05149
255.88536	286.83323	76.799029
261.903977	284.234379	27.183483
239.195958	309.655957	274.272633
262.614378	281.193215	27.418309
264.509592	282.289269	28.927707
264.378073	279.936845	25.253343
243.357318	307.922618	248.092063
264.781164	286.186513	27.140398
264.659797	286.030758	36.899304
264.581533	283.229134	28.112556
264.375101	280.072549	26.78838
264.719213	285.499894	30.967082
264.444553	281.080986	26.727274
265.575808	287.29295	39.889055
241.525638	307.673448	275.09005
243.089016	310.492523	270.55885
245.385824	304.006312	249.905945
267.400002	283.085291	47.108616
247.281805	305.254561	258.458704
247.560526	307.386723	266.140911
271.80348	282.160107	28.994035
253.391681	303.237979	164.960911
254.199397	301.345494	155.562203
247.429711	303.622719	273.222337
255.14775	302.116328	165.871767
255.312235	303.106415	165.004448
256.36103	304.098761	165.012721
257.845811	299.347284	147.849666
256.992756	302.048241	166.770396
257.950428	301.978885	166.793498
275.33642	279.718955	25.182342
275.447686	287.28086	39.808543
275.523023	282.491813	21.745158
252.367561	305.460779	277.369202
276.928935	286.704519	43.639024
278.124075	280.924354	27.303838
254.478681	307.29808	274.649536
279.209885	284.190948	29.298984
258.066075	300.853485	218.990659
278.926414	280.200801	30.37333
278.878721	285.283081	39.803236
279.039761	282.386033	31.727009
278.91432	286.368148	40.489827
278.831317	280.594898	34.110816
278.202201	286.28186	48.31955
279.093748	282.008479	27.938794
280.065853	283.019956	27.79399
262.476607	297.305426	166.084474
257.551894	302.720429	255.845507
280.030326	284.63958	33.757976
263.126709	301.280347	162.604991
279.935413	280.98203	27.95843
280.901186	282.069396	28.580252
280.826503	284.953766	36.696358
257.300638	303.176334	268.661281
280.485228	280.998795	37.739876
280.482035	282.179738	39.170805
280.93459	288.375299	48.857831
274.964131	294.541834	78.199789
281.217503	284.720823	43.561492
280.961537	281.714647	43.75298
281.015934	286.095873	46.612198
281.69442	288.460345	40.946731
281.393769	287.806539	44.124647
281.336535	288.981619	45.618413
281.726232	284.9528	36.639656
281.569697	285.283869	39.658465
282.644915	282.44407	32.237314
282.464826	285.284291	39.60278
265.910057	301.130735	163.527336
281.977803	286.002356	45.77865
265.434176	300.399088	167.847191
282.504719	281.668732	34.57017
281.7226	283.006414	45.97143
282.216152	288.987373	45.563126
262.551002	306.006921	225.899242
282.475434	281.750838	35.318988
282.385198	286.546121	41.820636
282.121952	285.814389	44.217504
283.699506	285.645678	33.409562
283.270771	281.999005	37.508964
283.794255	285.114269	28.081382
283.447098	285.116266	38.025026
262.793073	301.055962	230.401481
283.68307	288.061465	37.002114
281.799946	289.27534	55.224458
283.998794	283.444366	41.167126
283.341108	289.692934	51.037932
284.412207	289.489892	49.367422
284.120576	283.31078	48.182189
262.61401	302.453316	256.768778
284.918474	282.3074	48.193644
268.840128	303.092997	164.443671
269.949483	304.009179	163.596655
265.79825	304.849437	228.707222
270.179084	302.262917	169.674687
286.043598	289.605362	50.050975
285.554005	287.95356	52.625278
263.909542	303.61215	262.689181
262.575985	303.12322	278.182782
285.466632	290.932421	59.039823
268.186457	305.228466	217.72716
286.251437	282.742935	51.274838
286.251437	282.742935	51.274838
287.927716	287.309014	39.010306
287.127329	282.739714	51.223243
286.087959	287.200345	54.266612
287.539667	283.411352	48.758613
286.759367	288.439056	55.791291
272.505799	298.422423	162.806831
264.666772	306.917523	277.251662
288.307734	283.517266	49.498784
264.792481	302.883953	272.123954
288.44104	282.296102	47.971767
279.826811	289.643562	90.659151
288.117631	282.623035	50.366387
287.964039	289.187391	54.018645
266.2939	306.586628	267.770151
280.744353	289.608553	90.662176
267.36175	304.407049	263.591238
288.549821	289.433446	55.612017
288.932339	286.967329	52.463708
288.968202	287.705732	57.355127
289.497279	282.959954	52.676785
268.152506	303.371997	263.64436
267.280965	307.785301	278.159382
292.493098	280.419504	21.872073
292.777516	286.607636	21.236243
291.038885	288.444073	55.509926
267.940392	303.816067	277.344742
291.803615	285.628992	49.903765
276.691477	303.986593	172.434086
268.872249	302.744141	275.64693
293.329722	279.535478	23.461046
294.252441	280.401886	21.61745
291.470678	284.566189	56.560752
293.51689	287.747237	50.418056
293.012032	288.201691	53.723084
292.230298	287.829382	57.980007
271.407626	302.23354	265.477091
293.249608	285.559401	56.384679
271.553023	302.561239	274.851593
271.714498	309.531628	279.142823
296.152213	283.878684	25.058835
276.076188	303.490313	218.29726
271.761894	305.489905	274.806948
293.642768	285.948406	58.855238
272.64321	307.448225	276.551282
272.879138	302.269098	268.916158
293.66536	283.798646	58.141084
274.438763	302.161648	250.496329
274.590118	306.249976	252.050693
273.889361	301.564704	256.354882
273.035392	308.275129	272.23802
275.650968	303.91087	247.987592
298.777248	284.970797	25.329318
294.395949	287.084035	59.584841
298.554922	279.883201	26.649073
298.698363	282.904273	25.548314
296.24383	288.319589	54.293571
294.389408	284.620857	63.157039
291.769225	291.159007	76.990598
299.463813	280.908402	26.409499
275.701235	305.019964	268.963403
296.249252	290.08964	59.25654
275.427702	302.122068	269.864515
300.405062	282.968805	26.059011
300.419163	284.166144	27.534956
299.644843	283.491918	40.403239
276.267734	308.181228	275.813253
297.600189	290.362164	60.875085
297.549014	289.354316	60.951486
301.378582	287.177824	26.262151
299.043536	289.82057	57.356597
295.61043	290.760525	75.131894
302.116346	284.150625	27.250768
286.058172	302.051805	172.724345
278.830425	301.340514	259.958924
295.789756	293.807436	74.937656
298.796441	284.40584	62.069253
284.977892	299.570212	183.096961
283.148039	301.744831	218.789684
300.458975	287.918361	58.257325
279.571647	302.414525	262.471264
295.475557	288.063832	84.397082
300.544763	289.946708	58.097203
281.937522	306.349012	248.293695
282.325549	304.163892	262.57332
298.519913	293.317884	78.573451
304.639217	285.609303	40.337347
305.282084	285.793998	41.874026
305.136257	288.042453	43.338967
299.645752	293.832532	82.231709
306.779314	289.064104	43.021896
291.640135	298.326934	172.035311
303.935627	291.62591	62.134117
307.87118	288.774254	40.394386
293.51743	301.392474	173.835837
309.246067	285.857352	42.155136
309.164211	286.98923	42.901967
309.04303	286.055859	43.847672
288.778482	306.476566	261.237628
294.643878	300.638344	181.664082
299.157521	298.735947	173.14735
309.743225	290.755282	77.589446
314.058329	282.994236	53.05634
301.580636	296.601049	176.682729
296.168333	298.371587	242.706475
297.249287	299.607594	261.064626
297.249287	299.607594	261.064626
317.363735	282.800978	51.863329
306.759921	299.667055	162.982134
298.134146	299.520354	261.116535
308.769052	296.743841	170.802284
309.149967	293.33662	164.715967
308.947742	300.865232	170.837852
301.491051	299.379212	263.779337
303.279171	302.393607	266.300105
315.58901	298.180316	169.205308
306.335933	297.710257	249.151337
316.616072	300.157369	169.237067
317.199662	300.294415	173.555223
343.408855	282.166397	18.034286
343.357037	281.113232	18.151804
345.661723	281.037807	19.00686
343.60331	283.183337	64.663394
330.859928	301.856583	266.618995
350.020196	279.281212	15.195635
347.98015	286.709661	61.563909
332.672094	302.859763	268.329845
343.760542	293.240354	169.899591
349.72446	284.537518	54.301318
346.23896	292.264372	175.159863
352.654651	287.417442	44.996581
352.84245	283.885597	60.029182
348.57399	295.039511	170.790811
348.556128	296.097353	171.690561
353.824046	291.685881	80.309272
339.210193	295.923488	264.306146
339.267339	298.012816	265.145897
354.588012	287.625712	82.434502
354.933184	283.910404	44.579272
356.59951	280.0944	40.665737
356.201407	285.411295	58.131407
359.109077	284.243261	42.057839
345.600655	294.717291	257.012062
346.319721	301.366279	263.681379
348.013292	295.018029	261.98898
348.955737	296.039138	262.836059
349.048543	300.233208	264.541156
363.01942	283.741632	74.121795
350.51389	296.3764	257.096538
350.782918	297.073986	264.524381
350.890661	294.80558	262.032959
364.911239	286.249391	78.582187
352.003888	294.562911	260.40429
354.3327	293.135538	247.188613
354.387263	298.201105	257.999584
354.265515	300.476016	260.508218
354.24683	301.569383	261.353823
367.462991	284.966203	78.593263
355.301021	300.322037	259.696391
354.841276	296.542274	262.118166
357.826545	298.352556	262.19792
357.826545	298.352556	262.19792
358.652424	297.35968	263.024428
360.014301	293.654204	257.233335
359.740503	298.214728	262.23343
370.507924	291.934654	177.251894
368.383576	297.855702	222.619806
364.691949	294.490911	258.980857
367.411565	295.964751	244.040482
366.712983	298.481197	259.905638
372.930194	290.375814	222.818
369.946922	298.933825	256.663313
369.854368	296.911662	256.635696
373.227153	294.960114	260.015738
381.064045	292.924701	227.235428
377.262691	296.523145	258.488442
378.219157	292.234675	256.797438
376.762495	297.967166	273.479456
389.19162	293.684703	166.730281
377.485387	300.220741	276.925584
380.082315	298.41818	259.442495
379.76868	296.513936	271.04402
381.958525	296.370356	250.249245
379.781717	300.707273	272.855597
380.592114	297.612458	272.77438
380.144195	300.161507	278.69865
380.370238	299.938371	276.189183
382.241177	294.700879	264.431356
382.609931	295.358637	261.128757
382.696114	295.136441	269.44732
384.224304	291.456798	253.62246
383.090797	297.713658	276.212923
384.020944	295.551477	275.342029
384.446698	296.169196	271.208643
385.653119	296.863596	268.775223
392.363999	297.474562	249.715329
390.834065	298.946609	274.07804
390.682227	297.010273	274.835861
391.721671	299.961898	274.996682
392.304989	296.213472	267.349732
393.596141	294.703359	263.173422
393.221608	298.238332	268.292509
394.048377	293.061589	267.331831
396.978137	289.893206	248.077262
394.952475	297.178334	269.166668
395.231919	295.83315	265.782524
394.417841	297.740367	275.028858
404.088572	282.033549	52.635342
396.949974	296.869079	267.563954
396.794735	297.038463	269.240756
397.14127	297.698103	265.921717
397.862013	298.889492	268.516525
397.597162	298.137502	270.993841
398.447025	296.059977	270.955717
398.8232	297.729945	267.673881
398.366075	298.229296	272.709684
399.232508	291.975846	270.866961
400.166656	298.213424	263.542019
401.543717	296.513483	267.745911
413.579695	278.999789	74.250693
403.952913	297.718047	272.096864
418.683672	291.25298	208.309641
409.929237	297.753331	267.297935
426.574731	282.457641	81.8243
417.517399	294.72623	274.212312
427.525873	285.433383	207.525901
418.621017	296.453561	262.508629
434.089308	276.820902	78.257774
441.823881	283.737172	77.797006
432.177461	294.459641	265.390345
433.224038	292.160355	263.665231
433.259524	289.040895	262.739646
434.15081	292.070571	263.686862
445.796945	281.783457	79.4923
452.702457	284.691862	226.925627
452.702287	289.808953	226.851672
452.305645	284.69107	251.451652
453.857097	284.839182	253.982749
461.291954	287.672984	216.718701
458.647196	291.529444	253.349391
473.463541	280.989212	160.355952
465.421654	288.29741	218.68405
472.72042	283.511672	222.662945
476.634732	286.09921	211.176015
477.520295	282.88456	211.278394
478.554241	281.222394	229.92654
492.44504	281.414285	158.278253
486.269617	282.206952	220.42883
495.809883	283.933189	154.907063
501.856523	283.316867	155.945375
504.0946	279.463269	118.439903
511.928621	277.444648	127.394624
511.423641	280.774199	185.728723
515.653381	279.673842	137.943311
531.679479	278.647851	107.986446
525.692064	280.185733	196.108563
558.617856	275.355928	191.358095
120.091035	290.514177	108.115168
116.814422	294.273098	202.935492
125.72383	294.029136	163.583005
130.321011	296.043572	177.814003
141.360172	287.340076	102.828394
143.400181	294.904331	190.200611
144.385334	295.879274	189.346133
145.803209	291.615914	161.647572
148.365515	297.433247	177.846456
150.260726	294.137127	153.176845
148.812737	295.732128	183.584269
151.788473	294.126118	168.138317
152.097947	296.330758	195.860496
156.51892	296.804502	147.02184
153.838557	293.721589	179.510741
157.32511	296.457883	195.804871
157.972631	291.772701	177.06351
162.333791	299.045993	162.018273
163.406573	298.567771	171.045263
165.53559	300.993239	232.561582
166.659769	293.759714	153.781981
167.239355	294.022267	157.104216
169.175075	300.057237	233.747389
168.474288	295.648947	222.179116
169.597234	293.636029	151.221508
168.474288	295.648947	222.179116
169.346419	295.639175	221.215916
170.961944	300.014136	230.832933
170.685873	297.884091	227.993331
179.045746	294.616983	216.451074
194.24186	298.55964	157.640984
193.542612	292.483827	157.148527
193.780036	296.355897	170.822933
217.249898	277.652118	37.537004
219.812899	280.141353	44.27438
220.993756	276.696179	40.178626
222.711324	278.610748	31.001099
222.061071	276.546285	39.476421
222.054766	282.919542	44.646998
222.580552	282.240093	38.134116
222.530513	279.065309	35.65805
223.247028	277.291553	38.034046
223.446057	275.827084	33.363969
222.466363	279.25826	46.924371
224.396046	275.849298	34.227397
224.316762	279.267749	38.990766
223.900982	280.845603	44.695259
224.518502	282.195393	39.113273
225.788325	281.54158	32.876511
225.802345	280.211773	29.003271
205.45259	302.619407	264.015024
204.543512	293.978558	165.56223
225.556747	277.607283	32.82524
226.682156	278.044488	27.591608
226.659327	278.251531	29.878207
226.20599	277.113601	38.317552
226.632183	278.392171	31.405992
226.589301	281.918596	37.69524
221.317186	283.367402	78.969512
207.219876	295.602237	181.118207
228.454867	274.97065	27.851392
229.640875	278.813914	27.169971
229.662906	280.200714	31.735135
229.511445	278.371379	33.255533
228.515243	277.709744	45.8093
228.695719	281.753604	47.747662
229.136877	280.181246	41.919874
229.590005	279.284654	32.49743
230.766805	281.798816	28.00723
230.441443	279.583749	36.460423
231.20312	279.902498	40.512006
231.730721	281.74811	28.12204
232.468664	277.672261	27.549494
233.228056	274.927399	30.697951
233.303958	275.776896	29.199913
233.41877	277.82093	29.924662
233.324055	278.298756	35.218656
214.000605	303.318462	249.268771
234.253604	275.255185	24.086305
214.786004	302.338816	249.240624
234.379099	277.639275	28.545901
235.476903	280.188227	24.060209
235.384234	278.388064	26.396109
236.27717	277.673023	30.282474
216.253431	297.817857	237.263206
236.442866	280.265168	25.707096
237.32892	279.856127	33.379408
238.297865	279.365082	28.239544
219.449172	296.441711	249.081854
220.219895	295.454299	249.057368
244.770247	277.362562	20.744521
243.082754	282.42542	68.594911
247.735754	280.127196	19.297723
246.52167	276.7156	56.163751
243.428728	280.06555	77.308722
248.484204	276.668277	47.919286
248.235862	279.148596	53.015136
247.809653	278.496994	55.515098
249.138443	275.85234	49.59599
250.346781	282.081147	54.139301
252.061713	279.837007	41.795589
252.124818	277.037805	32.834373
252.084108	275.706228	29.223539
251.527331	277.301398	45.736633
252.32847	280.270386	35.689008
231.216138	299.910077	261.392192
230.571811	300.032627	267.526463
252.312912	280.794772	51.642687
252.99346	278.546338	38.797252
252.580711	281.57738	49.993705
252.739185	275.524868	38.08306
251.913288	276.840345	50.662048
252.803296	279.047353	53.298427
254.839141	275.604739	29.470332
255.065265	278.469578	27.866955
254.399083	274.636607	39.730274
232.493485	299.985557	265.642355
254.892753	276.807394	31.622014
254.980338	280.532461	39.666165
255.323733	279.248255	46.81189
255.265051	279.333485	47.622029
255.551922	273.861053	32.512547
233.742899	301.875353	263.711467
256.970741	281.198413	36.756414
255.726679	277.649714	50.076038
256.629249	274.190947	25.939683
256.822201	280.420032	39.030058
256.495215	275.044109	34.724807
255.682682	276.584185	49.237372
255.908536	282.976196	54.384511
233.639551	297.090341	268.311588
256.560443	274.754619	31.83306
256.924526	280.005113	34.575487
256.797803	280.491326	39.788249
256.709575	280.710032	42.099559
233.825167	302.941258	271.449575
256.797803	280.491326	39.788249
257.960816	280.512596	29.458209
256.681522	282.009165	54.37651
256.181766	278.145619	54.252463
257.457846	274.797288	32.623888
257.559169	273.94832	23.699354
257.704489	280.47267	39.844531
257.370995	278.81011	42.948428
258.87686	280.486142	29.518849
258.652572	277.483374	29.662883
258.402759	277.271901	37.723272
236.22067	301.84507	264.39899
258.52089	276.834481	33.348044
257.79237	282.868689	53.573769
258.880139	280.29012	27.282452
258.28357	277.576066	40.708637
257.349989	281.149585	55.211284
259.023767	277.87959	43.829701
258.251677	277.81845	51.826191
259.590811	277.113024	25.984808
256.423104	284.952499	67.311322
260.052713	275.169956	37.146458
237.562809	299.908683	266.137729
258.606817	276.189095	54.273283
260.189579	279.85795	52.732483
238.671071	298.841236	262.644187
262.058492	278.340076	39.379759
238.918531	297.9645	267.880585
240.465481	298.928464	270.328648
266.208531	279.754477	23.729407
243.0503	299.84156	270.996054
248.616401	294.043035	165.878935
246.005454	303.081128	251.661216
244.657619	298.661854	262.313723
244.525945	296.890057	271.066535
244.775983	297.832135	269.273108
270.701428	278.850571	26.151488
266.534537	285.068686	71.077246
252.427715	293.834797	166.798371
273.514741	279.460881	22.050903
250.104689	301.561161	270.603692
274.154984	275.512652	23.883215
251.045039	301.512578	269.710726
251.486151	296.375126	260.466213
275.056929	275.644963	25.433232
253.362119	297.723749	250.050194
252.456178	298.559293	270.665875
277.087442	278.748833	25.947545
253.396756	299.493194	270.598709
257.059775	296.481522	232.903443
254.21993	298.192273	260.329926
276.373512	277.254669	40.332662
276.01628	277.821555	44.862691
276.208654	276.445229	49.54722
254.841329	296.239755	261.275045
253.804483	296.599229	273.315539
255.076394	298.147549	260.322531
277.308621	281.816949	44.662406
276.747993	282.527855	50.12795
254.319468	295.462713	266.468332
277.744512	277.910267	45.587778
278.706567	275.510374	24.459041
278.977609	279.672422	24.981901
278.561467	276.374474	32.874365
277.225264	279.659333	51.003982
277.953787	274.116903	39.672852
278.854885	280.514704	33.367263
278.61829	277.472008	33.559494
277.8884	277.711286	44.057842
279.364127	280.256195	40.090917
279.008237	280.812975	44.652213
259.128014	299.311563	231.150527
279.007594	273.83204	37.424932
279.544044	277.898888	45.534548
279.030494	281.910726	45.370892
280.352706	281.259543	39.989473
280.001432	277.223357	40.221229
256.982521	296.304725	266.384979
280.499871	275.792407	27.47818
257.127562	296.242836	264.675077
280.160865	280.432659	41.562439
280.399229	275.675399	44.061556
256.776064	299.36358	271.401245
280.567579	281.107531	46.903646
281.084249	278.200835	47.79194
281.088991	279.312234	48.526757
282.172857	278.877281	37.026752
272.05822	288.143217	92.485823
258.454305	302.027109	264.408551
257.063368	298.470744	277.504732
259.221174	297.985414	262.022001
280.684238	275.292253	48.691461
259.894156	301.680164	257.607622
258.223728	301.336145	276.509751
282.25334	279.891331	36.96002
258.070342	297.416933	274.923597
260.560126	295.548673	254.48742
282.073531	281.420143	49.175892
281.867171	281.641998	50.757955
282.441427	282.104893	46.766389
282.170305	281.312349	48.38901
259.788963	297.071373	264.623195
282.676705	278.407791	49.284378
282.449353	279.753657	51.608556
282.619942	282.867528	52.261627
261.303626	298.685952	258.601184
284.218286	282.10119	46.671612
262.199192	297.997144	247.608586
261.377909	298.043779	267.139432
282.871467	279.108474	54.011697
260.615954	299.293124	277.429368
285.850284	277.48862	33.843627
262.169484	299.653307	259.419055
262.026726	297.081629	268.892467
262.10192	298.054753	268.849454
284.006784	278.857025	52.374387
284.006784	278.857025	52.374387
268.496385	289.470754	168.008721
262.241806	297.993724	267.14515
285.362071	276.146163	47.69177
263.895591	300.562429	260.257445
263.613125	300.724182	263.639091
284.954741	280.978184	53.037986
263.774873	299.986565	271.349544
287.010905	278.48522	49.857743
266.705236	298.547443	246.054298
287.008006	282.855134	52.027771
266.593501	300.764098	249.341287
264.371082	300.037414	274.797085
287.412879	278.945703	53.007247
265.504482	298.88529	270.551899
265.554127	295.829686	267.277341
265.251009	301.983009	276.479288
287.371815	280.07581	53.762559
288.776508	278.46883	49.755428
267.546526	299.145515	257.032624
266.232454	297.888229	271.455768
291.174436	273.601475	15.766193
292.113155	273.981615	19.912765
292.423561	279.230577	20.326192
267.560091	294.940068	274.160382
275.576717	290.887028	165.508564
267.91236	298.815281	273.159103
292.198662	275.254157	22.310744
292.449402	279.702052	25.182916
267.899459	296.80528	271.525441
289.775606	279.162674	54.486109
275.952992	292.830873	162.887586
293.320342	279.377793	21.841974
293.087523	275.322188	23.002411
272.077263	298.747702	219.924159
290.21531	279.536495	56.898847
268.085152	294.676601	267.377572
292.950259	273.172438	22.340683
268.646954	297.815023	274.065325
291.00259	276.638021	51.303742
290.45872	282.562962	56.734134
292.9335	273.742723	27.931427
269.856857	299.620944	271.460893
269.576819	296.724759	272.41392
291.469538	282.425294	55.856233
269.59035	298.737045	274.051388
269.868549	301.63424	273.110857
276.849605	291.950924	184.69032
295.088703	279.676924	24.806241
270.708946	296.526278	269.05153
286.510338	285.931266	88.083953
295.731623	275.529333	25.033996
271.355956	301.641091	276.593532
289.138173	280.470142	73.949117
296.472997	273.526708	25.85977
296.599485	275.681783	26.493276
293.605639	280.630034	57.483142
275.355768	294.292693	220.29267
271.39959	298.59572	273.242238
293.524181	277.44815	56.813342
293.590122	276.298523	56.035549
272.117834	294.558541	271.711687
293.681727	279.483708	56.705664
297.464709	275.752868	27.151925
277.321006	295.056873	218.678141
274.748512	299.397765	254.806836
291.975774	285.622203	74.578307
289.797229	286.404057	85.367467
295.021718	278.698845	58.332682
294.615166	280.129749	60.816328
273.880868	296.463733	273.384956
296.66427	283.38438	55.445977
291.713097	285.496253	79.966112
278.80156	292.965425	221.39976
291.062073	283.892432	82.738505
297.115699	277.253548	55.761505
275.802518	297.730959	261.621135
292.886185	284.136337	78.211078
296.233458	281.25469	61.526189
276.274822	297.32275	255.80886
274.686881	295.423288	273.446553
293.373665	285.874363	76.331563
296.959187	279.555212	57.327578
278.152775	291.996675	240.173275
278.566936	299.833708	251.650236
276.257529	295.402433	276.045639
297.871887	280.196914	61.490645
278.819935	297.147151	256.785022
299.004804	282.085711	60.461364
279.555456	296.138952	257.70227
301.445129	280.698791	51.029969
282.708517	292.354825	217.372499
279.496061	299.346214	260.90156
279.896065	295.495337	263.579617
288.512447	291.181701	171.067173
282.177352	292.710468	255.498849
281.84804	297.254565	262.772751
295.031155	285.617832	98.191473
282.92033	296.993271	260.344972
302.940074	280.075585	61.194277
306.605712	281.850589	43.693933
299.666208	280.451048	83.765365
295.05217	292.31666	183.466861
288.737316	292.508019	261.669788
301.626236	292.815115	184.49453
317.236967	281.115185	46.69795
296.618225	292.856305	263.703838
317.244996	282.915262	52.762
305.715757	286.506673	168.046449
308.780819	288.269939	166.391701
309.608683	292.50069	169.920033
300.476295	298.539592	264.568693
301.982508	294.585165	254.845169
309.493545	293.47108	191.56919
305.207919	292.700039	248.382051
305.964604	296.999345	252.487741
305.642881	295.03402	264.898768
325.938668	280.237026	58.712811
307.325588	290.72557	263.418511
307.320592	291.797389	264.215668
327.424741	281.504446	52.04993
308.397764	294.698928	264.208264
328.037321	281.696781	53.835966
340.855289	278.167381	65.991422
335.767174	290.797156	173.417296
342.195088	280.96267	81.116497
343.60331	283.183337	64.663394
336.24829	290.694029	206.960092
340.658589	290.425697	171.630352
350.99688	281.663481	74.32177
354.42796	281.010712	55.695182
340.23844	294.678219	262.677223
341.119563	294.68833	263.512123
339.726887	290.997312	265.906997
342.537993	291.059302	247.838745
341.180492	295.692749	263.521177
357.490099	273.677625	51.051185
344.040591	295.474276	263.569245
345.641263	289.582817	245.386206
358.303207	274.98507	53.630587
344.877855	293.391208	263.563879
345.874822	286.847987	259.43851
345.701246	288.117718	261.896316
359.347845	278.667876	49.759396
345.701246	288.117718	261.896316
345.705924	292.397745	264.385441
360.503739	279.808849	82.688353
360.540311	280.957086	83.556218
351.40401	290.997005	224.111052
360.789272	273.031349	48.584263
348.31168	287.149669	264.368084
348.783285	293.018512	262.802855
365.358197	271.680922	14.916216
349.4316	290.097117	264.418342
349.88348	289.576765	259.515235
350.519607	290.947215	263.627298
351.515764	292.975628	264.483869
351.589444	292.890826	263.664902
351.42756	289.868371	263.629772
365.357505	278.947019	71.59648
353.585885	292.664297	262.874854
359.441357	288.339144	243.109866
373.174243	273.452955	19.052252
374.878365	267.909127	17.225064
361.508253	291.843421	260.540305
360.496962	287.645163	268.656655
368.219936	290.705695	221.861936
376.869015	286.283612	170.084881
378.929044	286.151221	169.226216
369.328598	288.995915	258.20918
380.385139	279.879554	81.324908
378.568472	292.7854	262.618124
388.2922	278.408747	66.347798
380.496734	291.549706	261.828037
394.309622	276.886929	68.272891
395.431032	276.164619	70.995741
395.916596	277.552811	67.38879
396.854226	276.855359	76.450671
395.847568	274.405562	66.463659
397.746449	267.462937	22.517238
397.702521	271.507644	52.910105
396.582577	290.255208	251.443939
400.338226	284.758228	249.816367
406.694214	273.840991	52.41509
405.880627	285.305136	249.970058
408.826599	283.872133	248.343805
411.244988	284.24055	244.159405
410.340815	285.327281	244.145053
412.165799	284.154199	244.182128
425.447514	269.991905	78.887834
424.481799	271.042715	37.817474
425.232036	266.977642	37.87535
427.317632	279.447186	226.314613
426.740922	282.554083	261.572913
448.226445	283.021531	221.300326
447.436932	280.122	224.983713
452.679818	279.55984	226.968695
449.362797	280.970953	252.131642
464.464716	278.724944	151.132002
450.648558	282.598986	249.69467
452.305645	284.69107	251.451652
472.487585	275.773841	191.453681
468.487696	272.447368	212.425716
473.328899	274.316843	96.053715
471.190554	276.279632	212.380845
479.604446	280.051384	157.93607
470.98768	276.504543	227.334302
472.550873	279.249345	218.974471
481.157376	275.232301	103.711322
481.548922	269.361921	107.514747
479.793107	273.233294	217.995381
484.983229	271.953154	104.81562
491.064609	275.295302	151.549365
489.02187	274.086359	111.193855
489.128018	274.493395	199.960565
496.867868	268.789406	116.792007
492.774687	270.890539	203.569976
496.784042	275.955223	118.423069
499.039953	271.681825	170.025612
500.021459	268.934475	122.994618
502.200984	271.272019	161.333625
503.022889	273.2055	160.430663
511.328034	275.021781	140.536716
507.289369	273.761172	197.35477
513.737008	272.323285	167.33273
511.980528	272.364101	194.554442
522.600608	272.190098	131.722201
518.425848	268.817983	191.769433
525.512063	273.765507	190.782968
529.383389	273.539817	161.623193
527.11852	274.718518	185.469801
535.36546	270.531663	208.841411
537.781933	271.48934	203.63283
566.574358	270.300737	197.32194
93.060239	286.452863	183.347619
93.814496	286.37772	150.5927
99.585162	290.29199	168.916994
111.702181	289.470676	207.341472
115.596459	284.660029	169.768485
117.908104	288.315484	166.518247
126.815211	288.133743	177.016544
132.188264	289.144849	199.429454
131.926563	287.218883	201.945518
133.957317	287.988056	194.512033
135.45818	287.218971	201.138219
141.965686	290.042694	193.626652
143.183602	285.160542	196.249152
153.886091	286.540028	108.091067
150.558965	290.19051	152.439637
151.164214	285.667694	157.600182
164.872693	282.056361	96.79849
156.610533	289.322863	192.722874
167.062717	290.455163	220.557433
181.066947	282.639389	87.891845
174.193658	288.55908	221.683361
175.126605	285.118363	154.809348
174.775074	286.442942	217.91279
178.464129	288.459828	214.883866
179.373293	292.861177	227.304068
180.839879	293.64866	217.446409
180.257786	287.491758	215.859381
181.927794	288.88504	231.385658
182.353865	286.68012	223.580404
212.526751	275.521772	41.866962
195.37396	291.240963	233.689284
214.964022	274.919787	38.065764
215.761135	272.991813	38.842539
216.690833	273.027538	39.691621
217.13829	269.085477	31.212297
198.407528	292.99407	252.356479
218.306022	273.150316	32.862425
218.325699	274.219092	33.646229
198.296237	291.359459	235.480032
198.665287	293.774296	245.871527
217.847355	273.853457	39.026401
218.783274	270.667969	37.462427
218.628747	271.929453	39.803475
218.768193	274.957984	40.710703
220.24588	270.90284	31.496386
200.274839	290.302634	205.668238
219.622489	272.943107	40.700666
219.622489	272.943107	40.700666
220.851076	272.605399	38.457214
220.779011	272.696727	39.229773
200.030913	290.153694	168.937441
221.100342	270.028406	33.086167
220.706316	269.572576	37.600533
222.201671	267.186054	25.701665
221.98173	273.437003	37.806441
222.356121	271.545601	29.438802
222.309736	271.703025	30.944194
222.189779	267.264829	26.450654
222.281655	271.782893	31.697562
222.154451	268.656732	30.181348
221.769205	274.774545	40.959553
222.75169	269.3693	37.020979
223.199082	271.890671	33.304322
222.83958	274.622729	40.264203
224.172499	269.541522	30.396422
223.82287	272.430746	38.726687
223.671189	275.80942	42.772852
223.973444	275.449503	39.615845
225.19058	271.701636	32.756813
225.106367	268.420626	29.763794
226.197809	270.347704	29.877985
225.804727	275.50514	41.379167
226.323423	274.677974	33.652034
226.116652	269.437198	30.61923
226.377213	274.525039	32.138574
227.403158	274.248802	29.991514
227.433564	274.031339	27.739594
227.177447	268.697361	24.048097
207.5535	292.426532	255.455746
228.301412	271.49101	22.618548
228.342288	272.989578	27.868666
228.295341	273.283055	30.855328
228.103608	272.682328	34.592486
229.320276	274.217438	30.97179
209.790928	294.421793	253.440978
230.315558	273.949685	28.851589
230.186955	272.043989	29.607673
230.09545	271.20546	31.089566
230.162632	270.322976	22.14944
231.007622	268.499708	24.582036
231.17265	271.702559	26.768991
231.94153	270.116177	31.33178
232.891668	268.699178	27.803503
233.023462	270.249456	23.319299
234.000205	271.842854	30.103579
234.146282	273.539817	27.126809
235.035202	272.498772	27.274424
235.095608	273.352933	25.770351
216.466861	294.365013	248.436897
221.573684	293.65975	252.648762
241.598516	271.929291	45.440019
242.752258	272.596675	52.142391
244.311533	271.887485	46.54576
222.659585	289.208232	265.250982
246.657627	272.242411	50.876046
246.461616	272.443366	52.525509
246.510062	275.646569	55.241408
246.269073	274.79522	56.0209
248.467194	271.056768	40.722387
247.814891	274.140685	51.070785
247.723323	270.95146	48.479583
247.667467	272.111188	50.145848
247.550032	271.143269	50.094272
247.15449	271.548996	53.379488
248.704435	272.935483	39.989796
249.715173	273.880511	40.085081
248.604257	269.852894	47.725374
250.019913	271.407122	44.731021
229.85507	288.42118	232.248032
250.830945	273.323662	35.010417
249.30956	272.249778	51.946248
250.928537	271.376554	44.81256
250.404805	272.02314	50.385377
252.232074	270.679939	38.840296
252.192499	270.760339	39.577422
251.702565	266.990576	41.017816
252.393279	266.305718	25.857943
251.902295	270.109791	42.565808
252.219154	274.190195	44.170447
252.678136	273.182938	34.460571
252.514763	268.461116	27.308684
253.267621	266.494032	28.154988
252.335949	270.442599	36.656624
253.215004	266.725047	30.326498
253.417904	268.497165	28.125077
253.242282	269.183507	34.592873
251.933272	272.281551	52.978866
253.480084	269.572301	28.835747
253.138744	270.648155	38.921154
253.197166	271.713448	39.660319
244.312502	278.674244	92.115058
254.345282	268.384591	27.468249
253.172648	266.880824	31.757569
254.031817	267.001623	33.261837
254.090643	268.076318	33.967361
253.579772	271.383063	45.816577
254.328647	269.835689	31.802314
254.3497	271.058459	33.935192
254.102901	271.684031	39.736677
253.273473	273.995595	51.484657
254.427473	270.757799	31.065696
254.00393	270.698809	39.734965
253.441375	268.173558	43.44459
255.292549	269.574291	29.716563
254.284988	268.685972	30.381281
254.572907	272.824865	31.741214
254.058503	269.38715	36.82225
255.431785	273.013472	33.976158
255.469125	272.865559	32.537206
254.619232	274.561875	48.32909
256.190672	270.917299	33.36759
256.242793	273.28702	36.936145
255.655603	268.58098	39.142985
256.426898	272.613882	30.442492
255.928027	270.395732	37.688888
256.111008	273.600608	39.873765
256.111008	273.600608	39.873765
255.986612	273.843744	42.131387
256.169066	269.690797	31.23255
235.443168	295.123029	244.473981
256.341452	272.983149	34.047977
255.911204	271.628316	39.880057
254.634574	272.227387	53.150713
236.081102	285.305432	165.974567
256.43978	272.541136	29.715391
256.03627	266.22554	26.900361
256.149193	269.767167	31.950908
255.986612	273.843744	42.131387
256.678464	268.300133	37.044892
257.118742	273.337909	37.731067
258.170459	271.549993	30.599907
256.479297	275.455827	55.842724
258.521185	268.156222	36.458478
259.062237	270.215926	27.750973
259.884826	271.872744	34.319523
259.48868	273.93321	43.885159
259.402188	266.961705	35.094541
254.204226	277.863687	75.61988
238.193546	292.16346	269.98102
246.326699	287.346134	239.162437
245.777744	293.806266	264.246375
245.06114	294.946606	272.873901
244.727992	290.073163	272.291979
268.647001	266.169455	31.126376
248.068123	287.257965	239.171929
248.115251	287.192111	238.295895
247.354894	295.775745	267.530204
247.19602	295.811537	269.263625
246.87253	293.900459	271.109644
246.708314	291.95634	271.223291
248.917547	294.76147	268.384409
272.347724	272.0864	39.066326
250.009713	294.659948	265.76326
250.015357	295.654822	266.572638
272.769224	272.320104	32.465663
250.105086	293.817651	273.573786
274.282122	265.366414	24.999007
250.706231	292.678935	265.84763
274.128968	268.483082	34.75482
273.595678	267.097651	39.898754
273.948474	272.431431	42.021672
274.537582	272.452551	33.908845
272.605806	268.454386	49.685646
274.584456	269.60673	26.473016
252.723859	292.470358	262.364517
274.744941	265.414581	34.794844
275.756582	266.410176	34.766932
275.471237	266.962496	39.159512
254.59266	289.529223	247.84304
253.707628	290.298845	259.024046
253.211112	291.584627	265.83965
276.198235	266.263386	24.118633
275.614994	270.288977	41.315264
253.113632	288.590625	264.28824
276.331207	272.506674	34.603854
277.021288	270.547527	35.384656
276.607609	272.490404	42.74543
254.444229	292.380273	262.338989
277.619719	266.280113	33.989066
278.40974	271.418926	24.666609
277.192884	271.772213	45.023933
277.074942	274.212266	48.033504
254.299191	292.452529	264.053283
278.246887	272.222802	32.326646
277.329444	273.892069	45.729481
259.498013	289.319973	171.313459
277.894506	270.620296	36.094758
278.001524	272.83024	37.495088
253.637638	291.687049	270.981677
276.720888	270.073965	47.354129
255.584322	291.537885	268.367626
279.070957	271.188745	32.328534
279.102006	272.377816	33.773748
278.311495	273.778233	44.949174
257.35721	292.404389	248.604065
262.018473	281.48375	168.872987
256.461201	293.491669	269.964746
278.966208	274.084213	47.225957
255.942771	289.651984	272.754397
257.659214	290.268758	263.275998
279.146046	271.497086	50.386961
280.253275	271.252735	48.814711
280.15122	271.367283	49.59047
280.478295	274.39715	49.504579
257.082322	288.515939	268.50673
259.337987	293.242024	266.522475
259.260869	292.266465	266.574047
259.044397	291.352487	268.331531
260.125439	292.215496	266.573532
283.254156	273.128291	40.257941
259.560248	290.432558	271.795871
282.628486	271.560128	51.083251
284.417778	272.652551	36.463057
283.638309	271.427084	50.271357
260.618147	288.28337	267.633942
260.89944	289.15362	265.034005
262.071035	288.191124	250.618472
260.294158	290.429838	273.502317
260.30083	291.427233	274.311229
260.914212	291.186028	266.626914
261.46527	295.284143	274.120413
261.439437	291.288023	270.883277
284.618399	274.693291	51.710563
284.138151	274.051037	54.133626
284.409859	272.666113	51.782112
269.600308	288.157835	165.417527
268.172241	282.696785	178.569964
263.506584	290.001999	265.850649
262.21965	288.240989	269.334998
263.311019	291.124897	269.187149
263.324957	293.139601	270.790157
263.190994	293.193256	272.496355
285.158186	273.911615	53.303074
285.038408	271.499163	57.387706
287.035278	274.898376	53.191679
266.868358	291.921369	237.834415
263.783871	291.237286	274.301511
287.085138	272.62173	51.675691
264.381417	290.962462	266.656191
268.050813	290.696646	218.291239
264.260788	293.057082	269.94633
286.38222	269.933803	54.164757
286.426855	273.248702	55.679721
263.95912	288.130079	269.344155
265.12287	291.992118	269.155812
264.945066	295.094618	274.12969
289.092261	269.172622	23.840493
286.903723	275.022956	53.994147
286.768227	275.149756	54.799371
288.410481	274.408071	49.96212
268.041006	292.344035	245.536172
289.686255	274.855815	53.063199
268.0053	292.678925	266.62717
291.686093	268.008384	22.75969
267.452581	288.912154	270.184048
267.531227	290.907962	270.934769
290.432726	274.964149	53.824475
292.651358	269.273289	25.020465
267.582683	288.83739	268.499883
268.085152	294.676601	267.377572
274.376962	285.170326	175.163103
292.654089	269.19131	24.216928
282.574252	280.620475	92.630613
270.010433	287.392435	249.245748
269.351958	293.311989	261.576076
292.805695	271.426707	25.699307
292.571546	267.910562	21.826128
290.432726	274.964149	53.824475
270.295955	290.318259	248.275613
293.617496	270.294302	24.845667
293.608235	270.459462	26.440266
276.920707	286.728237	169.059781
292.838212	266.332425	36.016711
290.145291	269.323528	57.264785
294.139158	266.378311	27.331338
285.447907	274.895938	90.067567
285.347136	280.451951	92.679673
296.329497	271.452236	26.005321
271.180377	294.653953	272.532724
278.492346	284.631196	171.740713
292.933636	272.467114	57.869783
296.07087	268.50585	27.780734
292.738857	270.412401	57.943709
293.806637	272.444451	57.826595
296.976037	268.152672	24.4628
297.11327	270.567033	27.53079
294.767557	273.448984	57.738893
296.168681	271.476402	58.565855
276.723731	291.295264	256.11219
278.42988	284.969768	242.164736
293.334071	279.773436	83.777461
297.26167	276.376681	63.420032
299.232098	275.397736	57.379694
292.807166	274.389214	90.201344
302.092716	266.747043	21.251659
280.020585	290.109031	258.00444
279.821461	287.131045	258.132808
279.821461	287.131045	258.132808
280.764021	289.102101	258.921437
280.630749	290.294699	261.353984
281.511976	287.032048	259.052312
282.458879	286.873923	258.274383
305.512385	272.330765	42.865962
283.595393	291.824084	258.943248
284.475271	290.675456	258.210364
303.703258	275.394731	64.897542
294.555057	281.332115	173.006674
288.088354	285.961652	254.436141
297.013141	279.238093	176.610484
311.162172	271.96462	48.862615
311.342989	272.901321	47.936772
311.396225	271.747454	47.15287
311.629789	273.73222	46.156678
313.554385	273.374312	43.412425
304.798143	285.496799	167.14308
302.149243	291.033444	260.732494
307.454586	290.572244	261.790263
325.938755	284.328371	268.024537
329.031897	284.763152	264.854046
347.438628	273.858101	61.639801
347.401179	272.673362	60.798336
348.932287	268.987559	58.348539
339.024309	287.553225	260.977381
339.790818	282.368905	260.122662
358.047128	267.278994	19.45336
343.073533	283.789307	256.919139
359.17793	263.701788	15.70356
347.390767	277.130906	227.6263
346.954999	281.908269	239.534552
348.826041	279.261442	231.939019
360.907868	265.144545	22.344079
345.971912	280.339063	265.041962
361.110978	272.875654	78.395807
360.849149	270.421951	44.505398
360.8145	270.520013	45.356118
358.308643	279.323117	176.926325
361.41036	268.844545	49.859763
365.608195	259.634421	9.439837
364.197837	261.597697	21.191461
349.654251	283.440041	258.645478
359.361982	279.236179	176.027417
363.04738	263.771146	44.378148
351.131363	280.623314	261.885116
352.037739	285.936383	265.221772
356.725332	279.638779	231.273555
357.465102	279.670473	232.995683
359.131443	279.308471	227.905303
370.963688	263.795794	14.261374
372.085829	262.510113	11.820373
369.719427	271.099424	78.239691
356.731419	279.344427	263.575185
372.570365	262.632459	14.407829
359.623466	285.564602	257.181137
374.06452	261.529809	15.399783
374.181421	261.470775	14.544577
376.088697	263.727908	19.424874
376.8133	261.579708	19.666021
374.18251	281.540166	178.1999
377.110003	260.364128	17.239343
376.800175	272.916057	80.684257
377.453288	267.337659	79.091897
376.963865	278.368178	180.116624
367.42767	278.564038	254.009314
368.991522	283.012225	258.978679
370.397014	282.722715	246.663796
380.619491	280.062828	172.903449
369.906262	284.043943	259.825461
369.69853	283.209256	261.448456
379.834019	278.377374	199.296539
371.824663	281.790043	259.031792
382.919883	273.983112	180.332379
377.545408	281.376835	259.166903
377.666249	277.05473	256.676998
379.460463	279.125825	258.377073
380.635854	283.017899	257.615176
380.374236	278.045401	258.391387
384.309514	279.713938	257.687885
384.45648	282.552173	265.957597
385.218366	278.635746	257.704143
386.093854	278.839766	250.295143
385.218366	278.635746	257.704143
385.56716	277.081464	262.632604
386.886734	277.67371	259.389357
385.949003	278.619316	268.425647
397.177511	265.543839	61.896302
391.053037	275.946641	255.366442
389.833581	280.30521	267.770786
390.846922	280.159216	266.9793
402.759496	268.774792	74.584935
401.964643	263.945374	50.984792
397.193326	278.114031	251.378717
403.843633	267.089037	53.453228
399.999917	274.781885	250.593535
399.57248	278.144638	263.123193
408.249292	261.89308	27.467433
399.459836	277.222851	263.943005
407.534054	267.039923	54.944978
401.109406	276.251406	265.663325
401.193667	276.166609	264.830491
403.954097	281.446915	249.886967
402.312762	276.935242	263.208983
403.560192	277.712848	252.373708
402.312762	276.935242	263.208983
403.289818	279.012451	254.892013
412.005647	272.802175	212.282626
412.005647	272.802175	212.282626
404.530471	277.437083	259.943371
405.840126	277.984701	256.63592
408.012147	277.738932	246.586907
405.517542	276.261816	259.12651
408.03081	278.745086	246.592939
407.293221	277.220603	260.03258
407.754068	276.729135	255.842153
407.947628	276.528863	254.164362
409.293991	275.866631	258.403727
409.713496	277.480789	255.065196
409.459254	274.658184	256.715789
410.194136	274.77957	258.422086
410.287082	274.679889	257.582586
410.634724	277.401204	255.091594
410.874211	274.071287	252.540874
411.303695	274.499238	256.770066
411.695333	274.091009	253.406691
420.351687	267.749096	75.41786
413.342593	274.128914	255.141128
421.365036	264.744201	76.332129
422.250816	263.914114	36.443205
415.842203	275.352034	250.149501
422.242553	264.984154	37.213064
415.735195	275.455084	250.99454
421.64488	275.024709	226.257796
425.138435	260.680616	34.876304
430.694171	277.036287	210.467074
457.649057	267.22886	198.667648
463.331115	269.070159	98.927234
463.535872	266.103102	100.939247
469.884162	272.628256	147.088041
465.992561	266.614066	96.198401
472.332172	268.807779	219.922786
480.180111	267.93719	100.175948
481.354659	267.086647	103.909482
477.509644	271.404719	220.817874
487.994234	265.694523	156.998462
487.665925	269.963829	162.928962
479.032827	268.27574	227.110685
485.150166	267.47762	222.303069
494.722579	264.983809	162.335861
495.498027	267.42412	109.704784
499.624308	264.449761	165.880233
500.328553	262.157587	111.674974
503.038214	263.780717	124.816892
505.084042	265.938557	130.059351
509.040777	263.375636	150.99611
508.936424	268.148351	140.532863
509.042173	262.88964	135.296226
508.131095	266.656494	164.899394
510.009122	264.037682	140.52302
510.394842	267.453112	126.581346
514.531946	263.892756	144.820239
515.274333	267.521247	133.528033
515.587247	264.711833	210.835178
521.04256	265.529834	191.708083
521.245689	266.537883	202.044993
525.602151	263.178646	201.992822
529.339527	260.954899	200.236023
542.373413	265.335861	151.911863
538.51903	267.329153	211.476012
554.645851	264.02461	175.638524
558.953573	263.995527	184.630978
571.029674	267.506456	144.234062
87.720903	281.599133	164.26801
87.932986	279.495619	160.549641
109.447239	283.168727	177.352455
130.956681	282.888456	191.281544
138.735308	282.81843	187.188617
149.037862	282.462296	203.204158
149.858952	282.312436	197.214672
150.635802	275.704806	156.883798
155.691114	285.363172	234.237805
155.645424	278.47686	199.127885
163.128726	279.231916	160.045746
168.709071	279.075155	173.969457
170.509097	280.284614	158.282343
171.397518	284.860965	167.216548
176.634025	279.783667	151.64162
176.610494	280.622866	161.539325
182.000834	278.730494	236.619852
182.492485	282.342382	212.337134
184.803899	285.561383	217.764944
188.373173	284.504921	214.916076
188.247545	282.500336	215.93056
200.132103	271.308202	94.15212
190.988708	279.536618	150.163165
212.225922	265.187793	37.676751
191.852882	280.442352	214.106328
213.674834	262.30141	30.943851
195.32689	281.343921	243.43934
216.725116	264.311462	32.683351
215.342599	262.731688	43.189367
217.565006	268.853494	38.094248
217.275436	262.747697	36.476677
216.199972	263.873927	44.819357
197.915164	287.612686	245.092082
219.5223	262.26634	33.668495
219.748912	266.310487	34.446205
220.542097	264.374225	35.254587
200.278313	284.10345	230.695554
221.871921	264.779643	30.914652
222.056592	265.35696	27.208186
222.406656	261.121514	33.937201
222.781221	267.135484	34.733829
223.860842	265.750586	31.86349
225.021694	267.511258	30.502846
224.521955	261.828235	32.683714
224.89509	267.841806	33.46142
224.834181	265.698547	31.970556
225.096277	267.192045	27.544371
204.731376	284.156477	253.100195
226.033047	267.299305	29.141517
226.075373	267.063203	26.924509
225.887072	265.398047	29.879845
225.971068	266.308127	29.143738
227.069899	266.551604	22.570272
227.011809	265.630338	23.337355
228.476846	261.364662	30.958251
233.672974	265.439529	25.767816
233.120428	265.532539	52.170996
216.565195	287.141109	244.919135
239.678872	265.464905	47.343572
239.811572	260.981645	42.588417
239.741991	262.151432	44.125051
238.572041	263.268395	52.742593
240.344375	262.486516	38.9692
241.217456	265.826296	42.876619
240.083819	264.84702	50.569718
221.659063	277.714586	167.177997
243.154352	262.258236	38.578553
222.52834	284.297297	246.476187
242.279081	267.665288	50.986593
243.235563	261.078495	45.285418
242.746541	269.122553	55.28575
243.806721	264.803821	43.926842
223.519559	282.924292	240.912497
244.418631	261.822115	43.922112
223.981285	281.277089	246.469493
244.766927	263.597948	42.49149
246.377847	264.662231	35.361938
245.709521	264.626171	43.378624
245.608486	263.646354	43.34533
244.834812	267.748018	52.932262
246.077652	261.926043	45.643619
246.60722	266.81651	45.847557
246.554179	267.97853	47.454468
226.363873	283.926892	240.74576
226.394076	283.864668	239.826574
244.816886	262.080585	54.27181
247.897953	262.852771	37.679634
227.846676	280.449133	165.318663
247.431773	261.32185	41.258532
246.438866	266.809978	53.882335
247.04818	265.112859	48.197564
227.12677	284.173705	244.372766
248.66289	261.909684	38.476123
248.570969	264.324513	42.173556
248.50606	264.414695	42.92101
248.749323	267.445789	43.762995
248.496595	262.175876	40.648303
248.714518	260.657644	36.325457
248.886817	266.114686	40.734017
248.541362	265.486681	43.704113
248.610409	261.99774	39.195658
249.793455	266.077269	40.825995
250.93497	265.615466	37.279211
250.441909	264.159128	41.614036
250.83356	263.466079	35.838134
249.83485	263.828592	46.873366
250.884048	264.541687	36.55681
250.659501	262.64473	37.247383
251.854291	261.930648	31.679465
251.114778	263.319047	43.163354
251.864136	259.355297	26.623591
251.738303	263.426771	35.925879
250.941269	262.426937	43.882739
251.293397	266.453277	44.759327
250.65245	263.892162	47.734095
251.562676	262.605362	37.335326
250.507818	266.255825	50.981251
251.793681	262.096319	33.093514
251.378774	259.450692	35.877846
251.991307	264.007919	32.393948
251.623987	260.101745	33.076765
252.323514	261.661793	38.119001
252.869449	264.05001	33.185917
251.741519	268.078337	50.352647
253.973867	265.925095	32.555379
253.269117	262.704313	38.933076
253.917352	266.085975	33.975682
253.853273	266.24886	35.395992
232.660425	283.84264	240.469563
252.105982	266.412638	52.743964
253.816544	261.359557	27.52232
254.932097	265.728392	31.205754
255.451893	265.436919	37.684496
254.389303	265.836346	48.901274
253.874883	264.182207	51.186351
255.411773	266.686896	39.860038
248.588001	267.153348	83.0408
236.015379	281.80839	211.444255
237.010472	282.807341	211.411304
237.150508	283.663598	239.424368
237.611131	281.969817	243.969396
237.130838	288.992585	259.75477
238.157299	285.786527	241.118025
241.033746	281.996135	245.657475
265.800857	258.756496	36.132526
267.063566	259.195923	31.844674
267.398887	259.536642	25.871535
267.850139	260.620928	35.487683
249.483699	279.049216	211.083587
247.017343	284.800587	261.213456
247.309117	286.01894	268.933799
270.042504	263.41986	34.082337
270.694315	260.258946	33.360436
270.636894	259.15404	32.6245
270.710677	266.246057	40.616452
266.519086	264.73776	69.133889
271.003335	260.756697	28.929035
271.6575	261.335006	34.096819
271.026058	260.056238	39.899606
271.291063	263.192382	40.639937
272.987308	261.469301	26.618567
272.365856	264.082742	39.917622
273.251964	264.530328	26.60047
272.107669	259.737225	37.72927
273.002862	262.737157	28.909354
273.948489	263.898561	30.390895
273.573784	262.297358	34.093984
273.659136	259.564903	28.135272
273.081266	264.355745	42.134532
269.28046	265.7296	69.155732
273.75262	263.138112	32.622259
274.172824	259.214024	34.086082
273.616753	262.510667	43.632985
274.482712	262.271436	34.086427
274.542162	263.379722	34.813663
274.337721	266.161548	40.646808
273.407929	263.951155	46.64004
272.986205	267.354418	61.648847
275.595918	264.284559	34.059915
274.96187	264.210616	41.402682
275.840414	259.434969	36.26925
275.267081	262.675101	45.144264
255.056894	285.560425	248.900454
276.791339	266.504351	43.611614
277.062036	261.265579	34.782471
277.131697	263.584734	36.974197
276.026007	263.997579	47.416213
258.303199	279.190267	178.439431
258.881164	275.013366	180.308556
276.188187	267.265815	48.928987
256.105276	279.671155	251.785468
279.063559	265.770774	38.38028
278.27925	258.618012	38.440131
256.216143	288.562606	268.518136
277.228278	264.391598	56.784025
279.351206	265.393729	50.468552
279.120805	264.494982	51.254302
274.682608	269.675637	74.277282
261.392069	281.522163	213.218075
257.048034	285.719427	277.233982
258.732152	286.425662	267.745767
265.353852	277.186501	172.508359
281.227144	262.958875	48.147299
281.703168	267.043403	48.090309
282.128831	262.935917	48.131012
280.948695	264.166846	55.965181
281.460697	262.504874	52.021022
266.588822	279.112994	170.734991
261.553556	288.193504	266.786919
283.36156	266.929645	54.307516
283.534373	260.750023	54.361528
284.515572	265.508904	51.930519
269.124866	281.498559	177.742251
288.669149	263.838526	22.404757
269.700997	277.317843	179.594101
285.909626	266.992802	55.03761
266.113156	285.992146	252.55145
286.000808	265.448415	58.280578
289.787888	256.455855	21.517639
288.619791	263.457547	52.61703
290.799876	260.468236	30.192499
292.138115	264.510012	29.201693
291.80129	261.48402	30.076831
288.699059	264.200825	57.414644
292.19873	264.171004	26.044692
291.717467	260.358859	29.320682
292.225297	263.84072	22.814679
287.480657	266.054689	68.257537
290.235285	262.074584	57.396732
290.920802	268.270718	57.258978
273.692997	284.167626	222.277655
270.58118	279.920205	257.225253
272.826392	283.690499	244.455553
290.562954	261.410165	59.853846
272.42417	279.820656	246.290243
291.858821	262.145804	58.158032
292.31659	266.287863	58.065662
295.526675	262.094883	26.466293
292.656456	263.699318	54.843013
292.656456	263.699318	54.843013
279.143253	279.276501	171.804215
293.045926	266.393641	58.857923
280.045002	278.149297	171.8318
273.278483	281.746606	258.086962
292.823912	264.322697	58.908757
287.45619	269.84077	92.807674
297.805015	259.069807	27.807986
294.466632	263.222326	58.864018
275.368965	285.490474	257.164623
294.686232	264.915145	63.01627
296.110197	265.914102	56.246553
295.772079	262.799756	56.336871
294.965847	261.242319	59.711513
276.31398	285.335582	256.376778
296.836774	266.014001	57.028951
282.200276	275.235655	178.989259
277.191371	285.251799	256.421657
298.942042	267.488113	60.227514
281.346326	278.369986	224.615277
278.489043	281.321833	259.154939
281.572889	282.475454	224.491673
280.260169	280.079256	258.443859
281.856059	285.590834	254.128959
281.952205	281.052191	260.14531
304.409625	259.687903	42.765056
301.703471	269.07594	64.351128
308.753724	261.751932	42.997175
289.599502	283.941623	256.24569
293.851211	276.446615	244.869612
293.352465	283.336944	253.941217
316.126465	260.698665	53.324176
296.588236	281.216349	256.617814
305.164675	277.288327	169.763505
295.929013	276.710635	261.587856
297.409394	281.20564	257.476124
305.820183	272.103058	170.691715
302.791832	279.578105	256.859465
302.721249	279.659723	257.681135
302.333034	279.064563	261.770074
302.418986	277.909576	260.142782
341.446632	262.306408	21.884629
329.506744	277.839337	266.361461
333.595447	280.270947	264.056658
346.956371	275.668704	170.569377
337.316763	280.034139	264.913199
352.758108	260.62137	54.612646
350.696195	272.76236	183.249651
358.58331	258.158934	12.031337
360.233689	260.218779	12.716609
352.498917	270.61918	184.201579
360.154299	258.605131	19.706195
360.970201	258.54678	19.741962
345.719647	278.529312	256.892408
360.500053	258.898239	23.891388
358.706724	264.818353	57.992277
360.48919	256.720187	23.292446
362.648356	259.005491	12.916309
362.439442	256.97284	13.992077
361.440556	255.469469	21.780914
361.699045	253.652532	26.17243
364.048635	260.615761	22.141943
348.978885	275.735805	261.755382
364.662726	256.352151	22.630049
366.170336	256.505415	10.652564
352.784039	274.518279	252.863376
368.838943	255.182967	9.06922
371.051694	253.411587	17.10261
372.158922	259.261295	10.427914
371.885141	256.191086	11.622029
371.590068	257.410561	14.105987
370.87146	256.726863	19.325165
357.643763	272.030862	252.099618
369.918215	259.392507	71.599287
358.940363	271.497172	257.793684
362.96546	271.814029	226.353335
374.483511	252.794473	10.207243
375.061768	254.990092	12.622077
374.60718	253.076051	15.423121
376.072486	255.920862	11.649088
361.797962	278.716155	261.227239
362.852861	272.210937	257.894464
375.106433	265.112565	70.334836
377.213838	254.992198	15.218744
367.709035	274.604498	228.140091
378.174159	254.882082	14.353173
365.688363	276.414632	251.505167
378.455845	255.439097	24.523938
380.899114	251.761411	18.062843
378.696789	270.133142	181.115424
382.627095	252.687073	17.932166
379.69782	270.207361	198.504241
371.519477	273.681397	258.932092
387.673798	261.96798	79.19199
376.482283	273.155981	257.422456
376.27965	277.421174	269.707436
378.440629	277.166696	258.333237
389.390731	268.583816	185.175611
379.854112	273.33097	261.589673
380.2519	277.121787	259.198357
389.669047	263.877533	72.885785
389.170076	261.499102	56.123354
381.376781	276.875082	257.587598
380.079289	275.037672	268.972614
392.144207	257.321802	73.009967
383.002612	277.011896	260.092453
382.933134	277.96285	269.949311
385.119105	272.464362	256.824421
385.148386	270.343606	255.981696
385.119105	272.464362	256.824421
385.352196	273.110727	263.392527
394.020734	256.475074	51.70165
387.611959	273.645828	260.191295
388.247584	276.141779	255.294273
394.42537	268.192225	212.129167
397.661168	256.843922	57.450278
390.695182	270.047253	256.953289
397.564106	258.586334	54.819323
391.912844	269.707398	254.512402
390.806027	276.026715	266.095243
390.638496	276.190316	267.74349
393.247257	273.422426	252.093654
400.102015	256.277169	53.784409
401.787225	254.976685	51.948912
403.10404	266.48839	207.005834
394.321554	271.79563	266.999724
394.350984	272.812109	267.015912
404.00731	258.877696	78.324837
394.410027	274.84236	267.046531
396.804617	275.218055	262.162387
396.48961	276.576516	265.489379
396.262331	271.587863	266.247151
407.432206	251.560764	24.273251
398.199015	274.505625	266.362752
405.21905	271.405667	217.464441
399.438503	273.08709	263.064341
400.159125	275.305621	265.615917
402.621551	267.474056	250.607967
401.225898	274.056349	263.974117
401.260636	271.940896	263.118197
402.15897	270.858233	263.139084
401.061187	271.097791	264.768247
402.01115	272.04703	264.816177
402.347763	274.824358	262.353056
402.046171	269.928383	263.958126
409.18421	257.919918	54.749923
403.465356	268.513503	251.471453
411.000849	257.746475	53.721665
405.46266	270.29666	250.694571
405.177701	273.513633	261.60275
406.142329	271.321749	260.776836
407.418703	270.044341	249.898872
406.232976	271.227264	259.94119
406.301929	274.265758	259.971985
407.155771	271.153927	259.970953
408.092053	268.133582	251.580757
407.29205	273.08466	259.154634
409.342846	273.93197	249.971287
408.350398	274.9339	258.365403
416.712106	267.297127	212.38587
409.83712	268.073683	252.464693
409.228996	272.835451	258.374111
409.180504	274.955755	259.232477
418.037861	264.103687	215.018504
413.03649	273.597724	250.061149
421.353571	267.853465	213.269593
420.899944	267.931009	261.22312
433.855527	265.865882	247.137927
454.632944	265.529932	199.711241
470.860419	264.223017	171.193971
466.998919	259.026065	223.314031
467.204752	261.077132	222.479379
467.986565	265.173565	223.520736
483.651055	261.289695	163.300086
480.934058	257.227215	94.002201
484.406513	259.86607	105.941943
481.157757	257.275371	219.54675
493.309899	255.919763	162.629711
496.858032	260.520086	155.444445
498.647987	260.268402	152.815484
499.465526	258.22957	157.248981
501.539594	257.059739	166.089244
504.013001	257.550541	123.099638
492.996042	257.832177	247.042048
496.08037	254.977235	230.243365
507.319516	254.977586	117.067885
503.608754	255.003846	204.81724
509.806088	260.337304	156.250128
506.072088	256.987311	200.25251
513.617553	254.224846	128.29572
516.673119	254.545743	141.261379
518.366305	260.522136	139.513918
516.730822	260.707086	180.546198
523.168223	257.503394	156.711829
529.753993	257.808395	129.691904
530.367471	252.017835	101.488348
526.13041	254.669977	203.916694
530.719453	258.804213	208.989174
551.527719	259.228176	142.481364
540.519722	259.805785	208.050258
566.750893	255.845805	180.398797
566.473833	253.78443	181.34972
567.02405	257.90648	179.452485
84.13879	274.269425	185.943604
107.99392	271.201519	192.365765
113.203068	270.754961	182.679208
113.692665	276.508827	180.074974
114.659122	271.117202	193.069502
120.950789	274.877524	188.772504
120.410243	273.182568	199.671776
131.051575	273.014286	168.109027
130.733208	274.19865	203.060849
131.869016	277.206216	203.011791
144.14106	264.07201	74.163635
146.654611	270.859936	113.308991
147.176436	270.531925	109.612232
145.73401	275.220677	151.80871
145.695518	272.918303	161.892563
147.690366	277.409047	203.403829
158.881661	267.871392	106.56147
152.036699	277.396312	199.139483
159.03246	267.778407	105.641862
158.476383	271.372225	111.051541
151.841016	271.724923	156.878233
154.673373	277.452751	199.164424
156.215772	271.812716	156.844901
156.359604	275.165719	161.836025
174.640599	269.246224	105.183218
165.927177	272.766631	203.888863
166.302458	273.979728	212.989553
184.468318	266.039239	96.807877
176.647021	278.213131	212.652308
179.730424	275.831452	198.44802
202.991456	257.010191	31.854697
203.872738	259.34665	34.959136
184.933375	274.44429	221.004879
185.432432	272.066131	173.456118
206.442299	257.613131	38.147236
207.876363	259.247411	35.905439
208.754246	258.206814	43.621707
211.076968	261.08132	36.067737
190.625855	276.427713	216.083514
210.453376	257.331099	45.232577
213.487987	260.405715	31.694306
213.084532	256.617517	33.194464
213.504986	261.49144	32.443053
214.25852	256.285047	31.035809
214.183683	259.739885	34.75184
212.997515	258.887418	43.014988
212.553456	258.221855	45.313072
214.395257	254.832617	27.317177
214.440972	260.447832	32.515983
215.7596	259.68298	26.626175
215.031518	256.614609	34.076059
215.263493	260.680171	34.824975
214.138772	261.906984	43.879964
216.513881	255.557285	26.002211
195.229132	274.293875	212.47535
217.435785	254.510683	26.107985
217.389928	260.38831	33.491903
217.001647	254.335792	32.755204
217.718643	259.671086	27.564752
218.41811	259.160645	32.097802
199.043377	276.500653	191.321888
201.481285	277.025475	231.675073
223.580327	259.459412	28.929124
202.1781	275.460795	243.062658
225.605484	260.268449	28.427182
226.631749	259.885374	25.621471
205.110864	279.026648	251.309223
208.161711	277.175342	232.340086
212.445901	274.698352	259.257989
234.205484	256.829277	45.569581
233.154567	255.602801	50.871432
234.580099	256.21106	48.688659
235.826527	259.31828	42.806985
234.478724	255.228927	48.640483
237.020479	260.055222	41.475097
236.180018	257.403149	51.322325
238.168283	259.723648	39.397151
217.141578	277.093573	246.014338
238.655875	255.827423	40.128045
238.985031	255.356542	36.56774
239.988757	256.297348	36.69899
238.633018	257.857044	48.47307
239.535565	253.610081	38.757055
219.438377	281.023447	260.491949
239.875397	254.246499	43.923971
221.540295	273.523001	205.098255
239.956862	261.437325	54.471944
241.993977	256.018506	43.481347
243.278817	253.252779	21.166499
244.085823	258.7233	34.377623
243.297214	255.487884	39.95531
243.170009	256.761302	42.156856
242.189231	261.016863	52.259836
242.067012	261.124381	53.067257
243.042179	260.196286	46.001457
244.176421	256.046595	28.717334
244.085823	258.7233	34.377623
243.384994	259.80956	42.995832
243.514692	254.030206	36.391172
243.919765	251.873519	27.224724
243.304519	259.904916	43.740084
224.430168	276.063217	213.288431
244.29688	259.763657	43.102829
244.552048	258.311802	39.422853
244.116549	258.876117	43.80974
245.435921	252.573815	33.784717
244.771244	253.606288	41.542674
245.452828	260.515046	41.762561
243.474225	256.018517	52.171512
244.807972	255.777466	43.065984
244.724144	255.87525	43.801999
245.36101	255.019746	37.32337
245.55315	259.253841	39.551842
246.421449	254.69891	35.321178
226.029005	279.618893	237.188379
246.057157	260.848527	44.844978
247.745091	253.599108	26.935778
247.542736	257.724265	36.178904
247.202157	256.011481	38.252827
246.91715	255.30082	40.365866
226.445827	274.454427	236.368415
226.30944	278.311557	247.337431
247.619595	255.203802	31.941567
247.142257	256.104008	38.962957
227.32941	275.044683	199.346442
226.552232	279.122282	244.542182
247.479981	258.984214	38.320515
247.619595	255.203802	31.941567
247.04527	260.710346	44.193276
247.863773	254.433791	25.482587
247.866353	258.196688	31.984968
247.196697	252.569314	34.678446
247.294839	257.003008	38.276261
248.232691	258.041119	39.108745
246.0854	259.544064	50.241532
248.739641	258.237387	32.783621
248.703467	258.323492	33.485283
248.274555	254.515549	34.815852
248.90527	256.478196	26.339505
248.032835	253.794083	36.892551
249.560911	257.195514	32.862296
249.039197	257.006426	39.178989
249.510276	253.675856	28.563036
247.989417	257.182863	48.008765
249.847151	252.51999	35.651863
249.843361	255.970333	39.245777
250.386402	253.715472	29.365376
250.008346	259.13039	40.760213
250.034511	257.955154	39.294796
249.943149	259.22332	41.487801
229.227676	274.587933	251.862514
251.600445	253.8323	22.001705
251.614442	257.679321	29.510534
251.752724	257.181882	25.117029
251.404858	257.020019	32.334469
251.108072	256.463376	35.82563
251.288664	258.455411	35.861849
251.241872	258.54421	36.56587
252.161088	253.70996	30.240509
231.882077	275.62378	209.994528
251.371555	259.622638	45.370893
231.294286	279.88258	241.554715
231.65562	269.985405	172.420344
231.551749	277.329553	248.005529
252.358171	253.110263	25.130553
252.763004	255.470007	36.673994
230.649242	276.187131	246.256945
232.859085	276.742963	211.622936
252.90582	256.376809	35.99171
251.884112	253.339005	43.025165
231.444948	275.161984	246.250017
234.646103	270.862185	172.376209
254.580716	257.657132	38.997472
233.088426	274.19319	247.118649
234.41175	277.694238	226.228292
254.112814	258.324066	44.089031
234.633498	270.914611	173.243229
234.137317	273.950127	244.355976
234.380658	273.64775	253.427493
235.547987	274.433121	250.632202
257.552423	259.479539	46.659518
236.74808	276.287382	248.710818
239.905255	280.090694	246.658945
239.254236	275.275331	249.551733
240.840854	279.98564	245.741446
241.363516	274.748433	244.136235
244.35442	279.841917	245.675474
244.410374	279.765986	244.790078
243.997005	278.057435	248.418599
245.385308	276.191304	251.127228
267.54656	256.389012	34.005097
267.297213	253.25576	33.23167
267.679471	254.073657	39.753471
267.651584	255.286015	41.225748
266.986925	252.61364	36.098693
268.397687	256.445356	34.748066
268.245577	254.324362	33.994429
247.411291	276.882967	248.415881
248.908288	270.747763	211.424415
263.604451	261.253121	72.485638
269.04218	253.271716	33.994629
247.411291	276.882967	248.415881
268.656454	256.264408	41.272844
248.200522	275.828495	248.452462
269.492788	257.243906	33.3269
268.887718	255.953563	46.477719
248.262468	275.749165	247.573565
248.457463	278.848802	248.324583
269.969533	257.96095	39.136867
269.735768	258.284322	48.813681
269.906755	258.058984	39.863958
249.075304	275.780395	248.449381
249.15948	276.788545	248.407527
271.679994	256.231697	25.044892
272.287332	256.966646	31.874498
250.948973	275.518082	246.701952
250.96861	276.607864	247.534657
271.677693	253.39297	43.542341
266.65738	258.958085	77.675365
271.659417	255.749934	45.809928
273.698843	257.643564	37.72987
252.942508	275.081821	243.235048
269.570504	261.741669	69.969448
255.796757	270.867993	178.64023
253.471923	277.687533	250.119914
257.005704	275.089832	179.399111
275.368844	258.998321	40.673196
257.557052	267.495796	177.906604
274.770068	256.192788	49.678869
257.850719	274.026983	180.317705
276.468057	256.246545	35.511532
259.115009	274.692422	175.967669
260.458106	269.590043	180.510291
256.998938	275.193001	247.652869
257.400998	275.686207	253.701858
274.924286	260.852602	65.77952
257.612377	276.538467	251.938823
256.43402	274.425913	264.087345
257.805877	275.21129	248.53337
257.469204	275.610021	252.84101
257.400998	275.686207	253.701858
278.634735	260.409975	51.268623
279.706136	256.206364	57.57587
280.104869	254.656139	54.387087
277.422066	259.420588	70.021128
264.261338	271.900981	200.295585
281.724262	256.191929	51.252603
281.746202	259.649094	53.598032
280.997726	254.624237	54.387643
282.303834	257.894467	48.922731
277.867845	258.645166	71.732614
262.435959	278.723136	258.773555
281.889578	255.752052	55.179479
283.407196	257.407358	52.797754
283.152932	255.34339	52.802739
287.883075	255.632614	23.348593
284.937232	255.28033	52.779757
287.910926	255.470195	21.703188
285.021784	252.848538	50.433766
284.183138	253.713368	55.960864
285.542485	256.983884	50.4142
284.436835	253.459208	54.367461
284.942932	258.758815	55.142849
286.089585	259.634583	54.320139
266.134446	278.231545	256.314651
285.582804	255.497705	54.349218
284.372995	260.099918	63.284034
286.850529	259.732987	55.098468
286.850529	259.732987	55.098468
286.337955	253.267174	53.549876
287.234213	255.559399	55.115097
268.509094	277.370474	248.76439
288.633413	258.511083	54.26334
268.760439	279.077403	257.201542
288.373666	255.275667	53.497718
290.132588	259.870279	56.615381
289.883923	257.794329	56.643619
270.788212	279.429698	264.809748
274.132512	271.473116	219.353708
271.131178	275.914471	258.240577
270.090886	274.728981	269.9722
294.173475	252.28552	32.231212
272.150146	275.683931	256.596546
294.710925	256.365518	31.375375
291.761268	259.937413	57.374401
295.307256	254.343185	32.104846
273.040463	274.520961	255.820763
272.501248	274.031523	261.694361
296.154141	256.961838	36.649768
273.736493	272.507371	256.739797
292.973694	259.228304	59.811732
293.754282	256.974442	58.988459
295.016057	258.894004	58.089156
294.849268	260.200385	59.733531
296.780098	257.652104	57.208841
296.075114	258.308189	61.398347
276.47339	274.066355	267.598686
295.720218	255.169145	61.457452
292.85421	263.517658	80.513854
298.384418	257.708748	57.964609
297.882425	254.697568	58.876039
297.211748	254.173748	62.277603
297.918657	260.057045	66.449338
300.642795	260.977639	66.357924
305.915522	259.948705	76.102579
298.050499	269.466427	170.527763
311.500629	252.096828	51.473062
314.421143	258.546991	52.685536
296.06249	276.55343	259.955896
315.961822	267.431147	172.684487
323.625384	269.005901	172.662755
334.349474	269.198443	229.02197
339.274868	266.639751	227.452828
342.967441	269.121023	222.409018
345.256205	269.126087	226.756414
359.104986	252.194809	51.97581
365.255157	248.013557	8.843813
363.34809	255.010511	51.866606
366.097605	251.587635	16.35589
371.066229	251.26482	16.454581
366.651344	261.934555	211.780139
376.506812	250.012821	19.148455
378.225729	250.620449	13.022219
377.797074	246.574493	15.142032
366.633004	264.640818	256.179578
380.089173	249.689062	17.415812
368.226145	269.194781	252.285068
380.235973	244.353714	15.295859
380.08051	256.279465	71.489066
375.33504	265.009282	256.432034
386.801709	266.660025	180.521781
376.612265	268.826769	254.921071
375.616292	268.78005	263.806063
389.844402	266.506947	180.643653
388.299161	252.547833	58.163348
380.149943	265.682879	256.584083
391.797227	260.281068	179.849873
382.145327	265.458803	255.824855
382.218935	269.409142	264.851588
384.10541	264.217385	255.045342
384.044346	265.325414	255.876844
383.012465	267.38824	265.648713
384.232424	268.287228	255.112502
386.031172	265.103334	255.114569
385.906593	264.174584	255.911305
386.912781	266.146159	255.97249
387.888841	263.953159	255.149445
388.7149	265.896499	265.01935
390.710837	263.757485	255.228059
400.646844	260.541493	208.78665
400.828194	251.923966	51.229394
403.874442	249.663175	23.840299
403.874442	249.663175	23.840299
394.762927	265.089497	261.130758
402.621551	267.474056	250.607967
410.325482	262.860306	204.518048
408.854965	248.633466	52.215721
408.776885	247.469057	50.563307
404.370994	265.966892	267.34205
412.403069	246.229382	49.465975
415.870815	249.041105	71.112592
417.830414	249.031882	71.981577
417.225703	257.026403	213.303968
418.256712	245.360719	29.670359
419.350727	257.852892	212.446132
425.014308	258.270777	217.611595
425.014308	258.270777	217.611595
425.292765	260.52239	254.484836
434.422669	262.462785	209.818385
434.276979	257.355966	209.822182
429.77964	258.301977	248.613105
440.914205	248.15933	72.605807
444.76031	258.14151	209.733789
444.700486	256.091513	209.71684
450.440742	248.268772	91.57754
450.441232	253.492602	91.28978
457.718801	246.591325	75.024134
466.254023	246.912668	97.049733
463.396068	257.674227	209.575705
475.962316	255.79263	218.667878
486.46279	252.666929	163.651962
485.82902	245.831768	96.231718
495.508609	250.279361	151.184462
497.835298	252.256967	112.566739
499.927399	250.02505	167.188862
498.480459	249.904312	92.201169
506.824285	248.369689	205.677968
510.095773	247.030366	206.434771
510.259188	248.090798	205.510958
512.167975	250.21029	199.260965
525.088851	248.027257	171.648841
524.679606	249.710298	191.001393
536.217706	252.62456	184.216689
536.637991	249.239882	209.323377
542.11751	251.659981	175.744347
539.339787	249.324071	196.71331
557.447228	249.539306	191.224117
79.455001	269.297167	179.956744
93.579175	266.603499	190.852036
110.349041	264.897852	182.642523
110.331054	268.208501	192.31108
117.775177	261.97272	122.779615
119.246586	267.209059	198.085236
134.024515	269.000871	166.593856
133.712065	266.126511	197.422652
139.153498	264.032372	126.945231
140.492813	261.070453	127.919336
144.153348	260.480683	121.755238
145.69726	259.578735	111.81663
142.79488	266.153483	151.712589
143.766374	268.372633	154.303108
146.510057	264.791905	160.188104
147.953344	262.946267	162.689493
150.958842	265.760354	224.263432
151.362724	269.845767	228.009711
151.015764	266.822389	228.077636
153.228186	264.091992	163.522386
161.518932	261.957196	109.610776
154.635843	269.281503	165.188762
154.419118	264.456746	201.419624
157.517878	263.027809	161.820549
158.363929	265.981183	231.362151
159.418969	267.004788	231.38818
161.446435	267.278291	163.474661
165.965796	269.951835	214.106728
167.676452	268.012811	216.9937
177.427115	259.391037	99.686038
178.59827	258.714394	93.061465
169.526498	262.895376	147.547625
169.526498	262.895376	147.547625
169.12904	264.95726	213.313289
171.045093	262.026142	149.247621
194.996827	252.731986	26.04941
195.849104	255.153941	30.002029
175.474532	264.962167	209.525377
174.799539	264.050306	160.179442
200.851566	252.822326	29.480207
183.588914	272.216539	212.732293
183.971682	265.124914	212.894666
203.76589	255.138691	41.179187
205.11137	253.673857	38.138851
206.771499	252.825277	32.099218
206.894344	252.633867	30.582389
207.642501	247.399439	29.17951
186.231638	267.870516	265.643602
207.171611	254.490251	45.159546
188.201577	266.232683	151.960783
208.938975	253.63202	31.452639
207.67306	252.955389	41.300338
208.982845	253.507789	45.98834
209.863658	250.359319	45.254647
213.321955	248.911307	18.89541
212.826932	251.44577	31.732575
211.521735	251.877467	42.195682
214.248605	251.657182	25.841719
214.574589	247.263195	31.163129
194.105927	270.562484	223.4966
213.426977	255.087712	44.557491
215.284017	252.698293	26.674766
217.225842	251.514175	26.126749
195.833283	268.522177	222.505808
209.496621	256.866831	87.576818
221.213113	253.585478	28.730499
226.183706	249.850855	48.39204
228.188971	250.733454	48.594303
229.200979	252.761947	49.532026
229.577728	248.166212	44.86336
230.150398	252.707128	49.631346
230.833279	248.591841	48.812231
230.583119	251.987081	52.056859
232.141262	253.583032	49.881028
232.911269	250.462153	49.084493
232.880655	251.556298	49.899383
234.683043	248.578282	43.185293
233.774467	248.323356	48.345493
234.123955	254.458086	50.145782
234.175883	252.275952	48.504963
235.711495	247.328405	41.818566
234.549371	249.470956	50.024718
235.566827	252.892659	46.379433
234.753178	251.447528	50.112893
236.364863	254.033304	48.048646
236.82233	251.44065	43.489423
236.433941	247.482616	43.361782
237.937704	252.274841	42.901833
238.953618	253.21072	43.044769
238.984957	247.661371	38.609297
238.941503	251.034206	41.531567
238.270845	247.377804	43.569177
237.221582	253.686835	53.726003
238.45397	252.631438	45.959685
239.847422	249.604323	30.991966
239.644166	246.816407	40.096486
240.311255	250.395085	37.383138
239.765516	249.772079	47.549508
241.012901	247.265858	36.718086
240.947245	247.363158	37.415759
241.856161	250.234034	29.116929
241.424264	246.508127	31.147732
242.338335	253.367261	38.37271
241.409729	252.273421	44.801981
241.970461	249.398626	38.270502
243.196886	245.314181	30.628411
242.199893	246.737782	33.344774
243.326253	248.590689	32.79752
243.002252	246.876714	34.83639
240.70835	251.503115	54.058557
241.911287	251.542445	47.102627
242.689713	247.359796	38.319814
240.493742	249.521177	53.944154
244.277952	244.806161	27.168171
242.382142	250.815641	49.442559
245.165262	250.764907	35.133632
245.132741	246.121978	30.14713
244.895668	252.325763	39.366428
224.270162	263.074237	174.369757
243.828439	248.059578	44.228478
246.110569	245.888985	28.822857
225.742236	268.685612	211.800542
246.335534	250.166782	31.044658
247.345561	249.849489	29.016198
246.766062	252.134382	38.857064
247.459777	249.497913	26.122955
247.10992	248.02509	30.386956
247.929066	249.34253	33.307602
247.778691	249.621592	35.397453
249.048422	251.202336	32.746775
246.112588	254.523946	57.344994
249.004327	251.293306	33.445727
250.086449	245.812305	21.739683
250.153235	249.438615	27.111118
231.110444	266.566022	213.58535
231.717709	272.538208	251.785992
233.060589	267.407054	211.931433
234.255299	265.466681	170.783261
250.990276	248.177473	56.705183
234.251678	270.289303	209.377537
255.192923	249.961042	33.971751
235.136739	268.963138	206.14503
233.832238	273.236882	248.025439
250.09756	255.604598	74.576031
234.959042	262.338733	172.617565
234.727167	273.218838	247.988906
234.727167	273.218838	247.988906
234.558443	273.439402	250.709999
235.880624	262.560498	176.970226
235.45054	273.421044	250.669859
236.06505	272.600215	253.377553
237.887615	270.265366	211.101079
237.049297	273.591512	253.297258
238.375282	263.93479	210.510937
236.796638	269.390837	251.642576
237.992006	271.250861	249.734911
237.718508	270.457337	252.472634
237.965403	272.414434	251.498256
237.842413	272.556872	253.296894
238.119513	273.353965	250.560388
238.549519	268.247825	250.710614
238.699264	271.447538	252.400395
239.056084	270.990209	247.008534
238.578434	269.341835	251.575063
239.618942	270.255958	250.610974
239.529088	269.23861	250.646953
241.305214	267.053389	212.144442
239.551796	272.574858	254.119433
257.25961	255.208037	66.036502
241.091982	263.940069	212.256397
239.64966	269.083379	248.851888
239.439997	268.219809	250.682034
239.707401	273.516982	253.184301
241.162461	264.978219	212.219389
240.34555	271.533724	254.124337
240.281166	271.602045	255.017688
259.495646	248.48852	55.037509
240.371768	272.614492	254.977662
240.397897	273.690538	255.828458
241.165087	271.572234	254.983829
261.958819	252.228356	53.743712
242.136712	272.552673	254.912066
241.937295	269.440611	254.139265
264.809471	247.440785	34.48494
242.821304	269.406265	254.11217
243.017672	272.518701	254.882946
262.847726	251.065801	52.979893
262.385598	249.273118	54.476383
263.034628	248.338755	55.288222
243.8317	272.550505	255.741897
243.658635	270.524923	255.822487
243.572995	269.509477	255.861143
243.553887	268.423387	255.011765
266.152583	248.964947	30.935267
244.644002	272.578994	256.599366
267.071215	249.105015	40.379299
245.10351	267.464393	256.768493
246.264377	272.625603	258.309772
246.382456	271.420577	255.711573
246.000067	268.507851	257.589326
266.781486	247.177187	41.061581
246.149324	269.459338	256.670853
248.728054	267.563856	210.718529
268.286455	243.841615	31.598361
246.248199	271.552604	257.472105
246.533084	272.363193	254.790203
246.216213	269.391549	255.789749
267.32332	246.429163	43.275753
268.475707	248.282534	34.618866
250.327458	264.160565	183.116908
249.472107	264.319788	210.05041
267.981223	245.519337	36.724206
268.0865	246.536044	36.747066
267.404504	246.324547	42.540917
269.567875	251.482335	36.150819
247.880692	272.657788	260.013998
248.53947	271.709557	261.777635
271.057713	247.733787	21.681617
248.756134	272.613738	259.991373
252.515902	267.052146	181.319586
253.131772	260.531153	179.818706
270.1852	250.696869	45.699184
249.393784	269.530727	260.091413
250.450688	272.807948	250.320176
253.26775	262.636841	179.748215
253.48327	261.075869	172.789726
253.407279	265.930015	181.374867
250.85928	266.658061	250.540155
250.437765	272.576163	260.821895
250.203653	269.539491	260.942033
251.234639	271.51725	260.845105
255.450856	264.409016	177.100082
251.923574	271.925171	252.975616
250.929636	267.456646	260.99567
255.520995	265.463195	177.066397
251.166773	271.570644	261.712425
252.050833	272.581633	262.518896
252.263897	273.485634	260.746613
252.118653	272.531111	261.654031
251.748751	268.529864	262.674396
252.985081	271.414999	260.814882
252.857712	272.57904	263.364952
274.387871	251.986645	48.865391
274.246083	249.82491	48.075112
253.942498	273.435282	261.584638
254.748176	273.433364	262.434192
254.420516	272.991859	255.536941
254.61347	273.52876	264.152749
275.234937	249.675302	47.334438
255.194631	268.368502	263.469017
275.463562	246.901453	49.598703
261.003872	264.385591	182.43609
256.156761	272.498981	265.879508
256.010889	269.421631	265.13471
276.62882	251.209271	51.20709
277.467082	247.737363	48.877696
274.55982	250.557794	66.528698
256.070019	267.243398	262.63098
277.735461	250.938515	49.675917
256.957925	270.37953	265.086528
257.169132	273.40905	264.973654
256.820225	268.349966	265.154109
277.241479	246.823907	49.633528
258.036319	271.237984	263.334076
257.97364	272.344	265.003381
257.838544	271.377838	265.892698
278.040605	248.05017	51.200559
258.712744	270.263592	265.066232
259.592644	271.26092	265.874717
259.725759	272.225475	264.990098
259.459292	269.23527	265.940224
277.967389	253.994546	69.156382
260.873244	267.639859	258.309941
260.537122	266.88172	261.744512
261.549544	267.772549	260.867585
281.705278	247.782633	50.450357
264.543212	267.415612	223.261127
262.293373	271.329904	254.786224
282.48471	247.863861	51.227489
263.724908	267.210653	255.784204
263.241335	268.774862	262.540914
263.78763	268.226397	255.758181
264.995361	271.839425	264.993664
284.5569	247.199912	54.36388
288.928319	246.800792	18.154369
285.706484	251.568623	55.948617
280.336795	250.71432	83.001911
285.9573	247.499115	56.753404
286.464366	251.660901	56.742942
267.60195	267.607075	252.443444
288.81768	242.731196	29.501208
267.202301	265.900833	255.869981
287.981993	252.160723	53.521665
287.458551	248.002566	53.54402
268.323555	269.880972	255.803945
288.735926	251.086082	53.509609
268.38417	270.891508	255.779095
267.474706	266.452049	263.453906
284.82293	253.975926	70.925458
289.248944	251.424709	55.895744
292.348652	247.070677	22.009356
285.601727	255.955283	76.989864
289.872829	249.30354	55.895219
270.226821	271.468344	265.887566
270.93378	267.542755	255.074912
269.934862	267.472401	266.793495
270.036734	271.620127	268.382864
270.033154	272.674223	269.191717
288.713321	246.94398	60.817469
270.405377	265.970031	260.140049
270.192854	267.248136	263.464805
270.062646	267.365057	265.129975
272.089737	268.227511	252.55918
289.423862	249.396513	63.298903
293.523615	249.622942	36.175685
271.69587	266.53038	255.954661
291.109522	250.914806	59.940219
272.169698	266.900104	260.993716
272.664571	267.197794	265.987801
291.313632	250.362088	63.277655
278.610207	261.605882	191.6218
273.474219	266.370549	256.001227
274.165689	270.785447	260.976224
292.488616	248.873626	60.765139
273.896745	265.728301	261.03686
293.131028	247.06042	55.841023
274.470033	268.312942	256.002256
294.660384	253.418591	56.536176
292.990161	246.867432	61.61381
294.273073	250.283	56.587272
294.479916	252.066766	61.529584
275.596329	266.719535	262.7203
296.94281	245.869529	40.597893
280.633119	265.129579	225.817561
276.746755	267.128591	270.972791
278.881821	270.071496	257.787773
278.870417	266.887384	256.144675
279.762529	266.80308	256.170704
283.120906	262.981714	227.671638
305.407189	246.646295	48.757677
307.188282	250.38168	45.228676
307.101212	246.567008	48.647047
287.836658	264.944906	255.545294
306.867176	245.625465	49.519757
307.842552	246.639253	49.421342
309.175539	249.652842	48.386708
308.839069	248.82191	50.104841
309.557712	252.971737	65.439619
312.523576	245.558063	50.853032
302.87231	260.131935	177.086884
341.280578	242.340993	13.882047
342.41305	240.90703	9.769634
343.517527	244.594739	17.118695
334.230868	262.107901	228.177077
353.824156	246.894703	57.316874
358.284797	239.337032	15.579965
358.825187	242.242481	11.874499
360.515702	242.583962	18.78509
361.485122	243.522299	17.87432
360.771825	245.080776	24.471507
359.669041	244.711844	52.499195
360.537149	244.33722	50.047835
361.643889	249.469804	65.108592
363.14279	242.816968	24.744804
363.422772	242.627971	22.248804
362.861822	245.914854	78.517402
356.853651	254.815225	223.723625
360.891053	255.24214	216.119106
375.500721	243.448986	12.817763
371.731714	254.190414	193.959755
376.272556	244.550886	84.184991
377.66061	240.30111	14.807332
377.743904	242.373934	14.635104
370.387444	253.431817	211.061343
370.707546	253.706675	222.324626
380.274878	242.233506	14.603727
378.393551	248.323425	74.441068
380.241088	241.505411	20.683765
380.209166	237.315988	20.161151
381.288363	240.021494	13.013111
380.477469	238.250069	18.376093
377.940326	241.256903	53.367856
380.751646	242.336765	17.18438
381.683273	238.058376	15.775604
369.649802	257.82038	261.654359
381.330307	241.295802	55.643393
384.566121	249.032961	76.008261
388.302822	253.292731	181.564865
388.821333	256.309451	194.354193
380.479547	261.165595	252.450172
387.309375	253.38259	216.523769
395.575985	258.033798	181.850937
395.712863	245.894069	84.777378
392.309668	256.100146	216.567245
389.477178	253.241785	240.279951
395.771566	254.765099	213.132426
395.113947	252.7906	216.609878
398.029305	252.558171	216.638427
403.459879	245.036083	54.40842
405.905116	241.301391	81.042123
403.403425	243.944956	53.57025
402.184833	257.445293	252.167283
407.431308	251.88605	223.566249
410.360598	242.400465	26.396261
410.684139	237.18529	23.499125
412.105769	237.260422	25.80839
420.663107	251.539572	219.282047
416.571436	253.377367	255.873145
423.288967	255.398559	221.025697
424.437503	239.263629	31.258992
423.1774	251.288746	220.980696
423.206618	252.317834	220.99264
424.403789	249.069962	219.236095
425.259274	243.461507	34.122681
430.023924	248.932992	196.035972
425.044189	250.049043	220.955962
426.833344	254.990455	217.580747
423.615129	252.138633	251.797748
441.040208	252.326243	184.356367
439.728329	239.956909	73.089432
472.231534	247.111583	209.336019
475.002167	247.178682	200.386704
474.680605	244.655368	210.189992
479.417521	244.182223	97.085341
478.930203	243.008496	211.079206
486.541163	247.476949	163.821527
486.91548	241.810627	98.134065
478.855364	244.455794	236.120523
479.837299	247.518563	236.195591
493.882466	243.269775	153.058534
496.228126	240.147767	112.529681
499.577683	246.946354	161.018217
494.722552	244.532882	201.940017
492.108887	240.204535	215.420107
514.437886	239.724138	123.060494
508.15376	239.81843	243.095346
523.446892	244.180715	155.042552
524.708965	240.029392	149.728841
517.440196	239.339756	203.053981
519.728758	244.656404	194.845162
524.162278	242.139816	204.522252
530.450193	238.928237	202.77753
533.597138	237.942534	199.133819
538.869134	240.902737	210.575918
556.28304	243.69267	158.505809
563.145295	243.665298	160.55037
563.964053	240.4435	175.077952
575.701129	242.559814	159.795351
105.034359	260.820515	177.107236
108.190342	255.890127	178.162824
130.659166	258.233466	116.682682
128.152467	259.163651	196.611969
130.955075	257.334351	206.116843
137.57955	261.202145	199.346337
146.476247	258.015668	117.345711
154.141737	255.562546	114.927212
150.011455	257.880995	162.644016
150.282123	258.503306	156.740737
157.648	251.372643	104.208154
152.987286	258.383696	199.817214
153.441618	258.019493	164.325078
161.838588	254.725662	108.808225
154.540074	259.000625	257.543577
156.047413	258.04378	164.320335
157.023465	259.080074	164.322678
158.492246	259.591148	205.219309
160.416356	256.819355	160.943308
164.936872	258.905602	216.279719
175.202028	260.98437	212.344687
187.865264	252.001643	91.150959
200.748628	247.650075	36.570071
199.989067	241.932756	39.04678
192.416844	253.008831	93.021582
182.251083	263.404664	229.863729
203.359353	240.011258	24.379668
203.360557	244.579542	28.971567
205.0708	240.480428	29.132907
205.494172	244.300216	27.557558
205.757619	246.425071	36.741723
207.324449	246.782382	32.218962
207.868393	247.335361	36.800194
207.097789	245.95737	41.400771
206.95686	242.845233	40.692991
208.675957	246.164896	27.742121
208.80538	245.187994	36.113311
207.676563	245.228471	43.753036
210.577362	243.977076	27.150524
209.800447	247.347208	37.633084
202.108076	247.119358	90.254685
193.825566	257.235561	197.693261
194.831483	257.254306	198.532038
216.748436	245.605992	26.897514
196.39933	261.878627	166.401324
197.059419	260.762391	233.737144
214.503067	246.794429	82.035297
215.740813	247.683287	81.1315
224.693553	241.016868	8.067163
204.555238	261.186961	240.050508
226.52125	244.938193	49.136214
228.90688	244.710941	41.0835
228.581817	245.028016	43.249064
227.937445	242.360446	45.403422
208.04499	255.811004	181.267412
229.196647	244.397908	38.945613
231.439572	242.692757	34.897604
210.25476	258.837232	180.401809
230.203718	239.731228	41.899142
229.339068	241.577248	47.787245
228.842885	244.099139	51.698301
231.211964	241.895319	36.285784
229.596325	245.668442	48.633355
231.79048	239.543507	26.348814
230.69637	240.310027	39.07051
232.098463	246.336877	39.969371
232.889891	241.497531	26.499383
231.424624	242.671692	42.034239
231.124697	240.78356	42.717013
230.603265	243.412857	47.15781
232.081582	246.130141	45.833087
233.820497	241.447065	26.612011
234.038617	240.544727	35.160827
233.900491	240.745296	36.557232
233.150024	244.872736	44.431422
234.652249	239.796885	37.332832
234.866638	243.989333	38.812518
233.80041	247.226691	47.552946
235.475728	238.152159	25.307392
234.78638	245.188756	40.244618
233.474624	245.347477	48.241927
234.948105	243.887714	38.110657
234.393606	245.603398	43.103074
234.400976	244.50545	42.358472
235.940888	240.343331	34.661267
236.241736	238.568556	29.022398
236.841796	242.587184	36.891625
237.406225	239.05313	25.550706
236.861427	243.684251	37.610958
234.667818	241.465615	49.828617
237.904066	237.65403	30.619024
237.917161	243.433592	36.317567
237.612978	239.339879	35.532442
239.269969	240.138285	27.242364
237.879275	240.102521	41.221957
238.864578	242.187243	35.005614
238.985142	244.281168	35.746251
236.345115	246.860025	54.167164
218.205618	257.734142	215.195208
238.687333	243.581297	37.811987
239.738049	243.330818	36.519337
218.932432	258.359388	224.824263
240.465606	243.003965	26.705695
239.817726	238.552379	30.845948
240.031512	242.844003	33.045026
239.520725	243.63001	38.611031
238.385904	240.465705	44.172835
219.136039	261.56199	226.605875
240.850315	241.792644	33.121475
239.97916	242.940238	33.740639
219.990763	260.521667	226.61094
240.98926	240.315164	29.58971
240.362095	244.775935	40.142789
240.495915	240.08469	35.155151
233.010262	249.427648	86.956698
241.957126	237.605888	24.561804
220.837745	258.268658	223.935536
241.597881	245.419589	38.164947
241.723573	239.450383	31.071066
242.385061	243.274865	37.513044
242.895587	242.404215	31.251862
242.606627	241.785696	34.014001
222.259486	260.618227	213.546867
242.606627	241.785696	34.014001
241.09907	242.507366	45.989276
243.088041	241.938338	27.706392
221.775979	258.250907	223.942382
242.917386	239.931031	27.646872
222.273853	266.167362	248.709696
240.773176	243.496099	53.733398
243.664902	241.44564	32.021234
244.252688	237.286031	31.296404
241.443152	242.54659	54.588387
241.761977	245.54347	54.745317
245.326252	240.434674	32.877802
225.177514	262.793615	216.087431
246.550872	242.102963	30.925515
245.025848	244.1842	45.734134
246.390513	243.579799	34.447742
243.292348	241.335751	53.935711
247.614266	241.679429	28.165417
244.063349	241.386157	54.836241
226.650133	257.563773	216.210449
226.33492	257.178326	224.902344
247.322616	244.625212	35.261932
244.588319	240.971276	51.676961
248.183983	243.476638	34.626155
248.552121	241.535874	27.524915
227.619285	257.40239	214.553991
227.944137	261.484514	213.640983
246.112222	242.180795	54.28413
245.870912	241.282117	55.031982
228.509167	256.198435	212.936941
228.888745	261.388662	212.831132
229.321118	260.269812	225.7695
230.423984	257.237692	213.802532
248.041885	241.974206	53.683133
229.191534	262.056295	248.481934
229.855009	259.83197	233.865361
230.893794	263.396378	212.828413
231.441649	258.174467	212.975932
249.189716	241.712656	52.211388
253.052121	242.466688	29.373672
232.70351	255.557642	163.96645
250.945219	243.834633	54.069416
250.945219	243.834633	54.069416
251.620399	241.775755	54.055317
234.395958	261.315632	214.645573
233.991728	256.261895	216.468199
234.579926	263.255988	212.920834
235.208063	259.065465	213.067733
236.361888	262.074469	212.175458
236.05452	256.666583	209.855363
236.019895	258.125151	214.796823
237.335474	263.140068	213.001385
254.547476	240.298485	51.934232
254.728491	245.664168	54.52026
237.209261	260.995445	212.236876
254.272699	242.749331	55.163067
255.302833	241.474782	53.619151
255.434386	240.248602	52.020182
238.11023	261.022762	213.097873
239.501466	257.857953	173.640515
256.436486	240.090676	51.337006
240.452219	255.338577	168.430245
240.105121	262.945948	212.26102
258.199482	241.112421	52.310442
258.427537	240.893622	50.777068
258.205847	239.991336	51.500137
258.410569	244.257318	53.215629
258.925951	244.551935	55.655029
242.673997	259.619279	211.643534
242.542518	257.536571	211.717935
261.063683	244.125785	53.432648
263.225636	240.394168	34.261504
242.758822	266.123792	251.549453
263.224066	235.686156	29.04546
261.704415	244.311373	55.070896
262.064332	243.969038	52.722805
263.106596	237.069158	32.011749
264.327744	241.16883	32.882306
261.836458	243.06677	53.462195
263.327959	237.987982	39.253247
264.910642	242.472664	27.022284
263.39302	244.602516	50.515124
243.581325	266.163205	252.418868
262.710593	244.15414	54.348774
262.587811	244.269518	55.136337
246.366683	256.110873	170.224337
265.256146	242.228664	33.666467
264.795106	238.263173	34.286542
263.817168	246.148232	54.483883
265.695295	240.218928	25.446918
263.713556	243.996633	53.62939
265.047974	243.498103	50.603367
266.943596	239.911936	32.212392
266.434575	240.680121	38.020457
265.359691	244.028017	54.53123
267.215974	235.798456	22.994872
266.664436	239.177388	34.377316
266.33002	239.663754	37.997095
265.892423	241.394785	43.108926
267.898759	243.292392	35.227758
267.279445	241.848149	39.530565
264.138386	240.641242	59.179007
247.954685	256.33494	213.655177
266.884039	238.898154	40.189709
249.764942	253.368313	180.009891
268.159424	236.852228	23.820474
266.890872	243.039627	55.397128
267.659728	237.829478	40.20955
266.901106	241.899191	54.580349
266.617765	244.422664	57.817518
247.83703	262.796888	251.562289
267.245626	243.827382	53.857471
266.283816	241.345772	57.719185
252.189848	258.170175	175.509071
252.192478	259.350623	177.224245
266.677756	239.853652	54.51979
249.901036	265.689191	250.575806
249.220086	265.332841	258.487648
268.019958	241.622883	53.074707
271.583253	238.075568	4.636852
252.897996	256.255697	179.08639
249.211859	264.24393	257.645781
270.3362	242.282816	44.081872
268.432008	240.905118	55.443931
268.516522	244.22247	57.114623
250.783655	265.636821	250.573765
268.821041	240.191075	57.849554
268.25068	244.466987	58.721273
270.404198	238.582895	47.027639
269.078081	239.953271	56.257361
251.646749	262.25815	248.050077
254.346865	257.253079	192.891248
253.449852	254.878196	213.110343
251.802214	266.32855	260.144285
255.700944	257.44237	183.447757
269.928384	242.206669	57.951865
270.627507	244.602009	60.473129
270.627507	244.602009	60.473129
272.018369	246.376711	58.930762
253.286986	263.424067	250.639979
274.281231	243.938515	42.737121
256.630596	257.443609	184.332961
253.090231	265.867454	254.924139
271.84069	240.851381	56.419354
272.03874	245.218808	58.103377
273.836635	238.503172	47.929651
257.091158	257.019595	216.545189
254.851707	260.22707	250.731856
272.83633	240.345968	60.49428
273.239386	239.977199	58.071413
273.107803	240.099425	58.874583
273.654272	246.430265	59.802756
275.186559	242.564564	48.015034
275.795249	238.187743	46.470721
276.619679	240.534118	48.796832
275.007731	239.891954	58.142969
261.679454	253.788054	195.773595
258.400708	259.977557	250.75726
277.941132	242.32379	47.309944
277.309796	241.865828	51.134967
257.632221	262.981112	261.864462
257.696259	265.084891	262.668203
277.08914	242.101202	52.686664
277.854265	241.026873	52.697351
277.088221	245.242118	59.887066
258.875727	259.289836	255.076272
278.826062	238.568395	50.374049
263.790637	257.839456	195.696895
259.894563	260.174709	254.202165
262.644434	258.781705	217.569703
260.90353	262.159822	254.165268
265.547632	256.468761	180.12303
279.493598	238.756408	51.941523
261.599657	260.119335	255.066851
280.277286	243.454769	55.914858
268.278589	258.767409	185.367697
263.263997	264.447964	259.250484
278.464928	242.793908	79.405512
263.671741	265.09655	254.981763
282.447958	239.180128	55.936764
263.518753	259.82111	253.379382
284.268773	241.646964	51.99761
265.383479	263.932509	255.030176
283.811432	242.129957	55.154832
282.923031	243.011681	60.801003
269.338127	253.142689	195.145269
266.930814	260.964811	235.510333
284.780101	238.49163	52.004835
266.316164	260.548424	252.552732
284.695667	245.583395	57.561831
267.229311	263.704349	254.214939
285.550191	238.566432	52.793935
267.102374	262.764682	255.076735
267.031674	262.843763	255.921791
289.272051	238.457084	28.636205
286.573944	241.882941	54.364455
289.435963	239.408928	27.840065
286.197039	237.60279	53.591439
286.456985	242.00526	55.161337
268.045893	259.377029	252.596348
286.814791	242.801663	53.565762
286.852211	238.962864	55.977435
268.261349	263.260743	262.666711
290.688019	236.473624	30.108206
269.772194	262.538479	255.124824
269.87979	264.575605	255.099384
272.835351	257.841078	216.373289
288.11969	240.543494	60.031022
288.860646	243.295813	57.561074
289.06688	246.252652	63.317938
275.480318	257.713183	192.546671
289.361978	243.635735	60.009492
288.382702	238.792179	62.529844
272.498131	263.323959	255.170498
271.745341	264.106323	264.348118
272.447195	262.305973	255.178227
277.92566	252.49138	195.3863
295.841296	235.113426	38.444209
294.386004	243.634539	61.639921
298.074388	240.458855	39.798694
277.903879	263.854899	255.293911
282.619877	258.601892	210.823757
283.64187	254.812197	228.675401
287.192638	258.80124	231.261641
305.823976	242.280801	48.055492
306.803542	243.292913	47.959808
308.135768	241.211314	48.782465
307.939249	241.437059	50.440773
307.065659	238.855184	54.756517
292.92964	253.877247	227.322958
309.061718	238.412149	52.179156
310.145057	240.476914	52.042732
310.086284	242.936625	54.473816
323.75027	254.819203	177.479812
323.793561	253.762211	176.609442
324.614498	251.697657	177.571245
323.132916	255.302459	265.940769
329.506504	257.099371	258.131178
331.742883	258.611563	255.036359
355.08511	234.85776	56.35949
360.239809	234.133071	18.636717
360.0011	235.357907	21.081346
357.653736	234.141615	52.288042
360.239809	234.133071	18.636717
350.020636	249.75963	243.874721
363.763527	235.357913	24.539446
354.463453	252.076556	226.176008
365.542277	232.329117	41.158668
371.662363	229.040795	13.089433
362.005252	249.147511	220.469725
369.614305	237.365724	59.602909
370.527492	240.463627	59.44651
374.547569	231.933293	11.098154
366.298472	249.765452	217.983562
367.224698	251.784482	218.847863
373.689195	234.527466	56.301145
374.915009	236.441712	79.098151
377.747326	229.759722	12.097487
377.780723	233.94111	12.673431
377.474694	228.822663	13.92627
374.510772	235.319967	54.601568
368.965537	252.744588	220.588078
368.850021	249.667087	220.594854
368.188733	251.978198	225.667265
377.819836	234.975205	12.595016
374.632855	237.816875	57.777282
374.469262	234.08019	53.033695
378.196942	231.979339	15.435301
378.160954	230.946032	15.509989
375.348579	234.308979	55.427202
378.080492	232.027766	16.301821
375.315786	232.212247	55.513628
376.168837	234.154056	54.582294
376.379389	235.896029	60.270744
376.276096	238.537555	56.02833
370.067996	246.657938	224.851581
380.528944	235.836253	11.596825
380.77374	232.892125	15.315691
378.021182	237.663957	58.460849
377.784603	231.763328	52.979497
378.707777	237.970743	52.664651
373.269204	250.50002	224.072822
381.365103	228.778204	16.457092
377.700957	250.762511	193.201687
378.634284	232.753891	52.889923
381.77792	229.958203	19.795792
378.421353	249.694298	195.061158
378.739135	251.737115	193.218912
379.332514	247.578173	195.096139
375.99222	248.271642	224.964301
381.237488	237.982206	54.135267
382.91355	236.920874	54.865221
383.671225	235.556967	52.415951
384.434857	232.054642	49.288819
384.598593	235.863645	55.573787
384.809699	237.36777	59.67542
385.511679	245.201839	185.153277
385.466951	235.900303	56.315656
386.611049	251.291238	194.333287
386.20807	250.365715	216.523802
389.601487	233.489032	55.124639
390.471331	237.559473	54.957824
394.800583	229.098958	12.414251
394.035531	247.838581	182.734502
391.185989	232.117393	52.546773
391.175823	234.088981	51.708652
384.464943	248.865533	255.543859
395.628773	244.6295	176.336453
392.191606	237.542966	55.604041
394.71733	245.722535	184.591902
392.062259	237.203211	52.348175
396.831741	244.536082	174.535292
396.379187	247.703399	180.077406
396.361647	232.108541	54.359493
401.686447	244.241286	176.599299
391.520802	252.545706	246.081899
398.07733	233.04782	54.156604
398.16157	232.181876	55.801948
398.34485	236.500917	58.347734
403.410004	239.625825	82.845622
392.490451	248.347186	268.061263
410.273821	249.860143	175.079429
396.396673	253.26658	268.39145
397.5981	252.970688	265.976763
407.778478	239.165961	81.877509
409.206831	245.363124	212.397854
410.393982	234.471511	52.143693
404.615628	246.958558	252.947913
412.25751	230.105207	23.805103
417.418133	243.025028	179.848318
409.967012	243.245541	218.397087
414.198673	229.00414	22.922662
418.654274	245.024342	178.963012
405.758236	250.66599	259.683585
413.407788	249.138714	211.562752
415.512058	249.012046	205.532045
415.638608	233.136872	25.800954
413.844001	248.087936	219.275619
413.068789	244.069656	222.662488
414.784547	230.932276	47.8966
417.064004	247.752797	212.422761
423.56999	243.545853	179.026837
423.138342	244.616836	182.671689
426.544725	243.278127	179.048209
421.209371	244.230614	220.05389
425.537538	232.15451	84.397922
419.405584	245.933516	247.391582
425.150975	247.957575	220.070868
420.677736	244.503862	244.843062
430.707437	236.715073	79.742906
436.068584	245.512294	182.677736
432.31126	237.463144	76.85519
438.750178	241.008663	182.654177
442.325655	240.65184	178.047301
442.273402	238.947766	88.276461
447.187258	244.303156	171.545791
447.255504	233.684267	90.309208
454.417664	239.242043	174.213912
454.574526	240.275245	173.296932
459.34905	237.552765	172.342009
462.420836	238.197762	170.500823
465.251385	233.700144	86.761882
469.437124	235.864176	90.19845
488.355772	239.961127	163.084127
490.397262	236.374364	153.156347
492.609059	236.351299	163.98491
502.669143	233.675638	112.653719
500.592436	238.661663	201.876144
505.069926	230.445626	92.697097
516.694246	231.841213	132.488768
510.376565	235.804761	199.021502
519.40677	233.038329	145.529976
510.512428	238.843957	245.682694
516.781352	231.199988	200.831134
523.291897	237.968625	164.858994
523.75299	235.623267	179.969665
525.91727	229.628861	207.86669
537.211791	234.511924	139.57951
535.689927	231.415563	169.489638
539.69102	235.524795	161.992866
537.521161	232.307777	174.697138
533.78077	234.781522	202.881228
543.769675	234.491535	159.009768
548.075129	236.043976	193.88965
553.367061	231.219586	174.244018
564.535192	230.957311	134.031092
577.715952	235.292977	157.145508
576.397916	231.228333	165.360453
82.075831	254.056422	183.064304
104.312215	248.863583	173.485621
109.451382	254.498788	171.076881
115.42527	249.654441	202.803318
116.310865	249.016217	164.580589
126.362687	256.169437	194.957478
135.535548	247.684448	163.158852
142.974898	250.66937	217.605606
146.677896	256.305814	199.732918
161.873997	255.867079	217.246642
184.349992	247.536616	96.845856
199.11009	237.459976	35.195182
201.448801	232.49589	28.29031
202.644176	235.555737	29.082849
202.129791	232.926372	32.23353
201.966604	238.63275	37.590731
203.544323	236.800743	31.439087
204.494948	233.460079	29.206133
203.992656	238.547912	37.634203
204.34833	235.893466	40.836938
205.097326	238.404814	36.887526
206.253421	235.913236	41.635915
185.539942	250.802414	169.766166
188.302582	248.685572	171.55322
191.373777	249.267979	202.777194
190.275394	248.663229	172.444982
192.168853	247.517896	172.494043
213.410985	238.426858	47.877496
208.447935	241.840625	81.003149
196.589135	253.672263	209.312568
196.733962	253.969506	176.772338
220.371469	234.790719	45.747392
222.470102	233.696643	38.423765
215.187474	241.507797	81.133709
222.341261	237.124661	41.318274
222.175013	238.028518	48.088021
223.30065	237.077229	41.375784
202.723095	249.901747	184.674691
226.043775	233.739981	32.915493
225.609394	238.771205	40.069054
225.491975	239.982428	41.513209
226.156858	233.542117	31.484431
224.223662	237.827159	47.418839
205.54728	247.653784	184.76493
226.002747	239.252096	43.757275
205.945115	251.976938	186.399305
225.116227	235.664619	46.715517
205.783577	249.86911	186.43061
224.232619	237.392321	52.156828
205.489428	249.4563	179.597236
205.711548	250.720575	183.01307
225.373736	235.454614	45.218976
205.810104	248.025158	190.664833
227.772617	232.738933	33.786253
206.787794	251.730626	183.017329
226.699472	233.9799	42.344633
226.12284	237.728046	47.532384
206.799027	252.687076	181.29154
230.477328	234.391841	24.664723
226.545414	233.761389	48.340998
227.310586	233.13616	43.860703
226.545414	233.761389	48.340998
207.596387	250.470739	180.479343
228.882099	235.780509	41.774399
230.50132	234.298862	23.923122
229.284425	237.572193	40.365429
226.777856	237.440649	53.937791
227.502727	236.934679	49.950509
210.176524	252.509415	211.797082
230.107341	238.732122	41.885457
209.615695	247.634754	187.376296
229.521626	232.720489	41.822333
231.025991	230.418697	25.40821
228.540447	237.887197	50.024874
231.404532	238.107827	30.61234
229.608717	234.832779	42.558052
231.224089	236.104573	30.575903
229.747896	240.154857	44.795518
209.442919	249.206417	178.80363
232.096857	233.759453	28.492092
231.580312	235.848016	36.288738
230.179296	240.525744	47.848797
231.77588	233.242509	32.033971
230.508157	236.996827	44.102379
210.334713	247.145951	180.569811
211.213434	253.579018	212.628905
231.814875	234.34388	32.758537
232.994592	238.496907	34.328959
232.137784	232.893087	37.032737
211.617689	251.282088	179.67097
211.355132	247.153245	181.44515
231.66483	236.734	42.737162
230.139115	241.199369	53.391123
233.48217	237.436821	26.523978
232.260396	236.105647	38.481934
233.097953	237.262914	39.992811
234.532031	236.923867	22.94577
234.501639	235.646584	20.635822
235.100067	234.229948	25.930041
231.312306	234.055807	53.403755
235.303998	236.144595	25.253413
233.004482	232.723268	43.558176
231.412101	235.063842	53.419877
234.920406	232.221525	25.873162
235.883401	234.557285	28.921068
234.394259	239.891738	45.22261
236.286358	237.189925	26.118814
236.450886	235.188176	33.953121
235.152203	234.519689	43.036044
235.051797	233.516472	43.017626
236.85113	235.604522	29.759622
236.471914	233.987654	32.530648
237.422711	235.03681	33.350005
237.904066	237.65403	30.619024
235.469934	236.096106	47.513234
216.181714	246.68494	178.065226
237.92024	233.88737	24.770572
236.672286	237.157469	41.056151
238.536651	235.790625	32.071955
238.865216	233.742368	24.129815
238.816787	237.602085	30.719409
238.748752	232.829984	24.83919
238.562041	232.106566	27.004891
235.929069	233.784243	53.769888
236.845956	233.729121	53.849902
219.498823	251.784599	177.159931
219.419961	252.088321	224.000754
220.243851	248.553018	177.21694
241.511581	231.297182	22.086616
233.394272	237.658626	83.686189
239.021334	235.532977	53.290143
238.532979	233.716706	54.819451
240.142333	237.487776	53.459522
222.278349	248.74764	181.557119
222.526747	256.229454	224.869771
222.305108	250.234186	171.971978
223.488171	256.146525	223.990619
223.998297	246.173395	176.427219
241.612565	235.467051	54.357112
246.090447	232.218191	24.086833
225.287489	250.480523	178.099395
225.412249	253.441638	216.26025
243.209869	233.340498	54.453213
226.358404	254.649251	218.825879
226.450344	253.008084	211.291017
227.549575	253.34092	203.16412
227.238129	250.888785	211.367097
245.790014	239.170592	54.127581
228.270615	251.325469	177.237698
246.606108	237.003486	53.334786
247.331459	237.489916	49.54115
229.274233	254.152313	213.843492
247.738984	237.852258	52.696659
248.321645	239.547954	50.482292
230.203815	254.11786	213.875967
229.637992	249.537588	221.658179
247.773455	235.632534	51.064426
247.757265	236.742613	51.875403
247.846457	238.857483	52.745303
231.060375	250.181558	204.962296
229.643577	255.785977	247.652854
248.849844	239.809963	52.889846
249.61756	239.863521	53.768047
250.025108	235.104473	48.247985
231.80729	245.82053	177.392155
232.796884	245.522227	173.911995
233.151776	254.632909	208.997195
251.691379	235.098169	49.175295
253.00778	239.073593	49.431546
234.871638	247.649237	175.637669
253.255748	231.850204	48.501396
236.094373	250.52598	172.064743
252.893556	233.96173	57.106934
254.357113	232.69898	47.887704
236.901344	250.155018	182.535404
236.75607	246.477527	175.686474
236.935697	248.350666	172.127004
255.669338	237.801214	48.902319
237.743238	255.893259	214.096944
255.776683	238.810207	48.941821
255.452483	236.898298	49.61197
238.497947	246.788503	194.533834
239.880524	249.469481	175.642496
239.944193	249.226449	172.132989
240.006229	248.605447	216.137679
256.304971	233.862186	58.26538
258.767813	235.780516	50.663125
259.437784	231.449553	49.107352
259.630354	239.099396	53.157289
243.824645	247.859116	171.323497
244.674208	248.166495	176.608574
244.526896	244.876063	174.939011
245.301781	249.559408	194.612007
245.608023	246.985084	175.775168
263.401329	230.926168	31.89686
263.852036	234.893859	31.264485
263.17526	235.517333	51.04793
246.523156	245.867379	175.815536
247.778285	249.953473	174.837079
247.416562	244.81417	176.731162
246.939272	254.228775	212.859485
265.501419	234.973934	32.793702
264.049106	230.950126	48.002965
264.055838	235.46539	51.118731
264.709381	235.636619	52.717591
249.819256	248.461923	170.477394
249.76296	249.758592	173.982666
265.92126	238.6495	52.87468
249.517597	246.726941	175.826905
267.97513	235.030005	42.385962
266.574941	237.693812	53.680764
268.512711	230.788713	41.626872
251.198811	252.398505	219.00414
250.91194	252.931219	224.923125
269.541337	234.008029	43.191738
270.700773	234.768184	41.771332
269.115849	234.247971	52.23561
269.98996	229.862696	43.172072
271.363225	237.293147	45.551584
269.972894	238.763925	55.492442
255.688168	248.120211	171.424485
255.386003	246.33077	175.899871
269.426899	232.486504	54.565605
274.287426	227.831468	6.279489
272.697463	234.228746	46.328966
270.894189	236.058999	58.695832
256.295924	246.393924	177.670724
254.886004	247.525765	214.294775
256.508735	245.732879	195.879034
271.702525	232.683934	57.085049
254.382779	256.345338	253.4232
274.294997	235.998656	59.681957
275.597453	232.413854	49.475872
276.554005	229.967443	47.208563
258.941833	252.664696	239.754284
276.000734	231.408278	57.303047
263.7294	252.220672	191.580988
278.224794	231.118087	48.794246
276.993624	232.395017	57.3547
262.489229	254.552119	216.878254
277.987209	233.383096	57.400738
277.585976	234.904796	60.626617
279.545169	234.052583	48.064306
279.00176	231.180308	49.586587
279.451636	230.439517	51.925088
279.342491	230.555398	52.70182
280.542265	230.159146	50.402172
268.221184	243.082719	171.602084
264.026927	250.461205	242.466082
267.813437	248.149999	183.91979
281.40005	232.156975	57.517006
281.121114	234.724478	60.749354
278.763591	239.100198	75.904398
282.536201	233.28236	51.215553
282.168525	231.070351	57.542617
284.083802	234.577462	53.589779
283.967599	233.539391	53.592977
284.955688	233.373826	52.817969
269.65091	250.958766	218.146086
286.197039	237.60279	53.591439
285.8462	235.643721	54.395752
271.374503	251.93225	207.214254
285.917891	231.797769	56.825202
272.66487	244.648213	197.212028
286.794362	230.849173	50.493223
286.378153	235.96223	56.798574
273.064694	248.833334	220.866105
274.719905	246.519404	196.348991
274.672247	245.475871	196.37686
277.889788	250.33102	194.578543
273.597554	256.394758	259.383555
273.556995	251.794291	268.428708
280.551286	251.455385	198.09825
281.933784	249.523581	225.359915
298.20834	230.319651	43.160234
283.445643	249.013542	196.509343
283.330356	247.857694	219.596406
299.579208	230.657245	46.294979
283.284938	246.689682	229.590805
299.343279	228.56099	46.35906
281.976608	255.389803	256.127602
304.622069	234.086956	50.045553
304.667968	236.420275	51.605724
305.665369	233.814866	48.371017
289.365519	251.990494	225.572442
340.59075	230.751793	14.778397
330.369312	249.437195	240.072622
348.428002	236.883999	75.591136
352.601287	226.609924	9.426964
353.279586	230.305933	53.247973
356.969943	228.90018	16.366679
355.048416	233.90603	57.254655
358.261147	224.739082	18.41057
355.760588	229.490124	56.663693
358.642129	222.820106	21.943352
357.522609	230.867717	59.970762
359.739931	226.912977	20.857365
357.463548	229.367559	56.689526
348.004543	244.697604	229.241871
359.92891	226.005212	56.868072
360.890576	229.866942	54.216746
355.734761	246.046213	229.47164
364.366849	227.62208	46.257481
356.984298	239.569546	226.188492
359.234713	242.371457	224.605481
371.076649	225.088604	16.851763
361.83237	244.017733	220.479381
361.076682	243.293117	225.479645
362.16178	243.160111	224.673846
363.162748	244.108639	224.699039
365.178036	245.726553	217.983461
364.011114	244.08328	225.55069
374.236286	226.807849	12.350597
371.914224	230.344382	55.718422
371.931096	230.443162	56.528404
365.627851	245.115814	228.085045
364.979892	244.005587	225.572267
365.68994	239.865575	226.399392
376.864813	225.620192	11.516049
376.36911	224.775964	15.094271
366.644878	242.928931	227.267148
365.832884	243.343294	233.007094
377.060557	226.899441	16.677388
374.475393	232.27025	55.547479
378.835757	225.748729	15.855817
371.740866	242.439561	225.710304
380.976523	223.723835	18.525426
380.246989	228.389469	52.148532
383.351978	225.769979	20.024717
384.482734	228.41883	54.168327
385.639579	231.158665	60.546078
388.059168	231.225285	80.146802
387.752418	226.879945	50.695694
387.787814	231.093617	51.360727
384.136099	241.544082	227.607026
391.568438	240.695562	174.250509
394.780652	223.969483	11.870196
391.146646	227.921579	51.841633
393.89005	240.60814	180.854925
392.010871	226.935245	52.542162
394.72492	238.322413	196.370971
384.475364	242.87302	269.877246
397.879455	236.179095	179.132753
394.550545	227.854114	52.212154
397.685927	240.356451	182.85013
397.174955	230.968518	53.45814
402.468919	236.856028	174.699254
392.971101	245.343635	247.664673
401.556017	233.49734	82.570799
403.207651	235.770678	176.571268
399.87773	226.99667	55.594422
406.377043	239.727022	177.665597
404.987441	229.999572	81.42831
408.424908	238.50966	176.80195
404.141262	227.702836	53.495168
405.491179	242.56515	210.642156
410.49623	239.392445	176.880889
411.03431	237.250502	179.636673
412.499801	239.226025	176.940393
407.600057	224.39691	51.571057
407.73021	227.64152	53.98389
413.77255	234.902603	180.606391
407.583425	236.151202	219.214229
414.28005	239.081633	178.830242
413.480435	232.807381	84.320982
412.64885	241.025185	224.342126
421.517468	237.371493	176.193382
421.076449	234.23854	177.999068
409.736388	242.926421	248.865029
414.740889	229.506845	43.378085
419.967121	234.310513	186.189143
415.39764	238.548789	219.190889
408.301288	243.348041	276.451415
424.806255	237.035066	173.437506
423.820047	240.336087	175.322598
423.320777	234.02572	183.519088
426.97521	234.75407	178.986983
420.291282	226.340946	43.182032
421.193279	222.576169	46.238681
428.11561	233.570213	177.133709
428.948257	234.565126	178.99374
430.297996	239.750224	179.040936
423.821039	222.366363	31.996351
432.987493	237.363665	179.938819
432.303807	233.099021	188.968484
427.947958	224.147746	30.215397
427.766461	221.229755	31.103361
430.79783	227.580647	81.663014
434.835975	237.113622	187.189053
437.460569	232.650473	180.797443
432.33433	236.779236	210.508197
438.588528	234.60318	187.151974
438.438366	234.603954	188.049573
440.488832	235.523696	181.706279
441.745369	232.193196	178.000426
444.549948	231.890569	178.891122
447.01518	233.735546	176.116638
447.186214	231.546317	173.322777
447.12773	233.71431	175.192986
448.961857	233.513999	176.094862
449.031652	231.352055	174.234509
448.98879	235.647602	177.023862
449.031652	231.352055	174.234509
448.408009	235.62211	186.993975
450.159271	238.703121	177.014913
450.0814	232.299627	174.234307
450.119658	234.439028	175.168782
452.096975	233.132543	174.223805
454.298716	237.130924	174.216397
454.235727	232.854004	172.370072
454.061484	235.03967	175.12921
454.077255	237.170381	176.04393
455.428165	234.826626	171.456088
457.181558	236.779984	174.183728
457.181558	236.779984	174.183728
453.729152	226.646643	67.043956
465.012215	225.597583	72.807556
468.27864	228.270313	98.431705
467.833971	222.3858	71.161635
472.758021	226.872397	95.757915
501.79764	226.097983	163.901648
504.103573	227.2398	107.530313
515.214887	228.205998	156.328822
519.707143	229.468816	103.396917
520.990869	226.723946	109.402438
510.014208	229.738411	239.044291
517.939912	223.323369	192.164576
516.723067	226.115944	200.183318
514.274212	225.293485	239.172934
520.351186	227.013138	199.144104
528.429814	227.678723	155.809493
533.74818	230.598233	148.466376
524.706565	222.504633	208.273052
532.170465	229.474639	168.889346
532.724064	227.501759	164.425975
537.569368	227.366912	167.628737
542.764586	223.274066	167.248341
564.233384	223.150863	179.07103
574.282086	226.064568	154.79329
578.822448	226.070234	161.719473
72.487734	245.257854	153.362154
78.330443	240.734119	147.341759
85.83786	247.725991	176.309553
105.403213	243.636396	169.052595
107.785825	243.459827	167.443356
113.463261	241.117047	125.163072
114.512746	245.974816	180.262312
116.028735	248.69173	204.544498
121.801278	247.335277	194.255318
121.722958	241.850714	180.570087
125.946429	242.200219	141.858182
135.379676	244.867278	151.947772
145.46348	238.323151	102.436912
138.60005	243.601967	163.203189
139.186029	239.630559	164.893729
141.987355	243.694548	164.984011
144.864819	245.376622	201.728532
143.461991	245.188486	257.223789
163.58713	248.021523	190.695478
170.005143	245.504855	151.644709
202.372729	231.447887	28.350024
201.96088	230.918446	32.265015
201.971859	232.018372	33.030231
203.209802	232.786768	31.494574
180.877432	238.927346	165.53273
202.485267	230.35294	36.227335
183.07349	241.92687	163.832554
204.381797	224.85858	33.235288
205.902197	229.739924	32.429083
184.124356	244.217718	166.402485
184.987628	243.242272	168.137819
184.765899	240.284662	171.60407
184.831437	241.291254	170.73275
184.785206	239.92107	166.443957
185.216952	246.49495	168.963976
184.98125	243.302536	168.995121
185.952081	243.26695	169.010431
185.656394	239.124628	170.770309
185.799086	241.196222	169.889101
187.242348	247.488998	168.983815
188.656592	239.953378	169.081673
188.666918	240.131766	171.670341
189.789945	242.16403	170.801098
189.565819	238.845162	169.104325
189.864745	243.111664	169.068089
192.862661	243.272413	173.425601
192.747995	241.976441	169.981178
192.947697	242.54063	163.061751
192.643351	238.267838	163.074793
193.762586	242.106281	172.589842
193.778771	242.162969	173.454995
193.890475	241.361487	162.203783
193.579354	239.023546	174.360528
208.715092	235.713719	82.070865
195.686624	239.201776	163.087173
196.075955	244.543724	163.073329
196.966219	245.107661	171.736016
217.341991	230.685914	44.21195
196.899715	240.39295	181.317801
196.598533	239.835659	172.659507
198.778872	241.98573	174.402133
221.198202	227.40943	36.197092
218.965937	228.68297	45.050675
221.121325	228.618223	37.652538
220.309376	227.220238	42.081865
201.10683	242.440014	183.071792
201.085259	240.485207	185.673052
222.72185	232.281802	35.539667
220.608318	233.142724	48.880977
201.074203	241.434748	183.946491
200.494602	238.337831	169.239956
223.741886	226.323075	29.049643
202.13347	247.050981	172.655317
222.659471	232.947912	48.165999
203.287472	244.519896	183.927075
223.967942	229.359725	44.448304
204.1893	247.115752	175.287133
224.466688	227.498489	46.004329
225.23099	231.222811	43.745993
217.084089	232.575227	86.713408
224.986158	231.431088	45.22714
226.728908	228.280395	30.064155
225.786593	230.700769	40.109632
204.976073	240.190288	184.033633
225.589178	228.68935	40.108616
227.510221	228.525712	32.310089
225.408723	227.450066	46.045417
225.732961	229.366404	45.284855
225.408363	231.795024	48.295948
227.245818	229.909414	42.398555
226.826501	231.656626	40.176149
227.356405	229.805166	41.674579
229.57845	226.834252	28.143879
228.067702	229.963715	43.185885
208.416014	247.3522	182.255037
227.676797	224.819275	42.460008
230.710279	231.188601	31.193835
230.088549	227.569451	33.974438
229.727644	230.29371	38.955003
209.346722	244.410459	186.579934
209.501946	246.523539	186.546827
228.289805	229.422719	46.93402
229.389148	223.949874	36.78023
229.971905	228.877321	36.113145
228.188808	232.755333	49.216372
208.82477	242.436913	172.796595
208.771047	238.765712	181.540993
209.056477	242.06438	183.207028
230.357913	224.677747	27.465707
231.001681	225.209829	31.892535
231.348444	221.862236	21.529503
231.384119	225.630876	27.582807
231.149461	223.717375	28.267709
231.206646	226.018425	30.476655
209.972397	240.957132	183.240086
230.875772	227.588409	41.928781
211.207391	243.204023	185.780104
233.370472	226.435922	27.069847
212.516072	246.503401	188.280893
233.97521	225.861895	30.749702
212.8448	241.522562	178.095759
213.028354	245.372046	171.941579
213.118607	244.823317	179.781723
213.30921	244.288674	187.486255
234.15823	225.474298	27.8689
232.819822	228.491165	42.078486
233.421414	230.087406	39.265522
212.848349	240.637645	180.707218
232.139598	232.993334	53.454928
213.322224	243.411933	190.024502
234.875776	231.631769	36.574832
213.90782	242.536022	178.095581
235.021794	231.428847	35.175574
234.246569	231.247635	40.771335
232.258734	229.667317	51.043014
213.650536	239.230341	176.402266
214.291465	246.065994	183.218665
213.866106	242.419215	176.357775
234.297636	226.708488	37.197698
214.712185	240.244634	176.401991
214.783821	242.020394	171.123232
214.929621	243.432785	176.357855
235.409681	225.244284	34.454357
236.604528	228.728634	23.011296
237.062497	223.648905	22.944258
217.108921	243.251648	216.269872
234.429402	226.664245	52.76338
237.781762	226.556252	30.427959
237.321576	223.831481	32.493609
234.702502	230.810662	53.623705
216.778071	241.269328	177.286411
235.51624	229.744583	53.673004
218.875846	243.236865	176.413269
219.030834	243.128684	215.477645
236.845956	233.729121	53.849902
231.152945	231.460247	82.366356
220.85576	243.198348	177.31039
221.156522	246.678208	181.580376
221.582781	239.48571	170.36142
222.472294	237.730706	176.555358
241.179497	231.894747	49.508876
222.919388	244.927456	172.937214
222.714078	241.798967	173.863103
223.134878	246.704272	183.319415
241.05321	231.996787	50.264122
241.993956	229.718919	48.790187
223.750122	242.111845	179.104019
244.190832	222.38929	25.152756
240.623565	227.480567	54.86277
224.699079	241.879338	176.512247
224.643817	240.192405	182.604528
224.592702	239.195903	183.481779
224.923051	245.182633	178.19516
243.45881	231.369275	46.727756
224.723078	239.784293	191.102735
224.839445	250.018603	225.916323
243.685266	228.594028	48.937195
243.545078	229.80849	50.465159
225.721937	245.212201	218.195884
243.455612	227.684736	49.654127
226.681289	245.110041	217.381281
246.714563	221.395454	26.861424
243.480187	231.558383	56.878311
244.925117	229.340743	47.580322
244.379374	225.396866	48.209382
244.923053	224.526713	49.749988
247.74176	221.06111	24.69951
227.735115	247.236778	218.207349
227.414617	246.823632	226.062947
228.504509	245.185518	219.163532
228.754546	245.588669	211.578108
246.727226	225.879028	45.508017
242.51582	231.383411	76.404797
230.555514	247.063962	217.472945
230.447237	239.391352	175.762572
231.744052	244.638585	175.671978
231.679991	243.955032	180.899572
231.366871	238.278721	175.797134
232.219332	247.498265	223.557523
232.327697	244.752506	215.938756
232.250555	247.425785	222.690846
229.199678	250.86812	273.739296
232.665674	243.403203	173.955931
231.936631	240.928855	220.329236
232.009957	243.17295	221.969187
252.248996	223.066941	43.14808
234.891382	245.228978	222.874332
236.509247	243.952252	184.406297
236.52249	242.122091	174.029889
237.716641	241.357397	216.320534
237.821056	244.733009	218.731604
257.110011	231.302119	46.646119
240.283865	241.347661	181.077114
239.607446	242.39515	217.210325
240.414201	242.015262	175.836352
241.067254	236.863984	178.580239
243.588364	244.813977	173.167844
260.980748	227.045235	47.679912
243.401583	244.382082	218.144945
262.774654	223.72107	31.012122
245.19024	240.85236	178.549239
244.698204	244.453731	208.130392
245.229204	241.973126	179.395851
244.677107	244.530807	208.961117
246.918144	237.765436	181.25601
265.252362	224.930583	34.087224
248.048489	238.429099	176.888963
265.840954	225.254206	37.041914
249.252293	242.580418	176.808476
265.204143	228.315874	44.342613
266.563085	225.390811	38.541067
250.004036	238.305641	176.914935
266.641793	225.291957	37.813777
249.704018	241.740544	193.254172
267.567473	227.474817	39.343195
251.038106	244.113136	184.641143
268.175913	226.596234	40.835401
268.397034	225.172207	37.897388
252.330784	243.24823	174.181257
269.19568	225.211441	38.668319
253.190602	243.440301	177.711928
253.104457	242.455001	178.613047
269.845901	226.581577	41.658297
268.459712	223.539897	49.017787
271.707554	227.4918	41.748277
271.863614	221.370007	42.474501
255.599593	240.921656	188.264478
255.497375	238.818442	188.311952
269.940275	231.251003	60.985452
258.181635	241.476622	196.89716
268.724009	233.51287	77.935947
258.503804	247.438392	216.128377
269.121619	235.002544	81.470973
271.377613	233.898136	73.769855
273.948462	223.807284	53.99198
260.300465	244.341213	195.169074
275.046684	225.821826	54.064295
274.678379	227.319205	57.204083
276.539998	228.826934	46.444198
276.030045	227.953263	54.908977
277.307888	227.741885	46.467274
277.542186	229.239009	57.364288
277.894036	230.038632	55.792278
273.36948	227.104898	78.847898
265.760621	239.393587	177.036972
278.442822	226.879308	55.811054
275.662571	228.892186	77.305988
279.403163	231.334847	58.25073
267.772123	236.940383	173.531911
282.949765	227.933603	50.465893
277.923706	225.740071	78.244225
285.878153	227.438891	48.172434
282.498437	229.287628	75.100223
286.324313	225.466622	71.866378
288.538337	224.644093	74.559207
276.310624	242.561355	223.635666
296.984995	223.678894	40.152181
279.921088	242.356752	224.581686
298.575417	222.381277	47.342658
300.089579	227.464222	46.362395
285.323157	243.120254	226.38128
301.5603	224.109218	45.597802
292.866744	247.213435	243.689126
326.94054	238.565425	228.774504
343.393332	222.061208	66.42959
350.37482	222.643085	58.625074
348.045717	236.364902	227.573556
357.358276	222.085673	49.684957
358.95623	221.511191	54.604661
359.92891	226.005212	56.868072
359.750892	219.436688	55.510177
360.732918	223.932723	57.78352
360.719604	223.514416	54.523944
360.635506	220.336157	54.661395
361.349767	225.650235	78.136186
361.425168	217.516514	58.020828
364.137588	215.278801	23.369772
364.038123	218.034207	33.923987
366.094674	220.371039	22.254662
364.288247	224.456125	46.428169
364.959162	221.518426	57.840778
368.292923	218.778234	54.646173
371.138762	220.848188	15.394755
370.109839	224.813831	76.786614
364.688774	238.914659	226.371065
375.063345	217.676625	17.30655
376.845189	218.640459	73.746396
380.281997	217.456162	16.360658
378.994596	225.351752	77.9134
381.652513	217.529378	18.902746
381.540415	213.428819	19.166039
382.514134	223.058385	78.460933
383.32949	216.450793	18.917393
381.830784	217.380451	47.735917
383.328422	222.880184	77.55274
385.292346	224.094845	80.013271
384.35451	218.326651	47.474038
386.431471	217.497723	21.274924
387.397789	217.429896	20.392493
388.547731	224.328464	66.149912
391.235505	212.815322	10.970224
392.49402	216.759006	8.895772
392.521381	234.307916	196.315168
391.925249	219.041744	45.871369
394.506052	215.209815	49.397657
394.815878	215.940056	57.04328
398.856186	234.012739	178.222876
397.651339	230.954118	178.138227
398.791665	219.356389	50.253946
396.359787	229.817852	220.908057
399.677999	219.403427	50.903258
406.506282	231.192594	171.048581
401.574922	222.771717	54.574799
405.647219	233.486111	180.327847
399.304026	230.614565	220.912322
401.530576	222.701893	53.776
404.188227	217.509888	53.500338
410.23123	230.93196	173.978672
410.15101	234.149335	176.805388
413.000059	230.721987	184.187813
414.071536	232.746232	176.905761
410.327466	223.365075	52.1543
414.982611	222.224276	81.864814
417.113641	232.468941	184.307574
418.93832	232.309548	177.938431
415.939186	233.206654	214.883944
421.287544	229.971162	181.624843
422.93532	230.865008	177.05833
418.815169	218.153579	27.075279
421.91387	220.601701	78.325301
421.513924	218.143686	27.675956
426.340726	229.49152	180.761761
427.806993	232.544568	178.967118
427.813146	231.373938	191.616961
429.811274	228.08261	183.510526
431.420433	231.129246	180.800758
431.085445	230.093113	182.620881
431.064671	225.798905	187.122976
432.846059	232.046203	178.047291
433.545886	229.845399	178.945565
432.123012	226.759232	187.132339
434.070782	228.729467	181.692822
432.75702	229.837098	190.732434
434.312512	224.424878	184.397606
434.235379	228.676431	187.145198
435.549187	231.78047	179.881289
430.416123	215.329987	32.7562
435.897005	228.541185	182.601675
435.545521	227.501375	184.418429
431.475788	214.263472	31.994732
436.465855	228.465768	185.329914
435.743327	228.48231	189.828922
435.584005	226.369819	189.819786
437.495412	227.299258	184.409179
438.352348	229.324457	186.229111
438.933332	226.05519	187.110865
440.047923	225.946252	186.199295
439.609107	225.95773	188.902676
443.20613	228.798464	186.178893
443.861905	226.582641	187.064715
443.606334	223.413042	187.060495
449.501879	224.885942	174.173062
449.782776	226.97775	173.264609
450.152971	227.946286	170.490153
452.220161	223.520594	175.074195
454.471527	228.604477	176.012526
455.624135	225.222137	172.310159
450.377534	224.97785	211.798143
458.580666	227.021078	173.233601
460.676102	227.82116	172.319644
461.530847	217.747242	90.816222
463.76793	217.490398	71.304682
464.882277	214.618576	74.067653
475.945697	218.223706	89.743571
486.284891	220.454874	170.467051
489.447939	217.01453	94.135983
502.279705	215.706158	120.306881
505.697929	219.618776	164.724234
506.528472	217.517776	163.784343
511.133973	219.891577	134.195369
520.22164	223.752403	140.252588
527.853608	219.551532	164.791298
522.756353	220.879752	198.41785
539.424213	215.317492	149.107711
540.265122	215.308867	149.916198
539.073919	222.31203	167.576776
543.897939	218.285191	152.224586
554.575925	221.172596	166.165381
80.147437	235.967146	161.427377
81.366677	241.409929	168.24121
81.459571	238.593016	157.776438
90.094721	236.473271	158.574519
93.979265	234.70472	162.625985
94.295711	231.878737	140.215286
97.168645	233.904922	141.437374
103.915542	234.45658	178.101291
103.000715	235.645163	166.174112
104.863824	241.046538	174.46808
105.575098	237.158477	175.436304
105.961551	231.359319	105.646768
108.640874	234.919017	172.922635
112.674035	231.282064	106.270733
112.41427	235.214713	115.651673
111.957643	238.178036	205.93997
119.068512	237.024908	181.400038
121.643485	231.478032	110.382642
120.03196	236.727982	123.196428
125.99021	231.083156	107.170841
125.627104	230.235041	108.893102
125.286532	234.423927	192.922511
128.399491	234.449198	195.590787
133.680632	233.367398	161.208443
134.907065	237.70789	165.617855
136.194202	233.820797	154.36004
138.215179	237.602113	164.852828
140.860328	239.612738	164.929168
145.775296	237.564542	206.384372
150.759635	233.626592	155.519614
153.97843	240.680098	210.916353
155.782274	238.349467	202.082747
160.634396	239.14751	161.729397
170.645345	240.33959	203.863948
198.1287	218.725169	29.975084
199.864077	224.501241	37.12235
179.482447	232.697836	167.272371
180.575749	232.269926	162.117262
180.626719	235.922224	168.130034
201.604225	222.501058	37.990361
202.486723	220.272943	27.712157
181.501624	232.30244	162.993732
181.73253	237.956931	167.272199
181.51711	234.823246	168.154295
185.530439	235.551126	198.106715
184.611427	237.975791	169.040466
184.471938	234.458381	164.749895
186.421759	235.704453	168.223993
185.183036	231.537702	169.107903
186.442504	236.006515	172.547073
186.285827	232.925127	174.316903
187.339923	234.534023	167.380827
187.330143	234.781271	170.843199
187.420941	235.537859	166.508723
200.094398	227.379103	87.84763
187.405916	235.907792	171.698471
188.586596	239.006994	170.817718
188.266304	233.361215	166.53502
188.523626	237.999799	171.692724
188.239627	233.550395	169.135201
188.59467	239.065907	171.681596
189.234856	233.382748	167.414415
189.576959	239.024583	171.697444
189.292089	234.513592	168.273272
189.22141	233.569763	170.01718
190.336539	234.891965	174.36308
190.167378	232.207848	166.566451
190.231566	232.817448	175.259588
191.469273	237.813018	170.872931
191.465507	237.69199	169.139869
192.327568	235.3877	167.433819
192.336724	234.862476	175.266973
192.567476	239.011071	173.47702
192.526115	238.715162	169.14374
192.129979	232.49231	171.812471
192.319255	235.450393	168.302579
192.058175	231.178065	168.340061
192.251995	234.566899	170.919504
192.116971	232.308627	169.200705
193.558691	238.96629	173.493206
193.242357	234.33726	168.323697
193.185613	233.514617	171.816015
195.298117	235.496888	170.951412
196.294268	235.449869	170.965359
196.235422	234.442808	171.848982
196.371808	236.577037	171.825071
196.428165	237.46343	169.202283
196.315646	235.569617	172.708297
196.224715	234.198249	168.359235
197.166849	233.328099	171.876234
197.446141	237.229967	166.598185
197.502357	238.603746	170.946072
218.523104	221.409081	43.654631
220.839258	225.360367	43.6358
222.424053	223.34743	44.476339
223.195267	225.625233	46.751227
223.095763	224.613172	46.765576
225.363903	222.238705	37.221516
224.141078	224.811498	40.792005
203.534953	232.867028	185.015475
223.105748	220.902326	49.961234
204.941899	239.187558	184.907287
224.778111	221.735927	40.858768
204.660746	238.727358	178.015971
224.674832	219.615925	40.140002
225.648105	220.732949	33.598333
225.733271	224.050507	35.781938
224.020777	219.104303	43.845208
226.906056	217.70342	26.315021
226.754217	221.589786	32.954718
224.490573	218.337737	46.150977
224.926326	221.279333	45.354475
205.039856	230.559481	168.502369
206.681009	234.912129	185.874599
226.43751	217.395155	39.527752
227.684141	220.373669	39.573059
221.435959	227.477153	77.494808
209.004069	238.241906	189.227343
208.592068	234.698379	184.196104
229.470046	223.848673	36.067596
208.799527	237.882115	184.135906
229.830646	222.147132	31.042168
227.876142	217.690334	42.550222
208.833762	237.94169	184.990622
208.79641	236.002288	187.583341
227.725009	221.128911	45.475305
208.727671	234.94212	187.605603
209.745834	234.958585	188.466595
230.520324	215.297489	25.149472
227.564568	222.97384	52.431195
228.169912	220.361152	47.781002
231.482049	217.633083	28.245939
209.752167	236.834712	185.026124
231.334508	216.722982	28.964213
229.697116	220.925073	44.832412
232.074442	223.895407	37.713605
229.860513	221.468565	49.381211
232.016651	218.256882	33.405873
230.531704	217.630979	43.440597
233.568323	223.041049	32.121956
233.946059	222.267763	26.330283
233.778182	222.65099	29.249797
212.705963	238.514614	180.741364
233.306368	221.126458	32.80624
213.055249	239.247616	190.939746
234.138158	215.270599	27.01486
213.625004	237.405159	180.774678
234.293116	217.37657	27.78674
214.659641	233.867667	191.086078
235.472385	217.95092	24.936376
236.15676	215.979062	25.734125
215.358938	231.313386	186.079798
215.6434	238.311419	179.923342
236.919065	219.802428	32.426892
229.289995	227.273026	80.314587
216.678298	237.510519	184.258243
237.112335	215.830798	25.079998
229.112258	227.357358	81.22977
216.678298	237.510519	184.258243
238.258915	217.693667	24.469015
237.684834	217.633205	31.774173
235.194184	222.354547	51.225279
238.181829	217.879951	25.964617
235.86117	221.378233	52.050423
218.335111	233.045474	182.654593
219.255477	231.065711	185.286533
219.531365	237.121468	180.866742
220.358371	234.014389	182.664543
238.879404	224.732486	47.699198
239.000706	224.630907	46.965447
243.133718	220.339999	24.253561
222.287835	232.987049	184.432255
223.307866	233.937683	183.569268
243.617201	216.348302	24.98851
243.574626	216.439937	25.739631
241.466697	217.58001	49.402666
242.180184	218.099453	45.772223
242.358426	224.602504	48.755041
224.293022	234.696516	180.118083
241.562252	219.719254	50.162467
224.438978	236.946863	181.804403
242.512055	220.032925	45.070198
226.08446	230.739605	185.393148
241.252719	225.564353	79.579335
248.855733	220.617142	45.680841
248.526431	218.680725	46.371112
236.116616	234.707182	174.178638
235.855682	230.976922	181.229834
236.062796	235.219221	181.14686
235.768623	240.46885	217.11172
238.828309	231.878094	181.256095
256.251006	222.042805	45.70285
256.804745	217.783049	45.017146
240.376542	236.696194	213.262156
241.701898	229.334117	177.867541
245.709454	231.224981	177.883691
265.659124	220.882263	34.803105
249.872302	236.26395	177.834898
265.608428	222.80144	49.542061
267.013641	216.662834	34.84444
249.635927	238.689569	217.783343
266.054068	217.480503	48.806192
266.824714	216.382666	48.869472
269.064201	216.007894	39.370462
252.545898	239.412938	216.18249
270.24592	214.441257	35.70374
271.33186	221.026102	39.475425
270.438136	214.009889	40.921379
271.505943	214.879213	40.221566
270.4475	219.452811	50.661462
255.913137	234.310766	197.864898
254.984521	231.861823	216.530847
273.034257	219.604669	45.525123
257.816201	234.187304	197.921686
268.262384	223.748255	74.960154
273.192857	220.308462	50.84574
269.404895	221.915188	77.559524
271.241645	223.399347	73.459381
276.894319	214.111804	45.707738
277.397826	217.017691	44.196138
276.376514	220.415532	53.350039
279.181541	220.332061	46.534168
274.869958	217.544582	70.244551
277.624741	219.609505	71.320548
278.080282	222.624843	70.534912
275.92566	222.167322	82.364552
269.31469	233.886802	226.115779
288.538337	224.644093	74.559207
278.723042	229.446267	180.951002
291.014806	220.406444	67.89454
290.223491	224.669653	75.509343
277.656855	239.485027	247.644311
295.720813	216.970145	45.095129
278.763722	237.202459	235.325204
280.557423	238.294841	226.31037
279.55357	239.263659	246.817966
281.527768	232.650827	233.74214
287.126007	230.264686	200.565133
309.588368	217.316443	77.379499
346.012311	220.740592	73.550319
337.60832	229.139926	239.772671
358.26524	216.678333	73.242449
358.935023	208.454611	43.100344
359.697872	217.526464	57.214503
362.968198	210.72743	55.78096
363.894395	213.000372	57.312646
356.167453	227.010267	222.868676
365.686036	216.725971	53.965113
364.831383	216.779652	53.973451
357.20251	230.04353	222.889362
358.067385	231.05214	223.727976
359.087017	224.61825	222.104427
359.980698	230.88487	223.767084
360.158836	228.701945	222.121247
359.951469	225.629215	222.942105
362.37563	230.519294	220.498769
373.754733	213.394273	13.214619
370.801166	216.23192	52.283689
359.261344	233.841396	260.322463
365.983663	226.410862	227.992982
377.055329	209.482897	20.367034
378.570726	217.456349	73.587297
381.323869	209.372746	20.286643
381.378712	211.420495	20.152917
372.878308	226.808239	227.346546
381.663146	206.154537	17.037582
385.823401	209.196436	18.431808
384.350474	215.1279	46.835457
386.025697	212.022355	47.545543
391.809757	206.766149	12.193007
392.715852	228.154656	184.413861
393.240478	216.350618	80.842703
390.834843	220.653168	209.677436
396.726872	217.031367	79.843903
401.272538	212.89723	71.501691
397.69679	223.27332	216.630142
397.642545	222.215873	216.632906
403.683686	223.0738	181.989178
400.719677	215.551483	53.906831
404.668599	206.641904	14.012247
401.745	211.913174	35.608899
408.660215	211.745891	73.85814
405.727174	225.720837	215.753209
408.612356	211.14368	51.60358
412.346436	219.082973	182.23378
409.492031	207.940819	50.094067
410.302066	215.122483	50.648727
417.375211	224.99753	177.8131
417.154414	225.029485	179.653136
416.788245	225.008007	189.641574
416.54926	221.834553	189.613059
420.108326	218.337939	183.320442
420.898611	223.576599	187.907445
423.966292	220.099365	185.212327
424.355663	223.272551	184.332988
426.637311	212.341117	31.458816
435.019998	221.082291	190.693179
435.105628	222.140772	190.696173
434.325193	217.903965	193.349667
436.275502	220.977311	188.901927
434.265413	212.130023	80.719261
435.772648	216.742762	189.792636
438.473308	223.947508	188.903643
434.669548	215.256771	64.833202
438.762839	223.939956	187.102623
443.467254	222.32187	173.240339
446.494846	223.064464	173.237064
446.973023	216.573001	172.246553
448.05591	218.613127	173.193496
448.156704	218.583283	172.259656
448.823996	216.390491	173.177733
450.004821	217.311228	172.249496
448.433533	222.862116	186.994541
453.225509	219.070106	171.334471
454.068498	222.239805	175.056491
450.162194	219.028644	201.79066
451.867223	211.982977	72.786373
457.978587	218.600748	179.604616
459.225628	207.275874	63.245054
487.500857	209.107051	95.193486
491.391068	213.469039	153.957339
488.855729	212.982199	203.766985
508.398117	207.448824	94.198468
519.701002	211.637631	141.980162
514.141451	207.585555	211.037439
525.662602	215.622449	159.527148
530.361976	210.400795	143.515326
538.271225	213.332465	150.052753
76.316741	232.465136	154.538225
80.829391	226.756224	157.691424
82.350751	230.442336	155.066028
84.287942	227.762054	170.293955
84.920299	227.592569	168.41441
85.973169	228.520781	181.118866
83.158389	226.999663	138.936634
97.622133	229.686095	175.918294
95.984479	228.860845	140.453921
100.708388	233.026238	184.466322
100.478274	228.206037	170.543746
102.632275	229.437727	175.291018
103.812444	228.893978	182.732069
103.089709	229.096638	170.740423
105.442325	231.467697	178.191649
104.999618	228.562436	164.557987
106.009023	233.044518	172.756005
106.177567	227.811083	168.262626
106.924207	233.073678	173.721701
107.54605	232.869974	171.056581
107.049089	230.426394	139.173411
110.019629	229.25783	163.206389
110.937997	231.329478	151.803337
116.360356	228.44841	169.010264
121.107862	223.403445	110.418026
121.310664	232.867507	200.816686
122.037182	231.382156	188.573409
121.291379	228.177259	154.391835
134.04312	220.130002	100.709713
135.380292	221.422499	104.204661
133.252995	227.896919	155.898746
140.31973	220.114415	102.613396
134.449194	229.893275	209.139084
141.31801	219.444884	106.979862
141.010305	229.500023	202.150081
145.475958	224.118488	115.633512
150.227688	221.408048	109.685602
149.361696	226.840461	161.53013
157.115729	221.371127	112.336842
150.943091	226.666794	210.282962
159.461534	222.818593	106.227401
157.883151	230.208751	202.247231
158.575996	228.336365	205.793011
162.705271	228.502903	175.595919
176.546209	223.536412	88.220404
180.311932	215.615029	70.442938
172.714368	226.257243	178.440433
177.399214	229.570608	167.257305
201.715079	215.72537	31.717589
201.581542	217.008402	34.092669
181.263314	230.55992	168.184829
202.654143	217.859128	42.143639
181.957476	223.869724	164.790823
204.269895	212.653671	41.432041
184.940271	225.947421	165.685049
185.019525	225.750908	163.083539
205.25134	213.708794	42.215141
185.962607	225.775908	163.963518
185.991958	228.169307	167.416513
206.819785	212.006944	36.646312
208.276395	213.238346	21.739297
185.814727	222.575917	163.994348
187.098767	230.199425	166.545597
186.108993	230.304453	167.398871
186.890301	225.864413	165.713316
188.139179	227.861117	179.647038
200.492397	219.211288	88.075253
187.944907	226.82461	164.847509
187.775916	224.945187	168.347845
188.91535	228.168584	169.199816
189.09828	229.985182	164.833245
189.071202	227.650386	162.240332
189.075994	230.609013	173.528215
188.845024	226.339118	173.581951
190.0434	230.071561	166.58354
189.87068	226.867306	166.612924
191.760633	226.720647	195.936997
191.957892	229.349794	172.72218
191.778198	224.513897	164.915837
192.080796	230.59644	175.324846
192.034492	229.918681	165.735442
191.996898	230.109864	168.350355
192.660735	223.903401	171.937633
192.89361	227.34988	175.389325
193.976186	230.081341	169.249741
194.935812	229.212653	172.77265
194.820072	227.077016	172.802061
195.9072	228.982221	170.164594
195.710494	224.009274	175.497697
197.22513	230.637231	243.523026
197.685146	224.6777	171.131753
198.812312	226.888724	172.870413
199.693708	224.644296	172.04376
199.683407	224.520841	170.285849
219.924599	216.260701	43.780056
219.667045	217.564187	46.066041
200.720213	224.719284	173.818345
221.616416	213.03147	43.116893
221.370757	214.332931	45.38324
201.741245	224.04838	165.025187
202.00768	230.006658	173.74797
222.044411	215.58599	47.696123
224.039259	216.8822	42.379605
224.557267	216.388009	38.695682
223.490307	214.040284	43.915603
204.454816	226.071404	194.489045
224.344535	214.368827	38.709927
223.735876	217.805693	50.034057
226.093291	212.147316	38.10481
225.368537	211.716809	42.525489
225.145032	210.79948	43.283532
225.35916	213.937732	43.985232
206.525617	229.912868	190.231655
225.066018	217.467806	47.721033
225.840257	210.937464	44.81657
227.648361	211.222315	39.690846
227.442223	211.41591	41.14991
208.272075	224.705192	192.917926
226.64581	210.978935	45.60359
228.514679	211.365115	33.141509
228.473813	215.710091	43.351938
209.650714	231.098958	193.58844
230.342139	214.48081	26.628884
210.249112	226.482345	189.529097
231.738454	209.25614	26.006595
232.05575	214.657294	29.028512
211.390975	230.49718	186.895151
229.752427	212.750684	44.957922
229.823326	217.110215	47.140115
231.01054	210.177452	41.396953
230.791716	210.370434	42.844999
232.824227	212.496151	28.362516
230.137137	215.310907	49.475584
232.405665	215.471011	35.620247
230.98863	216.859512	45.700422
233.109285	208.787023	31.375975
232.885091	215.909566	39.259867
231.16252	216.274916	49.504897
234.233062	210.746063	31.463444
234.759916	214.58733	30.029113
232.3511	214.910046	47.302624
232.896368	214.027504	48.857859
215.031861	224.996226	187.082928
234.872721	214.487749	37.280756
233.525575	210.194872	43.029718
233.606273	216.7918	46.600401
233.228181	217.085852	48.833024
235.474811	210.130855	27.141183
234.333241	209.424684	37.315007
217.214474	230.030578	184.42305
230.325126	220.098029	80.94244
237.997667	210.326652	30.368772
238.918381	209.075076	28.992445
219.984775	224.967285	189.704705
222.058517	228.735229	184.522114
242.282805	212.471178	25.576793
222.129847	229.86397	185.355011
222.742815	223.17062	182.073986
222.905468	224.830152	189.749027
222.828723	225.23687	181.161181
242.936226	208.120488	23.324045
242.717531	212.044368	30.823651
242.751557	208.473859	26.378596
240.52831	211.63175	50.88922
224.068284	229.705094	184.529441
241.723752	216.260835	47.206292
241.736297	214.018883	45.771617
223.908587	226.51339	184.599245
225.820259	226.094709	180.318108
244.403795	216.073661	47.444176
244.75213	214.650253	44.587992
227.75432	225.127919	182.962902
229.707055	224.966101	182.13035
248.969795	211.145074	44.321821
230.326528	227.626693	237.385711
231.589187	222.231915	175.248321
249.304496	215.345971	45.01542
250.190368	215.279578	45.102708
250.074507	212.003269	43.696299
236.640406	226.677617	181.328051
254.939282	210.857733	46.341121
240.747614	232.083122	221.083489
264.04624	210.378641	21.618031
263.195902	212.194022	46.355874
247.92345	227.530823	222.371031
251.380404	225.476667	176.307473
250.518489	230.51414	210.510168
267.929715	206.078237	33.389459
268.125745	208.137138	33.391119
266.171149	210.157234	48.842326
263.175558	217.71386	74.325662
269.147085	211.33005	34.920327
269.804938	208.084039	34.191362
267.71161	209.08568	49.722475
268.808133	212.253776	50.543088
265.615172	212.171498	72.683481
269.694007	209.888122	49.113329
272.177969	212.745758	40.252084
258.298217	222.426755	197.325003
274.445741	212.949609	43.342032
275.770912	212.388683	39.609432
274.522895	212.584567	48.647142
276.068513	208.063084	47.222884
272.154296	216.127181	74.219131
278.181599	207.257902	50.398466
277.735894	207.708195	53.47661
275.092769	212.396523	71.057155
266.720658	227.301033	185.2582
275.884897	214.286659	77.941979
276.91784	211.136358	70.376978
279.317334	216.931691	75.680552
273.529922	228.234665	202.779253
282.962452	215.584056	75.111605
287.978633	209.112851	68.748137
278.238587	224.788638	226.432611
294.232001	211.301312	64.83204
286.444769	229.77772	229.755889
301.753338	210.266055	68.562765
303.546096	210.153537	68.623715
349.041478	201.588446	7.844857
354.126161	201.780938	16.833425
355.388334	199.790671	20.384972
355.738906	201.756628	17.772339
355.519456	200.794185	19.507871
357.30705	200.693042	18.739257
358.38285	201.983994	25.503907
364.043012	205.441475	13.565061
353.331199	223.040964	222.003346
358.999419	217.229463	221.30237
369.483451	201.300872	17.372201
362.204324	216.843245	218.871783
368.883829	203.261361	49.600538
371.118014	204.009874	71.5645
364.823479	216.672583	220.585551
373.743703	205.688373	26.513728
375.989258	199.200274	20.131487
373.177786	203.40103	52.544621
376.280372	202.209693	18.232273
367.04051	222.022191	226.386522
375.006124	205.754936	77.821995
380.093465	199.192137	21.813122
382.190622	209.379454	77.183861
385.840025	204.392285	80.013867
380.514703	219.394598	213.111306
388.607462	203.66556	9.848557
388.649799	219.828317	217.486852
395.851925	197.662698	13.369219
391.680948	219.553064	216.640796
392.832404	219.549796	221.776478
396.49972	203.062688	53.158926
399.119976	206.414732	77.363631
395.54616	219.211392	216.647193
399.884278	206.071495	51.90148
402.536142	202.872077	50.941295
407.026048	207.886634	75.447376
406.768825	202.292998	43.437296
414.680016	210.28742	181.374054
412.82606	201.308153	57.8347
416.573092	213.281758	175.866089
416.274452	212.259949	177.714812
417.250756	213.245075	178.657298
417.636343	215.357164	185.084569
417.321618	206.387194	58.55523
418.239463	206.368246	58.554267
422.805539	212.719332	181.511253
422.459131	212.751993	184.253469
421.014237	201.020908	24.52008
422.069508	206.023493	71.329299
424.429763	211.490554	183.366185
427.334224	212.277952	184.310221
427.741523	214.341502	189.749123
424.65607	198.534796	32.808426
429.385577	200.723158	69.942362
433.622599	207.831732	75.064075
434.817892	201.376685	66.67782
448.498451	213.220729	173.16544
448.282095	212.192627	174.099115
449.368182	213.142157	174.098139
450.557344	214.06384	173.165732
450.300481	209.788086	171.293468
450.836504	207.636333	173.170226
452.39169	212.79478	173.161899
448.763677	203.769078	83.498026
451.927998	208.582859	173.166131
458.084182	209.552774	201.020111
463.611542	209.420473	174.092986
464.308095	206.825849	196.728201
477.381082	204.662863	99.643869
478.797024	203.38404	94.478492
479.528104	207.664239	101.28517
483.940148	206.282164	203.96243
494.933024	204.858796	211.366828
502.580209	208.511796	177.509396
522.078897	207.569632	143.676007
517.509689	201.553111	209.260156
540.895837	205.507775	210.022985
542.884194	205.60307	208.059419
550.001204	207.100973	189.705824
574.137226	206.743041	154.895662
86.189876	225.991097	173.307451
95.844841	225.981698	177.704931
96.155203	222.698757	173.013538
98.600487	220.66425	173.192219
99.958944	221.151791	180.76522
100.808828	222.027351	179.863372
100.746271	220.147609	180.812757
101.146922	223.361564	171.522691
105.394169	226.009361	170.014245
110.561798	226.753494	210.981207
112.75101	223.639484	168.773484
111.755471	219.016302	159.780792
113.253862	224.271128	164.356532
118.072309	221.517168	207.659479
127.431521	216.613723	93.582
123.375075	220.410652	146.600469
132.408745	224.45234	163.684669
132.040914	220.944353	157.504681
132.33435	224.019281	208.544515
134.581621	219.15357	161.964375
155.770486	213.317654	57.565437
139.384726	222.550486	227.135741
145.395246	221.11215	218.477576
154.851322	212.535093	102.900671
155.32451	217.513862	101.907251
150.542727	221.64218	210.451669
154.529595	219.834915	182.447031
184.4576	214.23239	68.697651
172.076149	220.875602	192.292925
184.840677	210.62358	95.794515
180.91507	223.950006	195.809933
179.726443	217.747775	167.423017
183.699584	217.268709	163.16496
183.61462	217.45863	165.766153
204.965105	207.40658	39.89468
188.290229	217.234237	195.301624
187.531388	218.415471	166.689208
187.494363	217.348981	166.706032
187.681985	220.35778	164.047385
187.641457	219.291705	164.062249
187.478184	217.411159	167.576882
188.606173	221.7608	169.275209
209.764927	207.270459	40.704311
189.503861	217.135026	164.996328
202.276976	213.99239	87.289547
189.639881	221.465	165.803011
190.382382	216.272184	168.523027
213.193053	206.497992	26.755582
193.392353	217.509153	172.940688
194.378087	217.402053	172.084207
195.369757	217.294558	171.226828
195.450822	219.430843	171.186259
195.465608	219.553526	172.941709
195.456228	219.492254	172.063925
197.489385	220.343824	170.325296
198.406463	218.222385	171.263984
199.536387	221.317354	170.340752
202.419299	217.910171	169.57624
225.223418	207.592478	33.662346
227.325368	209.293531	40.444523
226.662913	206.536776	42.693461
209.195321	223.597437	192.963629
228.024984	207.210459	40.530541
228.728638	208.759828	36.871162
228.843762	208.357674	42.032751
229.649905	209.507457	43.533482
211.990152	222.133475	189.673134
211.967986	226.001124	222.825985
231.329868	205.364944	35.681691
230.331256	204.081243	41.493968
230.729158	202.603794	37.893068
233.577993	203.431713	38.115271
234.368975	207.116075	35.187921
233.493826	204.632773	39.530598
232.833656	201.856541	41.737627
233.762741	203.248383	36.678884
233.762741	203.248383	36.678884
233.172206	203.801345	40.980974
233.630669	204.110175	43.924124
215.867192	220.022557	192.324256
234.091629	207.077346	43.145667
235.723954	205.312545	29.453003
237.645038	202.721746	34.870669
219.556159	217.104216	184.777992
237.237705	201.615206	42.824813
237.988654	202.088973	38.551112
238.59936	207.877568	44.194075
237.528865	204.251424	47.863204
237.745668	208.549269	49.250515
238.438726	201.940355	46.534162
221.71552	221.345289	185.55412
243.253417	205.563786	27.963087
240.090227	204.142765	48.789038
241.596963	204.723168	45.974969
224.56106	219.750246	180.446838
224.603839	220.816442	180.421522
225.546406	219.023904	185.662706
245.032616	201.984516	24.317057
226.598403	220.979032	183.906106
243.264265	203.553355	46.152309
246.43728	198.991395	26.02672
246.483558	206.932291	33.440371
244.508419	203.198486	44.120542
227.566684	220.264194	189.080279
245.449165	202.590709	48.541161
249.166218	199.876882	27.034551
247.474589	202.252031	47.284063
231.323974	217.007115	190.91848
248.177425	206.194113	45.796453
248.599991	203.117193	46.640596
233.378212	218.18803	179.731258
252.280392	206.548236	43.302961
235.274456	215.896417	178.939652
253.031294	202.743598	47.057355
253.792867	203.904842	48.546657
255.578868	200.796543	41.580519
255.258991	202.206129	44.392353
255.484239	205.413924	45.05386
255.918017	201.186203	45.192679
258.452762	202.192418	46.831443
243.200343	215.13361	173.803365
263.386141	199.807318	28.665012
262.207144	203.979574	47.113624
248.138422	216.466723	207.450231
264.803957	201.920751	40.73172
250.19694	219.480771	206.576931
265.283868	202.951448	49.592627
251.507844	219.453547	218.511349
253.731903	215.114373	181.795644
253.771725	217.367788	209.285471
270.260352	200.166009	38.741672
269.033233	205.921321	50.602432
254.221875	221.750197	221.896147
254.90231	216.353185	222.072055
255.242547	219.227952	218.614833
272.898595	205.331259	48.596159
267.747902	205.293361	77.065786
273.993354	203.901092	46.389092
258.975322	217.843582	217.894855
274.450878	203.099432	48.695414
261.675409	213.846042	199.282674
276.425235	205.067728	48.784243
274.120288	207.172236	78.599997
281.699662	199.559396	30.98695
291.15148	197.01448	19.825053
278.697567	221.962037	230.557085
281.729337	219.253232	215.8404
293.214596	204.171299	73.458937
281.864565	220.181741	225.717354
284.83502	220.864993	224.120881
287.733669	217.204684	221.752959
289.714558	220.254195	221.769343
346.092064	197.632942	9.559702
350.619258	202.877968	76.420852
350.451362	200.122264	72.10926
358.430212	194.229987	13.7592
358.139226	197.834811	26.462969
358.789913	192.572363	26.630348
351.026899	215.676744	217.05668
358.424603	197.587902	72.543765
353.832277	210.099498	216.285839
364.968543	195.216186	17.503679
364.072151	192.763757	35.818654
357.221879	213.08881	219.644227
365.335545	196.847674	63.846065
358.049037	213.046221	220.485385
360.519581	208.405986	215.558848
360.004314	214.9884	220.508472
361.751323	213.803948	221.377375
369.673538	198.891515	48.925208
371.384648	195.219349	21.997217
370.583297	199.757708	47.365231
370.415711	193.798718	51.266255
370.53299	200.25233	51.932807
373.256401	197.221203	21.079298
365.121254	214.709342	224.738384
375.448953	193.14329	23.848699
375.421247	192.113726	23.892479
373.945344	195.534511	48.902792
369.060675	211.080567	223.220977
371.243138	208.491616	214.009376
376.531605	194.389318	48.835936
377.495644	200.261178	76.613322
377.394509	194.511242	50.266514
380.034026	198.815238	51.493123
382.434071	197.171536	23.583435
382.412004	192.034084	23.010379
383.719332	201.790056	75.136968
385.697766	200.180709	79.059717
390.505271	197.28166	28.20183
389.575403	193.438045	51.410405
386.895418	211.501415	220.132902
397.289524	202.434276	77.29065
397.373816	197.644418	51.037183
398.134888	196.012608	43.34694
406.156025	208.930168	176.566807
410.442011	198.493827	73.342484
416.077455	195.547197	76.169977
418.131709	207.755378	174.992989
418.714313	207.739544	178.70695
420.147045	203.314781	179.694688
420.460786	206.503575	179.664713
424.193053	194.328675	61.389158
426.039609	203.798465	187.981029
429.614392	206.690756	185.263712
428.210648	193.570341	66.137686
430.139646	202.26365	192.530072
431.073826	203.229234	193.415391
435.666928	199.273144	64.887042
439.114902	203.015354	208.833097
438.853517	199.81372	208.903217
443.736466	199.308442	70.273773
451.811505	201.17796	175.097049
457.695219	199.922469	203.913953
465.549462	200.03737	97.990412
488.221984	197.271159	153.809345
483.379274	197.861547	208.779035
485.647701	201.005919	202.384446
490.862753	195.366973	100.153621
496.315409	196.703203	152.73286
507.074362	196.244526	158.909587
510.098084	195.347672	119.150341
514.440682	199.084112	113.436532
517.029681	200.733962	147.150094
509.640938	197.237082	202.126952
516.132571	198.468814	212.113469
517.116616	194.618741	209.344428
521.848779	194.025817	221.054092
524.445538	198.574564	207.190141
530.944957	198.41378	210.648771
532.308037	194.407176	212.515638
538.264856	193.283256	196.135411
557.690573	195.404002	192.112545
560.276248	195.39537	178.452611
568.110009	195.026795	163.038102
564.347467	193.510045	193.654306
75.328552	217.005125	158.075862
80.406719	213.284182	171.841928
85.324569	214.028556	183.010106
86.102051	214.785786	180.087479
87.667357	215.512101	177.235141
89.020989	213.556497	165.814456
92.109396	215.763713	169.867384
94.82557	218.558106	182.44511
94.757217	213.895022	171.970388
96.19389	212.962846	161.881279
99.697287	217.20968	179.846756
98.556785	218.385094	157.620828
100.365076	217.15358	166.870245
101.140914	217.787876	175.24564
100.629243	213.619113	171.507445
102.410657	219.168046	181.840222
103.469376	215.833787	164.416974
104.577246	218.62541	175.470377
105.724604	216.202108	170.066746
106.482946	217.04392	182.063248
112.205885	216.689866	200.663149
113.799366	213.593046	167.071335
117.391362	213.702948	135.876488
123.484071	217.392056	158.814334
130.067998	211.424015	115.328108
133.551665	215.125943	161.890184
133.199675	219.955831	233.224485
136.866221	215.955604	209.07691
141.31328	216.801801	209.006129
145.356615	214.667044	163.138968
150.774656	218.122785	201.718803
156.021689	217.066638	204.370252
161.669636	217.728342	201.685106
174.967273	213.423266	178.692564
177.611401	211.569831	169.206482
183.398073	211.193017	167.611271
184.483991	209.784947	163.324093
185.488689	214.116012	164.98762
207.493569	202.163126	39.161441
187.379128	214.212227	167.63315
187.350295	213.146407	167.653863
208.701327	195.184468	31.322816
189.349019	215.372365	170.270129
209.466508	197.369718	42.415544
192.154842	208.774215	169.602851
192.146364	208.833291	170.477112
211.328014	200.827549	57.266112
195.159873	209.700933	169.642885
195.269904	213.969092	169.539236
197.266329	213.875727	169.579113
198.273063	212.579503	166.986709
199.258111	212.593288	167.884863
204.665082	211.038599	194.122329
211.797971	216.138788	194.904962
234.162908	201.426239	38.947638
215.481674	214.084306	184.809798
215.296991	208.736539	184.968981
215.479622	210.613719	195.13648
216.549516	214.366058	189.109245
216.517042	212.498409	192.564352
216.505602	212.42969	191.719938
236.262189	201.024575	36.969435
218.582278	215.478116	190.803863
219.39416	211.153266	190.945113
219.246851	208.487126	184.162561
219.334646	209.219364	193.547552
219.294694	210.499447	182.368394
219.34932	211.695697	184.06618
219.517562	214.362908	190.848696
222.179386	207.278043	184.233879
240.242413	197.317475	43.940288
240.588495	197.049975	41.824667
242.838335	198.083718	24.121986
242.430202	198.414326	36.910437
243.413086	193.766786	32.682824
244.495201	194.631773	32.020807
244.617027	200.86285	42.064618
246.056483	197.209089	28.329353
229.062421	208.751952	193.671712
249.986018	197.623913	25.552183
230.969906	207.515766	192.878764
247.004958	198.108248	47.371451
231.043316	209.657427	192.818014
232.080242	207.449303	178.261253
250.331445	192.558772	26.367937
233.009281	207.893094	185.18355
250.148828	198.631108	45.480139
251.42502	191.969651	32.631795
234.993954	211.535855	191.961656
251.035523	198.552887	45.559801
235.128217	210.445835	177.336622
251.572311	196.489792	46.381255
253.929799	193.345446	27.408552
254.467721	196.063328	45.198644
254.442445	193.20628	38.03287
255.345989	198.254894	46.656573
256.341124	200.358374	47.413943
257.497602	194.867677	36.735426
255.883376	196.186273	47.47276
256.780106	193.828955	46.150071
259.496605	192.26327	33.109535
258.659894	192.953198	39.765045
254.481317	202.6022	73.164308
243.961622	206.479354	172.295602
258.448084	191.996401	40.493584
259.428154	193.441253	34.616214
258.43325	193.761834	47.001368
259.406328	199.307945	49.891134
261.616076	198.52103	35.436439
264.543601	195.769358	31.008218
266.045338	197.692372	41.578221
267.323526	198.393967	39.401577
267.49797	197.102244	37.16879
253.630151	214.161241	209.359943
254.518754	213.190026	185.324117
255.731953	212.996294	221.337216
272.556	192.324275	35.697564
266.752851	195.333267	71.898412
268.275815	195.484843	73.756425
274.064637	194.664458	39.566499
259.233659	213.89854	210.356426
263.690752	209.636399	225.743357
268.871474	207.426939	217.454762
280.66918	198.71904	73.35674
275.215876	210.683995	222.490363
290.509534	196.233163	68.288185
293.602793	193.309485	64.269786
294.352209	197.970736	74.535059
298.19814	192.907499	63.63172
312.622735	196.589228	66.54075
347.17574	190.442923	12.342623
347.982223	189.377174	12.396452
345.477841	191.370351	74.154417
349.472473	206.150365	212.89124
349.221144	201.907918	213.740959
352.263165	205.016342	219.603555
352.982736	201.565468	213.808974
353.942278	205.781336	214.638227
361.674442	193.008224	64.842363
355.402627	203.571057	217.194551
364.405074	185.140922	28.705304
356.208241	206.760875	218.846113
365.422482	186.556747	39.130905
365.0858	188.586143	64.619233
359.290744	199.948181	215.637317
359.826628	205.385096	219.767184
361.927198	204.945588	204.406539
366.980812	192.52903	63.727642
360.260915	204.173402	216.445311
371.619574	188.082003	26.477123
370.868406	192.055041	74.762049
371.256347	190.259736	48.292711
374.1074	187.034908	27.402548
375.07633	184.931956	25.802182
373.825359	185.804836	46.821785
379.899069	192.633753	74.564388
380.640189	188.360428	73.622651
380.850983	191.323245	50.83976
382.729645	193.867985	76.743116
381.18023	204.477155	195.538908
386.130063	195.114125	72.261245
390.456872	189.673467	70.919111
395.895493	192.632878	71.249644
414.445267	187.292421	47.552475
419.928417	200.113284	178.817872
419.197092	188.949829	69.212658
424.577488	201.823107	182.519589
425.436557	192.544494	79.617633
425.856894	198.47103	185.323162
426.744556	197.216674	192.565557
427.347149	188.684764	67.037377
429.168468	194.794858	194.409332
431.399042	198.986778	188.093185
435.369852	190.960305	57.678028
438.727985	191.484421	67.953052
440.198177	187.173439	78.347584
444.121295	191.880426	77.71591
445.785572	197.526454	172.342048
450.683379	193.139696	87.160162
454.454533	186.618941	74.831563
456.876803	186.961532	83.126276
468.339494	188.052807	94.052024
472.840438	191.046146	100.041895
473.059923	187.884093	93.284967
478.486463	191.365797	202.712472
483.884986	191.530725	95.877161
482.295974	195.097443	203.484701
482.205739	194.072432	203.523963
488.320027	192.656876	105.288181
488.183675	191.660133	104.495272
482.21519	190.813373	207.254523
488.628026	190.054169	211.819134
493.022767	191.953692	207.209599
492.72526	189.899858	208.174433
495.945458	187.61073	209.077453
516.74259	186.809141	208.417745
522.430054	190.849081	205.40669
529.196702	188.947863	166.820316
524.487823	191.059611	220.125283
532.063394	187.914513	164.819276
536.959214	186.811862	161.793703
532.217331	189.585711	192.566061
534.030942	191.464895	193.462237
537.07598	190.762248	183.787828
538.8054	186.946214	181.672387
539.394787	190.544927	192.200291
544.138885	187.235301	203.592035
546.65394	187.716692	189.804318
553.529811	191.559286	188.46784
557.356852	192.45858	173.877686
558.639785	189.472505	170.892395
554.320095	186.707631	192.274118
562.458065	188.570816	178.158053
571.449119	192.224438	171.066574
575.146853	191.274514	173.716601
76.052677	210.361369	171.513997
78.297391	209.163799	181.632644
77.675318	209.677757	163.827152
84.307655	209.53767	188.932025
85.324569	214.028556	183.010106
84.882617	207.052212	168.23201
86.128473	212.192917	185.031728
87.170517	208.485042	174.253324
84.358582	203.581044	143.480272
90.455561	206.471695	174.50456
90.562382	204.807799	137.321017
96.092921	209.901527	184.544559
97.076967	207.089521	173.119755
98.625142	211.556454	181.760737
98.521902	208.666291	169.475713
101.036762	208.672853	183.849772
103.678711	211.840967	190.513661
103.165049	211.645976	172.64426
107.01098	207.346928	170.200618
108.515034	209.947646	179.514289
111.212764	212.007419	183.304306
128.147035	209.968297	200.309818
131.170994	209.444833	193.047486
130.574149	205.978321	147.694365
150.493158	198.218089	98.022165
156.368496	199.944531	97.129331
149.346813	205.485141	167.623368
158.722006	200.063197	99.824899
150.187517	202.699035	158.917408
157.88446	197.714102	108.699564
158.254293	205.372567	201.341324
160.841989	209.045494	211.664133
179.48627	203.759215	165.083581
183.327866	201.459674	165.245877
184.238702	201.525274	166.997755
185.968403	208.090797	199.701838
186.242817	200.261049	165.356076
190.213486	204.319241	165.320084
192.144627	206.526022	167.9134
214.102407	188.431395	37.062826
195.197263	204.027179	164.551186
195.059062	205.552332	171.512551
215.906245	188.565855	30.122408
219.078449	187.950706	26.42857
221.180542	207.198972	182.493618
223.087572	204.543557	191.191792
225.048063	203.807193	182.645038
229.988956	203.39488	180.10624
229.888422	199.13097	180.251284
230.546919	204.434334	206.475979
230.915723	200.035534	178.492582
230.906252	200.092787	179.359023
249.260145	189.733675	39.887971
233.91526	200.849664	176.752752
233.814848	201.374478	184.525854
230.358123	206.384083	272.938212
251.589693	190.846984	42.934432
234.879649	198.568612	175.101815
253.78072	185.888744	37.292056
257.349764	184.955139	42.650378
260.778982	189.139349	34.666238
246.717994	203.37568	175.917035
264.436719	186.541422	44.500539
267.639049	188.131095	42.401853
269.178487	185.818297	58.476184
265.565327	198.635865	184.025277
269.429506	204.281477	206.469279
272.936742	208.986239	237.326482
285.809462	203.914879	216.048784
287.384296	202.99018	219.390016
287.678229	204.927628	216.899599
357.11182	188.458097	73.498824
359.59321	185.686032	64.099767
347.610096	196.420883	259.810031
350.162143	196.370444	262.287844
353.355991	199.802282	268.67336
354.724643	197.159222	264.088141
354.636345	199.451394	265.584755
363.609904	198.536025	218.28921
371.292686	183.979328	29.033583
363.726121	198.503078	217.44973
372.1587	183.969861	29.063517
374.220092	180.949528	35.568746
375.745981	182.88455	27.521068
376.580307	194.949561	263.287594
392.374743	185.262136	75.742223
410.315428	188.114666	175.385516
412.504317	191.102376	185.331695
414.457324	195.260864	179.776017
416.654813	193.954921	185.305872
416.840387	190.744431	180.835358
412.534343	193.866702	221.047655
418.872058	191.632585	180.827889
419.809234	179.494804	63.341554
420.600572	184.259019	60.619067
422.522814	191.29071	182.693937
417.457151	192.240422	219.283725
424.5441	192.076791	190.847109
425.613566	186.696255	185.565571
434.260384	191.233277	172.510494
435.805322	179.937809	69.784389
441.191486	185.285274	182.926613
443.613292	184.995583	186.634471
444.323231	179.741855	68.697417
446.636625	186.582269	88.747241
445.804205	190.683837	202.472688
450.263825	183.567046	70.000866
454.50297	186.431999	90.985017
465.256193	185.255871	94.075396
475.030168	181.426229	201.322271
483.16313	184.101342	107.214584
489.835453	181.078092	113.963497
484.08882	186.66139	204.702055
491.606947	183.665877	212.869731
505.335873	183.974405	138.264549
500.91841	182.913687	216.299411
504.14208	184.919572	196.715678
512.964367	182.905967	143.469134
508.917702	183.560975	216.07259
510.707792	181.923351	195.382397
511.28207	183.900524	209.527231
515.306069	186.018282	188.629422
516.793452	184.07366	205.565598
519.483603	183.82643	194.014855
525.585274	184.206061	169.552572
529.525042	184.566032	197.409457
532.619065	186.085016	175.553868
533.497811	182.172701	168.07582
535.826164	184.014317	187.456149
538.260599	183.653574	197.015182
543.525954	182.854216	163.768422
539.187981	181.842675	194.988827
542.644172	181.176959	182.172271
549.082804	182.798315	195.489908
551.663841	179.981089	194.319165
558.393904	182.882885	182.142311
560.165288	186.704422	194.880747
565.519997	183.792	182.694508
569.420999	184.371901	169.115229
77.268864	200.545901	183.526354
82.275516	201.240827	179.824073
83.273723	204.344146	182.912422
83.769912	199.069337	176.911919
86.731825	206.529249	188.081581
84.296613	200.61364	143.459291
88.31914	197.105251	157.224662
92.3652	203.05644	181.51041
91.747907	200.86084	156.741153
92.912225	200.265132	151.484976
96.637652	204.070852	184.68808
96.593091	203.105074	184.705433
96.313987	198.921027	179.868965
104.921437	203.521124	182.263088
106.668077	200.309171	197.718887
107.900468	202.04814	193.855087
110.259233	203.251991	159.585927
118.082264	202.08755	162.851198
122.593986	205.147036	195.877912
123.630262	198.429638	183.175369
123.36759	203.145203	167.626081
124.335323	199.447042	206.500916
128.72078	197.84263	145.856615
129.584579	197.790384	145.895057
135.856295	198.496275	201.048448
138.655323	201.718704	209.145353
137.546931	206.120193	239.457863
138.440152	205.083233	239.48109
148.243336	195.500944	129.730057
147.524512	200.705482	157.941293
153.550022	202.526137	201.54869
163.970808	190.994614	101.239146
157.025165	195.543215	166.183237
160.733166	198.988347	201.642319
164.241993	197.06883	207.006377
166.172438	195.656026	203.540451
167.262871	198.671605	202.495169
172.232975	199.370619	157.234447
190.233692	197.845309	163.800834
205.739631	191.577393	82.489415
202.914205	195.64523	172.9301
215.85412	192.725264	186.395123
217.039321	199.746161	194.677334
217.988903	198.850288	183.604953
221.945013	199.107179	189.656359
225.907305	198.364544	181.975323
224.830071	195.88488	239.097613
227.83894	197.325535	183.756954
228.677761	190.838986	183.149555
230.884186	192.912084	210.195043
233.661567	194.920295	183.885244
236.261762	193.455567	195.059106
237.813256	196.207438	173.476553
249.442855	195.377331	201.138157
264.11808	177.748086	40.58162
261.061154	196.534128	196.988193
279.393473	184.147307	78.796561
272.003782	194.153674	203.218405
285.216151	185.783086	72.34986
276.746725	194.941037	217.73085
278.20394	196.539971	211.814663
285.350854	195.334206	216.943087
287.074044	193.094606	217.807236
290.793741	194.297871	207.754546
331.684658	188.186127	167.268425
351.383771	173.345316	47.134895
355.851937	171.746927	44.830353
356.785351	183.404209	164.046297
362.954364	178.251698	75.610244
357.385344	187.100079	212.395574
357.047526	187.180564	214.938359
366.369793	175.639205	62.021043
366.490979	176.541758	72.713896
372.179009	181.276936	72.106743
372.672099	175.161619	60.83967
372.574536	172.227475	61.595938
375.390637	173.816399	65.323716
376.19291	171.464105	63.677614
390.007376	177.642988	65.479695
403.912278	182.126516	186.485504
414.367932	183.468309	179.233348
423.816687	180.395452	187.535472
425.722121	184.441555	191.034389
428.270891	178.019032	69.229542
428.389818	174.66184	75.819014
442.019989	184.145159	182.960136
447.169511	177.841	69.964006
451.976833	177.78116	70.395512
470.684519	176.599642	202.437391
476.823661	174.491067	97.664828
473.403031	176.063809	208.727337
475.19552	176.90315	209.587584
475.837267	172.794877	208.865148
479.794966	174.935485	201.511897
480.39663	176.732116	205.080675
481.595188	174.818701	201.477913
484.156987	179.150504	212.170005
487.934127	176.408244	202.17386
501.017752	173.889485	105.916515
496.366992	176.321648	197.140322
511.887023	179.223403	152.148098
506.599911	176.128968	196.494809
509.197218	174.515185	204.853667
521.743489	177.378442	161.471117
527.536248	176.315371	191.535287
533.471391	176.255886	207.942019
533.760776	174.012894	199.077835
539.866722	176.346348	169.183176
538.486353	179.343427	178.608057
540.668709	172.675343	182.984873
540.577907	176.2001	193.843852
541.082682	178.195272	190.896418
546.843879	178.94839	196.556851
557.641093	179.084159	184.036601
561.345002	176.156364	181.759148
564.478199	179.73127	173.021015
67.392796	193.89453	173.763784
74.20549	194.131518	164.270409
76.667204	191.884204	171.264457
77.999262	196.966406	188.609286
81.030546	194.973975	173.649124
83.078836	191.623021	168.85408
83.788804	197.210884	177.902578
84.347274	192.834486	153.119842
87.638873	192.012893	174.211792
89.438215	191.260139	166.612706
90.523674	197.834475	190.397009
92.12094	197.327803	160.40447
93.472715	193.081223	194.615601
92.731976	194.191258	158.613639
97.523343	193.919338	195.77184
98.43461	192.843719	193.880489
97.972908	191.987566	149.384816
100.227485	191.855434	178.284952
97.776136	192.508122	145.031543
99.526983	194.772787	157.569327
102.320502	193.92979	169.837737
105.128272	195.101142	173.851607
109.765659	189.464427	168.632366
125.479374	194.989116	229.587512
132.706767	191.544574	158.155564
132.532403	191.556479	197.631525
132.727041	188.924972	151.166721
145.53541	190.976503	135.611393
145.578174	197.236398	209.307052
148.604927	188.999629	213.337705
155.084274	195.131363	201.022549
165.053533	189.71595	179.765838
178.192948	182.260458	96.586083
169.699502	191.650593	208.974027
171.673567	190.011635	202.948015
172.737197	194.493807	207.0259
199.771107	185.279985	175.035713
211.852856	192.931104	199.856473
218.682968	191.317258	197.503121
220.833636	186.403883	215.161549
222.424	186.866778	197.697444
223.292969	185.969813	200.240597
223.093758	186.574466	206.865452
238.393776	175.115052	56.422577
226.315444	187.812284	198.538653
242.289389	170.36471	35.304217
244.076937	175.349424	55.168672
248.241772	170.991938	38.809198
234.600963	187.031395	177.320791
236.329223	187.244436	210.489701
244.201989	185.678596	180.019585
247.975657	182.288722	179.326118
248.534575	184.226936	209.107938
264.720649	168.542514	28.327848
249.855777	188.173997	205.608624
264.633035	168.588316	29.138879
249.718138	187.244984	207.340799
265.23999	167.567985	30.684142
253.639163	184.289037	182.675315
257.412336	186.34867	185.179895
258.39486	184.036835	182.68971
258.434298	185.094149	182.650939
272.013095	174.857138	39.8525
264.056864	181.563736	181.913689
279.909524	179.065462	72.904215
275.941067	185.668347	209.381299
283.581946	184.228208	193.991715
294.585966	175.148957	79.495532
297.09027	183.386188	164.344484
344.379187	168.741175	61.132992
349.824975	180.673598	165.103033
353.259052	166.03445	60.842882
358.75557	178.054799	248.706873
363.424206	182.253492	215.264254
382.448529	167.034803	73.08712
395.550666	172.672679	78.713541
393.207538	176.561671	184.04606
409.248046	172.446987	220.783417
413.885663	173.329199	201.796472
432.203464	175.45853	185.028695
431.256831	170.353451	211.374977
431.340906	175.65507	213.732917
439.08792	175.458721	199.402809
445.790768	170.519068	61.192206
446.890325	174.525452	203.931453
447.61855	171.322953	203.205975
463.345561	167.978851	201.876719
467.724335	173.799049	201.655143
470.434655	170.379075	176.663089
469.87225	170.459732	203.593804
476.881925	168.159726	218.755531
487.20159	168.060539	208.786379
497.422038	168.182217	214.724233
511.788732	168.941309	162.638626
513.980255	170.572289	154.569707
512.464458	171.676121	203.725898
508.647893	167.249202	254.759924
520.356776	170.193118	198.551336
529.391135	168.203224	149.652463
525.266725	167.325257	199.317418
531.534433	170.90002	182.547741
536.242473	169.883339	174.706789
537.582118	167.083197	181.099072
537.369843	166.325706	201.877919
544.597108	167.909285	183.546442
551.00087	171.581238	186.190759
553.213095	170.598072	183.068917
558.622746	164.436379	150.95079
561.245165	166.9294	163.699657
567.026464	170.939769	150.509428
561.341801	169.400534	177.674283
71.692472	186.169496	172.845769
77.529568	184.159429	171.211516
80.358715	187.495612	176.493788
80.473015	189.60071	167.611627
85.48192	191.621531	181.022713
85.932191	184.241382	172.970869
86.413365	186.760258	169.133827
87.127944	191.065119	188.22558
90.331961	185.614965	179.393939
93.208807	187.366181	196.667417
95.172289	185.114089	165.317687
96.113969	186.533108	181.912357
98.056734	185.378115	160.092628
99.195744	185.015985	192.089882
100.138567	187.772956	190.12808
100.153158	183.607312	154.030101
101.805693	190.663335	176.481763
103.148816	188.768763	195.173808
103.426927	185.751399	176.639025
103.601477	190.224522	185.367283
103.309003	189.659516	193.19885
103.368264	191.591204	193.147035
106.457452	187.570107	194.358711
106.733116	185.482798	175.944978
106.485495	185.598034	193.433001
112.136981	186.209263	194.59228
123.336297	186.866703	153.331582
132.672302	183.977375	163.45277
135.961125	182.881637	141.111962
141.475541	185.229086	210.110715
144.645657	180.390032	143.255763
156.236333	182.980712	207.121736
157.495496	183.459274	199.787532
160.16003	181.240878	200.799609
198.534831	178.858483	89.167219
212.500068	179.254257	189.458906
213.159325	180.760228	207.74516
214.061246	178.513347	207.013636
214.103966	180.789415	208.578909
218.262978	180.826128	199.538797
219.716649	179.742359	212.010716
236.473179	170.165311	75.994903
228.180454	180.653824	215.528817
230.542516	179.796212	176.784905
238.710593	179.736467	212.438982
250.860691	167.211732	59.924356
256.757584	170.410658	58.567347
247.120491	176.920844	210.976435
252.466822	181.313231	185.358485
252.590031	180.204346	216.098292
254.844539	176.099469	206.845552
271.21259	162.19746	36.018889
261.080832	179.654756	182.851078
272.671943	166.148753	59.805407
282.073723	168.478504	59.545113
272.10315	178.777878	229.774552
281.349657	179.877285	209.502402
355.983572	170.758407	163.972037
353.904164	172.246842	212.618471
356.256262	173.049022	209.258824
359.564075	174.991012	213.623104
359.087966	170.981802	223.049393
358.279135	178.710218	268.455172
376.767303	162.43866	58.15649
371.893789	169.593387	218.524776
374.87049	173.536456	211.543896
384.064786	163.068781	62.350057
385.18607	168.575443	182.719424
390.285072	158.706401	59.638829
386.027996	168.389301	224.755232
394.197315	168.514473	205.675691
397.123844	168.368856	225.477147
404.482244	168.273059	178.173626
404.787812	172.502628	178.839282
406.471314	167.106921	175.527226
401.719537	166.678219	218.573882
402.319313	166.604349	214.264049
405.595764	167.462351	224.436429
421.347695	162.561537	60.94494
418.914979	165.115544	208.895775
418.691452	169.297837	218.994653
424.486072	169.600429	189.67837
435.237198	166.516772	192.567013
444.652666	163.076737	205.172404
445.922411	163.108156	202.601339
447.748059	166.970013	205.980204
448.794067	166.922587	205.147656
453.087247	166.78272	200.87912
454.208998	167.414292	207.027628
458.385893	164.29853	201.070887
460.346938	165.177311	201.062149
460.787545	162.031765	202.084326
462.543014	166.132339	199.24186
461.827141	162.977812	202.059502
462.306828	166.055219	201.046896
466.18404	165.192171	93.598192
463.784121	163.859345	202.04106
464.943489	166.785895	202.83282
474.874347	165.639895	210.920067
481.914727	161.00827	199.965135
482.872779	163.166953	210.846189
488.481092	163.051261	208.821086
494.704045	161.963416	207.573896
496.047153	160.562175	212.114025
501.539345	164.032769	215.480936
502.307792	158.879052	208.037025
512.741731	164.302918	200.773831
512.519111	161.217311	244.832897
518.557788	160.078632	195.578718
522.432802	162.978051	194.453908
525.256704	162.547094	176.146903
528.122526	160.022013	197.135741
529.93737	162.375089	203.106104
535.512469	161.494299	178.236117
536.310819	165.224375	182.083975
538.532154	162.358907	177.108321
544.540562	163.113322	174.820044
548.431315	160.334579	182.083424
555.76567	163.853313	156.170035
553.126534	165.572092	170.552879
559.393334	165.726741	180.575448
564.763446	158.118881	162.590115
570.907174	160.416927	173.317727
75.35857	183.674164	177.041974
83.704669	180.739477	191.851819
83.511758	179.453078	172.658355
86.767678	183.676553	195.193417
83.899576	176.175396	144.447214
88.318493	180.177703	171.20748
88.832705	179.156818	182.166362
89.178304	179.365686	155.453594
90.063018	183.209246	173.386945
91.894483	176.420478	163.96903
91.905214	181.468255	157.563313
93.733699	180.530665	167.015769
94.134722	175.817022	151.619244
95.367441	181.378531	157.964762
97.053212	176.367983	165.490059
96.497327	179.422216	150.111925
98.566194	183.477041	181.124282
99.226137	179.055577	174.304923
99.280145	183.965573	190.116021
103.527298	179.307324	180.547557
103.177276	181.392326	170.867119
103.389786	178.844256	174.706371
104.60817	178.908615	166.308616
105.165553	179.471585	184.595844
110.831693	178.618865	198.644727
108.391687	179.724162	215.699565
113.039396	183.156426	192.769434
118.141988	177.312296	171.106483
118.829239	178.932532	199.839099
119.230528	174.272848	152.23688
117.059461	180.074784	212.141813
121.87512	175.845517	160.335859
125.923622	178.469146	150.844707
125.352941	176.366444	200.047838
126.939085	174.808346	165.064436
127.402694	179.744015	234.309084
132.086885	177.812202	206.760522
138.589219	174.367223	186.845721
140.717689	181.405024	216.625935
156.677664	173.944564	212.046864
166.324735	178.368309	210.708065
167.23466	179.538793	213.244081
167.476056	178.870475	204.482205
167.386584	179.14045	208.00587
180.750655	170.56211	98.319815
171.078613	174.737579	208.210151
184.719373	172.894989	91.851728
175.124368	178.127822	201.877049
194.113571	166.673853	92.15476
216.046805	175.847263	202.182322
215.777481	175.469087	209.619143
220.699842	171.376176	202.383767
224.714454	171.962896	199.090321
226.103366	171.783592	210.715432
237.170459	166.260146	76.439959
227.01278	171.803036	211.564727
235.70522	169.810521	206.773679
241.936589	168.820547	176.580481
240.895453	173.391267	201.701544
241.554708	171.595862	220.345868
243.311693	169.219698	205.222593
243.454618	170.247112	218.711713
243.658419	169.959786	215.326797
259.183625	160.64328	55.68107
249.531858	168.478187	177.434245
249.615241	170.242402	210.338676
253.445939	172.484541	178.070005
251.531635	170.051835	209.521513
251.489488	171.252393	211.18613
251.801709	175.473375	223.863721
256.546465	173.896013	207.774113
267.95446	156.96775	56.25506
265.293118	173.956109	217.219683
272.429788	173.803458	222.318792
282.127203	159.901875	67.523633
272.84257	168.521048	224.958157
275.369443	167.741098	216.542296
316.059807	171.234141	215.608253
331.327755	165.876264	169.849672
339.199337	163.372015	162.454332
340.746394	163.255025	171.989189
347.942359	168.104284	168.420153
350.847691	166.874209	165.921604
363.242832	154.305737	75.098558
366.792375	165.800129	220.202646
379.799943	153.866065	75.758621
373.974202	166.270866	222.960072
393.388863	159.528257	177.929086
397.146389	154.394133	80.333455
392.370006	158.893136	215.609049
397.342992	162.413319	178.593098
404.652034	157.463906	75.320214
400.177715	162.472619	214.448423
408.341266	157.451397	176.960575
410.269859	160.368945	180.32884
408.070838	156.395045	208.448399
413.388992	156.91683	223.730276
419.765433	157.342779	218.532877
426.711358	157.970387	62.450683
421.90526	156.103972	216.027488
417.217756	160.260292	272.514244
448.665694	153.325592	76.592393
445.678935	158.072117	200.15123
449.558529	154.11993	210.912251
450.040515	153.906646	214.39929
461.105196	157.90446	203.133775
474.816485	152.990682	206.774477
482.609418	156.468904	195.339749
477.301575	155.633599	262.097664
501.039909	153.118715	199.596661
509.554575	151.175438	103.48238
510.374684	158.630414	200.86305
510.71657	154.064782	199.843569
512.297801	152.424485	197.79167
513.380184	153.534434	195.791018
515.322426	155.322644	196.668926
527.05412	154.160371	173.987385
530.754275	153.274599	200.928545
532.233757	157.279479	196.908949
533.830884	157.018573	200.879475
536.358145	152.901003	192.542519
549.057554	156.430486	175.270707
555.716669	156.168529	173.906192
561.360101	156.9169	173.618803
563.77733	152.41203	181.036539
86.368149	176.10758	178.839391
85.61856	174.282262	179.720032
86.72919	173.48001	154.332055
90.148173	175.438065	172.316673
93.734929	177.354503	186.630075
99.814683	173.574839	167.65107
99.689974	175.400664	166.711959
103.710389	170.826437	182.463156
105.339152	169.47881	159.97846
105.672875	167.978804	147.716459
109.336308	175.00876	180.028266
115.600308	171.251145	191.129275
113.180577	173.406252	216.008706
117.627382	172.206363	202.890615
123.558449	170.525776	193.370596
125.253327	170.568785	149.97705
127.108289	171.410695	170.588731
130.113617	172.326961	248.472324
138.643593	170.11919	183.128772
140.562585	167.384627	153.314296
177.675903	171.327144	210.071818
184.459699	165.845832	200.031899
185.452489	169.3382	204.998188
205.005506	165.468963	197.570635
226.606746	169.071596	216.670558
233.760807	163.199704	182.777541
232.76123	165.833302	221.134011
241.559838	160.588036	178.695858
243.161695	167.177512	220.47394
252.982504	163.16054	180.209945
251.248268	168.103253	212.110719
252.023138	163.63185	210.544518
253.486377	162.803447	215.659431
255.004674	165.513897	209.683107
259.777849	163.718547	219.952687
262.429071	166.176916	211.4326
263.180863	161.480709	222.570523
265.771633	160.600734	212.455069
265.139823	164.704527	224.197362
266.082031	165.780055	225.020349
271.889265	165.15283	222.514624
282.649093	152.502963	75.058806
272.693956	164.067625	223.381961
291.267832	157.478284	159.29288
289.447779	166.818622	248.019641
338.969599	159.885083	220.741439
369.485243	153.797668	224.152426
376.266623	154.133496	222.625191
419.882979	149.43677	63.915248
414.205062	154.650078	216.958092
412.845451	152.706676	225.599752
416.737981	152.378938	211.05217
428.094371	151.161672	80.467426
424.667935	147.342045	218.145854
430.543755	153.338183	212.866701
437.150092	150.855256	210.604431
437.150092	150.855256	210.604431
439.244231	151.234912	201.131203
445.361173	146.094656	81.405676
450.420076	146.820262	212.99033
454.967268	152.284513	202.343738
472.131228	150.658655	213.158416
479.232448	148.414503	213.024693
493.06172	145.836759	198.330876
492.805932	146.854797	228.410398
506.855992	151.234281	200.08718
510.199242	146.985797	179.7336
510.335258	144.906238	207.553869
511.298631	145.591981	201.691097
513.545312	149.188428	202.56659
513.389815	148.052683	204.514813
514.229475	151.998269	191.840785
522.189741	149.801541	155.540157
521.797199	146.376723	159.85653
520.914539	150.864142	195.331936
522.623983	151.383911	200.216642
525.818628	146.870367	181.410746
524.64724	146.258651	196.036019
529.831855	149.562505	181.186844
536.839993	147.489276	174.133926
536.823575	148.507841	181.640845
547.836336	150.933754	157.463117
551.332715	150.659058	173.186155
564.328287	150.823458	168.017253
75.670025	164.689615	179.650196
80.731129	170.538889	180.162322
83.077894	164.07341	155.845821
87.045458	164.771485	169.896386
90.647883	168.238405	177.113291
93.864866	165.892551	173.52754
95.415656	163.539711	146.738899
97.084267	163.039132	158.201017
99.907854	165.502818	163.913428
102.55665	166.643453	166.971752
104.277436	164.724414	151.933193
111.590392	162.369282	160.595408
114.197793	170.244471	187.159032
114.279362	168.26976	186.1927
116.171576	165.120207	146.045387
118.547675	170.119216	195.168236
119.573539	164.439927	151.44905
120.570851	164.986549	191.396933
122.518914	164.649426	175.145631
123.291052	166.065983	181.82603
126.442169	160.653212	158.882855
137.419238	160.556214	90.681422
153.102617	161.080672	192.331379
156.031955	161.163927	220.381621
172.580488	161.525596	212.366966
174.831479	161.358095	199.273411
175.801228	163.319723	199.188192
186.176855	157.643516	202.201141
201.623146	159.074753	206.238187
201.684389	160.03658	205.357193
231.238031	158.464555	207.884115
237.73009	156.973643	208.014592
241.09233	152.356144	180.729
242.445418	154.223975	219.054066
245.864216	154.379716	209.86615
248.422429	156.73048	215.725065
258.855202	145.968988	76.265736
252.530897	153.743023	207.451983
255.244704	152.606413	181.455204
253.237357	153.890716	210.819668
253.885821	154.111859	215.03433
253.381345	158.183722	225.920102
262.867117	156.041521	221.853616
264.77664	159.317386	224.317849
264.869617	156.908315	221.006792
265.458134	159.760688	215.867488
267.149641	159.803399	218.416015
267.195088	153.730602	224.471202
268.912631	155.195874	216.019678
267.526783	163.867899	273.167553
271.18669	157.804931	225.219385
280.005807	155.736145	220.249761
293.545795	150.193116	76.568288
293.918551	144.200165	80.51146
339.450082	151.054063	158.012493
355.157534	142.92212	73.122524
359.181427	147.22904	221.505557
357.439835	149.224834	249.203026
387.365654	150.023858	188.227838
391.400056	146.024692	217.803751
391.742482	146.088639	222.043978
395.25971	146.724432	216.840041
400.334348	147.611803	198.63819
398.768598	147.490727	218.426717
400.172796	144.155163	220.210533
402.735533	142.856835	221.041934
407.032893	144.632865	210.647299
406.98975	145.692913	211.456946
406.747419	144.733581	225.991908
408.507316	141.247396	218.427344
419.709501	140.378087	216.715177
426.984213	141.914792	218.467609
451.602959	141.191498	70.100084
449.871692	140.687024	201.742666
452.480464	139.756258	212.438525
471.983326	141.533334	84.636715
493.782636	139.961368	202.015675
496.292202	143.402185	195.177085
497.364295	139.815959	233.533467
499.582397	137.77203	205.357678
504.422463	143.246605	165.366243
501.921829	141.560302	204.24715
509.048438	144.887255	188.319541
510.41698	139.336627	208.483629
515.101643	141.494863	206.321067
516.541422	143.811656	191.587249
516.123225	142.536198	205.306885
517.698047	145.636456	191.531344
516.474858	139.144056	203.27958
523.802553	140.506552	182.413039
525.469811	145.035235	174.876999
523.450045	143.660793	194.071542
526.033488	143.206863	182.290989
525.961674	143.968518	201.895207
528.281866	143.185698	178.376736
526.891514	144.154708	199.851758
527.316923	141.466159	209.714281
529.809621	144.964756	183.010216
533.675978	143.051923	203.457822
536.675322	140.102395	173.177192
537.429271	144.221026	200.244258
82.708563	159.975073	179.045474
88.303576	161.348937	173.77772
94.091452	163.225361	175.413387
94.178436	162.366452	176.364132
92.730228	154.44553	150.02592
98.318032	160.051384	173.891788
102.951553	159.157982	152.713662
105.241369	154.973435	158.210494
107.320208	160.390405	173.957304
108.217665	159.390018	186.555028
108.014568	162.137913	173.111406
108.411782	157.328169	183.584097
108.942214	157.911302	169.422024
112.39162	157.448957	151.873234
112.337747	163.057694	194.86203
113.155461	158.139167	150.192635
121.31573	155.834482	181.774123
121.831768	159.803044	185.650708
124.41214	157.840775	176.227566
125.099372	159.295206	183.873539
126.963176	154.919202	179.208314
128.363497	156.115263	153.77803
129.447993	155.482033	196.642118
130.793875	156.258782	158.266837
132.511732	155.49853	172.828763
133.400269	156.958769	205.381095
135.638387	157.271296	165.574805
136.98385	154.63272	204.511323
140.684424	157.232579	161.328386
141.689018	156.784418	157.007356
144.553737	153.57404	196.096462
145.520476	153.684122	205.555386
147.154148	152.294046	156.567214
146.706812	156.373683	200.816169
204.234469	152.768986	207.320934
210.167016	152.685656	179.523511
221.811266	150.284241	216.416997
227.231304	152.485281	222.286265
231.399885	151.481216	213.91974
238.186047	150.624138	209.03009
238.088294	147.312573	221.703746
241.939691	149.178047	179.999867
243.827648	150.132012	180.800268
242.577623	150.580053	213.264303
243.196977	148.577388	215.84288
245.093754	150.683291	217.500354
245.548647	146.563462	220.143768
249.070933	144.663747	182.61936
247.337533	148.935085	210.0333
247.044816	150.409897	215.858332
248.814014	149.20212	215.919829
251.046368	148.655992	210.093288
253.436867	148.840146	216.007491
252.832953	147.220929	222.777011
252.777998	147.288798	223.617229
254.81876	145.746065	219.482852
258.207512	144.135902	185.912447
256.80849	146.601341	218.651039
257.196871	145.979554	225.402995
259.314201	150.165412	226.166572
267.915041	148.119798	222.120809
282.481637	139.040716	73.829494
284.417789	142.171096	82.11699
282.097063	147.106543	222.241459
367.276673	138.14767	228.022824
387.862115	134.796572	225.811767
391.712719	137.321578	212.173929
396.888436	139.028021	215.390187
398.510415	133.53809	214.726824
398.048526	133.601908	218.116296
400.987001	133.449053	223.118223
410.313506	135.932539	209.279659
411.449027	132.620717	212.827015
412.556807	139.877938	215.027933
413.875205	137.637833	217.677638
425.621248	136.803211	218.705079
482.329287	131.493029	106.255694
477.285643	132.594808	210.416885
478.409399	134.342336	211.29168
481.828086	133.794384	215.677631
484.410687	135.855848	197.960683
489.627033	131.515228	218.928448
493.862033	134.272508	196.245123
494.403559	132.924794	207.590576
494.861735	133.151179	188.512012
495.974096	137.156247	202.772679
497.166445	133.567567	202.655418
498.595151	133.344581	185.328354
500.865534	134.483465	210.001865
503.72448	135.91917	198.313028
506.773052	134.333778	167.843451
512.754129	136.187827	154.076677
511.758679	134.384253	177.627187
513.200822	134.984032	199.525693
545.653733	130.705322	148.553421
544.237952	136.079645	173.628058
544.640121	136.273354	183.795667
555.752978	134.685738	159.909357
84.248478	151.21405	160.525461
87.913439	156.023733	177.446189
88.530435	148.965174	158.289251
94.935513	147.593493	149.503591
106.960457	152.802891	172.83228
113.122891	152.58904	192.693804
114.293769	150.799507	168.991407
114.253643	152.269646	186.937541
115.846602	152.100819	187.085514
114.942674	153.177357	187.998342
114.612335	153.206307	206.630589
120.04083	155.588636	193.309378
122.309973	148.917797	159.745068
122.738987	154.374101	199.308671
123.900138	151.887437	183.837353
129.558436	151.178547	172.790601
129.808098	147.239629	182.258723
129.635525	150.004986	181.274866
129.884198	151.567973	193.772922
130.184431	153.837828	183.164088
131.801773	153.621255	183.226652
140.109406	141.046865	101.965683
132.891543	149.030119	164.757828
132.178365	152.300517	203.504621
135.467364	149.032749	205.513924
144.204123	149.928969	202.80795
149.008733	147.51569	208.492126
151.682335	149.154074	207.551702
157.823139	149.55092	209.367123
161.90253	151.701566	260.244056
193.009157	144.076323	217.153918
195.603682	147.676277	200.935605
219.946328	145.75968	210.751294
222.121027	143.221029	220.080163
225.086989	141.522971	215.083429
226.841798	139.227889	214.337003
227.850089	139.019394	212.67035
229.275701	139.393411	204.335047
234.156781	143.340295	220.943024
241.044513	141.051789	186.092542
240.461339	141.809984	221.900933
242.675238	142.300506	216.858783
245.410029	136.642019	187.029172
244.03781	138.129681	219.543708
244.149981	140.300836	220.311618
245.727915	145.179339	215.979014
245.11829	140.155009	219.488586
248.282684	138.541813	187.807753
246.510957	141.81259	214.415575
245.623636	140.634043	226.229979
246.914002	144.708619	225.28249
248.1659	140.724966	216.156111
251.233804	138.331565	186.129798
255.261276	139.092061	183.563942
252.337997	140.850228	222.950712
252.205098	142.185674	226.274866
254.340558	138.199604	218.032113
254.680735	142.435952	217.897353
255.82571	139.613642	224.729461
256.942559	138.154423	220.601985
257.283785	144.714552	222.917469
258.354037	143.323621	219.615829
259.633096	136.871172	220.698515
261.812747	139.845571	219.791172
265.234125	142.180445	226.462375
267.033889	136.357458	221.688221
272.751885	135.899777	220.963976
298.996321	131.453392	72.94673
323.852717	139.160656	225.39408
346.261246	135.667323	250.066113
351.26145	134.16564	219.295939
364.984094	132.770535	222.395458
371.013413	131.97311	219.216271
379.573123	127.549949	184.322834
386.269625	131.174187	185.870794
384.01615	134.161878	226.687369
387.763979	127.763881	188.651924
386.030686	128.233727	216.863141
386.313378	127.262827	221.076653
385.553777	130.855097	227.598577
388.379401	131.188886	214.185154
389.407634	131.090915	213.327412
392.504524	127.720777	185.138552
390.273738	132.22272	220.850291
390.913281	128.196452	227.623469
395.031356	127.435967	210.840087
397.938852	130.154594	190.983543
394.542706	125.691948	226.824329
396.635845	127.353667	219.230712
400.469846	126.969509	190.237661
401.029287	124.896892	219.244495
401.020112	130.222194	221.553641
404.364558	128.850285	216.491315
410.931024	130.675311	208.676465
411.322983	129.509541	212.129265
411.054288	127.42034	213.081714
420.403418	126.844491	64.093675
429.19679	123.537066	70.303139
446.805934	127.537361	78.856074
449.616707	128.505691	208.271368
460.034206	126.809455	213.579005
464.877256	126.805213	205.349536
476.036593	123.763138	207.605729
476.343574	126.6138	236.048297
482.329085	128.760364	197.051298
496.329322	126.886382	189.266709
503.79043	131.002571	202.136832
504.037734	126.843744	206.901508
507.88557	126.966316	187.350075
507.481731	126.71675	200.867332
510.758491	127.076759	184.264179
516.813017	130.271427	202.141728
529.495552	130.174818	190.485839
542.076128	129.730574	174.721483
98.461845	146.005919	174.456244
102.663293	147.140426	178.71101
105.77786	138.296494	133.808608
105.632871	141.722094	144.65582
108.222273	144.81344	169.179797
129.185976	145.24757	179.402923
131.810783	147.516414	192.901483
135.056239	141.637692	179.746038
136.214861	143.138867	192.151676
137.182354	143.715269	187.399465
140.145525	141.25712	161.781541
145.804044	138.640298	185.983946
148.384522	138.936097	210.492231
157.83876	143.320926	198.613785
186.27	140.535833	217.389897
209.686511	133.408785	170.952213
222.621755	138.11424	222.000478
223.873767	135.196432	212.843214
236.72309	134.146	213.737117
238.970964	133.047943	193.766345
238.524779	136.319552	217.023073
237.959915	135.978311	225.481332
240.464251	130.386523	208.888707
240.056574	130.824166	215.59184
241.543922	134.620095	211.24636
241.21278	133.864212	215.469104
240.92146	130.801893	216.443384
240.799199	135.578228	223.82434
241.373856	135.95318	215.386631
244.21642	132.587013	187.128634
246.728314	131.405501	189.656938
244.891568	135.820114	217.959691
245.096269	133.207469	225.65617
248.290911	136.446325	186.191372
247.748592	130.291936	188.013246
246.641881	134.610661	218.033492
248.97854	131.229791	185.479897
247.258448	137.23714	225.521878
248.498827	133.281732	216.434577
250.474087	130.10924	188.851831
248.745682	131.911798	211.447359
251.339172	134.160838	182.045741
249.51089	136.536193	218.846279
250.257899	130.35163	202.270079
252.849755	133.038455	185.419831
252.708319	132.016304	186.284939
251.683197	133.778805	211.421085
251.201467	133.102876	217.328899
252.997602	131.244074	203.954586
251.781909	131.104002	219.948724
254.557947	127.776057	183.860909
255.519302	131.831062	186.278354
253.645156	129.775941	218.35941
254.657203	136.76187	212.202871
253.255096	130.21374	224.215758
253.727031	136.597736	224.799371
253.377723	132.382419	224.960502
257.244051	131.720694	187.958289
254.724236	135.263702	222.347477
255.236112	131.035648	223.37151
255.635085	130.612729	217.517092
255.113268	128.870603	222.630872
258.487597	131.638742	184.583244
257.265798	135.292313	225.744628
258.648478	137.006931	221.513927
258.364028	137.329773	225.687578
260.236442	129.462845	184.631538
258.858612	133.386309	214.936106
259.426577	133.640399	219.982529
258.084053	129.560941	220.973755
261.189962	128.376474	183.809482
258.514892	128.877238	226.8752
259.396843	132.527586	219.189021
259.278682	132.644298	220.86001
261.124332	131.541633	197.261413
260.962414	134.983456	225.817325
261.255521	136.971069	224.074427
258.875587	138.546091	268.904482
262.66389	129.244546	221.915277
259.705832	136.28513	268.105487
278.417122	123.771839	57.872862
265.493247	132.436292	225.163375
266.337347	131.308931	225.227507
270.815963	130.033615	227.022277
272.197928	131.83959	223.640343
275.543085	134.079105	209.256634
274.793092	129.595829	224.622913
275.720236	128.424105	223.869277
278.618272	132.063058	216.200238
281.380006	128.124565	224.803504
346.674898	126.796122	229.420294
348.746219	122.204647	226.478233
361.760742	125.069445	229.199577
370.991461	122.445588	59.791792
363.089952	125.805548	226.762552
369.138023	123.545787	216.199737
375.317528	121.432593	187.19737
373.61931	119.864771	216.398389
376.207052	120.373303	186.387081
378.463071	125.483291	185.292088
373.147633	120.920299	232.72557
375.374231	124.337886	225.34683
378.876231	119.999222	189.02972
377.267242	118.417326	216.463925
377.100077	122.036189	225.425727
381.97626	123.083381	186.297008
381.313461	126.806202	223.617704
382.228313	120.220994	221.360385
386.161845	119.380624	190.804664
381.887458	119.722003	229.547282
387.229512	121.401517	190.706458
388.338994	123.482053	189.733951
386.870197	122.990937	222.046799
391.991459	122.362533	188.021824
389.257132	125.044352	225.256384
395.854627	122.851729	76.196573
393.449934	119.901199	192.442427
395.098337	118.07018	205.337592
394.162218	122.196801	215.295838
392.542496	124.869754	227.698572
394.739391	119.170021	222.897759
397.612999	121.298314	200.028055
398.494853	122.981636	210.123322
399.540239	120.324947	197.469098
397.125127	118.865538	218.721366
397.753459	119.836582	214.488649
401.88382	119.984432	201.708839
400.913297	116.515547	216.251565
402.577163	122.685962	213.428255
403.105768	123.68272	216.740702
403.282239	118.493721	212.766046
403.821099	122.592078	217.61734
405.985894	121.441652	214.271046
408.607959	120.18279	195.561922
430.714045	123.50355	80.091877
432.16787	121.081508	222.138762
433.26514	123.035022	222.102919
453.171513	119.663656	202.885895
457.619422	121.209202	243.173546
459.350235	119.134286	243.210525
464.774839	119.418997	198.812956
465.504912	118.814577	203.368678
472.369212	123.068211	205.916951
477.580745	122.530828	216.667375
490.823946	121.705168	203.936252
491.675171	122.951307	181.052847
493.141853	124.796139	178.125466
495.976647	122.847083	182.593878
498.572782	119.035625	187.10923
501.351516	121.484466	199.378071
509.406768	123.565096	182.469927
513.606009	121.150873	203.263879
514.533303	118.816548	186.823495
520.887764	119.711941	176.973556
523.185519	120.537718	200.56027
531.227586	125.731111	182.770763
538.050215	119.923622	148.967005
539.418351	124.434903	181.347715
88.790511	138.164187	180.941192
101.33574	137.906266	171.003424
107.714835	140.035745	168.178127
109.893948	138.733641	202.547679
117.582941	141.309291	181.277816
121.497085	135.750737	192.987673
122.7791	138.40553	194.156264
124.001655	133.327783	131.118027
126.883449	134.898641	173.748369
128.278731	135.482648	210.916734
130.4983	139.98703	210.134745
132.289219	139.814611	209.251729
132.714924	136.022001	208.289509
137.91232	136.534093	179.04319
139.95818	134.755976	161.125292
139.64759	132.383101	208.531798
145.700478	133.640441	168.566142
147.264891	131.040235	186.208289
147.424072	136.868942	191.773314
148.48823	135.588595	188.06887
149.068236	132.542136	172.402021
149.779149	133.960233	198.525954
152.012808	131.536204	163.716851
149.938626	134.948435	205.982733
159.394202	130.398654	159.079668
157.764223	130.965353	197.02882
161.508432	136.640294	214.145549
164.50432	131.433895	212.544155
169.20363	129.446458	196.6318
169.277779	134.134441	247.208898
171.843304	135.37792	209.014073
188.776216	128.259598	217.842543
194.391892	129.77936	217.727606
199.477287	128.800312	209.26589
230.82728	126.671337	79.067935
223.217823	127.201784	215.767293
224.888118	127.308668	203.114129
225.736775	127.279036	219.985094
231.789059	130.478375	214.725605
236.776537	126.099572	218.349699
236.899965	124.827114	215.036684
241.356093	128.781495	195.554445
242.32371	124.556406	192.331208
240.573035	125.566636	215.864478
240.226857	128.290757	224.167441
242.466797	121.585343	199.147164
242.063528	121.758522	204.214638
243.551942	128.825727	203.100494
244.321422	125.420729	191.475805
242.135643	125.700338	220.098931
242.053415	124.667193	220.159077
244.654614	126.539706	198.98897
243.045668	125.612181	220.11193
245.372362	123.393748	199.100511
246.403068	126.282465	189.783421
243.949536	128.976624	224.158414
245.883169	124.301357	194.024978
247.295708	125.318333	199.890629
249.234921	124.028557	188.163834
250.105163	122.944189	188.190141
247.85268	123.793127	215.193429
248.734367	124.281363	204.167749
249.007908	124.168701	200.790165
250.006965	124.071477	199.956737
249.568056	123.731519	216.913211
249.285011	124.025853	221.117286
250.68654	124.580413	215.19161
250.340205	122.664831	217.830479
251.442696	129.198815	222.555242
254.09351	126.7672	188.09415
252.13931	120.918799	205.19768
254.750992	123.637181	189.017229
255.512191	126.691792	183.040087
252.975281	124.787374	221.968078
253.92194	120.795398	206.078957
253.731764	128.562851	215.889851
253.355258	127.798895	220.132124
256.917626	125.54955	187.279902
256.852267	124.526381	187.306424
256.224495	125.608802	184.749149
254.877055	126.83842	223.568037
258.242667	126.508501	183.874186
255.105585	124.331821	217.814219
255.99615	125.406715	219.459567
257.393265	120.386429	198.456001
258.809528	124.400698	186.462113
257.101809	125.16609	216.96294
259.146306	127.690923	205.867174
257.903651	125.19408	218.663879
260.889833	122.247816	183.12376
258.50272	126.57902	224.479411
258.100645	121.283476	223.928082
258.282469	121.104076	221.421645
258.318535	124.482594	224.587769
261.762504	126.265556	186.406138
259.160845	125.646617	227.047248
260.441437	122.925893	219.67624
260.723904	123.817812	217.104191
260.316374	123.036627	221.349213
262.772553	127.231596	186.376362
261.344576	121.753083	218.915875
262.821143	127.969099	218.624563
261.784257	124.427274	227.986133
266.59161	123.931922	183.907878
264.162113	127.173566	224.550386
264.878835	123.888356	223.9012
268.631876	124.846065	183.020311
264.816666	123.948228	224.730667
266.836859	127.49997	215.359419
265.94044	128.270434	227.025537
268.250764	125.007962	207.845868
269.640804	123.488938	223.184292
269.603536	124.653659	224.783742
272.934357	120.776818	215.844946
273.595666	120.888971	219.234388
275.306951	126.983684	216.406992
273.635323	120.43596	229.221829
288.79821	120.471677	83.554637
279.093536	126.400504	206.247931
279.657324	121.468529	216.803361
280.741006	124.153642	228.305125
284.768845	121.569296	224.411051
302.973976	121.424788	218.812652
351.26615	114.382578	84.37444
352.113623	121.59154	222.518617
355.473666	121.006214	218.504327
362.736241	113.78583	218.192569
363.790884	115.759382	218.128981
367.21351	114.643821	190.829791
377.651012	115.002367	187.493683
377.732894	116.955256	189.153144
380.277357	114.568575	191.000405
381.12156	113.47157	191.046087
382.462745	116.873624	185.707204
381.982083	111.54188	188.513376
378.69539	115.48716	224.819846
378.391682	114.586304	226.473644
382.01599	112.694979	204.845688
380.757113	110.881319	221.690338
380.827328	114.06701	222.404333
385.53984	110.338567	204.920872
386.191308	113.637482	199.662669
385.979905	111.527295	200.601781
383.939074	112.927715	225.679788
386.74315	113.413726	203.944648
388.507125	114.064672	191.016635
385.533966	117.198231	228.787078
389.024615	112.57923	197.109326
387.754517	111.430454	224.063387
388.071369	114.487209	223.143776
392.128444	113.902141	190.988965
391.308751	113.006247	219.03703
394.295208	115.13157	202.078077
394.142711	114.061494	202.978217
396.019119	115.011089	202.905912
395.496078	114.751581	215.580415
398.726456	116.021756	187.329176
397.683458	115.66964	212.992664
397.715572	112.564872	218.131174
399.907014	116.576401	217.101218
399.235175	110.655251	225.607229
403.530427	112.299001	221.387116
408.413067	109.347035	208.009262
412.287583	114.939857	224.577218
414.700559	114.828352	219.564298
437.788457	112.387816	207.624609
448.982948	112.162936	218.022071
470.285224	115.203229	197.513217
475.658482	113.352961	181.20832
477.099251	118.567148	192.490948
476.493144	115.170135	204.632597
481.586553	117.530197	184.601412
484.801039	117.402579	202.352481
485.555365	109.377234	214.327625
489.526621	118.703077	166.276982
487.74274	113.230524	206.830413
490.104397	115.715517	184.87412
496.975258	119.207562	184.378984
497.802124	119.151177	185.264671
505.791247	112.848007	182.734216
508.339922	118.130509	184.443781
513.390113	112.558904	144.725646
509.616092	118.228954	179.621357
514.916935	118.724165	165.47241
529.570909	110.745272	146.008457
112.66506	129.341773	168.740697
113.357563	134.083799	178.756771
115.201794	129.847308	196.872525
133.702836	126.673727	189.128176
133.995608	127.54735	174.33312
133.281141	129.584631	191.965197
135.607481	129.47991	157.568198
134.266191	129.488157	199.677668
141.328645	127.316727	173.002515
142.227799	125.079718	181.337632
141.766695	129.700621	181.241707
144.534692	127.222062	177.761455
150.18246	123.773739	166.525214
150.167236	127.650564	182.710592
150.208433	126.044931	186.464375
150.321074	131.077204	213.361359
152.699385	125.133116	210.760728
153.706848	129.757217	206.149198
162.146897	124.1082	167.324112
161.571467	122.48364	184.43937
165.073875	124.39562	197.46377
163.789293	124.787731	213.591706
166.749619	128.700065	193.798322
165.490524	124.607884	214.485419
175.602985	121.460594	211.208597
178.566099	121.400048	219.793497
189.635026	121.619546	203.573633
211.794664	120.07247	215.3985
214.597232	119.767327	214.535886
227.229532	123.088709	221.076715
232.935873	122.231656	216.874852
235.641458	120.883934	216.11415
240.1533	121.572767	217.792665
242.979964	120.626871	203.421304
242.91411	120.65862	204.268318
244.395964	120.373648	197.508527
244.906013	117.318581	200.1647
244.980815	117.29797	199.314537
244.957621	120.40938	201.746724
243.821301	120.072764	216.213586
245.689169	116.248655	201.063005
244.48098	118.524039	206.078747
245.475538	120.515126	206.845365
249.180064	119.967043	195.855525
248.309009	121.295846	206.837924
248.722795	120.073292	200.939861
249.466873	114.88013	199.429935
247.858257	117.911539	221.48309
249.581299	122.401639	227.960005
252.511054	117.671461	189.163493
250.456942	119.266532	212.928534
250.412508	120.388838	214.568113
252.060571	118.839192	204.432548
251.621879	115.853801	207.129682
252.064413	116.748686	202.808027
251.110912	121.598707	218.749346
251.060531	119.420627	217.182083
250.831111	117.410185	218.15033
253.76471	117.685889	205.358486
253.775505	114.556763	202.913935
252.903773	115.969999	213.997774
254.442495	119.588384	199.307275
252.146947	116.610146	224.144675
254.845558	116.518785	202.848396
253.134802	121.001715	228.077852
254.845558	116.518785	202.848396
255.37427	119.516634	199.319079
254.599299	121.432802	221.34326
254.455333	118.203834	219.845719
255.469305	115.484477	205.476405
254.281681	116.135372	219.969956
254.481607	119.296604	220.625498
254.30791	113.921079	217.553142
256.093096	114.458488	208.112882
255.099494	117.254234	222.448109
255.278246	119.328919	222.322175
257.189566	116.286152	197.737319
256.450618	115.72173	215.772433
256.438021	121.266419	221.381588
255.895338	117.289486	224.140819
257.500095	113.218664	202.148393
257.269043	120.142993	221.460882
257.456535	119.977597	218.9425
258.380889	119.897901	218.963357
258.23037	115.603651	216.661103
259.448264	113.059685	201.316439
259.11447	114.159698	205.585908
258.138453	117.871149	219.922268
258.347851	113.381758	213.36351
258.934705	117.899572	221.621287
259.551345	115.854739	223.437944
259.429082	118.247041	227.477888
260.528556	115.029133	201.258884
259.517581	117.014237	225.044761
259.900417	116.672919	220.023037
261.535357	115.583477	221.803708
264.898701	114.818855	185.860382
263.099426	115.104242	214.219552
263.39902	115.432053	221.846635
264.882859	112.86287	213.518243
264.153835	113.280667	221.988687
264.135233	120.072819	229.09667
264.560732	116.297743	220.134564
265.855597	116.007833	215.939833
265.53404	114.013169	217.745844
265.74884	118.263125	219.203836
265.408809	115.186923	220.216833
266.460507	117.249893	220.961658
268.35122	112.434403	197.13952
268.060276	116.584421	203.048984
267.517286	119.322	221.70379
268.979212	112.49119	210.181852
268.093834	115.081584	221.962948
267.506162	113.331153	227.060193
268.969087	115.067136	222.81997
269.290531	117.051005	221.035565
271.27735	117.968842	221.02739
270.825372	112.760144	221.320713
272.246285	114.3097	207.571566
270.774731	117.245268	226.055962
274.05767	119.299879	192.648801
273.357117	114.47043	216.205975
272.831611	118.108504	225.21716
272.899795	118.053315	224.392814
274.491913	119.327072	229.298776
274.966088	118.926185	223.554846
275.437253	115.896582	226.226009
275.70164	114.594633	222.162957
275.719341	115.685312	222.931811
283.887115	115.010793	218.124135
287.433464	114.520495	231.402387
336.724935	111.759526	218.43321
343.669	113.352487	225.169647
350.693345	109.978136	213.853396
350.60079	109.649057	228.788387
352.779555	106.554703	210.649579
354.404752	108.100165	228.126561
356.440937	106.698924	226.601934
358.096393	108.749972	228.969101
364.833809	105.015634	212.662427
364.594467	111.428795	217.483333
367.486216	108.931936	215.937113
367.334301	110.050406	217.56997
372.420871	107.159322	187.682902
368.679088	109.445401	227.443147
371.525509	105.266747	211.874781
371.229542	106.661784	221.850382
376.139514	109.585243	192.876319
373.782923	110.768768	224.983535
373.948928	107.453439	222.645324
374.246561	108.36716	220.975353
373.460663	105.60395	225.144811
374.752093	107.421366	223.461399
380.907328	109.554073	188.571676
380.270521	109.607964	210.907125
380.901248	105.63334	201.657259
378.437391	109.177537	224.207383
381.748099	105.532625	202.519497
382.399542	106.191338	191.277049
379.996386	107.701054	219.329063
380.44444	107.829921	222.607051
381.29028	106.433884	216.042688
382.366111	104.359006	205.119562
382.201919	109.44456	210.06161
383.641412	105.440842	201.662843
381.917988	105.384961	217.733163
381.248924	109.941247	224.166699
386.470738	109.09474	212.571527
388.549096	104.904461	207.624484
391.879701	108.968556	204.058598
392.593069	104.946012	202.468177
390.737	107.912992	220.868431
395.674066	108.956886	201.443283
398.689874	106.164645	185.900974
397.793126	104.399879	220.071317
402.801185	102.626389	204.921712
404.093347	109.450654	207.232275
401.86459	102.255142	221.731918
408.272694	103.755758	203.065833
410.038714	106.467384	206.378966
449.319788	105.158274	207.292052
452.206347	107.768381	215.260499
457.244403	110.290937	191.640104
459.344041	106.963653	208.800804
465.52419	106.109203	214.916006
466.965145	110.225455	186.428766
473.775723	109.297053	201.854059
474.226801	104.115704	217.361499
479.537715	112.690959	164.281227
493.284796	109.950611	198.884233
492.567786	104.99783	202.679389
494.169143	110.632876	176.967673
506.649294	106.226911	151.159771
504.614087	108.4658	177.158887
511.801757	107.071651	187.072435
523.189709	108.645907	148.756496
529.925057	110.881127	173.825097
113.055073	124.945372	172.337219
116.551997	121.582364	170.098464
125.965202	126.385673	181.914055
135.282965	116.525116	130.297855
136.391644	120.883119	164.826783
135.650476	122.79624	199.661282
138.954916	123.144448	187.627125
141.67926	120.187157	199.097698
148.270283	118.535043	165.697009
157.9177	119.744271	213.626921
160.36881	117.531442	216.352337
165.26483	116.786558	172.178585
168.043771	120.246678	195.842711
185.672013	116.196107	95.657445
176.062813	115.156287	184.553977
183.614022	118.649384	212.240873
184.855716	117.45284	207.965406
187.888091	113.254292	204.604372
192.597065	118.721386	213.105531
209.971255	112.491778	89.427428
236.145197	110.104745	224.523242
239.347974	106.883242	204.852902
239.358458	112.52783	220.093827
240.23418	109.239681	217.73855
240.966832	114.746133	225.059797
242.225378	107.446615	225.579449
247.04445	112.45999	214.996723
246.692053	109.509475	216.893158
246.661597	112.764971	220.114278
249.181978	112.894449	201.215159
250.51502	109.780268	204.800693
249.25811	112.593303	221.846573
252.646207	111.593928	203.018454
251.254075	111.164499	218.541953
252.197759	113.224406	220.128396
254.494923	111.43379	203.044045
254.09373	107.412322	195.396467
254.247283	112.526833	206.451784
255.156662	107.317064	203.205027
253.618251	107.92239	220.470953
255.286642	109.332281	203.132581
254.667068	106.670448	217.981675
256.081386	107.236153	203.218328
257.444149	111.175068	201.358594
257.69923	111.147515	198.770029
256.726912	107.429793	216.240939
258.195852	107.05189	200.639943
258.412563	109.060205	199.710139
257.222699	112.00261	225.333508
258.207554	111.12489	203.10136
257.954446	109.314787	214.433256
257.977392	112.508755	216.833422
257.823701	111.523296	217.742331
257.311105	109.711643	222.099769
258.624127	112.612402	220.244405
259.35777	108.02494	208.453995
260.990825	106.82806	200.684101
260.766615	109.913914	204.921256
262.238327	107.779848	207.643803
261.063741	108.245817	220.538587
261.335874	112.420672	221.145606
260.745759	105.213986	221.557012
262.545679	110.821244	206.651724
262.336129	106.734688	205.943672
261.045253	111.546558	223.724189
261.851052	108.262964	222.246
261.902578	106.067408	219.823026
263.622333	106.625679	202.477354
261.993695	108.166257	220.558214
263.856275	110.841721	212.738065
263.220651	106.861877	216.376032
262.614561	106.126006	222.38154
262.838455	111.444781	224.596872
263.041968	111.282542	222.087088
264.235634	106.755473	215.540993
264.857377	104.70046	217.381253
266.649559	110.497328	203.265459
264.912825	111.134365	222.130221
265.898605	109.600711	210.247327
264.706701	111.293687	224.635971
265.022016	107.814993	218.078542
264.713485	106.90958	220.678587
264.42498	107.102934	224.041777
267.768902	110.41744	201.547425
264.286485	107.211291	225.711505
265.940121	112.099678	222.09349
265.994204	110.967106	220.473868
268.630004	110.362757	202.437984
266.880941	112.030332	222.116771
267.61524	112.119077	224.638612
267.647017	109.889214	222.258045
267.753403	112.012995	222.975114
268.290934	112.281869	227.965179
268.608601	110.908505	223.057987
271.257525	107.126675	202.612917
269.345357	111.001419	225.571276
269.524704	108.676056	221.526985
269.996436	105.653778	224.228483
269.738817	110.317657	231.402283
272.786986	110.107747	199.034767
272.687426	111.134226	200.743073
271.182332	110.411254	215.516936
271.245872	105.411094	220.904881
272.206618	106.424196	221.716275
272.131429	106.468284	222.552935
271.518365	108.046006	230.737959
272.551839	110.563103	221.488838
272.30322	108.536511	222.439236
271.919761	111.04039	228.922954
272.938017	110.919542	228.124073
273.962752	109.205376	215.653366
273.077254	105.333513	221.797512
272.624215	108.960085	229.879169
273.332296	108.432829	221.629913
275.221532	109.965969	203.467718
274.423433	106.705616	229.219522
277.205989	111.461803	224.047326
277.733257	106.225908	224.365782
278.622528	106.222103	225.214436
279.257867	108.623032	230.817152
280.458299	107.874621	217.608674
282.561371	104.904889	223.721393
284.590616	107.602247	215.152947
284.256972	110.450335	230.788344
326.080107	105.726648	222.754013
334.468856	105.081383	225.430241
336.000587	102.648895	219.776232
338.850788	104.216616	212.957832
336.698708	107.892962	224.489918
351.385423	100.071243	225.980448
351.368967	103.260106	227.473174
358.024976	100.263065	226.058189
359.349166	104.68278	231.537247
365.230347	102.964924	216.113444
364.305406	99.165266	221.22584
364.767548	104.650393	226.775859
365.982058	103.28655	224.393411
366.752508	99.025381	223.708999
369.989839	98.454273	220.437956
371.320719	102.183766	211.961762
372.38424	101.158316	217.87945
377.785088	102.725906	203.440124
375.806882	101.937378	220.340535
375.594868	98.882984	220.41845
376.375821	102.025571	222.796993
379.004042	97.45412	206.116269
379.234467	98.506062	204.384959
376.889595	97.943261	223.712064
382.749494	96.218033	220.427843
390.73538	102.140612	199.98199
390.5663	100.675949	218.607949
395.65235	98.441731	219.425677
398.599762	100.529588	225.07653
403.048787	97.636008	206.71768
403.348411	101.246515	223.381694
405.593366	98.100083	190.184746
416.784846	100.302742	212.380197
445.637424	97.110734	205.504977
457.366749	103.602559	177.713305
457.164149	101.933422	175.865792
472.914402	105.771267	173.848546
472.077316	101.355591	174.760112
473.532939	102.40266	186.777641
477.522509	105.065741	153.781005
485.789662	105.363706	181.281406
484.940392	101.874276	199.282976
484.620617	97.602651	209.572964
486.0994	102.971414	203.949948
487.909594	105.477143	176.443292
488.521888	101.910292	172.659844
489.438182	101.476289	185.716401
491.347128	103.395173	194.175937
497.080567	101.06531	160.42561
495.440799	104.97529	184.390242
498.245877	101.359235	203.256971
500.414346	101.273099	182.14371
502.231246	104.924184	177.317924
504.576873	103.881324	179.983409
505.33956	104.677243	183.716829
512.222654	99.205274	195.649714
517.037428	104.153983	173.646057
517.629816	103.224654	175.470206
106.625206	117.51131	172.638336
109.322135	114.142513	180.074282
116.65826	116.520015	159.844995
120.975173	114.930543	196.141853
126.343446	117.275146	198.688022
129.268311	115.682052	181.226113
129.917457	116.709732	184.034878
131.882378	113.538976	181.457667
134.979534	113.436889	186.306228
141.962005	108.809198	122.356693
141.844215	112.367722	181.392593
150.375547	114.671944	165.95369
148.175342	112.684125	205.987235
152.315441	116.896772	194.128249
152.629544	114.806665	209.905021
164.898493	108.450973	151.89837
167.70963	111.903474	214.798067
194.840283	105.802194	188.94339
194.343058	111.717511	213.326393
198.299303	110.149718	198.626989
205.709611	104.826096	216.940624
208.248603	103.644231	218.696783
210.426809	104.093675	194.41252
222.043044	106.781908	205.652527
221.903224	103.199967	217.070877
238.928076	106.034361	209.240208
238.685119	105.660948	223.122431
240.970317	102.753455	205.017905
242.224794	106.55601	203.14033
240.607948	105.33947	221.432203
245.317435	100.315647	205.999726
249.694282	101.098045	218.249291
253.303069	104.458683	201.541087
253.479794	100.621961	216.556958
255.65857	103.246667	205.100552
256.87585	102.132032	201.646578
255.762444	100.57395	221.758918
256.913716	105.66519	223.189121
257.81793	103.43195	221.622241
258.744546	104.411312	222.428861
260.877193	98.835883	197.399714
259.963176	104.144261	219.041246
260.647096	100.808066	209.64258
261.048407	102.934624	216.534279
260.593255	104.238243	222.459721
262.521028	102.959913	220.854293
262.679274	105.006774	220.746876
265.631774	102.423882	207.924826
265.346136	104.534614	212.205239
264.010203	98.764984	221.943087
265.098121	99.666352	221.065968
267.287751	102.548687	220.114315
266.753698	97.520871	222.052078
267.445753	102.477212	218.409524
268.394959	101.356555	217.625874
268.392765	104.532751	220.036057
268.245606	99.318398	217.715551
268.076148	101.495049	221.037139
269.999358	104.14835	203.56834
271.736853	98.987307	202.003167
269.509095	99.482138	224.551193
271.575102	102.48325	225.272436
271.720162	99.190947	221.235381
271.81557	97.054968	218.766928
271.502198	102.532865	226.101443
274.439852	101.839291	205.520089
272.599074	98.108425	221.30802
272.595028	100.232081	222.898003
275.738095	101.801657	211.7205
274.681604	104.320993	224.404268
274.354956	98.065897	223.046521
275.549146	98.960405	221.343775
275.391193	99.034784	223.025051
275.239372	96.986257	223.119075
275.165411	100.236785	226.298778
277.005586	98.735485	216.247763
276.362022	102.194891	225.39026
276.597071	97.819495	219.721972
276.519116	103.179841	224.50894
279.173789	101.009717	225.516963
282.367689	98.020764	230.653206
284.611462	102.374135	211.060706
284.109582	102.885998	226.346309
284.555329	102.116504	231.274512
285.738428	97.607193	225.842314
292.352946	97.468686	228.43861
324.449646	100.847815	225.502659
339.247981	98.302792	222.563152
340.676396	100.418933	227.427316
343.358609	94.625969	218.580942
343.876243	95.722224	222.749165
347.735875	93.141319	221.22849
350.707579	91.685402	219.629159
353.698049	95.803562	227.801112
355.00468	97.569668	226.122819
356.300908	91.811817	212.880552
355.870311	96.440068	226.171663
359.602226	97.669545	220.398078
359.801406	93.752103	223.827615
361.389805	93.303535	218.856974
360.956512	96.659623	223.75035
360.880614	92.50931	222.2129
359.900506	92.072411	228.772659
361.928846	95.46909	222.967824
361.77909	93.457712	223.021214
364.933846	91.896243	219.743072
366.442542	95.540888	230.270513
368.429918	94.704738	223.002319
369.538836	92.421579	220.569219
370.728666	94.26836	219.701723
371.314759	94.339783	222.181604
370.813902	92.548232	224.68103
371.617081	95.225069	220.511018
372.462442	94.126877	220.53057
373.144836	91.050791	220.578949
376.530991	94.531047	230.230658
378.186052	93.509866	218.853684
383.27899	90.177894	219.675474
425.547557	93.065174	185.738777
434.688243	91.798393	187.002644
441.298469	96.023725	184.952411
440.904625	93.338423	184.902163
441.71138	93.220937	186.664219
454.884526	92.957614	210.526434
467.606115	98.15882	184.288842
473.910738	93.766905	193.208043
476.317607	98.701456	171.661538
480.536574	94.547502	205.998312
482.341535	94.788985	180.452259
485.968145	96.246129	184.942896
486.357174	99.530031	188.74446
489.181877	94.183872	187.564552
490.839167	98.004314	182.751998
490.278117	96.262884	194.175244
490.121838	94.219905	186.556935
491.280714	95.989484	186.499256
501.526519	92.273208	140.823459
499.956887	97.660595	181.220956
499.112797	93.835287	186.951223
111.041522	110.906608	168.009287
136.447793	105.868381	195.600621
146.648674	103.882899	154.053746
145.335763	109.293826	183.481755
148.015673	101.145738	146.766976
158.35633	107.590419	208.277448
161.739009	104.413889	181.930326
170.791806	104.222502	205.11889
171.597785	105.036595	205.150952
174.29996	106.362405	182.708265
172.659597	101.225004	205.168973
179.662806	101.8172	174.204923
179.319431	106.68353	184.77386
192.74566	101.20326	175.746531
192.408397	102.313391	215.284002
197.282219	100.014706	184.592442
202.094172	101.314669	189.090803
213.436799	98.07104	183.232495
214.961826	96.999264	185.829538
225.813705	96.702459	201.570525
228.164048	96.57277	214.790468
229.4669	96.271283	200.727895
232.10223	97.879898	201.596899
232.912963	97.791395	202.482565
235.487555	98.637698	213.921063
248.240478	96.095091	211.443452
250.13372	95.869334	210.578519
251.078418	94.768479	209.732736
251.56858	95.692428	205.287837
252.616423	94.60577	203.551723
255.216309	93.347629	204.487056
256.354364	91.3332	219.557191
258.27419	94.162777	220.344921
257.410527	91.550805	228.144003
262.492662	97.68512	199.200513
260.279837	93.912855	218.643539
262.194318	95.641248	209.842895
261.313563	96.872489	219.409567
262.258329	95.748136	218.604987
264.107704	96.626232	219.467436
264.895096	95.569483	220.387522
265.91486	95.461587	219.551264
265.824192	90.670718	227.405088
266.013923	95.855439	228.859711
266.872055	94.349045	218.750966
266.706661	94.407022	220.471044
266.855437	95.387893	219.574667
267.487368	94.401266	222.201625
269.685187	95.125165	201.161277
267.456527	91.305532	220.600501
268.693864	93.197507	218.836192
268.56403	97.419206	222.943846
270.399669	90.990823	210.16007
271.997773	95.967763	216.216877
271.579724	96.096956	220.518188
271.097146	90.045231	221.590818
271.455915	93.02375	219.777053
272.311941	94.033267	221.476037
271.936574	92.103453	224.092088
273.336859	94.989774	221.463523
274.087964	91.882157	221.604675
274.207933	89.784309	219.097615
273.753951	94.139178	226.566809
275.430596	93.774207	218.996666
275.825774	93.940711	224.950501
277.716292	89.656773	222.635061
278.054088	95.803785	223.2442
277.3045	95.179622	230.710249
280.601408	90.551599	223.528123
280.453876	89.564026	224.403857
282.915128	93.458885	221.784249
282.80088	89.338119	220.225304
284.700969	93.435262	223.518614
284.694233	94.492844	224.308672
286.562685	95.512011	225.964679
293.431717	95.986778	216.791561
292.527246	94.190816	224.500168
293.032575	93.318983	228.665213
329.874864	93.734976	174.508918
365.345918	86.888797	220.661692
368.994362	88.57146	222.294345
368.571677	83.671346	222.354173
367.799504	87.272223	229.683224
367.916439	87.18562	228.877413
371.165611	88.225975	219.790559
372.506856	86.248686	222.299554
395.023804	81.352981	209.238072
395.385448	82.476648	205.810024
404.361341	83.916758	202.157382
448.878362	93.609925	176.257603
448.493863	86.761878	185.191798
454.643699	84.325895	208.702955
460.367106	90.409417	179.973982
466.30031	89.959956	187.028112
466.023781	86.013083	201.928695
467.227693	89.56539	181.362232
467.863245	93.920453	182.333387
467.638277	85.520374	199.990761
472.63311	90.967507	194.18535
473.662753	93.395651	171.781118
474.406482	90.356001	182.781185
475.673238	84.786783	205.19895
479.923665	91.891337	185.27465
479.325593	85.770325	205.036184
483.520654	91.078369	182.211401
490.99988	91.977318	148.085112
486.551407	87.255021	183.868903
486.841641	89.104428	182.927035
486.711665	89.285511	199.994066
488.519596	88.185625	170.778009
487.500251	88.74664	188.560885
489.135061	93.405257	185.662346
492.310332	89.892475	156.540399
493.762945	88.880995	194.846007
498.191346	89.812091	161.382486
134.402005	103.260685	173.665473
136.019282	102.527946	178.214312
136.977135	102.022697	191.870432
141.007213	102.204615	180.402515
140.907354	103.204642	181.293966
143.677738	98.296509	182.383392
144.751599	99.548981	174.492959
159.012341	98.403561	179.932381
160.832228	102.012713	186.360836
165.265996	95.836319	178.55644
207.699161	94.251308	188.274607
225.061321	88.320552	183.344214
227.387374	93.680121	194.611853
232.280417	90.274809	190.318511
232.967459	92.052464	200.806856
232.490265	92.189172	214.971493
237.801763	88.680804	188.638216
236.037716	88.84206	214.197917
241.622423	88.112224	211.592352
242.475609	91.905698	213.301737
247.814321	84.496381	202.74617
250.139804	89.968908	208.057449
251.57867	84.920367	209.922382
253.254786	83.737465	210.844236
254.871079	87.503322	205.464994
256.579885	87.46691	224.864694
260.901156	89.188569	229.093149
260.830288	89.240084	229.933069
266.494309	84.49277	226.776379
269.050211	86.135083	220.792624
270.999668	86.997324	220.820177
273.75871	86.864251	203.18421
272.900271	83.817738	219.214461
274.769409	88.811384	222.583396
275.164426	84.821981	226.111779
282.006402	83.367692	224.648114
285.078827	83.184214	223.040053
285.993288	87.318208	226.302754
285.752849	88.488923	229.550863
331.44742	81.572059	154.105349
383.908313	76.855524	192.645973
391.969653	76.65666	183.696841
397.275101	78.368418	188.035159
402.861628	82.233139	188.942909
402.765666	80.056874	180.9154
405.992463	79.746469	187.813332
407.176509	80.107507	205.400007
415.653138	82.90848	190.239281
419.10427	83.245878	189.215263
449.779255	79.7892	213.220928
459.589582	85.702643	183.610783
471.994187	84.380306	177.251578
475.019009	82.766915	188.25388
479.537632	86.859117	177.739393
491.60946	84.806671	144.114638
489.141072	86.996599	186.549672
495.520667	84.105165	148.963141
148.874176	91.712613	139.774501
150.839907	92.890111	181.08788
151.738205	93.648294	179.388504
152.326218	93.806866	183.871207
154.938136	93.527012	183.156938
157.097735	91.231013	177.97911
159.97964	92.168939	185.257406
165.488752	93.137094	178.544005
169.497954	93.839455	168.430889
173.972828	88.326819	172.93641
173.121161	92.940384	205.055392
187.662488	89.210656	206.390923
190.036371	88.815114	208.240396
212.935975	82.560629	183.013679
214.695304	85.040775	182.243854
225.582859	85.493395	186.755358
225.868188	84.370775	208.757187
237.060448	84.995174	186.895109
235.709864	81.235174	207.099006
236.761774	85.858741	206.21563
248.192804	80.812277	190.436686
248.513425	80.562321	203.650673
251.691761	76.451692	198.332956
252.122958	81.075509	203.690657
253.440394	80.835457	208.181773
255.214354	79.653319	208.208861
257.315652	79.462945	205.553357
257.058862	77.51643	207.343533
257.837816	76.436589	208.253498
258.387464	78.417067	203.78241
262.965027	80.276993	188.039647
263.518138	78.761369	207.467131
377.45073	73.638876	186.416464
384.500489	74.133939	191.617387
384.401318	71.822183	184.473806
389.00576	75.09874	191.580432
387.966557	70.601463	203.655839
389.860536	74.38391	188.885109
459.462057	74.255856	206.572774
466.296352	76.899051	183.90925
467.086199	76.482912	188.530912
467.718369	74.136538	193.114703
470.575046	75.202307	168.205531
475.694513	78.792026	178.781868
479.586935	76.270369	188.795151
482.297231	80.314552	178.43162
484.71297	75.504808	175.520367
488.206971	79.641999	187.462932
149.184852	87.438604	161.23871
159.416422	81.326748	155.387998
163.811742	86.292222	184.498368
173.030913	85.361461	208.491038
175.727297	81.801187	202.112941
188.126322	83.785747	204.477278
187.746886	81.7649	208.028474
189.494897	84.764832	200.028786
197.353356	83.925158	183.426697
198.30007	80.224187	184.231101
196.121894	80.578636	210.025141
196.848618	81.358355	210.952975
199.23055	81.70818	198.437522
200.431993	83.526338	187.010033
210.418688	79.885052	174.364346
216.198959	75.505631	177.833379
224.775563	77.86341	210.491896
233.87768	74.143029	191.044696
234.314942	77.55995	211.538847
237.686332	77.389865	188.553512
236.688856	78.176659	214.262837
239.604031	77.806048	211.612872
248.916011	76.779365	199.184456
248.982807	74.702604	206.317599
248.634802	71.811067	208.979225
249.060292	73.75534	205.413147
250.995672	71.629254	203.62843
253.959954	72.573484	185.320677
253.755292	75.30457	195.710605
254.627887	74.244612	195.718031
253.790564	74.92403	211.772547
254.318289	73.047062	206.38536
256.58704	74.589566	210.919858
260.901316	71.370967	203.81221
264.515926	70.011425	203.890738
265.893766	74.807683	201.256451
265.503589	74.739028	204.82854
385.416315	65.271071	184.949729
410.587241	66.759447	181.534916
413.015546	66.799001	184.925694
418.262904	68.222083	183.914918
430.594959	65.753863	184.114554
432.636096	69.748276	198.710218
435.29496	69.996939	204.109432
436.167795	70.047109	204.098501
437.838536	70.387521	196.803345
441.742277	66.712686	199.233697
452.384652	70.853619	187.144519
459.48554	69.965261	176.716181
467.793532	73.342876	166.602513
468.646275	68.886895	171.773223
471.054484	72.113574	194.748633
470.591212	68.408937	187.12541
474.658827	74.2436	172.408585
480.850285	72.951773	173.887972
483.642169	72.520336	157.321318
152.105646	81.447913	181.971076
161.179026	80.492201	157.146561
161.302246	80.85117	194.973827
163.649681	80.564782	196.91004
166.878592	80.540262	169.090439
167.808133	76.036421	171.644362
169.628157	76.694839	170.061203
183.465205	75.964719	189.641831
183.618912	78.699781	187.090973
185.804872	79.263517	181.962948
188.285092	75.364099	184.560531
195.568631	74.222811	208.93319
206.242909	71.744003	184.262211
243.289328	69.88685	200.800139
249.773439	64.070266	205.286915
253.48253	67.666917	196.519321
255.848523	69.912711	208.182533
267.360937	66.870949	202.156748
403.870217	61.374271	187.549373
408.118819	59.18154	181.166203
410.280502	58.111692	188.825954
414.800873	60.434659	187.055405
416.514991	58.095812	179.892396
436.24002	63.803242	198.240222
454.794136	67.96493	178.685209
460.212708	62.788751	188.270738
467.049012	61.612761	163.232359
471.748827	65.983572	175.154075
163.132837	72.919454	177.336277
173.728273	70.284581	176.948787
173.714006	70.518589	186.432335
183.934615	71.167868	178.242497
185.670252	67.237665	179.081564
192.434058	70.212386	187.176147
203.680174	65.689912	185.720743
247.557477	60.673603	200.713978
249.888392	59.289342	203.414987
249.773439	64.070266	205.286915
252.491675	61.794815	204.411198
266.774921	59.340538	196.768947
385.668658	52.073741	187.647348
389.454661	55.011643	187.680827
414.603493	56.020105	180.722982
452.637007	56.141376	186.437513
172.841608	67.51261	177.731492
181.670208	60.770144	176.309381
192.136116	65.18989	197.617164
198.092248	63.705228	182.88439
200.156492	64.37731	187.28624
213.744352	58.297457	186.747283
217.757789	57.536826	196.425628
226.529973	56.89415	177.812964
237.521749	57.192589	203.986935
240.64092	56.954007	183.215629
250.482603	52.699904	188.516773
252.954752	52.365717	181.828588
263.452521	50.783863	200.141237
264.350798	50.677362	200.168449
367.008829	43.42412	187.863215
371.384022	43.275177	190.336238
378.801301	44.348993	186.664681
381.084244	41.412461	189.07245
395.596116	43.057215	180.889078
405.102426	46.513998	185.793551
406.192647	49.474246	185.883943
406.038284	47.548223	185.802546
426.205279	44.319237	186.780929
198.134558	51.167738	171.836279
206.525503	56.021546	173.808285
209.574775	47.975363	184.791574
212.807671	44.973396	176.506863
220.31772	50.033836	179.24655
220.645558	42.931082	182.626058
242.082219	38.63202	181.596276
244.696835	44.46959	183.293368
