z	y	x
136.816564	364.581633	158.033287
138.644048	373.617378	156.746583
141.041448	376.049884	158.287763
159.471922	377.831329	148.033645
164.468152	380.146053	145.179783
171.336	378.886427	136.315213
172.574309	363.553612	148.913086
172.590488	368.829023	149.625151
175.901176	369.110654	130.572194
178.869703	368.572221	113.428001
172.713527	372.876944	149.501502
172.528114	366.802781	149.685332
173.39932	365.769802	149.681954
177.699988	363.628539	145.283581
179.273338	377.098626	137.862622
183.245878	373.206334	151.694893
183.656684	377.154622	155.926465
193.521714	377.155209	134.731441
192.579379	371.892015	155.71012
194.481094	376.589482	145.077405
200.296409	383.86831	133.288755
196.89524	386.923525	156.015012
198.329976	365.838477	147.012509
200.347708	378.873019	137.826322
202.333482	378.630773	136.88625
204.003892	377.80156	137.715181
202.235048	373.99584	147.456639
206.31628	366.319776	128.686453
209.02609	370.558251	129.20772
208.871837	376.302716	135.844786
217.355161	371.456084	128.810203
217.75839	384.295722	144.782422
232.371572	383.77621	97.859392
225.968344	375.532226	257.862877
226.035507	375.314208	256.124729
228.787627	375.357156	257.724438
238.02527	377.182149	132.224569
228.891322	377.275365	256.799606
231.599408	376.315862	258.421892
232.704979	380.217863	257.408095
255.357338	348.915158	40.155282
256.777501	338.99312	30.295675
234.571165	381.247119	258.164547
235.57587	373.025154	249.521161
235.665215	380.653255	253.75142
235.299877	377.350133	259.93397
235.695917	380.547419	252.872108
236.333863	378.095072	258.137626
236.5643	380.713356	254.584379
237.330794	380.086128	258.052284
237.526655	381.686588	254.514507
259.34695	344.774624	34.990794
238.259403	381.172699	258.85487
239.088749	378.067435	258.854963
240.115295	381.085463	258.762637
262.416312	336.746492	55.887444
242.064906	380.670308	256.056079
243.75132	377.74584	257.731505
266.116698	334.237889	28.146583
243.849306	381.945773	258.560947
246.90747	373.855286	241.734231
249.079977	380.422088	236.082304
257.845838	368.311208	134.165438
273.397716	334.141846	28.403079
253.563774	377.180004	235.024685
262.452622	368.244434	134.108434
254.118348	376.440717	249.278884
255.540531	382.34268	236.633724
256.30664	377.106698	234.889628
263.860733	373.896027	149.844078
263.905293	370.132186	155.452429
264.633211	373.103002	150.784032
258.946984	389.175433	254.26032
265.089858	375.450293	147.946442
260.042314	377.816773	231.998017
265.833963	372.061561	155.311666
283.261697	330.214893	29.315147
261.674935	389.194841	255.023271
268.202552	376.352339	152.333596
269.014866	376.525231	153.209637
264.431811	389.106434	254.907464
269.752663	377.842362	154.904544
266.330907	389.965113	253.943061
275.401588	373.007776	160.547773
282.236863	366.152205	130.377935
279.60166	385.893675	151.648546
282.1014	385.728768	146.268689
281.322917	379.525095	159.17143
284.59896	388.184745	148.788736
284.573636	387.218278	148.844071
292.330892	380.65076	160.807354
289.409977	381.956209	214.872198
303.728648	387.321205	150.468627
305.083988	381.257985	154.435815
307.595305	380.761409	157.141228
314.793801	391.202709	161.778192
332.461846	383.617304	147.011493
336.562733	383.059217	154.203081
339.19897	380.517002	156.149273
339.227578	377.485537	155.464117
342.298857	388.366978	151.241198
343.661201	378.138375	158.975426
344.755228	381.515518	156.096776
349.151611	377.152652	125.927581
347.931229	386.957823	148.693512
347.679526	389.860916	153.869962
353.917546	344.193682	55.260021
350.136874	382.175544	159.626054
350.431396	388.929839	153.945115
354.727283	352.740721	78.289855
355.543315	351.467523	77.514051
353.44262	383.96534	148.033326
352.861611	376.603966	160.873833
354.563263	367.474783	143.741771
353.873731	379.191574	158.950653
354.934506	362.75851	135.986293
357.934277	352.668136	78.579746
355.41239	361.088494	145.997273
355.724955	377.294861	159.085154
358.106847	369.741486	123.87833
357.145898	385.76681	147.106144
356.968648	372.023308	151.479236
356.587778	367.040752	161.553327
358.501938	363.970535	136.871717
357.514657	378.568451	160.787691
358.456801	370.007466	137.364719
361.987464	365.792356	140.402624
362.758551	363.867174	145.010579
362.706649	369.869441	145.491487
364.324814	370.56299	123.133928
366.401687	380.454113	114.606317
365.027541	370.664872	159.624598
365.043111	373.401069	158.569353
366.557326	360.959834	140.834368
367.334509	363.905163	145.098967
367.265175	360.765225	148.864032
368.615856	361.340948	130.145336
368.945946	380.66767	150.289224
370.726882	346.177789	80.199844
373.084807	349.275381	54.531971
370.804954	380.525119	149.463276
373.119417	376.688335	127.564044
372.762666	371.920498	145.598528
372.856854	362.77957	144.423938
373.575944	382.328602	148.566452
373.652932	364.090071	150.545768
368.798658	387.692536	257.619789
375.56535	367.682116	144.179712
375.818563	374.323035	126.02738
376.739292	355.514165	127.273961
373.316	385.74676	259.480785
379.371078	368.658615	127.40959
379.322145	369.203343	133.582957
380.0462	376.260111	147.345787
380.070812	375.900698	145.600858
380.252512	375.253754	129.706988
380.058605	376.081538	146.473392
375.12896	386.862887	260.421568
380.947226	377.420073	148.19732
381.877501	375.488382	148.339952
378.776268	386.908743	261.422881
383.902076	345.964237	78.019849
385.593374	370.832578	149.63729
382.492899	385.691644	260.70373
388.357471	378.971488	132.51132
385.007444	378.118994	232.679044
388.221416	348.735261	80.875811
384.880961	377.183308	234.469534
387.967659	381.011047	230.117626
388.213604	379.460705	239.979059
389.98295	378.465386	240.975463
394.677281	368.265435	129.920802
393.282821	347.099197	83.170901
391.386035	379.086247	233.93804
391.243641	376.114618	235.749966
395.643569	360.497417	131.351065
392.038047	376.191133	237.576571
392.614844	386.561566	261.18335
393.574088	386.438786	260.371958
394.977673	376.028893	235.10665
395.320133	385.598888	262.16792
396.302551	373.33054	242.294589
396.426244	387.231108	258.796951
396.553175	386.92608	256.212224
397.185452	384.429172	261.402422
398.652792	375.996805	235.359369
398.067974	381.309485	261.430153
398.335305	385.970697	257.171567
398.079277	385.571638	262.307125
399.025092	384.414519	261.49785
399.077573	385.343106	260.648276
399.283669	388.040897	257.215796
400.051365	383.05038	258.98286
400.024278	384.192306	259.839752
401.15368	383.686593	255.602684
401.15327	386.893667	256.453723
401.026217	383.980769	258.178054
400.841453	385.554645	262.44771
401.067965	383.880437	257.320866
401.054317	386.055654	258.176146
401.08191	384.917299	257.31959
402.881297	368.065654	240.194978
401.799632	382.219127	260.785289
401.975646	386.05289	258.224446
404.407127	342.834479	84.280703
402.760241	382.111697	259.984312
402.924632	384.913739	257.418405
408.401063	373.421273	134.756627
402.801741	385.221746	259.985908
403.804275	381.807207	257.475416
404.671483	380.874999	258.381611
409.429799	370.264181	138.516998
404.812085	381.618397	255.815367
404.591034	381.080134	260.084095
404.726654	381.809991	257.526881
404.630857	380.976376	259.233473
410.247759	368.190928	134.282585
411.326175	361.798903	137.355547
406.659147	381.629778	255.919564
407.854486	371.740012	249.178677
407.613743	380.514208	255.121436
409.50695	372.083738	238.852969
413.978668	365.368593	135.536453
414.095915	373.058008	142.158767
414.711474	364.003217	130.3972
416.347798	363.923285	151.568591
415.802012	378.239196	138.471323
415.852852	360.072998	135.073868
416.752436	358.819498	134.321863
416.610951	379.200443	134.059779
416.580007	359.922613	130.74945
417.171284	367.738433	150.539892
418.565684	369.574908	136.444948
418.890786	362.986055	142.964954
420.34805	369.119429	134.819897
420.378695	369.338227	135.688207
423.345387	379.748675	145.955502
424.122571	383.77231	141.417589
424.30565	378.929144	146.937254
424.13325	384.958278	142.256544
426.60234	383.065553	130.120872
426.979704	383.513632	145.166866
427.458588	379.591202	128.579381
427.841913	378.546721	141.005018
427.550533	372.1695	131.600972
429.563789	376.871992	96.388093
431.999195	365.775259	147.983791
433.320354	389.645414	141.855786
432.832557	378.073703	153.739777
432.879854	367.776879	147.955536
432.423439	379.389384	98.178173
433.766874	370.974357	148.764786
431.218188	350.957364	95.652206
434.742694	368.94019	148.907463
433.886042	369.312174	129.54037
435.463746	362.025951	141.353008
434.179124	377.524595	99.284188
435.811119	374.85685	158.47739
437.562255	360.993361	145.893609
436.523697	367.51061	127.188293
437.510626	372.28286	150.727866
439.146508	373.110594	145.525944
439.177422	373.308391	146.401013
439.195393	375.710286	148.079599
439.897291	369.822701	140.43464
439.99539	380.15058	117.111513
441.764187	371.001313	141.392326
442.851693	364.070424	142.6087
442.294835	360.255701	147.958883
441.65043	380.098523	141.040694
441.852167	374.864643	144.771064
442.004073	372.430949	147.507527
442.837907	375.240839	146.589493
442.829392	371.808308	144.948198
440.484134	351.282828	97.920276
442.843978	373.0222	145.785663
442.677028	374.226825	142.212066
443.16234	358.799238	146.318779
443.557351	363.314107	157.582104
444.174691	363.849917	150.577076
444.228612	379.766565	135.945793
444.461072	375.992217	141.393687
444.898286	365.061336	147.078427
445.579628	370.513401	144.305224
445.213121	369.581969	136.427347
445.758165	365.846705	146.232227
446.464928	376.96766	145.909733
445.629669	385.104971	117.274928
447.421807	372.695274	145.237065
447.026276	378.894005	137.064266
447.768321	369.016334	151.529627
448.145733	372.631659	140.896398
447.883741	377.414287	135.420582
448.28894	382.34365	147.643098
448.763899	361.283278	149.201467
450.182423	374.844757	146.242315
449.261877	382.953606	117.638187
449.954891	386.321663	143.213682
451.492932	357.949751	132.958851
452.319146	364.019263	148.472667
452.436877	364.624001	151.090055
452.219486	378.359821	153.348644
452.020568	381.288026	119.675808
454.79935	370.937453	174.037454
453.993236	373.311886	149.197415
453.798158	378.778478	146.380691
454.230133	367.814477	152.000357
452.940727	381.257885	119.740365
454.350675	376.41051	136.794783
455.001676	362.487718	146.944093
454.721773	385.373486	148.915438
454.835032	368.715807	127.494306
457.525139	376.84388	147.583059
458.792892	364.20666	150.643284
458.708065	366.042605	149.714491
458.498535	359.438982	143.768776
458.905384	356.08128	135.212442
459.048951	385.218983	140.352785
460.578207	373.070353	154.064825
461.465783	370.620901	152.420848
461.925462	380.920351	144.23232
460.968438	353.417056	100.601513
463.307185	360.552621	149.277187
464.047183	364.185195	147.484708
464.48148	376.485041	139.234047
464.372309	377.446217	161.29451
464.126309	368.285523	131.592226
464.666311	369.201975	143.00135
464.77704	375.704706	120.756694
465.863017	377.358951	151.675402
466.737698	371.642025	149.22684
465.457961	347.702869	99.196363
468.23149	383.081272	141.917495
467.85109	369.634561	133.515163
468.555944	360.706785	146.983095
469.563291	368.88524	151.236162
469.621985	359.26082	149.704881
469.312081	369.666237	145.921767
470.090219	385.239592	142.855594
470.424818	358.792158	148.018025
472.303765	359.139166	149.873008
472.161348	362.812701	148.029972
474.588453	377.749508	142.468696
474.780113	358.65163	129.022165
476.101313	382.23166	162.83538
476.256065	379.413454	137.169361
477.269683	383.874185	138.853981
478.779776	378.560814	160.417124
479.329093	382.060273	148.836896
481.994229	381.525133	147.213977
482.516268	377.27395	165.052823
483.208147	366.933604	134.391182
486.689322	372.959985	155.681039
487.964963	369.532162	141.645101
490.622079	371.823592	139.013965
491.310287	372.002763	127.383384
491.928667	357.044165	134.209464
493.613626	363.21586	174.474795
497.306826	376.655486	152.584505
498.600943	348.543947	117.666333
500.374725	364.571559	146.005972
502.227076	369.183599	144.15834
102.983248	321.751659	145.747038
114.884349	327.826163	135.794736
119.675226	345.391969	180.652732
126.319559	351.235106	155.628895
124.208095	339.990854	178.004649
139.234393	335.910816	153.582556
141.910348	336.27318	172.094853
147.561948	336.223558	153.983432
149.76324	350.987081	147.587013
153.264253	345.926186	151.826488
150.867013	343.18836	170.756925
163.398884	348.665763	134.299737
162.915461	350.635631	141.932208
161.256435	329.78999	147.52178
163.7123	325.829919	151.744991
161.718948	319.074389	165.629036
167.26778	318.245208	149.177798
170.703472	356.278326	148.322124
173.521294	360.283817	148.109292
174.83164	345.13001	152.704219
185.965017	325.571192	88.326328
175.713121	348.33646	153.457583
173.035909	326.343033	162.608301
176.025275	342.707241	155.283647
178.397331	341.859604	151.801148
177.294575	335.880734	156.252144
173.836307	323.577126	173.104647
181.630701	333.979224	161.358643
184.18069	316.861723	152.293226
183.504545	340.309023	162.885336
187.88805	348.518761	150.471446
188.139655	345.103267	153.127817
205.86967	298.932879	54.199361
193.665725	337.40663	150.649111
193.524478	349.400991	154.567639
192.855279	321.459868	155.521273
190.122595	325.284768	173.801561
209.47191	304.077538	75.797314
196.81904	332.554267	147.329194
197.7107	326.09956	141.555037
198.670484	358.421002	159.351864
203.90002	320.092828	150.339496
204.292945	316.488349	152.242231
200.126705	330.935704	244.648603
209.459137	331.563903	143.774177
208.283575	334.412805	161.010944
212.263438	337.092163	154.747462
219.360522	326.832346	154.432916
221.510467	331.672681	148.923118
222.051348	333.2539	151.465036
224.960148	348.605264	139.328979
222.442701	325.26479	147.520595
240.052175	296.080673	56.341423
241.911644	328.47454	30.659272
225.574445	328.046375	146.508545
226.211415	334.848424	149.643171
221.032309	370.904712	259.116803
243.622469	287.841284	37.463319
241.21881	295.809832	76.947235
224.206625	372.990071	252.785164
246.588516	291.806202	39.068968
226.973394	374.13517	255.23892
227.847274	374.292149	256.931754
249.943437	298.746363	52.623096
227.813414	374.401539	257.799013
228.786383	374.234003	256.883069
232.500187	374.119772	257.546217
233.84443	367.923663	238.15094
256.107259	311.013382	52.161532
235.57587	373.025154	249.521161
235.188778	327.054634	206.511052
236.045005	364.349421	253.960701
235.24655	326.887678	204.724534
236.412906	330.891368	204.459068
240.452218	339.409065	161.914639
239.761403	332.875	165.008134
236.139014	325.86116	204.776286
261.115062	319.17052	48.999333
262.04532	319.128442	48.93136
238.830849	362.594726	272.122389
243.836808	326.018163	161.039205
267.432765	315.280492	50.35025
253.70758	357.695927	135.802737
251.971107	319.377188	144.481762
245.060047	329.270054	267.892886
265.423172	321.329784	83.112402
253.55071	319.803659	146.261836
271.858541	296.116647	34.099543
254.148496	327.2598	161.9865
272.451994	293.172625	40.104562
256.834479	319.429036	149.007975
257.436601	325.265123	152.255624
274.416801	296.008575	39.880408
257.830907	331.092689	150.980729
258.588766	316.41228	149.203134
256.539575	322.551749	164.122642
260.405329	315.169866	143.852505
257.601016	322.393715	163.248324
277.568001	313.499636	46.005262
259.529601	320.209765	162.514931
260.986006	323.466907	153.302241
278.616965	301.873149	51.403468
259.985803	319.849432	166.136909
280.130065	318.19252	49.904962
262.95343	325.492659	153.187385
263.12603	315.624452	150.183726
279.608553	316.625064	56.939873
264.111523	316.639742	150.127659
258.230415	333.847976	239.110721
280.498836	301.549849	49.502879
280.543441	318.591275	56.777073
281.226569	297.572655	48.671687
260.175607	323.774062	194.991197
282.351341	297.771238	44.246976
266.437278	321.672588	154.366143
265.371501	324.302838	162.315632
266.103772	320.025065	156.280047
284.149732	327.980312	27.593323
265.143194	321.427584	163.402647
280.161786	299.417282	80.988876
281.90891	296.305563	80.083437
269.953037	317.474372	149.194521
265.317088	326.393488	190.463398
270.794852	326.143541	151.382877
266.109475	323.42346	191.552673
271.883222	330.1594	151.122018
287.529267	312.643171	55.373093
288.33823	312.84737	56.149959
283.958116	303.849861	85.895251
272.846657	315.261007	148.424011
273.032193	320.306816	148.117519
267.287282	330.545194	191.028139
272.944667	325.747214	149.597244
288.401095	310.54104	54.481542
267.593924	322.964343	197.642091
273.572624	320.922393	150.819715
268.940878	322.396135	191.641331
273.20069	320.783935	159.919833
274.049131	334.336364	156.28993
269.897411	326.643459	193.064073
269.839695	326.724823	193.920983
274.172516	334.147902	155.398347
275.154285	318.888077	146.378818
269.809448	325.70639	193.996689
275.706344	327.968294	150.373097
275.365845	322.137908	151.663176
275.881922	317.477639	153.781525
288.042173	311.392702	84.406877
288.889491	299.338382	86.654817
278.356559	318.72008	150.057298
274.058527	327.213932	188.725702
278.551132	316.291628	148.37124
272.923825	352.227274	265.314027
293.428727	293.920545	57.19174
279.9315	325.145931	146.905144
294.337991	296.050393	57.904019
280.310283	316.501864	149.277755
282.490161	325.572468	148.713691
282.460634	320.338802	148.1267
296.596422	310.990825	58.843475
283.403981	320.341122	148.126321
296.585266	301.363052	63.653673
281.866143	316.392121	158.439104
284.060442	319.744889	150.001989
299.17988	312.088957	58.531231
286.167508	322.566737	148.90618
282.685247	321.620428	176.985365
300.038352	300.319246	62.500608
300.22331	308.50082	63.890481
300.013252	305.78997	64.920614
300.511868	301.274071	57.985229
301.154911	308.334874	62.922088
302.035942	309.353172	62.793446
302.977341	312.334285	62.570272
303.026755	311.149679	61.730318
302.993484	310.170536	61.777899
302.723077	305.491674	62.909275
290.573522	336.129303	146.148959
303.724125	307.280844	61.844692
292.717211	341.845254	144.811913
290.75515	319.081314	156.474713
306.526797	322.412943	61.798619
293.115557	318.324448	152.844731
306.1526	307.61271	62.507896
307.354609	314.135524	60.308628
310.685829	297.870236	78.145193
329.852721	322.319896	134.803329
329.138571	317.042801	142.575736
330.680779	321.543444	135.787878
331.674118	319.305019	134.994079
331.488482	314.714806	137.130466
331.598871	321.542805	135.791646
330.783247	336.200262	156.039461
333.255954	314.93364	138.057624
333.497754	315.268993	135.243336
333.414999	314.485149	136.221097
333.179748	316.166488	138.91582
334.258416	345.060031	124.967185
333.50066	316.278703	135.184238
339.918182	311.680224	53.639165
334.412268	313.244177	135.367029
334.884537	320.638057	140.51168
335.265471	319.526745	135.93448
335.102696	313.916185	138.126676
333.639065	344.101139	155.419016
330.785622	331.357412	198.676417
334.65904	323.837926	155.041296
332.448186	323.422065	187.188095
337.171674	312.221473	135.448921
334.661054	324.84585	154.975518
337.099116	314.473955	136.248378
336.879482	317.167984	138.875269
337.593092	348.723543	127.549257
338.272225	321.745959	120.885255
336.731384	314.569589	140.882994
336.658373	314.785645	141.796464
335.497556	338.185064	155.853631
338.554218	348.496643	126.650507
338.953355	313.427779	124.200538
337.731281	313.334137	140.033853
337.76006	327.116313	151.154402
338.583992	319.622576	140.590382
341.966466	319.947233	91.983344
337.693747	327.305942	152.056241
336.458194	322.220922	185.468632
338.568712	325.481716	153.087638
338.37613	324.011124	155.919537
344.850793	297.984542	62.11153
338.818512	354.213323	161.757948
339.830112	325.526374	148.508813
339.320694	326.026456	155.780332
341.575806	314.665818	125.11631
339.25827	326.203102	156.677451
345.534882	294.343373	64.224815
344.837634	305.364911	83.683495
340.024662	346.591301	157.881686
338.410134	322.210211	185.438457
341.514419	332.98929	136.978712
343.377572	312.634805	125.274001
344.404604	310.116396	123.579836
342.096974	325.191594	156.729277
347.27976	300.120692	58.574781
344.227311	309.834834	126.385956
342.03612	326.374051	157.555714
341.299222	332.399943	168.807082
339.350109	332.493736	202.709305
341.337515	326.26765	185.09558
343.870542	323.492928	144.062995
342.761584	324.010299	161.324987
344.537115	322.066527	134.020058
344.215776	313.305874	140.08949
348.012152	295.057702	58.979292
345.30485	309.096342	123.661682
342.254821	338.389102	168.335929
348.017983	296.064332	58.912504
344.24524	351.528959	134.802848
343.077414	334.043147	155.199814
348.703653	305.089351	62.906483
343.825327	323.679923	159.535641
348.839401	317.796115	60.364001
345.152766	325.473943	153.069189
345.631047	334.901467	159.630261
345.125479	333.401457	168.682102
350.324003	312.680386	60.804234
347.006424	330.49951	152.721728
346.657335	340.532476	157.403762
346.603715	341.689714	158.213363
346.914937	327.853266	154.717423
351.069851	300.157851	59.842503
346.704983	341.35131	156.442689
347.647108	350.449333	138.569311
351.087153	292.719864	58.53112
347.027365	316.520012	154.55561
346.854969	341.812312	153.706585
351.091684	305.190985	59.529139
348.077244	325.091811	151.277175
346.196731	330.304105	184.705858
345.444504	328.224962	198.661841
351.324112	319.547866	80.583372
349.749312	313.10457	123.557812
352.63154	298.689947	58.29933
348.801077	335.681635	153.253822
348.704305	318.24149	158.067635
346.986304	334.536566	169.459473
348.773029	331.867964	154.431476
346.421106	329.235795	198.567683
352.064839	302.378644	85.337788
350.650224	312.083972	123.644959
350.183216	352.006715	124.798697
349.553399	334.398873	156.949435
349.49619	319.761692	160.671267
349.693871	327.021224	155.673398
353.768445	307.654468	78.740659
350.718202	343.247901	150.892185
354.105046	300.217416	61.0523
349.023124	327.409834	186.622843
350.820024	321.41101	153.339
350.405691	333.73918	158.79052
348.943428	322.455384	188.736021
350.615261	330.040032	155.460554
350.445018	343.33821	156.276085
354.13564	305.05021	59.861861
353.673283	303.331231	85.414354
351.871998	324.889738	150.392775
351.009536	315.749835	150.980061
350.69904	324.81911	154.920478
350.353842	356.233634	156.168903
350.282319	323.292483	163.123474
351.9811	317.590375	149.960876
351.3187	338.726074	158.414373
351.671881	339.291193	151.18619
350.885083	328.3624	168.997428
354.987745	297.821754	55.023559
351.932296	317.785063	150.856468
351.546255	355.195653	150.88847
354.389153	323.703036	85.227054
355.237977	306.797418	87.186153
349.060082	333.482562	203.323625
352.957363	328.122163	146.5519
352.647278	339.103158	150.300816
352.389238	326.527365	158.404884
352.677135	335.122074	150.588995
352.480613	332.045657	155.315514
356.509833	298.754074	55.128431
356.471417	315.030165	59.552286
356.491347	297.934204	56.069587
353.524301	324.810219	154.922934
356.526921	308.00811	55.470018
353.279462	333.569616	157.897257
353.875608	329.12516	146.490652
355.031229	349.830048	135.990308
354.116204	331.054835	160.764213
356.901894	299.1986	89.589621
354.128088	334.904442	159.585882
357.203988	316.40582	61.360955
356.955966	298.44796	83.222322
356.882664	305.231582	85.580105
354.986319	323.458245	144.15506
354.752125	321.644633	149.716799
354.786511	339.69466	143.949774
354.641798	337.526648	147.717964
353.8433	328.078482	167.220579
356.939171	298.94435	85.02301
356.022224	323.886639	118.519904
354.436609	332.683987	153.471692
354.227006	322.797159	160.455787
355.904631	311.753334	126.598085
355.113107	357.017639	132.77115
354.769076	328.320539	147.45867
353.886735	327.936088	166.342334
353.857845	326.051259	167.368944
352.839067	322.431165	188.68952
355.300354	352.107359	150.242962
355.306217	351.129062	150.316456
355.383929	322.953138	155.953427
354.918102	345.162901	160.581388
354.798411	328.075173	167.214958
355.470549	335.121226	150.599845
354.962207	350.739186	158.371368
355.415838	360.118331	146.068033
355.071618	334.903746	159.58357
354.798411	328.075173	167.214958
353.049321	331.373807	201.722723
358.413972	306.998984	95.7012
356.583617	336.127377	146.02735
356.342335	337.305973	151.345755
356.470614	344.268954	146.344033
356.089985	349.896667	153.986792
355.820346	324.884153	166.554519
355.60616	331.512017	169.606971
359.502289	304.395449	58.699617
356.734351	325.021378	167.42905
359.345788	299.868895	88.833095
357.315771	344.66556	148.120077
357.065314	361.058448	150.479836
357.463198	316.274215	153.699261
356.997901	334.735559	158.700953
357.515503	338.909126	144.937523
357.351545	336.922854	149.581359
357.205292	336.680805	153.190071
356.708132	328.067539	167.205497
358.264743	354.879419	144.691471
358.24266	337.114843	150.472169
358.474839	316.91362	151.86018
360.3721	322.964689	59.599919
359.212014	323.825005	129.634692
359.111492	324.545224	132.322979
358.736367	351.143382	133.258248
357.618418	324.272307	169.252959
359.509785	310.695086	126.778835
358.365444	316.451036	154.595213
357.721363	325.890989	166.474406
358.252897	356.830984	144.549399
358.502618	317.743245	150.903845
356.641124	322.536468	190.370499
360.386095	323.982998	59.550591
358.259022	325.620603	153.981727
357.702688	327.920828	166.32533
359.245681	336.725589	148.711467
359.388897	324.662318	149.552753
358.936385	336.393083	156.794772
357.619192	321.501672	190.442934
359.478708	320.402016	148.933891
359.236714	325.430392	153.101164
361.107859	315.235618	57.396989
359.264743	341.302459	146.586183
358.622172	358.715187	158.649746
358.656288	327.916066	166.322649
359.290623	358.958146	140.826832
360.138089	336.919624	149.603432
359.739842	322.528303	164.934807
360.503713	323.638353	145.119432
360.172971	333.920146	149.817945
359.762093	327.311562	162.811546
362.030268	326.391372	56.946923
360.235937	326.058992	151.266537
359.711538	339.056433	160.157095
360.162336	326.437919	153.037674
359.933225	334.214779	156.065427
359.430228	335.390919	168.403261
360.481539	315.289858	149.274145
358.566816	333.660012	188.594096
358.218306	323.977149	197.12234
357.850977	333.403472	202.370631
357.793132	337.479422	202.914186
361.311069	320.586351	149.843563
361.202766	321.165628	152.505275
361.179882	320.333622	153.459851
360.633233	324.709954	165.666807
360.816264	339.209357	155.700326
359.201603	321.916401	197.278761
362.219429	329.094191	146.580312
363.111069	308.857894	127.923423
361.312656	355.747999	135.703195
362.310275	318.340447	149.100517
362.319404	315.469508	150.187145
360.682335	323.542134	164.862428
361.987749	335.109299	150.646616
362.324052	323.834453	146.035194
362.022115	342.294469	146.547851
361.987749	335.109299	150.646616
362.141671	321.158233	152.51415
359.990906	330.20903	199.182399
362.208721	325.459311	148.627756
361.322821	340.250966	167.136844
362.774306	327.580957	128.597892
362.843673	319.993525	130.893239
363.139223	317.061972	152.794576
363.615777	325.518889	132.385706
363.184759	322.408487	148.844374
363.122226	324.638234	149.593593
364.036121	313.017767	82.185473
362.890445	356.458132	142.859296
362.849094	338.295019	151.319955
364.154012	304.217171	87.187886
362.880337	350.980509	145.039742
363.004386	330.896892	150.05901
362.887415	330.64804	153.658274
362.718628	341.835148	153.735707
360.763136	347.440733	200.432115
362.99343	338.315163	146.844966
355.985782	344.631703	280.571254
363.589073	356.05508	150.028794
361.823064	332.296689	200.721812
364.158642	343.693021	135.708716
364.01071	327.669263	149.397554
363.515681	346.324875	156.073107
363.651669	341.834035	153.743532
365.327988	326.446046	135.993468
364.81587	340.303819	146.729527
364.829	339.307768	146.800571
364.97253	327.46398	148.526722
364.737649	344.475705	147.3234
363.78756	328.986989	155.571063
363.270482	327.773062	192.492275
363.020166	324.998849	197.873585
364.897734	332.503795	148.176922
364.661604	335.845664	154.19163
365.406345	334.853454	125.503759
364.844953	356.410814	138.43063
364.958303	324.820187	150.501421
364.753717	337.100806	150.533186
363.417949	330.583134	188.813113
366.590803	297.826187	83.193
365.740134	342.088862	145.723049
364.314526	334.695728	189.335252
364.339106	325.600736	190.941881
363.718435	330.27733	201.735163
367.019439	291.380827	35.500879
366.112957	316.056643	148.401027
363.860374	323.053425	200.597414
366.125542	316.877285	147.448665
365.613838	348.430033	147.05231
365.530656	330.67727	159.025285
364.431571	324.447992	189.30822
363.903787	331.15381	198.233913
365.922107	324.616253	149.630841
365.756869	330.257669	151.925355
364.347103	324.576331	191.024644
363.76507	340.334499	199.228428
366.741741	312.116731	117.873307
364.499479	321.297765	188.694434
364.284804	321.613331	192.986404
366.041534	321.979106	147.115119
365.609931	346.651121	148.071711
365.946882	351.92348	132.493733
364.389567	324.513468	190.166679
364.320334	322.5838	192.047084
364.12532	354.785015	189.489888
366.096147	317.080465	148.334892
366.112957	316.056643	148.401027
366.016626	320.34656	149.01972
364.33429	337.657823	188.229036
366.850229	326.437809	148.623938
364.456539	331.451359	187.010357
365.177713	350.7005	188.057719
366.711859	348.757568	139.905608
366.586578	348.032397	145.314435
365.349286	330.564342	188.808731
365.348933	325.526982	190.082835
365.264131	325.650058	191.798266
366.408044	327.263029	162.831117
365.38402	321.419897	190.412262
366.910761	324.207698	147.87886
367.674419	327.210208	152.161928
365.156637	347.788897	189.145318
364.943213	327.024676	197.707786
368.887107	318.890954	147.366447
367.728472	326.825474	150.401192
366.343248	322.436599	190.330554
365.815845	327.093235	199.418955
368.863543	322.553536	145.331475
368.402997	348.234113	146.225238
368.890105	316.224065	149.334263
366.662055	338.292986	199.390723
368.522554	351.507197	138.863595
368.87988	318.071997	148.316969
368.411532	323.870927	161.313619
368.128814	331.899898	166.031033
367.39419	322.28997	188.613356
367.273499	326.527378	190.000583
366.829888	327.043378	198.56696
368.875573	320.726006	146.349042
368.789262	315.131627	153.885723
366.61482	330.247168	201.742674
368.778407	339.241028	134.340935
369.922517	315.395084	145.815518
369.127775	342.687644	158.166931
369.44301	350.52171	138.956171
369.850483	316.011888	148.467658
367.763032	338.166391	196.817027
369.434402	356.769948	135.844557
369.994485	316.364409	141.261244
369.530276	334.285362	147.232486
369.221315	355.322021	146.626345
369.763883	318.459995	150.099761
368.236157	322.474098	191.192729
369.661657	325.398746	148.740009
368.018557	349.758321	189.003972
367.687467	343.239242	197.287651
368.360637	330.320317	186.234601
368.211649	329.578973	189.752512
368.278386	322.410931	190.334133
368.246178	321.44476	191.275111
369.28811	356.489695	142.99105
369.475261	336.493055	147.968949
368.371714	321.247189	188.697372
368.22976	336.546555	187.454315
368.239308	326.515167	190.002667
368.128225	334.72091	190.194231
368.203251	321.505485	192.133378
370.328762	308.768596	120.954129
369.443863	338.494583	147.827202
369.519982	330.039342	151.097995
367.642295	335.249328	199.632886
369.703323	324.181183	147.927986
370.34172	331.789178	154.54779
368.182972	337.623696	188.230381
370.699609	323.551143	145.302897
370.852945	315.382952	145.835673
368.238288	335.536277	187.536899
368.236157	322.474098	191.192729
370.780094	315.173747	149.435253
369.436485	323.070952	185.955404
369.05714	343.707176	188.609349
370.184058	358.454167	142.875902
370.364615	337.688171	148.791436
368.688965	351.130889	194.982455
370.395039	348.326253	138.241421
369.245297	322.397394	190.337567
369.084351	330.708621	191.388321
371.325069	348.875098	136.444753
371.179495	327.058268	161.995436
370.057247	329.677356	191.476597
370.033869	327.693183	192.501347
370.009875	325.701501	193.525753
371.743684	327.760344	126.20923
369.993392	341.75721	189.633301
370.180547	321.416975	191.283495
370.053342	325.646104	192.668174
371.340984	344.574601	139.419227
371.108857	355.71758	143.977779
369.906374	342.879542	191.273355
369.703707	354.987432	192.988989
369.61352	335.190739	198.78808
370.180142	333.489126	187.710461
370.120434	331.591105	189.5936
370.137777	321.477832	192.142073
369.950287	322.725476	195.489472
369.520366	358.145229	196.277569
372.287936	327.722423	154.86367
372.185181	322.094199	163.247759
370.945247	328.756776	193.282095
370.751269	336.023417	195.279519
370.784535	326.909254	196.878137
366.566679	327.153228	260.252272
372.01724	324.893066	62.715187
372.150596	355.02909	136.937433
372.713764	315.35768	145.877661
372.378463	327.795951	150.409622
370.794115	325.885372	196.961122
370.577266	341.19981	197.464913
372.632205	316.175107	149.40535
371.132893	330.495296	188.824261
370.943847	342.750539	189.561609
371.052303	330.623344	190.541206
370.864958	342.869685	191.281402
370.78493	331.964775	195.606746
373.463677	323.729689	146.244987
372.098123	326.461351	190.023199
372.015828	322.536652	192.9313
372.206537	327.280665	187.362359
372.082446	335.491363	187.558611
373.249737	319.54981	160.777918
372.642355	332.001078	173.947525
372.014956	326.584732	191.740421
371.99372	324.592246	192.765249
372.035563	328.569806	190.71526
372.91182	350.985938	149.670659
373.751895	313.26813	119.06297
373.188137	321.76566	161.509647
373.09227	326.016797	162.091293
372.885021	337.309494	162.139971
371.758775	350.843651	190.692277
371.884179	335.805236	191.852332
371.766259	344.91916	191.997448
371.89531	325.726692	194.397845
371.893144	321.667838	195.587586
371.582435	347.119766	195.29976
373.627254	314.731485	147.728778
373.545997	318.833301	147.462353
373.331134	328.404552	148.603776
373.293435	329.616138	149.410595
374.149516	329.548842	153.876818
372.256688	326.183593	186.585249
372.044218	335.559293	188.417361
372.105938	329.462447	188.914582
371.90689	337.769362	190.830273
371.882162	322.697088	195.504748
371.534808	354.083379	194.816328
373.908148	351.785821	144.323417
373.821051	357.890726	144.783673
374.416204	321.887066	147.280947
372.014877	330.610005	190.548643
371.758775	350.843651	190.692277
371.850405	325.777339	195.255456
372.824098	320.67154	196.537273
371.758434	325.871563	196.970062
372.966488	331.614482	190.474422
372.856957	338.766332	190.759475
371.89531	325.726692	194.397845
372.625557	331.009187	197.425458
373.061725	326.446668	190.031541
372.82041	342.790124	190.441814
372.816389	338.824133	191.619005
372.802498	335.847669	192.721372
372.783144	328.832269	195.015808
372.725301	334.937463	194.521463
372.763213	330.87231	194.850074
374.772547	325.790552	34.457593
373.753575	352.703435	153.099951
373.042425	335.478773	187.56759
372.985871	333.584513	189.450047
372.897603	342.666233	188.721826
372.978643	326.570127	191.749154
372.634222	350.946833	192.434027
375.030086	333.398627	152.734341
373.108578	322.338658	190.36298
372.570977	353.975395	193.096456
372.637588	324.917699	198.777394
375.398733	320.437987	145.612806
373.052968	334.465757	187.649828
373.875395	336.673436	190.073643
373.899256	326.61306	192.617978
372.578388	352.984554	193.162837
374.682581	340.968395	77.364434
374.065334	326.36592	189.181866
374.085848	321.292428	190.454693
373.995422	325.469446	190.983465
373.683052	321.778225	198.180539
374.839157	348.429389	147.240353
375.135155	317.782469	162.69864
374.594328	339.307731	168.156572
373.834489	332.735358	192.1199
373.822877	325.697107	194.418083
373.281774	358.15878	197.219751
374.786064	358.069537	141.252873
373.953335	336.545442	188.355366
373.941865	326.55504	191.759262
373.855893	326.668617	193.476525
373.81202	322.667	195.525281
374.995405	332.407347	187.836489
374.987612	326.415842	190.052295
373.604477	348.946929	192.590882
373.547143	350.989592	193.315126
374.685645	330.84342	194.874777
376.116322	326.933273	151.430693
374.825753	333.679371	191.190937
374.629597	349.821432	190.808647
374.774393	326.706383	194.347267
376.285659	316.237176	154.824956
374.945477	333.491354	188.61334
375.052985	324.298004	189.358219
374.892872	327.563313	191.687672
374.733061	338.798452	191.64463
374.821651	322.599901	194.679167
375.576697	360.6269	148.182105
377.010779	328.953555	151.310426
375.132348	324.158654	187.637715
375.037618	322.306588	190.383114
374.855597	334.634086	190.249611
374.91655	325.514346	191.853848
374.825753	333.679371	191.190937
374.816608	330.684871	192.297651
374.731569	334.806999	192.827779
374.807129	327.676808	193.405476
374.541394	350.927276	192.467224
376.832397	330.734852	160.035286
375.866918	326.523427	191.783731
375.887083	321.443299	193.056847
375.748449	325.665687	194.444027
375.748449	325.665687	194.444027
377.299774	318.365855	145.793815
376.572088	353.945307	149.550947
375.777291	330.669518	192.311433
375.679804	327.764983	195.137192
375.562731	325.856127	197.878642
374.044739	326.434638	220.930122
376.351335	357.131382	160.755735
375.874134	322.47345	192.974356
375.679804	327.764983	195.137192
375.611544	329.856587	195.831156
375.634199	323.759464	197.185523
377.290218	319.769961	143.026358
377.152155	324.095129	148.087896
375.826018	333.604447	190.345505
375.800434	328.628067	192.477033
375.830167	322.52976	193.833567
375.503105	349.921517	192.555807
375.461743	349.973341	193.421239
375.94066	330.423403	188.873969
375.82426	326.58157	192.642971
375.658063	333.830153	193.783898
376.739292	355.514165	127.273961
377.123536	324.49569	149.839847
375.650243	342.81201	191.345985
375.452997	350.968705	193.352378
375.622668	328.835607	195.913577
375.611004	321.747303	198.208605
376.966995	336.958009	133.870042
376.55963	356.519265	147.606863
377.010779	328.953555	151.310426
376.001493	322.289891	190.395143
375.959783	322.353544	191.255161
375.85477	327.547419	191.700755
375.812259	327.605449	192.559983
375.255088	354.136192	196.630963
377.850813	334.621358	149.163846
376.776709	341.848824	149.519449
375.392931	348.074793	195.293395
375.202291	355.17021	197.44124
377.965	329.368067	148.64041
376.991645	326.249212	188.358512
376.820844	330.535567	190.607619
376.744377	333.649254	191.220592
376.786049	326.565115	192.657676
375.64909	338.840008	192.520463
376.383651	339.066183	196.84728
376.229818	351.142578	196.846136
376.965269	325.291651	189.30124
376.710429	336.69124	190.976768
376.737487	330.653655	192.326784
376.628005	332.798469	193.88199
376.69021	323.647176	195.483841
377.557042	343.640322	158.232069
376.67759	339.721783	190.737007
376.867487	323.426926	192.046313
376.51997	338.928918	194.260437
376.499844	340.945874	194.104304
376.423405	348.964901	193.51189
376.34575	343.096067	196.54263
376.197168	355.117377	196.593178
379.216075	315.467045	146.920254
376.82875	326.506906	191.798154
376.773648	327.589127	192.57484
376.761424	328.611888	192.492048
376.658468	337.760326	191.75668
379.034741	322.428117	150.022205
377.858779	324.376617	191.119219
377.560759	342.784958	191.38381
377.477786	342.893378	193.108565
376.605972	330.812527	194.905778
377.455248	340.931463	194.124481
378.520517	344.944691	154.639556
377.673109	332.674374	192.179615
377.607205	334.761672	192.877022
377.51984	338.863696	193.418247
378.610727	347.103924	137.690475
379.059096	322.028019	148.271125
378.740014	330.502197	190.641991
377.567733	326.757449	196.112493
374.155419	349.245534	242.01664
378.74195	333.728789	154.557504
377.833885	329.43568	189.846521
377.739359	330.57944	191.483862
377.71495	332.616668	191.319613
378.560317	338.740371	191.716157
377.709481	329.61687	192.426105
377.685075	331.65645	192.261555
377.642181	331.711783	193.121559
377.428089	334.958651	196.320865
379.803152	319.192318	165.323263
378.741877	333.494262	189.536378
377.832047	326.429191	190.954147
378.681962	328.578057	192.526785
378.475639	338.848298	193.439383
378.581613	329.708575	194.164868
378.431387	330.874171	196.664561
380.073529	319.136306	144.926551
378.737679	327.496831	191.749081
378.648839	334.63266	191.175633
378.724504	328.519972	191.666666
378.661076	333.616999	191.256822
378.583529	336.71781	191.87518
378.569206	330.728927	194.082886
380.070807	315.9913	154.027634
378.432011	342.878883	193.130795
378.569206	330.728927	194.082886
378.347557	346.940982	193.700045
378.490417	329.807898	195.885562
378.714474	332.539909	190.478123
378.751031	326.472447	191.831535
378.474132	342.825922	192.267861
379.606067	334.615916	191.196552
379.527797	337.713563	191.817431
379.405599	344.819187	192.141906
379.352841	345.874686	192.932623
374.298566	330.889476	272.445958
379.342064	346.875881	192.86037
379.398313	337.871838	194.40315
379.051883	354.089436	196.736625
381.061284	315.844461	148.724645
379.712311	329.463847	190.743587
379.552053	335.688114	191.976933
379.490259	333.765895	193.860187
379.504031	339.734081	191.660074
379.469197	342.755586	191.428892
380.85904	324.444259	149.932044
380.318041	346.612013	158.083614
379.398313	337.871838	194.40315
379.445483	333.81642	194.721532
379.331488	343.919285	193.944104
379.414486	328.815825	196.849365
379.27385	340.994914	195.89816
379.576849	333.657749	192.138197
379.509568	335.743289	192.838115
379.4781	334.781584	193.779669
379.299476	346.926853	193.725699
379.364377	340.900931	194.170349
379.521169	327.697859	195.210066
379.387829	334.880205	195.503064
379.221248	346.02034	195.529421
379.644407	331.564657	191.440292
379.615158	330.603011	192.382567
379.439282	341.804898	192.367712
379.606067	334.615916	191.196552
380.261831	341.94049	194.984583
381.771231	321.996885	158.094402
380.470881	338.707938	191.7626
379.534041	333.713015	192.999086
380.489297	323.627037	196.420588
380.671152	329.445744	190.764629
380.615845	330.527161	191.543682
380.600584	328.542274	192.568014
380.385614	338.815806	193.487164
380.493923	326.655973	195.314238
381.669474	326.264171	158.68061
381.569623	330.508067	159.261872
380.562809	334.59863	191.219233
380.560076	331.60472	192.32305
380.530023	330.640675	193.26544
380.53627	323.57721	195.56005
380.329688	339.876093	194.272753
380.392969	341.789038	192.393074
380.239562	343.952111	194.835901
381.174409	338.479394	69.330747
380.57341	330.585114	192.404513
381.513289	325.560592	194.558551
381.397596	330.726549	195.012517
382.718819	321.236702	133.312691
381.447328	333.677624	193.04705
382.357872	341.618074	148.802669
383.801694	317.1392	154.925568
381.663171	321.335477	193.162614
383.664828	319.539121	161.840995
382.298728	341.755555	192.449583
382.354348	330.707856	195.039132
382.261442	337.82003	194.483557
382.118971	345.927195	194.751981
382.154305	342.913695	194.969142
383.165801	341.49974	128.492944
383.022634	356.936572	145.136761
382.349925	337.716835	192.757168
382.444776	330.603473	193.315296
382.336946	338.728301	192.679308
383.235571	332.775239	195.770452
383.163198	341.841055	194.210109
383.290241	338.710059	192.709526
383.175886	340.832925	194.285077
383.990081	353.140366	150.710701
384.131021	345.367609	152.124734
383.612361	322.267151	192.266978
383.462938	328.263577	39.64431
383.373935	335.616389	192.08115
383.201635	338.813211	194.437184
383.886844	359.864272	149.378788
383.330813	335.671594	192.943767
383.286606	335.724469	193.806724
383.8727	360.226497	151.114161
383.865003	360.403634	151.981615
383.548697	326.378142	191.942909
383.02272	345.956526	195.653358
384.043399	346.713899	132.610618
384.392649	333.3433	148.545348
383.290241	338.710059	192.709526
383.369339	326.599236	195.39065
384.266284	330.668975	195.097885
383.155633	338.861373	195.301737
383.063114	316.210448	72.399586
384.222907	333.724438	194.859206
386.649558	316.526802	152.381338
384.296139	328.626422	195.258409
386.369954	326.774953	142.85368
385.487633	322.286008	193.183443
385.442604	322.34359	194.046288
385.252683	331.617285	194.187114
383.693996	301.607379	53.235489
385.459737	321.313551	194.126458
386.41028	319.493827	168.078696
386.372604	321.348618	195.019496
386.071182	337.74302	194.618303
387.426405	323.11909	149.318667
386.446487	322.265046	193.213137
386.176131	330.628103	195.164211
387.466192	321.654641	152.069696
387.374857	321.110531	165.348526
387.744798	350.866221	154.511831
387.209911	328.512339	194.494507
387.129526	333.611875	194.100301
387.387014	323.272808	193.165083
388.092087	329.923973	139.176536
388.296359	323.002913	164.361059
387.422996	321.213539	193.323805
387.193455	329.534419	194.415179
387.369344	324.300817	193.085533
387.28958	326.410349	193.789857
388.510642	314.013232	141.957218
387.387014	323.272808	193.165083
387.226569	327.489178	194.573984
388.923583	337.733496	145.756606
388.771133	346.33446	152.218191
388.974954	333.650551	166.268394
388.362916	322.222038	193.27751
388.816643	328.296332	129.592498
389.068172	331.863267	147.031381
390.196776	325.241235	154.565654
390.092072	327.945315	163.1905
389.335228	354.011787	129.712729
391.340366	315.649913	149.036303
392.131619	321.742517	163.677427
392.127417	320.161745	146.125874
392.027815	327.07054	153.621498
391.092727	327.345791	193.862498
391.15242	353.0076	129.867144
392.179582	320.941094	159.324561
392.368371	351.746392	149.365298
392.502675	346.303525	152.363342
392.423715	348.362727	147.830606
393.523653	317.517579	128.676686
388.607775	352.405265	246.981641
394.013432	320.743015	148.803343
393.184863	358.079418	150.749915
394.961008	323.107982	160.151263
394.392942	346.109337	162.105766
395.240093	350.155891	156.61539
395.885938	323.951167	159.245237
395.970305	317.814408	149.9371
393.615141	323.027069	87.226623
396.81738	324.419484	161.889128
397.831716	321.509829	157.706698
394.748561	331.28943	90.389513
397.544924	322.048608	141.796157
398.016659	350.442389	153.206973
399.551551	323.911985	149.681374
398.457683	344.412017	129.035739
399.851595	328.084872	133.618081
396.247914	303.877169	74.743016
400.078323	340.612834	150.406248
395.290817	346.10972	244.202614
395.542934	329.894138	277.960792
403.503525	321.552788	158.781754
398.837171	306.089016	75.77336
402.771754	323.641068	206.99574
401.32659	300.201464	97.170481
400.423986	329.068411	83.967711
399.643557	352.310201	246.993192
405.034084	358.680938	140.728523
405.402693	334.724715	205.573811
403.295457	309.300136	34.51446
403.091012	294.440396	74.260811
406.589754	330.579845	204.141129
405.235514	331.427917	91.979993
407.636091	322.524421	206.477169
403.2462	363.49303	248.04584
407.501986	329.593659	205.145504
408.560804	330.51121	203.38464
408.432795	325.607166	207.219065
408.362704	325.648478	208.096341
409.241004	330.667027	206.962955
409.938315	346.734879	142.567902
409.487381	324.540627	206.463825
409.339639	329.613627	206.14679
409.49562	326.527758	205.458254
410.160489	327.947269	194.783449
409.480243	322.552947	207.468504
409.357645	326.613674	207.215196
412.006208	315.762673	152.368847
410.610227	323.424706	204.826624
410.382871	326.563476	206.395943
410.506602	322.501587	206.647009
410.335461	323.60665	208.341013
411.363581	323.557799	207.519902
407.905795	367.845036	235.313267
411.639028	350.329003	140.683486
406.702641	334.024603	277.349045
408.535877	360.940518	239.017403
413.586067	346.237383	141.015533
414.276512	349.39278	137.369915
414.283582	344.859689	135.891018
416.17364	342.782923	136.099662
413.956207	302.882806	80.014824
418.4772	338.200169	142.561511
418.831929	354.618255	138.170679
417.296955	322.495714	87.783657
417.81187	331.581056	93.50012
421.951932	315.727932	144.779581
418.276727	323.78331	88.647963
425.574356	317.474775	143.927171
420.436677	302.388256	81.922154
426.782484	323.448054	151.536059
421.411171	295.338991	81.859233
426.314442	320.099722	142.069798
426.445814	335.980916	151.7434
427.325266	332.081368	148.479271
427.852961	321.747548	153.415171
422.567004	312.763296	86.393359
427.802393	347.407599	147.727125
429.670546	323.760345	153.367834
426.453124	331.573827	100.803893
430.939618	329.480341	173.40239
432.226093	322.482699	148.260711
432.522635	338.263267	144.895839
432.70853	339.103789	148.348527
433.65922	315.399105	153.916446
432.120219	359.502619	147.38534
432.304159	351.162484	146.897239
432.793217	339.50826	150.078402
433.028163	357.043988	145.797155
429.104467	311.01865	87.372787
434.08117	348.382787	177.081369
435.754985	330.812982	148.858653
435.622991	338.403712	150.249964
436.144091	351.666163	149.693492
436.949683	351.034591	147.145101
438.03025	332.69544	157.604897
437.790992	326.849749	149.988057
434.660204	301.522831	85.520477
434.778157	311.314659	88.292876
438.63396	357.101127	146.988063
439.935072	331.618319	157.724251
435.046647	317.616609	92.710505
439.86768	333.671867	157.630822
440.831702	336.232192	160.190193
440.363289	338.663373	152.188023
440.52656	340.638578	156.484592
440.198991	322.999229	143.267141
440.7683	327.565273	153.556271
441.621604	324.883445	151.082149
441.253634	357.414535	144.513004
442.492967	341.128903	159.181344
443.140239	349.276642	158.904309
443.27275	319.455417	146.1317
444.214352	341.557982	156.613993
443.675765	346.137931	149.432112
444.847132	317.354182	155.014265
444.174069	335.473406	152.481554
443.16234	358.799238	146.318779
443.983682	322.074619	144.304122
444.187452	326.839108	239.861254
446.242898	345.206343	146.120565
447.782231	349.154958	159.149171
448.000684	343.682003	144.530425
448.324726	355.538293	155.475204
448.975468	341.599082	144.652263
445.121894	303.954883	86.416728
449.667269	346.879612	158.444063
450.446618	349.733395	157.521517
450.518495	348.896038	158.426083
449.89054	337.020363	143.120803
451.131895	342.817493	149.927565
451.231887	343.228589	151.658921
447.70628	337.364878	101.51592
446.698874	343.449456	257.214098
448.473758	328.43854	99.065597
451.609905	355.881909	148.672916
452.516569	347.830158	145.500074
452.444718	358.916258	148.632452
453.501312	327.576616	151.412558
453.997435	349.047097	155.114856
454.48734	323.231368	150.728646
453.509187	337.90678	143.264678
455.049634	314.995972	155.408805
451.315981	332.72266	99.980225
454.856141	338.374313	149.38483
455.446674	338.281653	145.080333
455.237681	356.774108	148.868226
455.780559	331.545602	147.033354
455.512951	348.485875	136.993266
458.323143	332.959337	185.677207
456.0277	352.812665	145.550764
455.673251	346.903246	138.779493
455.534421	354.085477	138.543052
458.022116	318.120768	160.631588
453.490913	308.955458	101.831832
456.905445	341.408234	141.601365
456.935988	352.777	145.605907
457.313295	331.616815	143.630866
460.331245	322.733944	173.68203
458.102079	337.950478	144.35622
457.996267	346.591788	145.842309
458.410562	313.073005	139.846005
460.767493	325.121284	164.862908
462.408099	321.874669	180.794691
459.780456	349.811399	146.724059
461.532279	329.198508	164.770771
456.729841	319.153337	94.774435
457.182114	329.239914	106.377808
463.268218	324.060686	181.635027
460.590011	356.140087	147.474362
459.699295	345.836901	132.126325
461.222855	343.834585	140.035599
463.966531	317.705311	169.57175
461.99885	338.897498	148.8638
461.303976	357.49993	144.870394
464.548029	316.506304	150.438865
463.768288	319.211052	152.946715
460.875889	329.179309	106.486611
463.067768	350.597512	142.55802
464.821318	332.435355	161.336412
464.632441	314.888668	140.009198
463.158727	325.382141	125.809521
465.049289	355.735567	146.888792
465.659115	342.45673	151.578416
467.949083	320.767253	180.967542
465.191115	354.117346	148.67765
466.989714	324.543713	163.374788
466.432524	328.399613	144.998382
467.239398	358.568485	154.811902
467.427282	350.970264	141.065782
467.848001	358.314835	149.615904
469.720206	321.178753	162.700523
470.357253	321.464755	174.033672
470.191236	304.521447	100.34685
473.372611	348.83925	150.150694
474.533806	355.582217	157.06203
475.117929	352.565135	166.724562
475.513934	332.187913	162.721002
475.049613	353.882652	150.149483
476.667528	337.918659	170.48614
475.606946	355.610868	144.906822
477.146724	345.515458	167.797869
477.820762	319.187657	164.807643
482.285228	330.762113	193.339118
479.246437	320.70871	101.477992
483.603635	312.242614	158.245308
481.301145	332.970605	114.904167
481.116874	324.545757	105.112177
483.166325	328.11775	115.86683
486.072073	347.229419	143.035959
486.260298	348.105531	146.536849
490.743841	322.147374	197.931956
491.923103	315.67501	157.709839
493.309983	340.973211	148.81815
493.520119	316.397444	156.918013
493.215743	335.230401	146.269159
494.11754	335.393321	147.196353
495.77735	343.468722	147.167846
497.762401	344.617632	152.526729
496.779013	313.242055	118.138002
500.186776	341.788708	150.105127
502.20656	316.205192	171.934556
501.804641	337.182234	148.526404
507.236171	326.002949	200.73186
506.372129	335.490488	115.509907
511.715262	356.390208	172.944445
519.919735	312.004005	163.58584
519.65902	335.403001	151.563109
521.122279	354.524313	154.726649
522.960803	311.657454	140.021547
529.473295	313.588351	169.319084
535.431221	308.22559	124.792978
544.585797	333.210628	154.856135
82.760352	300.938803	175.858723
90.40072	290.99723	167.524947
111.171651	304.039136	147.768611
112.63655	287.364254	165.011768
113.394131	295.776264	172.947066
121.104496	310.099683	134.472119
118.15214	278.748394	140.627284
124.692554	273.230031	128.149095
114.2079	320.117991	242.457373
124.894356	281.424275	148.678352
123.78942	275.993983	165.550714
129.678789	283.115742	133.624289
127.876732	276.627984	144.169348
128.691052	268.459623	142.35533
123.310808	321.352596	189.478036
128.123785	300.699296	170.534241
130.704575	312.06727	159.266504
128.753465	304.09826	167.913836
133.992812	282.750518	127.461204
133.448947	270.087372	127.386199
127.487336	284.733022	185.577456
130.84793	295.253885	177.385036
137.14689	265.960967	130.931171
136.556296	273.49078	147.648319
131.447393	286.158251	181.881725
140.123701	265.356855	128.325668
144.056984	277.43532	116.947985
144.177139	266.496262	124.834259
139.484705	281.405893	157.211044
146.680511	268.419878	120.458513
150.14458	267.403846	120.438607
141.804497	288.143464	192.02211
152.78573	296.545186	128.119133
154.926389	266.520442	112.565192
142.663467	291.499783	199.87441
160.782021	299.068208	87.589699
152.170789	312.532973	146.31332
145.121144	306.56779	198.58917
143.545471	287.498741	207.103794
145.842583	297.93727	189.897
143.978067	284.659423	201.814055
149.42969	274.449571	166.793335
158.216226	271.978939	115.016651
151.689675	291.269546	156.815373
147.047506	297.912775	201.380281
156.424219	312.537544	146.157487
153.282976	313.696532	168.548647
155.331794	303.499839	153.986228
154.040543	296.766242	159.278151
164.872266	271.784112	101.752122
158.542944	315.341037	153.764637
156.492651	291.631774	158.444496
152.458794	298.136101	185.346823
158.864271	308.622611	154.687485
157.163824	300.291682	161.741049
159.751032	315.925854	152.006275
153.501756	321.688921	192.864456
156.404129	275.157454	160.567299
151.555352	286.873303	196.217425
153.000067	307.589536	198.411441
158.735238	289.877736	154.967558
159.475895	305.837987	159.871049
155.949827	274.73231	168.453762
153.157906	295.729292	200.400271
158.846285	276.35109	166.631478
154.973733	284.810718	196.207933
163.056557	298.149893	152.147753
159.647466	274.342657	166.689691
166.035289	312.290298	145.005789
162.552331	315.897116	164.79779
173.055003	270.423845	100.62844
163.306392	308.563511	163.185173
173.424841	264.933815	102.527286
160.964056	309.936385	184.097126
163.920674	298.465694	172.066787
168.981072	314.09398	152.623808
158.716376	283.50968	215.772502
167.267709	303.609355	158.890792
162.593325	305.439544	198.342312
162.493894	303.419305	198.372996
162.591963	297.751937	194.915309
164.742381	312.70965	183.11954
162.907523	300.473191	193.086932
163.879697	311.30813	197.362133
170.460903	293.32315	153.022457
168.414559	288.537877	158.382058
164.325693	298.87483	195.773111
167.571241	296.060036	170.358803
170.756018	303.566205	158.84485
165.133211	299.003148	196.657683
170.016602	288.69562	159.24455
181.487907	285.219001	97.464768
170.002298	281.449221	162.959439
169.758883	278.633249	163.925763
182.147066	277.198366	96.676513
170.93134	309.957617	169.970172
171.151504	300.161793	171.10034
189.609475	283.828895	46.504679
174.588308	298.806353	151.122445
174.174861	297.223147	152.902192
173.768441	295.633213	154.685196
168.086328	302.813709	195.699486
175.426242	291.484264	149.563277
173.561732	282.368825	162.947396
191.901938	253.693642	33.620964
186.031051	292.476632	100.080735
173.157448	274.54828	164.094764
169.79307	287.06415	199.588242
170.683051	300.701789	195.748221
176.628997	288.014793	156.658746
175.26903	276.151725	162.309206
170.224455	305.477372	221.128207
171.747698	291.074438	199.513608
176.867081	279.458362	163.957749
177.98553	285.363119	158.50681
172.101709	307.88386	224.893858
179.396674	301.478734	154.501725
176.721431	307.199357	171.758229
178.023121	302.204184	162.31107
175.129657	311.171643	192.90118
181.111164	313.144425	153.294649
193.496565	290.779113	93.733513
182.35027	306.379861	154.345645
192.324898	269.407686	94.061072
183.71101	305.771337	151.755605
182.522691	301.987372	157.093681
176.865114	311.098662	228.759801
196.396622	261.622826	95.223842
185.288135	284.050132	163.038476
185.312617	288.229066	163.749599
180.468125	288.43643	229.672003
181.34726	307.579159	236.341253
180.484351	289.153865	236.142866
200.506456	255.285655	85.720836
208.069378	250.865925	43.690021
207.398675	258.304592	56.132499
194.873916	301.987089	144.930071
190.808455	309.591406	176.182085
212.182004	259.96314	46.015051
188.836088	305.488715	241.176566
198.15315	289.779824	148.947811
215.487692	281.995496	55.106809
192.697414	322.722386	255.657801
217.295863	265.388325	45.143027
215.73344	252.473154	53.720479
196.622929	319.296952	187.539883
217.356408	263.121746	53.534665
202.38181	315.527776	152.277888
217.489975	263.918789	52.686159
218.002457	249.06292	47.039852
217.599984	252.379772	53.715913
201.85717	317.390284	160.939779
217.275958	257.237276	67.272858
213.800658	254.576886	89.334365
220.183619	272.983803	50.149598
201.389017	309.605459	167.497908
197.808745	311.086828	254.007955
204.061802	296.604126	148.756101
205.680998	303.149861	146.72966
222.04461	277.399093	53.541929
220.907922	247.455262	44.532167
222.257014	273.514824	48.501759
222.432724	276.410207	48.507711
222.255403	274.642154	49.340182
223.260092	275.552305	49.354589
208.700222	311.240255	142.91054
200.334801	306.852477	264.568973
224.244348	280.967507	52.757246
223.937745	277.288382	53.57134
225.258241	280.745886	51.927404
225.329252	277.21013	48.544289
202.242834	306.695927	264.553679
225.930349	281.360976	55.317404
220.416761	278.331176	91.570017
227.895996	281.080549	54.493251
203.748982	299.146441	261.237396
205.206998	308.63262	266.162432
204.740707	300.417807	264.674537
215.830867	311.539403	144.683947
207.734324	284.15492	248.177373
231.209967	289.786239	77.777762
215.951005	314.922766	160.365764
213.003379	278.660237	187.118268
210.551581	280.107544	231.916995
210.77861	286.99283	248.205878
211.819338	303.45977	250.518315
211.674207	285.891085	248.233399
218.182865	288.10733	198.497111
241.717055	282.098794	48.53198
219.991137	308.896648	241.211851
219.584188	305.248162	254.58119
220.602832	325.326372	264.550861
239.26063	263.593299	74.238718
244.054834	274.150951	47.609202
221.168974	305.688724	269.668165
220.326158	284.630082	242.902133
222.35696	323.275327	265.280967
221.168477	282.509405	242.943083
222.043623	281.779558	246.536366
244.896085	246.82984	46.788223
222.399578	294.363272	269.456791
240.364726	282.088472	101.426509
247.550642	257.435245	46.686437
249.693538	288.263322	47.496977
247.064029	264.194989	65.475475
250.469307	287.574961	49.172956
224.908569	281.732228	248.281481
225.919564	282.767856	249.121656
248.02415	253.95804	58.622469
250.216144	263.473299	53.399871
226.866253	281.22035	244.703003
250.445142	267.486557	54.241953
229.456893	317.053663	268.081437
253.287139	266.079353	52.460263
234.963481	323.029515	206.759066
232.091006	287.989331	244.348524
256.59164	260.776491	68.785868
258.830699	259.918749	65.245494
261.725718	259.727663	55.629667
240.350148	281.461001	246.858039
249.799513	289.279068	157.012203
251.379522	312.931738	152.066841
263.817558	263.114756	71.169487
249.818863	294.829242	164.816168
254.000234	304.643947	151.676042
267.408996	255.615369	59.787138
270.386117	268.59649	47.424557
252.648098	293.798099	164.904288
270.835059	268.784305	53.405419
255.18545	304.552951	156.210292
258.124936	303.361482	155.400875
257.89947	290.769922	154.280539
258.777946	294.936738	149.526765
258.777946	294.936738	149.526765
257.591958	293.337845	156.858145
260.262318	311.366515	149.515199
255.390531	319.522695	193.55064
255.390531	319.522695	193.55064
271.315078	276.440375	82.104768
255.390531	319.522695	193.55064
263.899282	261.337603	118.984719
260.015715	309.838951	156.848325
259.914583	297.06738	154.860822
265.129778	264.097967	117.948426
266.041826	270.536213	119.525832
257.289988	319.520918	193.549967
255.585864	322.838153	251.992851
263.104619	300.641055	147.412584
261.723202	301.509765	156.439217
261.265992	306.463358	160.673708
258.277378	320.5421	193.479039
261.636881	302.707781	157.276537
272.977185	263.044802	83.272404
262.783395	300.019809	149.265626
262.170986	309.483102	155.077975
257.981909	312.346325	194.031537
263.1877	302.669809	147.30084
262.686454	301.230193	150.107841
262.388218	297.351444	151.228222
258.588735	310.329587	185.391866
258.11294	314.308658	193.029117
267.923722	267.285843	118.703272
258.84491	311.404152	194.966481
263.580851	303.458371	150.896433
263.392976	305.874152	152.575402
263.833824	303.376215	155.442876
258.973425	313.369958	193.965663
258.937291	312.342933	194.032838
259.117558	320.713741	195.209937
258.865167	310.28724	194.16538
264.868646	308.344237	149.714725
264.868646	308.344237	149.714725
264.001462	304.213535	154.489369
259.893153	312.339504	194.034427
264.013179	300.970632	153.763339
264.670447	300.315697	155.619001
264.306813	297.601726	157.578724
269.925045	273.491723	119.344951
265.306555	302.636485	151.859646
265.059129	310.512533	155.039808
265.842929	309.682128	156.001824
266.034462	310.175469	148.703369
260.792994	312.423651	194.901692
258.208506	288.96492	239.383785
265.227797	300.599405	151.972067
261.046931	316.354447	192.898317
267.401755	309.564953	146.008714
270.740577	264.017429	117.860319
270.589675	264.245137	118.774332
267.463533	307.333657	145.223695
264.814883	302.547415	161.834074
259.049864	295.152915	253.905626
266.478021	311.981857	152.238231
266.591597	297.073119	154.897374
265.789293	301.157806	154.671162
265.225308	296.579214	157.639573
281.107346	254.785822	47.034643
281.423447	260.973725	48.620897
267.671517	307.338611	149.783395
268.006904	298.564718	152.093123
267.695797	301.161737	154.681088
281.745752	255.613353	51.314543
267.861192	301.998752	153.726309
267.273527	303.920872	158.157257
266.536586	303.904262	163.579097
282.50291	262.738733	47.654708
268.990569	313.223538	148.534643
268.560632	302.062562	149.169192
271.642028	293.27396	129.455784
268.905149	300.794162	152.88645
281.846942	295.347266	80.118708
264.616217	310.260991	194.180586
272.121056	271.480618	127.673759
264.503259	310.431394	195.905916
264.766783	311.113862	192.386857
270.43918	312.817398	151.299225
270.212935	299.206153	150.24002
270.137406	304.685041	151.765065
268.93254	296.755112	158.558334
269.969724	303.856223	152.722142
269.60325	301.165606	154.690039
268.021422	301.297286	166.44119
281.967194	285.992794	81.303433
270.864791	308.975643	147.87335
270.307404	313.012493	152.198309
273.448256	295.508597	130.240397
270.214511	314.220368	153.036472
279.302457	273.37485	92.632543
270.756675	303.025847	153.682463
270.796521	311.553644	155.018542
270.209255	305.974936	158.062556
265.717601	318.647739	195.356659
263.333341	284.811447	256.822112
270.703063	305.252634	154.469388
267.061171	321.288529	190.842532
263.543353	291.087719	257.973286
285.64476	271.927421	49.820837
271.202175	300.226555	150.186785
285.370533	255.372067	50.260602
272.345511	297.799671	148.488275
273.436172	309.387295	149.682843
272.281069	307.54978	150.698351
273.705079	308.984204	147.876495
270.240566	293.640673	170.45768
268.789444	319.411659	192.717898
265.057193	283.002892	260.898637
273.878785	309.792648	146.914943
272.789834	302.842804	152.787804
268.46319	312.386523	194.923076
268.910431	321.373374	191.714282
266.232938	304.564293	248.518472
273.281347	297.079772	154.921552
276.889031	276.703982	128.305728
282.609442	278.249527	95.959318
273.420957	301.172907	154.70486
277.120949	278.494261	127.300343
274.444499	307.1588	148.895768
273.577821	309.526626	155.152575
273.141157	300.510456	156.56138
285.047775	268.350057	77.255256
282.605402	272.846896	94.343767
274.493287	312.433917	149.5091
275.537371	311.221229	148.665947
270.330511	308.165157	194.335317
270.422798	319.803797	197.010806
287.642051	244.588098	46.062091
275.573384	312.23474	148.607285
287.974754	275.980548	72.382653
268.556992	294.620147	254.867308
276.422602	313.453601	149.453243
276.191351	309.901457	156.96721
287.690624	296.678876	87.740053
276.511759	304.059565	153.644979
268.775554	291.242407	272.040352
277.014859	315.066249	152.104962
278.178336	309.40072	149.689232
284.840132	257.912991	98.459968
277.768841	313.232766	153.130472
276.785027	298.642016	157.583929
273.169466	308.228038	195.20785
278.014433	308.582406	150.651966
277.643854	313.423724	154.03279
273.555469	318.365836	192.817524
288.294548	297.198302	89.487029
288.050479	283.115028	91.906249
277.5974	317.078309	162.00321
279.701324	314.254069	153.076693
279.609876	315.461204	153.919663
281.220734	311.236619	148.667359
281.09141	311.438643	149.574659
279.889578	310.090875	157.886198
276.466521	319.375651	192.765937
288.734698	291.525665	100.635892
295.663907	288.212198	57.220571
288.466462	268.791118	101.617071
281.818158	312.853759	151.329897
281.017225	307.688401	156.199664
283.084131	314.484838	149.398304
282.64282	313.051483	152.237033
296.223712	281.099805	55.706223
282.893197	312.657792	150.423682
281.866143	316.392121	158.439104
284.604054	315.085477	152.120445
298.965443	288.66862	58.690129
285.618167	308.596589	150.651734
284.494271	303.95495	158.236273
278.193786	298.308175	256.440832
299.081809	290.602359	58.593886
286.69553	304.126667	149.049811
286.65917	311.64851	150.479672
285.594682	304.803914	157.279042
297.850252	257.392374	68.999289
301.283903	286.013784	59.51508
298.548094	290.96949	83.742461
282.028521	300.274869	257.739257
301.490008	275.294749	60.00651
289.205815	314.269123	153.087885
303.547263	275.890292	43.12765
303.169729	287.80816	58.396825
303.875502	268.337884	45.210207
290.460412	312.142805	157.797084
288.262333	280.280976	172.034996
304.811248	291.359932	60.761852
301.660243	263.763395	90.371214
292.251799	297.901939	164.916889
295.022368	307.200366	158.977915
288.483021	289.6138	258.133499
309.344295	253.390621	65.168707
310.400291	257.403253	64.942963
294.071737	283.291254	259.671878
302.430853	309.165496	153.333181
295.46394	293.10497	254.511309
296.066244	277.728158	255.693539
301.281789	286.181874	169.953329
303.091574	277.276648	160.348929
302.91937	282.927441	162.84024
296.971079	277.811927	257.224433
314.162295	277.871115	78.258278
297.944594	277.765651	257.172384
298.056491	288.229148	259.368447
298.876708	281.002721	259.460916
300.035314	292.320963	259.978629
300.975348	277.440608	254.660855
300.928793	280.70375	257.003178
300.845486	276.607303	257.027585
300.928793	280.70375	257.003178
307.048553	280.359987	160.19672
301.938434	280.594927	256.172329
311.049304	281.208422	159.226715
310.548583	283.193772	164.614306
314.428385	264.744138	126.453418
315.697259	279.038369	125.809687
306.819302	293.045139	259.785622
306.460341	278.918244	262.233603
307.929642	284.32411	254.3576
309.711662	281.357872	256.669417
310.61584	296.207741	262.027842
324.148461	281.919676	178.116098
329.038144	309.766448	133.661878
320.241258	299.114652	263.442552
328.13677	293.58623	164.961685
331.146832	312.558758	140.978804
327.502421	302.222058	173.538518
327.894384	272.68451	180.287664
332.154221	311.323856	140.121727
332.15832	312.338558	140.064101
330.052386	316.540201	165.52739
328.666918	321.306054	201.135986
331.188358	307.87683	163.297567
333.382526	305.352125	136.733961
333.166942	312.116339	139.150359
339.444715	278.442072	28.82031
333.405278	311.447872	136.395325
330.09629	296.553307	178.271119
333.924451	307.464964	141.273687
330.048936	305.417424	194.430965
335.370417	298.771859	135.238148
335.390523	304.891512	134.910588
334.94159	310.297801	140.191676
334.022455	296.513353	178.248572
335.861716	305.199953	140.480046
335.720605	309.70858	142.084257
335.559325	304.006352	144.250619
335.944638	309.057998	139.33844
327.991364	287.403176	261.823278
336.523497	298.082215	132.48923
332.128701	306.306193	192.630963
336.943137	305.777516	138.598935
333.879808	288.488214	166.105517
335.994738	304.378984	150.687415
336.042168	294.925481	150.267399
336.007572	312.564055	150.228738
334.015554	294.43065	178.357649
335.176774	275.07215	161.314955
335.361464	300.854866	159.112145
338.232398	303.628473	134.078592
335.478936	294.311793	157.629902
333.077691	312.559255	193.09976
328.98689	296.714152	262.585753
334.098932	306.284688	192.612301
341.833858	278.896753	75.922131
333.99306	305.371869	194.39561
338.085736	302.042091	136.024419
337.28618	298.249739	146.413813
338.087706	295.552674	148.402673
336.243102	279.063868	160.21702
334.49492	318.144749	185.777438
336.458529	301.537998	157.250595
330.836103	283.311408	262.559995
337.229814	312.327709	159.377249
330.945942	277.950034	260.195506
338.730414	305.986914	139.530522
337.170074	283.374528	160.918974
336.120139	306.198261	191.731401
339.246971	307.261462	145.012513
338.440116	300.31716	156.40252
335.908034	302.292974	195.42247
335.987439	291.755422	194.275918
339.936078	307.12831	135.766769
339.799805	302.476183	137.878276
339.314763	298.854284	144.548141
332.009768	275.731814	258.64179
337.807874	279.963162	165.625065
340.653835	308.814113	138.463408
337.005789	309.422703	193.252312
341.202945	297.81356	131.642514
339.521878	313.30617	153.845786
339.334262	303.580184	157.13682
332.809887	309.275566	264.802321
338.647203	299.121131	167.347583
337.266988	313.217048	188.674456
336.597432	306.729894	200.292739
340.930995	302.817301	135.088535
341.490531	275.12188	128.13439
332.999323	302.638611	260.928684
338.954847	300.442551	162.759008
337.21542	313.289447	189.53884
340.729853	300.423659	137.999939
340.458135	302.318977	141.598927
340.184968	307.256201	145.017782
339.334201	304.610746	157.079914
339.780757	286.192614	165.317501
337.103224	305.150489	191.78525
336.852629	284.549395	196.355
340.593667	301.886629	139.772812
341.322417	305.596981	142.35031
340.787708	313.369016	149.265787
340.282742	288.043153	157.961022
338.987077	302.593826	176.996115
337.000772	305.278374	193.509242
339.890749	281.723939	163.732804
338.086805	304.101527	191.839489
333.875865	276.860318	260.203327
340.472605	311.256706	153.965022
340.040862	294.932716	161.239667
337.785359	307.56678	196.805049
333.970544	275.687458	258.660147
339.735499	310.191533	164.918425
333.875865	276.860318	260.203327
346.25852	264.96687	61.758737
340.940556	288.847277	162.466726
342.193883	304.779602	143.325863
341.945384	299.442779	147.299489
345.97705	247.244443	69.956286
346.762352	248.680839	71.71809
341.413141	315.339774	153.721282
340.763266	292.427731	164.994648
343.70582	300.751656	135.242662
343.590582	296.078268	137.344294
343.126896	305.797066	143.277019
340.056111	305.118959	191.760146
341.708049	277.82102	165.742717
335.698077	280.133467	262.555842
342.971049	309.217359	159.538129
335.870054	283.986762	260.272035
344.302412	306.972543	139.532892
343.063572	306.007417	144.185911
341.039999	305.108484	191.752128
347.647191	261.710313	70.125683
342.878845	294.02439	162.197362
341.09006	306.079819	190.82393
344.553567	305.058044	135.945506
343.116143	293.371221	158.602853
347.66316	259.455237	69.364772
343.057403	289.38277	159.722101
341.139004	310.156724	189.695887
345.437883	304.5491	122.058802
343.311971	313.289193	153.843535
342.997868	289.546071	160.621517
343.108894	280.893057	159.248764
343.105335	301.658873	158.153162
340.888747	311.512657	193.935172
340.839221	308.464659	194.996964
337.131261	278.423113	255.648535
337.099713	283.610209	256.41876
336.725492	301.785458	263.273349
344.302412	306.972543	139.532892
342.417347	293.120475	169.462338
341.090853	300.879899	191.140555
337.143009	281.49583	255.650133
343.826532	304.382637	161.626537
341.988232	274.780967	193.342694
346.206086	308.074926	123.744188
346.179468	302.225215	125.000456
343.615293	284.202487	166.331665
337.834552	300.48073	260.927865
337.75719	293.354283	261.796003
337.756227	304.775461	262.437811
346.376511	297.076998	137.336166
343.949494	275.988549	161.315958
341.723432	308.561115	196.701274
338.115614	279.428225	255.664608
344.759248	282.699929	163.702673
347.141597	300.954421	124.16749
338.99232	279.542291	257.220364
344.642025	279.866076	165.653989
348.977557	290.187672	81.219644
344.864969	295.921847	161.192614
344.57145	273.738247	166.858913
342.658316	307.563718	197.61519
338.943827	280.635918	257.990648
346.442964	294.800564	136.534516
343.930407	313.432675	192.044138
340.128529	279.330407	254.927552
346.764969	303.110494	145.300544
345.792417	307.303437	160.551185
339.838663	287.944286	259.521356
346.996579	300.418294	157.322228
344.676635	306.455011	196.811376
350.859796	271.98108	70.640027
346.786335	297.978372	161.08356
350.147807	285.766343	99.103732
344.773502	307.387073	195.029451
341.050012	276.305244	255.721178
348.29475	295.807315	136.515453
345.048204	318.377422	189.087978
345.054915	314.257906	189.377372
344.919036	308.247357	192.382407
344.825749	305.252256	194.305729
344.428567	307.718206	201.00848
340.914555	286.755999	257.992038
351.113404	262.784343	57.84563
351.379435	290.349024	82.314321
344.91065	313.424432	192.03335
340.659695	288.167826	261.852018
341.670629	303.597376	261.642525
351.657345	267.098063	71.898775
348.856492	303.277071	141.641962
347.820583	292.608702	160.477068
345.886751	315.480699	191.878261
351.891408	282.025064	56.641906
348.17766	308.788366	152.299173
347.820583	292.608702	160.477068
347.665249	289.960316	163.333824
341.821304	277.589404	258.814759
341.772844	279.711558	259.583235
347.878151	314.830624	156.474857
347.565983	314.81814	161.896419
346.119599	295.457114	189.692664
345.836717	316.572333	192.664159
345.662056	305.405041	196.871847
351.23107	297.868771	87.383938
349.197502	299.901677	136.310904
345.840304	314.510061	192.810242
343.123642	279.223277	254.219075
342.860563	281.599458	258.061361
350.1145	292.924369	137.627136
348.534945	271.434849	166.095521
347.505244	275.900714	183.706521
346.727765	312.549664	194.660673
342.965279	280.437181	256.525968
346.822132	313.468921	192.872184
342.766188	289.956195	259.530062
349.647482	300.821241	144.543264
349.819944	315.66529	155.517936
346.683618	310.532894	195.660729
342.910899	279.480456	257.300428
342.867633	287.754679	258.006469
342.860563	281.599458	258.061361
354.035962	274.13528	32.065036
347.75639	312.484692	193.793434
352.653889	292.794528	98.865635
349.727206	272.914248	162.420244
349.568913	274.412007	165.055655
343.997428	279.333954	255.785187
343.795046	293.98255	258.694593
344.051837	281.320448	254.997817
343.943119	278.375299	256.560321
343.639713	293.186201	261.046954
352.700112	298.838197	94.828872
345.030844	276.185354	255.060751
344.76431	283.697895	258.860113
354.27531	276.116248	53.709838
353.785763	278.853112	89.572432
348.694308	310.460011	194.786749
344.610717	292.146649	261.073076
348.933734	310.153467	190.48683
348.694308	310.460011	194.786749
348.700318	308.38463	194.929283
344.612265	294.20424	261.037926
351.794908	303.620467	138.912857
350.932967	313.061337	152.962688
348.977971	311.121379	189.552852
348.64611	310.513791	195.643668
344.924044	281.436795	256.565144
344.767558	295.000433	258.681506
348.98139	310.084475	189.623784
344.924044	281.436795	256.565144
344.662043	291.038195	260.313886
350.804521	310.530754	155.837104
344.567711	300.467803	261.697369
352.280535	306.179099	128.652473
351.866749	294.371303	139.424383
351.601116	303.465633	142.587872
350.804604	271.538626	160.687501
350.210828	290.934179	169.5894
352.774508	297.448399	139.274541
352.690755	301.779604	139.950252
345.635713	296.172707	260.22663
352.699651	300.752372	140.007941
351.700455	304.684724	157.999988
349.881017	319.440594	189.814816
352.083378	311.260947	149.443464
351.745987	311.551834	155.777535
345.68739	288.894989	259.586407
349.150113	306.767998	204.436832
346.504939	302.511467	261.653169
355.990217	248.316821	59.109114
354.249785	302.373691	126.157923
346.882788	279.366147	256.638595
355.262129	286.400703	98.453196
353.485304	306.311	141.537753
353.191966	289.566019	150.689543
352.744851	305.360217	156.154833
350.729392	303.101942	194.406677
353.695318	298.466141	139.236425
353.783188	306.023599	154.309911
353.558093	310.860865	157.633466
346.763273	293.879074	257.944198
357.502434	280.77768	23.335482
356.300578	261.186006	100.711294
351.48761	311.621487	197.257952
353.497286	301.02053	160.931679
356.561514	271.893094	58.608341
353.699551	310.328476	154.955334
351.535572	311.572736	196.403174
347.837526	295.791157	256.34109
354.490517	274.17589	164.209509
352.584875	306.316338	195.904713
355.651944	296.970637	137.52629
354.490423	312.911189	157.508313
357.221897	259.3933	98.104765
352.571505	309.436128	195.68786
348.711954	290.777846	258.047278
348.676167	279.562619	259.010877
352.972707	313.011586	187.649872
353.561855	296.385285	179.079588
352.875859	314.192074	189.302263
357.335753	263.622075	71.635365
357.146808	271.888535	94.740419
352.797775	311.218684	191.247373
352.732628	315.424022	191.809117
352.584875	306.316338	195.904713
348.652109	294.965592	258.722631
355.553148	298.443736	139.27515
348.645345	300.115267	258.580532
357.981968	275.435352	89.130121
356.405671	297.839103	141.15593
353.85732	313.147557	189.369514
349.963211	287.3595	254.258055
355.673862	302.048075	155.463881
355.306116	313.413174	160.17965
358.889565	268.292762	74.182192
358.722487	278.702438	100.903597
354.690815	314.371751	191.869859
349.959299	299.12562	268.014396
359.583408	279.449138	28.741186
356.24748	300.421525	163.679151
354.731276	315.342852	190.934061
358.722095	277.940293	101.859381
357.084841	312.635186	142.133879
356.913712	306.71223	147.945823
357.663257	305.613766	152.554537
357.286358	310.136796	159.493969
351.622536	292.819443	258.051536
358.390152	297.156806	138.49401
356.286191	300.92923	182.326183
359.709574	266.929217	68.945437
357.779728	306.069445	149.810137
355.591917	311.37165	193.808072
355.478787	306.334016	196.749308
355.507587	318.668226	194.125932
356.842914	310.970648	188.638562
356.581534	309.282667	193.953255
351.649525	284.600151	258.261856
352.639664	280.495767	258.376922
356.68214	315.323939	190.920951
360.50205	268.003753	73.420491
356.804425	310.002881	189.575788
359.568709	306.624018	127.014694
356.887739	310.896503	187.774622
358.780017	302.570726	170.713269
356.411826	314.631547	196.142983
361.527615	259.267047	102.005931
359.707846	299.002925	151.156376
357.780709	309.991553	189.572028
357.708471	314.212595	190.131968
357.036325	318.011352	201.868527
353.746671	276.254726	256.949618
361.264295	271.465584	75.085417
361.193071	285.467628	96.13376
357.541933	319.567587	192.318687
358.727447	314.133341	189.266104
360.144623	303.178593	161.737309
358.212381	308.56607	200.009251
362.492687	268.077316	35.785791
362.453395	269.244819	36.566921
360.433057	313.631509	151.184949
358.2925	318.792507	196.671587
362.80408	243.139092	40.823465
361.072239	312.161917	159.383576
359.80459	311.901452	187.689259
355.552362	293.772251	257.33252
362.0726	291.56318	141.625412
359.716695	312.047129	189.415251
361.275087	313.161955	153.927999
359.346202	313.564518	196.207611
361.401057	311.567098	151.325388
360.666913	315.147361	189.181405
359.420995	309.358596	195.659637
360.662891	310.024792	190.426462
363.418638	287.052855	72.624774
363.749555	269.03125	78.090701
360.707213	309.955625	189.564247
362.30589	311.748185	152.226188
362.658226	303.14643	146.428919
362.413602	311.16652	149.5575
360.307116	315.625152	196.047295
360.318806	307.36576	197.521693
360.267526	314.638463	196.981217
362.651036	301.283757	147.444273
363.089286	308.698588	157.8242
360.444131	309.292247	194.800925
364.246464	289.899511	79.766785
363.006166	314.889702	157.425168
363.317507	311.35237	150.46033
363.166906	305.417362	157.1314
361.444331	306.153098	195.026618
363.612748	275.52995	155.229734
357.457076	281.601903	259.348025
363.180301	304.380174	157.195452
363.903926	311.262698	160.355953
362.32818	306.247536	196.742174
362.594732	312.079518	190.271082
362.550731	312.146022	191.131957
362.450249	308.168303	194.017838
362.131201	319.82877	197.430357
365.146176	293.629017	89.622632
365.162912	309.653575	152.39287
363.21132	317.659582	195.88163
362.393412	297.882517	197.323319
365.698108	298.739402	141.309514
362.526496	320.358922	189.639106
363.48894	306.008635	193.310118
366.131816	266.0916	71.237187
365.796962	294.099253	80.593992
366.180177	311.951347	148.662664
365.131696	303.139599	156.393957
363.22326	310.451144	197.292744
363.497976	310.116925	192.146334
363.287406	308.319397	196.591541
363.219451	316.625766	195.962192
365.884416	280.907264	73.147288
365.49891	302.900831	145.591544
363.21132	317.659582	195.88163
366.691453	295.821514	86.917509
364.555256	315.098725	189.174722
366.539743	292.862863	76.20888
366.116529	314.205871	149.419187
365.778937	313.305243	160.236179
364.419335	306.054622	194.171883
366.024593	314.790077	152.077359
365.620107	302.202114	168.983126
364.327775	316.452997	193.392244
364.300577	314.437228	194.409532
364.233935	306.271332	197.602647
366.239903	311.544902	146.887029
364.550415	311.013095	190.348153
364.380647	320.465026	191.352901
364.3457	314.380889	193.551953
366.090571	300.180989	157.484624
364.293142	320.583698	193.068246
364.197823	310.438293	197.294273
365.78914	285.436326	169.994776
364.220326	318.629778	194.944417
364.115439	314.638407	197.832816
366.533468	316.150523	164.50717
366.45878	314.52596	167.28358
365.274428	309.281738	195.661629
367.150755	309.880758	148.808302
367.218432	305.753325	149.063639
367.343779	301.214802	147.534928
365.588773	312.937899	188.469951
365.411801	318.325703	190.655965
365.324975	318.450025	192.373298
365.218144	315.514719	195.187418
367.1625	310.708885	147.856512
366.716474	316.218837	159.156567
365.513269	312.039466	190.271726
365.493451	314.117129	190.11503
365.181283	309.384458	197.374789
367.703641	300.55426	165.537755
366.244693	314.410982	194.412442
365.209225	311.4152	196.362102
368.30263	305.533756	143.687349
368.052621	311.927377	148.695767
367.914688	301.532644	159.219008
368.272332	287.480163	79.314646
366.184817	306.243798	197.610184
369.075146	304.047426	151.000797
368.978114	308.378723	151.630239
368.705185	274.072385	86.2918
367.488667	312.981228	189.336068
369.89943	312.101476	149.615754
367.226222	313.359406	194.495243
367.211425	310.295046	195.590396
368.789262	315.131627	153.885723
367.277893	308.156167	194.888144
367.236472	312.32054	194.574764
367.160615	315.488257	195.19218
367.078234	314.552838	196.98546
369.990461	306.942755	149.940388
369.024235	298.742122	155.815806
364.697393	294.361048	251.328864
369.837134	308.928219	154.300504
371.387405	271.806554	16.404796
370.002893	312.10657	145.125349
370.121723	303.240315	147.470279
368.47859	314.971635	188.319438
368.229612	310.225561	194.736888
368.197499	313.345248	194.499211
370.084497	279.843713	81.606335
368.287616	317.314936	191.601572
370.04508	310.866952	144.303603
368.298865	320.350747	190.498295
368.200201	317.434929	193.318772
368.059537	313.501791	197.070363
368.033357	311.472138	198.085943
364.630319	275.163714	256.073209
370.242834	298.689082	145.940673
367.952321	319.757352	197.438326
371.183707	299.501235	145.013416
370.834843	308.54098	152.548138
370.925988	296.800534	156.860066
368.13779	310.333493	196.452483
371.049016	305.913682	145.528818
370.836639	312.088283	149.633603
369.375725	314.059735	190.125932
369.146401	315.406024	194.343315
369.246707	310.153086	193.883185
369.03038	313.487755	197.075999
370.754692	309.096383	155.199142
369.436187	315.99386	188.243713
370.440753	312.863665	188.486038
370.127626	310.25115	195.607104
369.967421	316.583256	196.83965
369.898985	318.698192	197.532202
370.046244	309.314049	197.401274
372.775334	305.403909	152.778677
372.707678	306.812047	154.480184
370.127578	306.134237	196.777445
372.08174	302.378063	143.964767
371.903853	310.840019	144.347857
372.785109	307.093605	150.881205
370.206591	311.179011	193.810403
371.126938	319.400173	192.312668
372.579829	301.056849	162.883153
370.902572	319.669559	196.601264
371.146638	306.064761	195.926807
372.811937	303.328691	152.907899
371.21227	319.275235	190.59412
371.115572	320.432366	192.230552
373.138857	317.385697	166.246099
371.237522	305.9493	194.20706
374.560452	273.436397	117.50335
373.407584	307.451291	163.373426
373.323806	287.014028	86.024932
373.945613	299.865236	146.857691
373.964555	298.828136	146.919525
373.359831	265.790997	71.702327
373.094931	288.530532	80.548351
372.308389	311.933132	190.302462
372.047956	308.190365	196.639093
373.708097	303.681737	154.693711
372.179061	319.259876	190.601079
373.605615	312.437659	151.454102
372.278559	310.959547	191.243
371.984527	317.487127	195.0592
372.378744	312.831366	188.49877
373.166341	314.128242	191.874215
373.485097	274.917456	82.95267
374.645414	308.097236	150.855356
374.759159	301.029131	152.190356
374.544152	311.582352	152.420696
373.199686	318.143628	189.830203
375.640433	307.486854	148.229246
374.56445	313.06259	149.644515
375.318826	302.653064	166.377104
374.203836	311.967339	191.181681
375.157188	277.623866	85.642084
374.165943	318.127248	189.839309
374.177063	314.046866	191.022615
375.246776	251.42143	63.613419
376.448711	313.660581	147.860141
376.559531	307.671449	149.133712
376.602229	300.508474	154.944315
376.544315	293.503666	162.516425
375.869023	316.086674	171.662992
376.634314	305.198774	147.497897
376.524398	308.065139	150.896702
375.063638	320.244274	190.54731
375.172164	311.950251	191.191987
375.018277	317.268326	192.512429
374.961398	318.36255	193.290599
374.891361	320.485128	193.985617
374.871976	318.474069	195.008778
378.251742	267.44178	118.852382
377.371397	308.128494	156.265473
376.097575	315.050975	190.964357
375.79153	318.510008	195.880695
377.432447	310.755206	148.960463
376.013486	318.224436	191.582816
375.882541	318.402889	194.162593
375.869204	319.43632	194.080662
375.837414	318.457613	195.021812
377.373958	313.017695	149.708217
377.371592	308.986419	155.31892
377.315963	302.166164	163.770108
375.92692	318.345803	193.303028
377.549655	301.349069	154.017748
377.56124	297.717458	156.921609
376.055699	318.1601	190.722145
375.915223	309.169022	196.605938
371.967651	295.951932	257.173708
377.463748	308.048611	150.918198
377.469604	306.358539	152.810931
376.025796	314.140371	192.766873
376.021166	308.014693	194.963942
375.845616	314.367685	196.206419
379.003615	276.126713	120.298062
377.4122	282.070866	83.806925
379.348257	308.65569	149.137968
379.452705	301.97943	152.233267
379.476203	300.086037	153.243132
379.186502	300.484925	166.571677
377.122213	310.873943	191.29461
372.829161	288.087598	260.845451
379.415947	303.207451	153.049628
379.441984	303.672481	150.342258
378.041631	317.022166	189.968436
377.842343	319.344903	193.250191
380.471844	301.715071	137.959273
379.524457	299.516266	150.597375
377.943231	318.18932	191.61046
380.243278	307.714794	154.567871
378.983309	312.984952	192.027508
378.909534	315.125323	192.729607
378.998672	311.944865	192.106712
378.820839	315.244175	194.45177
380.403559	300.25175	154.146571
380.39618	304.093358	147.659874
381.348099	300.23245	154.169051
381.281301	306.76805	145.734429
381.152973	311.721678	148.990051
381.37167	298.328986	155.178201
381.300425	299.028156	158.699153
381.39803	298.819086	152.471509
381.280344	304.209851	153.029711
379.890172	314.068999	192.826476
379.828281	318.21509	192.504783
379.898053	319.122338	190.700876
379.709556	317.35391	195.1686
379.724731	313.261598	196.351557
379.949179	312.96651	192.043799
379.846119	314.130008	193.688219
381.426379	296.061193	154.424507
379.944535	316.015963	190.942421
379.709977	320.398712	194.063847
382.057672	312.294257	151.646614
379.975957	313.939992	191.101909
379.953111	309.908163	193.142632
382.317258	302.187974	144.253459
382.112614	311.091051	146.38272
382.164312	304.919255	156.567714
380.782212	313.132189	194.648059
382.434615	296.792043	143.678679
381.334154	306.089547	185.602182
380.882398	315.025095	191.902499
380.827149	313.072993	193.786159
380.843256	312.033528	193.865397
383.049607	310.864105	145.532703
382.097222	311.502646	148.137921
381.210927	304.319791	189.218673
382.281665	288.783348	192.883912
380.86292	307.928209	195.041048
383.14638	303.680846	155.777989
381.889057	314.94024	191.058865
381.786958	316.106327	192.704402
381.55781	319.437786	195.908744
383.230653	302.796315	146.922289
383.311852	298.846523	148.053795
381.841815	309.933746	194.041495
383.237911	302.164074	148.745216
382.976941	313.75119	148.908985
383.107657	307.747595	150.18093
382.798723	310.092974	167.7696
381.803331	315.069377	192.78426
381.796771	309.994045	194.904253
384.006204	306.269554	158.300347
382.727155	320.162334	191.542371
382.861306	311.869629	192.178557
382.895387	309.787467	192.334203
382.750695	307.951317	195.942799
384.08228	306.289696	144.060813
384.208724	298.26863	155.247429
382.73975	314.073871	193.747206
384.14036	300.710944	156.876046
382.582306	318.332461	195.151429
385.103228	301.194871	154.199435
382.773618	311.996177	193.905098
383.791106	313.928806	192.043017
384.902161	309.196724	157.245058
383.7393	317.040014	191.805614
383.618091	319.232305	193.370958
383.727864	309.957191	194.946239
383.577902	316.244213	195.33593
385.224085	293.376292	157.348638
385.206132	295.979448	154.519462
383.756488	316.003887	191.885049
383.645368	320.204765	192.428212
383.791106	313.928806	192.043017
383.808501	312.889915	192.121507
383.497162	318.367148	196.037791
385.617528	315.679704	163.914999
384.764498	310.855114	193.163771
384.755857	308.836042	194.182216
384.68445	312.996867	193.871807
385.995812	304.381044	149.576883
385.920296	307.690792	150.260031
387.094607	295.937223	154.56963
384.640621	318.117961	192.613284
385.566417	320.16393	192.480393
386.745526	312.24094	147.334598
385.620627	311.998979	194.838422
387.719144	310.955659	150.994372
385.512239	318.217189	194.365965
387.164537	305.880244	184.845497
386.472728	318.196755	194.394521
387.697063	310.346562	143.928624
386.518123	318.13784	193.530904
384.558887	321.249514	221.706796
388.732593	306.616722	145.964704
388.831269	303.082512	148.847995
388.721396	308.208602	152.970188
388.7353	307.030364	147.716599
388.725968	308.018894	152.094823
387.423772	316.16506	195.445815
388.988867	294.782649	144.888504
388.662362	310.655982	154.587416
387.441277	320.182329	193.40293
388.611338	312.609824	149.142447
388.694262	308.940372	156.470482
388.769049	301.922111	164.007212
387.508304	314.035277	194.737581
389.563094	310.734433	145.740621
388.899046	300.161731	149.915196
389.855934	299.18559	155.334878
389.980092	292.221526	157.53374
388.560207	313.891474	193.037286
388.41909	319.128763	193.51352
389.790075	301.821433	148.063338
389.417228	317.040417	193.702014
388.527707	263.431648	65.311118
391.435446	311.111031	147.550848
390.336787	319.085402	193.581116
390.657132	290.238927	199.932303
391.518719	309.184832	152.989701
390.397011	315.984428	193.812325
387.82523	286.989421	46.815777
392.381138	311.695149	150.201998
392.597819	303.292166	155.159316
392.467151	309.032181	157.454793
388.260985	309.456021	238.757952
392.453788	309.375675	159.202299
390.652559	265.197252	55.56128
394.621716	296.636536	159.166416
395.531944	298.535374	158.190776
390.529411	277.445505	261.595742
393.503117	265.656506	82.417873
392.517082	277.478315	261.011971
397.953031	306.586014	142.728014
393.58436	275.001767	54.44633
396.643735	254.988048	84.668225
400.118137	300.937639	150.210299
395.614602	263.646178	48.69199
398.398251	269.558735	82.447428
401.961313	293.574869	204.447464
400.363159	263.47794	82.657007
403.544792	303.529623	186.326085
401.15296	279.860364	248.534812
404.763313	320.56092	207.313497
408.043341	281.495669	154.187292
403.507946	241.116337	48.877516
404.31827	257.108121	85.658831
406.15597	308.235379	207.277186
406.068339	270.928737	25.255769
407.132361	280.00884	246.480353
406.615942	257.098377	82.055711
409.572619	317.513497	208.660963
411.30534	284.477363	196.358273
406.544791	266.491779	75.447073
409.742615	318.388494	205.965928
406.289368	262.899102	69.207423
412.92293	309.359406	147.481553
409.392601	255.306348	83.069251
410.586352	250.506572	84.179743
412.454849	319.492101	207.820401
412.725689	315.317843	206.303294
416.670907	310.507313	148.413293
411.446338	280.370709	52.05216
417.026627	306.007249	205.229454
412.542522	310.842503	268.016908
414.281285	318.474826	264.374853
416.355345	311.888876	266.69609
417.335959	270.688595	80.03526
417.193526	318.470083	263.028343
422.588968	307.487205	137.324061
421.828039	285.868818	265.121089
421.304238	288.517931	89.877654
426.552829	315.196661	167.832994
420.411772	312.596939	262.107157
422.593474	287.123414	266.767952
423.521494	284.972992	245.531527
425.246084	289.147626	245.398706
427.168096	291.500478	266.778197
432.51824	312.161825	148.780985
428.914699	294.640914	266.657743
428.984753	294.554597	265.830594
433.811328	297.646936	149.535497
429.934685	293.71464	266.790052
433.102841	263.441762	90.441768
433.379262	290.493858	262.970349
438.174907	306.690951	168.559364
440.990758	296.437429	145.324039
443.08072	301.764384	150.410353
439.656592	263.788031	91.444076
445.556537	296.11458	144.539805
441.766214	257.067947	80.917254
447.813957	308.83202	154.590811
449.834114	278.879855	166.523489
444.511728	259.058492	92.684531
445.971283	307.38603	243.34578
444.367131	270.627519	93.984247
445.702387	317.05178	240.295061
448.866983	284.713179	247.852054
449.795196	285.790226	247.811123
449.983108	322.795403	234.879377
448.445143	253.298135	94.024243
449.070803	306.499547	252.173899
447.005289	253.304385	73.30149
448.765044	279.542875	92.844922
452.217357	292.263095	146.58676
451.742149	287.844495	246.83874
451.764541	317.372067	239.512418
452.618705	289.934283	246.760322
451.144686	262.891568	95.388133
455.064112	310.485079	153.831067
454.208162	300.903378	234.741388
454.247332	285.418445	242.420013
455.109177	291.580413	148.431276
457.941913	275.6408	197.163438
453.654332	290.96774	255.579372
458.812735	297.235995	150.919742
454.991138	263.402353	97.289387
459.972064	274.089769	164.211268
460.506989	278.915384	228.959408
455.10552	288.458738	91.871682
455.923721	255.900296	95.930406
455.173994	297.35097	95.475159
460.421101	282.020614	228.884478
460.625962	315.853409	175.669837
455.646105	262.520402	93.736423
460.349045	282.129089	229.78584
456.907422	252.887841	96.148977
457.507877	255.046409	92.447977
462.94866	289.560784	230.470467
463.682827	305.043588	158.635568
462.752019	297.778198	239.281203
463.873498	295.598015	158.110405
458.124212	268.840974	72.919159
463.999186	292.700728	159.100621
464.520135	272.810544	163.438627
459.745598	256.403822	97.84192
463.532277	294.428857	152.881853
464.519971	291.086392	234.027306
460.166969	295.512646	100.112124
461.065875	274.929757	94.232778
464.954976	309.955782	153.265227
465.175854	292.751036	150.337021
462.842805	298.298013	99.258304
467.871709	314.181418	173.284553
463.168217	271.584141	97.168961
463.900365	279.424412	95.977456
467.295394	292.667779	154.780044
467.631965	309.858594	153.35427
467.416819	310.26637	150.715042
469.182797	288.513489	154.967585
468.58188	296.534165	149.404265
469.906019	284.630781	151.602155
471.898082	291.461662	197.563243
466.768322	292.765962	101.211333
470.176907	304.851693	150.07911
471.279924	288.395726	159.396057
471.213476	307.823666	226.375089
470.392826	297.702019	150.292002
472.466582	282.768134	162.252147
469.11478	252.934658	100.218437
470.163982	269.349488	104.740804
472.462966	289.025333	139.999505
473.637	276.350648	151.970408
475.753867	283.056146	197.007646
469.976147	294.454253	91.337435
474.08123	294.722358	151.352585
469.80267	283.823453	84.380041
470.91534	267.705473	102.156777
471.733261	276.977395	102.687611
474.465505	279.397226	151.868277
476.295773	299.570574	196.490511
475.955844	312.920018	173.552361
477.152519	301.768045	197.310959
476.616565	279.479881	157.180675
473.625831	294.892266	88.776459
476.773548	301.550184	154.743346
479.223216	293.663202	198.4278
479.22756	293.806384	199.291908
478.194333	289.849326	157.73497
477.29021	293.138111	158.488094
480.116387	294.976134	200.135316
479.952302	299.693799	197.395285
479.410547	310.211592	171.125003
480.467724	309.368298	193.690163
480.930066	297.773328	198.327484
478.807982	311.237709	236.189681
478.545798	310.635958	158.945193
480.355358	314.198358	197.936827
476.524606	262.924982	103.528559
481.611309	303.49439	195.581172
476.252597	280.007759	102.765999
479.678801	292.272286	155.070768
483.176594	278.001275	198.174262
480.742722	300.740092	160.987939
482.136351	308.411616	188.539122
480.605287	285.734755	153.527056
482.285608	316.105214	225.282955
483.78154	293.920719	200.210932
481.321613	297.500768	155.853604
478.573521	266.998591	107.857129
479.291034	259.925656	103.809987
479.288878	296.755493	92.597262
485.371263	298.300532	195.774636
483.603635	312.242614	158.245308
485.263907	270.69417	165.526182
483.78897	299.236007	155.01626
484.340515	300.436564	151.51328
484.878981	302.214055	159.347769
487.269502	298.140598	201.004573
486.120599	287.100545	170.19812
487.003081	303.555851	196.525545
485.238132	272.169506	153.163894
488.56672	280.012478	198.207575
484.760954	309.123667	149.637545
483.004035	265.593107	106.336198
487.137689	295.964494	163.899896
485.974896	304.622103	152.3739
489.200695	290.156039	196.966986
489.463688	279.999278	198.230085
485.868255	257.767494	107.720897
491.113438	284.972235	197.203739
487.286614	306.570866	148.024509
490.746971	295.977728	195.078597
491.03428	288.061358	197.083139
486.208303	270.852801	115.960643
491.258641	310.056684	199.035157
491.590453	302.163874	200.964512
489.487414	303.652314	153.395394
491.13005	299.943089	150.883403
490.867106	303.586106	149.078416
491.05511	298.535274	149.145349
488.744619	288.231731	99.509869
492.471037	297.512404	167.496543
491.224666	299.129952	151.772969
492.19754	297.780436	164.018749
494.324204	310.483955	229.055901
491.66239	268.014071	117.117243
493.42507	271.210368	117.9283
495.727333	286.730545	160.860807
497.334492	314.716404	203.352486
498.309165	279.664101	197.633357
497.482604	277.1705	169.014486
499.234753	284.818851	203.489179
496.330405	300.106656	152.826245
495.203279	263.592763	115.63077
499.88904	315.337207	201.654711
497.086016	262.976748	117.445886
501.254494	301.877775	201.176827
498.401349	296.766688	156.425758
497.35354	266.343343	123.458815
498.885036	282.43962	155.767316
501.150116	316.547829	192.236167
502.014809	295.294966	193.659577
500.452773	280.807518	153.19212
497.807793	295.798188	102.316572
503.28691	299.082186	209.124863
503.038594	287.77833	192.240665
499.09704	272.916256	125.923202
503.681798	305.711374	200.260824
501.576058	298.241799	154.789009
504.903781	297.893431	186.80502
504.380664	267.286504	123.512754
505.51452	266.404606	128.809179
505.434115	260.463354	124.614979
506.820383	266.332693	152.689152
505.677196	257.859951	108.266923
511.699696	292.345141	196.656186
512.147449	287.170363	202.069769
509.947116	275.463225	153.44301
511.983733	318.175513	203.587313
509.243985	270.013897	136.673808
510.229672	293.025403	155.994974
515.14603	276.124471	204.450641
509.86328	252.105254	91.530809
511.31583	264.882446	141.202775
515.461259	285.389119	198.798874
514.456774	292.447817	177.850264
513.056672	263.849879	141.219206
513.525083	302.265567	171.72101
514.027744	265.544062	144.735885
513.761758	266.47901	139.39429
514.560563	266.108341	137.625297
517.230145	298.614638	174.474535
516.741744	262.839342	146.554349
515.628212	299.832694	123.240758
516.282673	288.737125	136.613185
520.911703	295.555245	246.886788
517.712259	272.31851	133.972937
519.643293	270.358285	139.320556
524.688595	308.949528	196.68081
524.824604	261.891972	126.964998
525.792021	274.275761	150.055968
530.186763	265.381328	145.540935
537.020352	282.28132	193.607118
533.709746	285.38032	147.605978
539.1641	273.596966	196.534877
539.802907	288.177231	198.735001
543.742753	296.701224	173.131625
549.293386	271.422983	198.584109
553.239944	303.600378	194.918739
565.749713	283.073118	190.981681
565.825608	283.231903	191.856449
70.594013	240.526619	182.001336
90.809296	227.402728	150.715507
91.008344	228.542084	157.308605
92.363211	231.934533	153.610163
94.626026	234.156206	148.965022
93.301448	233.231233	181.003228
97.80687	225.606188	150.803379
101.389104	256.725654	113.774685
97.456688	237.37389	155.598024
92.864045	270.312496	196.251847
101.755823	230.996634	147.189765
102.044109	247.045232	153.834185
102.667704	243.653275	175.330628
104.281329	237.850306	169.757437
106.381206	243.409057	166.931334
109.153781	229.814348	151.137726
106.70678	241.027671	170.687652
103.581802	253.019709	191.797334
105.488435	234.266508	179.211013
105.098837	246.650287	181.795679
110.411721	227.15875	147.460732
112.15581	244.665272	131.01279
110.252314	239.754906	156.73793
109.885551	235.273554	159.546887
107.981999	233.496715	173.598372
107.02702	229.404339	180.252056
108.979257	242.349224	172.548071
108.837162	237.506754	173.552096
109.14091	238.06401	177.291564
106.941361	238.040284	192.221266
111.839558	239.936447	157.696512
107.489557	244.596328	188.306595
107.122878	256.705074	196.128153
107.780523	236.038361	192.282999
107.81032	242.770316	197.56554
110.546979	235.349535	179.229356
117.203643	257.204313	134.89476
109.997646	240.871956	182.829722
108.653498	249.826875	197.263682
109.755647	234.499193	196.030066
112.100601	249.487409	179.80665
111.959544	248.625319	180.752409
114.616949	252.647401	174.187407
110.442469	268.581532	209.007677
111.91427	257.032892	197.776783
114.915714	255.212505	177.785254
118.868844	228.748144	156.113289
112.777854	260.062432	197.621279
121.517371	253.279379	135.037263
113.425875	241.045412	199.367534
120.694293	227.597683	155.258625
114.491754	245.641067	203.641465
120.436796	245.853733	168.79482
120.458171	252.793725	168.641843
118.223286	265.196574	183.76753
124.10028	249.154582	148.671785
131.406432	253.249372	113.507969
128.480617	254.236475	135.251147
125.643878	248.571212	155.967588
119.638454	269.237081	197.005539
118.3835	271.563984	206.789509
118.684711	232.456212	204.189559
129.456878	242.058709	133.588038
126.385059	263.679942	157.57497
129.981966	261.985669	144.159773
122.01281	251.89952	203.988703
123.856177	251.173815	190.482788
122.564664	262.589614	199.866489
130.177121	266.999934	149.488203
122.921169	262.230677	197.186289
120.047046	269.264567	241.628972
125.724666	270.084853	202.103943
134.216335	260.995478	144.200299
128.485559	262.793555	193.399929
134.150973	227.716803	156.556473
128.529283	277.10383	200.832768
139.22825	266.724835	134.453326
140.123701	265.356855	128.325668
129.489853	276.988786	199.910339
134.971491	256.468702	166.620121
130.468526	276.870347	206.125836
131.443106	267.346359	203.795407
131.100455	232.677645	206.433188
142.85585	227.001089	124.519762
131.8902	258.508369	206.850889
132.08153	258.288456	205.079101
140.604862	260.713505	157.548232
134.18205	271.326825	202.636049
138.660745	262.064431	169.974529
143.046247	263.765088	153.037575
141.082885	248.150039	165.057478
135.714455	266.358	203.680287
148.134951	258.596862	120.575292
145.067596	258.275723	150.497582
145.052339	265.362626	151.227995
145.294094	253.050989	154.184841
137.691388	235.961558	208.582531
138.72852	249.307047	199.063898
139.337587	279.787441	203.912831
139.664721	251.209284	205.989108
140.808738	267.51555	204.326288
148.812639	263.89924	153.891403
141.278853	245.692968	233.818864
142.032981	236.142488	233.105947
149.934473	265.647406	167.933028
146.491299	246.049882	206.780448
148.617125	271.724623	204.765856
163.408085	231.927857	104.611242
153.554047	262.275926	166.25497
155.177797	253.238051	166.58207
155.859123	264.566271	162.645895
155.87014	271.71216	163.296692
151.221633	278.864483	197.359461
151.727619	278.553028	247.58134
169.296316	258.554176	104.576686
152.84665	270.589867	220.626469
161.755039	272.795807	164.108839
162.44052	264.784597	164.382569
162.337538	256.767484	164.679239
164.453469	262.312736	152.163277
164.082312	240.621037	165.328352
158.996961	278.089337	242.956039
159.609474	267.481585	242.838706
165.066141	272.586313	198.217969
170.065729	268.934001	160.765334
183.959388	256.546828	97.327626
166.281212	277.72997	252.03529
167.535625	259.521918	209.981115
173.604727	260.634612	165.498517
175.382351	269.795209	160.791896
190.297685	226.378575	79.259317
170.53451	267.888842	250.18867
170.391878	263.870026	264.576709
193.905706	209.513415	74.263588
174.542087	277.630187	254.04703
194.792684	226.258933	92.30267
196.54401	249.539128	86.035738
195.700804	226.225873	92.295727
197.14966	236.015505	96.335537
198.394169	251.879456	92.086371
185.486337	265.105486	164.679126
186.654741	236.236617	169.284009
181.702296	244.647388	215.62725
205.883052	221.975599	36.655683
192.128567	235.982756	169.417029
189.234417	273.985667	257.311092
212.605244	220.629318	65.833671
195.130461	234.493347	181.686816
197.161478	236.266903	173.026734
220.901227	242.737563	40.406476
222.363405	227.731914	44.82105
206.112001	235.176755	183.723169
205.881983	241.625325	185.297314
206.757855	248.93469	186.024734
227.019724	230.958417	47.24242
208.17084	241.054191	181.924047
207.97046	239.22414	183.69192
208.507417	235.53238	179.46139
207.658975	230.322976	187.326303
208.270775	234.762789	189.841104
208.639359	235.369514	186.389744
209.516485	232.308913	187.341486
207.506925	280.129614	249.09821
209.495594	234.390837	187.299671
206.389044	259.037855	267.644993
230.379641	246.512432	61.455789
209.56396	234.33755	195.924606
227.119714	237.898039	88.142817
211.01038	235.762714	190.773443
231.628979	228.441062	45.499629
211.182782	278.593009	257.222281
215.210523	236.139663	178.774923
211.907741	274.468741	258.144459
234.378267	216.96776	48.139497
215.191561	265.999747	201.719398
218.369792	227.417904	185.083492
215.066743	263.982176	270.405677
233.971814	231.647761	83.79942
219.056873	236.943166	186.672746
235.226681	237.992887	89.907745
222.6432	227.768786	180.855997
221.516875	228.983968	191.17924
219.375109	257.111109	227.771838
242.8679	211.422459	41.990354
223.209414	263.026749	236.845504
245.307897	229.619655	49.483496
227.651728	236.579217	186.90073
226.962414	268.928546	256.391625
226.897902	261.129005	241.348001
230.527449	236.468675	186.968446
228.416321	276.655121	251.854769
227.917567	231.552767	220.809484
227.829275	251.945554	274.440475
228.114473	243.538811	245.619913
228.040018	236.876086	242.869575
231.939264	235.950661	192.206225
233.694238	230.857245	175.822845
229.802103	231.536514	221.723299
230.168777	273.413994	251.870563
231.90568	265.355462	213.706446
231.48346	277.950253	246.451204
230.787506	234.677393	221.752365
250.088101	238.600448	78.11097
230.77335	232.55121	221.744765
232.230586	276.520237	253.492098
233.167434	243.500174	215.673587
252.535339	239.140874	80.738999
256.409585	224.503501	45.794096
234.00619	253.64705	255.34032
257.920483	240.441219	51.625795
240.196913	236.04395	177.591183
256.869576	246.660496	79.610528
237.672601	269.879554	253.409645
237.151429	264.921861	265.558043
237.631208	242.299491	249.870197
238.07683	256.052571	250.867223
259.818113	242.525953	61.954099
242.609206	233.350511	173.303763
238.610146	272.549137	260.208269
238.435756	268.258061	258.593276
239.569826	272.467537	260.153102
243.625824	240.533931	173.162361
242.729734	244.866	191.409886
261.146654	222.020587	54.337694
240.874852	275.813583	253.098029
261.46558	210.087948	64.13938
260.579373	226.311707	78.144202
243.040558	278.328919	248.561554
264.122929	230.300701	46.350765
260.129777	227.18	81.727881
243.193094	264.338536	254.080635
243.138428	264.592841	256.66445
259.52699	225.617549	91.706618
246.118929	228.491508	195.994653
244.056765	263.481388	256.623549
261.579171	214.474786	87.319519
244.879681	250.714753	243.638931
245.418173	274.112092	260.552241
250.422599	249.629061	165.902857
246.888324	279.285289	250.866677
245.988843	263.325753	256.50583
246.020766	261.958396	253.084769
246.138757	265.141543	253.897509
267.248921	237.569754	58.309215
264.07043	209.164057	73.852626
266.897404	218.896408	49.846634
249.976256	230.409393	176.095754
267.161392	238.932853	60.041244
248.501417	245.840353	192.338048
245.548902	247.040872	249.650767
246.924884	264.617865	259.83655
246.994441	263.081914	254.731522
250.619886	258.156599	182.462616
247.392244	271.243064	253.685133
247.210917	270.788795	259.677366
248.357112	271.165706	253.621679
251.457033	256.182494	183.405663
252.619547	242.030248	170.58221
247.917437	261.972205	254.686035
252.395383	261.550031	185.013792
266.16815	208.322952	79.195159
250.617983	277.012227	251.553238
268.008915	226.012214	77.979129
249.919402	262.772941	253.690396
249.935719	270.031359	264.531993
249.281204	239.263997	247.702356
267.765016	230.869879	81.489454
250.737925	258.068266	223.463784
250.610431	278.263158	254.052274
251.327292	275.507634	258.341829
251.068407	274.132171	265.118266
252.216015	276.944064	263.225253
269.512319	221.168962	78.925722
251.79415	261.670417	254.43005
256.671889	246.976361	169.592943
254.363919	256.373959	194.790156
252.85082	263.658833	254.326172
271.415744	235.643988	76.808884
272.041336	216.37664	71.773205
253.039045	233.839662	248.346145
266.678025	257.061162	118.17884
254.4134	276.934052	253.814931
253.192647	250.547914	258.6127
253.735223	261.521408	254.29398
255.79987	233.552713	196.904048
253.938043	269.121584	258.349893
254.091941	270.937315	255.753872
257.893278	255.284748	177.326366
253.756337	262.631755	255.124627
254.07125	271.015105	256.597131
254.705294	262.635806	255.899081
255.024837	273.384692	260.630234
276.384161	238.432472	58.861728
255.782934	265.726835	256.600787
256.774449	265.573616	255.682815
255.74406	269.458957	263.202344
260.727432	266.041242	180.523329
275.352305	217.218556	67.219573
274.531667	214.67194	73.528306
256.927509	269.759063	256.404134
275.466713	212.412848	72.647391
268.499713	234.347016	125.357763
258.034537	277.484314	262.666553
268.210161	229.512766	126.42819
257.876649	274.502221	263.647466
276.784573	237.193162	71.259068
260.860805	241.725021	195.961814
264.495895	245.697615	168.786114
259.650217	263.144678	253.820906
259.751361	266.30442	254.587596
279.078229	222.48009	68.810464
260.640758	264.176148	254.561521
263.98918	244.624737	194.199172
279.242931	212.028968	71.670115
266.297673	243.739212	169.741061
281.852086	230.209368	63.249699
281.682624	219.354099	68.79986
263.332741	267.0487	265.021405
282.916913	214.071697	63.526364
283.065787	221.511453	65.161199
269.52918	244.333889	167.062233
264.318044	268.085489	265.713396
284.494078	226.902587	62.352375
284.129334	226.698421	65.917365
265.462771	273.213509	266.249546
265.308868	257.580817	253.441191
267.560829	233.28666	196.952974
278.567344	257.311798	119.816862
285.514159	227.661337	70.316221
268.071861	242.203279	244.970458
280.402342	256.273734	119.822289
268.235217	268.815767	265.302103
287.779414	204.049771	55.641858
287.241075	230.027123	72.004056
287.537678	225.96273	67.620286
271.942122	248.653002	194.135094
269.871753	252.55616	258.005562
281.708204	241.073902	120.333193
289.214926	225.093244	68.488279
275.671783	252.636617	174.828239
289.730806	219.246353	60.600831
287.590304	221.0823	81.208684
270.758686	250.513655	258.737703
276.973592	241.532537	169.838751
275.094193	251.562105	192.347907
271.771479	231.55024	244.733611
290.814109	233.347712	73.61475
291.330979	204.060795	56.455841
278.083409	243.458606	168.891474
292.312419	210.465187	58.075086
292.587149	230.01664	63.824204
291.946163	222.628524	75.655264
293.191492	240.903496	71.534339
294.056359	200.520701	54.720548
294.840318	240.062523	72.405527
291.36578	254.317761	96.56492
284.419991	219.297933	137.801423
294.78998	218.804284	64.047836
293.793616	215.839933	73.074997
294.486492	215.164742	65.918128
276.835476	256.299376	258.141718
295.316658	227.503313	62.041684
294.446524	218.611974	67.624088
292.414793	242.672383	98.773612
298.803953	245.752671	62.258375
297.556321	238.764373	71.468142
297.873435	241.361244	69.579977
281.810291	231.627936	221.184997
281.291373	237.684844	233.506998
298.471322	235.285242	69.760323
281.506101	238.464988	229.403703
299.480569	241.738596	71.313001
299.891521	220.420087	67.47768
300.244411	243.154355	73.039326
288.3741	249.011477	165.124047
301.135152	235.202396	69.696366
301.100428	236.426334	70.553253
296.976684	236.752687	124.916394
303.379979	231.707998	72.458436
305.032477	237.601486	75.828887
297.85965	225.761855	130.936812
306.151256	211.486341	73.920287
307.14853	230.948765	69.729241
306.171628	209.237238	73.079389
307.074259	231.162278	70.620129
305.741913	212.603153	78.403604
305.9003	223.241338	88.107103
298.168686	247.880798	165.146304
307.175938	205.891822	80.38279
306.961011	211.885105	83.860681
308.533632	229.720845	73.351009
308.978321	210.943056	72.129103
310.449717	233.735923	73.186212
310.070331	207.000761	68.653957
309.086496	206.606091	79.455639
310.073985	228.068584	75.198353
300.267103	249.789768	164.171361
310.99927	205.738301	67.797919
311.228378	219.386625	69.193041
311.221289	222.011101	79.915883
306.333754	253.007692	128.869326
306.661893	224.124417	129.066708
307.393164	252.77305	127.932625
313.33422	217.052438	63.922889
306.382405	221.483276	131.056588
304.493279	232.126979	158.48374
308.356924	219.185434	130.201712
308.334616	218.163995	130.243079
308.40207	221.228793	130.119203
309.553894	225.0825	129.01975
315.897184	207.177583	61.589311
309.405329	223.251476	130.035807
309.169637	217.330035	131.220158
310.685065	244.216707	122.624323
309.314877	219.163243	130.20137
309.405329	223.251476	130.035807
300.638799	259.987472	253.828047
310.295131	220.163194	130.159902
301.757775	273.494135	256.97782
302.549099	275.935545	261.625328
312.551112	256.125995	124.948493
309.143161	221.840651	159.808454
312.85638	239.138382	127.511543
313.446907	228.06961	128.895761
313.028088	218.264264	131.183676
313.364315	219.67045	128.293568
313.786149	233.776372	126.784348
313.103855	217.030923	130.290741
313.644191	227.634076	127.029531
313.028088	218.264264	131.183676
313.592135	229.899783	127.880408
316.048485	249.119557	126.166448
315.925291	248.317722	127.137989
312.147533	248.47548	163.302617
315.261137	228.245808	129.832566
308.482366	271.302075	258.187943
321.374027	259.2133	172.806085
322.700805	242.108957	178.686878
322.577365	242.316214	180.426073
322.577365	242.316214	180.426073
334.761969	224.744348	51.055887
329.348149	232.927571	133.506071
325.515648	242.361115	181.306541
330.260981	257.341021	126.859191
325.543223	240.164467	180.498256
332.712572	214.312206	88.740217
329.892795	240.072514	128.522469
329.830598	241.322691	129.407116
325.268451	234.157882	183.249914
334.286134	213.318413	60.252314
330.020801	226.126904	135.682678
330.814094	233.664048	127.864815
331.165366	260.640092	127.664681
334.229866	210.448108	78.093685
330.517555	221.56575	129.302684
329.852501	216.877777	136.083821
334.311254	202.65553	75.658424
334.416932	207.156551	89.039799
331.413032	222.787753	130.206384
335.872788	204.494741	62.395916
328.22391	238.481149	184.879247
335.316011	216.769466	90.575397
335.935097	219.253077	80.55688
332.987076	245.748001	126.462272
332.404121	224.821184	130.137308
332.368256	222.76875	130.222794
332.233333	224.222749	132.039194
331.797414	217.865322	136.065975
337.149463	203.730062	72.205169
336.992395	207.668195	75.633148
337.183066	201.4826	71.387751
332.741438	216.818591	136.125226
329.474111	266.956112	185.794339
338.422885	211.156666	40.622242
333.988116	244.475945	125.598941
332.829306	226.275796	136.653175
337.329955	226.171993	71.39187
333.387248	231.182811	130.826667
337.446429	235.39626	70.970266
333.445259	229.937914	129.941638
333.28751	220.698197	130.325515
333.212195	220.911696	131.255561
333.947229	217.209529	133.30652
333.947229	217.209529	133.30652
335.076427	261.155255	125.837486
333.872431	217.416724	134.23659
334.090224	225.42431	132.958096
331.470889	247.972841	168.783954
338.783779	219.061287	76.218814
334.369328	223.541253	129.286396
334.96174	215.956175	132.436923
335.662911	235.408398	126.946738
332.723986	264.523923	167.225072
337.951946	206.307516	90.124693
336.444737	229.445757	128.146147
335.162495	218.609546	130.447211
335.30064	226.81896	130.106585
336.010137	216.752447	131.481571
336.080626	220.85506	131.309872
336.593728	234.36258	127.010394
336.115032	222.90782	131.22434
335.937769	216.962605	132.41134
336.152536	220.641737	130.38109
336.215015	229.07179	130.968348
333.466495	248.980489	168.756954
340.988507	229.918392	66.094724
336.169745	221.667599	130.338576
337.340178	230.674842	129.051765
337.244271	224.512009	129.304379
337.072669	218.572095	130.486031
337.049309	226.184059	132.043311
336.894131	221.258393	133.185698
341.130641	207.012363	60.876034
340.560614	218.793838	75.432108
337.036274	220.836383	131.329442
337.00175	218.784517	131.414919
337.638342	236.177561	126.024417
337.174028	224.728235	130.23167
337.485871	235.595776	127.915427
334.094424	232.485058	171.145292
339.94834	205.314411	86.627888
337.119979	225.970316	131.116369
336.895342	216.943706	132.429946
337.174028	224.728235	130.23167
330.248132	264.31786	238.533592
336.966614	216.733642	131.500621
342.142629	199.092894	57.701925
337.955398	223.083217	132.191914
342.078736	198.469813	59.459819
341.97748	198.055628	62.087075
341.962422	217.396351	61.421211
338.132051	216.076176	128.733235
338.09692	218.339775	129.578062
338.959538	226.147237	132.084884
340.320592	230.180759	127.272502
340.035932	220.353617	129.538758
336.63274	244.19574	165.372005
335.962191	255.261878	176.555105
331.60839	265.970004	277.610878
343.487784	229.035666	67.176484
337.994981	260.433057	161.996477
342.895618	216.270254	81.918223
344.372934	220.402151	65.848421
338.243085	227.703631	167.805203
343.477438	226.562699	89.682816
341.335003	240.672673	127.800123
337.97066	257.318872	176.48956
339.682316	251.446783	165.105824
344.021871	254.294613	100.398234
346.227322	222.19946	60.628306
345.965549	237.808173	69.567659
345.376735	213.095202	85.761008
346.432728	199.190008	58.868517
346.112318	208.123117	66.4264
346.890405	207.726967	69.129874
347.081448	227.098809	59.588993
341.514019	249.597323	166.996695
347.629452	219.56314	71.391505
336.757651	275.857322	260.996348
336.959232	274.532443	257.92824
336.850806	273.65691	259.446702
344.810523	230.966464	131.094884
343.777306	255.254764	163.17629
338.148842	274.247783	254.883695
344.282327	260.669142	171.047821
344.567096	247.163532	165.326077
346.546213	237.967895	134.573277
342.585053	230.550225	194.514052
338.240673	275.621383	267.896975
345.818125	268.801839	162.584458
347.645736	229.884093	131.219145
347.424324	222.083415	133.392492
345.512231	238.63654	164.778495
342.045826	229.798601	237.149117
351.991619	191.485529	24.199982
346.635911	220.90423	159.203796
348.49432	231.322362	133.044926
346.592999	246.977596	164.455585
350.979401	234.814411	70.940609
350.039168	218.61855	103.057387
348.809433	247.165164	129.604884
351.973121	215.170781	70.964473
351.31013	242.712294	93.06734
349.297705	228.634531	135.036283
353.330147	204.541708	56.587721
351.395062	231.055591	132.212599
350.351234	232.527547	133.977351
349.579249	251.095864	164.318669
345.009385	240.278545	239.620573
353.723521	241.80249	101.447293
352.183203	226.313384	134.282838
352.270379	234.552393	133.95048
354.046089	207.538461	92.733942
354.875433	201.446575	65.494462
350.715131	234.508935	159.608752
351.387456	251.475678	167.019849
355.408176	205.286039	76.824653
345.903534	275.280483	256.633249
355.55795	243.072561	98.754874
354.64649	247.432107	99.42574
351.106428	255.29884	189.790519
355.638129	241.062256	95.206445
351.844836	270.799586	176.890348
356.874627	220.065749	82.619642
353.900207	229.902517	171.43218
357.911316	207.410735	81.33896
360.195175	195.658396	33.246632
355.071566	222.840837	166.39037
354.361134	228.432087	198.949929
359.989109	246.387856	88.883911
361.272569	234.119856	47.238876
361.316833	232.92493	46.444076
359.220459	250.013266	148.191741
360.943288	239.507847	74.923338
358.34181	249.990956	165.377371
357.217356	255.967814	187.226408
358.956756	270.067232	172.528687
361.565067	205.513025	74.550153
360.830033	228.091134	105.094964
361.230264	237.924087	123.056683
362.379693	203.847527	79.940512
361.578666	254.15617	102.242462
360.235647	256.517423	166.913576
364.896395	212.865022	71.851171
361.618258	242.062104	177.266503
364.340059	236.67663	106.769765
360.733911	247.072482	195.308786
358.920798	231.990202	226.18606
363.683479	224.237199	131.029153
361.884541	251.058931	192.637215
365.76671	212.625959	71.029447
360.735601	232.124061	229.512419
367.494656	217.939195	50.080342
366.970911	230.86199	70.36076
366.597679	245.557478	71.416167
367.942747	226.643351	74.121071
368.427536	209.537643	71.275819
369.522323	233.769714	81.893311
370.379887	200.561792	76.048643
371.146985	237.012437	82.729072
368.698211	240.406735	193.891012
371.954982	231.729407	70.56882
370.730827	242.406869	193.011239
374.014619	250.559355	121.239143
374.927919	217.06765	127.988356
372.622893	242.514606	194.757225
375.072125	217.030969	77.470413
372.840889	252.785655	190.996361
372.486858	240.608321	197.376162
375.890162	227.259566	127.687539
376.599412	257.514633	116.495296
377.568178	202.964332	43.344726
371.827119	261.770796	254.690837
376.813958	255.797955	190.071092
381.093414	200.867075	43.520033
379.283845	232.829098	63.773608
380.505148	208.956305	74.421879
374.440713	271.288598	257.013459
382.175295	249.819936	123.422495
381.435663	241.584875	169.63894
382.232526	244.685291	123.63547
380.236349	230.917938	197.733877
380.869238	254.318792	186.692485
381.724868	250.338199	189.458701
380.766612	232.793599	208.799136
383.153168	245.576386	127.270341
378.703169	264.98622	254.458974
384.186351	215.858067	123.78242
379.538437	269.195648	255.190199
385.841772	245.632894	123.736503
385.22052	221.538386	80.318929
381.545135	263.184112	256.407419
386.678885	249.485521	122.703162
386.883284	223.405442	130.023014
386.030343	245.941849	83.842337
387.556109	248.125135	189.606993
384.824762	274.070232	261.129972
390.023326	229.573108	196.204992
387.593675	263.226634	254.606775
388.478667	264.376492	255.472791
392.334258	216.373146	80.674416
389.525079	261.337042	255.687322
389.581703	264.281615	253.955877
393.745428	235.39708	172.696864
391.733987	261.145545	252.634609
396.387159	248.687311	186.215948
391.939047	273.021318	257.925034
395.845067	230.579986	196.260353
396.551911	231.025397	172.012836
392.682392	262.229541	252.692666
391.357322	275.716663	264.200274
393.306853	272.86284	265.384683
395.600859	262.390838	252.974105
398.129283	273.14302	211.503163
394.975079	264.123889	260.273263
398.816558	208.29403	81.063674
399.653518	223.852532	193.027073
395.877345	264.268548	261.188137
395.434056	274.680982	262.308585
396.448989	264.585453	253.812704
400.003921	237.385786	190.082605
396.591366	276.460593	259.079487
396.594542	274.497656	260.001744
401.308305	235.626421	175.420436
402.213878	231.174492	173.839631
401.846658	238.785771	193.523742
402.811196	197.716211	44.766358
402.468678	225.223837	196.47371
399.487872	268.802562	263.055616
401.366386	243.308651	83.406022
404.316235	247.154435	175.060223
399.825337	270.355749	258.078438
399.077646	277.148364	264.229517
404.44495	243.815596	149.640676
402.324728	253.870839	258.039891
402.588921	268.747585	260.927746
406.428816	229.388939	195.554588
406.386842	229.556192	197.277335
402.328297	275.909865	260.561015
407.244941	225.298806	197.394294
404.143436	274.034653	250.786209
407.569287	223.67568	181.939811
404.306939	265.950608	252.828096
403.677836	272.588933	257.54176
405.610577	220.353938	73.619269
407.969941	237.877816	177.178968
403.193496	275.124245	262.347799
409.01157	233.208081	149.263516
406.317612	240.337772	247.549564
404.047764	276.298128	263.204123
408.322153	228.325329	195.604107
409.453157	223.762856	182.825689
410.693642	230.258146	175.735323
410.194153	227.349522	196.514782
411.319403	233.642476	195.495883
411.205161	229.479798	196.470599
410.563555	231.683927	220.798958
411.203947	259.105457	206.134862
412.155575	228.332673	195.648634
412.181999	229.395829	195.620284
412.659925	235.960942	179.039741
413.608944	234.67108	177.366584
414.378135	233.083456	223.496932
414.395872	235.224321	223.466041
415.294902	255.300764	254.829752
418.311959	232.422901	176.648398
417.354895	236.302067	222.622401
418.503195	248.783515	218.878024
419.018528	265.341458	204.284566
418.267621	236.493869	224.405881
417.143151	208.304621	81.494599
418.914181	247.685792	207.41301
420.009745	255.889819	204.570632
418.202947	245.917612	244.660892
420.395138	240.418461	219.944171
422.896556	227.508033	179.472564
421.194163	263.31144	237.37754
420.535457	254.113655	250.800754
422.951711	242.590372	198.831077
423.990881	232.645332	178.455406
423.844473	227.507944	179.488605
422.887158	236.684598	85.963534
426.666939	228.075925	183.812923
426.806723	231.714185	179.39343
429.025937	247.307699	171.093848
429.486503	227.036362	183.897372
428.800999	267.32665	251.719233
429.357279	238.710825	89.702295
429.526708	235.12905	48.025277
433.194617	212.533643	69.495544
438.692719	260.093619	193.230885
434.365494	239.667239	274.890466
438.674673	259.159831	194.128298
439.033944	229.079254	190.849518
436.082817	220.241359	84.548216
437.977271	275.482851	254.330176
440.83703	226.040506	191.861244
442.031487	232.891385	187.329394
441.705909	223.158361	186.008031
442.588534	261.762922	189.738691
439.356131	211.36379	88.670312
442.78353	226.79133	181.593136
444.102987	238.669148	190.56872
444.461181	257.614036	182.992358
444.728563	227.885935	189.29922
445.355775	264.562546	174.079339
445.842827	232.823044	186.546695
446.728929	230.727721	186.652303
445.344191	276.270023	248.144901
447.944628	239.960522	184.577546
450.711467	262.540883	235.797989
449.46489	273.281941	247.316446
448.445134	210.326091	91.88614
449.473183	210.029942	94.633003
453.060268	226.452705	172.344168
448.494866	245.782753	92.675748
453.617333	236.629647	197.671474
450.164254	249.626641	91.597333
450.68912	221.756551	68.465059
452.009956	249.66559	91.666539
457.12677	237.024426	172.804175
457.125003	235.237933	174.61651
457.800369	239.969981	250.327387
455.587657	240.597403	87.956664
460.753855	235.534658	170.326545
456.016677	210.567176	79.868602
455.946631	231.027763	90.361088
461.368735	223.222097	171.789896
463.60039	257.71298	203.024029
463.328649	228.122107	169.846844
461.646895	270.454973	263.274699
465.102052	224.126045	170.941613
467.433265	265.4846	205.377687
467.024152	226.204698	170.872029
467.804387	214.916301	84.76063
473.810246	262.884612	166.593539
472.761175	222.768272	96.895333
475.035145	209.126374	106.400275
481.068566	250.903191	186.431663
480.588239	228.187827	164.771666
485.3136	270.71391	242.316599
484.133449	232.796735	161.912261
481.230648	211.747472	104.721934
485.128815	242.367442	148.178388
485.772557	258.823418	158.091833
484.004337	253.328564	106.128571
485.322845	233.709307	95.991039
485.762242	209.253818	106.686989
489.552591	276.454553	255.589184
491.528979	264.760138	200.730343
492.426208	268.145205	202.316457
489.069019	222.282567	98.427509
492.741024	280.008442	250.235878
488.789822	232.79757	91.872262
495.11169	259.919974	154.577155
496.939564	240.657801	166.036185
497.025059	257.663776	168.847386
498.734449	258.17032	199.637794
499.659582	251.808103	199.179429
494.216037	226.400711	112.158919
500.330363	269.48373	199.073929
499.450115	255.588383	153.864164
497.510958	230.057099	106.030785
503.932846	265.286979	199.438604
499.186607	214.08898	105.859432
506.193841	230.989358	207.588781
503.825662	251.453925	154.010093
505.256854	259.139197	151.985009
506.110615	259.119952	151.986764
509.772213	267.438498	195.15952
507.840454	258.07396	152.017421
510.159622	245.17084	169.473057
511.719771	260.378279	196.501048
511.906052	269.20267	205.593559
512.990085	245.404163	200.089529
513.762178	251.557206	199.736872
508.033106	209.684978	103.485183
512.999298	271.102474	193.312005
511.907386	241.909985	157.862806
515.95947	239.381886	208.381316
512.807042	224.744774	158.395659
516.602898	226.729903	201.232175
513.612695	228.604184	157.361094
516.627441	261.652178	193.033461
518.162081	271.085145	194.339126
520.028908	226.557562	200.411099
520.087921	251.533936	206.914348
518.788341	224.734682	170.15504
521.132736	240.190757	207.617458
516.387019	257.557205	135.144602
521.445496	240.385285	196.133178
521.700931	226.399104	199.543296
519.442178	245.97522	169.440679
521.378942	241.26169	195.184397
518.311295	223.534592	151.982755
518.733017	258.489797	150.192024
522.288969	264.486321	204.442114
518.210427	223.353706	135.246314
521.936072	255.535688	194.380999
520.108111	232.846312	137.539591
523.544224	258.536766	194.243379
521.903808	245.578335	156.741531
525.370277	240.992212	206.78418
521.298759	247.510526	120.551212
526.3042	233.761863	207.184973
523.129016	233.675772	147.141141
527.848258	242.844739	205.837325
527.399012	230.886399	195.739674
523.125212	255.569279	125.423073
528.073449	227.66187	208.357369
527.388041	264.307773	204.572429
524.708178	238.329807	145.206751
525.608502	244.495112	162.161653
524.455224	233.151522	139.155145
525.846115	232.298994	150.676902
529.407337	247.77569	204.693115
529.615699	236.643421	206.187861
525.596618	242.659706	146.865114
525.695528	234.810372	147.938566
525.862162	242.656546	152.241372
527.33456	238.366059	173.307729
530.462055	231.345092	205.567019
526.998564	232.26382	156.061207
531.171255	242.613476	204.997876
530.576206	234.612609	193.730868
527.458033	259.652206	157.317559
529.212728	221.609364	164.43004
528.466692	218.719502	153.548706
529.642823	262.444691	167.214946
533.00894	235.671511	207.119134
529.660715	221.930997	143.630723
533.337	255.507086	202.531624
529.48503	256.930514	142.926488
533.474186	266.602907	195.796227
533.657945	271.433378	199.97955
530.930704	261.228324	160.91073
531.342478	240.019941	160.357387
530.41236	216.765428	142.806579
531.242006	219.470051	157.977041
532.792977	233.401014	168.730807
532.266396	236.147598	161.330272
536.002075	238.840742	201.630126
532.654664	227.669452	153.272994
534.439852	245.907785	171.188528
535.67501	255.374638	179.181269
533.734229	240.671803	106.750193
536.764826	230.844585	177.986058
537.719603	226.714135	190.183345
539.051666	227.840667	197.484862
537.444737	228.498429	176.148449
538.560987	235.29834	180.636677
538.453055	228.579216	189.183436
537.486232	233.812488	165.853467
537.6135	252.996863	171.939945
537.742195	225.045449	155.875314
537.856271	247.035898	161.052839
539.087434	251.45899	169.217678
540.502632	244.245157	185.901179
539.38537	227.01206	155.805611
539.681462	258.612656	136.391081
543.508598	238.14575	192.471636
540.930378	243.989785	155.566305
541.022878	229.97687	155.730005
543.572063	239.638364	183.217346
542.107293	231.897033	161.171793
542.880799	229.89588	173.184923
543.320491	249.637113	171.056465
543.984479	235.668158	177.726709
544.546313	244.10115	185.857184
543.667113	232.886897	173.130363
544.444298	231.544465	183.361865
542.967212	243.365007	163.786179
544.847602	222.55457	177.853137
544.622392	236.146623	162.915932
545.027219	244.568983	171.108166
545.994997	223.273666	182.481367
546.550761	224.442999	189.909311
546.059728	225.625773	172.200332
546.795916	226.274689	182.425994
548.060275	225.47518	177.725232
548.115219	229.649548	178.627442
547.796996	237.078468	174.850892
548.235394	228.952506	168.419188
550.522248	258.714827	201.621003
549.145927	238.2758	182.215071
550.204836	229.811726	173.925074
552.432902	239.853897	204.902266
550.183328	221.184042	158.274647
551.493258	226.836269	168.344793
551.449444	234.852481	168.33133
554.27792	223.592605	185.897108
554.483063	250.636509	179.256268
553.388977	249.22267	159.075326
555.318338	226.218605	177.507916
554.58529	232.266928	165.520295
557.487905	224.002719	152.682525
559.468158	227.760752	163.597059
559.185227	250.835334	158.15542
562.233416	226.988816	183.815923
561.741658	222.292173	155.338318
565.720962	221.00168	172.607705
574.356871	232.796854	180.005084
574.425452	241.226174	152.716815
574.437026	246.427032	160.053661
574.651407	225.341991	165.280878
574.547616	243.340027	165.503885
576.309483	255.674925	168.406887
580.233138	224.309993	178.913026
67.131891	214.252919	174.750612
71.653002	191.29353	155.403471
74.388022	190.877274	194.550385
77.483237	197.219656	172.55116
85.362952	196.258482	157.573517
87.11997	185.156273	145.433783
85.167322	216.917223	174.065193
86.104841	201.080542	169.043717
88.50628	182.821086	149.130089
86.968055	196.915508	168.049957
88.107197	199.558424	158.649762
88.95795	225.992132	166.676472
88.491513	218.319364	176.069169
88.411859	192.168779	169.952919
87.715983	184.680052	174.645224
89.1416	195.416116	164.296235
89.024894	180.767343	161.249709
89.276687	213.205566	168.381689
84.942784	203.38461	203.635126
89.895409	218.763587	178.978388
89.355181	204.817284	180.766173
92.818995	210.750533	152.386168
92.445586	199.643079	152.230653
92.427913	214.755657	164.686866
93.025695	199.125936	155.053062
89.406839	216.0643	189.493901
88.744116	189.685267	199.040596
90.121309	189.289117	186.520221
92.096194	216.184828	181.898059
94.718374	180.686802	159.641847
92.006302	199.411263	194.405256
97.180332	211.04935	153.458836
95.560802	208.081898	166.613422
95.232227	206.394922	176.18298
94.493963	205.098526	181.94831
92.846542	189.121516	193.476998
97.155083	189.298151	156.076216
95.849005	219.161993	173.394171
95.64243	189.232025	169.312845
92.006293	223.793484	202.73108
99.174109	193.259605	155.270182
98.641026	188.784172	158.979395
95.913451	207.531594	184.911376
94.428262	196.508402	195.489527
98.440051	210.922421	179.218556
100.610478	195.935142	159.137112
100.977884	212.098295	159.257768
98.994789	214.470224	175.392522
97.274914	185.010156	192.745006
96.765237	196.757667	197.516513
99.460325	212.84754	178.292456
101.037977	181.125362	168.609173
104.005273	224.581634	150.027411
101.514124	183.643168	164.820418
103.772251	215.749059	150.919062
100.125773	207.921049	179.291807
100.341759	217.784763	185.016329
99.110954	188.247989	185.077786
98.925932	204.649476	194.676022
101.780768	210.229667	173.578421
102.01135	209.867593	178.401146
101.936535	228.300985	180.186499
102.718539	215.305099	173.607498
100.89852	213.976879	186.986796
100.635387	190.537669	187.12167
101.377619	190.89043	181.315587
101.621067	221.491654	182.149276
103.134263	221.895599	177.412475
102.125221	201.328843	183.281278
102.760726	211.022505	179.389414
104.638443	196.628471	163.163927
104.188916	213.643844	168.887361
104.598577	198.745938	170.831616
103.0944	219.438436	189.836255
104.564578	220.164297	179.376552
104.743026	188.20173	175.672644
102.996347	190.78753	189.201009
103.114494	194.479038	194.969524
105.537903	204.739079	177.621005
109.11634	224.837916	151.139437
104.42484	197.518171	185.362261
105.387165	202.827054	178.591986
105.469561	229.247749	179.284668
108.565785	198.086734	152.993021
103.602506	187.937861	191.181978
104.304978	198.648558	186.316521
109.475949	207.324497	153.978741
107.492048	226.057421	170.83652
105.526979	194.247976	183.500435
104.786071	200.004884	189.225705
105.674805	211.562457	183.34583
105.450511	217.882263	185.162712
102.960727	189.108752	202.592612
107.432211	220.710068	183.260306
110.778123	185.467702	155.955943
108.697766	209.354082	173.881385
108.411374	219.590908	182.352968
106.423163	187.425725	196.145568
108.565528	224.519849	181.314491
106.72868	206.686447	193.986926
110.251882	215.77047	169.113818
106.738484	208.729934	193.94583
109.191872	213.7958	176.731511
108.372575	211.483012	182.486997
110.432683	225.675392	168.078989
109.041058	210.882615	177.72043
110.469764	218.471259	173.850982
109.754638	208.988026	178.73424
111.08042	191.362848	168.34426
111.208977	210.604687	168.245011
108.426671	185.187019	194.350025
112.413621	204.142938	165.492487
112.269836	201.24706	166.456611
108.447394	212.82766	193.901051
114.511528	207.719538	156.119262
111.349118	213.185301	179.69085
111.948041	227.586541	181.306894
110.134243	210.797718	193.994648
117.754722	189.448773	133.372235
114.194205	214.246664	165.489106
112.023424	194.999045	180.943486
113.434418	222.124633	171.041495
113.865441	184.015534	174.337908
110.720847	221.208924	195.575837
111.280647	208.13773	197.848454
114.725075	209.426292	174.138767
115.244987	198.779397	170.468249
112.263545	201.884608	197.099702
118.402364	187.184679	160.254196
116.719767	202.091019	172.422705
115.580576	219.532764	173.989438
117.675808	185.973045	165.923171
119.207426	199.258349	153.628954
112.987451	197.866738	198.151387
119.643216	194.601971	149.955888
114.930491	199.537233	184.878579
112.840834	223.572743	198.284857
117.752606	221.158226	164.587003
117.839101	209.933812	170.444004
120.161309	192.255643	160.333484
115.108282	198.600886	195.380293
117.387932	193.888515	180.270716
115.060708	224.177543	194.566389
121.241031	205.072968	158.375814
114.968097	221.841872	201.101777
121.852707	197.268619	153.804425
115.937304	186.347842	196.585971
122.150743	196.015237	158.529373
120.742019	226.618703	167.381154
121.034365	181.176467	168.086078
116.309763	192.781643	199.287571
122.911155	219.111494	158.248651
116.143193	224.280058	204.615165
123.271798	195.723182	156.716522
122.890726	185.114141	167.221089
124.755426	213.827586	150.973876
123.926295	208.979866	164.087139
118.676682	219.143653	204.802069
125.510896	214.110303	158.434674
118.683275	231.43532	204.239113
125.622744	181.054288	167.423664
127.629909	182.748409	151.497516
126.724795	190.840479	157.913752
120.577946	200.461804	204.607365
128.518163	219.291682	148.295541
122.455245	186.482281	199.560647
121.825243	227.52723	206.135902
128.381844	182.947373	166.614689
129.768332	181.475971	156.318305
129.157058	197.027302	158.89813
127.758288	187.497353	170.330275
127.970745	208.240072	166.140822
131.367367	194.330422	148.808311
123.552207	211.016572	206.842265
124.493643	225.356597	205.276733
132.631529	198.012522	159.047539
133.558976	208.643956	150.532476
126.201997	201.619881	207.168374
127.571395	218.363974	208.155514
133.53882	217.52302	167.903513
137.208206	192.765394	151.91236
128.535421	222.39551	207.05164
138.358161	183.706883	158.635684
140.688557	185.788639	146.655831
128.300512	221.136706	238.279096
134.004611	225.462643	197.847484
144.34537	180.914601	154.293586
137.116955	213.95662	207.974697
150.626194	180.220457	138.958469
137.696559	232.809274	230.020484
139.629428	213.95185	208.715527
143.149224	194.1199	200.033789
144.136953	195.042304	199.07745
146.075417	186.671295	200.315238
160.820556	182.628513	126.637981
158.519829	208.99391	163.012177
166.734054	215.012046	117.260955
156.858184	213.901287	204.427975
164.079166	190.23842	160.98179
158.796528	208.524511	204.646199
167.797017	190.845684	159.174351
171.085004	211.979062	159.393166
173.894323	210.716077	158.568294
176.714411	209.451262	157.743848
176.445112	183.119025	176.601886
179.501515	211.857957	168.324644
187.935361	182.614363	136.925453
203.301161	198.824422	84.794246
202.70844	174.15365	105.581294
193.825678	205.329178	171.271169
192.999771	203.454716	193.875372
198.612471	190.090407	176.149327
198.919581	199.794313	192.290042
201.307619	219.530746	172.721548
198.33171	206.11612	204.028898
214.441287	220.588979	187.687667
233.873062	188.698529	59.731236
218.079484	183.746104	206.39681
220.776437	193.28068	191.701983
219.832057	225.740498	189.457754
219.962447	183.649662	206.402791
222.440224	203.528576	188.971281
223.45553	194.272876	192.565127
224.494852	189.059249	194.384314
223.701993	184.91665	195.321612
241.661943	175.957561	62.347717
226.177468	215.615369	185.42998
229.536953	189.967149	180.706961
228.527478	186.656265	192.764685
243.207932	176.988235	84.395712
232.036483	216.254886	183.814316
233.580965	194.026899	195.267559
248.834523	187.968314	77.950787
236.133301	219.843628	189.882529
249.739742	203.058552	95.798792
245.531853	206.258667	137.999474
247.060456	176.614958	135.737688
250.066779	209.076723	132.473913
243.391813	212.707958	208.100858
248.645811	197.946807	184.381835
262.389596	204.305732	78.426119
265.449895	192.614751	53.734076
246.141578	221.404116	224.451091
247.997046	224.312624	196.919413
264.880453	200.715783	72.164251
263.905435	204.151165	94.704395
248.993828	215.009393	226.175699
249.001813	213.93714	226.179119
260.30321	213.63688	126.869208
248.094054	198.056004	277.082366
250.094259	217.966866	223.586208
249.951328	218.182518	226.162295
268.913315	200.756674	77.446973
270.518521	169.496706	63.708052
253.945996	218.954883	224.414538
263.667153	194.629819	128.197774
265.967385	181.213736	117.264009
273.355295	193.461754	59.672029
256.019428	204.998803	267.921372
275.827435	176.92495	58.15679
257.155404	207.501424	262.710652
271.415115	181.039434	104.219117
275.720038	175.203278	85.005721
259.922545	200.420322	267.022228
272.990142	195.926674	121.659675
280.816261	171.836762	63.47617
277.841795	170.251262	89.684673
282.315065	163.94281	54.825556
274.927855	191.63019	120.825083
280.946675	171.677455	71.49385
279.584383	170.37499	90.590406
270.090029	208.299969	168.956776
280.814489	185.420152	82.915845
280.416396	183.115143	85.697042
269.813493	220.031177	171.282073
284.917886	198.232222	65.54067
285.255874	184.647323	76.535902
286.289473	197.069824	78.088529
287.964416	154.614401	63.010263
287.441176	163.036532	69.871249
287.029886	178.140842	91.255015
280.185987	204.833253	147.573607
288.530748	180.138082	79.307821
283.234237	205.611054	130.780308
287.862802	165.985844	90.700313
288.458504	160.712502	85.369658
289.893901	171.816826	74.079969
281.128275	202.765581	147.654296
290.842887	183.139488	75.595762
289.962811	163.471949	80.686701
282.071966	200.696837	147.737187
283.036717	201.693531	147.709424
283.669342	199.666268	142.222575
283.134744	200.508989	146.830088
292.213645	163.478638	77.034868
283.890957	201.829641	148.63389
294.969821	199.750198	65.345489
295.326831	198.742631	60.919493
293.945136	186.344714	72.788699
284.483644	195.734017	143.306158
285.65011	195.362318	141.463457
284.613905	176.483344	151.503504
293.942473	180.085432	80.165166
283.836995	191.967929	158.127532
285.392184	200.353437	152.375837
278.439911	182.396235	266.067631
295.568565	171.104944	72.247784
287.388637	199.731865	143.178897
293.160514	171.334736	93.279547
287.073765	200.24133	145.946861
287.540613	203.637247	142.098886
295.05557	174.396987	77.581391
287.770839	204.298087	140.207465
294.395359	162.487985	89.896644
298.322716	189.000003	54.025049
296.364079	193.340935	77.123468
295.645127	173.043401	80.34304
293.710471	161.863127	95.49829
296.869009	157.856523	66.392907
296.083879	163.842706	75.186833
296.223252	191.554749	78.067756
294.656944	177.13692	96.807296
296.460511	188.86668	83.578809
296.88289	180.5194	86.527625
299.429918	176.219367	60.472247
297.170834	178.830794	83.82261
296.408171	166.111161	88.82868
297.664044	196.633866	82.482417
289.434699	198.924485	150.63787
300.564903	192.421876	60.998032
298.117418	162.310215	81.613184
290.300273	199.054879	151.559018
299.747924	194.857861	79.776954
300.398882	196.512748	82.461173
302.071508	188.908507	63.726059
298.778019	175.050439	93.144062
290.697838	182.588865	167.508346
298.07651	173.449694	98.793287
301.684529	187.061444	77.222775
300.943491	173.240398	82.140747
300.464671	175.377294	86.661371
303.68508	194.69283	67.159873
301.885833	195.11588	85.220077
301.795404	191.092725	85.317003
301.987421	174.955425	81.173149
303.737013	185.309339	74.545866
303.469483	163.296702	74.285094
303.172232	184.654337	79.997324
294.387677	200.103952	158.829043
301.742302	167.305564	90.635439
303.84595	165.382264	70.595939
306.051587	198.241016	60.856279
303.634743	181.534907	83.725697
304.929861	182.394326	71.012958
304.526584	192.971834	77.076823
303.053595	165.373435	87.011737
303.432845	163.493017	83.403226
303.442544	187.233933	86.323127
303.357808	184.300916	94.709169
305.51207	166.897694	81.443922
306.043669	176.876012	77.476776
303.105277	167.162616	102.818968
306.999458	179.824618	77.398137
306.697605	172.328991	79.434283
306.397217	177.204511	82.935928
306.078759	169.734265	85.013563
307.074224	167.281299	75.058699
306.22263	166.326164	83.302275
295.83905	184.334355	186.997576
307.302286	176.946865	73.857494
304.851241	164.339524	95.427939
307.102392	185.82279	77.245145
307.50243	182.920266	81.864268
308.162184	173.932466	73.946662
308.503545	165.141771	78.784104
307.149808	172.488875	92.315671
308.704263	197.959788	81.488743
307.787019	161.797354	85.337686
309.129546	170.920755	82.235064
309.710844	173.530207	76.6852
307.571457	167.425376	96.249411
311.039261	198.542819	76.051084
309.799597	167.394772	84.204084
309.235827	162.624186	89.013821
309.351948	196.677485	92.510189
308.211901	169.064328	99.000274
307.706202	170.194647	103.66486
310.195692	204.112024	85.887394
309.301608	160.439573	88.185749
303.557645	218.236562	156.312554
312.849047	195.218808	75.244906
312.164685	173.108036	79.449289
311.870681	158.613414	80.92339
311.8845	159.586878	80.87929
305.856676	203.36655	161.469299
309.10504	214.265427	131.346575
310.299013	186.05655	134.50239
310.826866	214.633606	133.221608
310.765023	211.566809	133.352038
311.439859	190.932445	133.325121
311.706196	210.521845	133.399045
310.146016	205.833479	157.78215
312.571823	210.70218	134.33911
309.843586	202.108637	160.651555
312.92208	213.152714	131.3983
309.400831	183.766136	164.167656
311.927879	171.532431	145.721386
312.959003	204.217867	148.709114
314.044796	207.355651	138.271119
312.783966	204.550714	150.542251
314.002989	202.996233	147.844997
313.048566	209.027159	158.559117
315.194987	206.94182	136.407294
315.701532	202.567847	140.387159
315.238175	202.452851	145.082512
314.47869	204.989916	153.289434
316.087167	208.140274	137.302062
314.34713	202.04339	154.342381
315.775964	206.669578	140.195739
314.802605	203.310511	149.688451
316.314291	203.280037	144.113861
316.103942	201.577604	146.063575
315.776668	203.288491	149.695084
315.492235	196.388095	151.873358
315.017153	198.325248	157.251306
314.917836	202.760275	158.851064
316.868744	199.839326	148.014752
316.632444	201.367383	150.716208
318.647917	209.872749	141.004136
317.844717	205.139123	148.692686
318.729653	199.962142	148.948288
318.221402	199.885498	154.467979
319.224875	203.213474	144.135193
318.124605	199.000935	155.421549
324.667325	200.692319	148.024199
326.046717	172.932337	138.205785
332.100505	160.393636	78.69833
327.95149	209.332875	134.511991
327.415215	204.224039	150.647532
327.932009	171.870312	138.282777
328.513575	201.711307	137.700259
327.069414	198.496462	153.674329
329.073601	208.903326	132.655771
327.723394	203.548184	146.979461
327.608126	205.954607	148.719044
327.008582	195.391264	153.825755
326.721477	200.274432	158.128642
326.837607	206.505257	157.842329
327.642833	199.426169	147.178823
327.103667	196.273036	152.868354
333.19309	200.550347	79.252926
332.552895	202.129726	89.124847
328.414362	205.172346	139.421594
329.086597	206.930222	143.099198
329.498205	215.618076	139.89299
328.712093	200.262497	146.215776
335.034001	163.585567	75.990018
330.446443	210.264502	139.208059
330.891826	199.457819	132.156862
330.208142	202.241313	140.518348
329.565352	198.352623	147.246068
329.999147	208.121818	143.986748
329.72909	206.59807	146.850714
329.217893	204.504643	152.485566
326.649418	219.946534	189.506484
329.29205	204.343772	151.575669
326.044387	205.567579	195.545668
325.858225	203.613271	198.025244
329.662446	199.211282	146.274646
330.557882	199.361576	147.204537
330.354522	200.895698	149.906422
335.64626	200.409164	82.965035
331.663653	214.985617	137.131054
331.373234	208.190148	139.313799
330.81286	204.162993	145.114281
327.321423	212.791583	192.965869
335.968462	159.488698	75.313506
331.644532	213.958639	137.176532
331.470125	209.02273	138.336959
330.695947	202.279688	146.134771
330.565813	203.656117	147.925657
329.916167	201.841548	155.355651
327.618772	217.806573	189.554297
335.29172	165.776645	84.972581
329.967546	200.653665	154.501487
332.969828	211.895492	132.57934
331.162473	209.788856	142.051206
330.069614	205.833558	154.25911
336.538344	183.8447	81.682393
332.722657	215.791643	136.170116
332.474602	211.055936	138.257277
331.191451	197.937758	150.977097
330.732477	201.078107	157.210601
328.376157	209.444966	191.381496
336.502662	169.760482	81.238487
331.571733	201.401324	147.114202
330.956595	204.929329	155.218663
330.781895	199.894129	156.360569
330.523744	201.504498	159.89359
336.831478	186.69841	77.126282
330.585305	204.624784	159.753603
336.732945	166.915509	77.747555
332.279098	205.089991	139.467474
331.604086	199.168706	146.292685
330.873778	200.782578	155.411482
330.936097	203.892608	155.266546
330.735089	208.64039	158.674871
336.455881	196.586162	84.016409
336.091839	181.488525	88.074898
330.556259	196.028628	158.348631
329.011274	204.200483	180.664126
336.777889	174.767905	77.474073
337.398514	195.325417	83.19622
330.564918	203.584707	159.800055
329.905942	188.598052	164.924391
337.148616	176.802399	85.550383
333.459053	212.062942	138.224944
331.20333	202.232168	151.68984
331.085483	197.971787	164.50912
337.865317	182.016826	74.631766
337.708041	194.943465	77.838181
337.098358	164.778002	85.099885
334.02242	212.691982	131.619512
332.035884	202.526524	153.514136
331.976941	206.980761	155.131591
331.896878	210.398662	156.794573
338.078953	162.278601	70.828341
337.527654	179.389436	80.064732
334.190077	213.293705	129.712402
333.872767	213.107492	133.482798
331.512952	209.044598	161.361003
337.681411	188.911699	78.004433
333.797791	213.312857	134.413952
331.60009	199.122209	158.209483
337.371937	164.835835	93.356954
334.943389	214.930964	132.480532
333.298004	201.863494	149.882886
333.226217	202.027158	150.795668
331.038841	202.397388	166.085884
334.739603	212.267966	134.474409
333.076254	205.610862	153.377997
331.759705	189.827307	166.628689
339.089605	164.757571	69.011606
338.369992	169.512087	80.440178
337.675684	165.892602	89.645172
334.906276	212.881253	132.568051
333.126074	204.417169	152.518634
338.411747	176.402978	80.204544
334.758489	213.293416	134.429911
331.819306	181.007495	163.529772
339.423506	164.934352	77.972034
338.224558	160.915653	93.583413
333.894194	204.862639	155.242576
339.274426	161.49073	79.913284
339.051494	189.731825	85.242666
339.607991	186.199293	75.505911
339.302358	157.4147	79.200194
339.330898	180.353965	80.13087
335.791887	213.068918	133.516112
335.645984	213.477636	135.376397
334.054066	205.588891	153.38665
333.804159	203.976382	156.190958
340.348863	184.862923	78.263507
339.962958	173.342158	83.998117
334.941631	204.686971	154.347885
341.411835	185.618541	56.266188
340.684619	192.31853	71.849156
334.650455	200.987588	157.238969
334.923145	200.389622	153.634974
334.967197	202.46037	153.538575
334.737461	205.140335	157.051017
334.560267	203.352175	158.935671
334.51648	201.273051	159.0287
333.532788	195.568564	170.743114
339.783203	196.696642	88.691304
334.941631	204.686971	154.347885
334.854393	200.542505	154.539025
340.39734	167.627163	77.024552
340.320755	156.022273	77.519263
334.876509	201.578555	154.490932
334.873197	204.840348	155.250858
334.834755	213.598918	157.583132
332.466749	184.140903	182.969406
334.915609	206.914213	155.156909
334.670168	205.286952	157.948188
334.851703	203.803483	155.298108
341.271555	197.900126	77.948499
337.71011	213.030888	133.551854
334.718043	200.841483	156.341028
341.077805	169.480587	80.589315
335.967876	200.212589	152.737123
335.760638	207.194312	156.966618
335.802609	209.271036	156.874778
340.783326	157.517473	83.80634
335.562004	207.631007	159.653865
340.264193	180.840568	93.759888
335.519332	205.550408	159.744347
341.743159	156.333658	83.009957
341.734576	185.687517	85.499972
341.28811	162.931987	89.9491
341.354894	180.124438	91.095071
334.453664	191.727677	185.228256
337.568475	203.140622	158.064273
337.964264	202.238237	152.658574
343.371414	193.057165	71.111261
337.699541	209.374693	157.790879
337.299749	197.181633	160.126163
336.319739	185.944368	170.281816
337.978451	201.060467	165.296919
337.797332	195.955626	166.388172
344.238615	160.706345	73.061719
343.827769	182.278876	80.328924
338.573328	213.948875	160.307803
343.653297	176.031231	83.205158
338.743882	212.469462	157.665925
342.901364	166.751674	93.513147
338.984948	204.285997	152.573574
338.853194	204.598205	154.383521
342.440945	164.174565	99.14367
339.766036	204.728518	155.294854
344.546804	174.050573	83.323176
345.390689	163.514753	68.582968
345.178287	157.611961	72.363184
339.448168	205.457518	159.776582
338.545142	179.913463	164.469743
336.623137	204.701107	203.008346
344.973615	170.962007	90.696935
344.904396	170.208888	91.634125
339.631648	190.677881	166.617464
338.767062	209.077145	170.25963
339.916833	194.5013	163.816127
345.116707	167.338173	88.126357
346.634365	193.5536	77.505397
346.03237	174.43112	88.806442
347.034262	164.125184	71.333107
346.560081	189.9983	79.380125
341.848147	204.377196	153.508848
346.700904	178.365777	77.054237
346.476381	166.50913	81.019937
343.08566	207.567944	137.63924
342.127096	187.296481	145.098471
341.518267	207.34921	158.812683
347.150378	173.502492	85.29118
340.864856	177.605288	172.353828
342.292684	218.718523	164.625286
347.086228	171.76712	86.251087
347.205467	165.229404	83.812053
342.582599	208.220707	157.883284
347.813703	177.251601	72.725997
347.057234	161.795748	85.758631
346.903259	176.630062	89.680386
342.66599	209.111952	156.94224
341.952417	210.740244	167.588445
342.792012	212.075747	155.910298
348.402316	178.798023	78.928888
348.263274	190.43647	81.254336
348.069057	176.450656	85.24288
342.315308	172.297544	163.082933
341.144665	178.64805	184.012459
343.040298	201.731286	163.530111
343.710377	212.204957	156.820849
349.253096	173.106039	80.055332
343.272384	188.914999	170.180435
344.744608	208.76445	155.165285
344.608762	211.292146	157.772899
350.198191	158.117177	78.920232
349.999558	169.862576	82.897088
344.362275	188.681208	168.460048
350.752133	189.574417	85.894667
345.66224	208.893712	156.07628
350.75054	162.53511	85.034344
346.793741	207.374089	153.428579
345.291938	183.211193	166.949912
345.711588	193.434363	164.770156
351.063359	194.494542	77.759461
350.923711	156.847886	81.713789
351.370172	162.806352	74.339803
346.616941	207.833276	156.131172
351.533235	193.278948	88.521759
346.17998	182.245694	167.862082
347.048004	175.741544	166.409647
345.362537	188.248342	201.821394
348.834869	205.979908	151.687824
346.881373	172.703354	167.417023
352.035469	161.632547	93.283763
346.16553	185.009161	185.508148
348.115917	182.761218	184.761972
354.666608	186.449153	78.217224
354.436044	176.179535	84.729223
354.992972	182.462636	70.425618
354.604589	190.669779	78.978532
346.662818	224.933845	227.206992
355.590891	167.000149	79.778657
355.347462	198.374643	81.461655
351.497828	218.703776	159.353302
352.076962	205.423269	161.674778
350.13285	174.8159	179.216807
356.738027	175.202599	73.387929
350.484371	176.790796	192.349888
357.349844	156.428692	80.331107
357.279982	185.886424	80.164476
357.040348	188.515782	86.290928
357.49762	178.810147	75.969487
357.271795	159.730669	81.958552
353.747709	203.489561	150.026215
353.289898	182.593579	163.48529
357.986526	168.571646	86.093439
354.714393	203.469589	150.039856
353.91861	199.001008	161.050604
358.682085	157.371716	72.382992
355.249062	203.983655	141.740192
354.056573	208.633609	162.462006
354.342657	200.106905	154.722008
353.727632	214.980115	170.185586
351.735604	179.753162	189.007967
355.345695	205.852002	140.740964
359.080493	183.885252	80.329886
359.559975	165.028335	72.14424
359.0667	193.161195	77.417624
359.672076	189.291482	57.487366
358.789063	179.057673	88.452981
355.059256	207.435015	161.626755
352.75469	204.123655	201.744084
357.382802	206.469635	138.905951
357.089813	203.102867	142.734124
356.961167	202.427984	144.604987
352.721466	178.602558	188.226966
360.178447	190.366259	70.542194
359.450437	162.176965	91.818754
356.990434	201.227452	143.730685
355.146426	175.976254	161.128404
356.085059	209.494215	161.559543
353.663354	178.629296	189.061778
353.238841	180.298699	198.877601
356.060388	208.452788	161.598768
353.632332	187.606067	195.447282
357.247597	202.55966	139.981741
357.402738	199.596942	152.054051
357.972443	202.236207	143.707364
359.004127	203.068546	142.770427
358.778985	200.51021	145.631379
355.244624	174.600496	194.119242
357.638872	213.828351	170.268077
358.650328	202.037427	148.322631
359.156334	202.527229	140.021075
357.836229	194.367343	158.583527
361.947052	188.565756	71.576075
358.727526	200.678345	146.543232
362.395774	172.177849	88.869922
359.636336	200.826343	147.46871
362.156715	164.344366	92.749957
358.965786	196.149075	156.72837
357.446539	201.832326	186.901849
356.49213	178.702907	191.572701
357.039162	179.241775	201.458699
358.823637	171.752351	161.32179
363.412414	176.373428	86.110283
363.379849	173.667927	87.086179
360.039225	203.658566	158.246606
362.707573	194.211296	104.413723
364.309969	177.351345	86.124606
361.579684	201.818763	147.459964
361.277724	198.337314	151.240762
363.682155	192.734481	102.682301
360.506331	210.606941	170.407623
357.951891	178.181082	202.328859
363.201553	212.517481	138.816255
361.452361	198.897013	148.485594
366.345825	169.849335	55.81977
365.172721	166.861467	87.422031
362.847055	201.800692	141.968938
361.556769	186.782551	157.118702
359.144159	177.885837	197.413365
365.457049	173.778223	80.107464
361.975324	191.2582	152.43362
356.058786	221.360264	276.951064
365.21344	166.634183	86.54343
364.545037	188.969427	103.731386
362.394976	202.284438	150.194129
359.050986	182.50123	203.101208
365.464848	176.484353	79.142043
364.763703	203.849234	95.212062
359.334379	182.128146	196.501979
359.37356	184.321163	197.285643
363.91102	204.67656	140.963104
366.145628	163.518539	85.824921
363.565841	202.645469	146.545335
365.882008	159.837907	90.434615
361.168192	185.627253	202.275143
364.726765	202.969308	142.883258
366.747292	169.203732	92.754941
362.021954	214.63274	220.854878
367.372522	196.233622	100.941447
362.889887	216.936995	224.139498
364.180459	195.201912	186.30914
362.80144	223.507196	227.302155
367.998936	186.11649	108.495584
370.592016	176.64002	55.866045
368.333621	188.922586	176.345507
370.983069	197.203193	101.070629
372.506485	173.300151	54.311321
371.584503	173.803979	107.197687
371.928876	198.477821	98.378676
369.094396	205.25701	171.547833
371.893237	202.482971	98.272709
371.841204	178.579126	102.512339
372.560448	185.107702	108.687932
373.54164	185.644037	106.891456
374.546857	192.895756	104.026575
374.61069	199.452177	98.464626
371.640949	209.159725	204.700149
372.162874	222.686261	199.438944
370.786641	187.958633	210.040173
375.452772	191.895229	104.085149
376.817414	170.91201	61.498101
370.826939	182.197725	203.448173
376.982798	164.507508	86.224667
375.88616	179.699301	115.341868
376.451843	191.738727	128.776071
378.121421	173.912875	103.779918
377.896873	174.259621	109.198037
377.749482	183.875382	116.184824
375.137555	187.147288	197.600035
379.136944	174.213338	101.097821
376.088656	173.574638	161.293149
381.269086	185.449664	36.188848
379.847049	186.081125	108.906209
382.040446	172.239773	117.60038
381.995764	176.982475	121.095622
378.296483	174.453971	202.988028
378.86987	185.024986	199.416678
383.206479	204.966335	124.953618
387.60418	177.857416	44.27315
393.241853	180.363438	65.0728
389.706525	187.81485	195.390311
391.652029	217.847227	225.589472
392.54741	216.904964	227.351679
393.578974	217.926727	226.525612
394.608675	218.948606	225.696178
394.640499	218.885971	224.840572
394.608675	218.948606	225.696178
395.618244	218.896482	224.878476
399.653518	223.852532	193.027073
399.511769	223.183666	197.344567
398.63254	222.091103	224.081875
401.679659	189.452312	48.432554
402.393111	176.77996	58.295105
405.118076	157.00921	79.158454
400.256467	206.498669	262.105706
403.336897	219.218524	227.748088
405.882028	202.147516	122.98774
408.84368	210.888206	191.774501
413.060517	185.998871	105.369427
412.939122	196.053967	193.157791
414.583272	208.001695	184.249538
417.394439	190.803276	194.325545
418.395968	191.876454	194.318389
419.432531	183.576214	65.342359
420.353885	212.870279	190.214628
423.568149	171.117844	69.325012
424.446649	218.67489	184.955075
422.34029	178.188645	197.590395
425.463705	220.894496	185.755569
424.889641	188.451351	191.270307
426.39099	222.755529	192.569695
424.983218	175.109335	199.553006
427.744221	207.438296	188.870003
428.642092	188.898378	196.522146
430.018949	217.389866	191.971239
430.440373	204.368705	189.926377
434.850704	163.942043	77.26096
434.103523	186.47582	87.299639
435.792161	218.123379	188.647509
436.700545	217.17856	189.564038
436.045791	172.344565	95.978022
437.697372	209.996653	132.891423
438.811675	222.067425	185.987384
440.598463	219.460192	190.419141
439.709503	164.68059	87.477582
440.952382	205.845485	192.759685
443.533862	221.183679	186.993258
444.448997	220.251709	187.913896
444.978238	210.470867	195.227318
451.558636	215.548065	163.213072
454.309099	208.883499	174.056982
454.901464	187.227691	250.662797
452.594117	181.193527	103.904835
453.855786	178.086559	205.040091
456.155925	212.746812	165.186342
455.505893	193.577726	177.471162
453.531545	195.508322	270.969927
458.317094	215.160316	173.855341
458.162106	185.749302	204.764641
460.285191	215.700555	177.355011
459.385178	203.291303	94.513729
462.710863	198.838758	204.147818
462.924324	213.104075	174.060908
465.699362	201.764406	200.70828
465.54869	209.732272	172.531748
462.143672	175.110267	93.023171
465.133111	177.244607	153.483297
468.122617	192.219204	202.239289
469.313374	186.507812	100.936858
471.128647	170.451362	155.474361
471.979901	185.669177	70.139194
472.164156	196.891412	104.179665
478.209098	227.238256	219.974959
476.856073	192.712214	205.057725
478.951365	193.843413	251.332629
479.434313	184.762292	211.447382
476.266886	178.806976	100.600444
477.545243	200.82383	104.19628
480.752538	191.38735	160.117493
481.168169	184.047487	158.559203
480.040341	204.35974	98.009267
481.287857	178.428572	128.655947
481.398176	207.826601	109.258397
486.794329	198.750368	208.416802
482.970976	173.291849	133.130526
487.769534	203.881576	161.369269
484.753012	176.462319	128.65674
490.400238	186.963248	245.489809
497.353351	198.86265	225.107088
498.42088	182.308771	213.696989
500.93613	189.23482	242.997864
502.730171	227.15386	259.291269
504.348781	197.208373	202.214714
500.861354	203.012177	128.498018
503.620524	191.961874	138.179831
509.609831	179.06908	200.041579
504.405892	181.712694	125.400454
505.856236	179.677039	141.731124
511.185353	232.141426	255.782964
509.219409	217.552486	157.786095
508.463174	182.624325	153.967576
513.803886	211.057647	201.862923
509.51669	199.978173	143.920754
511.883423	204.308157	163.496958
512.181518	201.957027	143.779451
511.97596	189.765782	148.367015
517.654151	212.055454	208.848452
517.366584	213.163782	201.830487
512.171641	177.665522	147.551671
513.076701	193.901147	149.156602
517.002951	203.361492	199.471415
513.879122	193.747978	148.23296
513.568751	179.757924	154.599418
518.490318	182.139567	197.030329
515.13369	209.402217	146.168528
518.422695	196.854404	197.800529
517.740451	187.598662	182.127457
515.563856	185.620925	153.567427
520.488306	203.385251	199.44757
515.55686	184.120362	138.602622
516.252042	188.749694	148.16053
517.106786	186.988551	162.558672
521.380844	204.434561	199.413409
521.604066	191.563017	196.877688
519.238313	196.058875	162.394744
519.668685	206.319895	151.377054
524.461406	207.635553	207.300081
520.316188	201.157691	150.521454
522.587485	212.93427	154.75642
522.089239	194.891351	154.977759
522.028425	185.427865	146.10522
523.766324	200.357965	163.986562
524.489266	215.392945	157.36519
524.433028	197.186345	163.052425
528.491394	200.210799	206.500083
524.213955	207.054598	155.678583
529.661152	211.936179	208.022821
524.111822	193.528648	146.849177
524.967929	205.890789	154.754897
530.944045	185.110976	201.916736
528.488496	216.894183	166.376559
528.180444	209.387435	163.712399
528.13721	198.847794	154.658797
528.847898	215.80505	159.937307
532.287957	182.751278	199.054917
533.839451	218.00405	206.911936
528.469992	175.200498	163.636838
530.107034	213.845885	166.359501
528.363078	176.811946	142.269911
530.406068	200.906624	149.165361
534.92052	201.719116	201.773546
530.083364	191.778925	148.319655
530.706081	200.821234	154.527639
531.855552	194.113858	162.663615
533.475038	178.936607	183.89676
532.215896	215.90862	160.727269
532.153306	199.424625	164.499997
531.58406	183.482291	165.365543
534.760297	181.87756	199.7832
533.482671	198.678265	159.840783
536.322751	179.043656	201.433874
536.322751	179.043656	201.433874
535.992617	177.592666	197.735619
535.537658	210.921696	173.623211
536.311999	188.286722	193.290447
537.541947	213.948161	200.611687
537.380376	210.603125	198.842583
536.196624	215.50781	170.755734
534.401653	176.851302	175.29495
537.793517	190.874107	189.464692
538.979396	209.558307	198.776148
533.373223	175.134877	138.566062
538.454778	192.995729	197.859581
539.088531	191.732423	195.941648
539.277581	187.819513	189.299614
539.924466	179.256147	193.726253
540.225176	184.348068	193.840337
537.071633	200.656227	147.972801
539.195786	202.903712	180.983934
540.115359	177.777396	198.317969
540.184073	179.221679	185.246791
541.153764	210.021602	194.961826
541.496597	188.909874	197.566716
539.740086	204.48534	165.054775
540.23065	194.10807	176.126639
542.70704	184.481355	194.572735
541.264315	199.282329	177.062789
541.012518	217.266074	169.624717
540.264187	187.837151	167.643764
541.88655	178.458052	186.963612
543.274758	221.349586	189.154324
540.994187	211.117487	156.765042
541.379225	201.58985	165.884072
543.064293	197.355804	191.993942
543.404555	208.695078	192.975209
540.270604	180.430887	158.425651
543.310705	216.417694	190.14104
543.103031	215.993607	187.346929
543.569531	211.002367	194.821152
544.512555	191.364019	192.721108
543.535553	208.963487	194.829163
544.85492	195.814124	195.576669
542.573085	192.93351	175.021636
544.202892	208.681395	192.927625
544.382615	188.312961	192.662998
541.628948	195.398765	158.508848
541.919553	207.551721	159.460361
543.008074	196.641018	179.747396
544.554962	214.658281	185.406139
543.387812	219.063942	168.601212
544.930801	212.45942	191.013432
545.065665	208.801855	193.807619
545.356664	184.963233	198.084415
543.19284	204.858847	167.665078
545.907749	204.981003	195.602036
541.416273	179.200304	145.100221
545.060339	180.109765	183.934067
545.549503	209.121649	189.10748
546.215073	192.497821	193.547805
544.626658	209.16439	176.00706
546.091971	189.448371	193.4887
546.528903	208.500941	191.85371
544.479834	198.225168	163.863427
546.504663	216.340053	189.981888
546.448729	204.437944	191.835918
546.025948	205.513678	185.305384
545.193497	179.472912	186.718479
545.900284	197.549932	186.160102
545.871563	204.225238	183.422951
544.773606	209.542317	165.768928
546.380611	185.65515	187.745178
545.823669	205.096925	182.492836
545.96312	202.47727	185.281054
547.012261	183.282268	200.669012
545.440812	179.212783	177.328059
547.371546	207.604765	192.731301
547.423265	189.822635	188.711476
544.816863	175.900876	149.286851
547.708382	210.534466	185.238764
547.974123	211.094824	188.973315
548.816837	203.379387	191.670475
545.93843	210.999739	156.581359
547.589871	220.199271	182.435705
549.187684	188.290162	192.279885
548.626549	202.97564	188.871575
549.926773	202.124087	197.159788
546.638027	174.749779	154.461815
549.265259	207.463596	185.131511
549.762828	211.470565	191.674074
546.503271	171.765837	154.431946
548.411339	203.603791	172.969868
549.384763	184.235478	184.66116
549.37481	205.879482	174.811903
548.878301	206.616995	179.519545
549.460917	214.923573	174.878134
548.904632	188.093155	157.194863
550.85938	211.316205	184.139925
548.649333	180.118665	157.098613
552.195747	198.020105	196.936896
551.275843	176.868422	197.314934
550.090305	204.190107	158.216655
551.092491	209.611715	160.946114
552.329374	209.975523	182.184275
552.566767	215.442842	185.016756
550.688196	197.576016	154.541193
550.974216	210.160194	158.224816
550.221075	188.233397	130.216798
551.993479	207.883937	162.726771
553.559069	215.845764	187.769917
551.601792	214.063961	151.895801
552.876222	204.152483	164.482977
552.143449	193.178464	125.059151
553.245233	197.646854	155.349311
555.203008	176.61316	195.142706
556.044051	212.013735	189.48357
556.023813	199.437571	193.003179
556.115968	213.162794	190.42041
553.906711	201.087602	146.474554
554.887174	196.4431	154.392152
556.097081	217.056198	189.521787
555.667678	206.170479	147.325177
558.420109	213.803125	188.46437
557.131056	201.448698	167.031108
557.478133	211.338822	172.687974
559.316559	208.149595	191.129036
559.731544	190.125988	191.600933
559.263114	200.357071	192.833728
557.981094	185.559088	173.967657
559.419409	216.212582	191.227287
560.16586	211.143797	191.134888
560.033355	213.742092	188.39501
557.977303	184.488742	132.593155
561.142643	216.431629	193.007074
559.636829	215.207673	166.236672
562.587478	211.051028	191.027615
560.470083	201.32093	166.918509
562.253556	208.191835	185.431329
561.025392	205.948745	158.822122
563.301399	212.251395	173.447326
563.980363	213.291316	186.382806
564.16747	196.86276	147.127801
565.134524	202.956655	136.685321
567.496929	213.211401	174.282384
569.969132	183.515028	182.5951
569.33421	189.496814	146.150875
569.816763	196.35373	169.294905
569.426293	189.154901	155.753951
574.87855	196.654017	166.522924
574.645416	200.416566	153.23881
577.876999	210.02091	182.276959
578.580544	189.249513	183.493736
79.576646	173.951701	152.483437
81.849729	175.973113	158.110801
86.514139	155.169909	166.562983
88.524207	180.445516	165.966786
92.167228	152.657412	155.66875
95.993196	178.400519	164.434207
99.722283	175.33452	163.687178
101.806772	166.56318	152.515398
103.472846	162.868497	154.476426
104.778137	167.36024	150.861322
100.046157	176.788776	191.882113
98.418518	166.20947	207.795407
100.108367	176.464243	198.630086
105.128737	173.33326	156.481817
106.666478	156.295938	151.009844
109.793189	150.963552	137.700596
108.631388	163.588567	158.582397
109.687016	160.435794	157.715916
112.007194	173.345103	143.983345
110.486441	162.619047	158.720281
105.429215	176.98838	204.596106
108.914931	182.394074	177.889181
108.449139	176.725723	181.735755
113.174282	160.788102	159.862313
114.264327	163.567672	158.075866
115.006223	169.792368	159.087149
117.734126	139.265822	133.946098
114.458427	164.238817	179.148958
112.686677	177.544314	189.798243
114.799274	165.303788	189.849303
115.967249	161.497367	182.142699
114.285409	181.23396	196.570258
115.678013	182.915457	192.822145
123.807972	174.050294	136.613216
114.985228	167.762674	206.837223
122.733973	179.285954	154.933954
118.010341	175.456308	190.110771
121.736233	161.457324	172.921469
123.79364	163.327692	163.532109
119.932547	175.84978	194.969101
121.745258	159.325575	193.116789
126.236026	158.491417	174.19492
121.970105	171.630396	194.133999
126.561685	173.054521	168.485796
128.323724	179.138112	160.958103
130.391328	166.929445	153.64475
125.174466	176.751719	195.160612
126.484686	164.997366	189.614091
125.358866	176.091893	199.814399
135.143994	155.784332	135.692663
130.693348	153.142959	183.102525
132.334933	172.658248	165.986541
128.662224	163.186623	193.510449
128.898455	171.919477	200.869296
137.28546	146.330989	144.951538
135.069113	179.474114	164.174807
131.268414	171.951911	202.718807
141.311342	144.713144	141.566762
142.28712	145.562627	140.710139
140.590797	155.880327	162.757367
136.194882	150.772947	195.70424
138.816843	146.351267	192.063354
142.286606	144.232236	167.562474
136.421216	169.763913	204.590401
143.883212	163.903579	162.891097
146.244718	152.613034	162.133978
149.544531	177.955708	149.007938
142.287628	158.146888	205.769169
145.240612	160.898467	203.064792
148.754827	154.366863	200.56327
148.455584	146.766422	212.134972
150.38709	164.399757	197.599974
159.566039	171.396552	141.217594
163.874041	141.158756	123.842517
164.68544	138.463062	125.696879
155.372084	150.087617	206.868958
163.843425	164.546025	136.90624
164.527863	152.695327	151.711803
172.996566	140.207901	143.923074
174.532169	146.154904	196.269294
180.44386	167.332965	153.537041
185.224226	164.873499	151.810164
178.962931	178.404961	201.465832
191.073884	145.490188	130.583259
182.077842	167.805533	204.543288
193.520067	140.49626	125.36545
192.942481	137.672812	132.655495
183.875432	162.229748	200.500962
190.583509	168.405388	149.930057
195.591427	149.00451	128.706305
192.304265	167.428784	150.868811
192.48504	176.686586	152.44738
200.019164	143.957989	102.039685
197.451248	155.994795	150.296267
192.247392	155.205356	196.285965
191.505692	176.30257	197.759179
198.19097	158.975545	150.211052
199.494773	152.761753	149.495902
205.423684	135.206062	133.795574
206.564708	158.210598	147.538524
200.708965	174.201027	208.667222
211.775013	159.013261	192.083026
219.076463	147.016461	144.391132
219.725893	149.027621	136.997168
226.22249	129.223449	143.5524
237.624381	153.50725	61.068971
223.807891	147.438413	210.217686
236.745505	138.574062	72.262269
225.783672	144.212549	211.18589
229.114512	163.627797	162.085661
227.5475	166.20823	206.897973
233.173514	161.403715	221.493986
233.886311	144.505531	224.528174
251.037679	144.653838	105.306549
248.264019	154.693128	138.274431
246.427008	138.070788	211.404908
249.790632	147.381401	209.394659
249.839371	142.202092	212.09417
250.081878	173.589666	201.022072
254.282053	147.315321	211.119584
271.243486	150.573739	62.46809
269.444286	126.436325	79.908825
259.686549	148.860226	176.758829
273.250654	136.713157	79.254069
264.298727	148.25745	188.725245
263.064717	167.790031	219.973572
268.609239	130.792228	177.124283
279.619861	126.671297	69.893615
278.917941	138.095745	78.24795
280.715686	147.906803	70.506372
274.403191	152.682532	134.490791
278.990562	131.735332	94.254134
279.495102	153.181219	97.701377
275.219477	165.809426	133.926283
280.026203	147.749275	125.3694
287.35093	147.135435	85.981298
283.427375	146.067843	128.420136
291.698156	156.545164	80.948686
288.402957	130.032739	108.542946
290.801808	145.432341	87.922612
291.358936	133.232596	90.523514
293.816947	154.836471	78.277961
293.237001	150.092805	83.075348
293.497944	132.561018	87.801636
293.213223	151.982165	91.294849
293.612084	133.32672	86.825225
288.032006	152.343409	158.250602
296.883833	141.04023	82.660243
298.407128	148.616409	77.658355
297.237056	145.129254	87.963914
298.175703	146.146059	79.617742
299.969465	155.044958	71.901018
300.02575	154.000182	80.139858
301.153801	142.542279	77.088695
299.958321	150.070066	88.633288
301.648996	153.381819	82.008506
302.471017	140.611156	81.801593
304.111448	144.899701	75.145943
303.690281	147.843478	79.55087
303.243667	137.906108	82.903485
303.156851	126.940954	91.094034
303.507598	129.266555	88.137071
306.307145	144.967342	88.974588
306.295646	145.82849	97.344452
306.973034	150.34046	99.916637
307.388067	143.433373	95.626
308.790241	147.436752	91.653854
307.524173	146.996375	102.963443
308.464099	141.849038	102.352743
314.923826	155.913561	86.630497
312.998138	149.113168	176.206536
315.453255	139.714553	166.624978
325.225059	156.52071	180.776942
332.701829	146.739543	91.394316
326.827553	141.010262	153.304506
332.253133	154.028616	97.447076
328.063649	172.16923	159.549079
329.024809	166.703921	158.067443
327.328318	155.151324	177.576362
334.765327	150.525251	99.615888
330.738817	161.966501	147.379364
336.029564	143.178876	84.399956
329.653213	155.634103	171.728514
329.103595	157.465204	180.732284
331.672488	170.346983	162.313223
338.547112	144.733288	87.168412
336.99417	156.701262	96.535408
332.412575	158.638275	161.200911
329.263715	146.034645	208.277973
338.41041	154.214601	90.263142
337.377439	161.367028	103.765391
332.608284	169.281303	162.370512
338.490346	145.892891	88.008725
339.606643	153.352864	86.700046
339.638521	146.230407	85.2945
332.408331	164.516947	177.128535
340.693465	155.806676	84.798428
340.63997	156.987024	85.645255
334.083524	168.915867	168.481902
341.801684	145.208123	80.917859
334.936802	169.078372	170.186782
331.566126	156.339882	224.376767
341.383842	146.43555	86.284572
333.980548	149.552274	176.20245
343.124303	140.988507	74.924557
343.047908	140.247886	75.871723
342.115487	153.023905	89.587856
335.218595	161.26785	177.275037
342.720084	146.155576	80.910914
342.585449	121.861287	88.189616
337.012499	167.699688	167.678063
336.398818	153.196371	170.150871
345.399696	147.116552	68.422408
343.113875	149.719178	88.000447
344.305344	118.107319	78.547306
344.610338	151.73635	92.53484
339.149249	129.904105	158.52867
339.991219	166.388532	166.008453
347.467639	127.816683	75.215446
346.542904	153.453563	91.614323
349.276961	149.336012	78.407736
348.561595	156.879092	89.707959
339.681574	152.513951	218.003158
348.195932	155.870742	106.322345
351.272226	151.557908	75.727524
350.363436	151.867059	89.167873
344.220884	151.638311	166.779426
350.609751	151.01845	85.604309
350.403583	155.811088	101.767158
344.662312	171.321874	187.542743
344.042715	166.497701	196.596465
352.58651	117.720957	76.305254
351.229841	149.789521	101.23998
351.959227	150.598499	92.052756
345.215507	126.080427	163.125286
351.34143	117.251919	99.122653
352.689269	142.975607	92.57224
346.161621	145.112996	178.025409
354.05172	154.758648	89.204835
353.403409	114.982068	86.583343
353.918643	154.230953	91.037106
354.14684	149.348159	86.800301
350.284547	152.7846	136.749213
348.540139	164.196377	166.956381
354.345856	152.84481	97.511142
355.225183	144.741852	83.5271
357.45925	150.98539	61.096672
355.817851	133.715164	85.20996
348.467554	163.544367	184.569888
349.283305	170.405272	192.502261
355.454151	147.018399	93.355481
352.818101	159.033922	131.656816
349.435605	172.446659	190.816788
357.039504	148.738729	84.292494
350.20427	146.956963	175.443294
356.677929	147.917813	101.584352
357.004284	137.55308	94.077694
351.918239	157.037919	169.876469
350.781283	130.589884	167.961307
353.018401	173.679738	179.269383
357.076318	137.74784	104.163563
358.489988	146.016319	89.036351
357.757302	134.107991	105.397458
359.912369	134.273801	79.071918
360.885558	129.103317	76.786974
353.158361	154.637903	202.75674
352.770963	162.918732	219.020681
359.68692	115.149658	86.888578
358.155086	157.280973	122.422731
354.518419	155.164956	173.349414
354.914702	157.068404	186.481252
354.501454	156.43861	195.425615
354.947847	171.605818	198.285866
361.270015	145.840869	88.284588
361.31807	139.595327	85.986377
361.109638	139.25903	88.706678
354.458699	158.726321	198.60637
361.60288	147.6244	83.70535
360.00404	140.489685	103.150834
362.646065	142.124981	80.502632
357.697589	161.903817	157.375013
362.142764	156.202899	91.340516
358.63958	129.612615	124.421287
361.725457	124.994686	98.026907
357.082437	171.330979	194.233453
356.083078	157.907709	206.0158
363.944117	155.260841	91.472599
357.969523	173.665557	198.304463
356.827404	149.147117	202.993499
357.402857	163.188392	226.776015
358.132555	131.86059	172.905333
358.062959	153.311827	200.46459
362.397544	125.461269	110.907839
357.618886	159.488415	218.450645
365.841703	147.964469	73.223137
356.796854	168.718883	242.729058
365.638891	115.931691	80.746991
364.817565	153.361121	91.613311
358.139329	156.599786	202.008951
357.830085	151.327832	204.59022
358.671577	160.499677	217.636844
359.556779	165.057608	199.367931
359.851065	151.172388	202.199132
365.972502	117.365646	87.911649
367.689749	155.80747	89.81592
360.696906	149.028971	203.097114
367.523424	152.436329	91.780238
360.857914	153.356414	203.802699
367.349565	157.335238	96.007808
368.204699	152.349765	95.411436
364.074573	162.420395	162.645313
362.680193	174.897278	204.183394
363.825282	153.759028	159.575948
367.63315	123.016074	102.103095
368.364548	116.088545	90.854759
365.430107	163.709306	197.071702
364.634298	144.538307	225.72753
366.426507	167.058817	200.31628
369.968905	125.041798	107.521233
367.330564	168.265174	203.631641
368.215685	164.934758	202.074165
375.7821	155.146261	91.054567
368.203975	132.202608	217.680464
370.092637	157.277431	224.086837
370.650307	148.715348	225.93731
377.262992	135.544891	76.19012
377.569076	151.167351	90.434885
376.206391	123.326373	107.883482
373.263376	163.771345	224.964516
378.91713	124.912136	86.908567
376.425196	125.998453	117.750786
379.141095	141.825324	91.060532
379.497357	162.369602	108.830557
374.31629	141.622625	184.099462
374.763761	151.681113	222.67782
381.00503	121.972681	81.786612
376.546536	161.843868	209.923297
380.64809	124.73739	109.731166
377.445128	167.846847	221.662692
379.022852	147.64472	151.01097
376.541265	129.174996	224.698524
384.005732	164.185846	144.677757
381.607314	148.904803	212.924039
380.980253	155.393518	212.75004
387.43287	128.241312	117.840316
394.49948	138.62503	115.304939
399.490525	167.049468	131.061015
405.794083	161.230302	126.000217
404.912114	171.917784	201.364922
406.858518	164.341607	178.764174
407.597253	164.288621	245.140672
410.263562	161.447753	127.042753
409.447949	140.760229	140.997069
412.982295	134.345215	192.677486
415.100105	154.209213	213.387838
419.612435	137.187399	69.0764
420.752798	155.855081	104.086118
421.477055	149.827131	227.861299
422.883454	132.684628	112.228035
423.558744	140.851225	126.059246
424.653479	136.210436	115.634024
429.704083	127.562002	70.327893
430.770496	149.868137	74.152395
433.533541	133.068069	133.166094
438.713729	154.771565	89.75197
441.133661	172.184924	172.678249
442.082755	115.986789	85.730817
446.875956	174.440411	201.553906
448.31965	141.428523	129.633123
449.910196	136.853014	98.081468
451.506731	135.797976	131.699441
453.565034	138.041882	120.296338
455.704549	137.798256	206.537832
457.93208	141.112331	208.965736
456.792549	128.635345	207.81524
460.426542	151.686296	132.987271
460.182547	136.552073	101.261164
462.806558	159.076041	93.824036
463.329699	137.274206	210.956109
464.659308	141.472397	210.803184
463.962882	136.4766	129.994923
466.786986	154.483487	132.06177
471.894153	127.712601	215.542815
473.509798	145.815654	207.392441
474.010837	131.597908	209.536774
475.415319	147.528245	261.826103
479.486816	172.360414	206.295197
474.262888	145.601496	132.1992
474.658079	153.073065	129.428839
477.541624	130.666849	206.915406
482.27751	169.627757	210.671929
481.812968	134.186133	211.918561
484.590501	168.439616	247.640235
486.050501	139.402206	210.014346
489.190669	168.449641	140.013253
490.531139	137.733469	211.61915
492.418367	138.75444	209.811991
492.742052	168.433097	139.861942
498.639691	180.558806	244.03957
497.752866	146.888655	205.158719
499.380672	167.980737	150.085904
502.028513	151.37991	207.588443
499.287593	150.941802	157.226516
501.373514	144.455086	211.119858
504.481095	146.853636	213.556819
505.236464	150.499265	231.542351
503.892842	168.238225	151.606454
505.382251	134.612684	209.928825
505.37856	162.623824	154.194017
509.837359	156.904843	207.221077
507.374024	169.847857	148.731344
509.856485	147.999401	210.673129
508.88913	171.245238	158.499867
510.460227	146.831084	207.975136
508.954651	159.469635	160.255067
513.281326	156.057252	207.025885
509.445649	158.654084	153.907633
515.903797	165.262747	205.194834
512.788399	144.492067	177.226041
513.606272	166.78272	130.21162
518.508535	168.038114	200.590502
517.56863	164.258669	150.740188
519.975475	155.885334	189.104064
519.651447	154.604249	186.279111
522.259857	157.322627	182.370953
519.848377	153.055891	163.011414
524.336236	164.429553	202.864127
520.379516	154.070786	105.885797
525.879942	172.592152	202.029361
524.143079	156.757048	185.944722
528.685069	170.987289	195.355916
527.154615	162.669774	183.983704
524.802621	149.46854	165.283094
529.754704	165.748841	193.244301
531.132642	173.978189	203.520029
527.706305	168.421171	158.15585
528.840084	160.446533	157.975594
529.720119	159.707498	159.696257
532.154009	167.909153	176.194278
529.310097	146.730221	152.480267
536.048988	173.201525	204.030904
533.904353	154.807745	183.085592
536.453245	169.0422	202.945603
534.54308	170.964244	155.066733
538.736104	177.258829	203.020397
535.008412	154.209115	149.607711
537.831653	155.930888	192.074568
540.788695	173.126798	201.791455
539.474902	169.136489	184.981476
537.003539	160.077326	132.488015
537.33265	158.674637	159.175793
540.350534	167.188884	156.458141
541.143889	166.18137	156.400073
543.144315	167.440987	179.002463
541.781332	165.318719	151.086623
540.585667	146.37093	139.119288
542.933349	170.413471	151.952321
542.122982	154.363958	157.06828
546.469472	167.544934	195.490839
546.223713	166.652285	153.508038
551.275843	176.868422	197.314934
549.874743	153.911072	154.954057
554.848465	173.993635	190.423681
551.842152	158.395281	152.327849
553.330067	167.462303	159.352779
552.480124	153.688603	153.990093
552.683787	157.518229	153.152417
553.170175	149.538434	159.107604
560.431628	171.764391	189.046773
560.828282	164.876487	189.674131
562.270695	173.981854	190.877427
560.195188	148.278145	164.941223
566.66375	152.70582	169.231168
114.085881	117.147186	173.79195
130.51918	110.084845	129.280866
137.48296	96.642136	197.082536
155.80167	137.316413	243.337634
157.537598	136.414502	245.822337
169.32511	135.960873	250.78561
190.318246	120.62823	201.66934
199.223952	112.635942	130.116598
199.025756	125.229239	139.543566
216.54728	92.647128	101.978046
221.328553	106.590196	85.125832
225.468551	100.912587	129.556898
232.073343	98.847651	125.304354
231.477061	96.607895	197.439677
241.060011	113.31561	89.018295
234.777601	101.36469	198.817817
242.323894	111.019339	200.611764
246.472972	88.61936	192.846008
246.229471	97.53726	223.985331
243.966446	124.293188	226.861453
251.399806	81.514044	160.065114
248.914253	124.807024	188.867158
258.283023	79.872944	98.882575
256.150489	99.218187	139.041703
250.693438	90.53108	226.653054
259.628207	90.580511	129.519384
254.936754	86.303895	199.660547
254.432824	87.35271	225.947153
256.930453	100.148947	224.414554
259.241882	105.019385	194.367129
259.165076	86.014002	223.53638
259.309709	93.787745	219.93102
264.026358	106.692553	189.341859
272.300184	115.196121	88.015168
266.645325	99.558066	193.090712
267.544398	117.719001	185.40852
266.102724	95.227318	213.386327
268.787333	120.508408	179.410461
268.960849	85.617914	224.097297
268.960849	85.617914	224.097297
271.110737	107.435099	190.185361
276.524392	90.267465	153.342577
280.075273	106.009904	140.424577
281.408909	106.708419	183.799649
284.871822	97.332198	147.688636
280.893841	85.892015	220.657067
294.274809	95.541099	222.224304
311.721019	119.613433	176.170804
328.105073	108.386089	173.572267
335.492061	90.557344	94.136759
331.243262	112.162671	169.166764
330.762296	85.62952	177.238058
332.389307	113.074826	183.810563
332.320814	81.614564	179.89069
334.792376	110.058813	170.123711
336.129662	120.537646	170.355381
335.56313	89.489421	174.561174
337.293004	87.387064	174.663229
339.77981	122.786169	173.541155
341.173923	113.457955	226.100768
344.170254	122.896306	162.462077
349.408198	100.067057	102.313034
347.483055	125.683893	222.802684
349.453433	126.67458	222.845886
350.733173	98.433533	156.004264
349.309373	105.232275	232.126563
350.240531	122.451306	223.742055
357.528749	112.500015	98.896573
351.919232	117.21218	225.492018
351.335706	104.917165	228.908574
353.243884	121.034204	218.961596
360.755706	98.994912	105.699655
355.264413	107.962496	229.795438
355.666497	123.011787	234.779641
359.50031	114.917685	226.586541
359.429482	109.304443	220.203674
360.988083	82.069631	141.737652
360.381715	117.410199	232.412509
360.360961	97.946562	191.017167
362.518756	119.150449	228.321122
361.587552	79.238377	230.116806
363.598771	89.71981	192.349138
363.819873	83.736775	223.683552
366.290746	87.625568	190.152165
367.19814	113.405289	222.830796
372.513678	107.744987	130.208344
369.003131	91.332437	216.532757
367.79285	77.283614	179.36122
370.487404	122.914521	224.488041
369.903626	87.72688	196.59313
369.770594	84.635331	192.811881
371.582488	79.676901	144.69933
374.559506	98.784241	121.821325
371.361192	94.723204	188.261786
372.179301	101.220697	228.924296
372.961892	114.32505	223.069201
376.746693	96.630143	222.924251
376.787755	79.776962	198.916334
377.621564	92.778718	195.005854
382.240258	96.550484	125.824358
382.290519	115.055516	234.999582
385.937127	108.674733	219.087037
393.613156	84.731134	133.938643
393.623565	111.744051	218.665203
393.171511	104.588133	220.482628
394.616335	112.627243	214.735405
408.5261	110.964045	221.274454
412.82036	118.17871	133.723014
412.840282	100.93409	130.440948
411.766604	93.685341	194.113004
416.90623	97.420176	134.170923
419.106322	102.213217	132.159047
419.231251	78.271771	152.32175
424.275693	123.28007	204.920164
425.065293	122.321201	249.237016
444.980395	112.938703	206.422878
449.569489	105.861284	137.79528
465.007513	109.425846	135.572077
474.401852	87.996047	139.431863
486.885485	106.151339	117.212301
489.618092	108.207209	117.857973
518.778454	97.212981	148.960361
529.584658	104.34539	156.023639
173.289343	73.562803	159.13452
172.822061	62.024429	180.37941
182.76883	77.610927	207.895481
199.487201	83.528576	173.038347
203.149039	48.044752	177.018802
225.37223	72.062692	165.617745
228.233627	53.08345	192.313027
251.291945	69.584763	192.244772
261.384842	58.313083	199.632577
264.433127	73.579685	193.014033
267.434735	71.117239	187.345299
274.763432	57.064965	195.664806
276.107963	74.714142	173.720497
331.170911	74.406837	179.430554
335.561236	73.422947	181.925354
336.774533	52.806278	177.940672
340.136119	73.241412	180.300751
340.368758	39.066147	169.164997
341.063421	74.290722	181.063475
351.090558	37.280511	170.129515
353.37945	45.474875	189.087969
357.302511	55.622466	193.465376
360.536573	42.664686	189.270537
364.245489	47.929207	194.782696
370.895665	55.024106	196.14631
372.038908	59.95941	196.711748
373.285725	47.313609	195.762958
373.564649	52.04397	191.438109
374.029592	41.35819	191.916334
379.663897	66.060579	196.599035
384.441701	53.74476	198.143587
387.431965	74.165996	200.518633
392.496075	72.152585	153.023985
393.536888	66.585678	185.271676
452.347619	56.604378	192.775957
456.251115	71.078578	201.853955
463.751971	70.047299	138.456755
472.803578	74.59793	200.259485
