id,name,acronym,red,green,blue,structure_order,parent_id,parent_acronym,collapse,depth,size_by_voxel,newsize_by_voxel,newsize,ancestor_default_acronym,cleaned_acronym,counts,raw_cell_intensity,raw_cell_size,newcounts,newcellintensity,newcellsize,normalized_cellintensity,normalized_cellsize
567,Cerebrum,CH,176.0,240.0,255.0,200.0,8.0,grey,,2.0,,13311072.0,266.22144,,CH,,0.0,0.0,101113.0,1815868550.0,4436780.0,17958.804011353634,43.87942203277521
688,Cerebral cortex,CTX,176.0,255.0,184.0,300.0,567.0,CH,,3.0,,10588372.0,211.76744,,CTX,,0.0,0.0,91166.0,1646870089.0,4015253.0,18064.520643661013,44.04331658732422
695,Cortical plate,CTXpl,112.0,255.0,112.0,400.0,688.0,CTX,,4.0,,10115392.0,202.30784,CTXpl,CTXpl,,0.0,0.0,87225.0,1564591136.0,3822449.0,17937.416291200916,43.82286041845801
315,Isocortex,Isocortex,112.0,255.0,113.0,500.0,695.0,CTXpl,,5.0,,6153864.0,123.07728,Isocortex,Isocortex,,0.0,0.0,46332.0,894061442.0,2177023.0,19296.845420012087,46.987460070793404
184,Frontal association cortex,FrA,112.0,255.0,113.0,600.0,315.0,Isocortex,,6.0,,121402.0,2.42804,Isocortex,FrA,,0.0,0.0,205.0,3086504.0,8535.0,15056.117073170732,41.63414634146341
1019,"Frontal association cortex, leaf",FrA_leaf,112.0,255.0,113.0,600.0,184.0,FrA,,7.0,6638.0,6638.0,0.13276,Isocortex,misc,5.0,98548.0,287.0,5.0,98548.0,287.0,19709.6,57.4
68,"Frontal pole, layer 1",FrA-1,121.0,161.0,59.0,700.0,184.0,FrA,,7.0,35066.0,35066.0,0.70132,Isocortex,1,24.0,421979.0,1155.0,24.0,421979.0,1155.0,17582.458333333332,48.125
667,"Frontal pole, layer 2/3",FrA-2/3,132.0,165.0,74.0,800.0,184.0,FrA,,7.0,58110.0,58110.0,1.1622,Isocortex,2.3,106.0,1509509.0,4242.0,106.0,1509509.0,4242.0,14240.650943396226,40.0188679245283
2325,"Frontal pole, layer 5",FrA-5,132.0,165.0,74.0,810.0,184.0,FrA,,7.0,21588.0,21588.0,0.43176,Isocortex,5,70.0,1056468.0,2851.0,70.0,1056468.0,2851.0,15092.4,40.72857142857143
500,motor cortex,M,112.0,255.0,116.0,900.0,315.0,Isocortex,,6.0,,925232.0,18.50464,Isocortex,M,,0.0,0.0,5496.0,83970562.0,234631.0,15278.4865356623,42.69122998544396
985,Primary motor cortex,M1,112.0,255.0,116.0,1500.0,500.0,M,,7.0,,446364.0,8.92728,Isocortex,M1,,0.0,0.0,2998.0,48350039.0,132061.0,16127.431287525016,44.04969979986658
320,"Primary motor cortex, layer 1",M1-1,112.0,255.0,116.0,1510.0,985.0,M1,,8.0,57236.0,57236.0,1.14472,Isocortex,1,92.0,1728929.0,4436.0,92.0,1728929.0,4436.0,18792.706521739132,48.21739130434783
943,"Primary motor cortex, layer 2/3",M1-2/3,112.0,255.0,116.0,1520.0,985.0,M1,,8.0,153782.0,153782.0,3.07564,Isocortex,2.3,1258.0,20943332.0,56863.0,1258.0,20943332.0,56863.0,16648.117647058825,45.20111287758347
648,"Primary motor cortex, layer 5",M1-5,112.0,255.0,116.0,1530.0,985.0,M1,,8.0,103032.0,103032.0,2.06064,Isocortex,5,733.0,11117441.0,31834.0,733.0,11117441.0,31834.0,15167.040927694406,43.429740791268756
882,"Primary motor cortex, layer 6b",M1-6b,112.0,255.0,116.0,1540.0,985.0,M1,,8.0,20286.0,20286.0,0.40572,Isocortex,6b,126.0,1744954.0,4916.0,126.0,1744954.0,4916.0,13848.84126984127,39.01587301587302
844,"Primary motor cortex, layer 6a",M1-6a,112.0,255.0,116.0,1540.0,985.0,M1,,8.0,80772.0,80772.0,1.61544,Isocortex,6a,599.0,9132620.0,24682.0,599.0,9132620.0,24682.0,15246.44407345576,41.20534223706177
2017,"Frontal cortex, area 3",FrC3,132.0,165.0,74.0,2010.0,985.0,M1,,8.0,,31256.0,0.62512,Isocortex,FrC3,,0.0,0.0,190.0,3682763.0,9330.0,19382.963157894737,49.10526315789474
2335,"Frontal cortex, area 3, layer2/3",FrC3-2/3,132.0,165.0,74.0,2020.0,2017.0,FrC3,,9.0,13038.0,13038.0,0.26076,Isocortex,2.3,89.0,1814006.0,4532.0,89.0,1814006.0,4532.0,20382.08988764045,50.92134831460674
2334,"Frontal cortex, area 3, layer1",FrC3-1,132.0,165.0,74.0,2020.0,2017.0,FrC3,,9.0,5204.0,5204.0,0.10408,Isocortex,1,8.0,233379.0,487.0,8.0,233379.0,487.0,29172.375,60.875
2336,"Frontal cortex, area 3, layer5",FrC3-5,132.0,165.0,74.0,2040.0,2017.0,FrC3,,9.0,9688.0,9688.0,0.19376,Isocortex,5,69.0,1294533.0,3324.0,69.0,1294533.0,3324.0,18761.347826086956,48.17391304347826
2337,"Frontal cortex, area 3, layer6a",FrC3-6a,132.0,165.0,74.0,2050.0,2017.0,FrC3,,9.0,3108.0,3108.0,0.06216,Isocortex,6a,23.0,323681.0,936.0,23.0,323681.0,936.0,14073.08695652174,40.69565217391305
2351,"Frontal cortex, area 3, layer6b",FrC3-6b,132.0,165.0,74.0,2060.0,2017.0,FrC3,,9.0,218.0,218.0,0.00436,Isocortex,6b,1.0,17164.0,51.0,1.0,17164.0,51.0,17164.0,51.0
993,Secondary motor cortex,M2,112.0,255.0,116.0,2100.0,500.0,M,,7.0,,478868.0,9.57736,Isocortex,M2,,0.0,0.0,2498.0,35620523.0,102570.0,14259.616893514813,41.06084867894315
656,"Secondary motor cortex, layer 1",M2-1,63.0,147.0,68.0,2200.0,993.0,M2,,8.0,88822.0,88822.0,1.77644,Isocortex,1,96.0,1775135.0,4492.0,96.0,1775135.0,4492.0,18490.989583333332,46.791666666666664
962,"Secondary motor cortex, layer 2/3",M2-2/3,83.0,152.0,86.0,2300.0,993.0,M2,,8.0,173722.0,173722.0,3.47444,Isocortex,2.3,980.0,14480720.0,41700.0,980.0,14480720.0,41700.0,14776.244897959185,42.55102040816327
767,"Secondary motor cortex, layer 5",M2-5,101.0,157.0,97.0,2400.0,993.0,M2,,8.0,139392.0,139392.0,2.78784,Isocortex,5,878.0,11873953.0,34806.0,878.0,11873953.0,34806.0,13523.864464692482,39.642369020501135
1021,"Secondary motor cortex, layer 6a",M2-6a,129.0,174.0,115.0,2500.0,993.0,M2,,8.0,72176.0,72176.0,1.44352,Isocortex,6a,512.0,7021990.0,20162.0,512.0,7021990.0,20162.0,13714.82421875,39.37890625
1085,"Secondary motor cortex, layer 6b",M2-6b,139.0,178.0,127.0,2600.0,993.0,M2,,8.0,4756.0,4756.0,0.09512,Isocortex,6b,32.0,468725.0,1410.0,32.0,468725.0,1410.0,14647.65625,44.0625
453,Somatosensory cortex,S,112.0,255.0,121.0,2700.0,315.0,Isocortex,,6.0,,2004460.0,40.0892,Isocortex,S,,0.0,0.0,18440.0,416489818.0,936233.0,22586.215726681126,50.771854663774405
322,Primary somatosensory cortex,S1,112.0,255.0,121.0,2800.0,453.0,S,,7.0,,1656534.0,33.13068,Isocortex,S1,,0.0,0.0,14957.0,323949673.0,744049.0,21658.733235274452,49.74587149829511
793,"Primary somatosensory area, undefined, layer 1",S1-1,0.0,177.0,92.0,2900.0,322.0,S1,,8.0,,70292.0,1.40584,Isocortex,1,,0.0,0.0,529.0,11066692.0,26227.0,20920.022684310017,49.57844990548204
710,"Primary somatosensory area, undefined, layer 1, leaf",S1-1_leaf,0.0,177.0,92.0,2900.0,793.0,S1-1,,9.0,9556.0,9556.0,0.19112,Isocortex,misc,15.0,247230.0,631.0,15.0,247230.0,631.0,16482.0,42.06666666666667
346,"Primary somatosensory area, undefined, layer 2/3",S1-2/3,67.0,185.0,112.0,3000.0,793.0,S1-1,,9.0,14958.0,14958.0,0.29916,Isocortex,2.3,92.0,1873492.0,4433.0,92.0,1873492.0,4433.0,20364.043478260868,48.18478260869565
865,"Primary somatosensory area, undefined, layer 4",S1-4,93.0,191.0,126.0,3100.0,793.0,S1-1,,9.0,15350.0,15350.0,0.307,Isocortex,4,171.0,3434699.0,8366.0,171.0,3434699.0,8366.0,20085.959064327486,48.92397660818713
921,"Primary somatosensory area, undefined, layer 5",S1-5,116.0,197.0,139.0,3200.0,793.0,S1-1,,9.0,14714.0,14714.0,0.29428,Isocortex,5,117.0,2489332.0,5865.0,117.0,2489332.0,5865.0,21276.34188034188,50.12820512820513
686,"Primary somatosensory area, undefined, layer 6a",S1-6a,138.0,204.0,153.0,3300.0,793.0,S1-1,,9.0,11810.0,11810.0,0.2362,Isocortex,6a,115.0,2652226.0,6009.0,115.0,2652226.0,6009.0,23062.834782608697,52.25217391304348
719,"Primary somatosensory area,, undefined, layer 6b",S1-6b,163.0,213.0,170.0,3400.0,793.0,S1-1,,9.0,3904.0,3904.0,0.07808,Isocortex,6b,19.0,369713.0,923.0,19.0,369713.0,923.0,19458.57894736842,48.578947368421055
2338,"Primary somatosensory area, jaw",S1J,163.0,213.0,170.0,3410.0,322.0,S1,,8.0,,182110.0,3.6422,Isocortex,J,,0.0,0.0,1437.0,31545743.0,72485.0,21952.500347947112,50.44189283228949
2339,"Primary somatosensory area, jaw, layer 1",S1J-1,163.0,213.0,170.0,3420.0,2338.0,S1J,,9.0,25880.0,25880.0,0.5176,Isocortex,1,52.0,1292770.0,2790.0,52.0,1292770.0,2790.0,24860.96153846154,53.65384615384615
2340,"Primary somatosensory area, jaw, layer 2/3",S1J-2/3,163.0,213.0,170.0,3430.0,2338.0,S1J,,9.0,39900.0,39900.0,0.798,Isocortex,2.3,297.0,7581813.0,15552.0,297.0,7581813.0,15552.0,25527.989898989897,52.36363636363637
2341,"Primary somatosensory area, jaw, layer 4",S1J-4,163.0,213.0,170.0,3440.0,2338.0,S1J,,9.0,32168.0,32168.0,0.64336,Isocortex,4,348.0,7721576.0,17742.0,348.0,7721576.0,17742.0,22188.436781609194,50.98275862068966
2342,"Primary somatosensory area, jaw, layer 5",S1J-5,163.0,213.0,170.0,3450.0,2338.0,S1J,,9.0,48114.0,48114.0,0.96228,Isocortex,5,401.0,8358522.0,20350.0,401.0,8358522.0,20350.0,20844.19451371571,50.748129675810475
2343,"Primary somatosensory area, jaw, layer 6a",S1J-6a,163.0,213.0,170.0,3460.0,2338.0,S1J,,9.0,30470.0,30470.0,0.6094,Isocortex,6a,327.0,6417083.0,15574.0,327.0,6417083.0,15574.0,19624.107033639142,47.62691131498471
2344,"Primary somatosensory area, jaw, layer 6b",S1J-6b,163.0,213.0,170.0,3470.0,2338.0,S1J,,9.0,5578.0,5578.0,0.11156,Isocortex,6b,12.0,173979.0,477.0,12.0,173979.0,477.0,14498.25,39.75
329,"Primary somatosensory cortex, barrel field",S1BF,112.0,255.0,121.0,4200.0,322.0,S1,,8.0,,529982.0,10.59964,Isocortex,BF,,0.0,0.0,4307.0,93964359.0,214058.0,21816.661016949154,49.70002321801718
981,"Primary somatosensory cortex, barrel field, layer 1",S1BF-1,0.0,178.0,156.0,4300.0,329.0,S1BF,,9.0,62988.0,62988.0,1.25976,Isocortex,1,112.0,2116441.0,5201.0,112.0,2116441.0,5201.0,18896.79464285714,46.4375
201,"Primary somatosensory cortex, barrel field, layer 2/3",S1BF-2/3,19.0,186.0,171.0,4400.0,329.0,S1BF,,9.0,110788.0,110788.0,2.21576,Isocortex,2.3,667.0,13418139.0,33398.0,667.0,13418139.0,33398.0,20117.14992503748,50.07196401799101
1047,"Primary somatosensory cortex, barrel field, layer 4",S1BF-4,66.0,191.0,179.0,4500.0,329.0,S1BF,,9.0,122502.0,122502.0,2.45004,Isocortex,4,1169.0,25107688.0,58217.0,1169.0,25107688.0,58217.0,21477.919589392644,49.800684345594526
1070,"Primary somatosensory cortex, barrel field, layer 5 ",S1BF-5,93.0,197.0,188.0,4600.0,329.0,S1BF,,9.0,103690.0,103690.0,2.0738,Isocortex,5,975.0,21754392.0,48576.0,975.0,21754392.0,48576.0,22312.196923076925,49.82153846153846
1038,"Primary somatosensory cortex, barrel field, layer 6a",S1BF-6a,117.0,203.0,197.0,4700.0,329.0,S1BF,,9.0,95408.0,95408.0,1.90816,Isocortex,6a,1216.0,27965908.0,60461.0,1216.0,27965908.0,60461.0,22998.279605263157,49.72121710526316
1062,"Primary somatosensory cortex, barrel field, layer 6b",S1BF-6b,143.0,211.0,208.0,4800.0,329.0,S1BF,,9.0,34606.0,34606.0,0.69212,Isocortex,6b,168.0,3601791.0,8205.0,168.0,3601791.0,8205.0,21439.23214285714,48.839285714285715
337,"Primary somatosensory cortex, hindlimb region",S1HL,112.0,255.0,121.0,4900.0,322.0,S1,,8.0,,178654.0,3.57308,Isocortex,HL,,0.0,0.0,1400.0,22607578.0,62067.0,16148.27,44.33357142857143
1030,"Primary somatosensory cortex, hindlimb region, layer 1",S1HL-1,0.0,177.0,142.0,5000.0,337.0,S1HL,,9.0,19716.0,19716.0,0.39432,Isocortex,1,30.0,902256.0,1571.0,30.0,902256.0,1571.0,30075.2,52.36666666666667
113,"Primary somatosensory cortex, hindlimb region, layer 2/3",S1HL-2/3,0.0,183.0,155.0,5100.0,337.0,S1HL,,9.0,41652.0,41652.0,0.83304,Isocortex,2.3,326.0,5689049.0,14923.0,326.0,5689049.0,14923.0,17451.07055214724,45.7760736196319
1094,"Primary somatosensory cortex, hindlimb region, layer 4",S1HL-4,69.0,191.0,171.0,5200.0,337.0,S1HL,,9.0,29650.0,29650.0,0.593,Isocortex,4,429.0,6973466.0,19188.0,429.0,6973466.0,19188.0,16255.165501165502,44.72727272727273
1128,"Primary somatosensory cortex, hindlimb region, layer 5",S1HL-5,96.0,196.0,179.0,5300.0,337.0,S1HL,,9.0,37540.0,37540.0,0.7508,Isocortex,5,300.0,4547928.0,13090.0,300.0,4547928.0,13090.0,15159.76,43.63333333333333
478,"Primary somatosensory cortex, hindlimb region, layer 6a",S1HL-6a,119.0,202.0,188.0,5400.0,337.0,S1HL,,9.0,38204.0,38204.0,0.76408,Isocortex,6a,275.0,3926673.0,11638.0,275.0,3926673.0,11638.0,14278.81090909091,42.32
510,"Primary somatosensory cortex, hindlimb region, layer 6b",S1HL-6b,145.0,211.0,198.0,5500.0,337.0,S1HL,,9.0,11892.0,11892.0,0.23784,Isocortex,6b,40.0,568206.0,1657.0,40.0,568206.0,1657.0,14205.15,41.425
345,"Primary somatosensory cortex, upper lip region",S1ULp,112.0,255.0,121.0,5600.0,322.0,S1,,8.0,,314924.0,6.29848,Isocortex,ULp,,0.0,0.0,4098.0,106150013.0,219038.0,25902.88262567106,53.449975597852614
878,"Primary somatosensory cortex, upper lip region, layer 1",S1ULp-1,0.0,173.0,94.0,5700.0,345.0,S1ULp,,9.0,41074.0,41074.0,0.82148,Isocortex,1,116.0,2621137.0,5922.0,116.0,2621137.0,5922.0,22596.008620689656,51.05172413793103
657,"Primary somatosensory cortex, upper lip region, layer 2/3",S1ULp-2/3,20.0,180.0,107.0,5800.0,345.0,S1ULp,,9.0,70064.0,70064.0,1.40128,Isocortex,2.3,752.0,19818169.0,40283.0,752.0,19818169.0,40283.0,26353.948138297874,53.567819148936174
950,"Primary somatosensory cortex, upper lip region, layer 4",S1ULp-4,66.0,185.0,120.0,5900.0,345.0,S1ULp,,9.0,64080.0,64080.0,1.2816,Isocortex,4,1161.0,30588613.0,62713.0,1161.0,30588613.0,62713.0,26346.781223083548,54.01636520241171
974,"Primary somatosensory cortex, upper lip region, layer 5",S1ULp-5,92.0,191.0,133.0,6000.0,345.0,S1ULp,,9.0,58880.0,58880.0,1.1776,Isocortex,5,888.0,24215829.0,48892.0,888.0,24215829.0,48892.0,27270.077702702703,55.05855855855856
1102,"Primary somatosensory cortex, upper lip region, layer 6a",S1ULp-6a,115.0,197.0,146.0,6100.0,345.0,S1ULp,,9.0,64178.0,64178.0,1.28356,Isocortex,6a,1090.0,26893671.0,56822.0,1090.0,26893671.0,56822.0,24673.092660550457,52.1302752293578
2,"Primary somatosensory cortex, upper lip region, layer 6b",S1ULp-6b,137.0,205.0,161.0,6200.0,345.0,S1ULp,,9.0,16648.0,16648.0,0.33296,Isocortex,6b,91.0,2012594.0,4406.0,91.0,2012594.0,4406.0,22116.417582417584,48.417582417582416
2000,"Primary somatosensory cortex, dysgranular zone ",S1DZ,112.0,255.0,121.0,6210.0,322.0,S1,,8.0,,80224.0,1.60448,Isocortex,DZ,,0.0,0.0,725.0,14333205.0,35512.0,19769.93793103448,48.98206896551724
2287,"Primary somatosensory cortex, dysgranular zone 1",S1DZ-1,112.0,255.0,121.0,6211.0,2000.0,S1DZ,,9.0,9100.0,9100.0,0.182,Isocortex,1,18.0,405071.0,946.0,18.0,405071.0,946.0,22503.944444444445,52.55555555555556
2288,"Primary somatosensory cortex, dysgranular zone 2/3",S1DZ-2/3,112.0,255.0,121.0,6212.0,2000.0,S1DZ,,9.0,17520.0,17520.0,0.3504,Isocortex,2.3,137.0,3055659.0,7074.0,137.0,3055659.0,7074.0,22304.080291970804,51.63503649635037
2289,"Primary somatosensory cortex, dysgranular zone 4",S1DZ-4,112.0,255.0,121.0,6213.0,2000.0,S1DZ,,9.0,15512.0,15512.0,0.31024,Isocortex,4,194.0,4099134.0,10070.0,194.0,4099134.0,10070.0,21129.556701030928,51.90721649484536
2290,"Primary somatosensory cortex, dysgranular zone 5",S1DZ-5,112.0,255.0,121.0,6214.0,2000.0,S1DZ,,9.0,15450.0,15450.0,0.309,Isocortex,5,152.0,2717941.0,7101.0,152.0,2717941.0,7101.0,17881.190789473683,46.7171052631579
2291,"Primary somatosensory cortex, dysgranular zone 6a",S1DZ-6a,112.0,255.0,121.0,6215.0,2000.0,S1DZ,,9.0,17356.0,17356.0,0.34712,Isocortex,6a,204.0,3770434.0,9587.0,204.0,3770434.0,9587.0,18482.519607843136,46.995098039215684
2292,"Primary somatosensory cortex, dysgranular zone 6b",S1DZ-6b,112.0,255.0,121.0,6216.0,2000.0,S1DZ,,9.0,5286.0,5286.0,0.10572,Isocortex,6b,20.0,284966.0,734.0,20.0,284966.0,734.0,14248.3,36.7
2352,"Primary somatosensory cortex, oral dysgranular zone ",S1DZO,112.0,255.0,121.0,6220.0,322.0,S1,,8.0,,5700.0,0.114,Isocortex,DZO,,0.0,0.0,51.0,1507212.0,2715.0,29553.176470588234,53.23529411764706
2353,"Primary somatosensory cortex, oral dysgranular zone 1",S1DZO-1,112.0,255.0,121.0,6221.0,2352.0,S1DZO,,9.0,742.0,742.0,0.01484,Isocortex,1,4.0,117844.0,221.0,4.0,117844.0,221.0,29461.0,55.25
2354,"Primary somatosensory cortex, oral dysgranular zone 2/3",S1DZO-2/3,112.0,255.0,121.0,6222.0,2352.0,S1DZO,,9.0,1016.0,1016.0,0.02032,Isocortex,2.3,14.0,639624.0,904.0,14.0,639624.0,904.0,45687.42857142857,64.57142857142857
2355,"Primary somatosensory cortex, oral dysgranular zone 4",S1DZO-4,112.0,255.0,121.0,6223.0,2352.0,S1DZO,,9.0,1078.0,1078.0,0.02156,Isocortex,4,13.0,422187.0,759.0,13.0,422187.0,759.0,32475.923076923078,58.38461538461539
2356,"Primary somatosensory cortex, oral dysgranular zone 5",S1DZO-5,112.0,255.0,121.0,6224.0,2352.0,S1DZO,,9.0,1342.0,1342.0,0.02684,Isocortex,5,11.0,220441.0,511.0,11.0,220441.0,511.0,20040.090909090908,46.45454545454545
2357,"Primary somatosensory cortex, oral dysgranular zone 6a",S1DZO-6a,112.0,255.0,121.0,6225.0,2352.0,S1DZO,,9.0,1166.0,1166.0,0.02332,Isocortex,6a,9.0,107116.0,320.0,9.0,107116.0,320.0,11901.777777777777,35.55555555555556
2358,"Primary somatosensory cortex, oral dysgranular zone 6b",S1DZO-6b,112.0,255.0,121.0,6226.0,2352.0,S1DZO,,9.0,356.0,356.0,0.00712,Isocortex,6b,,0.0,0.0,0.0,0.0,0.0,,
2041,"Primary somatosensory cortex, shoulder region",S1Sh,112.0,255.0,121.0,6230.0,322.0,S1,,8.0,,38706.0,0.77412,Isocortex,Sh,,0.0,0.0,284.0,4818342.0,12765.0,16965.99295774648,44.94718309859155
2310,"Primary somatosensory cortex, shoulder region 1",S1Sh-1,112.0,255.0,121.0,6231.0,2041.0,S1Sh,,9.0,4546.0,4546.0,0.09092,Isocortex,1,4.0,53925.0,167.0,4.0,53925.0,167.0,13481.25,41.75
2311,"Primary somatosensory cortex, shoulder region 2/3",S1Sh-2/3,112.0,255.0,121.0,6232.0,2041.0,S1Sh,,9.0,8228.0,8228.0,0.16456,Isocortex,2.3,42.0,726019.0,2053.0,42.0,726019.0,2053.0,17286.166666666668,48.88095238095238
2312,"Primary somatosensory cortex, shoulder region 4",S1Sh-4,112.0,255.0,121.0,6233.0,2041.0,S1Sh,,9.0,8772.0,8772.0,0.17544,Isocortex,4,98.0,1571141.0,4223.0,98.0,1571141.0,4223.0,16032.051020408164,43.09183673469388
2313,"Primary somatosensory cortex, shoulder region 5",S1Sh-5,112.0,255.0,121.0,6234.0,2041.0,S1Sh,,9.0,7920.0,7920.0,0.1584,Isocortex,5,75.0,1334769.0,3474.0,75.0,1334769.0,3474.0,17796.92,46.32
2314,"Primary somatosensory cortex, shoulder region 6a",S1Sh-6a,112.0,255.0,121.0,6235.0,2041.0,S1Sh,,9.0,6638.0,6638.0,0.13276,Isocortex,6a,60.0,1072891.0,2675.0,60.0,1072891.0,2675.0,17881.516666666666,44.583333333333336
2315,"Primary somatosensory cortex, shoulder region 6b",S1Sh-6b,112.0,255.0,121.0,6236.0,2041.0,S1Sh,,9.0,2602.0,2602.0,0.05204,Isocortex,6b,5.0,59597.0,173.0,5.0,59597.0,173.0,11919.4,34.6
369,"Primary somatosensory cortex, forelimb region",S1FL,112.0,255.0,121.0,6300.0,322.0,S1,,8.0,,189464.0,3.78928,Isocortex,FL,,0.0,0.0,1679.0,30885247.0,79392.0,18395.025014889816,47.285288862418106
450,"Primary somatosensory cortex, forelimb region, layer 1",S1FL-1,0.0,174.0,103.0,6400.0,369.0,S1FL,,9.0,21398.0,21398.0,0.42796,Isocortex,1,52.0,976555.0,2583.0,52.0,976555.0,2583.0,18779.903846153848,49.67307692307692
854,"Primary somatosensory cortex, forelimb region, layer 2/3",S1FL-2/3,46.0,183.0,120.0,6500.0,369.0,S1FL,,9.0,43882.0,43882.0,0.87764,Isocortex,2.3,361.0,7300351.0,17774.0,361.0,7300351.0,17774.0,20222.57894736842,49.23545706371191
577,"Primary somatosensory cortex, forelimb region, layer 4",S1FL-4,79.0,188.0,133.0,6600.0,369.0,S1FL,,9.0,32264.0,32264.0,0.64528,Isocortex,4,472.0,9280934.0,22712.0,472.0,9280934.0,22712.0,19662.995762711864,48.11864406779661
625,"Primary somatosensory cortex, forelimb region, layer 5",S1FL-5,103.0,194.0,147.0,6700.0,369.0,S1FL,,9.0,36266.0,36266.0,0.72532,Isocortex,5,310.0,4990910.0,13770.0,310.0,4990910.0,13770.0,16099.709677419354,44.41935483870968
945,"Primary somatosensory cortex, forelimb region, layer 6a",S1FL-6a,114.0,198.0,154.0,6800.0,369.0,S1FL,,9.0,43528.0,43528.0,0.87056,Isocortex,6a,445.0,7728865.0,20841.0,445.0,7728865.0,20841.0,17368.23595505618,46.83370786516854
1026,"Primary somatosensory cortex, forelimb region, layer 6b",S1FL-6b,124.0,201.0,162.0,6900.0,369.0,S1FL,,9.0,12126.0,12126.0,0.24252,Isocortex,6b,39.0,607632.0,1712.0,39.0,607632.0,1712.0,15580.307692307691,43.8974358974359
361,"Primary somatosensory cortex, trunk region",S1Tr,112.0,255.0,121.0,7000.0,322.0,S1,,8.0,,66478.0,1.32956,Isocortex,Tr,,0.0,0.0,447.0,7071282.0,19790.0,15819.422818791947,44.272930648769574
1006,"Primary somatosensory cortex, trunk region, layer 1",S1Tr-1,0.0,179.0,171.0,7100.0,361.0,S1Tr,,9.0,8978.0,8978.0,0.17956,Isocortex,1,17.0,215015.0,678.0,17.0,215015.0,678.0,12647.941176470587,39.88235294117647
670,"Primary somatosensory cortex, trunk region, layer 2/3",S1Tr-2/3,0.0,185.0,179.0,7200.0,361.0,S1Tr,,9.0,14808.0,14808.0,0.29616,Isocortex,2.3,77.0,1258940.0,3421.0,77.0,1258940.0,3421.0,16349.87012987013,44.42857142857143
1086,"Primary somatosensory cortex, trunk region, layer 4",S1Tr-4,63.0,192.0,187.0,7300.0,361.0,S1Tr,,9.0,13712.0,13712.0,0.27424,Isocortex,4,134.0,2095618.0,5745.0,134.0,2095618.0,5745.0,15638.940298507463,42.87313432835821
1111,"Primary somatosensory cortex, trunk region, layer 5",S1Tr-5,91.0,197.0,197.0,7400.0,361.0,S1Tr,,9.0,13588.0,13588.0,0.27176,Isocortex,5,95.0,1486594.0,4271.0,95.0,1486594.0,4271.0,15648.357894736842,44.95789473684211
9,"Primary somatosensory cortex, trunk region, layer 6a",S1Tr-6a,115.0,203.0,207.0,7500.0,361.0,S1Tr,,9.0,10406.0,10406.0,0.20812,Isocortex,6a,90.0,1490902.0,4133.0,90.0,1490902.0,4133.0,16565.577777777777,45.922222222222224
461,"Primary somatosensory cortex, trunk region, layer 6b",S1Tr-6b,156.0,216.0,218.0,7600.0,361.0,S1Tr,,9.0,4986.0,4986.0,0.09972,Isocortex,6b,34.0,524213.0,1542.0,34.0,524213.0,1542.0,15418.029411764706,45.35294117647059
378,Secondary somatosensory cortex,S2,112.0,255.0,121.0,7700.0,453.0,S,,7.0,,347926.0,6.95852,Isocortex,S2,,0.0,0.0,3483.0,92540145.0,192184.0,26569.09130060293,55.17772035601493
873,"Secondary somatosensory cortex, layer 1",S2-1,0.0,176.0,129.0,7800.0,378.0,S2,,8.0,50398.0,50398.0,1.00796,Isocortex,1,185.0,3979659.0,9137.0,185.0,3979659.0,9137.0,21511.67027027027,49.38918918918919
806,"Secondary somatosensory cortex, layer 2/3",S2-2/3,0.0,180.0,135.0,7900.0,378.0,S2,,8.0,74334.0,74334.0,1.48668,Isocortex,2.3,694.0,18916907.0,38831.0,694.0,18916907.0,38831.0,27257.79106628242,55.95244956772334
1035,"Secondary somatosensory cortex, layer 4",S2-4,40.0,184.0,141.0,8000.0,378.0,S2,,8.0,75720.0,75720.0,1.5144,Isocortex,4,1025.0,27911213.0,57352.0,1025.0,27911213.0,57352.0,27230.451707317072,55.95317073170732
1090,"Secondary somatosensory cortex, layer 5",S2-5,74.0,190.0,155.0,8100.0,378.0,S2,,8.0,66510.0,66510.0,1.3302,Isocortex,5,669.0,19102695.0,37592.0,669.0,19102695.0,37592.0,28554.103139013452,56.191330343796714
862,"Secondary somatosensory cortex, layer 6a",S2-6a,98.0,196.0,170.0,8200.0,378.0,S2,,8.0,60650.0,60650.0,1.213,Isocortex,6a,797.0,19964201.0,43048.0,797.0,19964201.0,43048.0,25049.185696361354,54.01254705144291
893,"Secondary somatosensory cortex, layer 6b",S2-6b,121.0,202.0,179.0,8300.0,378.0,S2,,8.0,20314.0,20314.0,0.40628,Isocortex,6b,113.0,2665470.0,6224.0,113.0,2665470.0,6224.0,23588.230088495577,55.07964601769911
44,"Cingulate cortex, area 24a (infralimbic)",A24a (IL),112.0,255.0,104.0,8400.0,315.0,Isocortex,,6.0,,123764.0,2.47528,Isocortex,IL,,0.0,0.0,303.0,2961827.0,9222.0,9775.006600660066,30.435643564356436
707,"Cingulate cortex, area 24a (infralimbic), layer 1",A24a (IL)-1,0.0,137.0,72.0,8500.0,44.0,A24a (IL),,7.0,32214.0,32214.0,0.64428,Isocortex,1,31.0,253116.0,807.0,31.0,253116.0,807.0,8165.032258064516,26.032258064516128
747,"Cingulate cortex, area 24a (infralimbic), layer 2/3",A24a (IL)-2,13.0,142.0,83.0,8600.0,44.0,A24a (IL),,7.0,,0.0,0.0,Isocortex,2,,0.0,0.0,0.0,0.0,0.0,,
556,"Cingulate cortex, area 24a (infralimbic), layer 4",A24a (IL)-2/3,50.0,146.0,93.0,8700.0,44.0,A24a (IL),,7.0,32398.0,32398.0,0.64796,Isocortex,2.3,100.0,806787.0,2666.0,100.0,806787.0,2666.0,8067.87,26.66
827,"Cingulate cortex, area 24a (infralimbic), layer 5",A24a (IL)-5,77.0,160.0,111.0,8800.0,44.0,A24a (IL),,7.0,31206.0,31206.0,0.62412,Isocortex,5,81.0,808590.0,2489.0,81.0,808590.0,2489.0,9982.592592592593,30.728395061728396
1054,"Cingulate cortex, area 24a (infralimbic), layer 6a",A24a (IL)-6a,97.0,166.0,122.0,8900.0,44.0,A24a (IL),,7.0,20952.0,20952.0,0.41904,Isocortex,6a,73.0,819192.0,2498.0,73.0,819192.0,2498.0,11221.808219178081,34.21917808219178
1081,"Cingulate cortex, area 24a (infralimbic), layer 6b",A24a (IL)-6b,116.0,172.0,135.0,9000.0,44.0,A24a (IL),,7.0,6994.0,6994.0,0.13988,Isocortex,6b,18.0,274142.0,762.0,18.0,274142.0,762.0,15230.111111111111,42.333333333333336
1057,Dysgranular insular cortex,DI,112.0,255.0,105.0,9100.0,315.0,Isocortex,,6.0,,95552.0,1.91104,Isocortex,DI,,0.0,0.0,511.0,11563623.0,27518.0,22629.399217221136,53.851272015655574
36,"Dysgranular insular cortex, layer 1",DI-1,51.0,181.0,90.0,9200.0,1057.0,DI,,7.0,14430.0,14430.0,0.2886,Isocortex,1,28.0,780934.0,1817.0,28.0,780934.0,1817.0,27890.5,64.89285714285714
180,"Dysgranular insular cortex, layer 2/3",DI-2/3,82.0,187.0,112.0,9300.0,1057.0,DI,,7.0,25436.0,25436.0,0.50872,Isocortex,2.3,107.0,2727344.0,6284.0,107.0,2727344.0,6284.0,25489.196261682242,58.728971962616825
148,"Dysgranular insular cortex, layer 4",DI-4,106.0,193.0,125.0,9400.0,1057.0,DI,,7.0,11048.0,11048.0,0.22096,Isocortex,4,85.0,2087278.0,5044.0,85.0,2087278.0,5044.0,24556.211764705884,59.34117647058824
187,"Dysgranular insular cortex, layer 5",DI-5,127.0,200.0,138.0,9500.0,1057.0,DI,,7.0,23610.0,23610.0,0.4722,Isocortex,5,163.0,3692785.0,8643.0,163.0,3692785.0,8643.0,22655.122699386502,53.02453987730061
638,"Dysgranular insular cortex, layer 6a",DI-6a,152.0,208.0,152.0,9600.0,1057.0,DI,,7.0,20158.0,20158.0,0.40316,Isocortex,6a,124.0,2246425.0,5635.0,124.0,2246425.0,5635.0,18116.33064516129,45.443548387096776
662,"Dysgranular insular cortex, layer 6b",DI-6b,175.0,218.0,179.0,9700.0,1057.0,DI,,7.0,870.0,870.0,0.0174,Isocortex,6b,4.0,28857.0,95.0,4.0,28857.0,95.0,7214.25,23.75
677,Granular insular cortex,GI,112.0,255.0,100.0,9800.0,315.0,Isocortex,,6.0,,103892.0,2.07784,Isocortex,GI,,0.0,0.0,752.0,17646430.0,40622.0,23465.997340425532,54.0186170212766
897,"Granular insular cortex, layer 1",GI-1,0.0,155.0,91.0,9900.0,677.0,GI,,7.0,13628.0,13628.0,0.27256,Isocortex,1,62.0,1690290.0,3681.0,62.0,1690290.0,3681.0,27262.74193548387,59.37096774193548
1106,"Granular insular cortex, layer 2/3",GI-2/3,42.0,163.0,106.0,10000.0,677.0,GI,,7.0,20550.0,20550.0,0.411,Isocortex,2.3,166.0,4514621.0,9667.0,166.0,4514621.0,9667.0,27196.51204819277,58.234939759036145
1010,"Granular insular cortex, layer 4",GI-4,70.0,168.0,118.0,10100.0,677.0,GI,,7.0,19194.0,19194.0,0.38388,Isocortex,4,154.0,4058344.0,8735.0,154.0,4058344.0,8735.0,26352.883116883117,56.72077922077922
1058,"Granular insular cortex, layer 5",GI-5,97.0,183.0,138.0,10200.0,677.0,GI,,7.0,23400.0,23400.0,0.468,Isocortex,5,185.0,3951255.0,9502.0,185.0,3951255.0,9502.0,21358.135135135137,51.362162162162164
857,"Granular insular cortex, layer 6a",GI-6a,108.0,186.0,144.0,10300.0,677.0,GI,,7.0,23074.0,23074.0,0.46148,Isocortex,6a,166.0,3094263.0,8196.0,166.0,3094263.0,8196.0,18640.13855421687,49.373493975903614
849,"Granular insular cortex, layer 6b",GI-6b,117.0,189.0,152.0,10400.0,677.0,GI,,7.0,4046.0,4046.0,0.08092,Isocortex,6b,19.0,337657.0,841.0,19.0,337657.0,841.0,17771.42105263158,44.26315789473684
247,Auditory cortex,Au,120.0,255.0,120.0,10500.0,315.0,Isocortex,,6.0,,257620.0,5.1524,Isocortex,Au,,0.0,0.0,2018.0,42588952.0,102374.0,21104.53518334985,50.73042616451933
1011,"Secondary auditory cortex, dorsal area",AuD,120.0,255.0,120.0,10600.0,247.0,Au,,7.0,,79656.0,1.59312,Isocortex,AuD,,0.0,0.0,591.0,11950420.0,28546.0,20220.67681895093,48.30118443316413
527,"Secondary auditory cortex, dorsal area, layer 1",AuD-1,0.0,157.0,125.0,10700.0,1011.0,AuD,,8.0,11174.0,11174.0,0.22348,Isocortex,1,8.0,172796.0,377.0,8.0,172796.0,377.0,21599.5,47.125
600,"Secondary auditory cortex, dorsal area, layer 2/3",AuD-2/3,0.0,163.0,137.0,10800.0,1011.0,AuD,,8.0,17196.0,17196.0,0.34392,Isocortex,2.3,72.0,1302433.0,3343.0,72.0,1302433.0,3343.0,18089.347222222223,46.43055555555556
678,"Secondary auditory cortex, dorsal area, layer 4",AuD-4,63.0,170.0,151.0,10900.0,1011.0,AuD,,8.0,16296.0,16296.0,0.32592,Isocortex,4,196.0,3365828.0,8514.0,196.0,3365828.0,8514.0,17172.591836734693,43.43877551020408
252,"Secondary auditory cortex, dorsal area, layer 5",AuD-5,91.0,185.0,168.0,11000.0,1011.0,AuD,,8.0,17582.0,17582.0,0.35164,Isocortex,5,136.0,3190591.0,7340.0,136.0,3190591.0,7340.0,23460.227941176472,53.970588235294116
156,"Secondary auditory cortex, dorsal area, layer 6a",AuD-6a,113.0,190.0,176.0,11100.0,1011.0,AuD,,8.0,12922.0,12922.0,0.25844,Isocortex,6a,138.0,3102902.0,7082.0,138.0,3102902.0,7082.0,22484.797101449276,51.31884057971015
243,"Secondary auditory cortex, dorsal area, layer 6b",AuD-16b,137.0,198.0,186.0,11200.0,1011.0,AuD,,8.0,4486.0,4486.0,0.08972,Isocortex,6b,41.0,815870.0,1890.0,41.0,815870.0,1890.0,19899.268292682926,46.09756097560975
1002,Primary auditory cortex,Au1,120.0,255.0,120.0,11300.0,247.0,Au,,7.0,,84706.0,1.69412,Isocortex,Au1,,0.0,0.0,529.0,10683707.0,26328.0,20196.043478260868,49.76937618147448
735,"Primary auditory cortex, layer 1",Au1-1,0.0,157.0,114.0,11400.0,1002.0,Au1,,8.0,11640.0,11640.0,0.2328,Isocortex,1,12.0,224899.0,507.0,12.0,224899.0,507.0,18741.583333333332,42.25
251,"Primary auditory cortex, layer 2/3",Au1-2/3,0.0,160.0,119.0,11500.0,1002.0,Au1,,8.0,16080.0,16080.0,0.3216,Isocortex,2.3,57.0,962846.0,2520.0,57.0,962846.0,2520.0,16892.035087719298,44.21052631578947
816,"Primary auditory cortex, layer 4",Au1-4,37.0,164.0,125.0,11600.0,1002.0,Au1,,8.0,17582.0,17582.0,0.35164,Isocortex,4,190.0,3533648.0,9060.0,190.0,3533648.0,9060.0,18598.147368421054,47.68421052631579
847,"Primary auditory cortex, layer 5",Au1-5,71.0,178.0,145.0,11700.0,1002.0,Au1,,8.0,19838.0,19838.0,0.39676,Isocortex,5,139.0,3040894.0,7355.0,139.0,3040894.0,7355.0,21876.93525179856,52.9136690647482
954,"Primary auditory cortex, layer 6a",Au1-6a,93.0,184.0,160.0,11800.0,1002.0,Au1,,8.0,14694.0,14694.0,0.29388,Isocortex,6a,105.0,2234749.0,5380.0,105.0,2234749.0,5380.0,21283.32380952381,51.23809523809524
1005,"Primary auditory cortex, layer 6b",Au1-6b,115.0,190.0,168.0,11900.0,1002.0,Au1,,8.0,4872.0,4872.0,0.09744,Isocortex,6b,26.0,686671.0,1506.0,26.0,686671.0,1506.0,26410.423076923078,57.92307692307692
1018,"Secondary auditory cortex, ventral area",AuV,120.0,255.0,120.0,12700.0,247.0,Au,,7.0,,93258.0,1.86516,Isocortex,AuV,,0.0,0.0,898.0,19954825.0,47500.0,22221.40868596882,52.89532293986637
959,"Secondary auditory cortex, ventral area, layer 1",AuV-1,0.0,156.0,102.0,12800.0,1018.0,AuV,,8.0,13140.0,13140.0,0.2628,Isocortex,1,40.0,740748.0,1884.0,40.0,740748.0,1884.0,18518.7,47.1
755,"Secondary auditory cortex, ventral area, layer 2/3",AuV-2/3,41.0,163.0,113.0,12900.0,1018.0,AuV,,8.0,19038.0,19038.0,0.38076,Isocortex,2.3,160.0,3291554.0,8087.0,160.0,3291554.0,8087.0,20572.2125,50.54375
990,"Secondary auditory cortex, ventral area, layer 4",AuV-4,70.0,168.0,124.0,13000.0,1018.0,AuV,,8.0,19802.0,19802.0,0.39604,Isocortex,4,357.0,7847585.0,18551.0,357.0,7847585.0,18551.0,21982.03081232493,51.963585434173666
1023,"Secondary auditory cortex, ventral area, layer 5",AuV-5,96.0,183.0,144.0,13100.0,1018.0,AuV,,8.0,20722.0,20722.0,0.41444,Isocortex,5,195.0,4539754.0,10745.0,195.0,4539754.0,10745.0,23280.789743589743,55.1025641025641
520,"Secondary auditory cortex, ventral area, layer 6a",AuV-6a,116.0,190.0,160.0,13200.0,1018.0,AuV,,8.0,15552.0,15552.0,0.31104,Isocortex,6a,125.0,3108312.0,7098.0,125.0,3108312.0,7098.0,24866.496,56.784
598,"Secondary auditory cortex, ventral area, layer 6b",AuV-6b,127.0,193.0,168.0,13300.0,1018.0,AuV,,8.0,5004.0,5004.0,0.10008,Isocortex,6b,21.0,426872.0,1135.0,21.0,426872.0,1135.0,20327.238095238095,54.04761904761905
669,Visual cortex,V,112.0,255.0,98.0,13400.0,315.0,Isocortex,,6.0,,760978.0,15.21956,Isocortex,V,,0.0,0.0,7728.0,137670094.0,350531.0,17814.453157349897,45.35856625258799
2170,"Secondary visual cortex, lateral area",V2L,108.0,173.0,178.0,14010.0,669.0,V,,7.0,,171600.0,3.432,Isocortex,V2L,,0.0,0.0,2094.0,40790332.0,100045.0,19479.623686723975,47.77698185291308
402,"Secondary visual cortex, lateral area, anterior region",V2La,112.0,255.0,98.0,14100.0,2170.0,V2L,,8.0,,108524.0,2.17048,Isocortex,La,,0.0,0.0,1351.0,26047642.0,64672.0,19280.26794966691,47.86972612879349
1074,"Secondary visual cortex, lateral area, anterior region, layer1",V2La-1,0.0,160.0,181.0,14200.0,402.0,V2La,,9.0,15940.0,15940.0,0.3188,Isocortex,1,15.0,276281.0,698.0,15.0,276281.0,698.0,18418.733333333334,46.53333333333333
905,"Secondary visual cortex, lateral area, anterior region, layer2/3",V2La-2/3,0.0,161.0,189.0,14300.0,402.0,V2La,,9.0,22424.0,22424.0,0.44848,Isocortex,2.3,191.0,3521428.0,8923.0,191.0,3521428.0,8923.0,18436.795811518325,46.717277486910994
1114,"Secondary visual cortex, lateral area, anterior region, layer4",V2La-4,0.0,161.0,197.0,14400.0,402.0,V2La,,9.0,21546.0,21546.0,0.43092,Isocortex,4,484.0,9422172.0,23645.0,484.0,9422172.0,23645.0,19467.297520661155,48.853305785123965
233,"Secondary visual cortex, lateral area, anterior region, layer5",V2La-5,16.0,179.0,202.0,14500.0,402.0,V2La,,9.0,24488.0,24488.0,0.48976,Isocortex,5,351.0,6780984.0,17222.0,351.0,6780984.0,17222.0,19319.042735042734,49.065527065527064
601,"Secondary visual cortex, lateral area, anterior region, layer6a",V2La-6a,105.0,193.0,212.0,14600.0,402.0,V2La,,9.0,17166.0,17166.0,0.34332,Isocortex,6a,221.0,4193507.0,10068.0,221.0,4193507.0,10068.0,18975.14479638009,45.55656108597285
649,"Secondary visual cortex, lateral area, anterior region, layer6b",V2La-6b,103.0,193.0,221.0,14700.0,402.0,V2La,,9.0,6960.0,6960.0,0.1392,Isocortex,6b,89.0,1853270.0,4116.0,89.0,1853270.0,4116.0,20823.25842696629,46.247191011235955
409,"Secondary visual cortex, lateral area, intermediate region",V2Li,112.0,255.0,98.0,14800.0,2170.0,V2L,,8.0,,40598.0,0.81196,Isocortex,Li,,0.0,0.0,456.0,8759844.0,22242.0,19210.184210526317,48.776315789473685
421,"Secondary visual cortex, lateral area, intermediate region, layer1",V2Li-1,0.0,159.0,158.0,14900.0,409.0,V2Li,,9.0,5534.0,5534.0,0.11068,Isocortex,1,8.0,139720.0,381.0,8.0,139720.0,381.0,17465.0,47.625
973,"Secondary visual cortex, lateral area, intermediate region, layer2/3",V2Li-2/3,0.0,159.0,165.0,15000.0,409.0,V2Li,,9.0,7396.0,7396.0,0.14792,Isocortex,2.3,36.0,783681.0,1854.0,36.0,783681.0,1854.0,21768.916666666668,51.5
573,"Secondary visual cortex, lateral area, intermediate region, layer4",V2Li-4,0.0,161.0,173.0,15100.0,409.0,V2Li,,9.0,7794.0,7794.0,0.15588,Isocortex,4,168.0,3283187.0,8424.0,168.0,3283187.0,8424.0,19542.779761904763,50.142857142857146
613,"Secondary visual cortex, lateral area, intermediate region, layer5",V2Li-5,0.0,176.0,184.0,15200.0,409.0,V2Li,,9.0,8738.0,8738.0,0.17476,Isocortex,5,128.0,2337872.0,6122.0,128.0,2337872.0,6122.0,18264.625,47.828125
74,"Secondary visual cortex, lateral area, intermediate region, layer6a",V2Li-6a,69.0,183.0,193.0,15300.0,409.0,V2Li,,9.0,9030.0,9030.0,0.1806,Isocortex,6a,87.0,1766434.0,4194.0,87.0,1766434.0,4194.0,20303.83908045977,48.206896551724135
121,"Secondary visual cortex, lateral area, intermediate region, layer6b",V2Li-6b,107.0,192.0,203.0,15400.0,409.0,V2Li,,9.0,2106.0,2106.0,0.04212,Isocortex,6b,29.0,448950.0,1267.0,29.0,448950.0,1267.0,15481.034482758621,43.689655172413794
425,"Secondary visual cortex, lateral area, posterior region",V2Lp,112.0,255.0,98.0,15500.0,2170.0,V2L,,8.0,,22478.0,0.44956,Isocortex,Lp,,0.0,0.0,287.0,5982846.0,13131.0,20846.153310104528,45.75261324041812
750,"Secondary visual cortex, lateral area, posterior region, layer1",V2Lp-1,0.0,180.0,205.0,15600.0,425.0,V2Lp,,9.0,3060.0,3060.0,0.0612,Isocortex,1,7.0,109218.0,294.0,7.0,109218.0,294.0,15602.57142857143,42.0
269,"Secondary visual cortex, lateral area, posterior region, layer2/3",V2Lp-2/3,0.0,181.0,214.0,15700.0,425.0,V2Lp,,9.0,4500.0,4500.0,0.09,Isocortex,2.3,45.0,1193393.0,2330.0,45.0,1193393.0,2330.0,26519.844444444443,51.77777777777778
869,"Secondary visual cortex, lateral area, posterior region, layer4",V2Lp-4,0.0,181.0,223.0,15800.0,425.0,V2Lp,,9.0,4668.0,4668.0,0.09336,Isocortex,4,95.0,1735499.0,4185.0,95.0,1735499.0,4185.0,18268.41052631579,44.05263157894737
902,"Secondary visual cortex, lateral area, posterior region, layer15",V2Lp-5,2.0,190.0,215.0,15900.0,425.0,V2Lp,,9.0,6104.0,6104.0,0.12208,Isocortex,5,100.0,2104408.0,4659.0,100.0,2104408.0,4659.0,21044.08,46.59
377,"Secondary visual cortex, lateral area, posterior region, layer6a",V2Lp-6a,110.0,205.0,226.0,16000.0,425.0,V2Lp,,9.0,3734.0,3734.0,0.07468,Isocortex,6a,35.0,794053.0,1523.0,35.0,794053.0,1523.0,22687.22857142857,43.51428571428571
393,"Secondary visual cortex, lateral area, posterior region, layer6b",V2Lp-6b,107.0,205.0,236.0,16100.0,425.0,V2Lp,,9.0,412.0,412.0,0.00824,Isocortex,6b,5.0,46275.0,140.0,5.0,46275.0,140.0,9255.0,28.0
2096,"Secondary Visual Cortex, Medial area",V2M,107.0,205.0,236.0,16110.0,669.0,V,,7.0,,204868.0,4.09736,Isocortex,V2M,,0.0,0.0,1501.0,21409046.0,61627.0,14263.188540972686,41.05729513657562
2097,"Secondary visual cortex, mediolateral area",V2ML,107.0,205.0,236.0,16120.0,2096.0,V2M,,8.0,,74286.0,1.48572,Isocortex,ML,,0.0,0.0,427.0,6694525.0,18796.0,15678.04449648712,44.01873536299766
2393,"Secondary visual cortex, mediolateral area, layer1",V2ML-1,107.0,205.0,236.0,16130.0,2097.0,V2ML,,9.0,11582.0,11582.0,0.23164,Isocortex,1,7.0,108543.0,358.0,7.0,108543.0,358.0,15506.142857142857,51.142857142857146
2409,"Secondary visual cortex, mediolateral area, layer2/3",V2ML-2/3,107.0,205.0,236.0,16140.0,2097.0,V2ML,,9.0,20624.0,20624.0,0.41248,Isocortex,2.3,137.0,2098747.0,6077.0,137.0,2098747.0,6077.0,15319.321167883212,44.35766423357664
2410,"Secondary visual cortex, mediolateral area, layer4",V2ML-4,107.0,205.0,236.0,16150.0,2097.0,V2ML,,9.0,9282.0,9282.0,0.18564,Isocortex,4,62.0,1222145.0,3159.0,62.0,1222145.0,3159.0,19712.016129032258,50.95161290322581
2411,"Secondary visual cortex, mediolateral area, layer5",V2ML-5,107.0,205.0,236.0,16160.0,2097.0,V2ML,,9.0,17768.0,17768.0,0.35536,Isocortex,5,116.0,1807251.0,5007.0,116.0,1807251.0,5007.0,15579.75,43.16379310344828
2412,"Secondary visual cortex, mediolateral area, layer6a",V2ML-6a,107.0,205.0,236.0,16170.0,2097.0,V2ML,,9.0,11534.0,11534.0,0.23068,Isocortex,6a,59.0,877551.0,2432.0,59.0,877551.0,2432.0,14873.745762711864,41.220338983050844
2413,"Secondary visual cortex, mediolateral area, layer6b",V2ML-6b,107.0,205.0,236.0,16180.0,2097.0,V2ML,,9.0,3496.0,3496.0,0.06992,Isocortex,6b,46.0,580288.0,1763.0,46.0,580288.0,1763.0,12614.95652173913,38.32608695652174
394,"Secondary visual cortex, mediomedial area, anterior region",V2MMa,112.0,255.0,98.0,16200.0,2096.0,V2M,,8.0,,70006.0,1.40012,Isocortex,MMa,,0.0,0.0,591.0,8811516.0,25087.0,14909.502538071067,42.44839255499154
281,"Secondary visual cortex, mediomedial area, anterior region, layer1",V2MMa-1,0.0,141.0,139.0,16300.0,394.0,V2MMa,,9.0,12108.0,12108.0,0.24216,Isocortex,1,7.0,115277.0,340.0,7.0,115277.0,340.0,16468.14285714286,48.57142857142857
1066,"Secondary visual cortex, mediomedial area, anterior region, layer2/3",V2MMa-2/3,0.0,142.0,145.0,16400.0,394.0,V2MMa,,9.0,19884.0,19884.0,0.39768,Isocortex,2.3,271.0,4023567.0,11398.0,271.0,4023567.0,11398.0,14847.11070110701,42.05904059040591
401,"Secondary visual cortex, mediomedial area, anterior region, layer4",V2MMa-4,0.0,143.0,152.0,16500.0,394.0,V2MMa,,9.0,2462.0,2462.0,0.04924,Isocortex,4,49.0,658187.0,2042.0,49.0,658187.0,2042.0,13432.387755102041,41.673469387755105
433,"Secondary visual cortex, mediomedial area, anterior region, layer5",V2MMa-5,0.0,158.0,163.0,16600.0,394.0,V2MMa,,9.0,18274.0,18274.0,0.36548,Isocortex,5,175.0,2750232.0,7693.0,175.0,2750232.0,7693.0,15715.611428571428,43.96
1046,"Secondary visual cortex, mediomedial area, anterior region, layer6a",V2MMa-6a,64.0,164.0,172.0,16700.0,394.0,V2MMa,,9.0,14214.0,14214.0,0.28428,Isocortex,6a,57.0,844755.0,2337.0,57.0,844755.0,2337.0,14820.263157894737,41.0
441,"Secondary visual cortex, mediomedial area, anterior region, layer6b",V2MMa-6b,98.0,172.0,181.0,16800.0,394.0,V2MMa,,9.0,3064.0,3064.0,0.06128,Isocortex,6b,32.0,419498.0,1277.0,32.0,419498.0,1277.0,13109.3125,39.90625
533,"Secondary visual cortex, mediomedial area, posterior region",V2MMp,112.0,255.0,98.0,16900.0,2096.0,V2M,,8.0,,60576.0,1.21152,Isocortex,MMp,,0.0,0.0,483.0,5903005.0,17744.0,12221.542443064181,36.737060041407865
805,"Secondary visual cortex, mediomedial area, posterior region, layer1",V2MMp-1,0.0,174.0,184.0,17000.0,533.0,V2MMp,,9.0,15180.0,15180.0,0.3036,Isocortex,1,30.0,280324.0,892.0,30.0,280324.0,892.0,9344.133333333333,29.733333333333334
41,"Secondary visual cortex, mediomedial area, posterior region, layer2/3",V2MMp-2/3,0.0,175.0,191.0,17100.0,533.0,V2MMp,,9.0,16506.0,16506.0,0.33012,Isocortex,2.3,155.0,1915648.0,5794.0,155.0,1915648.0,5794.0,12359.01935483871,37.380645161290325
501,"Secondary visual cortex, mediomedial area, posterior region, layer4",V2MMp-4,0.0,179.0,200.0,17200.0,533.0,V2MMp,,9.0,7620.0,7620.0,0.1524,Isocortex,4,86.0,1186721.0,3445.0,86.0,1186721.0,3445.0,13799.081395348838,40.05813953488372
565,"Secondary visual cortex, mediomedial area, posterior region, layer5",V2MMp-5,63.0,184.0,201.0,17300.0,533.0,V2MMp,,9.0,11968.0,11968.0,0.23936,Isocortex,5,144.0,1704671.0,5089.0,144.0,1704671.0,5089.0,11837.993055555555,35.34027777777778
257,"Secondary visual cortex, mediomedial area, posterior region, layer6a",V2MMp-6a,93.0,188.0,201.0,17400.0,533.0,V2MMp,,9.0,8620.0,8620.0,0.1724,Isocortex,6a,63.0,771093.0,2376.0,63.0,771093.0,2376.0,12239.57142857143,37.714285714285715
469,"Secondary visual cortex, mediomedial area, posterior region, layer6b",V2MMp-6b,119.0,194.0,202.0,17500.0,533.0,V2MMp,,9.0,682.0,682.0,0.01364,Isocortex,6b,5.0,44548.0,148.0,5.0,44548.0,148.0,8909.6,29.6
937,"Primary visual cortex, leaf",V1_leaf,112.0,255.0,98.0,17600.0,385.0,V1,,8.0,3394.0,3394.0,0.06788,Isocortex,misc,6.0,62897.0,210.0,6.0,62897.0,210.0,10482.833333333334,35.0
385,Primary visual cortex,V1,112.0,255.0,98.0,17600.0,669.0,V,,7.0,,384510.0,7.6902,Isocortex,V1,,0.0,0.0,4133.0,75470716.0,188859.0,18260.516815872248,45.69537865956932
593,"Primary visual cortex, layer1",V1-1,0.0,147.0,153.0,17700.0,385.0,V1,,8.0,24752.0,24752.0,0.49504,Isocortex,1,76.0,1343941.0,3138.0,76.0,1343941.0,3138.0,17683.434210526317,41.28947368421053
821,"Primary visual cortex, layer2/3",V1-2/3,0.0,148.0,159.0,17800.0,385.0,V1,,8.0,36596.0,36596.0,0.73192,Isocortex,2.3,391.0,7199269.0,17817.0,391.0,7199269.0,17817.0,18412.452685421995,45.56777493606138
721,"Primary visual cortex, layer4",V1-4,17.0,151.0,167.0,17900.0,385.0,V1,,8.0,29418.0,29418.0,0.58836,Isocortex,4,641.0,12334243.0,29421.0,641.0,12334243.0,29421.0,19242.188767550702,45.898595943837755
778,"Primary visual cortex, layer5",V1-5,60.0,163.0,177.0,18000.0,385.0,V1,,8.0,23110.0,23110.0,0.4622,Isocortex,5,423.0,7938859.0,18637.0,423.0,7938859.0,18637.0,18767.98817966903,44.05910165484634
33,"Primary visual cortex, layer6a",V1-6a,85.0,168.0,178.0,18100.0,385.0,V1,,8.0,17502.0,17502.0,0.35004,Isocortex,6a,158.0,2748956.0,6692.0,158.0,2748956.0,6692.0,17398.45569620253,42.35443037974684
305,"Primary visual cortex, layer6b",V1-6b,107.0,173.0,178.0,18200.0,385.0,V1,,8.0,3808.0,3808.0,0.07616,Isocortex,6b,64.0,1176270.0,3051.0,64.0,1176270.0,3051.0,18379.21875,47.671875
2098,"Primary visual cortex, monocular area",V1M,112.0,255.0,98.0,18210.0,385.0,V1,,8.0,,121062.0,2.42124,Isocortex,M,,0.0,0.0,640.0,11538010.0,30104.0,18028.140625,47.0375
2428,"Primary visual cortex, monocular area, layer1",V1M-1,112.0,255.0,98.0,18220.0,2098.0,V1M,,9.0,16558.0,16558.0,0.33116,Isocortex,1,9.0,176210.0,473.0,9.0,176210.0,473.0,19578.88888888889,52.55555555555556
2429,"Primary visual cortex, monocular area, layer2/3",V1M-2/3,112.0,255.0,98.0,18230.0,2098.0,V1M,,9.0,27934.0,27934.0,0.55868,Isocortex,2.3,152.0,2794533.0,7549.0,152.0,2794533.0,7549.0,18385.08552631579,49.66447368421053
2430,"Primary visual cortex, monocular area, layer4",V1M-4,112.0,255.0,98.0,18240.0,2098.0,V1M,,9.0,21080.0,21080.0,0.4216,Isocortex,4,166.0,2760637.0,7538.0,166.0,2760637.0,7538.0,16630.343373493975,45.40963855421687
2431,"Primary visual cortex, monocular area, layer5",V1M-5,112.0,255.0,98.0,18250.0,2098.0,V1M,,9.0,27074.0,27074.0,0.54148,Isocortex,5,192.0,3791279.0,9299.0,192.0,3791279.0,9299.0,19746.244791666668,48.432291666666664
2432,"Primary visual cortex, monocular area, layer6a",V1M-6a,112.0,255.0,98.0,18260.0,2098.0,V1M,,9.0,20956.0,20956.0,0.41912,Isocortex,6a,72.0,1163389.0,3002.0,72.0,1163389.0,3002.0,16158.180555555555,41.69444444444444
2433,"Primary visual cortex, monocular area, layer16b",V1M-6b,112.0,255.0,98.0,18270.0,2098.0,V1M,,9.0,7460.0,7460.0,0.1492,Isocortex,6b,49.0,851962.0,2243.0,49.0,851962.0,2243.0,17386.979591836734,45.775510204081634
2133,"Primary visual cortex, binocular area",V1B,112.0,255.0,98.0,18280.0,385.0,V1,,8.0,,124868.0,2.49736,Isocortex,B,,0.0,0.0,1734.0,31128271.0,79789.0,17951.713379469435,46.01441753171857
2434,"Primary visual cortex, binocular area, layer1",V1B-1,112.0,255.0,98.0,18290.0,2133.0,V1B,,9.0,16434.0,16434.0,0.32868,Isocortex,1,23.0,391343.0,1071.0,23.0,391343.0,1071.0,17014.91304347826,46.56521739130435
2435,"Primary visual cortex, binocular area, layer2/3",V1B-2/3,112.0,255.0,98.0,18291.0,2133.0,V1B,,9.0,26416.0,26416.0,0.52832,Isocortex,2.3,363.0,6604598.0,17591.0,363.0,6604598.0,17591.0,18194.484848484848,48.460055096418735
2436,"Primary visual cortex, binocular area, layer4",V1B-4,112.0,255.0,98.0,18292.0,2133.0,V1B,,9.0,22576.0,22576.0,0.45152,Isocortex,4,633.0,10780252.0,28751.0,633.0,10780252.0,28751.0,17030.41390205371,45.42022116903634
2437,"Primary visual cortex, binocular area, layer5",V1B-5,112.0,255.0,98.0,18293.0,2133.0,V1B,,9.0,27720.0,27720.0,0.5544,Isocortex,5,399.0,7281606.0,18444.0,399.0,7281606.0,18444.0,18249.639097744363,46.225563909774436
2438,"Primary visual cortex, binocular area, layer6a",V1B-6a,112.0,255.0,98.0,18294.0,2133.0,V1B,,9.0,23728.0,23728.0,0.47456,Isocortex,6a,217.0,4197106.0,9747.0,217.0,4197106.0,9747.0,19341.502304147467,44.91705069124424
2439,"Primary visual cortex, binocular area, layer6b",V1B-6b,112.0,255.0,98.0,18295.0,2133.0,V1B,,9.0,7994.0,7994.0,0.15988,Isocortex,6b,99.0,1873366.0,4185.0,99.0,1873366.0,4185.0,18922.88888888889,42.27272727272727
31,Cingulate cortex,A24 (Cg),112.0,255.0,113.0,18300.0,315.0,Isocortex,,6.0,,184606.0,3.69212,Isocortex,Cg,,0.0,0.0,1001.0,11108852.0,34301.0,11097.754245754246,34.26673326673327
2345,"Cingulate cortex, area 24b ",A24b (Cg1),169.0,203.0,142.0,18810.0,31.0,A24 (Cg),,7.0,,107144.0,2.14288,Isocortex,Cg1,,0.0,0.0,417.0,4741175.0,14489.0,11369.7242206235,34.74580335731415
2346,"Cingulate cortex, area 24b, layer1",A24b (Cg1)-1,169.0,203.0,142.0,18820.0,2345.0,A24b (Cg1),,8.0,26424.0,26424.0,0.52848,Isocortex,1,20.0,170632.0,534.0,20.0,170632.0,534.0,8531.6,26.7
2347,"Cingulate cortex, area 24b, layer2/3",A24b (Cg1)-2/3,169.0,203.0,142.0,18830.0,2345.0,A24b (Cg1),,8.0,33754.0,33754.0,0.67508,Isocortex,2.3,140.0,1428020.0,4531.0,140.0,1428020.0,4531.0,10200.142857142857,32.364285714285714
2348,"Cingulate cortex, area 24b, layer5",A24b (Cg1)-5,169.0,203.0,142.0,18840.0,2345.0,A24b (Cg1),,8.0,27548.0,27548.0,0.55096,Isocortex,5,120.0,1437716.0,4407.0,120.0,1437716.0,4407.0,11980.966666666667,36.725
2349,"Cingulate cortex, area 24b, layer6a",A24b (Cg1)-6a,169.0,203.0,142.0,18850.0,2345.0,A24b (Cg1),,8.0,16460.0,16460.0,0.3292,Isocortex,6a,109.0,1370101.0,4009.0,109.0,1370101.0,4009.0,12569.733944954129,36.77981651376147
2350,"Cingulate cortex, area 24b, layer6b",A24b (Cg1)-6b,169.0,203.0,142.0,18860.0,2345.0,A24b (Cg1),,8.0,2958.0,2958.0,0.05916,Isocortex,6b,28.0,334706.0,1008.0,28.0,334706.0,1008.0,11953.785714285714,36.0
39,"Cingulate cortex, area 24b'",A24b' (Cg1),113.0,255.0,113.0,18900.0,31.0,A24 (Cg),,7.0,,36612.0,0.73224,Isocortex,Cg1',,0.0,0.0,419.0,4774781.0,14754.0,11395.658711217184,35.21241050119332
935,"Cingulate cortex, area 24b', layer1",A24b' (Cg1)-1,96.0,170.0,75.0,19000.0,39.0,A24b' (Cg1),,8.0,9082.0,9082.0,0.18164,Isocortex,1,22.0,145035.0,497.0,22.0,145035.0,497.0,6592.5,22.59090909090909
211,"Cingulate cortex, area 24b', layer2/3",A24b' (Cg1)-2/3,116.0,175.0,88.0,19100.0,39.0,A24b' (Cg1),,8.0,12388.0,12388.0,0.24776,Isocortex,2.3,180.0,2006775.0,6366.0,180.0,2006775.0,6366.0,11148.75,35.36666666666667
1015,"Cingulate cortex, area 24b', layer5",A24b' (Cg1)-5,137.0,183.0,108.0,19200.0,39.0,A24b' (Cg1),,8.0,9868.0,9868.0,0.19736,Isocortex,5,149.0,1773260.0,5403.0,149.0,1773260.0,5403.0,11901.073825503356,36.261744966442954
919,"Cingulate cortex, area 24b', layer6a",A24b' (Cg1)-6a,157.0,199.0,128.0,19300.0,39.0,A24b' (Cg1),,8.0,4748.0,4748.0,0.09496,Isocortex,6a,63.0,801355.0,2331.0,63.0,801355.0,2331.0,12719.920634920634,37.0
927,"Cingulate cortex, area 24b', layer6b",A24b' (Cg1)-6b,168.0,203.0,142.0,19400.0,39.0,A24b' (Cg1),,8.0,526.0,526.0,0.01052,Isocortex,6b,5.0,48356.0,157.0,5.0,48356.0,157.0,9671.2,31.4
48,"Cingulate cortex, area 24a'",A24a' (Cg2),114.0,255.0,113.0,19500.0,31.0,A24 (Cg),,7.0,,40850.0,0.817,Isocortex,Cg2,,0.0,0.0,165.0,1592896.0,5058.0,9653.915151515152,30.654545454545456
588,"Cingulate cortex, area 24a', layer1",A24a' (Cg2)-1,109.0,191.0,85.0,19600.0,48.0,A24a' (Cg2),,8.0,10338.0,10338.0,0.20676,Isocortex,1,24.0,173895.0,595.0,24.0,173895.0,595.0,7245.625,24.791666666666668
296,"Cingulate cortex, area 24a', layer2/3",A24a' (Cg2)-2/3,131.0,198.0,100.0,19700.0,48.0,A24a' (Cg2),,8.0,14234.0,14234.0,0.28468,Isocortex,2.3,64.0,509786.0,1648.0,64.0,509786.0,1648.0,7965.40625,25.75
772,"Cingulate cortex, area 24a', layer5",A24a' (Cg2)-5,155.0,207.0,122.0,19800.0,48.0,A24a' (Cg2),,8.0,7324.0,7324.0,0.14648,Isocortex,5,26.0,281952.0,892.0,26.0,281952.0,892.0,10844.307692307691,34.30769230769231
810,"Cingulate cortex, area 24a', layer6a",A24a' (Cg2)-6a,167.0,212.0,136.0,19900.0,48.0,A24a' (Cg2),,8.0,7202.0,7202.0,0.14404,Isocortex,6a,36.0,397981.0,1235.0,36.0,397981.0,1235.0,11055.027777777777,34.30555555555556
819,"Cingulate cortex, area 24a', layer6b",A24a' (Cg2)-6b,178.0,217.0,152.0,20000.0,48.0,A24a' (Cg2),,8.0,1752.0,1752.0,0.03504,Isocortex,6b,15.0,229282.0,688.0,15.0,229282.0,688.0,15285.466666666667,45.86666666666667
972,"Cingulate cortex, area 32 (Prelimbic cortex)",A32 (PrL),112.0,255.0,118.0,20100.0,315.0,Isocortex,,6.0,,102390.0,2.0478,Isocortex,PrL,,0.0,0.0,440.0,5181570.0,15370.0,11776.295454545454,34.93181818181818
171,"Cingulate cortex, area 32 (Prelimbic cortex), layer1",A32 (PrL)-1,83.0,150.0,66.0,20200.0,972.0,A32 (PrL),,7.0,23856.0,23856.0,0.47712,Isocortex,1,19.0,218416.0,681.0,19.0,218416.0,681.0,11495.578947368422,35.8421052631579
195,"Cingulate cortex, area 32 (Prelimbic cortex), layer2",A32 (PrL)-2,101.0,156.0,78.0,20300.0,972.0,A32 (PrL),,7.0,,0.0,0.0,Isocortex,2,,0.0,0.0,0.0,0.0,0.0,,
304,"Cingulate cortex, area 32 (Prelimbic cortex), layer2/3",A32 (PrL)-2/3,121.0,163.0,95.0,20400.0,972.0,A32 (PrL),,7.0,29784.0,29784.0,0.59568,Isocortex,2.3,168.0,1720651.0,5397.0,168.0,1720651.0,5397.0,10241.970238095239,32.125
363,"Cingulate cortex, area 32 (Prelimbic cortex), layer5",A32 (PrL)-5,140.0,178.0,114.0,20500.0,972.0,A32 (PrL),,7.0,36902.0,36902.0,0.73804,Isocortex,5,188.0,2211408.0,6538.0,188.0,2211408.0,6538.0,11762.808510638299,34.776595744680854
84,"Cingulate cortex, area 32 (Prelimbic cortex), layer6a",A32 (PrL)-6a,150.0,182.0,127.0,20600.0,972.0,A32 (PrL),,7.0,11848.0,11848.0,0.23696,Isocortex,6a,65.0,1031095.0,2754.0,65.0,1031095.0,2754.0,15863.0,42.36923076923077
132,"Cingulate cortex, area 32 (Prelimbic cortex), layer6b",A32 (PrL)-6b,160.0,187.0,142.0,20700.0,972.0,A32 (PrL),,7.0,,0.0,0.0,Isocortex,6b,,0.0,0.0,0.0,0.0,0.0,,
714,Orbital cortex,O,128.0,255.0,128.0,20800.0,315.0,Isocortex,,6.0,,275026.0,5.50052,Isocortex,O,,0.0,0.0,1978.0,26506747.0,71020.0,13400.78210313448,35.90495449949444
723,Lateral orbital cortex,LO,127.0,255.0,128.0,21400.0,714.0,O,,7.0,,140762.0,2.81524,Isocortex,L,,0.0,0.0,1143.0,16220930.0,41894.0,14191.53980752406,36.652668416447945
480,"Lateral orbital cortex, leaf",LO_leaf,127.0,255.0,128.0,21400.0,723.0,LO,,8.0,2364.0,2364.0,0.04728,Isocortex,misc,,0.0,0.0,0.0,0.0,0.0,,
448,"Lateral orbital cortex, layer1",LO-1,37.0,143.0,69.0,21500.0,723.0,LO,,8.0,33296.0,33296.0,0.66592,Isocortex,1,178.0,2378308.0,6267.0,178.0,2378308.0,6267.0,13361.280898876405,35.20786516853933
412,"Lateral orbital cortex, layer2/3",LO-2/3,63.0,148.0,87.0,21600.0,723.0,LO,,8.0,62110.0,62110.0,1.2422,Isocortex,2.3,573.0,8492256.0,21626.0,573.0,8492256.0,21626.0,14820.69109947644,37.74171029668412
630,"Lateral orbital cortex, layer5",LO-5,82.0,152.0,98.0,21700.0,723.0,LO,,8.0,38424.0,38424.0,0.76848,Isocortex,5,327.0,4311526.0,11487.0,327.0,4311526.0,11487.0,13185.094801223242,35.12844036697248
440,"Lateral orbital cortex, layer6a",LO-6a,107.0,168.0,116.0,21800.0,723.0,LO,,8.0,4568.0,4568.0,0.09136,Isocortex,6a,65.0,1038840.0,2514.0,65.0,1038840.0,2514.0,15982.153846153846,38.676923076923075
488,"Lateral orbital cortex, layer6b",LO-6b,128.0,175.0,128.0,21900.0,723.0,LO,,8.0,,0.0,0.0,Isocortex,6b,,0.0,0.0,0.0,0.0,0.0,,
731,Medial orbital cortex,MO,126.0,255.0,128.0,22000.0,714.0,O,,7.0,,71346.0,1.42692,Isocortex,M,,0.0,0.0,277.0,2799850.0,8656.0,10107.761732851986,31.249097472924188
635,"Medial orbital cortex, leaf",MO_leaf,126.0,255.0,128.0,22000.0,731.0,MO,,8.0,1572.0,1572.0,0.03144,Isocortex,misc,,0.0,0.0,0.0,0.0,0.0,,
484,"Medial orbital cortex, layer1",MO-1,102.0,155.0,63.0,22100.0,731.0,MO,,8.0,23110.0,23110.0,0.4622,Isocortex,1,31.0,269232.0,880.0,31.0,269232.0,880.0,8684.90322580645,28.387096774193548
524,"Medial orbital cortex, layer2/3",MO-2/3,121.0,162.0,82.0,22200.0,731.0,MO,,8.0,,0.0,0.0,Isocortex,2.3,,0.0,0.0,0.0,0.0,0.0,,
582,"Medial orbital cortex, layer5",MO-5,131.0,166.0,95.0,22300.0,731.0,MO,,8.0,28014.0,28014.0,0.56028,Isocortex,5,139.0,1446753.0,4378.0,139.0,1446753.0,4378.0,10408.294964028777,31.496402877697843
620,"Medial orbital cortex, layer6a",MO-6a,150.0,181.0,113.0,22400.0,731.0,MO,,8.0,18182.0,18182.0,0.36364,Isocortex,6a,96.0,1006581.0,3138.0,96.0,1006581.0,3138.0,10485.21875,32.6875
910,"Medial orbital cortex, layer6b",MO-6b,161.0,186.0,127.0,22500.0,731.0,MO,,8.0,468.0,468.0,0.00936,Isocortex,6b,11.0,77284.0,260.0,11.0,77284.0,260.0,7025.818181818182,23.636363636363637
2510,"Ventral orbital cortex, leaf",VO_leaf,125.0,255.0,128.0,22600.0,738.0,VO,,8.0,1622.0,1622.0,0.03244,Isocortex,misc,,0.0,0.0,0.0,0.0,0.0,,
738,Ventral orbital cortex,VO,125.0,255.0,128.0,22600.0,714.0,O,,7.0,,62918.0,1.25836,Isocortex,V,,0.0,0.0,558.0,7485967.0,20470.0,13415.71146953405,36.68458781362007
2320,"Orbital cortex, ventral part, layer 1",VO-1,125.0,255.0,128.0,22610.0,738.0,VO,,8.0,19340.0,19340.0,0.3868,Isocortex,1,119.0,1684283.0,4527.0,119.0,1684283.0,4527.0,14153.638655462184,38.04201680672269
2321,"Orbital cortex, ventral part, layer 2/3",VO-2/3,125.0,255.0,128.0,22620.0,738.0,VO,,8.0,29916.0,29916.0,0.59832,Isocortex,2.3,310.0,4098022.0,11281.0,310.0,4098022.0,11281.0,13219.425806451613,36.39032258064516
2322,"Orbital cortex, ventral part, layer 5",VO-5,125.0,255.0,128.0,22630.0,738.0,VO,,8.0,9032.0,9032.0,0.18064,Isocortex,5,91.0,1146277.0,3162.0,91.0,1146277.0,3162.0,12596.45054945055,34.747252747252745
2323,"Orbital cortex, ventral part, layer 6a",VO-6a,125.0,255.0,128.0,22640.0,738.0,VO,,8.0,2636.0,2636.0,0.05272,Isocortex,6a,37.0,553701.0,1483.0,37.0,553701.0,1483.0,14964.891891891892,40.08108108108108
2324,"Orbital cortex, ventral part, layer 6b",VO-6b,125.0,255.0,128.0,22650.0,738.0,VO,,8.0,372.0,372.0,0.00744,Isocortex,6b,1.0,3684.0,17.0,1.0,3684.0,17.0,3684.0,17.0
95,Agranular insular cortex,AI,112.0,255.0,114.0,23300.0,315.0,Isocortex,,6.0,,283750.0,5.675,Isocortex,AI,,0.0,0.0,1217.0,22661339.0,55803.0,18620.656532456862,45.85291700903862
2331,"Agranular insular cortex, layer 1",AI1,112.0,255.0,114.0,23310.0,95.0,AI,,7.0,2372.0,2372.0,0.04744,Isocortex,1,3.0,34247.0,108.0,3.0,34247.0,108.0,11415.666666666666,36.0
2332,"Agranular insular cortex, layer 2/3",AI2/3,112.0,255.0,114.0,23320.0,95.0,AI,,7.0,3432.0,3432.0,0.06864,Isocortex,2.3,19.0,216647.0,664.0,19.0,216647.0,664.0,11402.473684210527,34.94736842105263
2333,"Agranular insular cortex, layer 5",AI5,112.0,255.0,114.0,23330.0,95.0,AI,,7.0,2462.0,2462.0,0.04924,Isocortex,5,8.0,82193.0,221.0,8.0,82193.0,221.0,10274.125,27.625
104,"Agranular insular cortex, dorsal part",AID,113.0,255.0,114.0,23400.0,95.0,AI,,7.0,,135634.0,2.71268,Isocortex,D,,0.0,0.0,558.0,9181567.0,23184.0,16454.421146953406,41.54838709677419
996,"Agranular insular cortex, dorsal part, layer1",AID-1,74.0,165.0,77.0,23500.0,104.0,AID,,8.0,18686.0,18686.0,0.37372,Isocortex,1,17.0,351959.0,874.0,17.0,351959.0,874.0,20703.470588235294,51.411764705882355
328,"Agranular insular cortex, dorsal part, layer2/3",AID-2/3,95.0,171.0,97.0,23600.0,104.0,AID,,8.0,38910.0,38910.0,0.7782,Isocortex,2.3,149.0,2773817.0,6693.0,149.0,2773817.0,6693.0,18616.22147651007,44.919463087248324
1101,"Agranular insular cortex, dorsal part, layer5",AID-5,114.0,177.0,110.0,23700.0,104.0,AID,,8.0,29348.0,29348.0,0.58696,Isocortex,5,135.0,2254851.0,5751.0,135.0,2254851.0,5751.0,16702.6,42.6
783,"Agranular insular cortex, dorsal part, layer6a",AID-6a,144.0,195.0,129.0,23800.0,104.0,AID,,8.0,11524.0,11524.0,0.23048,Isocortex,6a,86.0,1284950.0,3444.0,86.0,1284950.0,3444.0,14941.279069767443,40.04651162790697
831,"Agranular insular cortex, dorsal part, layer6b",AID-6b,156.0,200.0,143.0,23900.0,104.0,AID,,8.0,48.0,48.0,0.00096,Isocortex,6b,,0.0,0.0,0.0,0.0,0.0,,
2020,Dorsolateral orbital cortex,DLO,156.0,200.0,143.0,23910.0,104.0,AID,,8.0,,37118.0,0.74236,Isocortex,DLO,,0.0,0.0,171.0,2515990.0,6422.0,14713.391812865497,37.55555555555556
2326,"Dorsolateral orbital cortex, layer 1",DLO-1,156.0,200.0,143.0,23920.0,2020.0,DLO,,9.0,11712.0,11712.0,0.23424,Isocortex,1,21.0,249571.0,713.0,21.0,249571.0,713.0,11884.333333333334,33.95238095238095
2327,"Dorsolateral orbital cortex, layer 2/3",DLO-2/3,156.0,200.0,143.0,23930.0,2020.0,DLO,,9.0,18360.0,18360.0,0.3672,Isocortex,2.3,104.0,1604201.0,3977.0,104.0,1604201.0,3977.0,15425.009615384615,38.24038461538461
2328,Dorsolateral orbital cortex layer 5,DLO-5,156.0,200.0,143.0,23940.0,2020.0,DLO,,9.0,7046.0,7046.0,0.14092,Isocortex,5,46.0,662218.0,1732.0,46.0,662218.0,1732.0,14396.04347826087,37.65217391304348
2329,Dorsolateral orbital cortex layer 6a,DLO-6a,156.0,200.0,143.0,23950.0,2020.0,DLO,,9.0,,0.0,0.0,Isocortex,6a,,0.0,0.0,0.0,0.0,0.0,,
2330,Dorsolateral orbital cortex layer 6b,DLO-6b,156.0,200.0,143.0,23960.0,2020.0,DLO,,9.0,,0.0,0.0,Isocortex,6b,,0.0,0.0,0.0,0.0,0.0,,
111,"Agranular insular cortex, posterior part",AIP,111.0,255.0,114.0,24000.0,95.0,AI,,7.0,,59508.0,1.19016,Isocortex,P,,0.0,0.0,256.0,5729246.0,13755.0,22379.8671875,53.73046875
120,"Agranular insular cortex, posterior part, layer1",AIP-1,0.0,154.0,82.0,24100.0,111.0,AIP,,8.0,13484.0,13484.0,0.26968,Isocortex,1,8.0,244763.0,437.0,8.0,244763.0,437.0,30595.375,54.625
163,"Agranular insular cortex, posterior part, layer2/3",AIP-2/3,20.0,160.0,94.0,24200.0,111.0,AIP,,8.0,28316.0,28316.0,0.56632,Isocortex,2.3,151.0,3299561.0,8210.0,151.0,3299561.0,8210.0,21851.39735099338,54.370860927152314
344,"Agranular insular cortex, posterior part, layer5",AIP-5,59.0,165.0,106.0,24300.0,111.0,AIP,,8.0,11962.0,11962.0,0.23924,Isocortex,5,55.0,1078828.0,2759.0,55.0,1078828.0,2759.0,19615.054545454546,50.163636363636364
314,"Agranular insular cortex, posterior part, layer6a",AIP-6a,87.0,180.0,124.0,24400.0,111.0,AIP,,8.0,5746.0,5746.0,0.11492,Isocortex,6a,42.0,1106094.0,2349.0,42.0,1106094.0,2349.0,26335.571428571428,55.92857142857143
355,"Agranular insular cortex, posterior part, layer6b",AIP-6b,108.0,186.0,137.0,24500.0,111.0,AIP,,8.0,,0.0,0.0,Isocortex,6b,,0.0,0.0,0.0,0.0,0.0,,
119,"Agranular insular cortex, ventral part",AIV,110.0,255.0,114.0,24600.0,95.0,AI,,7.0,,80342.0,1.60684,Isocortex,V,,0.0,0.0,373.0,7417439.0,17871.0,19885.895442359248,47.911528150134046
704,"Agranular insular cortex, ventral part, layer1",AIV-1,84.0,186.0,88.0,24700.0,119.0,AIV,,8.0,16248.0,16248.0,0.32496,Isocortex,1,19.0,516340.0,1121.0,19.0,516340.0,1121.0,27175.78947368421,59.0
694,"Agranular insular cortex, ventral part, layer2/3",AIV-2/3,107.0,192.0,110.0,24800.0,119.0,AIV,,8.0,27804.0,27804.0,0.55608,Isocortex,2.3,155.0,3398718.0,8067.0,155.0,3398718.0,8067.0,21927.212903225805,52.04516129032258
800,"Agranular insular cortex, ventral part, layer5",AIV-5,129.0,199.0,124.0,24900.0,119.0,AIV,,8.0,26560.0,26560.0,0.5312,Isocortex,5,146.0,2625376.0,6565.0,146.0,2625376.0,6565.0,17982.027397260274,44.965753424657535
675,"Agranular insular cortex, ventral part, layer6a",AIV-6a,153.0,207.0,137.0,25000.0,119.0,AIV,,8.0,9730.0,9730.0,0.1946,Isocortex,6a,53.0,877005.0,2118.0,53.0,877005.0,2118.0,16547.264150943396,39.9622641509434
699,"Agranular insular cortex, ventral part, layer6b",AIV-6b,166.0,213.0,152.0,25100.0,119.0,AIV,,8.0,,0.0,0.0,Isocortex,6b,,0.0,0.0,0.0,0.0,0.0,,
254,"Cingulate cortex, area 29 and 30 (retrosplenial cortex)",A29-30 (RS),112.0,255.0,120.0,25200.0,315.0,Isocortex,,6.0,,370028.0,7.40056,Isocortex,RS,,0.0,0.0,2746.0,41388564.0,112883.0,15072.310269482885,41.1081573197378
879,"Cingulate cortex, area 30 (Retrosplenial dysgranular cortex)",A30 (RSD),112.0,255.0,120.0,25900.0,254.0,A29-30 (RS),,7.0,,176668.0,3.53336,Isocortex,RSD,,0.0,0.0,1491.0,24610436.0,64909.0,16505.993293091884,43.53386988598256
442,"Cingulate cortex, area 30 (Retrosplenial dysgranular cortex), layer1",A30 (RSD)-1,0.0,139.0,89.0,26000.0,879.0,A30 (RSD),,8.0,38158.0,38158.0,0.76316,Isocortex,1,62.0,738020.0,2140.0,62.0,738020.0,2140.0,11903.548387096775,34.516129032258064
434,"Cingulate cortex, area 30 (Retrosplenial dysgranular cortex), layer2/3",A30 (RSD)-2/3,34.0,145.0,99.0,26100.0,879.0,A30 (RSD),,8.0,51104.0,51104.0,1.02208,Isocortex,2.3,729.0,12794724.0,31975.0,729.0,12794724.0,31975.0,17551.061728395063,43.86145404663923
545,"Cingulate cortex, area 30 (Retrosplenial dysgranular cortex), layer4",A30 (RSD)-4,35.0,145.0,99.0,26200.0,879.0,A30 (RSD),,8.0,64.0,64.0,0.00128,Isocortex,4,,0.0,0.0,0.0,0.0,0.0,,
610,"Cingulate cortex, area 30 (Retrosplenial dysgranular cortex), layer5",A30 (RSD)-5,60.0,149.0,109.0,26300.0,879.0,A30 (RSD),,8.0,47220.0,47220.0,0.9444,Isocortex,5,425.0,6633085.0,18963.0,425.0,6633085.0,18963.0,15607.258823529412,44.61882352941176
274,"Cingulate cortex, area 30 (Retrosplenial dysgranular cortex), layer6a",A30 (RSD)-6a,86.0,164.0,129.0,26400.0,879.0,A30 (RSD),,8.0,34202.0,34202.0,0.68404,Isocortex,6a,238.0,3758244.0,9971.0,238.0,3758244.0,9971.0,15790.941176470587,41.89495798319328
330,"Cingulate cortex, area 30 (Retrosplenial dysgranular cortex), layer6b",A30 (RSD)-6b,104.0,170.0,142.0,26500.0,879.0,A30 (RSD),,8.0,5920.0,5920.0,0.1184,Isocortex,6b,37.0,686363.0,1860.0,37.0,686363.0,1860.0,18550.35135135135,50.270270270270274
886,"Cingulate cortex, area 29 (Retrosplenial granular cortex)",A29 (RSG),112.0,255.0,120.0,26600.0,254.0,A29-30 (RS),,7.0,,193360.0,3.8672,Isocortex,RSG,,0.0,0.0,1255.0,16778128.0,47974.0,13369.026294820716,38.22629482071713
2132,"Cingulate cortex, area 29c (Retrosplenial granular cortex c)",A29c (RSGc),112.0,255.0,120.0,26610.0,886.0,A29 (RSG),,8.0,,118512.0,2.37024,Isocortex,c,,0.0,0.0,766.0,9458364.0,28096.0,12347.733681462141,36.67885117493473
542,"Cingulate cortex, area 29c (Retrosplenial granular cortex c), layer1",A29c (RSGc)-1,0.0,138.0,79.0,26700.0,2132.0,A29c (RSGc),,9.0,26412.0,26412.0,0.52824,Isocortex,1,61.0,553827.0,1744.0,61.0,553827.0,1744.0,9079.131147540984,28.59016393442623
606,"Cingulate cortex, area 29c (Retrosplenial granular cortex c), layer2",A29c (RSGc)-2,35.0,145.0,94.0,26800.0,2132.0,A29c (RSGc),,9.0,,0.0,0.0,Isocortex,2,,0.0,0.0,0.0,0.0,0.0,,
430,"Cingulate cortex, area 29c (Retrosplenial granular cortex c), layer2/3",A29c (RSGc)-2/3,61.0,149.0,104.0,26900.0,2132.0,A29c (RSGc),,9.0,45666.0,45666.0,0.91332,Isocortex,2.3,458.0,5438967.0,16308.0,458.0,5438967.0,16308.0,11875.473799126637,35.60698689956332
687,"Cingulate cortex, area 29c (Retrosplenial granular cortex c), layer5",A29c (RSGc)-5,87.0,163.0,123.0,27000.0,2132.0,A29c (RSGc),,9.0,26896.0,26896.0,0.53792,Isocortex,5,116.0,1706128.0,4754.0,116.0,1706128.0,4754.0,14708.0,40.98275862068966
590,"Cingulate cortex, area 29c (Retrosplenial granular cortex c), layer6a",A29c (RSGc)-6a,96.0,166.0,129.0,27100.0,2132.0,A29c (RSGc),,9.0,16630.0,16630.0,0.3326,Isocortex,6a,108.0,1420278.0,4285.0,108.0,1420278.0,4285.0,13150.722222222223,39.675925925925924
622,"Cingulate cortex, area 29c (Retrosplenial granular cortex c), layer6b",A29c (RSGc)-6b,105.0,169.0,135.0,27200.0,2132.0,A29c (RSGc),,9.0,2908.0,2908.0,0.05816,Isocortex,6b,23.0,339164.0,1005.0,23.0,339164.0,1005.0,14746.260869565218,43.69565217391305
2066,"Cingulate cortex, area 29b (Retrosplenial granular cortex b)",A29b (RSGb),112.0,255.0,120.0,27210.0,886.0,A29 (RSG),,8.0,,36622.0,0.73244,Isocortex,b,,0.0,0.0,272.0,3892912.0,10952.0,14312.176470588236,40.26470588235294
2416,"Cingulate cortex, area 29b (Retrosplenial granular cortex b), layer1",A29b (RSGb)-1,112.0,255.0,120.0,27220.0,2066.0,A29b (RSGb),,9.0,10548.0,10548.0,0.21096,Isocortex,1,94.0,1272248.0,3647.0,94.0,1272248.0,3647.0,13534.553191489362,38.797872340425535
2417,"Cingulate cortex, area 29b (Retrosplenial granular cortex b), layer2/3",A29b (RSGb)-2/3,112.0,255.0,120.0,27230.0,2066.0,A29b (RSGb),,9.0,10716.0,10716.0,0.21432,Isocortex,2.3,113.0,1761000.0,4764.0,113.0,1761000.0,4764.0,15584.070796460177,42.15929203539823
2418,"Cingulate cortex, area 29b (Retrosplenial granular cortex b), layer5",A29b (RSGb)-5,112.0,255.0,120.0,27240.0,2066.0,A29b (RSGb),,9.0,11976.0,11976.0,0.23952,Isocortex,5,47.0,620287.0,1851.0,47.0,620287.0,1851.0,13197.595744680852,39.38297872340426
2419,"Cingulate cortex, area 29b (Retrosplenial granular cortex b), layer6a",A29b (RSGb)-6a,112.0,255.0,120.0,27250.0,2066.0,A29b (RSGb),,9.0,2700.0,2700.0,0.054,Isocortex,6a,13.0,159069.0,501.0,13.0,159069.0,501.0,12236.076923076924,38.53846153846154
2420,"Cingulate cortex, area 29b (Retrosplenial granular cortex b), layer6b",A29b (RSGb)-6b,112.0,255.0,120.0,27260.0,2066.0,A29b (RSGb),,9.0,682.0,682.0,0.01364,Isocortex,6b,5.0,80308.0,189.0,5.0,80308.0,189.0,16061.6,37.8
2067,"Cingulate cortex, area 29a (Retrosplenial granular cortex a)",A29a (RSGa),112.0,255.0,120.0,27270.0,886.0,A29 (RSG),,8.0,,38226.0,0.76452,Isocortex,a,,0.0,0.0,217.0,3426852.0,8926.0,15791.94470046083,41.133640552995395
2421,"Cingulate cortex, area 29a (Retrosplenial granular cortex a), layer1",A29a (RSGa)-1,112.0,255.0,120.0,27280.0,2067.0,A29a (RSGa),,9.0,7486.0,7486.0,0.14972,Isocortex,1,49.0,728563.0,1912.0,49.0,728563.0,1912.0,14868.632653061224,39.02040816326531
2422,"Cingulate cortex, area 29a (Retrosplenial granular cortex a), layer2/3",A29a (RSGa)-2/3,112.0,255.0,120.0,27290.0,2067.0,A29a (RSGa),,9.0,10818.0,10818.0,0.21636,Isocortex,2.3,116.0,1768085.0,4761.0,116.0,1768085.0,4761.0,15242.112068965518,41.043103448275865
2423,"Cingulate cortex, area 29a (Retrosplenial granular cortex a), layer5",A29a (RSGa)-5,112.0,255.0,120.0,27291.0,2067.0,A29a (RSGa),,9.0,15060.0,15060.0,0.3012,Isocortex,5,40.0,697855.0,1686.0,40.0,697855.0,1686.0,17446.375,42.15
2424,"Cingulate cortex, area 29a (Retrosplenial granular cortex a), layer6a",A29a (RSGa)-6a,112.0,255.0,120.0,27292.0,2067.0,A29a (RSGa),,9.0,3358.0,3358.0,0.06716,Isocortex,6a,6.0,114614.0,320.0,6.0,114614.0,320.0,19102.333333333332,53.333333333333336
2425,"Cingulate cortex, area 29a (Retrosplenial granular cortex a), layer6b",A29a (RSGa)-6b,112.0,255.0,120.0,27293.0,2067.0,A29a (RSGa),,9.0,1504.0,1504.0,0.03008,Isocortex,6b,6.0,117735.0,247.0,6.0,117735.0,247.0,19622.5,41.166666666666664
22,parietal association cortex,PtA,112.0,255.0,119.0,27300.0,315.0,Isocortex,,6.0,,72090.0,1.4418,Isocortex,PtA,,0.0,0.0,694.0,10371035.0,28947.0,14943.85446685879,41.710374639769455
2056,Medial parietal association cortex,MPtA,105.0,169.0,135.0,27910.0,22.0,PtA,,7.0,,29632.0,0.59264,Isocortex,M,,0.0,0.0,331.0,4805242.0,13796.0,14517.34743202417,41.6797583081571
2381,"Medial parietal association cortex, layer 1",MPtA-1,105.0,169.0,135.0,27911.0,2056.0,MPtA,,8.0,4058.0,4058.0,0.08116,Isocortex,1,5.0,59510.0,190.0,5.0,59510.0,190.0,11902.0,38.0
2382,"Medial parietal association cortex, layer 2/3",MPtA-2,105.0,169.0,135.0,27912.0,2056.0,MPtA,,8.0,7940.0,7940.0,0.1588,Isocortex,2,128.0,2018456.0,5719.0,128.0,2018456.0,5719.0,15769.1875,44.6796875
2383,"Medial parietal association cortex, layer 4",MPtA-4,105.0,169.0,135.0,27913.0,2056.0,MPtA,,8.0,2384.0,2384.0,0.04768,Isocortex,4,55.0,848984.0,2233.0,55.0,848984.0,2233.0,15436.072727272727,40.6
2384,"Medial parietal association cortex, layer 5",MPtA-5,105.0,169.0,135.0,27914.0,2056.0,MPtA,,8.0,7082.0,7082.0,0.14164,Isocortex,5,74.0,939142.0,2846.0,74.0,939142.0,2846.0,12691.108108108108,38.45945945945946
2385,"Medial parietal association cortex, layer 6a",MPtA-6a,105.0,169.0,135.0,27915.0,2056.0,MPtA,,8.0,5648.0,5648.0,0.11296,Isocortex,6a,45.0,641965.0,1862.0,45.0,641965.0,1862.0,14265.888888888889,41.37777777777778
2386,"Medial parietal association cortex, layer 6b",MPtA-6b,105.0,169.0,135.0,27916.0,2056.0,MPtA,,8.0,2520.0,2520.0,0.0504,Isocortex,6b,24.0,297185.0,946.0,24.0,297185.0,946.0,12382.708333333334,39.416666666666664
2057,Lateral parietal association cortex,LPtA,105.0,169.0,135.0,27920.0,22.0,PtA,,7.0,,30970.0,0.6194,Isocortex,L,,0.0,0.0,254.0,3838357.0,10699.0,15111.641732283464,42.12204724409449
2387,"Lateral parietal association cortex, layer 1",LPtA-1,105.0,169.0,135.0,27921.0,2057.0,LPtA,,8.0,4354.0,4354.0,0.08708,Isocortex,1,4.0,66070.0,189.0,4.0,66070.0,189.0,16517.5,47.25
2388,"Lateral parietal association cortex, layer 2/3",LPtA-2/3,105.0,169.0,135.0,27922.0,2057.0,LPtA,,8.0,7838.0,7838.0,0.15676,Isocortex,2.3,58.0,857972.0,2404.0,58.0,857972.0,2404.0,14792.620689655172,41.44827586206897
2389,"Lateral parietal association cortex, layer 4",LPtA-4,105.0,169.0,135.0,27923.0,2057.0,LPtA,,8.0,5786.0,5786.0,0.11572,Isocortex,4,68.0,845645.0,2475.0,68.0,845645.0,2475.0,12435.95588235294,36.39705882352941
2390,"Lateral parietal association cortex, layer 5",LPtA-5,105.0,169.0,135.0,27924.0,2057.0,LPtA,,8.0,6030.0,6030.0,0.1206,Isocortex,5,49.0,807291.0,2170.0,49.0,807291.0,2170.0,16475.326530612245,44.285714285714285
2391,"Lateral parietal association cortex, layer 6a",LPtA-6a,105.0,169.0,135.0,27925.0,2057.0,LPtA,,8.0,5010.0,5010.0,0.1002,Isocortex,6a,45.0,852235.0,2201.0,45.0,852235.0,2201.0,18938.555555555555,48.91111111111111
2392,"Lateral parietal association cortex, layer 6b",LPtA-6b,105.0,169.0,135.0,27926.0,2057.0,LPtA,,8.0,1952.0,1952.0,0.03904,Isocortex,6b,30.0,409144.0,1260.0,30.0,409144.0,1260.0,13638.133333333333,42.0
2082,"parietal cortex, posterior area, dorsal part",PtPD,112.0,255.0,119.0,27940.0,22.0,PtA,,7.0,,2256.0,0.04512,Isocortex,PD,,0.0,0.0,23.0,406693.0,984.0,17682.304347826088,42.78260869565217
2402,"Parietal cortex, posterior area, dorsal part, layer1",PtPD-1,112.0,255.0,119.0,27941.0,2082.0,PtPD,,8.0,266.0,266.0,0.00532,Isocortex,1,,0.0,0.0,0.0,0.0,0.0,,
2403,"Parietal cortex, posterior area, dorsal part, layer2/3",PtPD-2/3,112.0,255.0,119.0,27942.0,2082.0,PtPD,,8.0,584.0,584.0,0.01168,Isocortex,2.3,2.0,34112.0,106.0,2.0,34112.0,106.0,17056.0,53.0
2404,"Parietal cortex, posterior area, dorsal part, layer4",PtPD-4,112.0,255.0,119.0,27943.0,2082.0,PtPD,,8.0,558.0,558.0,0.01116,Isocortex,4,11.0,188539.0,457.0,11.0,188539.0,457.0,17139.909090909092,41.54545454545455
2405,"Parietal cortex, posterior area, dorsal part, layer5",PtPD-5,112.0,255.0,119.0,27944.0,2082.0,PtPD,,8.0,408.0,408.0,0.00816,Isocortex,5,7.0,165087.0,352.0,7.0,165087.0,352.0,23583.85714285714,50.285714285714285
2406,"Parietal cortex, posterior area, dorsal part, layer6a",PtPD-6a,112.0,255.0,119.0,27945.0,2082.0,PtPD,,8.0,314.0,314.0,0.00628,Isocortex,6a,2.0,12580.0,46.0,2.0,12580.0,46.0,6290.0,23.0
2407,"Parietal cortex, posterior area, dorsal part, layer6b",PtPD-6b,112.0,255.0,119.0,27946.0,2082.0,PtPD,,8.0,126.0,126.0,0.00252,Isocortex,6b,1.0,6375.0,23.0,1.0,6375.0,23.0,6375.0,23.0
539,"Temporal association cortex, leaf",TeA _leaf,112.0,255.0,122.0,28000.0,541.0,TeA ,,7.0,664.0,664.0,0.01328,Isocortex,misc,3.0,13946.0,51.0,3.0,13946.0,51.0,4648.666666666667,17.0
541,Temporal association cortex,TeA ,112.0,255.0,122.0,28000.0,315.0,Isocortex,,6.0,,164404.0,3.28808,Isocortex,TeA ,,0.0,0.0,1227.0,25112743.0,62839.0,20466.783211083944,51.21352893235534
97,"Temporal association cortex, layer1",TeA-1,0.0,140.0,110.0,28100.0,541.0,TeA ,,7.0,25552.0,25552.0,0.51104,Isocortex,1,37.0,914531.0,1957.0,37.0,914531.0,1957.0,24717.054054054053,52.891891891891895
1127,"Temporal association cortex, layer2/3",TeA-2/3,0.0,145.0,121.0,28200.0,541.0,TeA ,,7.0,38178.0,38178.0,0.76356,Isocortex,2.3,237.0,4358113.0,11269.0,237.0,4358113.0,11269.0,18388.662447257382,47.54852320675106
234,"Temporal association cortex, layer4",TeA-4,56.0,151.0,133.0,28300.0,541.0,TeA ,,7.0,26544.0,26544.0,0.53088,Isocortex,4,350.0,7648491.0,18760.0,350.0,7648491.0,18760.0,21852.83142857143,53.6
289,"Temporal association cortex, layer5",TeA-5,82.0,165.0,150.0,28400.0,541.0,TeA ,,7.0,36936.0,36936.0,0.73872,Isocortex,5,330.0,6787356.0,17148.0,330.0,6787356.0,17148.0,20567.745454545453,51.96363636363636
729,"Temporal association cortex, layer6a",TeA-6a,102.0,170.0,157.0,28500.0,541.0,TeA ,,7.0,28536.0,28536.0,0.57072,Isocortex,6a,227.0,4668413.0,11601.0,227.0,4668413.0,11601.0,20565.69603524229,51.1057268722467
786,"Temporal association cortex, layer6b",TeA-6b,124.0,177.0,165.0,28600.0,541.0,TeA ,,7.0,7994.0,7994.0,0.15988,Isocortex,6b,43.0,721893.0,2053.0,43.0,721893.0,2053.0,16788.20930232558,47.74418604651163
922,Perihinal cortex,PRh,112.0,255.0,117.0,28700.0,315.0,Isocortex,,6.0,,144806.0,2.89612,Isocortex,PRh,,0.0,0.0,599.0,14330481.0,34051.0,23924.00834724541,56.84641068447412
563,"Perihinal cortex, leaf",PRh_leaf,112.0,255.0,117.0,28700.0,922.0,PRh,,7.0,1392.0,1392.0,0.02784,Isocortex,misc,3.0,104838.0,223.0,3.0,104838.0,223.0,34946.0,74.33333333333333
335,"Perihinal cortex, layer6a",PRh-6a,79.0,166.0,164.0,28800.0,922.0,PRh,,7.0,24098.0,24098.0,0.48196,Isocortex,6a,148.0,3665492.0,8386.0,148.0,3665492.0,8386.0,24766.837837837837,56.66216216216216
368,"Perihinal cortex, layer6b",PRh-6b,99.0,171.0,173.0,28900.0,922.0,PRh,,7.0,4706.0,4706.0,0.09412,Isocortex,6b,16.0,287368.0,789.0,16.0,287368.0,789.0,17960.5,49.3125
2286,"Parietal cortex, posterior area, rostral part",PtPR,112.0,255.0,119.0,28930.0,22.0,PtA,,7.0,,9232.0,0.18464,Isocortex,PtPR,,0.0,0.0,86.0,1320743.0,3468.0,15357.476744186046,40.325581395348834
2396,"Parietal cortex, posterior area, rostral part, layer1",PtPR-1,112.0,255.0,119.0,28931.0,2286.0,PtPR,,8.0,1188.0,1188.0,0.02376,Isocortex,1,,0.0,0.0,0.0,0.0,0.0,,
2397,"Parietal cortex, posterior area, rostral part, layer2/3",PtPR-2/3,112.0,255.0,119.0,28932.0,2286.0,PtPR,,8.0,2310.0,2310.0,0.0462,Isocortex,2.3,10.0,250379.0,619.0,10.0,250379.0,619.0,25037.9,61.9
2398,"Parietal cortex, posterior area, rostral part, layer4",PtPR-4,112.0,255.0,119.0,28933.0,2286.0,PtPR,,8.0,1956.0,1956.0,0.03912,Isocortex,4,31.0,408132.0,1110.0,31.0,408132.0,1110.0,13165.548387096775,35.806451612903224
2399,"Parietal cortex, posterior area, rostral part, layer5",PtPR-5,112.0,255.0,119.0,28934.0,2286.0,PtPR,,8.0,1818.0,1818.0,0.03636,Isocortex,5,18.0,314144.0,724.0,18.0,314144.0,724.0,17452.444444444445,40.22222222222222
2400,"Parietal cortex, posterior area, rostral part, layer6a",PtPR-6a,112.0,255.0,119.0,28935.0,2286.0,PtPR,,8.0,1414.0,1414.0,0.02828,Isocortex,6a,19.0,258384.0,725.0,19.0,258384.0,725.0,13599.157894736842,38.1578947368421
2401,"Parietal cortex, posterior area, rostral part, layer6b",PtPR-6b,112.0,255.0,119.0,28936.0,2286.0,PtPR,,8.0,546.0,546.0,0.01092,Isocortex,6b,8.0,89704.0,290.0,8.0,89704.0,290.0,11213.0,36.25
540,"Perihinal cortex, layer1",PRh-1,0.0,141.0,133.0,29000.0,922.0,PRh,,7.0,27490.0,27490.0,0.5498,Isocortex,1,27.0,715338.0,1647.0,27.0,715338.0,1647.0,26494.0,61.0
692,"Perihinal cortex, layer5",PRh-5,52.0,151.0,146.0,29100.0,922.0,PRh,,7.0,35338.0,35338.0,0.70676,Isocortex,5,154.0,3714053.0,8661.0,154.0,3714053.0,8661.0,24117.227272727272,56.24025974025974
888,"Perihinal cortex, layer2/3",PRh-2/3,0.0,146.0,139.0,29200.0,922.0,PRh,,7.0,51782.0,51782.0,1.03564,Isocortex,2.3,251.0,5843392.0,14345.0,251.0,5843392.0,14345.0,23280.446215139444,57.15139442231076
858,"Ectorhinal cortex, leaf",Ect_leaf,112.0,255.0,115.0,29300.0,895.0,Ect,,7.0,8364.0,8364.0,0.16728,Isocortex,misc,43.0,1197537.0,2390.0,43.0,1197537.0,2390.0,27849.697674418603,55.58139534883721
895,Ectorhinal cortex,Ect,112.0,255.0,115.0,29300.0,315.0,Isocortex,,6.0,,163864.0,3.27728,Isocortex,Ect,,0.0,0.0,977.0,21422301.0,52143.0,21926.613101330604,53.37052200614125
836,"Ectorhinal cortex, layer1",Ect-1,0.0,140.0,121.0,29400.0,895.0,Ect,,7.0,26414.0,26414.0,0.52828,Isocortex,1,40.0,728153.0,1875.0,40.0,728153.0,1875.0,18203.825,46.875
427,"Ectorhinal cortex, layer2/3",Ect-2/3,19.0,147.0,133.0,29500.0,895.0,Ect,,7.0,59750.0,59750.0,1.195,Isocortex,2.3,373.0,7606789.0,19372.0,373.0,7606789.0,19372.0,20393.53619302949,51.93565683646113
988,"Ectorhinal cortex, layer5",Ect-5,54.0,151.0,140.0,29600.0,895.0,Ect,,7.0,35756.0,35756.0,0.71512,Isocortex,5,282.0,6598571.0,15806.0,282.0,6598571.0,15806.0,23399.187943262412,56.04964539007092
977,"Ectorhinal cortex, layer6a",Ect-6a,80.0,165.0,156.0,29700.0,895.0,Ect,,7.0,26702.0,26702.0,0.53404,Isocortex,6a,209.0,4676172.0,11127.0,209.0,4676172.0,11127.0,22374.02870813397,53.239234449760765
1045,"Ectorhinal cortex, layer6b",Ect-6b,101.0,171.0,165.0,29800.0,895.0,Ect,,7.0,6878.0,6878.0,0.13756,Isocortex,6b,30.0,615079.0,1573.0,30.0,615079.0,1573.0,20502.633333333335,52.43333333333333
572,"Olfactory areas, leaf",OLF_leaf,144.0,255.0,144.0,29900.0,698.0,OLF,,6.0,3836.0,3836.0,0.07672,Isocortex,misc,16.0,147409.0,435.0,16.0,147409.0,435.0,9213.0625,27.1875
698,Olfactory areas,OLF,144.0,255.0,144.0,29900.0,695.0,CTXpl,,5.0,,1860244.0,37.20488,OLF,OLF,,0.0,0.0,35616.0,563206393.0,1389805.0,15813.297197888589,39.02192834681042
507,Main olfactory bulb,MOB,160.0,255.0,171.0,30000.0,698.0,OLF,,6.0,,611960.0,12.2392,OLF,MOB,,0.0,0.0,23301.0,317795785.0,813921.0,13638.718724518261,34.93073258658427
212,Glomerular layer of the olfactory bulb,Gl,140.0,235.0,151.0,30100.0,507.0,MOB,,7.0,144886.0,144886.0,2.89772,OLF,Gl,3537.0,54604377.0,132501.0,3537.0,54604377.0,132501.0,15438.048346055979,37.46140797285835
220,Granule cell layer of the olfactory bulb,GrO,110.0,205.0,121.0,30200.0,507.0,MOB,,7.0,169848.0,169848.0,3.39696,OLF,GrO,7883.0,94987175.0,259897.0,7883.0,94987175.0,259897.0,12049.622605607003,32.96930102752759
228,Internal plxiform layer of the olfactory bulb,IPl,160.0,255.0,171.0,30300.0,507.0,MOB,,7.0,43150.0,43150.0,0.863,OLF,IPl,2348.0,30326547.0,79838.0,2348.0,30326547.0,79838.0,12915.905877342419,34.00255536626916
236,Mitral cell layer of the olfactory bulb,Mi,130.0,225.0,141.0,30400.0,507.0,MOB,,7.0,42726.0,42726.0,0.85452,OLF,Mi,2008.0,26662670.0,68849.0,2008.0,26662670.0,68849.0,13278.222111553785,34.28735059760956
244,External plexiform layer of the olfactory bulb,EPl,160.0,255.0,171.0,30500.0,507.0,MOB,,7.0,211350.0,211350.0,4.227,OLF,EPl,7525.0,111215016.0,272836.0,7525.0,111215016.0,272836.0,14779.40411960133,36.2572757475083
151,Accessory olfactory bulb,AOB,160.0,255.0,176.0,30600.0,698.0,OLF,,6.0,,28296.0,0.56592,OLF,AOB,,0.0,0.0,232.0,2997240.0,8123.0,12919.137931034482,35.01293103448276
188,Glomerular layer of the accessory olfactory bulb,GlA,140.0,235.0,156.0,30700.0,151.0,AOB,,7.0,7358.0,7358.0,0.14716,OLF,GlA,,0.0,0.0,0.0,0.0,0.0,,
196,Granule cell layer of the accessory olfactory bulb,GrA,110.0,205.0,126.0,30800.0,151.0,AOB,,7.0,6530.0,6530.0,0.1306,OLF,GrA,213.0,2779015.0,7471.0,213.0,2779015.0,7471.0,13047.018779342723,35.075117370892016
204,Mitral cell layer of the accessory olfactory bulb,MiA,130.0,225.0,146.0,30900.0,151.0,AOB,,7.0,5922.0,5922.0,0.11844,OLF,MiA,9.0,102209.0,309.0,9.0,102209.0,309.0,11356.555555555555,34.333333333333336
2021,External plexiform layer of the accessory olfactory b,EPIA,130.0,225.0,146.0,30910.0,151.0,AOB,,7.0,8486.0,8486.0,0.16972,OLF,EPIA,10.0,116016.0,343.0,10.0,116016.0,343.0,11601.6,34.3
179,"Anterior olfactory area, leaf",AO_leaf,144.0,255.0,184.0,31000.0,159.0,AO,,7.0,3166.0,3166.0,0.06332,OLF,misc,43.0,511070.0,1379.0,43.0,511070.0,1379.0,11885.348837209302,32.06976744186046
159,Anterior olfactory area,AO,144.0,255.0,184.0,31000.0,698.0,OLF,,6.0,,170980.0,3.4196,OLF,AO,,0.0,0.0,2565.0,37476990.0,92688.0,14610.912280701754,36.135672514619884
167,Anterior olfactory area dorsal part,AOD,192.0,255.0,200.0,31100.0,159.0,AO,,7.0,17474.0,17474.0,0.34948,OLF,AOD,148.0,2044225.0,5087.0,148.0,2044225.0,5087.0,13812.331081081082,34.37162162162162
175,Anterior olfactory area external part,AOE,192.0,255.0,201.0,31200.0,159.0,AO,,7.0,8540.0,8540.0,0.1708,OLF,AOE,294.0,4212790.0,10698.0,294.0,4212790.0,10698.0,14329.21768707483,36.38775510204081
160,"Anterior olfactory area, outer layer",AOOL,192.0,255.0,202.0,31250.0,159.0,AO,,7.0,51966.0,51966.0,1.03932,OLF,AOOL,899.0,14785697.0,34592.0,899.0,14785697.0,34592.0,16446.826473859845,38.478309232480534
183,Anterior olfactory area lateral part,AOL,192.0,255.0,202.0,31300.0,159.0,AO,,7.0,35472.0,35472.0,0.70944,OLF,AOL,456.0,6126551.0,16010.0,456.0,6126551.0,16010.0,13435.418859649122,35.10964912280702
191,Anterior olfactory area medial part,AOM,192.0,255.0,203.0,31400.0,159.0,AO,,7.0,30084.0,30084.0,0.60168,OLF,AOM,322.0,3662341.0,10015.0,322.0,3662341.0,10015.0,11373.729813664597,31.10248447204969
199,"Anterior olfactory area, posteroventral part",AOP/AOV,192.0,255.0,204.0,31500.0,159.0,AO,,7.0,,24278.0,0.48556,OLF,AOP/AOV,,0.0,0.0,403.0,6134316.0,14907.0,15221.627791563276,36.99007444168735
2318,"Anterior olfactory area, ventral part",AOV,192.0,255.0,204.0,31510.0,199.0,AOP/AOV,,8.0,7620.0,7620.0,0.1524,OLF,AOV,186.0,2377870.0,6178.0,186.0,2377870.0,6178.0,12784.247311827958,33.215053763440864
2319,"Anterior olfactory area, posterior part",AOP,192.0,255.0,204.0,31520.0,199.0,AOP/AOV,,8.0,16658.0,16658.0,0.33316,OLF,AOP,217.0,3756446.0,8729.0,217.0,3756446.0,8729.0,17310.811059907835,40.225806451612904
589,Taenia tecta,TT,160.0,255.0,160.0,31800.0,698.0,OLF,,6.0,,90870.0,1.8174,OLF,TT,,0.0,0.0,375.0,4515433.0,12742.0,12041.154666666667,33.97866666666667
597,Dorsal tenia tecta,DTT,160.0,255.0,162.0,31900.0,589.0,TT,,7.0,4146.0,4146.0,0.08292,OLF,DTT,2.0,35094.0,109.0,2.0,35094.0,109.0,17547.0,54.5
1034,"Dorsal tenia tecta, layer 1",DTT1,160.0,255.0,162.0,32100.0,589.0,TT,,7.0,17330.0,17330.0,0.3466,OLF,1,31.0,334633.0,1024.0,31.0,334633.0,1024.0,10794.612903225807,33.03225806451613
1042,"Dorsal tenia tecta, layer 2",DTT2,160.0,255.0,162.0,32200.0,589.0,TT,,7.0,9186.0,9186.0,0.18372,OLF,2,41.0,432750.0,1308.0,41.0,432750.0,1308.0,10554.878048780487,31.902439024390244
1050,"Dorsal tenia tecta, layer 3",DTT3,160.0,255.0,162.0,32300.0,589.0,TT,,7.0,22668.0,22668.0,0.45336,OLF,3,91.0,920319.0,2671.0,91.0,920319.0,2671.0,10113.395604395604,29.35164835164835
1059,"Dorsal tenia tecta, layer 4",DTT4,160.0,255.0,162.0,32400.0,589.0,TT,,7.0,3890.0,3890.0,0.0778,OLF,4,13.0,197562.0,544.0,13.0,197562.0,544.0,15197.076923076924,41.84615384615385
605,Ventral tenia tecta,VTT,160.0,255.0,161.0,32500.0,589.0,TT,,7.0,864.0,864.0,0.01728,OLF,VTT,8.0,108759.0,291.0,8.0,108759.0,291.0,13594.875,36.375
1067,"Ventral tenia tecta, layer 1",VTT1,160.0,255.0,161.0,32700.0,589.0,TT,,7.0,16316.0,16316.0,0.32632,OLF,1,79.0,1227735.0,3149.0,79.0,1227735.0,3149.0,15540.949367088608,39.860759493670884
1075,"Ventral tenia tecta, layer 2",VTT2,160.0,255.0,161.0,32800.0,589.0,TT,,7.0,5768.0,5768.0,0.11536,OLF,2,33.0,362427.0,1087.0,33.0,362427.0,1087.0,10982.636363636364,32.93939393939394
1082,"Ventral tenia tecta, layer 3",VTT3,160.0,255.0,161.0,32900.0,589.0,TT,,7.0,10702.0,10702.0,0.21404,OLF,3,77.0,896154.0,2559.0,77.0,896154.0,2559.0,11638.363636363636,33.23376623376623
814,"Cingulate cortex, area 25 (dorsal peduncular cortex)",A25 (DP),112.0,255.0,125.0,33000.0,698.0,OLF,,6.0,,35378.0,0.70756,OLF,DP,,0.0,0.0,91.0,871041.0,2704.0,9571.87912087912,29.714285714285715
496,"Cingulate cortex, area 25 (dorsal peduncular cortex), layer1",A25 (DP)-1,0.0,158.0,81.0,33100.0,814.0,A25 (DP),,7.0,7432.0,7432.0,0.14864,OLF,1,8.0,79303.0,253.0,8.0,79303.0,253.0,9912.875,31.625
535,"Cingulate cortex, area 25 (dorsal peduncular cortex), layer2",A25 (DP)-2,60.0,164.0,99.0,33200.0,814.0,A25 (DP),,7.0,,0.0,0.0,OLF,2,,0.0,0.0,0.0,0.0,0.0,,
360,"Cingulate cortex, area 25 (dorsal peduncular cortex), layer2/3",A25 (DP)-2/3,83.0,169.0,111.0,33300.0,814.0,A25 (DP),,7.0,7804.0,7804.0,0.15608,OLF,2.3,36.0,358117.0,1123.0,36.0,358117.0,1123.0,9947.694444444445,31.194444444444443
646,"Cingulate cortex, area 25 (dorsal peduncular cortex), layer5",A25 (DP)-5,109.0,185.0,130.0,33400.0,814.0,A25 (DP),,7.0,15264.0,15264.0,0.30528,OLF,5,42.0,383942.0,1176.0,42.0,383942.0,1176.0,9141.47619047619,28.0
267,"Cingulate cortex, area 25 (dorsal peduncular cortex), layer6a",A25 (DP)-6a,130.0,192.0,143.0,33500.0,814.0,A25 (DP),,7.0,4878.0,4878.0,0.09756,OLF,6a,5.0,49679.0,152.0,5.0,49679.0,152.0,9935.8,30.4
2019,Dorsal transition zone,DTr,130.0,192.0,143.0,33510.0,814.0,A25 (DP),,7.0,,0.0,0.0,OLF,DTr,,0.0,0.0,0.0,0.0,0.0,,
961,Piriform cortex,PIR,160.0,255.0,167.0,33600.0,698.0,OLF,,6.0,,658728.0,13.17456,OLF,PIR,,0.0,0.0,6895.0,149632140.0,353175.0,21701.54314720812,51.22189992748368
276,Piriform cortex 1,Pir1,160.0,255.0,167.0,33800.0,961.0,PIR,,7.0,188464.0,188464.0,3.76928,OLF,1,490.0,10365170.0,24230.0,490.0,10365170.0,24230.0,21153.408163265307,49.44897959183673
284,Piriform cortex 2,Pir2,160.0,255.0,167.0,33900.0,961.0,PIR,,7.0,109184.0,109184.0,2.18368,OLF,2,1936.0,42939278.0,101159.0,1936.0,42939278.0,101159.0,22179.379132231406,52.25154958677686
291,Piriform cortex 3,Pir3,160.0,255.0,167.0,34000.0,961.0,PIR,,7.0,308760.0,308760.0,6.1752,OLF,3,3745.0,79803122.0,190892.0,3745.0,79803122.0,190892.0,21309.244859813083,50.97249666221629
2024,Cortex-amygdala transition zone,CxA,160.0,255.0,170.0,34010.0,961.0,PIR,,7.0,,52320.0,1.0464,OLF,CxA,,0.0,0.0,724.0,16524570.0,36894.0,22823.991712707182,50.9585635359116
2303,Cortex-amygdala transition zone Layer1,CxA1,160.0,255.0,170.0,34020.0,2024.0,CxA,,8.0,15746.0,15746.0,0.31492,OLF,1,31.0,672064.0,1575.0,31.0,672064.0,1575.0,21679.483870967742,50.806451612903224
2304,Cortex-amygdala transition zone Layer2,CxA2,160.0,255.0,170.0,34030.0,2024.0,CxA,,8.0,9678.0,9678.0,0.19356,OLF,2,99.0,2774424.0,5640.0,99.0,2774424.0,5640.0,28024.484848484848,56.96969696969697
2305,Cortex-amygdala transition zone Layer3,CxA3,160.0,255.0,170.0,34040.0,2024.0,CxA,,8.0,26896.0,26896.0,0.53792,OLF,3,594.0,13078082.0,29679.0,594.0,13078082.0,29679.0,22016.973063973062,49.964646464646464
619,Nucleus of the lateral olfactory tract,LOT,160.0,255.0,170.0,34100.0,698.0,OLF,,6.0,,17388.0,0.34776,OLF,LOT,,0.0,0.0,291.0,5348692.0,12635.0,18380.384879725087,43.419243986254294
555,"Nucleus of the lateral olfactory tract, leaf",LOT_leaf,160.0,255.0,170.0,34100.0,619.0,LOT,,7.0,1568.0,1568.0,0.03136,OLF,misc,14.0,231778.0,567.0,14.0,231778.0,567.0,16555.571428571428,40.5
260,Nucleus of the lateral olfactory tract 1,LOT1,160.0,255.0,170.0,34300.0,619.0,LOT,,7.0,5732.0,5732.0,0.11464,OLF,1,37.0,735391.0,1758.0,37.0,735391.0,1758.0,19875.432432432433,47.513513513513516
268,Nucleus of the lateral olfactory tract 2,LOT2,160.0,255.0,170.0,34400.0,619.0,LOT,,7.0,4294.0,4294.0,0.08588,OLF,2,72.0,1330614.0,3110.0,72.0,1330614.0,3110.0,18480.75,43.19444444444444
1139,Nucleus of the lateral olfactory tract 3,LOT3,160.0,255.0,170.0,34500.0,619.0,LOT,,7.0,5794.0,5794.0,0.11588,OLF,3,168.0,3050909.0,7200.0,168.0,3050909.0,7200.0,18160.17261904762,42.857142857142854
631,cortical amygdaloid nucleus,CO,160.0,255.0,177.0,34600.0,698.0,OLF,,6.0,,172814.0,3.45628,OLF,CO,,0.0,0.0,1578.0,36171555.0,76893.0,22922.40494296578,48.72813688212928
639,Anterior cortical amygdaloid nucleus,ACo ,160.0,255.0,178.0,34700.0,631.0,CO,,7.0,,38824.0,0.77648,OLF,A,,0.0,0.0,946.0,21239360.0,45140.0,22451.754756871036,47.71670190274841
192,"Anterior cortical amygdaloid nucleus, layer1",ACo-1,160.0,255.0,178.0,34800.0,639.0,ACo ,,8.0,12524.0,12524.0,0.25048,OLF,1,66.0,1609220.0,3323.0,66.0,1609220.0,3323.0,24382.121212121212,50.34848484848485
200,"Anterior cortical amygdaloid nucleus, layer2",ACo-2,160.0,255.0,178.0,34900.0,639.0,ACo ,,8.0,7268.0,7268.0,0.14536,OLF,2,145.0,2897735.0,6525.0,145.0,2897735.0,6525.0,19984.379310344826,45.0
208,"Anterior cortical amygdaloid nucleus, layer3",ACo-3,160.0,255.0,178.0,35000.0,639.0,ACo ,,8.0,19032.0,19032.0,0.38064,OLF,3,735.0,16732405.0,35292.0,735.0,16732405.0,35292.0,22765.1768707483,48.01632653061225
647,Posterior cortical amygdaloid area,PCO,160.0,255.0,179.0,35100.0,631.0,CO,,7.0,,133990.0,2.6798,OLF,P,,0.0,0.0,632.0,14932195.0,31753.0,23626.89082278481,50.24208860759494
655,Posterolateral cortical amygdaloid area,PLCo,160.0,255.0,180.0,35200.0,647.0,PCO,,8.0,,64988.0,1.29976,OLF,PLCo,,0.0,0.0,399.0,9811393.0,20448.0,24589.95739348371,51.24812030075188
216,Posterolateral cortical amygdaloid area 1,PLCo1,160.0,255.0,180.0,35500.0,655.0,PLCo,,9.0,21118.0,21118.0,0.42236,OLF,1,33.0,824289.0,1819.0,33.0,824289.0,1819.0,24978.454545454544,55.121212121212125
224,Posterolateral cortical amygdaloid area 2,PLCo2,160.0,255.0,180.0,35600.0,655.0,PLCo,,9.0,12218.0,12218.0,0.24436,OLF,2,59.0,1251432.0,2863.0,59.0,1251432.0,2863.0,21210.71186440678,48.52542372881356
232,Posterolateral cortical amygdaloid area 3,PLCo3,160.0,255.0,180.0,35700.0,655.0,PLCo,,9.0,31652.0,31652.0,0.63304,OLF,3,307.0,7735672.0,15766.0,307.0,7735672.0,15766.0,25197.628664495114,51.355048859934854
249,"Posteromedial cortical amygdaloid area, leaf",PMCo_leaf,160.0,255.0,181.0,35800.0,663.0,PMCo,,9.0,6726.0,6726.0,0.13452,OLF,misc,11.0,323014.0,626.0,11.0,323014.0,626.0,29364.909090909092,56.90909090909091
663,Posteromedial cortical amygdaloid area,PMCo,160.0,255.0,181.0,35800.0,647.0,PCO,,8.0,,69002.0,1.38004,OLF,PMCo,,0.0,0.0,233.0,5120802.0,11305.0,21977.690987124464,48.51931330472103
240,Posteromedial cortical amygdaloid area 1,PMCo1,160.0,255.0,181.0,36100.0,663.0,PMCo,,9.0,18032.0,18032.0,0.36064,OLF,1,27.0,584616.0,1257.0,27.0,584616.0,1257.0,21652.444444444445,46.55555555555556
248,Posteromedial cortical amygdaloid area 2,PMCo2,160.0,255.0,181.0,36200.0,663.0,PMCo,,9.0,12926.0,12926.0,0.25852,OLF,2,44.0,877453.0,2031.0,44.0,877453.0,2031.0,19942.113636363636,46.15909090909091
256,Posteromedial cortical amygdaloid area 3,PMCo3,160.0,255.0,181.0,36300.0,663.0,PMCo,,9.0,31318.0,31318.0,0.62636,OLF,3,151.0,3335719.0,7391.0,151.0,3335719.0,7391.0,22090.854304635763,48.94701986754967
788,Rostral amygdalopiriform area,RAPir,160.0,255.0,169.0,36400.0,698.0,OLF,,6.0,,34200.0,0.684,OLF,RAPir,,0.0,0.0,86.0,2087251.0,4675.0,24270.36046511628,54.36046511627907
408,Rostral amygdalopiriform area 1,RAPir1,160.0,255.0,169.0,36600.0,788.0,RAPir,,7.0,9890.0,9890.0,0.1978,OLF,1,3.0,141214.0,254.0,3.0,141214.0,254.0,47071.333333333336,84.66666666666667
416,Rostral amygdalopiriform area 2,RAPir2,160.0,255.0,169.0,36700.0,788.0,RAPir,,7.0,6112.0,6112.0,0.12224,OLF,2,17.0,438683.0,945.0,17.0,438683.0,945.0,25804.882352941175,55.588235294117645
424,Rostral amygdalopiriform area 3,RAPir3,160.0,255.0,169.0,36800.0,788.0,RAPir,,7.0,18198.0,18198.0,0.36396,OLF,3,66.0,1507354.0,3476.0,66.0,1507354.0,3476.0,22838.696969696968,52.666666666666664
1143,"Amygdalopiriform transition area, leaf",Apir_leaf,160.0,255.0,166.0,36900.0,566.0,Apir,,7.0,3402.0,3402.0,0.06804,OLF,misc,32.0,1089841.0,2118.0,32.0,1089841.0,2118.0,34057.53125,66.1875
566,Amygdalopiriform transition area,Apir,160.0,255.0,166.0,36900.0,698.0,OLF,,6.0,,35794.0,0.71588,OLF,Apir,,0.0,0.0,186.0,6162857.0,11814.0,33133.63978494624,63.516129032258064
1140,"Postpiriform transition area, layers 1",APir1,160.0,255.0,166.0,37100.0,566.0,Apir,,7.0,5514.0,5514.0,0.11028,OLF,1,1.0,19073.0,35.0,1.0,19073.0,35.0,19073.0,35.0
1141,"Postpiriform transition area, layers 2",APir2,160.0,255.0,166.0,37200.0,566.0,Apir,,7.0,3288.0,3288.0,0.06576,OLF,2,13.0,1286905.0,1576.0,13.0,1286905.0,1576.0,98992.69230769231,121.23076923076923
1142,"Postpiriform transition area, layers 3",APir3,160.0,255.0,166.0,37300.0,566.0,Apir,,7.0,23590.0,23590.0,0.4718,OLF,3,140.0,3767038.0,8085.0,140.0,3767038.0,8085.0,26907.414285714287,57.75
1089,Hippocampal formation,HPF,144.0,255.0,176.0,37400.0,695.0,CTXpl,,5.0,,2101284.0,42.02568,HPF,HPF,,0.0,0.0,5277.0,107323301.0,255621.0,20337.9384119765,48.44059124502558
1080,Hippocampal region,HIP,121.0,255.0,128.0,37500.0,1089.0,HPF,,6.0,,1174896.0,23.49792,HPF,HIP,,0.0,0.0,1789.0,32441217.0,78675.0,18133.71548351034,43.97708216880939
375,Ammon's horn,CA,122.0,255.0,122.0,37600.0,1080.0,HIP,,7.0,,826014.0,16.52028,HPF,CA,,0.0,0.0,1038.0,21187476.0,49103.0,20411.826589595377,47.30539499036609
382,Field CA1 of the hippocampus,CA1,122.0,255.0,121.0,37700.0,375.0,CA,,8.0,,442318.0,8.84636,HPF,CA1,,0.0,0.0,477.0,10461702.0,23384.0,21932.2893081761,49.0230607966457
391,Field CA1 of the hippocampus- lacunosum moleculare layer of the hippocampus,CA1_LMol ,123.0,255.0,121.0,37800.0,382.0,CA1,,9.0,106146.0,106146.0,2.12292,HPF,LMol,60.0,1460490.0,3100.0,60.0,1460490.0,3100.0,24341.5,51.666666666666664
399,Field CA1 of the hippocampus- oriens layer of the hippocampus,CA1_Or,124.0,255.0,121.0,37900.0,382.0,CA1,,9.0,102142.0,102142.0,2.04284,HPF,Or,187.0,4528353.0,9731.0,187.0,4528353.0,9731.0,24215.791443850267,52.037433155080215
407,Field CA1 of the hippocampus- pyramidal layer of the hippocampus,CA1_Py,75.0,230.0,70.0,38000.0,382.0,CA1,,9.0,45548.0,45548.0,0.91096,HPF,Py,86.0,1715069.0,3946.0,86.0,1715069.0,3946.0,19942.662790697676,45.883720930232556
415,Field CA1 of the hippocampus- radiatum layer of the hippocampus,CA1_Rad,126.0,255.0,121.0,38100.0,382.0,CA1,,9.0,188482.0,188482.0,3.76964,HPF,Rad,144.0,2757790.0,6607.0,144.0,2757790.0,6607.0,19151.319444444445,45.88194444444444
423,Field CA2 of the hippocampus,CA2,122.0,255.0,120.0,38200.0,375.0,CA,,8.0,,67700.0,1.354,HPF,CA2,,0.0,0.0,64.0,1270722.0,3129.0,19855.03125,48.890625
431,Field CA2 of the hippocampus- lacunosum moleculare layer of the hippocampus,CA2_LMol ,123.0,255.0,120.0,38300.0,423.0,CA2,,9.0,17904.0,17904.0,0.35808,HPF,LMol,11.0,163910.0,430.0,11.0,163910.0,430.0,14900.90909090909,39.09090909090909
438,Field CA2 of the hippocampus- oriens layer of the hippocampus,CA2_Or,124.0,255.0,120.0,38400.0,423.0,CA2,,9.0,18706.0,18706.0,0.37412,HPF,Or,26.0,521516.0,1232.0,26.0,521516.0,1232.0,20058.30769230769,47.38461538461539
446,Field CA2 of the hippocampus- pyramidal layer of the hippocampus,CA2_Py,75.0,230.0,70.0,38500.0,423.0,CA2,,9.0,9584.0,9584.0,0.19168,HPF,Py,18.0,445408.0,1096.0,18.0,445408.0,1096.0,24744.88888888889,60.888888888888886
454,Field CA2 of the hippocampus- radiatum layer of the hippocampus,CA2_Rad,126.0,255.0,120.0,38600.0,423.0,CA2,,9.0,21506.0,21506.0,0.43012,HPF,Rad,9.0,139888.0,371.0,9.0,139888.0,371.0,15543.111111111111,41.22222222222222
463,Field CA3 of the hippocampus,CA3,122.0,255.0,119.0,38700.0,375.0,CA,,8.0,,315996.0,6.31992,HPF,CA3,,0.0,0.0,497.0,9455052.0,22590.0,19024.24949698189,45.45271629778672
471,Field CA3 of the hippocampus- lacunosum moleculare layer of the hippocampus,CA3_LMol ,123.0,255.0,119.0,38800.0,463.0,CA3,,9.0,9930.0,9930.0,0.1986,HPF,LMol,5.0,86900.0,218.0,5.0,86900.0,218.0,17380.0,43.6
479,Field CA3 of the hippocampus- stratum lucidum of the hippocampus,SLu ,124.0,255.0,119.0,38900.0,463.0,CA3,,9.0,18950.0,18950.0,0.379,HPF,SLu ,16.0,350026.0,777.0,16.0,350026.0,777.0,21876.625,48.5625
486,Field CA3 of the hippocampus- oriens layer of the hippocampus,CA3_Or,125.0,255.0,119.0,39000.0,463.0,CA3,,9.0,146058.0,146058.0,2.92116,HPF,Or,277.0,5327013.0,12751.0,277.0,5327013.0,12751.0,19231.093862815884,46.03249097472924
495,Field CA3 of the hippocampus- pyramidal layer of the hippocampus,CA3_Py,75.0,230.0,70.0,39100.0,463.0,CA3,,9.0,68304.0,68304.0,1.36608,HPF,Py,120.0,2329230.0,5561.0,120.0,2329230.0,5561.0,19410.25,46.34166666666667
504,Field CA3 of the hippocampus- radiatum layer of the hippocampus,CA3_Rad,127.0,255.0,119.0,39200.0,463.0,CA3,,9.0,72754.0,72754.0,1.45508,HPF,Rad,79.0,1361883.0,3283.0,79.0,1361883.0,3283.0,17239.025316455696,41.55696202531646
7346,"Dentate gyrus, leaf",DG_leaf,114.0,250.0,114.0,39300.0,726.0,DG,,8.0,6292.0,6292.0,0.12584,HPF,misc,25.0,443601.0,1050.0,25.0,443601.0,1050.0,17744.04,42.0
726,Dentate gyrus,DG,114.0,250.0,114.0,39300.0,1080.0,HIP,,7.0,,346166.0,6.92332,HPF,DG,,0.0,0.0,750.0,11241134.0,29528.0,14988.178666666667,39.370666666666665
10703,Molecular layer of the dentate gyrus,MoDG,114.0,250.0,114.0,39400.0,726.0,DG,,8.0,215388.0,215388.0,4.30776,HPF,MoDG,269.0,4436039.0,11082.0,269.0,4436039.0,11082.0,16490.851301115243,41.19702602230483
10704,Polymorph layer of the dentate gyrus,PoDG,94.0,230.0,94.0,39500.0,726.0,DG,,8.0,44896.0,44896.0,0.89792,HPF,PoDG,91.0,1383677.0,3673.0,91.0,1383677.0,3673.0,15205.241758241758,40.362637362637365
632,Granule cell layer of the dentate gyrus,GrDG,64.0,200.0,64.0,39600.0,726.0,DG,,8.0,79590.0,79590.0,1.5918,HPF,GrDG,365.0,4977817.0,13723.0,365.0,4977817.0,13723.0,13637.854794520548,37.5972602739726
982,Fasciola cinereum,FC,114.0,253.0,114.0,41000.0,1080.0,HIP,,7.0,1306.0,1306.0,0.02612,HPF,FC,1.0,12607.0,44.0,1.0,12607.0,44.0,12607.0,44.0
19,Induseum griseum,IG,114.0,254.0,114.0,41100.0,1080.0,HIP,,7.0,1410.0,1410.0,0.0282,HPF,IG,,0.0,0.0,0.0,0.0,0.0,,
822,Retrohippocampal region,RHP,144.0,255.0,176.0,41200.0,1089.0,HPF,,6.0,,926388.0,18.52776,HPF,RHP,,0.0,0.0,3488.0,74882084.0,176946.0,21468.4873853211,50.72993119266055
909,Entorhinal area,ENT,128.0,255.0,144.0,41300.0,822.0,RHP,,7.0,,533704.0,10.67408,HPF,ENT,,0.0,0.0,2081.0,47397333.0,110658.0,22776.229216722728,53.1753964440173
918,Dorsolateral entorhinal cortex,DLEnt,128.0,255.0,145.0,41350.0,909.0,ENT,,8.0,,181520.0,3.6304,HPF,DLEnt,,0.0,0.0,666.0,16005955.0,37631.0,24032.965465465466,56.503003003003
389,"Dorsolateral entorhinal cortex, leaf",DLEnt_leaf,128.0,255.0,145.0,41350.0,918.0,DLEnt,,9.0,398.0,398.0,0.00796,HPF,misc,,0.0,0.0,0.0,0.0,0.0,,
1121,"Dorsolateral entorhinal cortex, layer 1",DLEnt1,0.0,104.0,101.0,41400.0,918.0,DLEnt,,9.0,31436.0,31436.0,0.62872,HPF,1,16.0,261356.0,737.0,16.0,261356.0,737.0,16334.75,46.0625
20,"Dorsolateral entorhinal cortex, layer 2",DLEnt2,0.0,114.0,116.0,41500.0,918.0,DLEnt,,9.0,26106.0,26106.0,0.52212,HPF,2,113.0,2459252.0,5822.0,113.0,2459252.0,5822.0,21763.29203539823,51.52212389380531
999,"Dorsolateral entorhinal cortex, layer 2/3",DLEnt2/3,50.0,133.0,139.0,41600.0,918.0,DLEnt,,9.0,21244.0,21244.0,0.42488,HPF,2.3,162.0,4566996.0,10444.0,162.0,4566996.0,10444.0,28191.333333333332,64.46913580246914
715,"Dorsolateral entorhinal cortex, layer 2a",DLEnta,0.0,115.0,122.0,41700.0,918.0,DLEnt,,9.0,,0.0,0.0,HPF,a,,0.0,0.0,0.0,0.0,0.0,,
764,"Dorsolateral entorhinal cortex, layer 2b",DLEntb,0.0,128.0,132.0,41800.0,918.0,DLEnt,,9.0,,0.0,0.0,HPF,b,,0.0,0.0,0.0,0.0,0.0,,
52,"Dorsolateral entorhinal cortex, layer 3",DLEnt3,86.0,151.0,158.0,41900.0,918.0,DLEnt,,9.0,35812.0,35812.0,0.71624,HPF,3,137.0,3295671.0,7755.0,137.0,3295671.0,7755.0,24055.992700729927,56.605839416058394
92,"Dorsolateral entorhinal cortex, layer 4",DLEnt4,117.0,161.0,167.0,42000.0,918.0,DLEnt,,9.0,,0.0,0.0,HPF,4,,0.0,0.0,0.0,0.0,0.0,,
312,"Dorsolateral entorhinal cortex, layer 4/5",DLEnt4/5,157.0,184.0,189.0,42100.0,918.0,DLEnt,,9.0,,0.0,0.0,HPF,4.5,,0.0,0.0,0.0,0.0,0.0,,
139,"Dorsolateral entorhinal cortex, layer 5",DLEnt5,190.0,204.0,206.0,42200.0,918.0,DLEnt,,9.0,44566.0,44566.0,0.89132,HPF,5,156.0,3412178.0,8141.0,156.0,3412178.0,8141.0,21872.9358974359,52.18589743589744
387,"Dorsolateral entorhinal cortex, layer 5/6",DLEnt5/6,138.0,168.0,168.0,42300.0,918.0,DLEnt,,9.0,,0.0,0.0,HPF,5.6,,0.0,0.0,0.0,0.0,0.0,,
28,"Dorsolateral entorhinal cortex, layer 6a",DLEnt6a,148.0,179.0,173.0,42400.0,918.0,DLEnt,,9.0,18788.0,18788.0,0.37576,HPF,6a,76.0,1866242.0,4407.0,76.0,1866242.0,4407.0,24555.815789473683,57.98684210526316
60,"Dorsolateral entorhinal cortex, layer 6b",DLEnt6b,180.0,199.0,193.0,42500.0,918.0,DLEnt,,9.0,3170.0,3170.0,0.0634,HPF,6b,6.0,144260.0,325.0,6.0,144260.0,325.0,24043.333333333332,54.166666666666664
926,Dorsal intermediate entorhinal cortex,DIEnt,128.0,255.0,146.0,42700.0,909.0,ENT,,8.0,,70732.0,1.41464,HPF,DIEnt,,0.0,0.0,269.0,5342452.0,13539.0,19860.416356877322,50.33085501858736
526,"Dorsal intermediate entorhinal cortex, layer 1",DIEnt1,0.0,104.0,87.0,42800.0,926.0,DIEnt,,9.0,11422.0,11422.0,0.22844,HPF,1,11.0,159951.0,482.0,11.0,159951.0,482.0,14541.0,43.81818181818182
543,"Dorsal intermediate entorhinal cortex, layer 2",DIEnt2,0.0,118.0,106.0,42900.0,926.0,DIEnt,,9.0,13472.0,13472.0,0.26944,HPF,2,83.0,1547110.0,3709.0,83.0,1547110.0,3709.0,18639.87951807229,44.68674698795181
468,"Dorsal intermediate entorhinal cortex, layer 2a",DIEnt2a,1.0,118.0,106.0,43000.0,926.0,DIEnt,,9.0,,0.0,0.0,HPF,2a,,0.0,0.0,0.0,0.0,0.0,,
508,"Dorsal intermediate entorhinal cortex, layer 2b",DIEnt2b,2.0,118.0,106.0,43100.0,926.0,DIEnt,,9.0,,0.0,0.0,HPF,2b,,0.0,0.0,0.0,0.0,0.0,,
2408,"Dorsal intermediate entorhinal cortex, layer 2/3",DIEnt2/3,2.0,118.0,106.0,43110.0,926.0,DIEnt,,9.0,,0.0,0.0,HPF,2.3,,0.0,0.0,0.0,0.0,0.0,,
664,"Dorsal intermediate entorhinal cortex, layer 3",DIEnt3,36.0,122.0,111.0,43200.0,926.0,DIEnt,,9.0,21068.0,21068.0,0.42136,HPF,3,71.0,1724729.0,4030.0,71.0,1724729.0,4030.0,24291.957746478874,56.76056338028169
712,"Dorsal intermediate entorhinal cortex, layer 4",DIEnt4,63.0,135.0,126.0,43300.0,926.0,DIEnt,,9.0,,0.0,0.0,HPF,4,,0.0,0.0,0.0,0.0,0.0,,
727,"Dorsal intermediate entorhinal cortex, layer 5",DIEnt5,64.0,135.0,126.0,43400.0,926.0,DIEnt,,9.0,21546.0,21546.0,0.43092,HPF,5,94.0,1722367.0,4792.0,94.0,1722367.0,4792.0,18323.05319148936,50.97872340425532
550,"Dorsal intermediate entorhinal cortex, layer 5/6",DIEnt5/6,81.0,139.0,133.0,43500.0,926.0,DIEnt,,9.0,,0.0,0.0,HPF,5.6,,0.0,0.0,0.0,0.0,0.0,,
743,"Dorsal intermediate entorhinal cortex, layer 6",DIEnt6,108.0,156.0,152.0,43600.0,926.0,DIEnt,,9.0,3224.0,3224.0,0.06448,HPF,6,10.0,188295.0,526.0,10.0,188295.0,526.0,18829.5,52.6
934,Ventral intermediate entorhinal cortex,VIEnt,128.0,255.0,147.0,43700.0,909.0,ENT,,8.0,,49880.0,0.9976,HPF,VIEnt,,0.0,0.0,281.0,7009964.0,15446.0,24946.491103202847,54.96797153024911
259,"Ventral intermediate entorhinal cortex, layer 1",VIEnt1,0.0,104.0,96.0,43800.0,934.0,VIEnt,,9.0,10872.0,10872.0,0.21744,HPF,1,16.0,250878.0,659.0,16.0,250878.0,659.0,15679.875,41.1875
324,"Ventral intermediate entorhinal cortex, layer 2",VIEnt2,0.0,117.0,111.0,43900.0,934.0,VIEnt,,9.0,11284.0,11284.0,0.22568,HPF,2,86.0,2475916.0,5061.0,86.0,2475916.0,5061.0,28789.720930232557,58.848837209302324
371,"Ventral intermediate entorhinal cortex, layer 3",VIEnt3,35.0,122.0,117.0,44000.0,934.0,VIEnt,,9.0,12194.0,12194.0,0.24388,HPF,3,83.0,1909979.0,4395.0,83.0,1909979.0,4395.0,23011.795180722893,52.95180722891566
419,"Ventral intermediate entorhinal cortex, layer 4",VIEnt4,62.0,135.0,133.0,44100.0,934.0,VIEnt,,9.0,,0.0,0.0,HPF,4,,0.0,0.0,0.0,0.0,0.0,,
1133,"Ventral intermediate entorhinal cortex, layer 5/6",VIEnt5/6,80.0,140.0,140.0,44200.0,934.0,VIEnt,,9.0,15530.0,15530.0,0.3106,HPF,5.6,96.0,2373191.0,5331.0,96.0,2373191.0,5331.0,24720.739583333332,55.53125
2518,"Medial entorhinal cortex, leaf",MEnt_leaf,80.0,140.0,140.0,44220.0,2159.0,MEnt,,9.0,27534.0,27534.0,0.55068,HPF,misc,166.0,3870451.0,8483.0,166.0,3870451.0,8483.0,23315.969879518074,51.102409638554214
2159,Medial entorhinal cortex,MEnt,80.0,140.0,140.0,44220.0,909.0,ENT,,8.0,,71928.0,1.43856,HPF,MEnt,,0.0,0.0,352.0,7904981.0,18385.0,22457.332386363636,52.23011363636363
2164,"Medial entorhinal cortex, layer 1",MEnt1,80.0,140.0,140.0,44230.0,2159.0,MEnt,,9.0,6088.0,6088.0,0.12176,HPF,1,5.0,94565.0,241.0,5.0,94565.0,241.0,18913.0,48.2
2444,"Medial entorhinal cortex, layer 2",MEnt2,80.0,140.0,140.0,44240.0,2159.0,MEnt,,9.0,7846.0,7846.0,0.15692,HPF,2,26.0,587301.0,1382.0,26.0,587301.0,1382.0,22588.5,53.15384615384615
2445,"Medial entorhinal cortex, layer 3",MEnt3,80.0,140.0,140.0,44250.0,2159.0,MEnt,,9.0,15494.0,15494.0,0.30988,HPF,3,63.0,1265378.0,3404.0,63.0,1265378.0,3404.0,20085.365079365078,54.03174603174603
2446,"Medial entorhinal cortex, layer 5",MEnt5,80.0,140.0,140.0,44260.0,2159.0,MEnt,,9.0,8606.0,8606.0,0.17212,HPF,5,57.0,1285101.0,2985.0,57.0,1285101.0,2985.0,22545.63157894737,52.36842105263158
2447,"Medial entorhinal cortex, layer 6",MEnt6,80.0,140.0,140.0,44270.0,2159.0,MEnt,,9.0,6360.0,6360.0,0.1272,HPF,6,35.0,802185.0,1890.0,35.0,802185.0,1890.0,22919.571428571428,54.0
2161,Caudomedial entothinal cortex,CEnt,80.0,140.0,140.0,44280.0,909.0,ENT,,8.0,,159644.0,3.19288,HPF,CEnt,,0.0,0.0,513.0,11133981.0,25657.0,21703.666666666668,50.01364522417154
2520,"Caudomedial entothinal cortex, leaf",CEnt_leaf,80.0,140.0,140.0,44280.0,2161.0,CEnt,,9.0,17168.0,17168.0,0.34336,HPF,misc,23.0,491303.0,1138.0,23.0,491303.0,1138.0,21361.0,49.47826086956522
2448,"Caudomedial entothinal cortex, layer 1",CEnt1,80.0,140.0,140.0,44290.0,2161.0,CEnt,,9.0,34518.0,34518.0,0.69036,HPF,1,26.0,517510.0,1293.0,26.0,517510.0,1293.0,19904.23076923077,49.73076923076923
2449,"Caudomedial entothinal cortex, layer 2",CEnt2,80.0,140.0,140.0,44291.0,2161.0,CEnt,,9.0,39032.0,39032.0,0.78064,HPF,2,65.0,1186680.0,2943.0,65.0,1186680.0,2943.0,18256.615384615383,45.276923076923076
2450,"Caudomedial entothinal cortex, layer 3",CEnt3,80.0,140.0,140.0,44292.0,2161.0,CEnt,,9.0,42816.0,42816.0,0.85632,HPF,3,219.0,4707495.0,10819.0,219.0,4707495.0,10819.0,21495.41095890411,49.401826484018265
2451,"Caudomedial entothinal cortex, layer 5",CEnt5,80.0,140.0,140.0,44293.0,2161.0,CEnt,,9.0,23190.0,23190.0,0.4638,HPF,5,162.0,3773028.0,8500.0,162.0,3773028.0,8500.0,23290.296296296296,52.46913580246913
2452,"Caudomedial entothinal cortex, layer 6",CEnt6,80.0,140.0,140.0,44294.0,2161.0,CEnt,,9.0,2920.0,2920.0,0.0584,HPF,6,18.0,457965.0,964.0,18.0,457965.0,964.0,25442.5,53.55555555555556
10691,"Parasubiculum, leaf",PaS_leaf,129.0,255.0,160.0,44300.0,843.0,PaS,,8.0,2006.0,2006.0,0.04012,HPF,misc,5.0,73564.0,171.0,5.0,73564.0,171.0,14712.8,34.2
843,Parasubiculum,PaS,129.0,255.0,160.0,44300.0,822.0,RHP,,7.0,,65178.0,1.30356,HPF,PaS,,0.0,0.0,139.0,2458573.0,6062.0,17687.575539568345,43.611510791366904
10693,"Parasubiculum, layer 1",PaS1,129.0,255.0,160.0,44400.0,843.0,PaS,,8.0,16230.0,16230.0,0.3246,HPF,1,12.0,258753.0,658.0,12.0,258753.0,658.0,21562.75,54.833333333333336
10694,"Parasubiculum, layer 2",PaS2,129.0,255.0,160.0,44500.0,843.0,PaS,,8.0,37264.0,37264.0,0.74528,HPF,2,96.0,1739832.0,4248.0,96.0,1739832.0,4248.0,18123.25,44.25
10695,"Parasubiculum, layer 3",PaS3,129.0,255.0,160.0,44600.0,843.0,PaS,,8.0,9678.0,9678.0,0.19356,HPF,3,26.0,386424.0,985.0,26.0,386424.0,985.0,14862.461538461539,37.88461538461539
1037,Postsubiculum,Post,128.0,255.0,160.0,44700.0,822.0,RHP,,7.0,,57546.0,1.15092,HPF,Post,,0.0,0.0,200.0,2824694.0,7567.0,14123.47,37.835
10696,"Postsubiculum, layer 1",Post1,128.0,255.0,160.0,44800.0,1037.0,Post,,8.0,14652.0,14652.0,0.29304,HPF,1,75.0,1041707.0,2771.0,75.0,1041707.0,2771.0,13889.426666666666,36.946666666666665
10697,"Postsubiculum, layer 2",Post2,128.0,255.0,160.0,44900.0,1037.0,Post,,8.0,28540.0,28540.0,0.5708,HPF,2,103.0,1357588.0,3783.0,103.0,1357588.0,3783.0,13180.466019417476,36.728155339805824
10698,"Postsubiculum, layer 3",Post3,128.0,255.0,160.0,45000.0,1037.0,Post,,8.0,14354.0,14354.0,0.28708,HPF,3,22.0,425399.0,1013.0,22.0,425399.0,1013.0,19336.31818181818,46.04545454545455
1084,Presubiculum,PsS,129.0,255.0,161.0,45190.0,822.0,RHP,,7.0,,29192.0,0.58384,HPF,PsS,,0.0,0.0,72.0,1364169.0,3222.0,18946.791666666668,44.75
10699,"Presubiculum, layer 1",PsS1,129.0,255.0,161.0,45200.0,1084.0,PsS,,8.0,7336.0,7336.0,0.14672,HPF,1,8.0,138592.0,286.0,8.0,138592.0,286.0,17324.0,35.75
10700,"Presubiculum, layer 2",PsS2,129.0,255.0,161.0,45300.0,1084.0,PsS,,8.0,15864.0,15864.0,0.31728,HPF,2,50.0,940211.0,2239.0,50.0,940211.0,2239.0,18804.22,44.78
10701,"Presubiculum, layer 3",PsS3,129.0,255.0,161.0,45400.0,1084.0,PsS,,8.0,5992.0,5992.0,0.11984,HPF,3,14.0,285366.0,697.0,14.0,285366.0,697.0,20383.285714285714,49.785714285714285
1155,"Subiculum, leaf",SUB_leaf,128.0,255.0,151.0,45500.0,502.0,SUB,,8.0,2216.0,2216.0,0.04432,HPF,misc,8.0,113524.0,301.0,8.0,113524.0,301.0,14190.5,37.625
502,Subiculum,SUB,128.0,255.0,151.0,45500.0,822.0,RHP,,7.0,,240768.0,4.81536,HPF,SUB,,0.0,0.0,996.0,20837315.0,49437.0,20920.998995983937,49.6355421686747
833,"Dorsal subiculum, leaf",DS_leaf,129.0,255.0,151.0,45600.0,509.0,DS,,9.0,40636.0,40636.0,0.81272,HPF,misc,66.0,1627307.0,3475.0,66.0,1627307.0,3475.0,24656.166666666668,52.65151515151515
509,Dorsal subiculum,DS,129.0,255.0,151.0,45600.0,502.0,SUB,,8.0,,64836.0,1.29672,HPF,DS,,0.0,0.0,105.0,2594551.0,5353.0,24710.009523809524,50.98095238095238
829,"Dorsal subiculum, molecular layer",DS-m,129.0,255.0,151.0,45700.0,509.0,DS,,9.0,3190.0,3190.0,0.0638,HPF,m,2.0,30236.0,81.0,2.0,30236.0,81.0,15118.0,40.5
845,"Dorsal subiculum, pyramidal layer",DS-sp,100.0,230.0,121.0,45800.0,509.0,DS,,9.0,16134.0,16134.0,0.32268,HPF,sp,29.0,752808.0,1388.0,29.0,752808.0,1388.0,25958.896551724138,47.86206896551724
837,"Dorsal subiculum, stratum radiatum",DS-sr,129.0,255.0,151.0,45900.0,509.0,DS,,9.0,4876.0,4876.0,0.09752,HPF,sr,8.0,184200.0,409.0,8.0,184200.0,409.0,23025.0,51.125
876,"Ventral subiculum, leaf",VeS_leaf,130.0,255.0,151.0,46000.0,518.0,VeS,,9.0,30234.0,30234.0,0.60468,HPF,misc,372.0,7770991.0,18655.0,372.0,7770991.0,18655.0,20889.760752688173,50.14784946236559
518,Ventral subiculum,VeS,130.0,255.0,151.0,46000.0,502.0,SUB,,8.0,,54150.0,1.083,HPF,VeS,,0.0,0.0,558.0,11530551.0,28025.0,20664.06989247312,50.22401433691756
853,"Ventral subiculum, molecular layer",VeS-m,130.0,255.0,151.0,46100.0,518.0,VeS,,9.0,4364.0,4364.0,0.08728,HPF,m,5.0,75063.0,185.0,5.0,75063.0,185.0,15012.6,37.0
870,"Ventral subiculum, pyramidal layer",VeS-sp,100.0,230.0,121.0,46200.0,518.0,VeS,,9.0,13988.0,13988.0,0.27976,HPF,sp,160.0,3337337.0,8255.0,160.0,3337337.0,8255.0,20858.35625,51.59375
861,"Ventral subiculum, stratum radiatum",VeS-sr,130.0,255.0,151.0,46300.0,518.0,VeS,,9.0,5564.0,5564.0,0.11128,HPF,sr,21.0,347160.0,930.0,21.0,347160.0,930.0,16531.428571428572,44.285714285714285
2440,"Subiculum, transition area",STr,130.0,255.0,151.0,46310.0,502.0,SUB,,8.0,,119566.0,2.39132,HPF,STr,,0.0,0.0,325.0,6598689.0,15758.0,20303.65846153846,48.48615384615385
2441,"Subiculum, transition area, molecular layer",STr-m,130.0,255.0,151.0,46320.0,2440.0,STr,,9.0,18390.0,18390.0,0.3678,HPF,m,14.0,431519.0,832.0,14.0,431519.0,832.0,30822.785714285714,59.42857142857143
2442,"Subiculum, transition area, pyramidal layer",STr-sp,130.0,255.0,151.0,46330.0,2440.0,STr,,9.0,84826.0,84826.0,1.69652,HPF,sp,301.0,5976924.0,14428.0,301.0,5976924.0,14428.0,19856.890365448504,47.93355481727575
2443,"Subiculum, transition area, stratum radiatum",STr-sr,130.0,255.0,151.0,46340.0,2440.0,STr,,9.0,16350.0,16350.0,0.327,HPF,sr,10.0,190246.0,498.0,10.0,190246.0,498.0,19024.6,49.8
703,Cortical subplate,CTXsp,80.0,255.0,80.0,46400.0,688.0,CTX,,4.0,,472980.0,9.4596,CTXsp,CTXsp,,0.0,0.0,3941.0,82278953.0,192804.0,20877.684090332405,48.92260847500634
447,"Cortical subplate, leaf",CTXsp_leaf,80.0,255.0,80.0,46400.0,703.0,CTXsp,,5.0,16570.0,16570.0,0.3314,CTXsp,misc,111.0,2420043.0,5329.0,111.0,2420043.0,5329.0,21802.18918918919,48.009009009009006
16,"Layer 6b, isocortex",6b,80.0,255.0,81.0,46500.0,703.0,CTXsp,,5.0,,0.0,0.0,CTXsp,6b,,0.0,0.0,0.0,0.0,0.0,,
1999,"Claustrum, leaf",Cl_leaf,80.0,255.0,85.0,46600.0,583.0,Cl,,6.0,11404.0,11404.0,0.22808,CTXsp,misc,59.0,1050621.0,2526.0,59.0,1050621.0,2526.0,17807.13559322034,42.813559322033896
583,Claustrum,Cl,80.0,255.0,85.0,46600.0,703.0,CTXsp,,5.0,,40500.0,0.81,CTXsp,Cl,,0.0,0.0,268.0,5301015.0,13023.0,19779.90671641791,48.593283582089555
2002,Dorsal claustrum,DCl,80.0,255.0,85.0,46610.0,583.0,Cl,,6.0,11412.0,11412.0,0.22824,CTXsp,DCl,82.0,1535523.0,3997.0,82.0,1535523.0,3997.0,18725.89024390244,48.74390243902439
2003,Ventral claustrum,VCl,80.0,255.0,85.0,46620.0,583.0,Cl,,6.0,17684.0,17684.0,0.35368,CTXsp,VCl,127.0,2714871.0,6500.0,127.0,2714871.0,6500.0,21376.937007874014,51.181102362204726
942,Endopiriform nucleus,En,80.0,255.0,87.0,46700.0,703.0,CTXsp,,5.0,,171026.0,3.42052,CTXsp,En,,0.0,0.0,990.0,19001574.0,46930.0,19193.50909090909,47.4040404040404
952,Dorsal endopiriform nucleus,DEn ,81.0,255.0,87.0,46800.0,942.0,En,,6.0,115964.0,115964.0,2.31928,CTXsp,DEn ,518.0,9932812.0,24871.0,518.0,9932812.0,24871.0,19175.31274131274,48.013513513513516
966,Ventral endopiriform nucleus,VEn,82.0,255.0,87.0,46900.0,942.0,En,,6.0,20032.0,20032.0,0.40064,CTXsp,VEn,139.0,3390649.0,7681.0,139.0,3390649.0,7681.0,24393.158273381294,55.2589928057554
2085,Intermediate endopiriform claustrum,IEn,82.0,255.0,87.0,46910.0,942.0,En,,6.0,33774.0,33774.0,0.67548,CTXsp,IEn,326.0,5582075.0,14102.0,326.0,5582075.0,14102.0,17122.92944785276,43.25766871165644
2426,Retroendopiriform nucleus ,REn,82.0,255.0,87.0,46920.0,942.0,En,,6.0,1256.0,1256.0,0.02512,CTXsp,REn,7.0,96038.0,276.0,7.0,96038.0,276.0,13719.714285714286,39.42857142857143
131,Lateral amygdaloid nucleus,La,80.0,255.0,88.0,47000.0,703.0,CTXsp,,5.0,,38074.0,0.76148,CTXsp,La,,0.0,0.0,224.0,5270384.0,12487.0,23528.5,55.745535714285715
2045,"Lateral amygdaloid nucleus, leaf",La_leaf,80.0,255.0,88.0,47000.0,131.0,La,,6.0,498.0,498.0,0.00996,CTXsp,misc,2.0,34019.0,98.0,2.0,34019.0,98.0,17009.5,49.0
2068,"Lateral amygdaloid nucleus, dorsolateral part",LaDL,80.0,255.0,88.0,47010.0,131.0,La,,6.0,20644.0,20644.0,0.41288,CTXsp,LaDL,137.0,3263947.0,7634.0,137.0,3263947.0,7634.0,23824.430656934306,55.722627737226276
2052,"Lateral amygdaloid nucleus, ventrolateral part",LaVL,80.0,255.0,88.0,47020.0,131.0,La,,6.0,8326.0,8326.0,0.16652,CTXsp,LaVL,35.0,911951.0,1989.0,35.0,911951.0,1989.0,26055.742857142857,56.82857142857143
2060,"Lateral amygdaloid nucleus, ventromedial part",LaVM,80.0,255.0,88.0,47030.0,131.0,La,,6.0,8606.0,8606.0,0.17212,CTXsp,LaVM,50.0,1060467.0,2766.0,50.0,1060467.0,2766.0,21209.34,55.32
295,Basolateral amygdalar nucleus,BL,80.0,255.0,83.0,47100.0,703.0,CTXsp,,5.0,,92194.0,1.84388,CTXsp,BL,,0.0,0.0,731.0,17200111.0,39946.0,23529.563611491107,54.64569083447332
303,"Basolateral amygdaloid nucleus, anterior part",BLA,81.0,255.0,83.0,47200.0,295.0,BL,,6.0,33198.0,33198.0,0.66396,CTXsp,BLA,386.0,8765063.0,21269.0,386.0,8765063.0,21269.0,22707.417098445596,55.101036269430054
311,"Basolateral amygdaloid nucleus, posterior part",BLP,82.0,255.0,83.0,47300.0,295.0,BL,,6.0,46618.0,46618.0,0.93236,CTXsp,BLP,285.0,6788486.0,15222.0,285.0,6788486.0,15222.0,23819.249122807018,53.410526315789475
451,"Basolateral amygdaloid nucleus, ventral part",BLV,73.0,255.0,83.0,47400.0,295.0,BL,,6.0,12378.0,12378.0,0.24756,CTXsp,BLV,60.0,1646562.0,3455.0,60.0,1646562.0,3455.0,27442.7,57.583333333333336
319,Basomedial amygdalar nucleus,BM,80.0,255.0,84.0,47500.0,703.0,CTXsp,,5.0,,61772.0,1.23544,CTXsp,BM,,0.0,0.0,1224.0,24519734.0,56555.0,20032.462418300653,46.205065359477125
327,"Basomedial amygdaloid nucleus, anterior part",BMA,81.0,255.0,84.0,47600.0,319.0,BM,,6.0,27930.0,27930.0,0.5586,CTXsp,BMA,863.0,16772586.0,38883.0,863.0,16772586.0,38883.0,19435.209733487834,45.05561993047509
334,"Basomedial amygdaloid nucleus, posterior part",BMP,82.0,255.0,84.0,47700.0,319.0,BM,,6.0,33842.0,33842.0,0.67684,CTXsp,BMP,361.0,7747148.0,17672.0,361.0,7747148.0,17672.0,21460.24376731302,48.95290858725762
780,Amygdalohippocampal area,AHi,80.0,255.0,89.0,47800.0,703.0,CTXsp,,5.0,,52844.0,1.05688,CTXsp,AHi,,0.0,0.0,393.0,8566092.0,18534.0,21796.67175572519,47.16030534351145
2086,"Amygdalohippocampal area, anterolateral part",AHiAL,80.0,255.0,89.0,47810.0,780.0,AHi,,6.0,29598.0,29598.0,0.59196,CTXsp,AHiAL,162.0,3055810.0,7225.0,162.0,3055810.0,7225.0,18863.024691358023,44.598765432098766
2087,"Amygdalohippocampal area, posteromedial part",AHiPM,80.0,255.0,89.0,47820.0,780.0,AHi,,6.0,20290.0,20290.0,0.4058,CTXsp,AHiPM,210.0,5094136.0,10326.0,210.0,5094136.0,10326.0,24257.790476190476,49.17142857142857
2088,"Amygdalohippocampal area, posterolateral",AHiPL,80.0,255.0,89.0,47830.0,780.0,AHi,,6.0,2956.0,2956.0,0.05912,CTXsp,AHiPL,21.0,416146.0,983.0,21.0,416146.0,983.0,19816.47619047619,46.80952380952381
623,Cerebral nuclei,CNU,176.0,216.0,255.0,47900.0,567.0,CH,,3.0,,2722700.0,54.454,,CNU,,0.0,0.0,9947.0,168998461.0,421527.0,16989.89253041118,42.377299688348245
477,Striatum,STR,160.0,200.0,232.0,48000.0,623.0,CNU,,4.0,,2226160.0,44.5232,STR,STR,,0.0,0.0,7890.0,134481355.0,336072.0,17044.531685678074,42.59467680608365
485,Striatum dorsal region,STRd,160.0,216.0,232.0,48100.0,477.0,STR,,5.0,,1299864.0,25.99728,STR,STRd,,0.0,0.0,2037.0,37669343.0,92205.0,18492.559155621013,45.265095729013254
672,Caudate Putamen ,CP,160.0,216.0,248.0,48200.0,485.0,STRd,,6.0,,1299864.0,25.99728,STR,CP,,0.0,0.0,2037.0,37669343.0,92205.0,18492.559155621013,45.265095729013254
2376,Caudoputamen- rostral extreme,CPre,160.0,216.0,248.0,48210.0,672.0,CP,,7.0,46138.0,46138.0,0.92276,STR,CPre,48.0,653350.0,1679.0,48.0,653350.0,1679.0,13611.458333333334,34.979166666666664
2491,Caudoputamen- rostral,CPr,160.0,216.0,248.0,48220.0,672.0,CP,,7.0,,220448.0,4.40896,STR,CPr,,0.0,0.0,211.0,3148568.0,8028.0,14922.123222748814,38.04739336492891
2294,"Caudoputamen- rostral, medial","CPr, m",160.0,216.0,248.0,48221.0,2491.0,CPr,,8.0,27506.0,27506.0,0.55012,STR,m,28.0,362196.0,908.0,28.0,362196.0,908.0,12935.57142857143,32.42857142857143
2295,"Caudoputamen- rostral, intermediate, dorsal","CPr, imd",160.0,216.0,248.0,48222.0,2491.0,CPr,,8.0,39962.0,39962.0,0.79924,STR,imd,27.0,423531.0,1024.0,27.0,423531.0,1024.0,15686.333333333334,37.925925925925924
2296,"Caudoputamen- rostral, intermediate, ventral","CPr, imv",160.0,216.0,248.0,48223.0,2491.0,CPr,,8.0,42298.0,42298.0,0.84596,STR,imv,54.0,916375.0,2145.0,54.0,916375.0,2145.0,16969.90740740741,39.72222222222222
2497,"Caudoputamen- rostral, lateral","CPr, l",160.0,216.0,248.0,48224.0,2491.0,CPr,,8.0,,110682.0,2.21364,STR,l,,0.0,0.0,102.0,1446466.0,3951.0,14181.039215686274,38.73529411764706
2395,"Caudoputamen- rostral, lateral, lateral strip","CPr, l, ls",160.0,216.0,248.0,48225.0,2497.0,"CPr, l",,9.0,65890.0,65890.0,1.3178,STR,ls,36.0,486589.0,1317.0,36.0,486589.0,1317.0,13516.361111111111,36.583333333333336
2297,"Caudoputamen- rostra,l lateral, ventromedial","CPr, l, vm",160.0,216.0,248.0,48226.0,2497.0,"CPr, l",,9.0,44792.0,44792.0,0.89584,STR,vm,66.0,959877.0,2634.0,66.0,959877.0,2634.0,14543.59090909091,39.90909090909091
2492,Caudoputamen- intermediate,CPi,160.0,216.0,248.0,48230.0,672.0,CP,,7.0,,609790.0,12.1958,STR,CPi,,0.0,0.0,607.0,10098547.0,25265.0,16636.815485996704,41.62273476112026
2498,"Caudoputamen- intermediate, dorsomedial","CPi, dm",160.0,216.0,248.0,48231.0,2492.0,CPi,,8.0,,169426.0,3.38852,STR,dm,,0.0,0.0,211.0,3155073.0,8093.0,14952.952606635072,38.355450236966824
2299,"Caudoputamen- intermediate, dorsomedial, dorsolateral","CPi, dm, dl",160.0,216.0,248.0,48232.0,2498.0,"CPi, dm",,9.0,43396.0,43396.0,0.86792,STR,dl,19.0,294054.0,763.0,19.0,294054.0,763.0,15476.526315789473,40.1578947368421
2298,"Caudoputamen- intermediate, dorsomedial, intermedial","CPi, dm, im",160.0,216.0,248.0,48233.0,2498.0,"CPi, dm",,9.0,40010.0,40010.0,0.8002,STR,im,90.0,1234284.0,3317.0,90.0,1234284.0,3317.0,13714.266666666666,36.855555555555554
2374,"Caudoputamen- intermediate, dorsomedial, central dorsal","CPi, dm, cd",160.0,216.0,248.0,48234.0,2498.0,"CPi, dm",,9.0,39176.0,39176.0,0.78352,STR,cd,28.0,367731.0,935.0,28.0,367731.0,935.0,13133.25,33.392857142857146
2380,"Caudoputamen- intermediate, dorsomedial, dorsal tip ","CPi, dm, dt",160.0,216.0,248.0,48235.0,2498.0,"CPi, dm",,9.0,46844.0,46844.0,0.93688,STR,dt,74.0,1259004.0,3078.0,74.0,1259004.0,3078.0,17013.567567567567,41.5945945945946
2500,"Caudoputamen- intermediate, ventromedial","CPi, vm",160.0,216.0,248.0,48236.0,2492.0,CPi,,8.0,,93184.0,1.86368,STR,vm,,0.0,0.0,118.0,1924456.0,4532.0,16308.949152542373,38.40677966101695
2302,"Caudoputamen- intermediate, ventromedial, ventromedial","CPi, vm, vm",160.0,216.0,248.0,48237.0,2500.0,"CPi, vm",,9.0,39420.0,39420.0,0.7884,STR,vm,60.0,930611.0,2195.0,60.0,930611.0,2195.0,15510.183333333332,36.583333333333336
2480,"Caudoputamen- intermediate, ventromedial, ventral","CPi, vm, v",160.0,216.0,248.0,48238.0,2500.0,"CPi, vm",,9.0,39188.0,39188.0,0.78376,STR,v,48.0,908258.0,2071.0,48.0,908258.0,2071.0,18922.041666666668,43.145833333333336
2483,"Caudoputamen- intermediate, ventromedial, central ventromedial","CPi, vm, cvm",160.0,216.0,248.0,48239.0,2500.0,"CPi, vm",,9.0,14576.0,14576.0,0.29152,STR,cvm,10.0,85587.0,266.0,10.0,85587.0,266.0,8558.7,26.6
2499,"Caudoputamen- intermediate, dorsolateral, ","CPi, dl",160.0,216.0,248.0,48240.0,2492.0,CPi,,8.0,,103382.0,2.06764,STR,dl,,0.0,0.0,70.0,1110268.0,2973.0,15860.971428571429,42.47142857142857
2300,"Caudoputamen- intermediate, dorsolateral, dorsal","CPi, dl, d",160.0,216.0,248.0,48241.0,2499.0,"CPi, dl",,9.0,53216.0,53216.0,1.06432,STR,d,34.0,466436.0,1278.0,34.0,466436.0,1278.0,13718.70588235294,37.588235294117645
2301,"Caudoputamen- intermediate, dorsolateral, intermedial dorsal","CPi, dl, imd",160.0,216.0,248.0,48242.0,2499.0,"CPi, dl",,9.0,50166.0,50166.0,1.00332,STR,imd,36.0,643832.0,1695.0,36.0,643832.0,1695.0,17884.222222222223,47.083333333333336
2501,"Caudoputamen- intermediate, ventrolateral","CPi, vl",160.0,216.0,248.0,48243.0,2492.0,CPi,,8.0,,243798.0,4.87596,STR,vl,,0.0,0.0,208.0,3908750.0,9667.0,18792.06730769231,46.47596153846154
2479,"Caudoputamen- intermediate, ventrolateral, intermedial ventral","CPi, vl, imv",160.0,216.0,248.0,48244.0,2501.0,"CPi, vl",,9.0,47738.0,47738.0,0.95476,STR,imv,38.0,813146.0,1979.0,38.0,813146.0,1979.0,21398.57894736842,52.078947368421055
2482,"Caudoputamen- intermediate, ventrolateral, ventral","CPi, vl, v",160.0,216.0,248.0,48245.0,2501.0,"CPi, vl",,9.0,59872.0,59872.0,1.19744,STR,v,59.0,1222819.0,2943.0,59.0,1222819.0,2943.0,20725.745762711864,49.88135593220339
2481,"Caudoputamen- intermediate, ventrolateral, ventral tip","CPi, vl, vt",160.0,216.0,248.0,48246.0,2501.0,"CPi, vl",,9.0,96368.0,96368.0,1.92736,STR,vt,78.0,1399344.0,3559.0,78.0,1399344.0,3559.0,17940.30769230769,45.62820512820513
2370,"Caudoputamen- intermediate, ventrolateral, central ventrolateral","CPi, vl, cvl",160.0,216.0,248.0,48247.0,2501.0,"CPi, vl",,9.0,39820.0,39820.0,0.7964,STR,cvl,33.0,473441.0,1186.0,33.0,473441.0,1186.0,14346.69696969697,35.93939393939394
2496,Caudoputamen- caudal,CPc,160.0,216.0,248.0,48250.0,672.0,CP,,7.0,,366526.0,7.33052,STR,CPc,,0.0,0.0,661.0,12813277.0,31024.0,19384.68532526475,46.934947049924354
2493,"Caudoputamen- caudal, dorsal","CPc, d",160.0,216.0,248.0,48251.0,2496.0,CPc,,8.0,,109450.0,2.189,STR,d,,0.0,0.0,163.0,2880905.0,6850.0,17674.26380368098,42.02453987730061
2519,"Caudoputamen- caudal, dorsal, leaf","CPc, d_leaf",160.0,216.0,248.0,48251.0,2493.0,"CPc, d",,9.0,18592.0,18592.0,0.37184,STR,misc,50.0,1255215.0,2624.0,50.0,1255215.0,2624.0,25104.3,52.48
2484,"Caudoputamen- caudal, dorsal, dorsomedial","CPc, d, dm",160.0,216.0,248.0,48252.0,2493.0,"CPc, d",,9.0,32876.0,32876.0,0.65752,STR,dm,74.0,1008538.0,2611.0,74.0,1008538.0,2611.0,13628.891891891892,35.28378378378378
2485,"Caudoputamen- caudal, dorsal, dorsolateral","CPc, d, dl",160.0,216.0,248.0,48253.0,2493.0,"CPc, d",,9.0,38318.0,38318.0,0.76636,STR,dl,18.0,330532.0,846.0,18.0,330532.0,846.0,18362.88888888889,47.0
2486,"Caudoputamen- caudal, dorsal, ventromedial","CPc, d, vm",160.0,216.0,248.0,48254.0,2493.0,"CPc, d",,9.0,19664.0,19664.0,0.39328,STR,vm,21.0,286620.0,769.0,21.0,286620.0,769.0,13648.57142857143,36.61904761904762
2494,"Caudoputamen- caudal, intermediate","CPc, i",160.0,216.0,248.0,48255.0,2496.0,CPc,,8.0,,176034.0,3.52068,STR,i,,0.0,0.0,274.0,5149930.0,12452.0,18795.36496350365,45.44525547445255
2517,"Caudoputamen- caudal, intermediate, leaf","CPc, i_leaf",160.0,216.0,248.0,48255.0,2494.0,"CPc, i",,9.0,49130.0,49130.0,0.9826,STR,misc,167.0,3053086.0,7563.0,167.0,3053086.0,7563.0,18281.952095808385,45.287425149700596
2487,"Caudoputamen- caudal, intermediate, dorsal","CPc, i, d",160.0,216.0,248.0,48256.0,2494.0,"CPc, i",,9.0,48506.0,48506.0,0.97012,STR,d,23.0,586645.0,1170.0,23.0,586645.0,1170.0,25506.304347826088,50.869565217391305
2489,"Caudoputamen- caudal, intermediate, ventromedial","CPc, i, vm",160.0,216.0,248.0,48257.0,2494.0,"CPc, i",,9.0,37282.0,37282.0,0.74564,STR,vm,52.0,846792.0,2115.0,52.0,846792.0,2115.0,16284.461538461539,40.67307692307692
2488,"Caudoputamen- caudal, intermediate, ventrolateral","CPc, i, vl",160.0,216.0,248.0,48258.0,2494.0,"CPc, i",,9.0,41116.0,41116.0,0.82232,STR,vl,32.0,663407.0,1604.0,32.0,663407.0,1604.0,20731.46875,50.125
2490,"Caudoputamen- caudal, ventral","CPc, v",160.0,216.0,248.0,48259.0,2496.0,CPc,,8.0,81042.0,81042.0,1.62084,STR,v,224.0,4782442.0,11722.0,224.0,4782442.0,11722.0,21350.1875,52.330357142857146
2495,Caudoputamen- caudal extreme,CPce,160.0,216.0,248.0,48260.0,672.0,CP,,7.0,36356.0,36356.0,0.72712,STR,CPce,301.0,6858718.0,15803.0,301.0,6858718.0,15803.0,22786.43853820598,52.501661129568106
2001,Lateral stripe of the striatum ,LSS,160.0,216.0,248.0,48296.0,672.0,CP,,7.0,5190.0,5190.0,0.1038,STR,LSS,29.0,391247.0,1141.0,29.0,391247.0,1141.0,13491.275862068966,39.3448275862069
2050,Amygdalostriatal transition area,ASt ,160.0,216.0,248.0,48297.0,672.0,CP,,7.0,15416.0,15416.0,0.30832,STR,ASt ,180.0,3705636.0,9265.0,180.0,3705636.0,9265.0,20586.866666666665,51.47222222222222
493,Striatum ventral region,STRv,160.0,232.0,232.0,48300.0,477.0,STR,,5.0,,535002.0,10.70004,STR,STRv,,0.0,0.0,2411.0,38562350.0,97926.0,15994.338448776442,40.6163417669017
602,"Striatum ventral region, leaf",STRv_leaf,160.0,232.0,232.0,48300.0,493.0,STRv,,6.0,15208.0,15208.0,0.30416,STR,misc,17.0,186490.0,535.0,17.0,186490.0,535.0,10970.0,31.470588235294116
56,Accumbens nucleus,Acb,160.0,232.0,224.0,48400.0,493.0,STRv,,6.0,,240196.0,4.80392,STR,Acb,,0.0,0.0,883.0,12695508.0,33055.0,14377.698754246885,37.43488108720272
2074,"Accumbens nucleus, core region",AcbC,160.0,232.0,224.0,48410.0,56.0,Acb,,7.0,102788.0,102788.0,2.05576,STR,AcbC,291.0,4027711.0,10246.0,291.0,4027711.0,10246.0,13840.931271477662,35.20962199312715
2006,"Accumbens nucleus, shell region",AcbSh,160.0,232.0,224.0,48420.0,56.0,Acb,,7.0,86994.0,86994.0,1.73988,STR,AcbSh,471.0,6623153.0,17367.0,471.0,6623153.0,17367.0,14061.895966029724,36.87261146496815
2007,"Lateral accumbens, shell region",LAcbSh,160.0,232.0,224.0,48430.0,56.0,Acb,,7.0,50414.0,50414.0,1.00828,STR,LAcbSh,121.0,2044644.0,5442.0,121.0,2044644.0,5442.0,16897.88429752066,44.97520661157025
998,Interstitial nucleus of the posterior limb of the anterior commissure,IPAC,160.0,228.0,224.0,48500.0,493.0,STRv,,6.0,,53556.0,1.07112,STR,IPAC,,0.0,0.0,212.0,3571051.0,9294.0,16844.580188679247,43.839622641509436
1987,"Interstitial nucleus of the posterior limb of the anterior commissure, leaf",IPAC_leaf,160.0,228.0,224.0,48500.0,998.0,IPAC,,7.0,2826.0,2826.0,0.05652,STR,misc,21.0,517935.0,1154.0,21.0,517935.0,1154.0,24663.571428571428,54.95238095238095
2012,"Interstitial nucleus of the posterior limb of the anterior commissure, medial part",IPACM,160.0,228.0,224.0,48510.0,998.0,IPAC,,7.0,16792.0,16792.0,0.33584,STR,M,72.0,1121682.0,3032.0,72.0,1121682.0,3032.0,15578.916666666666,42.111111111111114
2372,"Interstitial nucleus of the posterior limb of the anterior commissure, lateral part",IPACL,160.0,228.0,224.0,48520.0,998.0,IPAC,,7.0,33938.0,33938.0,0.67876,STR,L,119.0,1931434.0,5108.0,119.0,1931434.0,5108.0,16230.53781512605,42.924369747899156
730,"Olfactory tubercle, leaf",Tu_leaf,160.0,224.0,224.0,48600.0,754.0,Tu,,7.0,17418.0,17418.0,0.34836,STR,Main,86.0,1581026.0,3870.0,86.0,1581026.0,3870.0,18384.023255813954,45.0
754,Olfactory tubercle,Tu,160.0,224.0,224.0,48600.0,493.0,STRv,,6.0,,226042.0,4.52084,STR,Tu,,0.0,0.0,1299.0,22109301.0,55042.0,17020.247113163972,42.37259430331024
481,Island of Calleja,ICj,160.0,224.0,224.0,48700.0,754.0,Tu,,7.0,2320.0,2320.0,0.0464,STR,ICj,18.0,193018.0,529.0,18.0,193018.0,529.0,10723.222222222223,29.38888888888889
489,"Island of Calleja, major island",ICjM,160.0,224.0,224.0,48800.0,754.0,Tu,,7.0,2586.0,2586.0,0.05172,STR,ICjM,11.0,70533.0,238.0,11.0,70533.0,238.0,6412.090909090909,21.636363636363637
458,Olfactory tubercle 1 ,Tu1,160.0,224.0,224.0,49000.0,754.0,Tu,,7.0,66470.0,66470.0,1.3294,STR,1,423.0,7424587.0,18342.0,423.0,7424587.0,18342.0,17552.21513002364,43.361702127659576
465,Olfactory tubercle 2,Tu2,160.0,224.0,224.0,49100.0,754.0,Tu,,7.0,45804.0,45804.0,0.91608,STR,2,357.0,5917448.0,14981.0,357.0,5917448.0,14981.0,16575.484593837537,41.963585434173666
473,Olfactory tubercle 3,Tu3,160.0,224.0,224.0,49200.0,754.0,Tu,,7.0,85950.0,85950.0,1.719,STR,3,332.0,6033109.0,14658.0,332.0,6033109.0,14658.0,18172.015060240963,44.15060240963855
2018,Navicular nucleus of the basal forebrain,Nv,160.0,224.0,224.0,49210.0,754.0,Tu,,7.0,5494.0,5494.0,0.10988,STR,Nv,72.0,889580.0,2424.0,72.0,889580.0,2424.0,12355.277777777777,33.666666666666664
275,Lateral septal complex,LSX,160.0,239.0,232.0,49300.0,477.0,STR,,5.0,,217560.0,4.3512,STR,LSX,,0.0,0.0,496.0,4990163.0,14804.0,10060.8125,29.846774193548388
242,Lateral septal nucleus,LS,153.0,239.0,232.0,49400.0,275.0,LSX,,6.0,,172912.0,3.45824,STR,LS,,0.0,0.0,408.0,4126479.0,12209.0,10113.91911764706,29.92401960784314
250,"Lateral septal nucleus, dorsal part",LSD,153.0,237.0,232.0,49500.0,242.0,LS,,7.0,32840.0,32840.0,0.6568,STR,D,41.0,336709.0,1042.0,41.0,336709.0,1042.0,8212.414634146342,25.414634146341463
258,"Lateral septal nucleus, intermediate part",LSI,153.0,237.0,233.0,49600.0,242.0,LS,,7.0,111374.0,111374.0,2.22748,STR,I,247.0,2674420.0,7844.0,247.0,2674420.0,7844.0,10827.611336032389,31.757085020242915
266,"Lateral septal nucleus, ventral part",LSV,153.0,237.0,234.0,49700.0,242.0,LS,,7.0,27276.0,27276.0,0.54552,STR,V,116.0,1091457.0,3243.0,116.0,1091457.0,3243.0,9409.112068965518,27.95689655172414
2008,Zona limitans,ZL,153.0,237.0,234.0,49710.0,242.0,LS,,7.0,1422.0,1422.0,0.02844,STR,ZL,4.0,23893.0,80.0,4.0,23893.0,80.0,5973.25,20.0
310,Septofimbrial nucleus,SFi ,147.0,239.0,232.0,49800.0,275.0,LSX,,6.0,20678.0,20678.0,0.41356,STR,SFi ,8.0,111554.0,318.0,8.0,111554.0,318.0,13944.25,39.75
333,Septohippocampal nucleus,SHi ,139.0,239.0,232.0,49900.0,275.0,LSX,,6.0,5224.0,5224.0,0.10448,STR,SHi ,14.0,169903.0,478.0,14.0,169903.0,478.0,12135.92857142857,34.142857142857146
2009,Septohypothalamic nucleus,SHy ,139.0,239.0,232.0,49910.0,275.0,LSX,,6.0,18746.0,18746.0,0.37492,STR,SHy ,66.0,582227.0,1799.0,66.0,582227.0,1799.0,8821.621212121212,27.257575757575758
278,Striatum-like amygdalar nuclei,sAMY,160.0,208.0,232.0,50000.0,477.0,STR,,5.0,,173734.0,3.47468,STR,sAMY,,0.0,0.0,2946.0,53259499.0,131137.0,18078.580787508487,44.51357773251867
23,Anterior amygdaloid area,AA,186.0,208.0,248.0,50100.0,278.0,sAMY,,6.0,44786.0,44786.0,0.89572,STR,AA,658.0,12813304.0,29834.0,658.0,12813304.0,29834.0,19473.106382978724,45.340425531914896
292,Bed nucleus of the accessory olfactory tract,BAOT,160.0,208.0,232.0,50200.0,278.0,sAMY,,6.0,1400.0,1400.0,0.028,STR,BAOT,33.0,513220.0,1276.0,33.0,513220.0,1276.0,15552.121212121212,38.666666666666664
536,Central amygdalar nucleus,Ce,171.0,208.0,248.0,50300.0,278.0,sAMY,,6.0,,51888.0,1.03776,STR,Ce,,0.0,0.0,817.0,13988256.0,36444.0,17121.488372093023,44.60709914320685
544,"Central amygdaloid nucleus, capsular part",CeC,171.0,209.0,248.0,50400.0,536.0,Ce,,7.0,11330.0,11330.0,0.2266,STR,CeC,179.0,3132728.0,8176.0,179.0,3132728.0,8176.0,17501.273743016758,45.675977653631286
551,"Central amygdaloid nucleus, lateral part",CeL,171.0,209.0,249.0,50500.0,536.0,Ce,,7.0,17114.0,17114.0,0.34228,STR,CeL,303.0,5540255.0,14260.0,303.0,5540255.0,14260.0,18284.6699669967,47.06270627062706
559,"Central amygdaloid nucleus, medial part",CeM,171.0,209.0,250.0,50600.0,536.0,Ce,,7.0,23444.0,23444.0,0.46888,STR,CeM,335.0,5315273.0,14008.0,335.0,5315273.0,14008.0,15866.486567164178,41.81492537313433
2507,"Intercalated nuclei of the amygdala, leaf",I_leaf,184.0,208.0,248.0,50700.0,1105.0,I,,7.0,4580.0,4580.0,0.0916,STR,misc,103.0,1925641.0,4627.0,103.0,1925641.0,4627.0,18695.543689320388,44.922330097087375
1105,Intercalated nuclei of the amygdala,I,184.0,208.0,248.0,50700.0,278.0,sAMY,,6.0,,6778.0,0.13556,STR,I,,0.0,0.0,149.0,2913697.0,6835.0,19555.013422818793,45.87248322147651
2375,"Intercalated amygdalar nucleus, main part",IM,184.0,208.0,248.0,50710.0,1105.0,I,,7.0,2198.0,2198.0,0.04396,STR,IM,46.0,988056.0,2208.0,46.0,988056.0,2208.0,21479.478260869564,48.0
403,Medial amygdaloid nucleus,Me,176.0,208.0,248.0,50800.0,278.0,sAMY,,6.0,,68882.0,1.37764,STR,Me,,0.0,0.0,1289.0,23031022.0,56748.0,17867.35608999224,44.02482544608223
411,"Medial amygdaloid nucleus, anterodorsal part",MeAD,176.0,209.0,248.0,50900.0,403.0,Me,,7.0,11918.0,11918.0,0.23836,STR,AD,354.0,6751980.0,15982.0,354.0,6751980.0,15982.0,19073.389830508473,45.14689265536723
418,"Medial amygdaloid nucleus, anterventral part",MeAV,176.0,208.0,249.0,51000.0,403.0,Me,,7.0,4002.0,4002.0,0.08004,STR,AV,111.0,2500253.0,5553.0,111.0,2500253.0,5553.0,22524.8018018018,50.027027027027025
426,"Medial amygdaloid nucleus, posterodorsal part",MePD,176.0,208.0,250.0,51100.0,403.0,Me,,7.0,28136.0,28136.0,0.56272,STR,PD,491.0,7501910.0,19996.0,491.0,7501910.0,19996.0,15278.839103869654,40.72505091649695
435,"Medial amygdaloid nucleus, posteroventral part",MePV ,176.0,208.0,251.0,51500.0,403.0,Me,,7.0,24826.0,24826.0,0.49652,STR,PV,333.0,6276879.0,15217.0,333.0,6276879.0,15217.0,18849.486486486487,45.6966966966967
803,Pallidum,PAL,160.0,200.0,176.0,51600.0,623.0,CNU,,4.0,,496540.0,9.9308,PAL,PAL,,0.0,0.0,2057.0,34517106.0,85455.0,16780.314049586777,41.54350996596986
1022,Globus pallidus,GP,160.0,216.0,177.0,51800.0,803.0,PAL,,5.0,110072.0,110072.0,2.20144,PAL,GP,138.0,2499543.0,6166.0,138.0,2499543.0,6166.0,18112.630434782608,44.68115942028985
1031,Entopeduncular nucleus,EP,160.0,216.0,178.0,51900.0,803.0,PAL,,5.0,10818.0,10818.0,0.21636,PAL,EP,9.0,207320.0,479.0,9.0,207320.0,479.0,23035.555555555555,53.22222222222222
835,Ventral pallidum,VeP,160.0,208.0,176.0,52000.0,803.0,PAL,,5.0,,110352.0,2.20704,PAL,VeP,,0.0,0.0,232.0,3955163.0,9844.0,17048.116379310344,42.43103448275862
1163,"Ventral pallidum, leaf",VeP_leaf,160.0,208.0,176.0,52000.0,835.0,VeP,,6.0,107228.0,107228.0,2.14456,PAL,misc,226.0,3695640.0,9397.0,226.0,3695640.0,9397.0,16352.389380530973,41.57964601769911
342,Substantia innominata,SI,152.0,208.0,176.0,52100.0,803.0,PAL,,5.0,,74182.0,1.48364,PAL,SI,,0.0,0.0,409.0,7262713.0,18207.0,17757.244498777505,44.515892420537895
2371,"Substantia innominata, basal part",SIB,152.0,208.0,176.0,52110.0,342.0,SI,,6.0,12268.0,12268.0,0.24536,PAL,SIB,14.0,247818.0,616.0,14.0,247818.0,616.0,17701.285714285714,44.0
2027,Extension of the amygdala,EA,152.0,208.0,176.0,52120.0,342.0,SI,,6.0,55530.0,55530.0,1.1106,PAL,EA,371.0,6611006.0,16522.0,371.0,6611006.0,16522.0,17819.423180592992,44.53369272237197
2013,Cell bridges of the ventral striatum,CB,160.0,228.0,224.0,52130.0,342.0,SI,,6.0,6384.0,6384.0,0.12768,PAL,CB,24.0,403889.0,1069.0,24.0,403889.0,1069.0,16828.708333333332,44.541666666666664
298,Magnocellular nucleus,MCPO,162.0,208.0,176.0,52200.0,835.0,VeP,,6.0,,0.0,0.0,PAL,MCPO,,0.0,0.0,0.0,0.0,0.0,,
2028,Basal nucleus (Meynert),B,162.0,208.0,176.0,52210.0,835.0,VeP,,6.0,3124.0,3124.0,0.06248,PAL,B,6.0,259523.0,447.0,6.0,259523.0,447.0,43253.833333333336,74.5
826,"Pallidum, medial region",PALm,160.0,224.0,176.0,52300.0,803.0,PAL,,5.0,,95750.0,1.915,PAL,PALm,,0.0,0.0,288.0,5212872.0,12475.0,18100.25,43.31597222222222
904,Medial septal complex,MSC,160.0,224.0,176.0,52400.0,826.0,PALm,,6.0,,84720.0,1.6944,PAL,MSC,,0.0,0.0,273.0,5047610.0,11950.0,18489.41391941392,43.772893772893774
1965,"Medial septal nucleus, leaf",MS_leaf,118.0,224.0,176.0,52500.0,564.0,MS,,8.0,13320.0,13320.0,0.2664,PAL,misc,2.0,13869.0,43.0,2.0,13869.0,43.0,6934.5,21.5
564,Medial septal nucleus,MS,118.0,224.0,176.0,52500.0,904.0,MSC,,7.0,,16126.0,0.32252,PAL,MS,,0.0,0.0,4.0,24228.0,82.0,6057.0,20.5
2005,Lambdoid septal zone,Ld,118.0,224.0,176.0,52510.0,564.0,MS,,8.0,2806.0,2806.0,0.05612,PAL,Ld,2.0,10359.0,39.0,2.0,10359.0,39.0,5179.5,19.5
2280,Diagonal band nucleus,NDB,138.0,224.0,176.0,52600.0,904.0,MSC,,7.0,,68594.0,1.37188,PAL,NDB,,0.0,0.0,269.0,5023382.0,11868.0,18674.28252788104,44.11895910780669
596,Nucleus of the vertical limb of the diagonal band,VDB,138.0,224.0,176.0,52610.0,2280.0,NDB,,8.0,14574.0,14574.0,0.29148,PAL,VDB,34.0,408087.0,1193.0,34.0,408087.0,1193.0,12002.558823529413,35.088235294117645
2293,Lateral nucleus of the diagnoal band,LDB,138.0,224.0,176.0,52620.0,2280.0,NDB,,8.0,19524.0,19524.0,0.39048,PAL,LDB,73.0,1457707.0,3350.0,73.0,1457707.0,3350.0,19968.58904109589,45.89041095890411
2004,Nucleus of the horizontal limb of the diagonal band,HDB,138.0,224.0,176.0,52630.0,2280.0,NDB,,8.0,34496.0,34496.0,0.68992,PAL,HDB,162.0,3157588.0,7325.0,162.0,3157588.0,7325.0,19491.283950617282,45.21604938271605
581,Triangular septal nucleus,TS,128.0,224.0,176.0,52700.0,826.0,PALm,,6.0,11030.0,11030.0,0.2206,PAL,TS,15.0,165262.0,525.0,15.0,165262.0,525.0,11017.466666666667,35.0
809,"Pallidum, caudal region",PALc,160.0,190.0,176.0,52800.0,803.0,PAL,,5.0,,95366.0,1.90732,PAL,PALc,,0.0,0.0,981.0,15379495.0,38284.0,15677.36493374108,39.025484199796125
2308,Nucleus of stria medullaris,SM,160.0,190.0,176.0,52810.0,809.0,PALc,,6.0,1582.0,1582.0,0.03164,PAL,SM,4.0,43179.0,117.0,4.0,43179.0,117.0,10794.75,29.25
351,Bed nuclei of the stria terminalis,ST,160.0,190.0,160.0,52900.0,809.0,PALc,,6.0,,92844.0,1.85688,PAL,ST,,0.0,0.0,976.0,15285405.0,38079.0,15661.275614754099,39.01536885245902
359,"Bed nuclei of the stria terminalis, anterior division",STa,160.0,190.0,161.0,53000.0,351.0,ST,,7.0,,20538.0,0.41076,PAL,STa,,0.0,0.0,96.0,1422339.0,3622.0,14816.03125,37.729166666666664
537,"Bed nucleus of the stria terminalis, medial division, anterolateral part",STMAL,160.0,190.0,161.0,53100.0,359.0,STa,,8.0,1662.0,1662.0,0.03324,PAL,STMAL,7.0,132482.0,337.0,7.0,132482.0,337.0,18926.0,48.142857142857146
498,"Bed nucleus of the stria terminalis, medial division, anterior part",STMA,160.0,190.0,161.0,53200.0,359.0,STa,,8.0,6574.0,6574.0,0.13148,PAL,STMA,21.0,245360.0,684.0,21.0,245360.0,684.0,11683.809523809523,32.57142857142857
513,"Bed nuclei of the stria terminalis, fusiform nucleus",Fu,160.0,190.0,161.0,53400.0,359.0,STa,,8.0,622.0,622.0,0.01244,PAL,Fu,1.0,11851.0,42.0,1.0,11851.0,42.0,11851.0,42.0
546,"Bed nucleus of the stria terminalis, lateral division, juxtacapsular part",STLJ,160.0,190.0,161.0,53500.0,359.0,STa,,8.0,942.0,942.0,0.01884,PAL,J,6.0,82323.0,202.0,6.0,82323.0,202.0,13720.5,33.666666666666664
554,"Bed nucleus of the stria terminalis, lateral division, dorsal part",STLD,160.0,190.0,161.0,53700.0,359.0,STa,,8.0,3264.0,3264.0,0.06528,PAL,D,31.0,466587.0,1221.0,31.0,466587.0,1221.0,15051.193548387097,39.38709677419355
529,"Bed nucleus of the stria terminalis, medial division, posterolateral part",STMPL,160.0,190.0,161.0,53900.0,359.0,STa,,8.0,7474.0,7474.0,0.14948,PAL,PL,30.0,483736.0,1136.0,30.0,483736.0,1136.0,16124.533333333333,37.86666666666667
2359,"Bed nuclei of the stria terminalis, medial division",STm,160.0,190.0,161.0,53910.0,351.0,ST,,7.0,,19284.0,0.38568,PAL,STm,,0.0,0.0,141.0,2112431.0,5084.0,14981.780141843972,36.05673758865248
2010,"Bed nucleus of the stria terminalis, medial division, ventral part",STMV,160.0,190.0,161.0,53920.0,2359.0,STm,,8.0,7820.0,7820.0,0.1564,PAL,V,23.0,303213.0,779.0,23.0,303213.0,779.0,13183.173913043478,33.869565217391305
2025,"Bed nucleus of the stria terminalis, medial division, posteromedial part",STMPM,160.0,190.0,168.0,53930.0,2359.0,STm,,8.0,11464.0,11464.0,0.22928,PAL,PM,118.0,1809218.0,4305.0,118.0,1809218.0,4305.0,15332.35593220339,36.483050847457626
367,"Bed nuclei of the stria terminalis, posterior division",STp,160.0,190.0,168.0,54000.0,351.0,ST,,7.0,,10486.0,0.20972,PAL,STp,,0.0,0.0,88.0,1336212.0,3348.0,15184.227272727272,38.04545454545455
578,"Bed nucleus of the stria terminalis, medial division, anteromedial part",STMAM,160.0,190.0,168.0,54200.0,367.0,STp,,8.0,612.0,612.0,0.01224,PAL,AM,2.0,14080.0,45.0,2.0,14080.0,45.0,7040.0,22.5
585,"Bed nucleus of the stria terminalis, medial division, posterointermediate part",STMPI,160.0,190.0,168.0,54300.0,367.0,STp,,8.0,9874.0,9874.0,0.19748,PAL,PI,86.0,1322132.0,3303.0,86.0,1322132.0,3303.0,15373.627906976744,38.406976744186046
2360,"Bed nuclei of the stria terminialis, lateral division",STl,160.0,190.0,168.0,54510.0,351.0,ST,,7.0,,19566.0,0.39132,PAL,STl,,0.0,0.0,110.0,1659269.0,3879.0,15084.263636363636,35.263636363636365
2015,"Bed nuclus of the stria terminalis, lateral division, posterior part",STLP,160.0,190.0,168.0,54520.0,2360.0,STl,,8.0,9732.0,9732.0,0.19464,PAL,LP,67.0,1003966.0,2337.0,67.0,1003966.0,2337.0,14984.567164179105,34.88059701492537
2014,"Bed nucleus of the stria terminalis, lateral division, ventral part ",STLV,160.0,190.0,168.0,54530.0,2360.0,STl,,8.0,7750.0,7750.0,0.155,PAL,LV,25.0,396799.0,928.0,25.0,396799.0,928.0,15871.96,37.12
2022,"Bed nucleus of the stria terminalis, lateral division, intermediate part",STLI,160.0,190.0,168.0,54540.0,2360.0,STl,,8.0,2084.0,2084.0,0.04168,PAL,LI,18.0,258504.0,614.0,18.0,258504.0,614.0,14361.333333333334,34.111111111111114
2049,"Bed nucleus of the stria terminalis, intraamygdaloid",STIA,160.0,190.0,168.0,54550.0,351.0,ST,,7.0,22970.0,22970.0,0.4594,PAL,STIA,541.0,8755154.0,22146.0,541.0,8755154.0,22146.0,16183.279112754159,40.93530499075786
287,Bed nucleus of the anterior commissure,BAC,160.0,190.0,152.0,54600.0,809.0,PALc,,6.0,940.0,940.0,0.0188,PAL,BAC,1.0,50911.0,88.0,1.0,50911.0,88.0,50911.0,88.0
512,Cerebellum,CBL,240.0,255.0,160.0,54700.0,8.0,grey,,2.0,,2660406.0,53.20812,,CBL,,0.0,0.0,447.0,7658892.0,18938.0,17133.986577181207,42.3668903803132
528,Cerebellar cortex,CBX,240.0,240.0,128.0,54800.0,512.0,CBL,,3.0,,2567686.0,51.35372,,CBX,,0.0,0.0,446.0,7653865.0,18918.0,17161.132286995515,42.417040358744394
645,Vermal regions,VERM,240.0,242.0,128.0,54900.0,528.0,CBX,,4.0,,1030764.0,20.61528,VERM,VERM,,0.0,0.0,50.0,735780.0,1963.0,14715.6,39.26
912,Lobule 1 of the cerebellar vermis,1Cb,240.0,242.0,128.0,55000.0,645.0,VERM,,5.0,,7706.0,0.15412,VERM,1Cb,,0.0,0.0,0.0,0.0,0.0,,
10707,"Lobule 1 of the cerebellar vermis, molecular layer",1Cb-mo,240.0,242.0,128.0,55100.0,912.0,1Cb,,6.0,3414.0,3414.0,0.06828,VERM,mo,,0.0,0.0,0.0,0.0,0.0,,
10705,"Lobule 1 of the cerebellar vermis, granular layer",1Cb-gr,227.0,219.0,97.0,55300.0,912.0,1Cb,,6.0,4292.0,4292.0,0.08584,VERM,gr,,0.0,0.0,0.0,0.0,0.0,,
976,Lobule 2 of the cerebellar vermis,2Cb,240.0,242.0,128.0,55500.0,645.0,VERM,,5.0,,84094.0,1.68188,VERM,2Cb,,0.0,0.0,4.0,62497.0,150.0,15624.25,37.5
10710,"Lobule 2 of the cerebellar vermis, molecular layer",2Cb-mo,240.0,242.0,128.0,55600.0,976.0,2Cb,,6.0,48924.0,48924.0,0.97848,VERM,mo,2.0,29895.0,77.0,2.0,29895.0,77.0,14947.5,38.5
10708,"Lobule 2 of the cerebellar vermis, granular layer",2Cb-gr,227.0,219.0,97.0,55800.0,976.0,2Cb,,6.0,35170.0,35170.0,0.7034,VERM,gr,2.0,32602.0,73.0,2.0,32602.0,73.0,16301.0,36.5
984,Lobule 3 of the cerebellar vermis,3Cb,240.0,242.0,128.0,55900.0,645.0,VERM,,5.0,,110064.0,2.20128,VERM,3Cb,,0.0,0.0,2.0,45050.0,96.0,22525.0,48.0
10713,"Lobule 3 of the cerebellar vermis, molecular layer",3Cb-mo,240.0,242.0,128.0,56000.0,984.0,3Cb,,6.0,69064.0,69064.0,1.38128,VERM,mo,1.0,32519.0,57.0,1.0,32519.0,57.0,32519.0,57.0
10711,"Lobule 3 of the cerebellar vermis, granular layer",3Cb-gr,227.0,219.0,97.0,56200.0,984.0,3Cb,,6.0,41000.0,41000.0,0.82,VERM,gr,1.0,12531.0,39.0,1.0,12531.0,39.0,12531.0,39.0
928,Culmen,CUL,240.0,242.0,128.0,56300.0,645.0,VERM,,5.0,,316188.0,6.32376,VERM,CUL,,0.0,0.0,24.0,355976.0,983.0,14832.333333333334,40.958333333333336
992,Lobule 4 of the cerebellar vermis,4Cb,240.0,242.0,128.0,56400.0,928.0,CUL,,6.0,304.0,304.0,0.00608,VERM,4,,0.0,0.0,0.0,0.0,0.0,,
1001,Lobule 5 of the cerebellar vermis,5Cb,240.0,242.0,128.0,56800.0,928.0,CUL,,6.0,,0.0,0.0,VERM,5,,0.0,0.0,0.0,0.0,0.0,,
1091,Lobules 4 and 5 of the cerebellar vermis,4/5Cb,240.0,242.0,128.0,57200.0,928.0,CUL,,6.0,,315884.0,6.31768,VERM,4.5,,0.0,0.0,24.0,355976.0,983.0,14832.333333333334,40.958333333333336
10722,"Lobules 4 and 5 of the cerebellar vermis, molecular layer",4/5Cb-mo,240.0,242.0,128.0,57300.0,1091.0,4/5Cb,,7.0,187076.0,187076.0,3.74152,VERM,mo,20.0,292123.0,810.0,20.0,292123.0,810.0,14606.15,40.5
10720,"Lobules 4 and 5 of the cerebellar vermis, granular layer",4/5Cb-gr,227.0,219.0,97.0,57500.0,1091.0,4/5Cb,,7.0,128808.0,128808.0,2.57616,VERM,gr,4.0,63853.0,173.0,4.0,63853.0,173.0,15963.25,43.25
936,Lobule 6 of the cerebellar vermis,6Cb,240.0,242.0,128.0,57600.0,645.0,VERM,,5.0,,219424.0,4.38848,VERM,6Cb,,0.0,0.0,3.0,37980.0,119.0,12660.0,39.666666666666664
10725,"Lobule 6 of the cerebellar vermis, molecular layer",6Cb-mo,240.0,242.0,128.0,57700.0,936.0,6Cb,,6.0,152494.0,152494.0,3.04988,VERM,mo,3.0,37980.0,119.0,3.0,37980.0,119.0,12660.0,39.666666666666664
10723,"Lobule 6 of the cerebellar vermis, granular layer",6Cb-gr,227.0,219.0,97.0,57900.0,936.0,6Cb,,6.0,66930.0,66930.0,1.3386,VERM,gr,,0.0,0.0,0.0,0.0,0.0,,
944,Lobule 7 of the cerebellar vermis,7Cb,240.0,242.0,128.0,58000.0,645.0,VERM,,5.0,,46130.0,0.9226,VERM,7Cb,,0.0,0.0,2.0,22151.0,59.0,11075.5,29.5
10728,"Lobule 7 of the cerebellar vermis, molecular layer",7Cb-mo,240.0,242.0,128.0,58100.0,944.0,7Cb,,6.0,28854.0,28854.0,0.57708,VERM,mo,1.0,15222.0,37.0,1.0,15222.0,37.0,15222.0,37.0
10726,"Lobule 7 of the cerebellar vermis, granular layer",7Cb-gr,227.0,219.0,97.0,58300.0,944.0,7Cb,,6.0,17276.0,17276.0,0.34552,VERM,gr,1.0,6929.0,22.0,1.0,6929.0,22.0,6929.0,22.0
951,Lobule 8 of the cerebellar vermis,8Cb,240.0,242.0,128.0,58400.0,645.0,VERM,,5.0,,66714.0,1.33428,VERM,8Cb,,0.0,0.0,1.0,8985.0,24.0,8985.0,24.0
10731,"Lobule 8 of the cerebellar vermis, molecular layer",8Cb-mo,240.0,242.0,128.0,58500.0,951.0,8Cb,,6.0,37274.0,37274.0,0.74548,VERM,mo,1.0,8985.0,24.0,1.0,8985.0,24.0,8985.0,24.0
10729,"Lobule 8 of the cerebellar vermis, granular layer",8Cb-gr,227.0,219.0,97.0,58700.0,951.0,8Cb,,6.0,29440.0,29440.0,0.5888,VERM,gr,,0.0,0.0,0.0,0.0,0.0,,
957,Lobule 9 of the cerebellar vermis,9Cb,240.0,242.0,128.0,58800.0,645.0,VERM,,5.0,,111286.0,2.22572,VERM,9Cb,,0.0,0.0,10.0,172704.0,433.0,17270.4,43.3
10734,"Lobule 9 of the cerebellar vermis, molecular layer",9Cb-mo,240.0,242.0,128.0,58900.0,957.0,9Cb,,6.0,60420.0,60420.0,1.2084,VERM,mo,5.0,116767.0,263.0,5.0,116767.0,263.0,23353.4,52.6
10732,"Lobule 9 of the cerebellar vermis, granular layer",9Cb-gr,227.0,219.0,97.0,59100.0,957.0,9Cb,,6.0,50866.0,50866.0,1.01732,VERM,gr,5.0,55937.0,170.0,5.0,55937.0,170.0,11187.4,34.0
968,Lobule 10 of the cerebellar vermis,10Cb,240.0,242.0,128.0,59200.0,645.0,VERM,,5.0,,69158.0,1.38316,VERM,10Cb,,0.0,0.0,4.0,30437.0,99.0,7609.25,24.75
10737,"Lobule 10 of the cerebellar vermis, molecular layer",10Cb-mo,240.0,242.0,128.0,59300.0,968.0,10Cb,,6.0,34412.0,34412.0,0.68824,VERM,mo,1.0,4663.0,18.0,1.0,4663.0,18.0,4663.0,18.0
10735,"Lobule 10 of the cerebellar vermis, granular layer",10Cb-gr,227.0,219.0,97.0,59500.0,968.0,10Cb,,6.0,34746.0,34746.0,0.69492,VERM,gr,3.0,25774.0,81.0,3.0,25774.0,81.0,8591.333333333334,27.0
1073,Hemispheric regions,HEM,240.0,241.0,128.0,59600.0,528.0,CBX,,4.0,,1536922.0,30.73844,HEM,HEM,,0.0,0.0,396.0,6918085.0,16955.0,17469.911616161615,42.81565656565657
1007,Simple lobule,Sim,240.0,241.0,128.0,59700.0,1073.0,HEM,,5.0,,267154.0,5.34308,HEM,Sim,,0.0,0.0,73.0,1164405.0,2824.0,15950.753424657534,38.68493150684932
10674,"Simple lobule, molecular layer",Sim-mo,240.0,241.0,128.0,59800.0,1007.0,Sim,,6.0,172092.0,172092.0,3.44184,HEM,mo,50.0,793261.0,1891.0,50.0,793261.0,1891.0,15865.22,37.82
10672,"Simple lobule, granular layer",Sim-gr,227.0,219.0,97.0,60000.0,1007.0,Sim,,6.0,95062.0,95062.0,1.90124,HEM,gr,23.0,371144.0,933.0,23.0,371144.0,933.0,16136.695652173914,40.56521739130435
1056,Crus 1 of the ansiform lobule,Crus1,240.0,241.0,128.0,60200.0,1073.0,HEM,,5.0,,265348.0,5.30696,HEM,Crus1,,0.0,0.0,50.0,765256.0,1921.0,15305.12,38.42
10677,"Crus 1 of the ansiform lobule, molecular layer",Crus1-mo,240.0,241.0,128.0,60300.0,1056.0,Crus1,,6.0,189680.0,189680.0,3.7936,HEM,mo,43.0,588337.0,1533.0,43.0,588337.0,1533.0,13682.255813953489,35.651162790697676
10675,"Crus 1 of the ansiform lobule, granular layer",Crus1-gr,227.0,219.0,97.0,60500.0,1056.0,Crus1,,6.0,75668.0,75668.0,1.51336,HEM,gr,7.0,176919.0,388.0,7.0,176919.0,388.0,25274.14285714286,55.42857142857143
1064,Crus 2 of the ansiform lobule,Crus2,240.0,241.0,128.0,60600.0,1073.0,HEM,,5.0,,308184.0,6.16368,HEM,Crus2,,0.0,0.0,43.0,610162.0,1673.0,14189.813953488372,38.906976744186046
10680,"Crus 2 of the ansiform lobule, molecular layer",Crus2-mo,240.0,241.0,128.0,60700.0,1064.0,Crus2,,6.0,220886.0,220886.0,4.41772,HEM,mo,30.0,391041.0,1091.0,30.0,391041.0,1091.0,13034.7,36.36666666666667
10678,"Crus 2 of the ansiform lobule, granular layer",Crus2-gr,227.0,219.0,97.0,60900.0,1064.0,Crus2,,6.0,87298.0,87298.0,1.74596,HEM,gr,13.0,219121.0,582.0,13.0,219121.0,582.0,16855.46153846154,44.76923076923077
1025,Paramedian lobule,PM,240.0,241.0,128.0,61000.0,1073.0,HEM,,5.0,,240934.0,4.81868,HEM,PM,,0.0,0.0,59.0,944637.0,2460.0,16010.796610169491,41.69491525423729
10683,"Paramedian lobule, molecular layer",PM-mo,240.0,241.0,128.0,61100.0,1025.0,PM,,6.0,165148.0,165148.0,3.30296,HEM,mo,42.0,689602.0,1783.0,42.0,689602.0,1783.0,16419.095238095237,42.45238095238095
10681,"Paramedian lobule, granular layer",PM-gr,227.0,219.0,97.0,61300.0,1025.0,PM,,6.0,75786.0,75786.0,1.51572,HEM,gr,17.0,255035.0,677.0,17.0,255035.0,677.0,15002.058823529413,39.8235294117647
1033,Copula of the pyramis,Cop,240.0,241.0,128.0,61400.0,1073.0,HEM,,5.0,,101466.0,2.02932,HEM,Cop,,0.0,0.0,7.0,135362.0,350.0,19337.428571428572,50.0
10686,"Copula of the pyramis, molecular layer",Cop-mo,240.0,241.0,128.0,61500.0,1033.0,Cop,,6.0,64568.0,64568.0,1.29136,HEM,mo,4.0,89200.0,234.0,4.0,89200.0,234.0,22300.0,58.5
10684,"Copula of the pyramis, granular layer",Cop-gr,227.0,219.0,97.0,61700.0,1033.0,Cop,,6.0,36898.0,36898.0,0.73796,HEM,gr,3.0,46162.0,116.0,3.0,46162.0,116.0,15387.333333333334,38.666666666666664
1041,Paraflocculus,PFl,240.0,241.0,128.0,61800.0,1073.0,HEM,,5.0,,288372.0,5.76744,HEM,PFl,,0.0,0.0,46.0,686906.0,1799.0,14932.739130434782,39.108695652173914
10689,"Paraflocculus, molecular layer",PFl-mo,240.0,241.0,128.0,61900.0,1041.0,PFl,,6.0,152646.0,152646.0,3.05292,HEM,mo,21.0,363997.0,882.0,21.0,363997.0,882.0,17333.190476190477,42.0
10687,"Paraflocculus, granular layer",PFl-gr,227.0,219.0,97.0,62100.0,1041.0,PFl,,6.0,135726.0,135726.0,2.71452,HEM,gr,25.0,322909.0,917.0,25.0,322909.0,917.0,12916.36,36.68
1049,Flocculus,Fl,240.0,241.0,128.0,62200.0,1073.0,HEM,,5.0,,65464.0,1.30928,HEM,Fl,,0.0,0.0,118.0,2611357.0,5928.0,22130.14406779661,50.23728813559322
10692,"Flocculus, molecular layer",Fl-mo,240.0,241.0,128.0,62300.0,1049.0,Fl,,6.0,35672.0,35672.0,0.71344,HEM,mo,49.0,990266.0,2465.0,49.0,990266.0,2465.0,20209.51020408163,50.30612244897959
10690,"Flocculus, granular layer",Fl-gr,227.0,219.0,97.0,62500.0,1049.0,Fl,,6.0,29792.0,29792.0,0.59584,HEM,gr,69.0,1621091.0,3463.0,69.0,1621091.0,3463.0,23494.072463768116,50.18840579710145
519,Cerebellar nuclei,CBN,240.0,240.0,144.0,62900.0,512.0,CBL,,3.0,,92720.0,1.8544,,CBN,,0.0,0.0,1.0,5027.0,20.0,5027.0,20.0
989,Medial cerebellar nucleus,Med,240.0,240.0,82.0,63000.0,519.0,CBN,,4.0,,25178.0,0.50356,Med,Med,,0.0,0.0,0.0,0.0,0.0,,
2196,"Medial cerebellar nucleus, leaf",Med_leaf,240.0,240.0,82.0,63000.0,989.0,Med,,5.0,16030.0,16030.0,0.3206,Med,misc,,0.0,0.0,0.0,0.0,0.0,,
2244,"Medial cerebellar nucleus, dorsolateral protuberance",MedDL,240.0,240.0,82.0,63010.0,989.0,Med,,5.0,6976.0,6976.0,0.13952,Med,MedDL,,0.0,0.0,0.0,0.0,0.0,,
2245,"Medial cerebellar nucleus, lateral part",MedL,240.0,240.0,82.0,63020.0,989.0,Med,,5.0,2172.0,2172.0,0.04344,Med,MedL,,0.0,0.0,0.0,0.0,0.0,,
91,Interposed cerebellar nucleus,Int,240.0,240.0,82.0,63100.0,519.0,CBN,,4.0,,46518.0,0.93036,Int,Int,,0.0,0.0,1.0,5027.0,20.0,5027.0,20.0
2239,"Interposed cerebellar nucleus, anterior part",IntA,240.0,240.0,82.0,63110.0,91.0,Int,,5.0,19562.0,19562.0,0.39124,Int,IntA,,0.0,0.0,0.0,0.0,0.0,,
2240,"Interposed cerebellar nucleus, dorsolateral hump",IntDL,240.0,240.0,82.0,63120.0,91.0,Int,,5.0,4464.0,4464.0,0.08928,Int,IntDL,,0.0,0.0,0.0,0.0,0.0,,
2241,"Interposed cerebellar nucleus, posterior part",IntP,240.0,240.0,82.0,63130.0,91.0,Int,,5.0,18432.0,18432.0,0.36864,Int,IntP,1.0,5027.0,20.0,1.0,5027.0,20.0,5027.0,20.0
2242,"Interposed cerebellar nucleus, posterior parvicellular",IntPPC,240.0,240.0,82.0,63140.0,91.0,Int,,5.0,4060.0,4060.0,0.0812,Int,IntPPC,,0.0,0.0,0.0,0.0,0.0,,
2281,Dentate nucleus ,DN,240.0,240.0,82.0,63200.0,519.0,CBN,,4.0,,21024.0,0.42048,DN,DN,,0.0,0.0,0.0,0.0,0.0,,
846,Lateral (dentate) cerebellar nucleus,Lat,240.0,240.0,82.0,63210.0,2281.0,DN,,5.0,18326.0,18326.0,0.36652,DN,Lat,,0.0,0.0,0.0,0.0,0.0,,
2247,"Lateral cerebellar nucleus, parvicellular part",LatPC,240.0,240.0,82.0,63220.0,2281.0,DN,,5.0,2698.0,2698.0,0.05396,DN,LatPC,,0.0,0.0,0.0,0.0,0.0,,
343,Brain stem,BS,144.0,96.0,128.0,63300.0,8.0,grey,,2.0,,5635768.0,112.71536,,BS,,0.0,0.0,23758.0,352987544.0,905962.0,14857.628756629347,38.132923646771616
1129,Interbrain,IB,255.0,95.0,95.0,63400.0,343.0,BS,,3.0,,1827428.0,36.54856,,IB,,0.0,0.0,14245.0,211735982.0,548681.0,14863.8808002808,38.51744471744472
549,Thalamus,TH,255.0,112.0,128.0,63500.0,1129.0,IB,,4.0,,1034512.0,20.69024,TH,TH,,0.0,0.0,5846.0,80361603.0,211196.0,13746.425419089976,36.12658227848101
1378,"Thalamus, leaf",TH_leaf,255.0,112.0,128.0,63500.0,549.0,TH,,5.0,850.0,850.0,0.017,TH,misc,6.0,80585.0,197.0,6.0,80585.0,197.0,13430.833333333334,32.833333333333336
2414,Periventricular gray ,PVG,255.0,112.0,128.0,63510.0,549.0,TH,,5.0,15074.0,15074.0,0.30148,TH,PVG,134.0,1574623.0,4417.0,134.0,1574623.0,4417.0,11750.91791044776,32.96268656716418
864,"Thalamus, sensory-motor cortex related",DORsm,255.0,128.0,176.0,63600.0,549.0,TH,,5.0,,357508.0,7.15016,TH,DORsm,,0.0,0.0,1674.0,24854747.0,63957.0,14847.519115890083,38.20609318996416
2115,Ethmoid thalamic nucleus,Eth,255.0,131.0,130.0,63610.0,864.0,DORsm,,6.0,4078.0,4078.0,0.08156,TH,Eth,14.0,211574.0,514.0,14.0,211574.0,514.0,15112.42857142857,36.714285714285715
2116,Retroethmoid nucleus,REth,255.0,131.0,130.0,63620.0,864.0,DORsm,,6.0,2536.0,2536.0,0.05072,TH,REth,31.0,435322.0,1149.0,31.0,435322.0,1149.0,14042.645161290322,37.064516129032256
2117,Scaphoid thalamic nucleus,Sc,255.0,131.0,130.0,63630.0,864.0,DORsm,,6.0,404.0,404.0,0.00808,TH,Sc,1.0,13435.0,41.0,1.0,13435.0,41.0,13435.0,41.0
2120,Posterior intralaminar thalamic nucleus,PIL,255.0,108.0,144.0,63640.0,864.0,DORsm,,6.0,6248.0,6248.0,0.12496,TH,PIL,72.0,1210953.0,3109.0,72.0,1210953.0,3109.0,16818.791666666668,43.18055555555556
637,Ventral group thalamic nucleus,VENT,255.0,108.0,160.0,63700.0,864.0,DORsm,,6.0,,253340.0,5.0668,TH,VENT,,0.0,0.0,856.0,11902491.0,31368.0,13904.779205607476,36.64485981308411
629,Ventrolateral thalamic nucleus,VL,255.0,108.0,161.0,63800.0,637.0,VENT,,7.0,55346.0,55346.0,1.10692,TH,VL,105.0,1625905.0,3854.0,105.0,1625905.0,3854.0,15484.809523809523,36.7047619047619
2316,Ventral anterior thalamic nucleus,VA,255.0,108.0,161.0,63810.0,637.0,VENT,,7.0,10374.0,10374.0,0.20748,TH,VA,24.0,326637.0,825.0,24.0,326637.0,825.0,13609.875,34.375
685,Ventromedial thalamic nucleus,VM,255.0,108.0,162.0,63900.0,637.0,VENT,,7.0,46512.0,46512.0,0.93024,TH,VM,91.0,1280821.0,3095.0,91.0,1280821.0,3095.0,14074.956043956045,34.010989010989015
709,Ventral posterior thalamic nucleus,VP,255.0,108.0,144.0,64000.0,637.0,VENT,,7.0,,141108.0,2.82216,TH,VP,,0.0,0.0,636.0,8669128.0,23594.0,13630.704402515723,37.09748427672956
718,Ventral posterolateral thalamic nucleus,VPL,255.0,108.0,145.0,64100.0,709.0,VP,,8.0,33916.0,33916.0,0.67832,TH,L,66.0,1184348.0,2986.0,66.0,1184348.0,2986.0,17944.666666666668,45.24242424242424
2515,"Ventral posteromedial thalamic nucleus, leaf",VPM_leaf,255.0,108.0,147.0,64200.0,733.0,VPM,,9.0,56248.0,56248.0,1.12496,TH,misc,286.0,3726276.0,10368.0,286.0,3726276.0,10368.0,13028.937062937062,36.25174825174825
733,Ventral posteromedial thalamic nucleus,VPM,255.0,108.0,147.0,64200.0,709.0,VP,,8.0,,95230.0,1.9046,TH,M,,0.0,0.0,507.0,6637373.0,18342.0,13091.465483234713,36.17751479289941
2362,"Ventral posteromedial nucleus of the thalamus, dorsal part",VPMd,255.0,108.0,147.0,64210.0,733.0,VPM,,9.0,20988.0,20988.0,0.41976,TH,d,151.0,1910804.0,5301.0,151.0,1910804.0,5301.0,12654.331125827815,35.10596026490066
2363,"Ventral posteromedial nucleus of the thalamus, ventral part",VPMv,255.0,108.0,147.0,64220.0,733.0,VPM,,9.0,17994.0,17994.0,0.35988,TH,v,70.0,1000293.0,2673.0,70.0,1000293.0,2673.0,14289.9,38.18571428571428
2361,"Ventral posterior nucleus of the thalamus, parvicellular",VPPC,255.0,108.0,147.0,64230.0,709.0,VP,,8.0,11962.0,11962.0,0.23924,TH,PC,63.0,847407.0,2266.0,63.0,847407.0,2266.0,13450.904761904761,35.96825396825397
420,"Subparafascicular thalamic nucleus, leaf",SPF_leaf,255.0,112.0,165.0,64500.0,406.0,SPF,,7.0,2000.0,2000.0,0.04,TH,misc,39.0,579879.0,1494.0,39.0,579879.0,1494.0,14868.692307692309,38.30769230769231
406,Subparafascicular thalamic nucleus,SPF,255.0,112.0,165.0,64500.0,864.0,DORsm,,6.0,,4122.0,0.08244,TH,SPF,,0.0,0.0,78.0,1175990.0,3042.0,15076.794871794871,39.0
422,"Subparafascicular thalamic nucleus, parvicellular part",SPFPC,255.0,110.0,165.0,64700.0,406.0,SPF,,7.0,2122.0,2122.0,0.04244,TH,SPFPC,39.0,596111.0,1548.0,39.0,596111.0,1548.0,15284.897435897436,39.69230769230769
1044,Peripeduncular nucleus,PP,255.0,112.0,163.0,64900.0,864.0,DORsm,,6.0,4780.0,4780.0,0.0956,TH,PP,33.0,671250.0,1543.0,33.0,671250.0,1543.0,20340.909090909092,46.75757575757576
2158,Subbrachial nucleus,SubB,255.0,112.0,160.0,64910.0,864.0,DORsm,,6.0,14066.0,14066.0,0.28132,TH,SubB,102.0,1761468.0,4393.0,102.0,1761468.0,4393.0,17269.29411764706,43.068627450980394
1008,Geniculate group of the thalamus,GENd,255.0,112.0,160.0,65000.0,864.0,DORsm,,6.0,,67934.0,1.35868,TH,GENd,,0.0,0.0,487.0,7472264.0,18798.0,15343.457905544148,38.59958932238193
1341,"Medial geniculate nucleus, leaf",MG_leaf,255.0,112.0,162.0,65100.0,475.0,MG,,8.0,1678.0,1678.0,0.03356,TH,misc,2.0,16154.0,53.0,2.0,16154.0,53.0,8077.0,26.5
475,Medial geniculate nucleus,MG,255.0,112.0,162.0,65100.0,1008.0,GENd,,7.0,,31066.0,0.62132,TH,MG,,0.0,0.0,75.0,1186715.0,3048.0,15822.866666666667,40.64
1072,"Medial geniculate nucleus, dorsal part",MGD,255.0,112.0,162.0,65200.0,475.0,MG,,8.0,4958.0,4958.0,0.09916,TH,D,11.0,137708.0,365.0,11.0,137708.0,365.0,12518.90909090909,33.18181818181818
1079,"Medial geniculate nucleus, ventral part",MGV,255.0,112.0,162.0,65300.0,475.0,MG,,8.0,15732.0,15732.0,0.31464,TH,V,27.0,498752.0,1161.0,27.0,498752.0,1161.0,18472.296296296296,43.0
1088,"Medial geniculate nucleus, medial part",MGM,255.0,112.0,162.0,65400.0,475.0,MG,,8.0,2986.0,2986.0,0.05972,TH,M,18.0,278323.0,810.0,18.0,278323.0,810.0,15462.388888888889,45.0
2126,Marginal zone of the medial geniculate,MZMG,255.0,112.0,162.0,65410.0,475.0,MG,,8.0,5712.0,5712.0,0.11424,TH,MG,17.0,255778.0,659.0,17.0,255778.0,659.0,15045.764705882353,38.76470588235294
170,Dorsal lateral geniculate nucleus,DLG,255.0,112.0,161.0,65500.0,1008.0,GENd,,7.0,36868.0,36868.0,0.73736,TH,DLG,412.0,6285549.0,15750.0,412.0,6285549.0,15750.0,15256.186893203883,38.228155339805824
856,"Thalamus, polymodal association cortex related",DORpm,255.0,136.0,176.0,65600.0,549.0,TH,,5.0,,661080.0,13.2216,TH,DORpm,,0.0,0.0,4032.0,53851648.0,142625.0,13356.063492063493,35.373263888888886
138,Lateral group of the dorsal thalamus,LAT,255.0,130.0,130.0,65700.0,856.0,DORpm,,6.0,,154236.0,3.08472,TH,LAT,,0.0,0.0,358.0,4996291.0,13181.0,13956.120111731843,36.81843575418994
218,Lateral posterior thalamic nucleus,LP,255.0,135.0,130.0,65800.0,138.0,LAT,,7.0,,53846.0,1.07692,TH,LP,,0.0,0.0,123.0,1776060.0,4458.0,14439.512195121952,36.24390243902439
2069,"Lateral posterior thalamic nucleus, mediorostral part",LPMR,255.0,135.0,130.0,65810.0,218.0,LP,,8.0,29720.0,29720.0,0.5944,TH,MR,87.0,1230731.0,3193.0,87.0,1230731.0,3193.0,14146.333333333334,36.701149425287355
2070,"Lateral posterior thalamic nucleus, mediocaudal part",LPMC,255.0,135.0,130.0,65820.0,218.0,LP,,8.0,3642.0,3642.0,0.07284,TH,MC,9.0,152643.0,345.0,9.0,152643.0,345.0,16960.333333333332,38.333333333333336
2071,"Lateral posterior thalamic nucleus, laterorostral part",LPLR,255.0,135.0,130.0,65830.0,218.0,LP,,8.0,19124.0,19124.0,0.38248,TH,LR,26.0,380970.0,881.0,26.0,380970.0,881.0,14652.692307692309,33.88461538461539
2127,"Lateral posterior thalamic nucleus, laterocaudal part",LPLC,255.0,135.0,130.0,65840.0,218.0,LP,,8.0,1360.0,1360.0,0.0272,TH,LC,1.0,11716.0,39.0,1.0,11716.0,39.0,11716.0,39.0
2094,Intramedullary thalamic area,IMA,255.0,135.0,130.0,65850.0,138.0,LAT,,7.0,1948.0,1948.0,0.03896,TH,IMA,10.0,82770.0,269.0,10.0,82770.0,269.0,8277.0,26.9
1969,"Posterior thalamic nuclear group, leaf",Po_leaf,255.0,134.0,130.0,65900.0,1020.0,Po,,8.0,81990.0,81990.0,1.6398,TH,misc,123.0,1660342.0,4397.0,123.0,1660342.0,4397.0,13498.71544715447,35.7479674796748
1020,Posterior thalamic nuclear group,Po,255.0,134.0,130.0,65900.0,138.0,LAT,,7.0,,94406.0,1.88812,TH,Po,,0.0,0.0,193.0,2677860.0,7144.0,13874.922279792747,37.015544041450774
2055,Angular thalamic nucleus,Ang,255.0,134.0,130.0,65910.0,1020.0,Po,,8.0,2580.0,2580.0,0.0516,TH,Ang,3.0,62598.0,122.0,3.0,62598.0,122.0,20866.0,40.666666666666664
2128,"Posterior thalamic nuclear group, triangular part",PoT,255.0,134.0,130.0,65920.0,1020.0,Po,,8.0,9836.0,9836.0,0.19672,TH,PoT,67.0,954920.0,2625.0,67.0,954920.0,2625.0,14252.537313432837,39.17910447761194
1029,Posterior limitans thalamic nucleus,PLi,255.0,133.0,130.0,66000.0,138.0,LAT,,7.0,1628.0,1628.0,0.03256,TH,PLi,17.0,240363.0,674.0,17.0,240363.0,674.0,14139.0,39.64705882352941
325,Suprageniculate thalamic nucleus,SG,255.0,131.0,130.0,66100.0,138.0,LAT,,7.0,2408.0,2408.0,0.04816,TH,SG,15.0,219238.0,636.0,15.0,219238.0,636.0,14615.866666666667,42.4
239,Anterior group of the dorsal thalamus,ATN,255.0,136.0,136.0,66200.0,856.0,DORpm,,6.0,,113590.0,2.2718,TH,ATN,,0.0,0.0,654.0,8485827.0,22313.0,12975.270642201835,34.1177370030581
1960,"Anteroventral thalamic nucleus, leaf",AV_leaf,255.0,136.0,133.0,66300.0,255.0,AV,,8.0,9728.0,9728.0,0.19456,TH,misc,84.0,1234050.0,3027.0,84.0,1234050.0,3027.0,14691.07142857143,36.035714285714285
255,Anteroventral thalamic nucleus,AV,255.0,136.0,133.0,66300.0,239.0,ATN,,7.0,,21698.0,0.43396,TH,AV,,0.0,0.0,260.0,3624062.0,9031.0,13938.7,34.73461538461538
2035,"Anteroventral thalamic nucleus, ventrolateral part",AVVL,255.0,136.0,133.0,66310.0,255.0,AV,,8.0,7172.0,7172.0,0.14344,TH,VL,85.0,1258834.0,3010.0,85.0,1258834.0,3010.0,14809.811764705883,35.411764705882355
2036,"Anterovent thalamic nucleus, dorsomedial part",AVDM,255.0,136.0,133.0,66320.0,255.0,AV,,8.0,4798.0,4798.0,0.09596,TH,DM,91.0,1131178.0,2994.0,91.0,1131178.0,2994.0,12430.527472527472,32.9010989010989
1096,Anteromedial thalamic nucleus,AM,255.0,136.0,134.0,66400.0,239.0,ATN,,7.0,,23324.0,0.46648,TH,AM,,0.0,0.0,124.0,1657991.0,4132.0,13370.895161290322,33.32258064516129
1124,"Anteromedial thalamic nucleus, leaf",AM_leaf,255.0,136.0,134.0,66400.0,1096.0,AM,,8.0,22044.0,22044.0,0.44088,TH,misc,118.0,1604512.0,3956.0,118.0,1604512.0,3956.0,13597.559322033898,33.52542372881356
1104,"Anteromedial thalamic nucleus, ventral part",AMV,255.0,136.0,134.0,66600.0,1096.0,AM,,8.0,1280.0,1280.0,0.0256,TH,V,6.0,53479.0,176.0,6.0,53479.0,176.0,8913.166666666666,29.333333333333332
64,Anterodorsal thalamic nucleus,AD,255.0,136.0,135.0,66700.0,239.0,ATN,,7.0,9882.0,9882.0,0.19764,TH,AD,119.0,1277250.0,3916.0,119.0,1277250.0,3916.0,10733.193277310924,32.90756302521008
1120,Interanteromedial thalamic nucleus,IAM,255.0,136.0,129.0,66800.0,239.0,ATN,,7.0,4290.0,4290.0,0.0858,TH,IAM,9.0,121393.0,338.0,9.0,121393.0,338.0,13488.111111111111,37.55555555555556
1113,Interanterodorsal thalamic nucleus,IAD,255.0,144.0,159.0,66900.0,239.0,ATN,,7.0,4888.0,4888.0,0.09776,TH,IAD,43.0,518157.0,1443.0,43.0,518157.0,1443.0,12050.162790697674,33.55813953488372
2282,Lateral dorsal nucleus of thalamus,LD,255.0,136.0,128.0,67000.0,239.0,ATN,,7.0,,49508.0,0.99016,TH,LD,,0.0,0.0,99.0,1286974.0,3453.0,12999.737373737375,34.878787878787875
155,"Laterodorsal thalamic nucleus, ventrolateral part",LDVL,255.0,136.0,128.0,67010.0,2282.0,LD,,8.0,30004.0,30004.0,0.60008,TH,VL,57.0,789494.0,2063.0,57.0,789494.0,2063.0,13850.771929824561,36.19298245614035
2046,"Laterodorsal thalamic nucleus, dorsomedial part",LDDM,255.0,136.0,128.0,67020.0,2282.0,LD,,8.0,19504.0,19504.0,0.39008,TH,DM,42.0,497480.0,1390.0,42.0,497480.0,1390.0,11844.761904761905,33.095238095238095
444,Medial group of the dorsal thalamus,MED,255.0,144.0,176.0,67100.0,856.0,DORpm,,6.0,,79386.0,1.58772,TH,MED,,0.0,0.0,305.0,3317842.0,9631.0,10878.17049180328,31.57704918032787
59,Intermediodorsal thalamic nucleus,IMD,255.0,144.0,164.0,67200.0,444.0,MED,,7.0,5482.0,5482.0,0.10964,TH,IMD,20.0,176692.0,547.0,20.0,176692.0,547.0,8834.6,27.35
2091,Posteromedian thalamic nucleus,PoMn,255.0,144.0,164.0,67210.0,444.0,MED,,7.0,1140.0,1140.0,0.0228,TH,PoMn,9.0,88055.0,275.0,9.0,88055.0,275.0,9783.888888888889,30.555555555555557
362,Mediodorsal thalamic nucleus,MD,255.0,144.0,163.0,67300.0,444.0,MED,,7.0,,57842.0,1.15684,TH,MD,,0.0,0.0,269.0,2978111.0,8588.0,11071.044609665427,31.925650557620816
641,"Mediodorsal thalamic nucleus, leaf",MD_leaf,255.0,144.0,163.0,67300.0,362.0,MD,,8.0,7722.0,7722.0,0.15444,TH,misc,60.0,614944.0,1903.0,60.0,614944.0,1903.0,10249.066666666668,31.716666666666665
617,"Mediodorsal thalamic nucleus, central part",MDC,255.0,144.0,163.0,67400.0,362.0,MD,,8.0,9784.0,9784.0,0.19568,TH,C,31.0,340185.0,1030.0,31.0,340185.0,1030.0,10973.709677419354,33.225806451612904
626,"Mediodorsal thalamic nucleus, lateral part ",MDL,255.0,144.0,163.0,67500.0,362.0,MD,,8.0,17184.0,17184.0,0.34368,TH,L,124.0,1414116.0,3946.0,124.0,1414116.0,3946.0,11404.161290322581,31.822580645161292
636,"Mediodorsal thalamic nucleus, medial part",MDM,255.0,144.0,163.0,67600.0,362.0,MD,,8.0,23152.0,23152.0,0.46304,TH,M,54.0,608866.0,1709.0,54.0,608866.0,1709.0,11275.296296296296,31.64814814814815
366,Submedius thalamic nucleus,Sub,255.0,144.0,161.0,67700.0,444.0,MED,,7.0,,14922.0,0.29844,TH,Sub,,0.0,0.0,7.0,74984.0,221.0,10712.0,31.571428571428573
2514,"Submedius thalamic nucleus, leaf",Sub_leaf,255.0,144.0,161.0,67700.0,366.0,Sub,,8.0,3290.0,3290.0,0.0658,TH,misc,2.0,18070.0,56.0,2.0,18070.0,56.0,9035.0,28.0
2377,"Submedius thalamic nucleus, dorsal part",SubD,255.0,144.0,161.0,67710.0,366.0,Sub,,8.0,4422.0,4422.0,0.08844,TH,D,,0.0,0.0,0.0,0.0,0.0,,
2378,"Submedius thalamic nucleus, ventral part",SubV,255.0,144.0,161.0,67720.0,366.0,Sub,,8.0,7210.0,7210.0,0.1442,TH,V,5.0,56914.0,165.0,5.0,56914.0,165.0,11382.8,33.0
571,Midline group of the dorsal thalamus,MTN,255.0,134.0,134.0,67900.0,856.0,DORpm,,6.0,,72766.0,1.45532,TH,MTN,,0.0,0.0,915.0,9619315.0,28936.0,10512.91256830601,31.624043715846994
884,"Midline group of the dorsal thalamus, leaf",MTN_leaf,255.0,134.0,134.0,67900.0,571.0,MTN,,7.0,1796.0,1796.0,0.03592,TH,misc,7.0,78125.0,246.0,7.0,78125.0,246.0,11160.714285714286,35.142857142857146
149,Paraventricular nucleus of the thalamus,PVT,255.0,133.0,133.0,68000.0,571.0,MTN,,7.0,,23238.0,0.46476,TH,PVT,,0.0,0.0,724.0,7400613.0,22399.0,10221.841160220994,30.9378453038674
3001,"Paraventricular thalamic nucleus, anterior part",PVA,255.0,133.0,133.0,68010.0,149.0,PVT,,8.0,11120.0,11120.0,0.2224,TH,PVA,490.0,4950688.0,14924.0,490.0,4950688.0,14924.0,10103.444897959183,30.457142857142856
2089,"Paraventricular thalamic nucleus, intermediate part",PV,255.0,133.0,133.0,68020.0,149.0,PVT,,8.0,7846.0,7846.0,0.15692,TH,PV,210.0,2197782.0,6724.0,210.0,2197782.0,6724.0,10465.628571428571,32.01904761904762
2090,"Paraventricular thalamic nucleus, posterior part",PVP,255.0,133.0,133.0,68030.0,149.0,PVT,,8.0,4272.0,4272.0,0.08544,TH,PVP,24.0,252143.0,751.0,24.0,252143.0,751.0,10505.958333333334,31.291666666666668
15,Parataenial thalamic nucleus,PT,255.0,133.0,134.0,68100.0,571.0,MTN,,7.0,7216.0,7216.0,0.14432,TH,PT,63.0,714588.0,2199.0,63.0,714588.0,2199.0,11342.666666666666,34.904761904761905
2038,Xiphoid thalamic nucleus,Xi,255.0,133.0,134.0,68110.0,571.0,MTN,,7.0,,9736.0,0.19472,TH,Xi,,0.0,0.0,41.0,478331.0,1354.0,11666.609756097561,33.02439024390244
1970,"Xiphoid thalamic nucleus, leaf",Xi_leaf,255.0,133.0,134.0,68110.0,2038.0,Xi,,8.0,2218.0,2218.0,0.04436,TH,misc,9.0,150265.0,370.0,9.0,150265.0,370.0,16696.11111111111,41.111111111111114
2039,Paraxiphoid nucleus of thalamus,PaXi,255.0,133.0,134.0,68120.0,2038.0,Xi,,8.0,7518.0,7518.0,0.15036,TH,PaXi,32.0,328066.0,984.0,32.0,328066.0,984.0,10252.0625,30.75
2032,Accessory neuosecretory nuclei,ANS,255.0,133.0,134.0,68130.0,571.0,MTN,,7.0,926.0,926.0,0.01852,TH,ANS,1.0,60311.0,108.0,1.0,60311.0,108.0,60311.0,108.0
181,Reuniens area,RE,255.0,133.0,132.0,68200.0,571.0,MTN,,7.0,,29854.0,0.59708,TH,RE,,0.0,0.0,79.0,887347.0,2630.0,11232.240506329113,33.29113924050633
2092,Reuniens thalamic nucleus,Re,255.0,133.0,132.0,68210.0,181.0,RE,,8.0,18620.0,18620.0,0.3724,TH,Re,34.0,404341.0,1227.0,34.0,404341.0,1227.0,11892.382352941177,36.088235294117645
2093,Retrouniens area,RRe,255.0,133.0,132.0,68220.0,181.0,RE,,8.0,4284.0,4284.0,0.08568,TH,RRe,27.0,250647.0,728.0,27.0,250647.0,728.0,9283.222222222223,26.962962962962962
2037,Ventral reuniens thalamic nucleus,VRe ,255.0,133.0,132.0,68230.0,181.0,RE,,8.0,6950.0,6950.0,0.139,TH,VRe ,18.0,232359.0,675.0,18.0,232359.0,675.0,12908.833333333334,37.5
51,Intralaminar nuclei of the dorsal thalamus,ILM,255.0,136.0,132.0,68300.0,856.0,DORpm,,6.0,,103332.0,2.06664,TH,ILM,,0.0,0.0,414.0,5185234.0,14040.0,12524.719806763285,33.91304347826087
189,Rhomboid thalamic nucleus,Rh,255.0,128.0,132.0,68400.0,51.0,ILM,,7.0,7488.0,7488.0,0.14976,TH,Rh,29.0,262128.0,770.0,29.0,262128.0,770.0,9038.896551724138,26.551724137931036
599,Central medial thalamic nucleus,CM,255.0,134.0,132.0,68500.0,51.0,ILM,,7.0,23648.0,23648.0,0.47296,TH,CM,34.0,290161.0,920.0,34.0,290161.0,920.0,8534.14705882353,27.058823529411764
1967,"Paracentral thalamic nucleus, leaf",PC_leaf,255.0,132.0,132.0,68600.0,907.0,PC,,8.0,24426.0,24426.0,0.48852,TH,misc,93.0,1150701.0,3370.0,93.0,1150701.0,3370.0,12373.129032258064,36.236559139784944
907,Paracentral thalamic nucleus,PC,255.0,132.0,132.0,68600.0,51.0,ILM,,7.0,,27682.0,0.55364,TH,PC,,0.0,0.0,98.0,1211206.0,3525.0,12359.244897959185,35.96938775510204
2064,Oval paracentral thalamic nucleus,OPC,255.0,132.0,132.0,68610.0,907.0,PC,,8.0,3256.0,3256.0,0.06512,TH,OPC,5.0,60505.0,155.0,5.0,60505.0,155.0,12101.0,31.0
575,Centrolateral thalamic nucleus,CL,255.0,135.0,132.0,68700.0,51.0,ILM,,7.0,16350.0,16350.0,0.327,TH,CL,138.0,1912575.0,4941.0,138.0,1912575.0,4941.0,13859.239130434782,35.80434782608695
930,Parafascicular thalamic nucleus,PaF,255.0,130.0,132.0,68800.0,51.0,ILM,,7.0,28164.0,28164.0,0.56328,TH,PaF,115.0,1509164.0,3884.0,115.0,1509164.0,3884.0,13123.165217391304,33.77391304347826
262,Reticular nucleus (prethalamus),Rt,255.0,128.0,128.0,68900.0,856.0,DORpm,,6.0,79596.0,79596.0,1.59192,TH,Rt,161.0,2847876.0,6527.0,161.0,2847876.0,6527.0,17688.670807453414,40.54037267080745
1014,"Geniculate group, ventral thalamus",GENv,255.0,135.0,133.0,69000.0,856.0,DORpm,,6.0,,25608.0,0.51216,TH,GENv,,0.0,0.0,1182.0,18902199.0,46535.0,15991.70812182741,39.36971235194586
27,Intergeniculate childlet,IGL,255.0,135.0,134.0,69100.0,1014.0,GENv,,7.0,3346.0,3346.0,0.06692,TH,IGL,198.0,3533284.0,8274.0,198.0,3533284.0,8274.0,17844.868686868685,41.78787878787879
1968,"Pregeniculate nucleus of the prethalamus, leaf",PrG_leaf,255.0,135.0,135.0,69200.0,178.0,PrG,,8.0,2162.0,2162.0,0.04324,TH,misc,26.0,421926.0,1058.0,26.0,421926.0,1058.0,16227.923076923076,40.69230769230769
178,Pregeniculate nucleus of the prethalamus,PrG,255.0,135.0,135.0,69200.0,1014.0,GENv,,7.0,,19980.0,0.3996,TH,PrG,,0.0,0.0,973.0,15114311.0,37762.0,15533.72147995889,38.809866392600206
2072,"Pregeniculate nucleus, magnocellular part",PrGMC,255.0,135.0,135.0,69210.0,178.0,PrG,,8.0,11072.0,11072.0,0.22144,TH,MC,751.0,11648889.0,29102.0,751.0,11648889.0,29102.0,15511.170439414114,38.75099866844208
2073,"Pregeniculate nucleus, parvicellular part",PrGPC,255.0,135.0,135.0,69220.0,178.0,PrG,,8.0,6746.0,6746.0,0.13492,TH,PC,196.0,3043496.0,7602.0,196.0,3043496.0,7602.0,15528.040816326531,38.785714285714285
321,Subgeniculate nucleus of the prethalamus,SubG,255.0,135.0,133.0,69500.0,1014.0,GENv,,7.0,2282.0,2282.0,0.04564,TH,SubG,11.0,254604.0,499.0,11.0,254604.0,499.0,23145.81818181818,45.36363636363637
958,Epithalamus,EPI,255.0,136.0,144.0,69600.0,856.0,DORpm,,6.0,,32566.0,0.65132,TH,EPI,,0.0,0.0,43.0,497064.0,1462.0,11559.627906976744,34.0
483,Medial habenular nucleus,MHb,255.0,134.0,144.0,69700.0,958.0,EPI,,7.0,12494.0,12494.0,0.24988,TH,MHb,4.0,79161.0,215.0,4.0,79161.0,215.0,19790.25,53.75
1961,"Lateral habenular nucleus, leaf",LHb_leaf,255.0,135.0,144.0,69800.0,186.0,LHb,,8.0,9684.0,9684.0,0.19368,TH,misc,18.0,213730.0,619.0,18.0,213730.0,619.0,11873.888888888889,34.388888888888886
186,Lateral habenular nucleus,LHb,255.0,135.0,144.0,69800.0,958.0,EPI,,7.0,,20072.0,0.40144,TH,LHb,,0.0,0.0,39.0,417903.0,1247.0,10715.461538461539,31.974358974358974
2058,"Lateral habenular nucleus, medial part",LHbM,255.0,135.0,144.0,69810.0,186.0,LHb,,8.0,3780.0,3780.0,0.0756,TH,M,3.0,17462.0,56.0,3.0,17462.0,56.0,5820.666666666667,18.666666666666668
2059,"Lateral habenular nucleus, lateral part",LHbL,255.0,135.0,144.0,69820.0,186.0,LHb,,8.0,6608.0,6608.0,0.13216,TH,L,18.0,186711.0,572.0,18.0,186711.0,572.0,10372.833333333334,31.77777777777778
953,Pineal gland,Pi,255.0,132.0,144.0,69900.0,958.0,EPI,,7.0,,0.0,0.0,TH,Pi,,0.0,0.0,0.0,0.0,0.0,,
1097,Hypothalamus,HY,255.0,105.0,110.0,70000.0,1129.0,IB,,4.0,,792916.0,15.85832,HY,HY,,0.0,0.0,8399.0,131374379.0,337485.0,15641.669127277057,40.18156923443267
157,Periventricular zone,PVZ,255.0,76.0,80.0,70100.0,1097.0,HY,,5.0,,26240.0,0.5248,HY,PVZ,,0.0,0.0,778.0,12994463.0,31915.0,16702.394601542415,41.02185089974293
1985,"Supraoptic nucleus, leaf",SO_leaf,255.0,76.0,60.0,70200.0,390.0,SO,,7.0,1774.0,1774.0,0.03548,HY,misc,164.0,4523878.0,8828.0,164.0,4523878.0,8828.0,27584.621951219513,53.829268292682926
390,Supraoptic nucleus,SO,255.0,76.0,60.0,70200.0,157.0,PVZ,,6.0,,4014.0,0.08028,HY,SO,,0.0,0.0,276.0,6499551.0,13328.0,23549.097826086956,48.289855072463766
2051,"Supraoptic nucleus, retrochiasmatic part",SOR,255.0,76.0,60.0,70210.0,390.0,SO,,7.0,946.0,946.0,0.01892,HY,SOR,50.0,716028.0,1816.0,50.0,716028.0,1816.0,14320.56,36.32
2034,Episupraoptic nucleus,ESO,255.0,76.0,60.0,70220.0,390.0,SO,,7.0,1294.0,1294.0,0.02588,HY,ESO,62.0,1259645.0,2684.0,62.0,1259645.0,2684.0,20316.854838709678,43.29032258064516
332,Accessory supraoptic group,ASO,255.0,76.0,62.0,70300.0,157.0,PVZ,,6.0,,210.0,0.0042,HY,ASO,,0.0,0.0,1.0,12139.0,39.0,12139.0,39.0
432,Circulur nucleus,Cir,255.0,76.0,62.0,70400.0,332.0,ASO,,7.0,210.0,210.0,0.0042,HY,Cir,1.0,12139.0,39.0,1.0,12139.0,39.0,12139.0,39.0
38,"Paraventricular hypothalamic nucleus, anterior part",PVH,255.0,76.0,77.0,70500.0,157.0,PVZ,,6.0,,8704.0,0.17408,HY,PVH,,0.0,0.0,342.0,4532947.0,13085.0,13254.230994152047,38.260233918128655
71,"Paraventricular hypothalamic nucleus, magnocellular division",PVHm,255.0,76.0,76.0,70600.0,38.0,PVH,,7.0,,4304.0,0.08608,HY,m,,0.0,0.0,238.0,3089327.0,8963.0,12980.365546218487,37.65966386554622
79,"Paraventricular hypothalamic nucleus, medial magnocellular part",PaMM,255.0,76.0,74.0,70800.0,71.0,PVHm,,8.0,380.0,380.0,0.0076,HY,PaMM,22.0,253460.0,736.0,22.0,253460.0,736.0,11520.90909090909,33.45454545454545
652,"Paraventricular hypothalamic nucleus, lateral magnocellular part",PaLM,255.0,76.0,73.0,71000.0,71.0,PVHm,,8.0,1666.0,1666.0,0.03332,HY,PaLM,171.0,2190726.0,6475.0,171.0,2190726.0,6475.0,12811.263157894737,37.865497076023395
660,"Paraventricular hypothalamic nucleus, posterior part",PaPo,255.0,76.0,73.0,71100.0,71.0,PVHm,,8.0,2258.0,2258.0,0.04516,HY,PaPo,45.0,645141.0,1752.0,45.0,645141.0,1752.0,14336.466666666667,38.93333333333333
94,"Paraventricular hypothalamic nucleus, parvicellular division",PVAp,255.0,76.0,72.0,71200.0,38.0,PVH,,7.0,,4400.0,0.088,HY,p,,0.0,0.0,104.0,1443620.0,4122.0,13880.961538461539,39.63461538461539
55,"Paraventricular hypothalamic nucleus, anterior parivcellular part",PaAP,255.0,76.0,69.0,71300.0,94.0,PVAp,,8.0,,2534.0,0.05068,HY,PaAP,,0.0,0.0,26.0,243192.0,734.0,9353.538461538461,28.23076923076923
1959,"Paraventricular hypothalamic nucleus, anterior parivcellular part, leaf",PaAP_leaf,255.0,76.0,69.0,71300.0,55.0,PaAP,,9.0,2290.0,2290.0,0.0458,HY,misc,25.0,237494.0,717.0,25.0,237494.0,717.0,9499.76,28.68
2026,Anterior perifornical nucleus,APF,255.0,76.0,69.0,71310.0,55.0,PaAP,,9.0,244.0,244.0,0.00488,HY,APF,1.0,5698.0,17.0,1.0,5698.0,17.0,5698.0,17.0
87,"Paraventricular hypothalamic nucleus, medial parvicellular part",PaMP,255.0,76.0,71.0,71400.0,94.0,PVAp,,8.0,1866.0,1866.0,0.03732,HY,PaMP,78.0,1200428.0,3388.0,78.0,1200428.0,3388.0,15390.102564102564,43.43589743589744
30,"Paraventricular hypothalamic nucleus, ventral part",PaV,255.0,76.0,78.0,71600.0,157.0,PVZ,,6.0,1510.0,1510.0,0.0302,HY,PaV,83.0,1229671.0,3435.0,83.0,1229671.0,3435.0,14815.313253012047,41.3855421686747
223,Arcuate hypothalamic nucleus,Arc,255.0,76.0,79.0,71800.0,157.0,PVZ,,6.0,,11802.0,0.23604,HY,Arc,,0.0,0.0,76.0,720155.0,2028.0,9475.723684210527,26.68421052631579
1989,"Arcuate hypothalamic nucleus, leaf",Arc_leaf,255.0,76.0,79.0,71800.0,223.0,Arc,,7.0,3486.0,3486.0,0.06972,HY,misc,29.0,313864.0,813.0,29.0,313864.0,813.0,10822.896551724138,28.03448275862069
2061,"Arcuate hypothalamic nucleus, dorsal part",ArcD,255.0,76.0,79.0,71810.0,223.0,Arc,,7.0,1318.0,1318.0,0.02636,HY,D,7.0,70504.0,191.0,7.0,70504.0,191.0,10072.0,27.285714285714285
2062,"Arcuate hypothalamic nucleus, lateral part",ArcL,255.0,76.0,79.0,71820.0,223.0,Arc,,7.0,1692.0,1692.0,0.03384,HY,L,13.0,106941.0,321.0,13.0,106941.0,321.0,8226.23076923077,24.692307692307693
2104,"Arcuate hypothalamic nucleus, lateroposterior part",ArcLP,255.0,76.0,79.0,71830.0,223.0,Arc,,7.0,1646.0,1646.0,0.03292,HY,LP,17.0,144284.0,451.0,17.0,144284.0,451.0,8487.29411764706,26.529411764705884
2095,"Arcuate hypothalamic nucleus, medial part",ArcM,255.0,76.0,79.0,71840.0,223.0,Arc,,7.0,640.0,640.0,0.0128,HY,M,,0.0,0.0,0.0,0.0,0.0,,
2103,"Arcuate hypothalamic nucleus, medial posterior part",ArcMP,255.0,76.0,79.0,71850.0,223.0,Arc,,7.0,3020.0,3020.0,0.0604,HY,MP,10.0,84562.0,252.0,10.0,84562.0,252.0,8456.2,25.2
141,Periventricular region,PVR,255.0,77.0,80.0,71900.0,1097.0,HY,,5.0,,131616.0,2.63232,HY,PVR,,0.0,0.0,1197.0,15088043.0,43444.0,12604.881370091896,36.29406850459482
272,Anteroventral periventricular nucleus,AVPe,255.0,77.0,84.0,72300.0,141.0,PVR,,6.0,3790.0,3790.0,0.0758,HY,AVPe,31.0,529447.0,1432.0,31.0,529447.0,1432.0,17078.935483870966,46.193548387096776
668,Dorsal hypothalamic area,DA,255.0,77.0,85.0,72350.0,141.0,PVR,,6.0,6484.0,6484.0,0.12968,HY,DA,94.0,1073210.0,3259.0,94.0,1073210.0,3259.0,11417.127659574468,34.670212765957444
830,Dorsomedial hypothalamic nucleus,DM,255.0,77.0,85.0,72400.0,141.0,PVR,,6.0,,28100.0,0.562,HY,DM,,0.0,0.0,265.0,3180298.0,9124.0,12001.124528301887,34.43018867924528
1979,"Dorsomedial hypothalamic nucleus, leaf",DM_leaf,255.0,77.0,85.0,72400.0,830.0,DM,,7.0,14228.0,14228.0,0.28456,HY,misc,128.0,1442399.0,4155.0,128.0,1442399.0,4155.0,11268.7421875,32.4609375
2076,"Dorsomedial hypothalamic nucleus, dorsal part",DMD,255.0,77.0,85.0,72500.0,830.0,DM,,7.0,4310.0,4310.0,0.0862,HY,D,26.0,343868.0,947.0,26.0,343868.0,947.0,13225.692307692309,36.42307692307692
2077,"Dorsomedial hypothalamic nucleus, compact part",DMC,255.0,77.0,85.0,72600.0,830.0,DM,,7.0,2342.0,2342.0,0.04684,HY,C,14.0,148664.0,459.0,14.0,148664.0,459.0,10618.857142857143,32.785714285714285
2078,"Dorsomedial hypothalamic nucleus, ventral part",DMV,255.0,77.0,85.0,72700.0,830.0,DM,,7.0,7220.0,7220.0,0.1444,HY,V,97.0,1245367.0,3563.0,97.0,1245367.0,3563.0,12838.835051546392,36.7319587628866
452,Median preoptic nucleus,MnPO,255.0,77.0,86.0,72800.0,141.0,PVR,,6.0,2120.0,2120.0,0.0424,HY,MnPO,4.0,29232.0,98.0,4.0,29232.0,98.0,7308.0,24.5
2307,DA14 Dopamine Cells,DA14,255.0,77.0,86.0,72810.0,141.0,PVR,,6.0,,0.0,0.0,HY,DA14,,0.0,0.0,0.0,0.0,0.0,,
1976,"Medial preoptic area, leaf",MPA_leaf,255.0,77.0,87.0,72900.0,523.0,MPA,,7.0,52084.0,52084.0,1.04168,HY,misc,420.0,5519739.0,15917.0,420.0,5519739.0,15917.0,13142.235714285714,37.897619047619045
523,Medial preoptic area,MPA,255.0,77.0,87.0,72900.0,141.0,PVR,,6.0,,60936.0,1.21872,HY,MPA,,0.0,0.0,453.0,5813392.0,16838.0,12833.094922737308,37.16997792494481
2016,Strial part of the preoptic area,StA,255.0,77.0,87.0,72910.0,523.0,MPA,,7.0,1592.0,1592.0,0.03184,HY,StA,3.0,42960.0,123.0,3.0,42960.0,123.0,14320.0,41.0
2023,Striohypothalamic nucleus,StHy,255.0,77.0,87.0,72920.0,523.0,MPA,,7.0,5942.0,5942.0,0.11884,HY,StHy,23.0,187470.0,604.0,23.0,187470.0,604.0,8150.869565217391,26.26086956521739
2306,Anterior commissural nucleus,AC,255.0,77.0,87.0,72930.0,523.0,MPA,,7.0,1318.0,1318.0,0.02636,HY,AC,7.0,63223.0,194.0,7.0,63223.0,194.0,9031.857142857143,27.714285714285715
763,Vascular organ of the lamina terminalis,VOLT,255.0,77.0,88.0,73000.0,141.0,PVR,,6.0,1046.0,1046.0,0.02092,HY,VOLT,18.0,189584.0,593.0,18.0,189584.0,593.0,10532.444444444445,32.94444444444444
914,Posterodorsal preoptic nucleus,PDPO,255.0,77.0,89.0,73100.0,141.0,PVR,,6.0,460.0,460.0,0.0092,HY,PDPO,,0.0,0.0,0.0,0.0,0.0,,
1109,Parastrial nucleus,PS,255.0,77.0,90.0,73200.0,141.0,PVR,,6.0,2226.0,2226.0,0.04452,HY,PS,3.0,29158.0,95.0,3.0,29158.0,95.0,9719.333333333334,31.666666666666668
133,Periventricular hypothalamic nucleus,Pe,255.0,77.0,93.0,73500.0,141.0,PVR,,6.0,11758.0,11758.0,0.23516,HY,Pe,170.0,2201581.0,6369.0,170.0,2201581.0,6369.0,12950.476470588235,37.46470588235294
347,Subparaventricular zone of the hypothalamus,SPa ,255.0,77.0,80.0,73600.0,141.0,PVR,,6.0,1378.0,1378.0,0.02756,HY,SPa ,12.0,137939.0,392.0,12.0,137939.0,392.0,11494.916666666666,32.666666666666664
286,Suprachiasmatic nucleus,SCh,255.0,77.0,94.0,73700.0,141.0,PVR,,6.0,,3674.0,0.07348,HY,SCh,,0.0,0.0,49.0,613831.0,1753.0,12527.163265306122,35.775510204081634
1986,"Suprachiasmatic nucleus, leaf",SCh_leaf,255.0,77.0,94.0,73700.0,286.0,SCh,,7.0,2712.0,2712.0,0.05424,HY,misc,31.0,428684.0,1177.0,31.0,428684.0,1177.0,13828.516129032258,37.96774193548387
2030,"Suprachiasmatic nucleus, dorsolateral part",SChDL,255.0,77.0,94.0,73710.0,286.0,SCh,,7.0,572.0,572.0,0.01144,HY,DLG,9.0,111995.0,346.0,9.0,111995.0,346.0,12443.888888888889,38.44444444444444
2031,"Suprachiasmatic nucleus, ventromedial part",SChVM,255.0,77.0,94.0,73720.0,286.0,SCh,,7.0,390.0,390.0,0.0078,HY,VM,9.0,73152.0,230.0,9.0,73152.0,230.0,8128.0,25.555555555555557
338,Subfornical organ,SFO,255.0,77.0,80.0,73800.0,141.0,PVR,,6.0,2300.0,2300.0,0.046,HY,SFO,21.0,212082.0,661.0,21.0,212082.0,661.0,10099.142857142857,31.476190476190474
2011,Ventromedidal preoptic nucleus,VMPO,255.0,77.0,80.0,73810.0,141.0,PVR,,6.0,3108.0,3108.0,0.06216,HY,VMPO,14.0,134258.0,422.0,14.0,134258.0,422.0,9589.857142857143,30.142857142857142
689,Ventrolateral preoptic nucleus,VLPO,255.0,77.0,80.0,73900.0,141.0,PVR,,6.0,4236.0,4236.0,0.08472,HY,VLPO,63.0,944031.0,2408.0,63.0,944031.0,2408.0,14984.619047619048,38.22222222222222
467,Hypothalamic medial zone,MEZ ,255.0,78.0,80.0,74000.0,1097.0,HY,,5.0,,166550.0,3.331,HY,MEZ ,,0.0,0.0,1411.0,18144805.0,50880.0,12859.535790219703,36.059532246633594
88,Anterior hypothalamic nucleus,AHN,255.0,78.0,81.0,74100.0,467.0,MEZ ,,6.0,,45682.0,0.91364,HY,AHN,,0.0,0.0,235.0,3182163.0,8773.0,13541.11914893617,37.33191489361702
700,"Anterior hypothalamic area, anterior part",AHA,255.0,78.0,81.0,74200.0,88.0,AHN,,7.0,10232.0,10232.0,0.20464,HY,AHA,59.0,1040354.0,2661.0,59.0,1040354.0,2661.0,17633.118644067796,45.101694915254235
708,"Anterior hypothalamic area, central part",AHC,255.0,78.0,81.0,74300.0,88.0,AHN,,7.0,20464.0,20464.0,0.40928,HY,AHC,102.0,1236962.0,3590.0,102.0,1236962.0,3590.0,12127.078431372549,35.19607843137255
1966,"Anterior hypothalamic area, posterior part, leaf",AHP_leaf,255.0,78.0,81.0,74500.0,724.0,AHP,,8.0,8146.0,8146.0,0.16292,HY,misc,37.0,550997.0,1445.0,37.0,550997.0,1445.0,14891.81081081081,39.054054054054056
724,"Anterior hypothalamic area, posterior part",AHP,255.0,78.0,81.0,74500.0,88.0,AHN,,7.0,,8146.0,0.16292,HY,AHP,,0.0,0.0,37.0,550997.0,1445.0,14891.81081081081,39.054054054054056
2029,Lateroanterior hypothalamic nucleus,LA,255.0,78.0,81.0,74510.0,88.0,AHN,,7.0,6840.0,6840.0,0.1368,HY,LA,37.0,353850.0,1077.0,37.0,353850.0,1077.0,9563.513513513513,29.10810810810811
2047,Stigmoid hypothalamic nucleus,Stg,255.0,78.0,81.0,74520.0,724.0,AHP,,8.0,,0.0,0.0,HY,Stg,,0.0,0.0,0.0,0.0,0.0,,
331,Mammillary body,MBO,255.0,78.0,82.0,74600.0,467.0,MEZ ,,6.0,,25154.0,0.50308,HY,MBO,,0.0,0.0,182.0,2497792.0,7131.0,13724.131868131868,39.18131868131868
210,Lateral mamilllary nucleus,LM,255.0,78.0,83.0,74700.0,331.0,MBO,,7.0,2244.0,2244.0,0.04488,HY,LM,17.0,356899.0,816.0,17.0,356899.0,816.0,20994.058823529413,48.0
1656,"Medial mammillary nucleus, medial part, leaf",MM_leaf,255.0,78.0,84.0,74800.0,491.0,MM,,8.0,7694.0,7694.0,0.15388,HY,misc,17.0,272888.0,738.0,17.0,272888.0,738.0,16052.235294117647,43.411764705882355
491,"Medial mammillary nucleus, medial part",MM,255.0,78.0,84.0,74800.0,331.0,MBO,,7.0,,13754.0,0.27508,HY,MM,,0.0,0.0,57.0,769152.0,2228.0,13493.894736842105,39.08771929824562
2118,Mammillary recess of the 3rd ventricle,MRe,255.0,78.0,84.0,74810.0,491.0,MM,,8.0,140.0,140.0,0.0028,HY,MRe,,0.0,0.0,0.0,0.0,0.0,,
2119,"Medial mammillary nucleus, lateral part",ML,255.0,78.0,84.0,74820.0,491.0,MM,,8.0,4968.0,4968.0,0.09936,HY,ML,39.0,484511.0,1451.0,39.0,484511.0,1451.0,12423.358974358975,37.205128205128204
732,"Medial mammillary nucleus, median part",MnM,255.0,78.0,84.0,74900.0,491.0,MM,,8.0,952.0,952.0,0.01904,HY,MnM,1.0,11753.0,39.0,1.0,11753.0,39.0,11753.0,39.0
525,Retromamillary nucleus,RM,255.0,78.0,85.0,75000.0,331.0,MBO,,7.0,,7640.0,0.1528,HY,RM,,0.0,0.0,101.0,1308546.0,3897.0,12955.90099009901,38.584158415841586
1125,"Retromamillary nucleus, leaf",RM_leaf,255.0,78.0,85.0,75000.0,525.0,RM,,8.0,3362.0,3362.0,0.06724,HY,misc,31.0,373525.0,1080.0,31.0,373525.0,1080.0,12049.193548387097,34.83870967741935
1110,"Retromamillary nucleus, lateral part",RML,255.0,78.0,85.0,75100.0,525.0,RM,,8.0,344.0,344.0,0.00688,HY,L,4.0,37767.0,115.0,4.0,37767.0,115.0,9441.75,28.75
1118,"Retromamillary nucleus, medial part",RMM,255.0,78.0,85.0,75200.0,525.0,RM,,8.0,3934.0,3934.0,0.07868,HY,M,66.0,897254.0,2702.0,66.0,897254.0,2702.0,13594.757575757576,40.93939393939394
557,Tuberomammillary nucleus,TM,255.0,78.0,86.0,75300.0,331.0,MBO,,7.0,,1516.0,0.03032,HY,TM,,0.0,0.0,7.0,63195.0,190.0,9027.857142857143,27.142857142857142
1126,Dorsal tuberomammillary nucleus,DTM,255.0,78.0,86.0,75400.0,557.0,TM,,8.0,360.0,360.0,0.0072,HY,D,1.0,7976.0,27.0,1.0,7976.0,27.0,7976.0,27.0
1,Ventral tuberomammillary nucleus,VTM,255.0,78.0,86.0,75500.0,557.0,TM,,8.0,1156.0,1156.0,0.02312,HY,V,6.0,55219.0,163.0,6.0,55219.0,163.0,9203.166666666666,27.166666666666668
515,Medial preoptic nucleus,MPO,255.0,78.0,87.0,75600.0,467.0,MEZ ,,6.0,,15154.0,0.30308,HY,MPO,,0.0,0.0,100.0,1260520.0,3658.0,12605.2,36.58
748,"Medial preoptic nucleus, lateral part",MPOL,255.0,78.0,87.0,75800.0,515.0,MPO,,7.0,6282.0,6282.0,0.12564,HY,L,49.0,702940.0,1909.0,49.0,702940.0,1909.0,14345.714285714286,38.95918367346939
756,"Medial preoptic nucleus, medial part",MPOM,255.0,78.0,87.0,75900.0,515.0,MPO,,7.0,8872.0,8872.0,0.17744,HY,M,51.0,557580.0,1749.0,51.0,557580.0,1749.0,10932.941176470587,34.294117647058826
980,"Premamillary nucleus, dorsal part",PMD,255.0,78.0,88.0,76000.0,467.0,MEZ ,,6.0,1532.0,1532.0,0.03064,HY,PMD,16.0,190795.0,608.0,16.0,190795.0,608.0,11924.6875,38.0
1004,"Premamillary nucleus, ventral part",PMV,255.0,78.0,89.0,76100.0,467.0,MEZ ,,6.0,3008.0,3008.0,0.06016,HY,PMV,13.0,217266.0,557.0,13.0,217266.0,557.0,16712.76923076923,42.84615384615385
63,"Paraventricular hypothalamic nucleus, descending division",PVHd,255.0,78.0,90.0,76200.0,467.0,MEZ ,,6.0,,418.0,0.00836,HY,PVHd,,0.0,0.0,20.0,285178.0,810.0,14258.9,40.5
439,"Paraventricular hypothalamic nucleus, dorsal cap",PaDC,255.0,78.0,90.0,76300.0,63.0,PVHd,,7.0,418.0,418.0,0.00836,HY,PaDC,20.0,285178.0,810.0,20.0,285178.0,810.0,14258.9,40.5
1093,"Ventromedial hypothalamic nucleus, leaf",VMH_leaf,255.0,78.0,91.0,76700.0,693.0,VMH,,7.0,5234.0,5234.0,0.10468,HY,misc,56.0,652995.0,1775.0,56.0,652995.0,1775.0,11660.625,31.696428571428573
693,Ventromedial hypothalamic nucleus,VMH,255.0,78.0,91.0,76700.0,467.0,MEZ ,,6.0,,42776.0,0.85552,HY,VMH,,0.0,0.0,497.0,6175318.0,16982.0,12425.187122736419,34.16901408450704
2044,"Ventromedial hypothalamic nucleus, shell region",VMHSh,255.0,78.0,91.0,76710.0,693.0,VMH,,7.0,15330.0,15330.0,0.3066,HY,Sh,197.0,2459918.0,6848.0,197.0,2459918.0,6848.0,12486.893401015228,34.76142131979695
769,"Ventromedial hypothalamic nucleus, central part",VMHC,255.0,78.0,91.0,76900.0,693.0,VMH,,7.0,9648.0,9648.0,0.19296,HY,C,97.0,1123411.0,3119.0,97.0,1123411.0,3119.0,11581.556701030928,32.154639175257735
777,"Ventromedial hypothalamic nucleus, dorsomedial part",VMHDM,255.0,78.0,91.0,77000.0,693.0,VMH,,7.0,6570.0,6570.0,0.1314,HY,DM,90.0,1093562.0,3143.0,90.0,1093562.0,3143.0,12150.68888888889,34.922222222222224
785,"Ventromedial hypothalamic nucleus, ventrolateral part",VMHVL,255.0,78.0,91.0,77100.0,693.0,VMH,,7.0,5994.0,5994.0,0.11988,HY,VL,57.0,845432.0,2097.0,57.0,845432.0,2097.0,14832.140350877193,36.78947368421053
2474,Posterior hypothalamic area,PHA,255.0,78.0,91.0,77110.0,467.0,MEZ ,,6.0,,32826.0,0.65652,HY,PHA,,0.0,0.0,348.0,4335773.0,12361.0,12459.117816091954,35.520114942528735
1963,"Posterior hypothalamic nucleus, leaf",PH_leaf,255.0,79.0,83.0,77150.0,946.0,PH,,8.0,3178.0,3178.0,0.06356,HY,misc,36.0,449887.0,1256.0,36.0,449887.0,1256.0,12496.861111111111,34.888888888888886
946,Posterior hypothalamic nucleus,PH,255.0,79.0,83.0,77150.0,2474.0,PHA,,7.0,,32826.0,0.65652,HY,PH,,0.0,0.0,348.0,4335773.0,12361.0,12459.117816091954,35.520114942528735
2364,"Posterior hypothalamic nucleus, dorsal part",PHnd,255.0,79.0,83.0,77160.0,946.0,PH,,8.0,10634.0,10634.0,0.21268,HY,nd,128.0,1702370.0,4786.0,128.0,1702370.0,4786.0,13299.765625,37.390625
2365,"Posterior hypothalamic nucleus, ventral part",PHnv,255.0,79.0,83.0,77170.0,946.0,PH,,8.0,12762.0,12762.0,0.25524,HY,nv,121.0,1502997.0,4257.0,121.0,1502997.0,4257.0,12421.462809917355,35.18181818181818
2075,"Posterior hypothalamic area, dorsal part",PHD,255.0,79.0,83.0,77180.0,946.0,PH,,8.0,5256.0,5256.0,0.10512,HY,D,45.0,473267.0,1439.0,45.0,473267.0,1439.0,10517.044444444444,31.977777777777778
2102,Submammillothalamic nucleus,SMT,255.0,79.0,83.0,77190.0,946.0,PH,,8.0,996.0,996.0,0.01992,HY,SMT,18.0,207252.0,623.0,18.0,207252.0,623.0,11514.0,34.611111111111114
290,Hypothalamic lateral zone,LZ,255.0,79.0,80.0,77200.0,1097.0,HY,,5.0,,466866.0,9.33732,HY,LZ,,0.0,0.0,5006.0,85068276.0,211008.0,16993.26328405913,42.15101877746704
194,Lateral hypothalamic area,LH,255.0,79.0,81.0,77300.0,290.0,LZ,,6.0,,287824.0,5.75648,HY,LH,,0.0,0.0,3733.0,65409303.0,161182.0,17521.913474417357,43.17760514331637
2309,Juxtaparaventricular part of lateral hypothalamus,JPLH,255.0,79.0,81.0,77300.0,194.0,LH,,7.0,5332.0,5332.0,0.10664,HY,JPLH,82.0,919450.0,2609.0,82.0,919450.0,2609.0,11212.80487804878,31.817073170731707
1982,"Lateral hypothalamic area, leaf",LH_leaf,255.0,79.0,81.0,77300.0,194.0,LH,,7.0,259306.0,259306.0,5.18612,HY,misc,3396.0,59923272.0,147147.0,3396.0,59923272.0,147147.0,17645.250883392226,43.329505300353354
2065,Magnocellular nucleus of the lateral hypothalamus,MCLH,255.0,79.0,81.0,77310.0,194.0,LH,,7.0,1512.0,1512.0,0.03024,HY,MCLH,30.0,640642.0,1568.0,30.0,640642.0,1568.0,21354.733333333334,52.266666666666666
2033,Ventrolateral hypothalamic nucleus ,VLH,255.0,79.0,81.0,77320.0,194.0,LH,,7.0,2884.0,2884.0,0.05768,HY,VLH,44.0,1026084.0,2288.0,44.0,1026084.0,2288.0,23320.090909090908,52.0
2105,Gemini hypothalamic nucleus,Gem,255.0,79.0,81.0,77330.0,194.0,LH,,7.0,3340.0,3340.0,0.0668,HY,Gem,30.0,469572.0,1286.0,30.0,469572.0,1286.0,15652.4,42.86666666666667
2081,Peduncular lateral hypothalamus,PLH,255.0,79.0,81.0,77340.0,194.0,LH,,7.0,15450.0,15450.0,0.309,HY,PLH,151.0,2430283.0,6284.0,151.0,2430283.0,6284.0,16094.58940397351,41.615894039735096
2048,Tuberal region of lateral hypothalamus,TuLH,255.0,79.0,81.0,77350.0,194.0,LH,,7.0,,0.0,0.0,HY,TuLH,,0.0,0.0,0.0,0.0,0.0,,
2473,Perifornical part of lateral hypothalamus,PeFLH,255.0,79.0,81.0,77360.0,194.0,LH,,7.0,,0.0,0.0,HY,PeFLH,,0.0,0.0,0.0,0.0,0.0,,
226,Lateral preoptic area,LPO,255.0,79.0,82.0,77400.0,290.0,LZ,,6.0,40596.0,40596.0,0.81192,HY,LPO,266.0,4469711.0,11377.0,266.0,4469711.0,11377.0,16803.424812030076,42.77067669172932
2379,Paraterete nucleus,PTe,255.0,79.0,80.0,77610.0,290.0,LZ,,6.0,2142.0,2142.0,0.04284,HY,PTe,17.0,450561.0,880.0,17.0,450561.0,880.0,26503.58823529412,51.76470588235294
364,Parasubthalamic nucleus,PSTh,255.0,79.0,80.0,77700.0,290.0,LZ,,6.0,6682.0,6682.0,0.13364,HY,PSTh,85.0,1792028.0,4064.0,85.0,1792028.0,4064.0,21082.682352941178,47.811764705882354
173,Retrochiasmatic area,RCh,255.0,79.0,84.0,77800.0,290.0,LZ,,6.0,,8898.0,0.17796,HY,RCh,,0.0,0.0,108.0,1606574.0,3797.0,14875.685185185184,35.157407407407405
1988,"Retrochiasmatic area, leaf",RCh_leaf,255.0,79.0,84.0,77800.0,173.0,RCh,,7.0,1478.0,1478.0,0.02956,HY,misc,4.0,34253.0,92.0,4.0,34253.0,92.0,8563.25,23.0
2042,"Retrochiasmatic area, lateral part",RchL,255.0,79.0,84.0,77810.0,173.0,RCh,,7.0,5686.0,5686.0,0.11372,HY,RchL,100.0,1534622.0,3597.0,100.0,1534622.0,3597.0,15346.22,35.97
2283,"Retrochiasmatic area, medial part",RChM,255.0,79.0,84.0,77850.0,173.0,RCh,,7.0,1734.0,1734.0,0.03468,HY,RChM,4.0,37699.0,108.0,4.0,37699.0,108.0,9424.75,27.0
470,Subthalamic nucleus,STh,255.0,79.0,85.0,77900.0,290.0,LZ,,6.0,11642.0,11642.0,0.23284,HY,STh,85.0,1522582.0,3675.0,85.0,1522582.0,3675.0,17912.729411764707,43.23529411764706
2063,Subincertal nucleus,SubI,255.0,79.0,85.0,77910.0,290.0,LZ,,6.0,4416.0,4416.0,0.08832,HY,SubI,86.0,1148054.0,3093.0,86.0,1148054.0,3093.0,13349.46511627907,35.96511627906977
614,Medial tuberal nucleus,MTu,255.0,79.0,86.0,78000.0,290.0,LZ,,6.0,,8342.0,0.16684,HY,MTu,,0.0,0.0,63.0,1075623.0,2604.0,17073.380952380954,41.333333333333336
1991,"Medial tuberal nucleus, leaf",MTu_leaf,255.0,79.0,86.0,78000.0,614.0,MTu,,7.0,5980.0,5980.0,0.1196,HY,misc,53.0,918725.0,2249.0,53.0,918725.0,2249.0,17334.43396226415,42.43396226415094
2080,Terete hypothalamic nucleus,Te,255.0,79.0,86.0,78010.0,614.0,MTu,,7.0,2362.0,2362.0,0.04724,HY,Te,10.0,156898.0,355.0,10.0,156898.0,355.0,15689.8,35.5
2079,Perifornical nucleus,PeF,255.0,79.0,86.0,78020.0,290.0,LZ,,6.0,3948.0,3948.0,0.07896,HY,PeF,62.0,783075.0,2212.0,62.0,783075.0,2212.0,12630.241935483871,35.67741935483871
2111,Ventral linear nucleus of the thalamus,VLi,255.0,79.0,87.0,78030.0,290.0,LZ,,6.0,940.0,940.0,0.0188,HY,VLi,6.0,93496.0,228.0,6.0,93496.0,228.0,15582.666666666666,38.0
1863,"Zona incerta, leaf",ZI_leaf,255.0,79.0,87.0,78100.0,797.0,ZI,,7.0,11982.0,11982.0,0.23964,HY,misc,147.0,1785891.0,4890.0,147.0,1785891.0,4890.0,12148.918367346938,33.265306122448976
797,Zona incerta,ZI,255.0,79.0,87.0,78100.0,290.0,LZ,,6.0,,91436.0,1.82872,HY,ZI,,0.0,0.0,495.0,6717269.0,17896.0,13570.240404040404,36.153535353535354
2125,"Zona incerta, caudal part",ZIC,255.0,79.0,87.0,78110.0,797.0,ZI,,7.0,3772.0,3772.0,0.07544,HY,C,28.0,433303.0,1073.0,28.0,433303.0,1073.0,15475.107142857143,38.32142857142857
2043,"Zona incerta, rostral part",ZIR,255.0,79.0,87.0,78120.0,797.0,ZI,,7.0,3702.0,3702.0,0.07404,HY,R,62.0,834284.0,2210.0,62.0,834284.0,2210.0,13456.193548387097,35.645161290322584
2053,"Zona incerta, dosal part",ZID,255.0,79.0,87.0,78130.0,797.0,ZI,,7.0,32116.0,32116.0,0.64232,HY,D,131.0,1815617.0,4968.0,131.0,1815617.0,4968.0,13859.67175572519,37.9236641221374
2054,"Zona incerta, ventral part",ZIV,255.0,79.0,87.0,78140.0,797.0,ZI,,7.0,31504.0,31504.0,0.63008,HY,V,92.0,1302174.0,3479.0,92.0,1302174.0,3479.0,14154.065217391304,37.81521739130435
796,DA13 dopamine cells,DA13,255.0,79.0,87.0,78200.0,797.0,ZI,,7.0,748.0,748.0,0.01496,HY,DA13,6.0,105152.0,254.0,6.0,105152.0,254.0,17525.333333333332,42.333333333333336
2110,Nucleus of the fields of Forel,F,255.0,79.0,87.0,78300.0,797.0,ZI,,7.0,7612.0,7612.0,0.15224,HY,F,29.0,440848.0,1022.0,29.0,440848.0,1022.0,15201.655172413793,35.241379310344826
2191,A7 noradrenaline cells,A7,255.0,79.0,87.0,78320.0,987.0,P-mot,,6.0,,0.0,0.0,P,A7,,0.0,0.0,0.0,0.0,0.0,,
2246,A5 noradrenaline cells,A5,255.0,79.0,87.0,78330.0,354.0,MY,,5.0,,0.0,0.0,MY,A5,,0.0,0.0,0.0,0.0,0.0,,
2477,Ad1 adrenaline cells,Ad1,255.0,79.0,87.0,78340.0,370.0,MY-mot,,6.0,,0.0,0.0,MY,Ad1,,0.0,0.0,0.0,0.0,0.0,,
2478,Ad2 adrenaline cells,Ad2,255.0,79.0,87.0,78350.0,370.0,MY-mot,,6.0,,0.0,0.0,MY,Ad2,,0.0,0.0,0.0,0.0,0.0,,
2266,Ad3 adrenaline cells,Ad3,255.0,79.0,87.0,78360.0,370.0,MY-mot,,6.0,118.0,118.0,0.00236,MY,Ad3,,0.0,0.0,0.0,0.0,0.0,,
10671,Median eminence,ME,255.0,80.0,80.0,78400.0,1097.0,HY,,5.0,1644.0,1644.0,0.03288,HY,ME,7.0,78792.0,238.0,7.0,78792.0,238.0,11256.0,34.0
1221,"Midbrain, leaf",MB_leaf,255.0,200.0,255.0,78500.0,313.0,MB,,4.0,12130.0,12130.0,0.2426,MB,misc,3.0,33891.0,104.0,3.0,33891.0,104.0,11297.0,34.666666666666664
313,Midbrain,MB,255.0,200.0,255.0,78500.0,343.0,BS,,3.0,,1717004.0,34.34008,MB,MB,,0.0,0.0,4946.0,70795665.0,184757.0,14313.721188839467,37.354832187626364
2107,Prerubral field,PR,255.0,200.0,255.0,78510.0,313.0,MB,,4.0,14608.0,14608.0,0.29216,MB,PR,84.0,1150892.0,2953.0,84.0,1150892.0,2953.0,13701.095238095239,35.154761904761905
339,"Midbrain, sensory related",MBsen,255.0,176.0,254.0,78600.0,313.0,MB,,4.0,,746454.0,14.92908,MB,MBsen,,0.0,0.0,2711.0,38563122.0,102164.0,14224.685355957212,37.684987089634824
2476,Superior colliculus,SC,255.0,176.0,254.0,78610.0,339.0,MBsen,,5.0,,429092.0,8.58184,MB,SC,,0.0,0.0,2029.0,28963349.0,75898.0,14274.69147363233,37.406604238541156
302,"Superior colliculus, sensory related",SCs,255.0,152.0,250.0,78700.0,2476.0,SC,,6.0,,121872.0,2.43744,MB,SCs,,0.0,0.0,1110.0,15745665.0,42118.0,14185.283783783783,37.94414414414415
851,Optic layer of the superior colliculus,Op,255.0,152.0,250.0,78800.0,302.0,SCs,,7.0,40740.0,40740.0,0.8148,MB,Op,469.0,6842921.0,17816.0,469.0,6842921.0,17816.0,14590.449893390192,37.98720682302772
842,Superficial gray layer of the superior colliculus,SuG,255.0,152.0,250.0,78900.0,302.0,SCs,,7.0,52588.0,52588.0,1.05176,MB,SuG,484.0,6571841.0,17987.0,484.0,6571841.0,17987.0,13578.183884297521,37.163223140495866
834,Zonal layer of superior colliculus,Zo,255.0,152.0,250.0,79000.0,302.0,SCs,,7.0,28544.0,28544.0,0.57088,MB,Zo,157.0,2330903.0,6315.0,157.0,2330903.0,6315.0,14846.51592356688,40.22292993630573
4,Inferior colliculus,IC,255.0,152.0,255.0,79100.0,339.0,MBsen,,5.0,,280788.0,5.61576,MB,IC,,0.0,0.0,612.0,8477456.0,23178.0,13852.052287581699,37.872549019607845
811,Central nucleus of the inferior colliculus,CIC,255.0,152.0,255.0,79200.0,4.0,IC,,6.0,93992.0,93992.0,1.87984,MB,CIC,179.0,2290782.0,6582.0,179.0,2290782.0,6582.0,12797.664804469274,36.770949720670394
820,Dorsal cortex of the inferior colliculus,DCIC,255.0,152.0,255.0,79300.0,4.0,IC,,6.0,74172.0,74172.0,1.48344,MB,DCIC,4.0,44384.0,146.0,4.0,44384.0,146.0,11096.0,36.5
828,External cortex of the inferior colliculus,ECIC,255.0,152.0,255.0,79400.0,4.0,IC,,6.0,,111702.0,2.23404,MB,ECIC,,0.0,0.0,429.0,6142290.0,16450.0,14317.692307692309,38.344988344988344
1972,"External cortex of the inferior colliculus, leaf",ECIC_leaf,255.0,152.0,255.0,79400.0,828.0,ECIC,,7.0,52414.0,52414.0,1.04828,MB,misc,71.0,846856.0,2407.0,71.0,846856.0,2407.0,11927.549295774648,33.901408450704224
2188,"External cortex of the inferior colliculus, layer 1",ECIC1,255.0,152.0,255.0,79410.0,828.0,ECIC,,7.0,14974.0,14974.0,0.29948,MB,1,70.0,960158.0,2693.0,70.0,960158.0,2693.0,13716.542857142857,38.47142857142857
2189,"External cortex of the inferior colliculus, layer 2",ECIC2,255.0,152.0,255.0,79420.0,828.0,ECIC,,7.0,8700.0,8700.0,0.174,MB,2,86.0,1295827.0,3253.0,86.0,1295827.0,3253.0,15067.755813953489,37.825581395348834
2190,"External cortex of the inferior colliculus, layer 3",ECIC3,255.0,152.0,255.0,79430.0,828.0,ECIC,,7.0,35614.0,35614.0,0.71228,MB,3,202.0,3039449.0,8097.0,202.0,3039449.0,8097.0,15046.777227722772,40.084158415841586
2457,Commissural nucleus of the inferior colliculus,Com,255.0,152.0,255.0,79440.0,4.0,IC,,6.0,922.0,922.0,0.01844,MB,Com,,0.0,0.0,0.0,0.0,0.0,,
2475,Recess of the inferior colliculus,ReIC,255.0,152.0,255.0,79450.0,4.0,IC,,6.0,,0.0,0.0,MB,ReIC,,0.0,0.0,0.0,0.0,0.0,,
580,Nucleus of the brachium of the inferior colliculus,BIC,255.0,152.0,253.0,79500.0,339.0,MBsen,,5.0,9890.0,9890.0,0.1978,MB,BIC,59.0,916426.0,2533.0,59.0,916426.0,2533.0,15532.64406779661,42.932203389830505
271,Sagulum nucleus,Sag,255.0,152.0,251.0,79600.0,339.0,MBsen,,5.0,2380.0,2380.0,0.0476,MB,Sag,,0.0,0.0,0.0,0.0,0.0,,
874,Parabigeminal nucleus,PBG,255.0,152.0,252.0,79700.0,339.0,MBsen,,5.0,4182.0,4182.0,0.08364,MB,PBG,2.0,55533.0,140.0,2.0,55533.0,140.0,27766.5,70.0
2163,Microcellular tegmental nucleus,MiTg,255.0,152.0,252.0,79710.0,339.0,MBsen,,5.0,19718.0,19718.0,0.39436,MB,MiTg,9.0,150358.0,415.0,9.0,150358.0,415.0,16706.444444444445,46.111111111111114
460,Mesencephalic trigeminal nucleus,Me5,255.0,152.0,254.0,79800.0,339.0,MBsen,,5.0,,0.0,0.0,MB,Me5,,0.0,0.0,0.0,0.0,0.0,,
2108,Subcommissural organ ,SCO,255.0,152.0,254.0,79810.0,339.0,MBsen,,5.0,404.0,404.0,0.00808,MB,SCO,,0.0,0.0,0.0,0.0,0.0,,
965,"Midbrain, motor related, leaf",MBmot_leaf,255.0,132.0,255.0,79900.0,323.0,MBmot,,5.0,11112.0,11112.0,0.22224,MB,misc,62.0,835050.0,2216.0,62.0,835050.0,2216.0,13468.548387096775,35.74193548387097
323,"Midbrain, motor related",MBmot,255.0,132.0,255.0,79900.0,313.0,MB,,4.0,,843162.0,16.86324,MB,MBmot,,0.0,0.0,2066.0,29873755.0,76436.0,14459.707163601162,36.99709583736689
2147,Mesencephalic reticular formation,mRt,255.0,132.0,255.0,79910.0,323.0,MBmot,,5.0,112948.0,112948.0,2.25896,MB,mRt,487.0,7212532.0,18564.0,487.0,7212532.0,18564.0,14810.127310061602,38.119096509240244
2131,prosomere 1 reticular formation,p1Rt,255.0,132.0,255.0,79920.0,323.0,MBmot,,5.0,115584.0,115584.0,2.31168,MB,p1Rt,540.0,7997229.0,20146.0,540.0,7997229.0,20146.0,14809.683333333332,37.30740740740741
2181,Isthmic reticular formation,isRt,255.0,132.0,255.0,79930.0,323.0,MBmot,,5.0,39454.0,39454.0,0.78908,MB,isRt,39.0,526830.0,1329.0,39.0,526830.0,1329.0,13508.461538461539,34.07692307692308
2154,Pararubral nucleus,PaR,255.0,132.0,255.0,79940.0,323.0,MBmot,,5.0,7596.0,7596.0,0.15192,MB,PaR,15.0,204920.0,518.0,15.0,204920.0,518.0,13661.333333333334,34.53333333333333
381,"Substantia nigra, reticular part",SNR,255.0,178.0,247.0,80000.0,323.0,MBmot,,5.0,76214.0,76214.0,1.52428,MB,SNR,72.0,1328353.0,3350.0,72.0,1328353.0,3350.0,18449.347222222223,46.52777777777778
1997,"Ventral tegmental area, leaf",VTA_leaf,255.0,178.0,246.0,80100.0,749.0,VTA,,6.0,2072.0,2072.0,0.04144,MB,misc,1.0,5272.0,19.0,1.0,5272.0,19.0,5272.0,19.0
749,Ventral tegmental area,VTA,255.0,178.0,246.0,80100.0,323.0,MBmot,,5.0,,44500.0,0.89,MB,VTA,,0.0,0.0,91.0,1375311.0,3664.0,15113.307692307691,40.26373626373626
2138,Paranigral nucleus of the VTA,PN,255.0,178.0,246.0,80110.0,749.0,VTA,,6.0,3750.0,3750.0,0.075,MB,PN,12.0,144334.0,435.0,12.0,144334.0,435.0,12027.833333333334,36.25
2144,Parainterfascicular nucleus of the VTA,PIF,255.0,178.0,246.0,80120.0,749.0,VTA,,6.0,4764.0,4764.0,0.09528,MB,PIF,8.0,168250.0,456.0,8.0,168250.0,456.0,21031.25,57.0
2124,Parabranchial pigmented nucleus of the VTA,PBP,255.0,178.0,246.0,80130.0,749.0,VTA,,6.0,27716.0,27716.0,0.55432,MB,PBP,40.0,672957.0,1709.0,40.0,672957.0,1709.0,16823.925,42.725
2427,"Ventral tegmental area, rostral part",VTAR,255.0,178.0,246.0,80140.0,749.0,VTA,,6.0,6198.0,6198.0,0.12396,MB,VTAR,30.0,384498.0,1045.0,30.0,384498.0,1045.0,12816.6,34.833333333333336
2112,Rostral interstitial nucleus of the medial longitudinal fasciculus,RI,255.0,178.0,246.0,80150.0,313.0,MB,,4.0,2166.0,2166.0,0.04332,MB,RI,7.0,98074.0,271.0,7.0,98074.0,271.0,14010.57142857143,38.714285714285715
2101,DA11 dopamine cells,DA11,255.0,178.0,246.0,80160.0,313.0,MB,,4.0,882.0,882.0,0.01764,MB,DA11,9.0,94512.0,295.0,9.0,94512.0,295.0,10501.333333333334,32.77777777777778
2106,"Retroisthmic nucleus, leaf",RIs_leaf,255.0,178.0,249.0,80200.0,246.0,RIs,,6.0,7002.0,7002.0,0.14004,MB,misc,1.0,23936.0,78.0,1.0,23936.0,78.0,23936.0,78.0
246,Retroisthmic nucleus,RIs,255.0,178.0,249.0,80200.0,323.0,MBmot,,5.0,,16344.0,0.32688,MB,RIs,,0.0,0.0,27.0,394820.0,992.0,14622.962962962964,36.74074074074074
2153,Retrorubral field,RRF,255.0,178.0,249.0,80210.0,246.0,RIs,,6.0,9342.0,9342.0,0.18684,MB,RRF,26.0,370884.0,914.0,26.0,370884.0,914.0,14264.76923076923,35.15384615384615
294,"Superior colliculus, motor related",SCm,255.0,178.0,248.0,80700.0,2476.0,SC,,6.0,,307220.0,6.1444,MB,SCm,,0.0,0.0,919.0,13217684.0,33780.0,14382.681175190424,36.757344940152336
26,Deep gray layer of the superior colliculus,DpG,255.0,178.0,248.0,80800.0,294.0,SCm,,7.0,70512.0,70512.0,1.41024,MB,DpG,110.0,1520166.0,3778.0,110.0,1520166.0,3778.0,13819.690909090908,34.345454545454544
42,Deep white layer of the superior colliculus,DpWh,255.0,178.0,248.0,80900.0,294.0,SCm,,7.0,27790.0,27790.0,0.5558,MB,DpWh,48.0,767332.0,1803.0,48.0,767332.0,1803.0,15986.083333333334,37.5625
17,Intermediate white layer of the superior colliculus,InWh,255.0,178.0,248.0,81000.0,294.0,SCm,,7.0,102718.0,102718.0,2.05436,MB,InWh,237.0,3503090.0,8776.0,237.0,3503090.0,8776.0,14780.970464135022,37.029535864978904
10,Intermediate gray layer of the superior colliculus,InG,255.0,178.0,248.0,81100.0,294.0,SCm,,7.0,106200.0,106200.0,2.124,MB,InG,524.0,7427096.0,19423.0,524.0,7427096.0,19423.0,14173.847328244276,37.06679389312977
795,Periaqueductal gray,PAG,255.0,144.0,255.0,81500.0,323.0,MBmot,,5.0,,198442.0,3.96884,MB,PAG,,0.0,0.0,254.0,3235126.0,8520.0,12736.71653543307,33.54330708661417
2083,"Periaqueductal gray, leaf",PAG_leaf,255.0,144.0,255.0,81500.0,795.0,PAG,,6.0,14946.0,14946.0,0.29892,MB,misc,10.0,115377.0,322.0,10.0,115377.0,322.0,11537.7,32.2
2141,Dorsomedial periaqueductal gray,DMPAG,255.0,144.0,255.0,81510.0,795.0,PAG,,6.0,25416.0,25416.0,0.50832,MB,DM,7.0,115403.0,273.0,7.0,115403.0,273.0,16486.14285714286,39.0
2142,Lateral periaqueductal gray,LPAG,255.0,144.0,255.0,81520.0,795.0,PAG,,6.0,73264.0,73264.0,1.46528,MB,L,109.0,1507503.0,3800.0,109.0,1507503.0,3800.0,13830.302752293577,34.862385321100916
2143,Pleoglial periaqueductal gray,PlPAG,255.0,144.0,255.0,81530.0,795.0,PAG,,6.0,56.0,56.0,0.00112,MB,Pl,,0.0,0.0,0.0,0.0,0.0,,
2148,Dorsolateral periaqueductal gray,DLPAG,255.0,144.0,255.0,81540.0,795.0,PAG,,6.0,23912.0,23912.0,0.47824,MB,DL,13.0,153201.0,428.0,13.0,153201.0,428.0,11784.692307692309,32.92307692307692
2162,Ventrolateral periaqueductal gray,VLPAG,255.0,144.0,255.0,81550.0,795.0,PAG,,6.0,38930.0,38930.0,0.7786,MB,VL,47.0,637961.0,1654.0,47.0,637961.0,1654.0,13573.63829787234,35.191489361702125
2114,prosomere 1 periaqueductal gray,p1PAG,255.0,144.0,255.0,81560.0,795.0,PAG,,6.0,21918.0,21918.0,0.43836,MB,p1,68.0,705681.0,2043.0,68.0,705681.0,2043.0,10377.661764705883,30.044117647058822
2123,Lithoid nucleus,Lth,255.0,144.0,255.0,81570.0,323.0,MBmot,,5.0,1930.0,1930.0,0.0386,MB,Lth,,0.0,0.0,0.0,0.0,0.0,,
50,Precommissural nucleus,PrC,255.0,144.0,255.0,81600.0,323.0,MBmot,,5.0,5932.0,5932.0,0.11864,MB,PrC,11.0,117074.0,329.0,11.0,117074.0,329.0,10643.09090909091,29.90909090909091
67,Interstitial nucleus of Cajal,InC,255.0,145.0,255.0,81700.0,323.0,MBmot,,5.0,,9242.0,0.18484,MB,InC,,0.0,0.0,22.0,363821.0,806.0,16537.31818181818,36.63636363636363
2084,"Interstitial nucleus of Cajal, leaf",InC_leaf,255.0,145.0,255.0,81700.0,67.0,InC,,6.0,4572.0,4572.0,0.09144,MB,misc,8.0,149080.0,292.0,8.0,149080.0,292.0,18635.0,36.5
2129,"Interstitial nucleus of Cajal, shell region",InCSh,255.0,145.0,255.0,81710.0,67.0,InC,,6.0,4670.0,4670.0,0.0934,MB,InCSh,14.0,214741.0,514.0,14.0,214741.0,514.0,15338.642857142857,36.714285714285715
587,Nucleus of Darkschewitsch,Dk,255.0,146.0,255.0,81800.0,323.0,MBmot,,5.0,4498.0,4498.0,0.08996,MB,Dk,2.0,12809.0,42.0,2.0,12809.0,42.0,6404.5,21.0
2152,Supraoculomotor cap,Su3C,255.0,146.0,255.0,81810.0,323.0,MBmot,,5.0,5096.0,5096.0,0.10192,MB,Su3C,17.0,165715.0,495.0,17.0,165715.0,495.0,9747.941176470587,29.11764705882353
2156,Supraoculomotor periaqueductal gray,Su3,255.0,146.0,255.0,81820.0,323.0,MBmot,,5.0,3724.0,3724.0,0.07448,MB,Su3,6.0,61232.0,171.0,6.0,61232.0,171.0,10205.333333333334,28.5
1100,Pretectal region,PRT,255.0,176.0,250.0,81900.0,323.0,MBmot,,5.0,,77288.0,1.54576,MB,PRT,,0.0,0.0,280.0,3801375.0,9941.0,13576.339285714286,35.503571428571426
215,Anterior pretectal nucleus,APT,255.0,176.0,249.0,82000.0,1100.0,PRT,,6.0,,54116.0,1.08232,MB,APT,,0.0,0.0,216.0,2928966.0,7781.0,13560.027777777777,36.023148148148145
1981,"Anterior pretectal nucleus, leaf",APT_leaf,255.0,176.0,249.0,82000.0,215.0,APT,,7.0,16822.0,16822.0,0.33644,MB,misc,107.0,1529016.0,4167.0,107.0,1529016.0,4167.0,14289.869158878504,38.94392523364486
2099,"Anterior pretectal nucleus, dorsal part",APTD,255.0,176.0,249.0,82010.0,215.0,APT,,7.0,29382.0,29382.0,0.58764,MB,APTD,76.0,922841.0,2419.0,76.0,922841.0,2419.0,12142.644736842105,31.82894736842105
2100,"Anterior pretectal nucleus, ventral part",APTV,255.0,176.0,249.0,82020.0,215.0,APT,,7.0,7912.0,7912.0,0.15824,MB,APTV,33.0,477109.0,1195.0,33.0,477109.0,1195.0,14457.848484848484,36.21212121212121
531,Medial pretectal area,MPT,255.0,176.0,248.0,82100.0,1100.0,PRT,,6.0,3474.0,3474.0,0.06948,MB,MPT,18.0,249042.0,610.0,18.0,249042.0,610.0,13835.666666666666,33.888888888888886
2415,Retrocommissural nucleus,ReC,255.0,176.0,248.0,82110.0,1100.0,PRT,,6.0,1582.0,1582.0,0.03164,MB,ReC,4.0,38591.0,119.0,4.0,38591.0,119.0,9647.75,29.75
628,Nucleus of the optic tract,OT,255.0,176.0,247.0,82200.0,1100.0,PRT,,6.0,5314.0,5314.0,0.10628,MB,OT,16.0,251886.0,581.0,16.0,251886.0,581.0,15742.875,36.3125
634,Nucleus of the posterior commissure,PCom,255.0,176.0,246.0,82300.0,1100.0,PRT,,6.0,,5990.0,0.1198,MB,PCom,,0.0,0.0,6.0,49325.0,144.0,8220.833333333334,24.0
1984,"Nucleus of the posterior commissure, leaf",PCom_leaf,255.0,176.0,246.0,82300.0,634.0,PCom,,7.0,3894.0,3894.0,0.07788,MB,misc,5.0,44277.0,130.0,5.0,44277.0,130.0,8855.4,26.0
2121,Magnocellular nucleus of the posterior commissure,MCPC,255.0,176.0,246.0,82310.0,634.0,PCom,,7.0,2096.0,2096.0,0.04192,MB,MCPC,1.0,5048.0,14.0,1.0,5048.0,14.0,5048.0,14.0
706,Olivary pretectal nucleus,OPT,255.0,176.0,245.0,82400.0,1100.0,PRT,,6.0,3682.0,3682.0,0.07364,MB,OPT,12.0,164730.0,456.0,12.0,164730.0,456.0,13727.5,38.0
1061,Posterior pretectal nucleus,PPT,255.0,176.0,244.0,82500.0,1100.0,PRT,,6.0,1592.0,1592.0,0.03184,MB,PPT,4.0,93419.0,169.0,4.0,93419.0,169.0,23354.75,42.25
2122,Retroparafascicular nucleus,RPF,255.0,176.0,244.0,82510.0,1100.0,PRT,,6.0,1538.0,1538.0,0.03076,MB,RPF,4.0,25416.0,81.0,4.0,25416.0,81.0,6354.0,20.25
1993,"Cuneiform nucleus, leaf",CnF_leaf,255.0,178.0,254.0,82600.0,616.0,CnF,,6.0,23850.0,23850.0,0.477,MB,misc,11.0,132523.0,422.0,11.0,132523.0,422.0,12047.545454545454,38.36363636363637
616,Cuneiform nucleus,CnF,255.0,178.0,254.0,82600.0,323.0,MBmot,,5.0,,49460.0,0.9892,MB,CnF,,0.0,0.0,65.0,736035.0,2173.0,11323.615384615385,33.43076923076923
2192,Precuneiform area,PrCnF,255.0,178.0,254.0,82610.0,616.0,CnF,,6.0,25610.0,25610.0,0.5122,MB,PrCnF,54.0,603512.0,1751.0,54.0,603512.0,1751.0,11176.148148148148,32.425925925925924
214,Red nucleus,R,255.0,134.0,249.0,82700.0,323.0,MBmot,,5.0,,32900.0,0.658,MB,R,,0.0,0.0,33.0,528897.0,1244.0,16027.181818181818,37.696969696969695
1994,"Red nucleus, leaf",R_leaf,255.0,134.0,249.0,82700.0,214.0,R,,6.0,680.0,680.0,0.0136,MB,misc,1.0,5352.0,15.0,1.0,5352.0,15.0,5352.0,15.0
2137,"Red nucleus, parvicellular part",RPC,255.0,134.0,249.0,82710.0,214.0,R,,6.0,18820.0,18820.0,0.3764,MB,RPC,17.0,272970.0,617.0,17.0,272970.0,617.0,16057.058823529413,36.294117647058826
2139,"Red nucleus, magnocellular part",RMC,255.0,134.0,249.0,82720.0,214.0,R,,6.0,13400.0,13400.0,0.268,MB,RMC,15.0,250575.0,612.0,15.0,250575.0,612.0,16705.0,40.8
2136,Medial accessory oculomotor nucleus,MA3,255.0,168.0,255.0,82730.0,323.0,MBmot,,5.0,2152.0,2152.0,0.04304,MB,MA3,1.0,7155.0,20.0,1.0,7155.0,20.0,7155.0,20.0
2113,"Oculomotor nerve, leaf",3N_leaf,255.0,168.0,255.0,82800.0,35.0,3N,,6.0,2910.0,2910.0,0.0582,MB,misc,2.0,44467.0,128.0,2.0,44467.0,128.0,22233.5,64.0
35,Oculomotor nerve,3N,255.0,168.0,255.0,82800.0,323.0,MBmot,,5.0,,5132.0,0.10264,MB,3N,,0.0,0.0,3.0,58735.0,167.0,19578.333333333332,55.666666666666664
2157,"Oculomotor nucleus, parvicellular part",3PC,255.0,168.0,255.0,82810.0,35.0,3N,,6.0,2222.0,2222.0,0.04444,MB,3PC,1.0,14268.0,39.0,1.0,14268.0,39.0,14268.0,39.0
1995,"Edinger-Westphal nucleus, leaf",EW_leaf,255.0,178.0,253.0,82900.0,975.0,EW,,6.0,688.0,688.0,0.01376,MB,misc,1.0,6051.0,20.0,1.0,6051.0,20.0,6051.0,20.0
975,Edinger-Westphal nucleus,EW,255.0,178.0,253.0,82900.0,323.0,MBmot,,5.0,,1472.0,0.02944,MB,EW,,0.0,0.0,2.0,12083.0,38.0,6041.5,19.0
2130,Pre-Edinger-Westphal nucleus,PrEW,255.0,178.0,253.0,82910.0,975.0,EW,,6.0,784.0,784.0,0.01568,MB,PrEW,1.0,6032.0,18.0,1.0,6032.0,18.0,6032.0,18.0
115,Trochlear nucleus,4N,255.0,178.0,255.0,83000.0,323.0,MBmot,,5.0,,5072.0,0.10144,MB,4N,,0.0,0.0,3.0,30027.0,88.0,10009.0,29.333333333333332
1998,"Trochlear nucleus, leaf",4N_leaf,255.0,178.0,255.0,83000.0,115.0,4N,,6.0,630.0,630.0,0.0126,MB,misc,,0.0,0.0,0.0,0.0,0.0,,
2180,Trochlear nucleus shell region,4Sh,255.0,178.0,255.0,83010.0,115.0,4N,,6.0,674.0,674.0,0.01348,MB,4Sh,,0.0,0.0,0.0,0.0,0.0,,
2179,Paratrochlear nucleus,Pa4,255.0,178.0,255.0,83020.0,115.0,4N,,6.0,3768.0,3768.0,0.07536,MB,Pa4,3.0,30027.0,88.0,3.0,30027.0,88.0,10009.0,29.333333333333332
757,Ventral tegmental nucleus,VTg,255.0,177.0,250.0,83100.0,323.0,MBmot,,5.0,2896.0,2896.0,0.05792,MB,VTg,,0.0,0.0,0.0,0.0,0.0,,
231,Anterior tegmental nucleus,ATg,255.0,177.0,252.0,83200.0,323.0,MBmot,,5.0,3152.0,3152.0,0.06304,MB,ATg,2.0,84989.0,146.0,2.0,84989.0,146.0,42494.5,73.0
2168,Rhabdoid nucleus,Rbd,255.0,177.0,252.0,83210.0,323.0,MBmot,,5.0,590.0,590.0,0.0118,MB,Rbd,2.0,10321.0,34.0,2.0,10321.0,34.0,5160.5,17.0
66,Lateral terminal nucleus of the accessory optic tract,LT,255.0,177.0,253.0,83300.0,323.0,MBmot,,5.0,750.0,750.0,0.015,MB,LT,8.0,103599.0,303.0,8.0,103599.0,303.0,12949.875,37.875
75,Dorsal terminal nucleus,DT,255.0,177.0,253.0,83400.0,323.0,MBmot,,5.0,846.0,846.0,0.01692,MB,DT,9.0,94219.0,279.0,9.0,94219.0,279.0,10468.777777777777,31.0
58,Medial terminal nucleus,MT,255.0,177.0,253.0,83500.0,323.0,MBmot,,5.0,1312.0,1312.0,0.02624,MB,MT,4.0,295712.0,359.0,4.0,295712.0,359.0,73928.0,89.75
615,"Substantia nigra, lateral part",SNL,255.0,178.0,247.0,83600.0,323.0,MBmot,,5.0,7524.0,7524.0,0.15048,MB,SNL,9.0,279786.0,502.0,9.0,279786.0,502.0,31087.333333333332,55.77777777777778
348,"Midbrain, behavioral state related",MBsta,255.0,176.0,253.0,83700.0,313.0,MB,,4.0,,97602.0,1.95204,MB,MBsta,,0.0,0.0,66.0,981419.0,2534.0,14869.984848484848,38.39393939393939
1996,"Substantia nigra, compact part, leaf",SNC_leaf,255.0,158.0,248.0,83800.0,374.0,SNC,,6.0,188.0,188.0,0.00376,MB,misc,,0.0,0.0,0.0,0.0,0.0,,
374,"Substantia nigra, compact part",SNC,255.0,158.0,248.0,83800.0,348.0,MBsta,,5.0,,13610.0,0.2722,MB,SNC,,0.0,0.0,28.0,551940.0,1350.0,19712.14285714286,48.214285714285715
2134,"Substantia nigra, compact part, dorsal tier",SNCD,255.0,158.0,248.0,83810.0,374.0,SNC,,6.0,12968.0,12968.0,0.25936,MB,SNCD,28.0,551940.0,1350.0,28.0,551940.0,1350.0,19712.14285714286,48.214285714285715
2135,"Substantia nigra, compact part, medial tier",SNCM,255.0,158.0,248.0,83820.0,374.0,SNC,,6.0,454.0,454.0,0.00908,MB,SNCM,,0.0,0.0,0.0,0.0,0.0,,
1052,Pedunculotegmental nucleus,PTg,255.0,158.0,255.0,83900.0,348.0,MBsta,,5.0,,32156.0,0.64312,MB,PTg,,0.0,0.0,8.0,138172.0,289.0,17271.5,36.125
1992,"Pedunculotegmental nucleus, leaf",PTg_leaf,255.0,158.0,255.0,83900.0,1052.0,PTg,,6.0,23884.0,23884.0,0.47768,MB,misc,7.0,112881.0,243.0,7.0,112881.0,243.0,16125.857142857143,34.714285714285715
2183,Subpeduncular tegmental nucleus,SPTg,255.0,158.0,255.0,83910.0,1052.0,PTg,,6.0,8272.0,8272.0,0.16544,MB,SPTg,1.0,25291.0,46.0,1.0,25291.0,46.0,25291.0,46.0
165,Midbrain raphÈ nuclei,RAmb,255.0,158.0,254.0,84000.0,348.0,MBsta,,5.0,,51836.0,1.03672,MB,RAmb,,0.0,0.0,30.0,291307.0,895.0,9710.233333333334,29.833333333333332
12,Interfascicular nucleus,IF,255.0,158.0,251.0,84100.0,165.0,RAmb,,6.0,2028.0,2028.0,0.04056,MB,IF,1.0,3756.0,14.0,1.0,3756.0,14.0,3756.0,14.0
100,Interpeduncular nucleus,IP,255.0,158.0,247.0,84200.0,165.0,RAmb,,6.0,,17740.0,0.3548,MB,IP,,0.0,0.0,24.0,239356.0,744.0,9973.166666666666,31.0
2140,"Interpeduncular nucleus, rostral subnucleus",IPR,255.0,158.0,247.0,84210.0,100.0,IP,,7.0,4672.0,4672.0,0.09344,MB,R,2.0,16292.0,52.0,2.0,16292.0,52.0,8146.0,26.0
2145,"Interpeduncular nucleus, lateral subnucleus",IPL,255.0,158.0,247.0,84220.0,100.0,IP,,7.0,2996.0,2996.0,0.05992,MB,L,15.0,149044.0,475.0,15.0,149044.0,475.0,9936.266666666666,31.666666666666668
2146,"Interpeduncular nucleus, caudal subnucleus",IPC,255.0,158.0,247.0,84230.0,100.0,IP,,7.0,3508.0,3508.0,0.07016,MB,C,,0.0,0.0,0.0,0.0,0.0,,
2149,"Interpeduncular nucleus, dorsomedial subnucleus",IPDM,255.0,158.0,247.0,84240.0,100.0,IP,,7.0,1266.0,1266.0,0.02532,MB,DM,1.0,4514.0,16.0,1.0,4514.0,16.0,4514.0,16.0
2151,"Interpeduncular nucleus, dorsolateral subnucleus",IPDL,255.0,158.0,247.0,84250.0,100.0,IP,,7.0,1270.0,1270.0,0.0254,MB,DL,1.0,32016.0,82.0,1.0,32016.0,82.0,32016.0,82.0
2150,"Interpeduncular nucleus, intermediate subnucleus",IPI,255.0,158.0,247.0,84260.0,100.0,IP,,7.0,3798.0,3798.0,0.07596,MB,I,5.0,37490.0,119.0,5.0,37490.0,119.0,7498.0,23.8
2160,"Interpeduncular nucleus, apical subnucleus",IPA,255.0,158.0,247.0,84270.0,100.0,IP,,7.0,230.0,230.0,0.0046,MB,A,,0.0,0.0,0.0,0.0,0.0,,
197,Rostral linear nucleus (midbrain),RLi ,255.0,158.0,249.0,84300.0,165.0,RAmb,,6.0,4748.0,4748.0,0.09496,MB,RLi ,5.0,48195.0,137.0,5.0,48195.0,137.0,9639.0,27.4
591,Caudal linear nucleus of the raphÈ,CLi,255.0,158.0,253.0,84400.0,165.0,RAmb,,6.0,2348.0,2348.0,0.04696,MB,CLi,,0.0,0.0,0.0,0.0,0.0,,
1990,"Dorsal raphÈ nucleus, leaf",DR_leaf,255.0,158.0,252.0,84500.0,872.0,DR,,7.0,1178.0,1178.0,0.02356,MB,misc,,0.0,0.0,0.0,0.0,0.0,,
872,Dorsal raphÈ nucleus,DR,255.0,158.0,252.0,84500.0,165.0,RAmb,,6.0,,24972.0,0.49944,MB,DR,,0.0,0.0,0.0,0.0,0.0,,
2173,"Dorsal raphÈ nucleus, caudal part",DRC,255.0,158.0,252.0,84510.0,872.0,DR,,7.0,1798.0,1798.0,0.03596,MB,C,,0.0,0.0,0.0,0.0,0.0,,
2174,"Dorsal raphÈ nucleus, dorsal part",DRD,255.0,158.0,252.0,84520.0,872.0,DR,,7.0,2554.0,2554.0,0.05108,MB,D,,0.0,0.0,0.0,0.0,0.0,,
2175,Dorsal raphÈ interfascicular part,DRI,255.0,158.0,252.0,84530.0,872.0,DR,,7.0,748.0,748.0,0.01496,MB,I,,0.0,0.0,0.0,0.0,0.0,,
2176,"Dorsal raphÈ nucleus, lateral part",DRL,255.0,158.0,252.0,84540.0,872.0,DR,,7.0,7078.0,7078.0,0.14156,MB,L,,0.0,0.0,0.0,0.0,0.0,,
2177,"Dorsal raphÈ nucleus, ventral part",DRV,255.0,158.0,252.0,84550.0,872.0,DR,,7.0,2856.0,2856.0,0.05712,MB,V,,0.0,0.0,0.0,0.0,0.0,,
2178,Posterodorsal raphÈ nucleus,PDR,255.0,158.0,252.0,84560.0,872.0,DR,,7.0,8760.0,8760.0,0.1752,MB,P,,0.0,0.0,0.0,0.0,0.0,,
1065,Hindbrain,HB,255.0,155.0,168.0,84600.0,343.0,BS,,3.0,,2091336.0,41.82672,,HB,,0.0,0.0,4567.0,70455897.0,172524.0,15427.172542150209,37.77622071381651
1350,"Pons, leaf",P_leaf,255.0,155.0,136.0,84700.0,771.0,P,,5.0,20684.0,20684.0,0.41368,P,misc,30.0,620190.0,1455.0,30.0,620190.0,1455.0,20673.0,48.5
771,Pons,P,255.0,155.0,136.0,84700.0,1065.0,HB,,4.0,,680660.0,13.6132,P,P,,0.0,0.0,2900.0,48004673.0,114569.0,16553.33551724138,39.50655172413793
1132,"Pons, sensory related",P-sen,255.0,170.0,98.0,84800.0,771.0,P,,5.0,,184076.0,3.68152,P,P-sen,,0.0,0.0,333.0,6989085.0,15847.0,20988.243243243243,47.588588588588586
1134,"Paralemniscal nucleus, leaf",PL_leaf,255.0,170.0,97.0,84900.0,612.0,PL,,7.0,9498.0,9498.0,0.18996,P,misc,7.0,152037.0,293.0,7.0,152037.0,293.0,21719.571428571428,41.857142857142854
612,Paralemniscal nucleus,PL,255.0,170.0,97.0,84900.0,1132.0,P-sen,,6.0,,45924.0,0.91848,P,PL,,0.0,0.0,53.0,1019387.0,2439.0,19233.716981132075,46.0188679245283
82,Dorsal nucleus of the lateral lemniscus,DLL,255.0,170.0,97.0,85000.0,612.0,PL,,7.0,5042.0,5042.0,0.10084,P,DLL,,0.0,0.0,0.0,0.0,0.0,,
99,Ventral nucleus of the lateral lemniscus,VLL,255.0,170.0,97.0,85200.0,612.0,PL,,7.0,15558.0,15558.0,0.31116,P,VLL,35.0,651302.0,1596.0,35.0,651302.0,1596.0,18608.628571428573,45.6
2172,Intermediate nucleus of the lateral lemniscus,ILL,255.0,170.0,97.0,85210.0,612.0,PL,,7.0,13536.0,13536.0,0.27072,P,ILL,10.0,179334.0,490.0,10.0,179334.0,490.0,17933.4,49.0
2184,"Triangular nucleus, lateral lemniscus",TrLL,255.0,170.0,97.0,85220.0,612.0,PL,,7.0,2290.0,2290.0,0.0458,P,TrLL,1.0,36714.0,60.0,1.0,36714.0,60.0,36714.0,60.0
1980,"Principal sensory trigeminal nucleus, leaf",Pr5_leaf,255.0,170.0,95.0,85300.0,7.0,Pr5,,7.0,14612.0,14612.0,0.29224,P,misc,24.0,529293.0,1135.0,24.0,529293.0,1135.0,22053.875,47.291666666666664
7,Principal sensory trigeminal nucleus,Pr5,255.0,170.0,95.0,85300.0,1132.0,P-sen,,6.0,,58890.0,1.1778,P,Pr5,,0.0,0.0,137.0,3225242.0,6853.0,23541.912408759123,50.02189781021898
2203,"Principal sensory trigeminal nucleus, dorsomedial part",Pr5DM,255.0,170.0,95.0,85310.0,7.0,Pr5,,7.0,16850.0,16850.0,0.337,P,DM,24.0,478257.0,1188.0,24.0,478257.0,1188.0,19927.375,49.5
2202,"Principal sensory trigeminal nucleus, ventrolateral part",Pr5VL,255.0,170.0,95.0,85320.0,7.0,Pr5,,7.0,27428.0,27428.0,0.54856,P,VL,89.0,2217692.0,4530.0,89.0,2217692.0,4530.0,24917.887640449437,50.89887640449438
627,"Parabrachial nucleus, leaf",PB_leaf,255.0,170.0,96.0,85400.0,867.0,PB,,7.0,488.0,488.0,0.00976,P,misc,3.0,50449.0,145.0,3.0,50449.0,145.0,16816.333333333332,48.333333333333336
867,Parabrachial nucleus,PB,255.0,170.0,96.0,85400.0,1132.0,P-sen,,6.0,,39660.0,0.7932,P,PB,,0.0,0.0,102.0,1947356.0,4584.0,19091.725490196077,44.94117647058823
123,Kolliker-Fuse nucleus,KF,255.0,165.0,96.0,85500.0,867.0,PB,,7.0,1598.0,1598.0,0.03196,P,KF,4.0,71780.0,196.0,4.0,71780.0,196.0,17945.0,49.0
1292,"Lateral parabrachial nucleus, leaf",LPB_leaf,255.0,169.0,96.0,85600.0,881.0,LPB,,8.0,6484.0,6484.0,0.12968,P,misc,5.0,89859.0,240.0,5.0,89859.0,240.0,17971.8,48.0
881,Lateral parabrachial nucleus,LPB,255.0,169.0,96.0,85600.0,867.0,PB,,7.0,,21418.0,0.42836,P,LPB,,0.0,0.0,79.0,1527390.0,3461.0,19334.050632911392,43.81012658227848
860,"Lateral parabrachial nucleus, central part",LPBC,255.0,169.0,96.0,85700.0,881.0,LPB,,8.0,1814.0,1814.0,0.03628,P,C,13.0,249575.0,565.0,13.0,249575.0,565.0,19198.076923076922,43.46153846153846
2458,"Lateral parabrachial nucleus, crescent part",LPBCr,255.0,169.0,96.0,85710.0,881.0,LPB,,8.0,2156.0,2156.0,0.04312,P,Cr,13.0,271586.0,619.0,13.0,271586.0,619.0,20891.23076923077,47.61538461538461
868,"Lateral parabrachial nucleus, dorsal part",LPBD,255.0,169.0,96.0,85800.0,881.0,LPB,,8.0,2084.0,2084.0,0.04168,P,D,5.0,144301.0,270.0,5.0,144301.0,270.0,28860.2,54.0
875,"Lateral parabrachial nucleus, external part",LPBE,255.0,169.0,96.0,85900.0,881.0,LPB,,8.0,3416.0,3416.0,0.06832,P,E,32.0,648311.0,1412.0,32.0,648311.0,1412.0,20259.71875,44.125
883,"Lateral parabrachial nucleus, superior part",LPBS,255.0,169.0,96.0,86000.0,881.0,LPB,,8.0,1354.0,1354.0,0.02708,P,S,3.0,49256.0,133.0,3.0,49256.0,133.0,16418.666666666668,44.333333333333336
891,"Lateral parabrachial nucleus, ventral part",LPBV,255.0,169.0,96.0,86100.0,881.0,LPB,,8.0,2380.0,2380.0,0.0476,P,V,8.0,74502.0,222.0,8.0,74502.0,222.0,9312.75,27.75
2213,"Lateral parabrachial nucleus, internal part",LPBI,255.0,169.0,96.0,86110.0,881.0,LPB,,8.0,1730.0,1730.0,0.0346,P,I,,0.0,0.0,0.0,0.0,0.0,,
894,"Medial parabrachial nucleus, leaf",MPB_leaf,255.0,168.0,96.0,86200.0,890.0,MPB,,8.0,13950.0,13950.0,0.279,P,misc,14.0,278850.0,720.0,14.0,278850.0,720.0,19917.85714285714,51.42857142857143
890,Medial parabrachial nucleus,MPB,255.0,168.0,96.0,86200.0,867.0,PB,,7.0,,16156.0,0.32312,P,MPB,,0.0,0.0,16.0,297737.0,782.0,18608.5625,48.875
899,"Medial parabrachial nucleus, external part",MPBE,255.0,168.0,96.0,86300.0,890.0,MPB,,8.0,2206.0,2206.0,0.04412,P,E,2.0,18887.0,62.0,2.0,18887.0,62.0,9443.5,31.0
398,Superior olivary complex,SOC,255.0,170.0,94.0,86600.0,1132.0,P-sen,,6.0,,39602.0,0.79204,P,SOC,,0.0,0.0,41.0,797100.0,1971.0,19441.463414634145,48.073170731707314
122,"Superior olivary complex, periolivary nucleus",POR,255.0,170.0,94.0,86700.0,398.0,SOC,,7.0,,10460.0,0.2092,P,POR,,0.0,0.0,9.0,111813.0,324.0,12423.666666666666,36.0
2207,Lateroventral periolivary nucleus,LVPO,255.0,170.0,94.0,86710.0,122.0,POR,,8.0,2688.0,2688.0,0.05376,P,LVPO,1.0,9206.0,27.0,1.0,9206.0,27.0,9206.0,27.0
2208,Medioventral periolivary nucleus,MVPO,255.0,170.0,94.0,86720.0,122.0,POR,,8.0,4770.0,4770.0,0.0954,P,MVPO,2.0,27708.0,81.0,2.0,27708.0,81.0,13854.0,40.5
2209,Dorsal periolivary region,DPO,255.0,170.0,94.0,86730.0,122.0,POR,,8.0,3002.0,3002.0,0.06004,P,DPO,6.0,74899.0,216.0,6.0,74899.0,216.0,12483.166666666666,36.0
2227,Caudal periolivary nucleus,CPO,255.0,170.0,94.0,86740.0,122.0,POR,,8.0,,0.0,0.0,P,CPO,,0.0,0.0,0.0,0.0,0.0,,
2456,Superior paraolivary nucleus,SPO,255.0,170.0,94.0,86750.0,398.0,SOC,,7.0,8588.0,8588.0,0.17176,P,SPO,14.0,347267.0,828.0,14.0,347267.0,828.0,24804.785714285714,59.142857142857146
105,Medial superior olive,MSO,255.0,170.0,94.0,86800.0,398.0,SOC,,7.0,848.0,848.0,0.01696,P,MSO,2.0,21715.0,64.0,2.0,21715.0,64.0,10857.5,32.0
114,Lateral superior olive,LSO,255.0,170.0,94.0,86900.0,398.0,SOC,,7.0,13210.0,13210.0,0.2642,P,LSO,5.0,91319.0,215.0,5.0,91319.0,215.0,18263.8,43.0
2187,Nucleus of the central acoustic tract,CAT,255.0,170.0,94.0,86910.0,398.0,SOC,,7.0,6496.0,6496.0,0.12992,P,CAT,11.0,224986.0,540.0,11.0,224986.0,540.0,20453.272727272728,49.09090909090909
987,"Pons, motor related",P-mot,255.0,174.0,92.0,87000.0,771.0,P,,5.0,,240302.0,4.80604,P,P-mot,,0.0,0.0,2361.0,37363144.0,89878.0,15825.135112240576,38.067767894959765
2505,"Barrington's nucleus, leaf",Bar_leaf,255.0,174.0,80.0,87100.0,280.0,Bar,,7.0,898.0,898.0,0.01796,P,misc,,0.0,0.0,0.0,0.0,0.0,,
280,Barrington's nucleus,Bar,255.0,174.0,80.0,87100.0,987.0,P-mot,,6.0,,5908.0,0.11816,P,Bar,,0.0,0.0,1.0,26482.0,73.0,26482.0,73.0
2459,"Barrington's nucleus, dorsal part",Bard,255.0,174.0,80.0,87110.0,280.0,Bar,,7.0,2188.0,2188.0,0.04376,P,d,,0.0,0.0,0.0,0.0,0.0,,
2460,"Barrington's nucleus, ventral part",Barv,255.0,174.0,80.0,87120.0,280.0,Bar,,7.0,2822.0,2822.0,0.05644,P,b,1.0,26482.0,73.0,1.0,26482.0,73.0,26482.0,73.0
880,Dorsal tegmental nucleus,DTg,255.0,174.0,87.0,87200.0,987.0,P-mot,,6.0,,14104.0,0.28208,P,DTg,,0.0,0.0,0.0,0.0,0.0,,
2210,"Dorsal tegmental nucleus, central part",DTgC,255.0,174.0,87.0,87210.0,880.0,DTg,,7.0,3452.0,3452.0,0.06904,P,DTgC,,0.0,0.0,0.0,0.0,0.0,,
2201,"Dorsal tegmental nucleus, pericentral part",DTgP,255.0,174.0,87.0,87220.0,880.0,DTg,,7.0,3986.0,3986.0,0.07972,P,DTgP,,0.0,0.0,0.0,0.0,0.0,,
2230,Posterodorsal tegmental nucleus,PDTg,255.0,174.0,87.0,87230.0,880.0,DTg,,7.0,6666.0,6666.0,0.13332,P,PDTg,,0.0,0.0,0.0,0.0,0.0,,
898,Central gray,CG,255.0,174.0,120.0,87400.0,987.0,P-mot,,6.0,,23974.0,0.47948,P,CG,,0.0,0.0,2.0,24600.0,82.0,12300.0,41.0
1978,"Central gray, leaf",CG_leaf,255.0,174.0,120.0,87400.0,898.0,CG,,7.0,13782.0,13782.0,0.27564,P,misc,,0.0,0.0,0.0,0.0,0.0,,
2215,"Central gray, alpha part",CGA,255.0,174.0,120.0,87410.0,898.0,CG,,7.0,4936.0,4936.0,0.09872,P,A,2.0,24600.0,82.0,2.0,24600.0,82.0,12300.0,41.0
2216,"Central gray, beta part",CGB,255.0,174.0,120.0,87420.0,898.0,CG,,7.0,3648.0,3648.0,0.07296,P,B,,0.0,0.0,0.0,0.0,0.0,,
2231,"Central gray, gamma part",CGG,255.0,174.0,120.0,87430.0,898.0,CG,,7.0,904.0,904.0,0.01808,P,G,,0.0,0.0,0.0,0.0,0.0,,
2221,"Central gray, nucleus O",CGO,255.0,174.0,120.0,87440.0,898.0,CG,,7.0,704.0,704.0,0.01408,P,O,,0.0,0.0,0.0,0.0,0.0,,
931,Pontine nuclei,Pn,255.0,174.0,92.0,87500.0,987.0,P-mot,,6.0,44750.0,44750.0,0.895,P,Pn,2163.0,33852646.0,81707.0,2163.0,33852646.0,81707.0,15650.784096162737,37.77484974572353
2206,"Pontine reticular nucleus, caudal part",PnC,255.0,174.0,85.0,87600.0,987.0,P-mot,,6.0,89472.0,89472.0,1.78944,P,PnC,22.0,274668.0,671.0,22.0,274668.0,671.0,12484.90909090909,30.5
2197,Dorsomedial tegmental area,DMTg,255.0,174.0,85.0,87610.0,1117.0,P-sat,,6.0,22320.0,22320.0,0.4464,P,DMTg,,0.0,0.0,0.0,0.0,0.0,,
2220,Sphenoid nucleus,Sph,255.0,174.0,92.0,87710.0,987.0,P-mot,,6.0,734.0,734.0,0.01468,P,Sph,,0.0,0.0,0.0,0.0,0.0,,
318,Supragenual nucleus,SGe,255.0,174.0,84.0,87800.0,987.0,P-mot,,6.0,316.0,316.0,0.00632,P,SGe,,0.0,0.0,0.0,0.0,0.0,,
462,Superior salivatory nucleus,SuS,255.0,174.0,83.0,87900.0,987.0,P-mot,,6.0,1938.0,1938.0,0.03876,P,SuS,16.0,323371.0,780.0,16.0,323371.0,780.0,20210.6875,48.75
534,Supratrigeminal nucleus,Su5,255.0,174.0,82.0,88000.0,987.0,P-mot,,6.0,6570.0,6570.0,0.1314,P,Su5,23.0,407532.0,820.0,23.0,407532.0,820.0,17718.782608695652,35.65217391304348
1977,"Reticulotegmental nucleus of the pons, leaf",RtTg_leaf,255.0,174.0,81.0,88100.0,574.0,RtTg,,7.0,13606.0,13606.0,0.27212,P,misc,66.0,1195583.0,2826.0,66.0,1195583.0,2826.0,18114.89393939394,42.81818181818182
574,Reticulotegmental nucleus of the pons,RtTg,255.0,174.0,81.0,88100.0,987.0,P-mot,,6.0,,18806.0,0.37612,P,RtTg,,0.0,0.0,91.0,1814364.0,4068.0,19938.065934065933,44.7032967032967
2165,"Reticulotegmental nucleus of the pons, pericentral part",RtTgP,255.0,174.0,81.0,88110.0,574.0,RtTg,,7.0,5200.0,5200.0,0.104,P,RtTgP,25.0,618781.0,1242.0,25.0,618781.0,1242.0,24751.24,49.68
2166,B9 serotonin cells,B9,255.0,174.0,81.0,88120.0,771.0,P,,5.0,396.0,396.0,0.00792,P,B9,4.0,24092.0,84.0,4.0,24092.0,84.0,6023.0,21.0
621,Motor trigeminal nucleus,5N,255.0,174.0,104.0,88200.0,987.0,P-mot,,6.0,,22404.0,0.44808,P,5N,,0.0,0.0,25.0,313527.0,917.0,12541.08,36.68
2506,"Motor trigeminal nucleus, leaf",5N_leaf,255.0,174.0,104.0,88200.0,621.0,5N,,7.0,996.0,996.0,0.01992,P,misc,1.0,9568.0,30.0,1.0,9568.0,30.0,9568.0,30.0
2453,"Motor trigeminal nucleus, temporalis part",5Te,255.0,174.0,104.0,88210.0,621.0,5N,,7.0,3998.0,3998.0,0.07996,P,5Te,9.0,110338.0,341.0,9.0,110338.0,341.0,12259.777777777777,37.888888888888886
2204,"Motor trigeminal nucleus, anterior digastric part",5ADi,255.0,174.0,104.0,88210.0,621.0,5N,,7.0,1458.0,1458.0,0.02916,P,5ADi,1.0,14639.0,42.0,1.0,14639.0,42.0,14639.0,42.0
2454,"Motor trigeminal nucleus, masseter part",5Ma,255.0,174.0,104.0,88220.0,621.0,5N,,7.0,7214.0,7214.0,0.14428,P,5Ma,7.0,96858.0,268.0,7.0,96858.0,268.0,13836.857142857143,38.285714285714285
2194,Interfascicular trigeminar nucleus,IF5/5TT,255.0,174.0,104.0,88220.0,621.0,5N,,7.0,4364.0,4364.0,0.08728,P,IF5/5TT,6.0,76919.0,218.0,6.0,76919.0,218.0,12819.833333333334,36.333333333333336
2455,"Motor trigeminal nucleus, medial pterygoid part",5MPt,255.0,174.0,104.0,88230.0,621.0,5N,,7.0,4374.0,4374.0,0.08748,P,5MPt,1.0,5205.0,18.0,1.0,5205.0,18.0,5205.0,18.0
2193,Peritrigeminal zone,P5,255.0,174.0,104.0,88230.0,987.0,P-mot,,6.0,11326.0,11326.0,0.22652,P,P5,18.0,325954.0,760.0,18.0,325954.0,760.0,18108.555555555555,42.22222222222222
1117,"Pons, behavioral state related",P-sat,255.0,172.0,120.0,88300.0,771.0,P,,5.0,,235202.0,4.70404,P,P-sat,,0.0,0.0,172.0,3008162.0,7305.0,17489.31395348837,42.47093023255814
679,Nucleus raphÈ,NR,255.0,172.0,119.0,88400.0,1117.0,P-sat,,6.0,,35352.0,0.70704,P,NR,,0.0,0.0,35.0,339860.0,1047.0,9710.285714285714,29.914285714285715
137,Paramedian raphÈ nucleus,PMnR,255.0,172.0,119.0,88500.0,679.0,NR,,7.0,24278.0,24278.0,0.48556,P,PMnR,24.0,232902.0,725.0,24.0,232902.0,725.0,9704.25,30.208333333333332
130,Median raphÈ nucleus,MnR,255.0,172.0,119.0,88600.0,679.0,NR,,7.0,11074.0,11074.0,0.22148,P,MnR,11.0,106958.0,322.0,11.0,106958.0,322.0,9723.454545454546,29.272727272727273
147,Locus coeruleus,LC,255.0,172.0,118.0,88700.0,1117.0,P-sat,,6.0,4216.0,4216.0,0.08432,P,LC,,0.0,0.0,0.0,0.0,0.0,,
2284,Laterodorsal tegmental nucleus,LDT,255.0,172.0,117.0,88800.0,1117.0,P-sat,,6.0,,28192.0,0.56384,P,LDT,,0.0,0.0,0.0,0.0,0.0,,
2513,"Laterodorsal tegmental nucleus, dorsal part, leaf",LDTg_leaf,255.0,172.0,117.0,88810.0,162.0,LDTg,,8.0,4096.0,4096.0,0.08192,P,misc,,0.0,0.0,0.0,0.0,0.0,,
162,"Laterodorsal tegmental nucleus, dorsal part",LDTg,255.0,172.0,117.0,88810.0,2284.0,LDT,,7.0,,21014.0,0.42028,P,LDTg,,0.0,0.0,0.0,0.0,0.0,,
2366,"Laterodorsal tegmental nucleus, dorsal part, lateral division",LDTdl,255.0,172.0,117.0,88820.0,162.0,LDTg,,8.0,9518.0,9518.0,0.19036,P,dl,,0.0,0.0,0.0,0.0,0.0,,
2367,"Laterodorsal tegmental nucleus, dorsal part, medial division",LDTdm,255.0,172.0,117.0,88830.0,162.0,LDTg,,8.0,7400.0,7400.0,0.148,P,dm,,0.0,0.0,0.0,0.0,0.0,,
2195,"Laterodorsal tegmental nucleus, ventral part",LDTgV,255.0,172.0,117.0,88840.0,2284.0,LDT,,7.0,7178.0,7178.0,0.14356,P,LDTgV,,0.0,0.0,0.0,0.0,0.0,,
146,Pontine reticular nucleus,PRNr,255.0,172.0,120.0,89000.0,1117.0,P-sat,,6.0,,135354.0,2.70708,P,PRNr,,0.0,0.0,123.0,2306244.0,5384.0,18749.951219512193,43.77235772357724
2205,"Pontine reticular nucleus, oral part",PnO,255.0,172.0,120.0,89010.0,146.0,PRNr,,7.0,123986.0,123986.0,2.47972,P,PnO,122.0,2291904.0,5338.0,122.0,2291904.0,5338.0,18786.09836065574,43.75409836065574
2217,"Pontine reticular nucleus, ventral part",PnV,255.0,172.0,120.0,89020.0,146.0,PRNr,,7.0,11128.0,11128.0,0.22256,P,PnV,,0.0,0.0,0.0,0.0,0.0,,
2182,Epirubrospinal nucleus,ERS,255.0,172.0,120.0,89030.0,146.0,PRNr,,7.0,240.0,240.0,0.0048,P,ERS,1.0,14340.0,46.0,1.0,14340.0,46.0,14340.0,46.0
2185,Medial paralemniscial nucleus,MPL,255.0,172.0,120.0,89040.0,1117.0,P-sat,,6.0,5218.0,5218.0,0.10436,P,MPL,8.0,201375.0,463.0,8.0,201375.0,463.0,25171.875,57.875
2186,"Perilemniscal nucleus, ventral part",PLV,255.0,172.0,120.0,89050.0,1117.0,P-sat,,6.0,3022.0,3022.0,0.06044,P,PLV,6.0,160683.0,411.0,6.0,160683.0,411.0,26780.5,68.5
238,Pontine raphÈ nucleus,PnR,255.0,172.0,115.0,89100.0,1117.0,P-sat,,6.0,1528.0,1528.0,0.03056,P,PnR,,0.0,0.0,0.0,0.0,0.0,,
855,"Medulla, leaf",MY_leaf,255.0,160.0,176.0,89400.0,354.0,MY,,5.0,46252.0,46252.0,0.92504,MY,misc,66.0,1599342.0,3458.0,66.0,1599342.0,3458.0,24232.454545454544,52.39393939393939
354,Medulla,MY,255.0,160.0,176.0,89400.0,1065.0,HB,,4.0,,1410676.0,28.21352,MY,MY,,0.0,0.0,1667.0,22451224.0,57955.0,13468.040791841631,34.76604679064187
386,"Medulla, sensory related",MY-sen,255.0,176.0,176.0,89500.0,354.0,MY,,5.0,,327194.0,6.54388,MY,MY-sen,,0.0,0.0,637.0,8632607.0,22198.0,13551.973312401884,34.84772370486656
207,Area postrema,AP,255.0,176.0,178.0,89600.0,386.0,MY-sen,,6.0,3328.0,3328.0,0.06656,MY,AP,,0.0,0.0,0.0,0.0,0.0,,
2274,Area subpostrema,SubP,255.0,176.0,178.0,89610.0,386.0,MY-sen,,6.0,686.0,686.0,0.01372,MY,SubP,,0.0,0.0,0.0,0.0,0.0,,
607,Cochlear nuclei,CN,255.0,176.0,177.0,89700.0,386.0,MY-sen,,6.0,,65934.0,1.31868,MY,CN,,0.0,0.0,213.0,3504939.0,8471.0,16455.11267605634,39.76995305164319
112,Granule cell layer of the cochlear nuclei,GrC (VCCap in 81),255.0,176.0,177.0,89800.0,607.0,CN,,7.0,8900.0,8900.0,0.178,MY,GrC (VCCap in 81),26.0,396382.0,995.0,26.0,396382.0,995.0,15245.461538461539,38.26923076923077
560,"Ventral cochlear nucleus, granule cell layer",VCAGr,255.0,176.0,177.0,89900.0,607.0,CN,,7.0,,0.0,0.0,MY,VCAGr,,0.0,0.0,0.0,0.0,0.0,,
96,Dorsal cochlear nucleus,DC,255.0,155.0,205.0,90000.0,607.0,CN,,7.0,,23030.0,0.4606,MY,DC,,0.0,0.0,53.0,835688.0,2031.0,15767.698113207547,38.320754716981135
1964,"Dorsal cochlear nucleus, leaf",DC_leaf,255.0,155.0,205.0,90000.0,96.0,DC,,8.0,5182.0,5182.0,0.10364,MY,misc,1.0,13798.0,44.0,1.0,13798.0,44.0,13798.0,44.0
2234,"Dorsal cochlear nucleus, molecular layer",DCMo,255.0,155.0,205.0,90010.0,96.0,DC,,8.0,7094.0,7094.0,0.14188,MY,o,31.0,538364.0,1220.0,31.0,538364.0,1220.0,17366.58064516129,39.354838709677416
2235,"Dorsal cochlear nucleus, fusiform layer",DCFu,255.0,155.0,205.0,90020.0,96.0,DC,,8.0,4648.0,4648.0,0.09296,MY,u,12.0,156161.0,439.0,12.0,156161.0,439.0,13013.416666666666,36.583333333333336
2236,"Dorsal cochlear nucleus, deep layer",DCDp,255.0,155.0,205.0,90030.0,96.0,DC,,8.0,6106.0,6106.0,0.12212,MY,p,9.0,127365.0,328.0,9.0,127365.0,328.0,14151.666666666666,36.44444444444444
101,Ventral cochlear nucleus,VC,255.0,155.0,205.0,90100.0,607.0,CN,,7.0,,34004.0,0.68008,MY,VC,,0.0,0.0,134.0,2272869.0,5445.0,16961.70895522388,40.634328358208954
2238,"Ventral cochlear nucleus, anterior part",VCA,255.0,155.0,205.0,90110.0,101.0,VC,,8.0,26312.0,26312.0,0.52624,MY,A,82.0,1566128.0,3536.0,82.0,1566128.0,3536.0,19099.121951219513,43.1219512195122
2237,"Ventral cochlear nucleus, posterior part",VCP,255.0,155.0,205.0,90120.0,101.0,VC,,8.0,3314.0,3314.0,0.06628,MY,P,5.0,74476.0,184.0,5.0,74476.0,184.0,14895.2,36.8
2243,"Ventral cochlear nucleus, posterior part, octopus cell area",VCPO,255.0,155.0,205.0,90130.0,101.0,VC,,8.0,4378.0,4378.0,0.08756,MY,PO,47.0,632265.0,1725.0,47.0,632265.0,1725.0,13452.446808510638,36.702127659574465
720,Dorsal column nuclei,DCN,255.0,177.0,176.0,90200.0,386.0,MY-sen,,6.0,,18310.0,0.3662,MY,DCN,,0.0,0.0,20.0,169410.0,554.0,8470.5,27.7
2512,"Cuneate nucleus, leaf",Cu_leaf,255.0,177.0,177.0,90300.0,711.0,Cu,,8.0,12946.0,12946.0,0.25892,MY,misc,20.0,169410.0,554.0,20.0,169410.0,554.0,8470.5,27.7
711,Cuneate nucleus,Cu,255.0,177.0,177.0,90300.0,720.0,DCN,,7.0,,16578.0,0.33156,MY,Cu,,0.0,0.0,20.0,169410.0,554.0,8470.5,27.7
2285,"Cuneate nucleus, dorsal part",CuD,255.0,177.0,177.0,90310.0,711.0,Cu,,8.0,706.0,706.0,0.01412,MY,D,,0.0,0.0,0.0,0.0,0.0,,
2278,"Cuneate nucleus, rotundus part",CuR,255.0,177.0,177.0,90320.0,711.0,Cu,,8.0,2926.0,2926.0,0.05852,MY,R,,0.0,0.0,0.0,0.0,0.0,,
1039,Gracile nucleus,Gr,255.0,177.0,178.0,90400.0,720.0,DCN,,7.0,1732.0,1732.0,0.03464,MY,Gr,,0.0,0.0,0.0,0.0,0.0,,
903,External cuneate nucleus,ECu,255.0,176.0,179.0,90500.0,386.0,MY-sen,,6.0,9868.0,9868.0,0.19736,MY,ECu,40.0,398649.0,1224.0,40.0,398649.0,1224.0,9966.225,30.6
642,Nucleus of the trapezoid body,Tz,255.0,176.0,181.0,90600.0,386.0,MY-sen,,6.0,8278.0,8278.0,0.16556,MY,Tz,6.0,102664.0,223.0,6.0,102664.0,223.0,17110.666666666668,37.166666666666664
2249,Trigeminal-solitary transition zone,5Sol,255.0,176.0,181.0,90610.0,386.0,MY-sen,,6.0,5032.0,5032.0,0.10064,MY,5Sol,6.0,57433.0,175.0,6.0,57433.0,175.0,9572.166666666666,29.166666666666668
1619,"Solitary nucleus, leaf",Sol_leaf,255.0,178.0,176.0,90700.0,651.0,Sol,,7.0,234.0,234.0,0.00468,MY,misc,,0.0,0.0,0.0,0.0,0.0,,
651,Solitary nucleus,Sol,255.0,178.0,176.0,90700.0,386.0,MY-sen,,6.0,,34920.0,0.6984,MY,Sol,,0.0,0.0,16.0,170608.0,491.0,10663.0,30.6875
659,"Solitary nucleus, central part",SolCe,255.0,178.0,177.0,90800.0,651.0,Sol,,7.0,718.0,718.0,0.01436,MY,Ce,,0.0,0.0,0.0,0.0,0.0,,
666,"Solitary nucleus, commissural part",SolC,255.0,178.0,178.0,90900.0,651.0,Sol,,7.0,2686.0,2686.0,0.05372,MY,C,,0.0,0.0,0.0,0.0,0.0,,
674,"Solitary nucleus, gelatinous part",SolG,255.0,178.0,179.0,91000.0,651.0,Sol,,7.0,870.0,870.0,0.0174,MY,G,,0.0,0.0,0.0,0.0,0.0,,
2250,"Solitary nucleus, intermediate part",SolIM,255.0,178.0,179.0,91010.0,651.0,Sol,,7.0,3168.0,3168.0,0.06336,MY,IM,,0.0,0.0,0.0,0.0,0.0,,
682,"Solitary nucleus, lateral part",SolL,255.0,178.0,180.0,91100.0,651.0,Sol,,7.0,4752.0,4752.0,0.09504,MY,L,2.0,39426.0,100.0,2.0,39426.0,100.0,19713.0,50.0
691,"Solitary nucleus, medial part",SolM,255.0,178.0,181.0,91200.0,651.0,Sol,,7.0,8338.0,8338.0,0.16676,MY,M,8.0,62718.0,201.0,8.0,62718.0,201.0,7839.75,25.125
2263,"Solitary nucleus, ventral part",SolV,255.0,178.0,181.0,91210.0,651.0,Sol,,7.0,4764.0,4764.0,0.09528,MY,V,4.0,38483.0,110.0,4.0,38483.0,110.0,9620.75,27.5
2273,"Solitary nucleus, ventrolateral part",SolVL,255.0,178.0,181.0,91220.0,651.0,Sol,,7.0,1880.0,1880.0,0.0376,MY,VL,,0.0,0.0,0.0,0.0,0.0,,
2271,"Solitary nucleus, dorsolateral part",SolDL,255.0,178.0,181.0,91230.0,651.0,Sol,,7.0,2580.0,2580.0,0.0516,MY,DL,,0.0,0.0,0.0,0.0,0.0,,
2264,"Solitary nucleus, dorsomedial part",SolDM,255.0,178.0,181.0,91240.0,651.0,Sol,,7.0,4052.0,4052.0,0.08104,MY,DM,2.0,29981.0,80.0,2.0,29981.0,80.0,14990.5,40.0
2265,"Solitary nucleus, interstitial part",SolI,255.0,178.0,181.0,91250.0,651.0,Sol,,7.0,598.0,598.0,0.01196,MY,I,,0.0,0.0,0.0,0.0,0.0,,
2470,"Soltary nucleus, rostrolateral part",SolRL,255.0,178.0,181.0,91260.0,651.0,Sol,,7.0,280.0,280.0,0.0056,MY,RL,,0.0,0.0,0.0,0.0,0.0,,
429,"Spinal trigeminal nucleus, caudal part",Sp5C,255.0,176.0,183.0,91300.0,386.0,MY-sen,,6.0,35906.0,35906.0,0.71812,MY,Sp5C,112.0,1203353.0,3451.0,112.0,1203353.0,3451.0,10744.223214285714,30.8125
437,"Spinal trigeminal nucleus, interpolar part",Sp5I,255.0,176.0,184.0,91400.0,386.0,MY-sen,,6.0,90494.0,90494.0,1.80988,MY,Sp5I,193.0,2638201.0,6579.0,193.0,2638201.0,6579.0,13669.435233160622,34.0880829015544
445,"Spinal trigeminal nucleus, oral part",Sp5O,255.0,176.0,182.0,91500.0,386.0,MY-sen,,6.0,,54144.0,1.08288,MY,Sp5O,,0.0,0.0,31.0,387350.0,1030.0,12495.161290322581,33.225806451612904
47,"Spinal trigeminal nucleus, oral part, leaf",Sp5O_leaf,255.0,176.0,182.0,91500.0,445.0,Sp5O,,7.0,27724.0,27724.0,0.55448,MY,misc,16.0,226764.0,541.0,16.0,226764.0,541.0,14172.75,33.8125
45,Dorsomedial spinal trigeminal nucleus,DMSp5,255.0,176.0,182.0,91900.0,445.0,Sp5O,,7.0,26420.0,26420.0,0.5284,MY,DMSp5,15.0,160586.0,489.0,15.0,160586.0,489.0,10705.733333333334,32.6
2270,Paratrigeminal nucleus,Pa5,255.0,176.0,182.0,92010.0,386.0,MY-sen,,6.0,294.0,294.0,0.00588,MY,Pa5,,0.0,0.0,0.0,0.0,0.0,,
370,"Medulla, motor related",MY-mot,255.0,212.0,219.0,92200.0,354.0,MY,,5.0,,1018320.0,20.3664,MY,MY-mot,,0.0,0.0,962.0,12163358.0,32179.0,12643.823284823286,33.45010395010395
1310,"Medulla, motor related, leaf",MY-mot_leaf,255.0,212.0,219.0,92200.0,370.0,MY-mot,,6.0,1584.0,1584.0,0.03168,MY,misc,7.0,127646.0,313.0,7.0,127646.0,313.0,18235.14285714286,44.714285714285715
2198,"Subcoeruleus nucleus, alpha part",SubCA,255.0,212.0,219.0,92210.0,370.0,MY-mot,,6.0,2656.0,2656.0,0.05312,MY,SubCA,1.0,31503.0,55.0,1.0,31503.0,55.0,31503.0,55.0
2199,"Subcoeruleus nucleus, dorsal part",SubCD,255.0,212.0,219.0,92220.0,370.0,MY-mot,,6.0,11980.0,11980.0,0.2396,MY,SubCD,5.0,28347.0,96.0,5.0,28347.0,96.0,5669.4,19.2
2200,"Subcoeruleus nucleus, ventral part",SubCV,255.0,212.0,219.0,92230.0,370.0,MY-mot,,6.0,24284.0,24284.0,0.48568,MY,SubCV,69.0,1187447.0,2856.0,69.0,1187447.0,2856.0,17209.376811594204,41.391304347826086
653,Abducens nucleus,6N,255.0,212.0,225.0,92300.0,370.0,MY-mot,,6.0,,2160.0,0.0432,MY,6N,,0.0,0.0,0.0,0.0,0.0,,
1983,"Abducens nucleus, leaf",6N_leaf,255.0,212.0,225.0,92300.0,653.0,6N,,7.0,766.0,766.0,0.01532,MY,misc,,0.0,0.0,0.0,0.0,0.0,,
2229,Paraabducens nucleus,Pa6,255.0,212.0,225.0,92310.0,653.0,6N,,7.0,1394.0,1394.0,0.02788,MY,Pa6,,0.0,0.0,0.0,0.0,0.0,,
2228,"Abducens nucleus, retractor bulbi part",6RB,255.0,212.0,226.0,92400.0,370.0,MY-mot,,6.0,592.0,592.0,0.01184,MY,6RB,,0.0,0.0,0.0,0.0,0.0,,
2509,"Facial nucleus, leaf",7N_leaf,255.0,212.0,234.0,92500.0,661.0,7N,,7.0,13428.0,13428.0,0.26856,MY,misc,10.0,182428.0,452.0,10.0,182428.0,452.0,18242.8,45.2
661,Facial nucleus,7N,255.0,212.0,234.0,92500.0,370.0,MY-mot,,6.0,,38610.0,0.7722,MY,7N,,0.0,0.0,21.0,434603.0,1135.0,20695.380952380954,54.04761904761905
2226,Perifacial zone,P7,255.0,212.0,234.0,92510.0,661.0,7N,,7.0,8758.0,8758.0,0.17516,MY,P7,8.0,104966.0,327.0,8.0,104966.0,327.0,13120.75,40.875
2462,"Facial nucleus, lateral subnucleus",7L,255.0,212.0,234.0,92520.0,661.0,7N,,7.0,3994.0,3994.0,0.07988,MY,L,3.0,147209.0,356.0,3.0,147209.0,356.0,49069.666666666664,118.66666666666667
2463,"Facial nucleus, dorsolateral subnucleus",7DL,255.0,212.0,234.0,92530.0,661.0,7N,,7.0,2076.0,2076.0,0.04152,MY,DL,,0.0,0.0,0.0,0.0,0.0,,
2464,"Facial nucleus, ventral intermediate subnucleus",7VI,255.0,212.0,234.0,92540.0,661.0,7N,,7.0,2106.0,2106.0,0.04212,MY,VI,,0.0,0.0,0.0,0.0,0.0,,
2465,"Facial nucleus, dorsal intermediate subnucleus",7DI,255.0,212.0,234.0,92550.0,661.0,7N,,7.0,3838.0,3838.0,0.07676,MY,DI,,0.0,0.0,0.0,0.0,0.0,,
2466,"Facial nucleus, dorsomedial subnucleus",7DM,255.0,212.0,234.0,92560.0,661.0,7N,,7.0,2352.0,2352.0,0.04704,MY,DM,,0.0,0.0,0.0,0.0,0.0,,
2467,"Facial nucleus, ventromedial subnucleus",7VM ,255.0,212.0,234.0,92570.0,661.0,7N,,7.0,2058.0,2058.0,0.04116,MY,VM,,0.0,0.0,0.0,0.0,0.0,,
576,"Facial motor nucleus, stylohyoid part",7SH,255.0,212.0,235.0,92600.0,370.0,MY-mot,,6.0,1152.0,1152.0,0.02304,MY,7SH,,0.0,0.0,0.0,0.0,0.0,,
640,Nucleus of the origin of efferents of the vestibular nerve,EVe,255.0,212.0,230.0,92700.0,370.0,MY-mot,,6.0,784.0,784.0,0.01568,MY,EVe,,0.0,0.0,0.0,0.0,0.0,,
2472,Ambiguus nucleus,Amb,255.0,212.0,216.0,92800.0,370.0,MY-mot,,6.0,,5330.0,0.1066,MY,Amb,,0.0,0.0,6.0,37376.0,124.0,6229.333333333333,20.666666666666668
135,"Ambiguus nucleus, compact part",AmbC,255.0,212.0,216.0,92810.0,2472.0,Amb,,7.0,3504.0,3504.0,0.07008,MY,AmbC,5.0,32234.0,106.0,5.0,32234.0,106.0,6446.8,21.2
2277,"Ambiguus nucleus, loose part",AmbL,255.0,212.0,216.0,92820.0,2472.0,Amb,,7.0,872.0,872.0,0.01744,MY,AmbL,,0.0,0.0,0.0,0.0,0.0,,
2471,Retroambiguus nucleus,Rambn,255.0,212.0,216.0,92830.0,2472.0,Amb,,7.0,954.0,954.0,0.01908,MY,Rambn,1.0,5142.0,18.0,1.0,5142.0,18.0,5142.0,18.0
839,Vagus nerve nucleus,10N,255.0,212.0,184.0,93100.0,370.0,MY-mot,,6.0,5148.0,5148.0,0.10296,MY,10N,1.0,6085.0,22.0,1.0,6085.0,22.0,6085.0,22.0
1974,"Gigantocellular reticular nucleus, leaf",Gi_leaf,255.0,212.0,187.0,93300.0,1048.0,Gi,,7.0,112484.0,112484.0,2.24968,MY,misc,10.0,69869.0,218.0,10.0,69869.0,218.0,6986.9,21.8
1048,Gigantocellular reticular nucleus,Gi,255.0,212.0,187.0,93300.0,370.0,MY-mot,,6.0,,132536.0,2.65072,MY,Gi,,0.0,0.0,10.0,69869.0,218.0,6986.9,21.8
2223,"Gigantocellular reticular nucleus, alpha part",GiA,255.0,212.0,187.0,93310.0,1048.0,Gi,,7.0,9492.0,9492.0,0.18984,MY,A,,0.0,0.0,0.0,0.0,0.0,,
2224,"Gigantocellular reticular nucleus, ventral part",GiV,255.0,212.0,187.0,93320.0,1048.0,Gi,,7.0,10560.0,10560.0,0.2112,MY,V,,0.0,0.0,0.0,0.0,0.0,,
83,Inferior olivary nucleus,IO,255.0,212.0,189.0,93500.0,370.0,MY-mot,,6.0,,38930.0,0.7786,MY,IO,,0.0,0.0,0.0,0.0,0.0,,
2508,"Inferior olivary nucleus, leaf",IO_leaf,255.0,212.0,189.0,93500.0,83.0,IO,,7.0,13862.0,13862.0,0.27724,MY,misc,,0.0,0.0,0.0,0.0,0.0,,
2253,"Inferior olive, subnucleus A of medial nucleus",IOA,255.0,212.0,189.0,93510.0,83.0,IO,,7.0,1196.0,1196.0,0.02392,MY,A,,0.0,0.0,0.0,0.0,0.0,,
2254,"Inferior olive, subnucleus B of medial nucleus",IOB,255.0,212.0,189.0,93520.0,83.0,IO,,7.0,4058.0,4058.0,0.08116,MY,B,,0.0,0.0,0.0,0.0,0.0,,
2255,"Inferior olive, subnucleus C of medial nucleus",IOC,255.0,212.0,189.0,93530.0,83.0,IO,,7.0,3670.0,3670.0,0.0734,MY,C,,0.0,0.0,0.0,0.0,0.0,,
2256,"Inferior olive, dorsal nucleus",IOD,255.0,212.0,189.0,93540.0,83.0,IO,,7.0,6334.0,6334.0,0.12668,MY,D,,0.0,0.0,0.0,0.0,0.0,,
2257,"Inferior olive, dorsomedial cell group",IODM,255.0,212.0,189.0,93550.0,83.0,IO,,7.0,1080.0,1080.0,0.0216,MY,DM,,0.0,0.0,0.0,0.0,0.0,,
2258,"Inferior olive, principal nucleus",IOPr,255.0,212.0,189.0,93560.0,83.0,IO,,7.0,4726.0,4726.0,0.09452,MY,Pr,,0.0,0.0,0.0,0.0,0.0,,
2259,"Inferior olive, ventrolateral protrusion",IOVL,255.0,212.0,189.0,93570.0,83.0,IO,,7.0,126.0,126.0,0.00252,MY,VL,,0.0,0.0,0.0,0.0,0.0,,
2260,"Inferior olive, cap of Kooy of the medial nucleus",IOK,255.0,212.0,189.0,93580.0,83.0,IO,,7.0,920.0,920.0,0.0184,MY,K,,0.0,0.0,0.0,0.0,0.0,,
2261,"Inferior olive, beta subnucleus of the medial nucleus",IOBe,255.0,212.0,189.0,93590.0,83.0,IO,,7.0,1274.0,1274.0,0.02548,MY,Be,,0.0,0.0,0.0,0.0,0.0,,
2262,"Inferior olive, medial nucleus",IOM,255.0,212.0,189.0,93595.0,83.0,IO,,7.0,1684.0,1684.0,0.03368,MY,M,,0.0,0.0,0.0,0.0,0.0,,
136,Intermediate reticular nucleus,IRt,255.0,212.0,187.0,93600.0,370.0,MY-mot,,6.0,,172238.0,3.44476,MY,IRt,,0.0,0.0,175.0,1976112.0,5280.0,11292.068571428572,30.17142857142857
1975,"Intermediate reticular nucleus, leaf",IRt_leaf,255.0,212.0,187.0,93600.0,136.0,IRt,,7.0,145866.0,145866.0,2.91732,MY,misc,156.0,1675944.0,4576.0,156.0,1675944.0,4576.0,10743.23076923077,29.333333333333332
2225,"Intermediate reticular nucleus, alpha part",IRtA,255.0,212.0,187.0,93610.0,136.0,IRt,,7.0,26372.0,26372.0,0.52744,MY,A,19.0,300168.0,704.0,19.0,300168.0,704.0,15798.315789473685,37.05263157894737
106,Inferior salivatory nucleus,IS,255.0,212.0,190.0,93700.0,370.0,MY-mot,,6.0,3046.0,3046.0,0.06092,MY,IS,4.0,25311.0,81.0,4.0,25311.0,81.0,6327.75,20.25
203,Linear nucleus of the hindbrain,Li,255.0,212.0,191.0,93800.0,370.0,MY-mot,,6.0,1392.0,1392.0,0.02784,MY,Li,1.0,12068.0,37.0,1.0,12068.0,37.0,12068.0,37.0
964,"Lateral reticular nucleus, leaf",LRt_leaf,255.0,212.0,193.0,93900.0,235.0,LRt,,7.0,19450.0,19450.0,0.389,MY,misc,1.0,8887.0,28.0,1.0,8887.0,28.0,8887.0,28.0
235,Lateral reticular nucleus,LRt,255.0,212.0,193.0,93900.0,370.0,MY-mot,,6.0,,19614.0,0.39228,MY,LRt,,0.0,0.0,1.0,8887.0,28.0,8887.0,28.0
963,"Lateral reticular nucleus, parvicellular part",LRtPC,255.0,212.0,193.0,94100.0,235.0,LRt,,7.0,164.0,164.0,0.00328,MY,PC,,0.0,0.0,0.0,0.0,0.0,,
1115,"Paramedian reticular nucleus, leaf",PMn_leaf,255.0,212.0,195.0,94300.0,395.0,PMn,,7.0,25282.0,25282.0,0.50564,MY,misc,2.0,14678.0,46.0,2.0,14678.0,46.0,7339.0,23.0
395,Paramedian reticular nucleus,PMn,255.0,212.0,195.0,94300.0,370.0,MY-mot,,6.0,,124952.0,2.49904,MY,PMn,,0.0,0.0,245.0,2674635.0,7188.0,10916.877551020409,29.33877551020408
1098,"Medullary reticular nucleus, dorsal part",MdD,255.0,212.0,195.0,94400.0,395.0,PMn,,7.0,54744.0,54744.0,1.09488,MY,D,242.0,2647591.0,7106.0,242.0,2647591.0,7106.0,10940.45867768595,29.363636363636363
1107,"Medullary reticular nucleus, ventral part",MdV,255.0,212.0,195.0,94500.0,395.0,PMn,,7.0,44926.0,44926.0,0.89852,MY,V,1.0,12366.0,36.0,1.0,12366.0,36.0,12366.0,36.0
1973,"Parvicellular reticular nucleus, leaf",PCRt_leaf,255.0,212.0,196.0,94600.0,852.0,PCRt,,7.0,59544.0,59544.0,1.19088,MY,misc,110.0,1322645.0,3431.0,110.0,1322645.0,3431.0,12024.045454545454,31.19090909090909
852,Parvicellular reticular nucleus,PCRt,255.0,212.0,196.0,94600.0,370.0,MY-mot,,6.0,,151634.0,3.03268,MY,PCRt,,0.0,0.0,246.0,3516106.0,8909.0,14293.113821138211,36.21544715447155
2214,"Parvicellular reticular nucleus, alpha part",PCRtA,255.0,212.0,196.0,94610.0,852.0,PCRt,,7.0,92090.0,92090.0,1.8418,MY,A,136.0,2193461.0,5478.0,136.0,2193461.0,5478.0,16128.389705882353,40.279411764705884
2211,Trigeminal transition zone,5Tr,255.0,212.0,196.0,94620.0,370.0,MY-mot,,6.0,4520.0,4520.0,0.0904,MY,5Tr,21.0,309799.0,885.0,21.0,309799.0,885.0,14752.333333333334,42.142857142857146
859,Parasolitary nucleus,PSol,255.0,212.0,197.0,94700.0,370.0,MY-mot,,6.0,1006.0,1006.0,0.02012,MY,PSol,,0.0,0.0,0.0,0.0,0.0,,
938,Lateral paragigantocellular nucleus,LPGi,255.0,212.0,198.0,94800.0,370.0,MY-mot,,6.0,,39812.0,0.79624,MY,LPGi,,0.0,0.0,6.0,58154.0,184.0,9692.333333333334,30.666666666666668
1398,"Lateral paragigantocellular nucleus, leaf",LPGi_leaf,255.0,212.0,198.0,94800.0,938.0,LPGi,,7.0,19162.0,19162.0,0.38324,MY,misc,5.0,51528.0,160.0,5.0,51528.0,160.0,10305.6,32.0
2248,"Lateral paragigantocellular nucleus, external part",LPGiE,255.0,212.0,198.0,94810.0,938.0,LPGi,,7.0,3958.0,3958.0,0.07916,MY,E,,0.0,0.0,0.0,0.0,0.0,,
970,Dorsal paragigantocellular nucleus,DPGi,255.0,212.0,198.0,94900.0,938.0,LPGi,,7.0,16692.0,16692.0,0.33384,MY,DPGi,1.0,6626.0,24.0,1.0,6626.0,24.0,6626.0,24.0
978,"Paragigantocellular reticular nucleus, lateral part",PGRNl,255.0,212.0,198.0,95000.0,938.0,LPGi,,7.0,,0.0,0.0,MY,PGRNl,,0.0,0.0,0.0,0.0,0.0,,
2252,Caudoventrolateral reticular nucleus,CVL,255.0,212.0,198.0,95010.0,370.0,MY-mot,,6.0,5256.0,5256.0,0.10512,MY,CVL,3.0,30195.0,94.0,3.0,30195.0,94.0,10065.0,31.333333333333332
2469,Rostroventrolateral reticular nucleus,RVL,255.0,212.0,198.0,95020.0,370.0,MY-mot,,6.0,498.0,498.0,0.00996,MY,RVL,,0.0,0.0,0.0,0.0,0.0,,
2269,Rostral ventral respiratory group,RVRG,255.0,212.0,198.0,95030.0,370.0,MY-mot,,6.0,2160.0,2160.0,0.0432,MY,RVRG,1.0,5018.0,19.0,1.0,5018.0,19.0,5018.0,19.0
2504,"Botzinger complex, leaf",Bo_leaf,255.0,212.0,198.0,95040.0,2468.0,Bo,,7.0,338.0,338.0,0.00676,MY,misc,,0.0,0.0,0.0,0.0,0.0,,
2468,Botzinger complex,Bo,255.0,212.0,198.0,95040.0,370.0,MY-mot,,6.0,,1892.0,0.03784,MY,Bo,,0.0,0.0,5.0,39597.0,128.0,7919.4,25.6
2251,Pre-Botzinger complex,PrBo,255.0,212.0,198.0,95050.0,2468.0,Bo,,7.0,1554.0,1554.0,0.03108,MY,PrBo,5.0,39597.0,128.0,5.0,39597.0,128.0,7919.4,25.6
154,Perihypoglossal nuclei,PHY,255.0,212.0,219.0,95100.0,370.0,MY-mot,,6.0,,22400.0,0.448,MY,PHY,,0.0,0.0,6.0,66052.0,195.0,11008.666666666666,32.5
2511,"Intercalated nucleus, leaf",In_leaf,255.0,212.0,219.0,95200.0,161.0,In,,8.0,2702.0,2702.0,0.05404,MY,misc,4.0,55755.0,168.0,4.0,55755.0,168.0,13938.75,42.0
161,Intercalated nucleus,In,255.0,212.0,219.0,95200.0,154.0,PHY,,7.0,,4118.0,0.08236,MY,In,,0.0,0.0,6.0,66052.0,195.0,11008.666666666666,32.5
2276,Intermedius nucleus of the medulla,InM,255.0,212.0,219.0,95210.0,161.0,In,,8.0,1416.0,1416.0,0.02832,MY,M,2.0,10297.0,27.0,2.0,10297.0,27.0,5148.5,13.5
177,Nucleus of Roller,Ro,255.0,212.0,221.0,95300.0,154.0,PHY,,7.0,2078.0,2078.0,0.04156,MY,Ro,,0.0,0.0,0.0,0.0,0.0,,
169,Prepositus nucleus,Pr,255.0,212.0,219.0,95400.0,154.0,PHY,,7.0,16204.0,16204.0,0.32408,MY,Pr,,0.0,0.0,0.0,0.0,0.0,,
1069,Parapyramidal nucleus,PPy,255.0,212.0,200.0,95600.0,370.0,MY-mot,,6.0,1586.0,1586.0,0.03172,MY,PPy,,0.0,0.0,0.0,0.0,0.0,,
701,Vestibulocerebellar nucleus,VeCb,255.0,212.0,201.0,95900.0,370.0,MY-mot,,6.0,,167178.0,3.34356,MY,VeCb,,0.0,0.0,52.0,584396.0,1758.0,11238.384615384615,33.80769230769231
889,"Vestibulocerebellar nucleus, leaf",VeCb_leaf,255.0,212.0,201.0,95900.0,701.0,VeCb,,7.0,6004.0,6004.0,0.12008,MY,misc,,0.0,0.0,0.0,0.0,0.0,,
217,Superior vestibular nucleus,SuVe,255.0,214.0,201.0,96000.0,701.0,VeCb,,7.0,17792.0,17792.0,0.35584,MY,SuVe,,0.0,0.0,0.0,0.0,0.0,,
209,Lateral vestibular nucleus,LVe,255.0,214.0,201.0,96050.0,701.0,VeCb,,7.0,16074.0,16074.0,0.32148,MY,LVe,,0.0,0.0,0.0,0.0,0.0,,
202,Medial vestibular nucleus,MVe,255.0,216.0,201.0,96100.0,701.0,VeCb,,7.0,,92432.0,1.84864,MY,MVe,,0.0,0.0,11.0,146731.0,426.0,13339.181818181818,38.72727272727273
1962,"Medial vestibular nucleus, leaf",MVe_leaf,255.0,216.0,201.0,96100.0,202.0,MVe,,8.0,16414.0,16414.0,0.32828,MY,misc,9.0,134337.0,387.0,9.0,134337.0,387.0,14926.333333333334,43.0
2232,"Medial vestibular nucleus, magnocellular part",MVeMC,255.0,216.0,201.0,96110.0,202.0,MVe,,8.0,27718.0,27718.0,0.55436,MY,MC,2.0,12394.0,39.0,2.0,12394.0,39.0,6197.0,19.5
2516,"Medial vestibular nucleus, parvicellular part, leaf",MVePC_leaf,255.0,216.0,201.0,96120.0,2233.0,MVePC,,9.0,25296.0,25296.0,0.50592,MY,misc,,0.0,0.0,0.0,0.0,0.0,,
2233,"Medial vestibular nucleus, parvicellular part",MVePC,255.0,216.0,201.0,96120.0,202.0,MVe,,8.0,,48300.0,0.966,MY,PC,,0.0,0.0,0.0,0.0,0.0,,
2368,"Medial vestibular nucleus, parvicellular part, dorsal",MVePd,255.0,216.0,201.0,96130.0,2233.0,MVePC,,9.0,14752.0,14752.0,0.29504,MY,d,,0.0,0.0,0.0,0.0,0.0,,
2369,"Medial vestibular nucleus, parvicellular part, ventral",MVePv,255.0,216.0,201.0,96140.0,2233.0,MVePC,,9.0,8252.0,8252.0,0.16504,MY,v,,0.0,0.0,0.0,0.0,0.0,,
225,Spinal vestibular nucleus,SpVe,255.0,212.0,201.0,96200.0,701.0,VeCb,,7.0,32980.0,32980.0,0.6596,MY,SpVe,34.0,357509.0,1073.0,34.0,357509.0,1073.0,10514.970588235294,31.558823529411764
2268,F cell group of the vestibular complex,FVe,255.0,212.0,201.0,96310.0,701.0,VeCb,,7.0,580.0,580.0,0.0116,MY,FVe,1.0,7140.0,21.0,1.0,7140.0,21.0,7140.0,21.0
2218,Paracochlear glial substance,PCGS,255.0,212.0,201.0,96320.0,701.0,VeCb,,7.0,1316.0,1316.0,0.02632,MY,PCGS,6.0,73016.0,238.0,6.0,73016.0,238.0,12169.333333333334,39.666666666666664
765,Nucleus X,X,255.0,212.0,202.0,96400.0,370.0,MY-mot,,6.0,5370.0,5370.0,0.1074,MY,X,5.0,87021.0,255.0,5.0,87021.0,255.0,17404.2,51.0
2267,Matrix region of the medulla,Mx,255.0,212.0,202.0,96410.0,370.0,MY-mot,,6.0,9226.0,9226.0,0.18452,MY,Mx,66.0,747649.0,2097.0,66.0,747649.0,2097.0,11328.015151515152,31.772727272727273
773,Hypoglossal nucleus,12N,255.0,212.0,192.0,96500.0,370.0,MY-mot,,6.0,17134.0,17134.0,0.34268,MY,12N,5.0,99482.0,222.0,5.0,99482.0,222.0,19896.4,44.4
2272,Central cervical nucleus of the spinal cord,CeCv,255.0,212.0,192.0,96510.0,370.0,MY-mot,,6.0,414.0,414.0,0.00828,MY,CeCv,,0.0,0.0,0.0,0.0,0.0,,
781,Nucleus Y of the vestibular complex,Y,255.0,212.0,203.0,96600.0,370.0,MY-mot,,6.0,1128.0,1128.0,0.02256,MY,Y,,0.0,0.0,0.0,0.0,0.0,,
379,"Medulla, behavioral state related",MY-sat,255.0,176.0,192.0,96800.0,354.0,MY,,5.0,,18910.0,0.3782,MY,MY-sat,,0.0,0.0,2.0,55917.0,120.0,27958.5,60.0
206,RaphÈ magnus nucleus,RMg,255.0,176.0,193.0,96900.0,379.0,MY-sat,,6.0,,14722.0,0.29444,MY,RMg,,0.0,0.0,1.0,13253.0,39.0,13253.0,39.0
1971,"RaphÈ magnus nucleus, leaf",RMg_leaf,255.0,176.0,193.0,96900.0,206.0,RMg,,7.0,12250.0,12250.0,0.245,MY,misc,1.0,13253.0,39.0,1.0,13253.0,39.0,13253.0,39.0
2212,RaphÈ interpositus nucleus,RIP,255.0,176.0,193.0,96910.0,206.0,RMg,,7.0,2472.0,2472.0,0.04944,MY,RIP,,0.0,0.0,0.0,0.0,0.0,,
230,RaphÈ pallidus nucleus,RPa,255.0,176.0,195.0,97000.0,379.0,MY-sat,,6.0,2886.0,2886.0,0.05772,MY,RPa,1.0,42664.0,81.0,1.0,42664.0,81.0,42664.0,81.0
222,RaphÈ obscurus nucleus,ROb,255.0,176.0,194.0,97100.0,379.0,MY-sat,,6.0,1302.0,1302.0,0.02604,MY,ROb,,0.0,0.0,0.0,0.0,0.0,,
0,,,,,,,,,,,,,,,,,355460783.0,892404.0,0.0,355460783.0,892404.0,inf,inf
6,,,,,,,,,,,,,,,,,3473372.0,8550.0,0.0,3473372.0,8550.0,inf,inf
62,,,,,,,,,,,,,,,,,165424.0,394.0,0.0,165424.0,394.0,inf,inf
85,,,,,,,,,,,,,,,,,661365.0,1560.0,0.0,661365.0,1560.0,inf,inf
86,,,,,,,,,,,,,,,,,45480.0,141.0,0.0,45480.0,141.0,inf,inf
93,,,,,,,,,,,,,,,,,664361.0,1677.0,0.0,664361.0,1677.0,inf,inf
98,,,,,,,,,,,,,,,,,2186239.0,6101.0,0.0,2186239.0,6101.0,inf,inf
102,,,,,,,,,,,,,,,,,4010005.0,10346.0,0.0,4010005.0,10346.0,inf,inf
103,,,,,,,,,,,,,,,,,6390169.0,16111.0,0.0,6390169.0,16111.0,inf,inf
117,,,,,,,,,,,,,,,,,11062.0,39.0,0.0,11062.0,39.0,inf,inf
125,,,,,,,,,,,,,,,,,19742293.0,40327.0,0.0,19742293.0,40327.0,inf,inf
153,,,,,,,,,,,,,,,,,450920.0,1060.0,0.0,450920.0,1060.0,inf,inf
190,,,,,,,,,,,,,,,,,5523.0,16.0,0.0,5523.0,16.0,inf,inf
336,,,,,,,,,,,,,,,,,30341.0,66.0,0.0,30341.0,66.0,inf,inf
341,,,,,,,,,,,,,,,,,50871.0,156.0,0.0,50871.0,156.0,inf,inf
396,,,,,,,,,,,,,,,,,119599.0,324.0,0.0,119599.0,324.0,inf,inf
413,,,,,,,,,,,,,,,,,120982.0,350.0,0.0,120982.0,350.0,inf,inf
436,,,,,,,,,,,,,,,,,782408.0,2164.0,0.0,782408.0,2164.0,inf,inf
443,,,,,,,,,,,,,,,,,1994199.0,4917.0,0.0,1994199.0,4917.0,inf,inf
449,,,,,,,,,,,,,,,,,74272.0,205.0,0.0,74272.0,205.0,inf,inf
466,,,,,,,,,,,,,,,,,2030198.0,4556.0,0.0,2030198.0,4556.0,inf,inf
482,,,,,,,,,,,,,,,,,606795.0,1434.0,0.0,606795.0,1434.0,inf,inf
521,,,,,,,,,,,,,,,,,105343.0,312.0,0.0,105343.0,312.0,inf,inf
530,,,,,,,,,,,,,,,,,16193.0,49.0,0.0,16193.0,49.0,inf,inf
579,,,,,,,,,,,,,,,,,11079190.0,27254.0,0.0,11079190.0,27254.0,inf,inf
584,,,,,,,,,,,,,,,,,2443492.0,6268.0,0.0,2443492.0,6268.0,inf,inf
595,,,,,,,,,,,,,,,,,311436.0,918.0,0.0,311436.0,918.0,inf,inf
603,,,,,,,,,,,,,,,,,1067297.0,2734.0,0.0,1067297.0,2734.0,inf,inf
611,,,,,,,,,,,,,,,,,6954.0,26.0,0.0,6954.0,26.0,inf,inf
624,,,,,,,,,,,,,,,,,2805.0,11.0,0.0,2805.0,11.0,inf,inf
658,,,,,,,,,,,,,,,,,1257893.0,3150.0,0.0,1257893.0,3150.0,inf,inf
665,,,,,,,,,,,,,,,,,22548358.0,54783.0,0.0,22548358.0,54783.0,inf,inf
681,,,,,,,,,,,,,,,,,32208.0,103.0,0.0,32208.0,103.0,inf,inf
690,,,,,,,,,,,,,,,,,387448.0,1161.0,0.0,387448.0,1161.0,inf,inf
697,,,,,,,,,,,,,,,,,5118466.0,12768.0,0.0,5118466.0,12768.0,inf,inf
728,,,,,,,,,,,,,,,,,64670.0,184.0,0.0,64670.0,184.0,inf,inf
751,,,,,,,,,,,,,,,,,171915.0,376.0,0.0,171915.0,376.0,inf,inf
794,,,,,,,,,,,,,,,,,263309.0,653.0,0.0,263309.0,653.0,inf,inf
802,,,,,,,,,,,,,,,,,567625.0,1602.0,0.0,567625.0,1602.0,inf,inf
838,,,,,,,,,,,,,,,,,634574.0,1609.0,0.0,634574.0,1609.0,inf,inf
850,,,,,,,,,,,,,,,,,40646.0,77.0,0.0,40646.0,77.0,inf,inf
900,,,,,,,,,,,,,,,,,593165.0,1425.0,0.0,593165.0,1425.0,inf,inf
908,,,,,,,,,,,,,,,,,511596.0,1418.0,0.0,511596.0,1418.0,inf,inf
916,,,,,,,,,,,,,,,,,1579556.0,3955.0,0.0,1579556.0,3955.0,inf,inf
924,,,,,,,,,,,,,,,,,8419008.0,20139.0,0.0,8419008.0,20139.0,inf,inf
940,,,,,,,,,,,,,,,,,3469312.0,9711.0,0.0,3469312.0,9711.0,inf,inf
971,,,,,,,,,,,,,,,,,263674.0,637.0,0.0,263674.0,637.0,inf,inf
986,,,,,,,,,,,,,,,,,35830.0,116.0,0.0,35830.0,116.0,inf,inf
1003,,,,,,,,,,,,,,,,,777096.0,2066.0,0.0,777096.0,2066.0,inf,inf
1016,,,,,,,,,,,,,,,,,15227145.0,35076.0,0.0,15227145.0,35076.0,inf,inf
1055,,,,,,,,,,,,,,,,,29964.0,83.0,0.0,29964.0,83.0,inf,inf
1060,,,,,,,,,,,,,,,,,35936.0,100.0,0.0,35936.0,100.0,inf,inf
1092,,,,,,,,,,,,,,,,,484147.0,1264.0,0.0,484147.0,1264.0,inf,inf
1108,,,,,,,,,,,,,,,,,51555.0,153.0,0.0,51555.0,153.0,inf,inf
1122,,,,,,,,,,,,,,,,,263698.0,629.0,0.0,263698.0,629.0,inf,inf
1274,,,,,,,,,,,,,,,,,1575879.0,3742.0,0.0,1575879.0,3742.0,inf,inf
2040,,,,,,,,,,,,,,,,,1692102.0,3725.0,0.0,1692102.0,3725.0,inf,inf
2109,,,,,,,,,,,,,,,,,354713.0,912.0,0.0,354713.0,912.0,inf,inf
2167,,,,,,,,,,,,,,,,,11778555.0,29254.0,0.0,11778555.0,29254.0,inf,inf
2169,,,,,,,,,,,,,,,,,2165782.0,5049.0,0.0,2165782.0,5049.0,inf,inf
2171,,,,,,,,,,,,,,,,,2398067.0,5488.0,0.0,2398067.0,5488.0,inf,inf
2275,,,,,,,,,,,,,,,,,31718.0,94.0,0.0,31718.0,94.0,inf,inf
2279,,,,,,,,,,,,,,,,,449277.0,1315.0,0.0,449277.0,1315.0,inf,inf
2317,,,,,,,,,,,,,,,,,16131316.0,44816.0,0.0,16131316.0,44816.0,inf,inf
2373,,,,,,,,,,,,,,,,,3337687.0,10210.0,0.0,3337687.0,10210.0,inf,inf
2461,,,,,,,,,,,,,,,,,51170.0,152.0,0.0,51170.0,152.0,inf,inf
2502,,,,,,,,,,,,,,,,,1412000.0,4060.0,0.0,1412000.0,4060.0,inf,inf
2503,,,,,,,,,,,,,,,,,2138202.0,5354.0,0.0,2138202.0,5354.0,inf,inf
