id,name,acronym,red,green,blue,structure_order,parent_id,parent_acronym,collapse,depth,counts,raw_cell_intensity,raw_cell_size,newcounts,newcellintensity,newcellsize,normalized_cellintensity,normalized_cellsize
0,background,background,0,0,0,0,,,,0,117127.0,5987246777.0,12688270.0,117127.0,5987246777.0,12688270.0,51117.5627908168,108.32916406977041
997,root,root,255,255,255,0,,,,0,,0.0,0.0,232792.0,11279932496.0,24809382.0,48454.98340149146,106.57317261761573
8,Basic cell groups and regions,grey,176,255,255,100,997.0,root,,1,,0.0,0.0,189787.0,9075773492.0,20135513.0,47820.83858220004,106.09532265118264
567,Cerebrum,CH,176,240,255,200,8.0,grey,,2,,0.0,0.0,115604.0,5336403895.0,12216988.0,46161.06618283104,105.67963046261374
688,Cerebral cortex,CTX,176,255,184,300,567.0,CH,,3,,0.0,0.0,103534.0,4716805325.0,10924768.0,45558.03238549655,105.51865087797245
695,Cortical plate,CTXpl,112,255,112,400,688.0,CTX,,4,,0.0,0.0,100151.0,4560109279.0,10567209.0,45532.33895817316,105.51276572375713
315,Isocortex,Isocortex,112,255,113,500,695.0,CTXpl,,5,,0.0,0.0,51548.0,2191968368.0,5320367.0,42522.85962597967,103.21189958873283
184,Frontal association cortex,FrA,112,255,113,600,315.0,Isocortex,,6,,0.0,0.0,2967.0,142841795.0,316255.0,48143.51027974385,106.59083249073137
68,"Frontal pole, layer 1",FrA-1,121,161,59,700,184.0,FrA,,7,2249.0,107483479.0,241947.0,2249.0,107483479.0,241947.0,47791.67585593597,107.57981325033349
667,"Frontal pole, layer 2/3",FrA-2/3,132,165,74,800,184.0,FrA,,7,339.0,17566532.0,36217.0,339.0,17566532.0,36217.0,51818.67846607669,106.83480825958702
2325,"Frontal pole, layer 5",FrA-5,132,165,74,810,184.0,FrA,,7,92.0,3849169.0,8426.0,92.0,3849169.0,8426.0,41838.79347826087,91.58695652173913
500,motor cortex,M,112,255,116,900,315.0,Isocortex,,6,,0.0,0.0,6650.0,284088726.0,654168.0,42720.10917293233,98.37112781954887
985,Primary motor cortex,M1,112,255,116,1500,500.0,M,,7,,0.0,0.0,1468.0,61401876.0,143173.0,41826.89100817439,97.52929155313352
320,"Primary motor cortex, layer 1",M1-1,112,255,116,1510,985.0,M1,,8,953.0,39111998.0,91732.0,953.0,39111998.0,91732.0,41040.92130115425,96.25603357817418
943,"Primary motor cortex, layer 2/3",M1-2/3,112,255,116,1520,985.0,M1,,8,90.0,3222005.0,7819.0,90.0,3222005.0,7819.0,35800.055555555555,86.87777777777778
648,"Primary motor cortex, layer 5",M1-5,112,255,116,1530,985.0,M1,,8,59.0,2362259.0,5877.0,59.0,2362259.0,5877.0,40038.28813559322,99.61016949152543
844,"Primary motor cortex, layer 6a",M1-6a,112,255,116,1540,985.0,M1,,8,164.0,6853759.0,15568.0,164.0,6853759.0,15568.0,41791.21341463415,94.92682926829268
882,"Primary motor cortex, layer 6b",M1-6b,112,255,116,1540,985.0,M1,,8,40.0,1595311.0,3812.0,40.0,1595311.0,3812.0,39882.775,95.3
2017,"Frontal cortex, area 3",FrC3,132,165,74,2010,985.0,M1,,8,,0.0,0.0,162.0,8256544.0,18365.0,50966.32098765432,113.3641975308642
2334,"Frontal cortex, area 3, layer1",FrC3-1,132,165,74,2020,2017.0,FrC3,,9,162.0,8256544.0,18365.0,162.0,8256544.0,18365.0,50966.32098765432,113.3641975308642
2335,"Frontal cortex, area 3, layer2/3",FrC3-2/3,132,165,74,2020,2017.0,FrC3,,9,,0.0,0.0,0.0,0.0,0.0,,
2336,"Frontal cortex, area 3, layer5",FrC3-5,132,165,74,2040,2017.0,FrC3,,9,,0.0,0.0,0.0,0.0,0.0,,
2337,"Frontal cortex, area 3, layer6a",FrC3-6a,132,165,74,2050,2017.0,FrC3,,9,,0.0,0.0,0.0,0.0,0.0,,
2351,"Frontal cortex, area 3, layer6b",FrC3-6b,132,165,74,2060,2017.0,FrC3,,9,,0.0,0.0,0.0,0.0,0.0,,
993,Secondary motor cortex,M2,112,255,116,2100,500.0,M,,7,,0.0,0.0,5182.0,222686850.0,510995.0,42973.147433423386,98.60961018911617
656,"Secondary motor cortex, layer 1",M2-1,63,147,68,2200,993.0,M2,,8,2665.0,119627098.0,272114.0,2665.0,119627098.0,272114.0,44888.21688555347,102.10656660412758
962,"Secondary motor cortex, layer 2/3",M2-2/3,83,152,86,2300,993.0,M2,,8,769.0,31760035.0,74205.0,769.0,31760035.0,74205.0,41300.43563068921,96.49544863459037
767,"Secondary motor cortex, layer 5",M2-5,101,157,97,2400,993.0,M2,,8,1172.0,47348104.0,110172.0,1172.0,47348104.0,110172.0,40399.40614334471,94.00341296928327
1021,"Secondary motor cortex, layer 6a",M2-6a,129,174,115,2500,993.0,M2,,8,553.0,22865174.0,52007.0,553.0,22865174.0,52007.0,41347.51175406871,94.04520795660036
1085,"Secondary motor cortex, layer 6b",M2-6b,139,178,127,2600,993.0,M2,,8,23.0,1086439.0,2497.0,23.0,1086439.0,2497.0,47236.47826086957,108.56521739130434
453,Somatosensory cortex,S,112,255,121,2700,315.0,Isocortex,,6,,0.0,0.0,9980.0,394627851.0,1006002.0,39541.86883767535,100.80180360721442
322,Primary somatosensory cortex,S1,112,255,121,2800,453.0,S,,7,,0.0,0.0,7523.0,289272557.0,731287.0,38451.75554964774,97.20683238069918
2338,"Primary somatosensory area, jaw",S1J,163,213,170,3410,322.0,S1,,8,,0.0,0.0,757.0,34649651.0,81253.0,45772.32628797887,107.33553500660501
2339,"Primary somatosensory area, jaw, layer 1",S1J-1,163,213,170,3420,2338.0,S1J,,9,724.0,33043299.0,77555.0,724.0,33043299.0,77555.0,45639.91574585636,107.12016574585635
2340,"Primary somatosensory area, jaw, layer 2/3",S1J-2/3,163,213,170,3430,2338.0,S1J,,9,3.0,191936.0,355.0,3.0,191936.0,355.0,63978.666666666664,118.33333333333333
2341,"Primary somatosensory area, jaw, layer 4",S1J-4,163,213,170,3440,2338.0,S1J,,9,1.0,93926.0,156.0,1.0,93926.0,156.0,93926.0,156.0
2342,"Primary somatosensory area, jaw, layer 5",S1J-5,163,213,170,3450,2338.0,S1J,,9,12.0,485929.0,1188.0,12.0,485929.0,1188.0,40494.083333333336,99.0
2343,"Primary somatosensory area, jaw, layer 6a",S1J-6a,163,213,170,3460,2338.0,S1J,,9,13.0,669566.0,1622.0,13.0,669566.0,1622.0,51505.07692307692,124.76923076923077
2344,"Primary somatosensory area, jaw, layer 6b",S1J-6b,163,213,170,3470,2338.0,S1J,,9,4.0,164995.0,377.0,4.0,164995.0,377.0,41248.75,94.25
793,"Primary somatosensory area, undefined, layer 1",S1-1,0,177,92,2900,322.0,S1,,8,,0.0,0.0,427.0,16703280.0,41891.0,39117.75175644028,98.10538641686183
346,"Primary somatosensory area, undefined, layer 2/3",S1-2/3,67,185,112,3000,793.0,S1-1,,9,24.0,1291229.0,2854.0,24.0,1291229.0,2854.0,53801.208333333336,118.91666666666667
865,"Primary somatosensory area, undefined, layer 4",S1-4,93,191,126,3100,793.0,S1-1,,9,7.0,194980.0,587.0,7.0,194980.0,587.0,27854.285714285714,83.85714285714286
921,"Primary somatosensory area, undefined, layer 5",S1-5,116,197,139,3200,793.0,S1-1,,9,19.0,891128.0,1986.0,19.0,891128.0,1986.0,46901.47368421053,104.52631578947368
686,"Primary somatosensory area, undefined, layer 6a",S1-6a,138,204,153,3300,793.0,S1-1,,9,36.0,1294065.0,3404.0,36.0,1294065.0,3404.0,35946.25,94.55555555555556
719,"Primary somatosensory area,, undefined, layer 6b",S1-6b,163,213,170,3400,793.0,S1-1,,9,26.0,789304.0,2095.0,26.0,789304.0,2095.0,30357.846153846152,80.57692307692308
329,"Primary somatosensory cortex, barrel field",S1BF,112,255,121,4200,322.0,S1,,8,,0.0,0.0,3196.0,118577389.0,297839.0,37101.811326658324,93.19117647058823
981,"Primary somatosensory cortex, barrel field, layer 1",S1BF-1,0,178,156,4300,329.0,S1BF,,9,2572.0,96963200.0,241063.0,2572.0,96963200.0,241063.0,37699.533437014,93.72589424572317
201,"Primary somatosensory cortex, barrel field, layer 2/3",S1BF-2/3,19,186,171,4400,329.0,S1BF,,9,326.0,11390873.0,29412.0,326.0,11390873.0,29412.0,34941.32822085889,90.22085889570552
1047,"Primary somatosensory cortex, barrel field, layer 4",S1BF-4,66,191,179,4500,329.0,S1BF,,9,50.0,1248799.0,4012.0,50.0,1248799.0,4012.0,24975.98,80.24
1070,"Primary somatosensory cortex, barrel field, layer 5 ",S1BF-5,93,197,188,4600,329.0,S1BF,,9,70.0,2058146.0,6069.0,70.0,2058146.0,6069.0,29402.085714285713,86.7
1038,"Primary somatosensory cortex, barrel field, layer 6a",S1BF-6a,117,203,197,4700,329.0,S1BF,,9,105.0,4197484.0,10248.0,105.0,4197484.0,10248.0,39976.038095238095,97.6
1062,"Primary somatosensory cortex, barrel field, layer 6b",S1BF-6b,143,211,208,4800,329.0,S1BF,,9,73.0,2718887.0,7035.0,73.0,2718887.0,7035.0,37245.02739726027,96.36986301369863
337,"Primary somatosensory cortex, hindlimb region",S1HL,112,255,121,4900,322.0,S1,,8,,0.0,0.0,240.0,8926126.0,22140.0,37192.191666666666,92.25
1030,"Primary somatosensory cortex, hindlimb region, layer 1",S1HL-1,0,177,142,5000,337.0,S1HL,,9,178.0,6453527.0,16131.0,178.0,6453527.0,16131.0,36255.769662921346,90.62359550561797
113,"Primary somatosensory cortex, hindlimb region, layer 2/3",S1HL-2/3,0,183,155,5100,337.0,S1HL,,9,13.0,462424.0,1133.0,13.0,462424.0,1133.0,35571.07692307692,87.15384615384616
1094,"Primary somatosensory cortex, hindlimb region, layer 4",S1HL-4,69,191,171,5200,337.0,S1HL,,9,5.0,134841.0,422.0,5.0,134841.0,422.0,26968.2,84.4
1128,"Primary somatosensory cortex, hindlimb region, layer 5",S1HL-5,96,196,179,5300,337.0,S1HL,,9,5.0,278219.0,593.0,5.0,278219.0,593.0,55643.8,118.6
478,"Primary somatosensory cortex, hindlimb region, layer 6a",S1HL-6a,119,202,188,5400,337.0,S1HL,,9,24.0,1009718.0,2301.0,24.0,1009718.0,2301.0,42071.583333333336,95.875
510,"Primary somatosensory cortex, hindlimb region, layer 6b",S1HL-6b,145,211,198,5500,337.0,S1HL,,9,15.0,587397.0,1560.0,15.0,587397.0,1560.0,39159.8,104.0
345,"Primary somatosensory cortex, upper lip region",S1ULp,112,255,121,5600,322.0,S1,,8,,0.0,0.0,1918.0,75855164.0,201661.0,39549.09489051095,105.14129301355578
878,"Primary somatosensory cortex, upper lip region, layer 1",S1ULp-1,0,173,94,5700,345.0,S1ULp,,9,1812.0,70977374.0,190484.0,1812.0,70977374.0,190484.0,39170.736203090506,105.12362030905078
657,"Primary somatosensory cortex, upper lip region, layer 2/3",S1ULp-2/3,20,180,107,5800,345.0,S1ULp,,9,41.0,1984066.0,4797.0,41.0,1984066.0,4797.0,48391.85365853659,117.0
950,"Primary somatosensory cortex, upper lip region, layer 4",S1ULp-4,66,185,120,5900,345.0,S1ULp,,9,4.0,110476.0,290.0,4.0,110476.0,290.0,27619.0,72.5
974,"Primary somatosensory cortex, upper lip region, layer 5",S1ULp-5,92,191,133,6000,345.0,S1ULp,,9,14.0,569789.0,1299.0,14.0,569789.0,1299.0,40699.21428571428,92.78571428571429
1102,"Primary somatosensory cortex, upper lip region, layer 6a",S1ULp-6a,115,197,146,6100,345.0,S1ULp,,9,28.0,1427730.0,3017.0,28.0,1427730.0,3017.0,50990.357142857145,107.75
2,"Primary somatosensory cortex, upper lip region, layer 6b",S1ULp-6b,137,205,161,6200,345.0,S1ULp,,9,19.0,785729.0,1774.0,19.0,785729.0,1774.0,41354.15789473684,93.36842105263158
2000,"Primary somatosensory cortex, dysgranular zone ",S1DZ,112,255,121,6210,322.0,S1,,8,,0.0,0.0,273.0,9910543.0,24749.0,36302.35531135531,90.65567765567765
2287,"Primary somatosensory cortex, dysgranular zone 1",S1DZ-1,112,255,121,6211,2000.0,S1DZ,,9,234.0,8540701.0,21143.0,234.0,8540701.0,21143.0,36498.72222222222,90.35470085470085
2288,"Primary somatosensory cortex, dysgranular zone 2/3",S1DZ-2/3,112,255,121,6212,2000.0,S1DZ,,9,16.0,584203.0,1487.0,16.0,584203.0,1487.0,36512.6875,92.9375
2289,"Primary somatosensory cortex, dysgranular zone 4",S1DZ-4,112,255,121,6213,2000.0,S1DZ,,9,5.0,123558.0,416.0,5.0,123558.0,416.0,24711.6,83.2
2290,"Primary somatosensory cortex, dysgranular zone 5",S1DZ-5,112,255,121,6214,2000.0,S1DZ,,9,6.0,155978.0,514.0,6.0,155978.0,514.0,25996.333333333332,85.66666666666667
2291,"Primary somatosensory cortex, dysgranular zone 6a",S1DZ-6a,112,255,121,6215,2000.0,S1DZ,,9,8.0,365528.0,826.0,8.0,365528.0,826.0,45691.0,103.25
2292,"Primary somatosensory cortex, dysgranular zone 6b",S1DZ-6b,112,255,121,6216,2000.0,S1DZ,,9,4.0,140575.0,363.0,4.0,140575.0,363.0,35143.75,90.75
2352,"Primary somatosensory cortex, oral dysgranular zone ",S1DZO,112,255,121,6220,322.0,S1,,8,,0.0,0.0,27.0,1091268.0,2585.0,40417.333333333336,95.74074074074075
2353,"Primary somatosensory cortex, oral dysgranular zone 1",S1DZO-1,112,255,121,6221,2352.0,S1DZO,,9,26.0,1009243.0,2433.0,26.0,1009243.0,2433.0,38817.03846153846,93.57692307692308
2354,"Primary somatosensory cortex, oral dysgranular zone 2/3",S1DZO-2/3,112,255,121,6222,2352.0,S1DZO,,9,,0.0,0.0,0.0,0.0,0.0,,
2355,"Primary somatosensory cortex, oral dysgranular zone 4",S1DZO-4,112,255,121,6223,2352.0,S1DZO,,9,,0.0,0.0,0.0,0.0,0.0,,
2356,"Primary somatosensory cortex, oral dysgranular zone 5",S1DZO-5,112,255,121,6224,2352.0,S1DZO,,9,,0.0,0.0,0.0,0.0,0.0,,
2357,"Primary somatosensory cortex, oral dysgranular zone 6a",S1DZO-6a,112,255,121,6225,2352.0,S1DZO,,9,,0.0,0.0,0.0,0.0,0.0,,
2358,"Primary somatosensory cortex, oral dysgranular zone 6b",S1DZO-6b,112,255,121,6226,2352.0,S1DZO,,9,1.0,82025.0,152.0,1.0,82025.0,152.0,82025.0,152.0
2041,"Primary somatosensory cortex, shoulder region",S1Sh,112,255,121,6230,322.0,S1,,8,,0.0,0.0,93.0,3032196.0,7471.0,32604.25806451613,80.33333333333333
2310,"Primary somatosensory cortex, shoulder region 1",S1Sh-1,112,255,121,6231,2041.0,S1Sh,,9,62.0,2076515.0,4827.0,62.0,2076515.0,4827.0,33492.17741935484,77.85483870967742
2311,"Primary somatosensory cortex, shoulder region 2/3",S1Sh-2/3,112,255,121,6232,2041.0,S1Sh,,9,10.0,231172.0,741.0,10.0,231172.0,741.0,23117.2,74.1
2312,"Primary somatosensory cortex, shoulder region 4",S1Sh-4,112,255,121,6233,2041.0,S1Sh,,9,7.0,176645.0,475.0,7.0,176645.0,475.0,25235.0,67.85714285714286
2313,"Primary somatosensory cortex, shoulder region 5",S1Sh-5,112,255,121,6234,2041.0,S1Sh,,9,4.0,173906.0,434.0,4.0,173906.0,434.0,43476.5,108.5
2314,"Primary somatosensory cortex, shoulder region 6a",S1Sh-6a,112,255,121,6235,2041.0,S1Sh,,9,5.0,126761.0,357.0,5.0,126761.0,357.0,25352.2,71.4
2315,"Primary somatosensory cortex, shoulder region 6b",S1Sh-6b,112,255,121,6236,2041.0,S1Sh,,9,5.0,247197.0,637.0,5.0,247197.0,637.0,49439.4,127.4
369,"Primary somatosensory cortex, forelimb region",S1FL,112,255,121,6300,322.0,S1,,8,,0.0,0.0,466.0,16072455.0,40571.0,34490.24678111588,87.06223175965665
450,"Primary somatosensory cortex, forelimb region, layer 1",S1FL-1,0,174,103,6400,369.0,S1FL,,9,443.0,15151522.0,38178.0,443.0,15151522.0,38178.0,34202.081264108354,86.18058690744921
854,"Primary somatosensory cortex, forelimb region, layer 2/3",S1FL-2/3,46,183,120,6500,369.0,S1FL,,9,17.0,714416.0,1676.0,17.0,714416.0,1676.0,42024.470588235294,98.58823529411765
577,"Primary somatosensory cortex, forelimb region, layer 4",S1FL-4,79,188,133,6600,369.0,S1FL,,9,,0.0,0.0,0.0,0.0,0.0,,
625,"Primary somatosensory cortex, forelimb region, layer 5",S1FL-5,103,194,147,6700,369.0,S1FL,,9,2.0,89819.0,295.0,2.0,89819.0,295.0,44909.5,147.5
945,"Primary somatosensory cortex, forelimb region, layer 6a",S1FL-6a,114,198,154,6800,369.0,S1FL,,9,3.0,102701.0,363.0,3.0,102701.0,363.0,34233.666666666664,121.0
1026,"Primary somatosensory cortex, forelimb region, layer 6b",S1FL-6b,124,201,162,6900,369.0,S1FL,,9,1.0,13997.0,59.0,1.0,13997.0,59.0,13997.0,59.0
361,"Primary somatosensory cortex, trunk region",S1Tr,112,255,121,7000,322.0,S1,,8,,0.0,0.0,126.0,4454485.0,11127.0,35353.055555555555,88.30952380952381
1006,"Primary somatosensory cortex, trunk region, layer 1",S1Tr-1,0,179,171,7100,361.0,S1Tr,,9,55.0,2164963.0,5057.0,55.0,2164963.0,5057.0,39362.96363636364,91.94545454545455
670,"Primary somatosensory cortex, trunk region, layer 2/3",S1Tr-2/3,0,185,179,7200,361.0,S1Tr,,9,34.0,1138128.0,2967.0,34.0,1138128.0,2967.0,33474.35294117647,87.26470588235294
1086,"Primary somatosensory cortex, trunk region, layer 4",S1Tr-4,63,192,187,7300,361.0,S1Tr,,9,7.0,198434.0,549.0,7.0,198434.0,549.0,28347.714285714286,78.42857142857143
1111,"Primary somatosensory cortex, trunk region, layer 5",S1Tr-5,91,197,197,7400,361.0,S1Tr,,9,10.0,277174.0,785.0,10.0,277174.0,785.0,27717.4,78.5
9,"Primary somatosensory cortex, trunk region, layer 6a",S1Tr-6a,115,203,207,7500,361.0,S1Tr,,9,12.0,400154.0,1018.0,12.0,400154.0,1018.0,33346.166666666664,84.83333333333333
461,"Primary somatosensory cortex, trunk region, layer 6b",S1Tr-6b,156,216,218,7600,361.0,S1Tr,,9,8.0,275632.0,751.0,8.0,275632.0,751.0,34454.0,93.875
378,Secondary somatosensory cortex,S2,112,255,121,7700,453.0,S,,7,,0.0,0.0,2457.0,105355294.0,274715.0,42879.647537647536,111.80911680911682
873,"Secondary somatosensory cortex, layer 1",S2-1,0,176,129,7800,378.0,S2,,8,2136.0,90160071.0,238769.0,2136.0,90160071.0,238769.0,42209.77106741573,111.78323970037454
806,"Secondary somatosensory cortex, layer 2/3",S2-2/3,0,180,135,7900,378.0,S2,,8,83.0,3734509.0,9328.0,83.0,3734509.0,9328.0,44994.0843373494,112.3855421686747
1035,"Secondary somatosensory cortex, layer 4",S2-4,40,184,141,8000,378.0,S2,,8,12.0,435661.0,1227.0,12.0,435661.0,1227.0,36305.083333333336,102.25
1090,"Secondary somatosensory cortex, layer 5",S2-5,74,190,155,8100,378.0,S2,,8,62.0,2679478.0,6693.0,62.0,2679478.0,6693.0,43217.3870967742,107.95161290322581
862,"Secondary somatosensory cortex, layer 6a",S2-6a,98,196,170,8200,378.0,S2,,8,93.0,5138791.0,11355.0,93.0,5138791.0,11355.0,55255.81720430108,122.09677419354838
893,"Secondary somatosensory cortex, layer 6b",S2-6b,121,202,179,8300,378.0,S2,,8,71.0,3206784.0,7343.0,71.0,3206784.0,7343.0,45165.971830985916,103.4225352112676
44,"Cingulate cortex, area 24a (infralimbic)",A24a (IL),112,255,104,8400,315.0,Isocortex,,6,,0.0,0.0,1465.0,67777745.0,156532.0,46264.67235494881,106.84778156996587
707,"Cingulate cortex, area 24a (infralimbic), layer 1",A24a (IL)-1,0,137,72,8500,44.0,A24a (IL),,7,159.0,8328202.0,18965.0,159.0,8328202.0,18965.0,52378.62893081761,119.27672955974843
747,"Cingulate cortex, area 24a (infralimbic), layer 2/3",A24a (IL)-2,13,142,83,8600,44.0,A24a (IL),,7,,0.0,0.0,0.0,0.0,0.0,,
556,"Cingulate cortex, area 24a (infralimbic), layer 4",A24a (IL)-2/3,50,146,93,8700,44.0,A24a (IL),,7,479.0,21494657.0,50576.0,479.0,21494657.0,50576.0,44874.02296450939,105.5866388308977
827,"Cingulate cortex, area 24a (infralimbic), layer 5",A24a (IL)-5,77,160,111,8800,44.0,A24a (IL),,7,538.0,23815287.0,55730.0,538.0,23815287.0,55730.0,44266.332713754644,103.58736059479554
1054,"Cingulate cortex, area 24a (infralimbic), layer 6a",A24a (IL)-6a,97,166,122,8900,44.0,A24a (IL),,7,252.0,12406303.0,27400.0,252.0,12406303.0,27400.0,49231.36111111111,108.73015873015873
1081,"Cingulate cortex, area 24a (infralimbic), layer 6b",A24a (IL)-6b,116,172,135,9000,44.0,A24a (IL),,7,37.0,1733296.0,3861.0,37.0,1733296.0,3861.0,46845.83783783784,104.35135135135135
1057,Dysgranular insular cortex,DI,112,255,105,9100,315.0,Isocortex,,6,,0.0,0.0,603.0,25873924.0,63833.0,42908.66334991708,105.85903814262024
36,"Dysgranular insular cortex, layer 1",DI-1,51,181,90,9200,1057.0,DI,,7,407.0,17661549.0,44431.0,407.0,17661549.0,44431.0,43394.469287469285,109.16707616707616
180,"Dysgranular insular cortex, layer 2/3",DI-2/3,82,187,112,9300,1057.0,DI,,7,5.0,235437.0,431.0,5.0,235437.0,431.0,47087.4,86.2
148,"Dysgranular insular cortex, layer 4",DI-4,106,193,125,9400,1057.0,DI,,7,2.0,82094.0,245.0,2.0,82094.0,245.0,41047.0,122.5
187,"Dysgranular insular cortex, layer 5",DI-5,127,200,138,9500,1057.0,DI,,7,59.0,2523939.0,5880.0,59.0,2523939.0,5880.0,42778.627118644064,99.66101694915254
638,"Dysgranular insular cortex, layer 6a",DI-6a,152,208,152,9600,1057.0,DI,,7,121.0,5051935.0,11958.0,121.0,5051935.0,11958.0,41751.52892561984,98.82644628099173
662,"Dysgranular insular cortex, layer 6b",DI-6b,175,218,179,9700,1057.0,DI,,7,9.0,318970.0,888.0,9.0,318970.0,888.0,35441.11111111111,98.66666666666667
677,Granular insular cortex,GI,112,255,100,9800,315.0,Isocortex,,6,,0.0,0.0,646.0,28034747.0,70944.0,43397.44117647059,109.82043343653251
897,"Granular insular cortex, layer 1",GI-1,0,155,91,9900,677.0,GI,,7,496.0,20207818.0,54154.0,496.0,20207818.0,54154.0,40741.5685483871,109.18145161290323
1106,"Granular insular cortex, layer 2/3",GI-2/3,42,163,106,10000,677.0,GI,,7,13.0,756597.0,1678.0,13.0,756597.0,1678.0,58199.769230769234,129.07692307692307
1010,"Granular insular cortex, layer 4",GI-4,70,168,118,10100,677.0,GI,,7,4.0,190037.0,430.0,4.0,190037.0,430.0,47509.25,107.5
1058,"Granular insular cortex, layer 5",GI-5,97,183,138,10200,677.0,GI,,7,55.0,2922713.0,6229.0,55.0,2922713.0,6229.0,53140.236363636366,113.25454545454545
857,"Granular insular cortex, layer 6a",GI-6a,108,186,144,10300,677.0,GI,,7,64.0,3406421.0,7126.0,64.0,3406421.0,7126.0,53225.328125,111.34375
849,"Granular insular cortex, layer 6b",GI-6b,117,189,152,10400,677.0,GI,,7,14.0,551161.0,1327.0,14.0,551161.0,1327.0,39368.642857142855,94.78571428571429
247,Auditory cortex,Au,120,255,120,10500,315.0,Isocortex,,6,,0.0,0.0,2927.0,120865602.0,317592.0,41293.33857191664,108.50427058421592
1011,"Secondary auditory cortex, dorsal area",AuD,120,255,120,10600,247.0,Au,,7,,0.0,0.0,857.0,32799639.0,85197.0,38272.624270711785,99.41306884480747
527,"Secondary auditory cortex, dorsal area, layer 1",AuD-1,0,157,125,10700,1011.0,AuD,,8,574.0,23112366.0,58213.0,574.0,23112366.0,58213.0,40265.44599303136,101.41637630662021
600,"Secondary auditory cortex, dorsal area, layer 2/3",AuD-2/3,0,163,137,10800,1011.0,AuD,,8,128.0,4867533.0,13036.0,128.0,4867533.0,13036.0,38027.6015625,101.84375
678,"Secondary auditory cortex, dorsal area, layer 4",AuD-4,63,170,151,10900,1011.0,AuD,,8,10.0,352509.0,1012.0,10.0,352509.0,1012.0,35250.9,101.2
252,"Secondary auditory cortex, dorsal area, layer 5",AuD-5,91,185,168,11000,1011.0,AuD,,8,19.0,708717.0,1762.0,19.0,708717.0,1762.0,37300.89473684211,92.73684210526316
156,"Secondary auditory cortex, dorsal area, layer 6a",AuD-6a,113,190,176,11100,1011.0,AuD,,8,93.0,2742461.0,8188.0,93.0,2742461.0,8188.0,29488.827956989247,88.04301075268818
243,"Secondary auditory cortex, dorsal area, layer 6b",AuD-16b,137,198,186,11200,1011.0,AuD,,8,33.0,1016053.0,2986.0,33.0,1016053.0,2986.0,30789.484848484848,90.48484848484848
1002,Primary auditory cortex,Au1,120,255,120,11300,247.0,Au,,7,,0.0,0.0,887.0,35374039.0,94894.0,39880.54002254792,106.98308906426156
735,"Primary auditory cortex, layer 1",Au1-1,0,157,114,11400,1002.0,Au1,,8,324.0,12377281.0,35064.0,324.0,12377281.0,35064.0,38201.484567901236,108.22222222222223
251,"Primary auditory cortex, layer 2/3",Au1-2/3,0,160,119,11500,1002.0,Au1,,8,161.0,6902297.0,16550.0,161.0,6902297.0,16550.0,42871.4099378882,102.79503105590062
816,"Primary auditory cortex, layer 4",Au1-4,37,164,125,11600,1002.0,Au1,,8,55.0,2392077.0,5723.0,55.0,2392077.0,5723.0,43492.30909090909,104.05454545454545
847,"Primary auditory cortex, layer 5",Au1-5,71,178,145,11700,1002.0,Au1,,8,132.0,5430159.0,14555.0,132.0,5430159.0,14555.0,41137.568181818184,110.26515151515152
954,"Primary auditory cortex, layer 6a",Au1-6a,93,184,160,11800,1002.0,Au1,,8,175.0,6809588.0,18828.0,175.0,6809588.0,18828.0,38911.93142857143,107.58857142857143
1005,"Primary auditory cortex, layer 6b",Au1-6b,115,190,168,11900,1002.0,Au1,,8,40.0,1462637.0,4174.0,40.0,1462637.0,4174.0,36565.925,104.35
1018,"Secondary auditory cortex, ventral area",AuV,120,255,120,12700,247.0,Au,,7,,0.0,0.0,1183.0,52691924.0,137501.0,44540.93322062553,116.23076923076923
959,"Secondary auditory cortex, ventral area, layer 1",AuV-1,0,156,102,12800,1018.0,AuV,,8,426.0,18551974.0,51179.0,426.0,18551974.0,51179.0,43549.234741784036,120.13849765258216
755,"Secondary auditory cortex, ventral area, layer 2/3",AuV-2/3,41,163,113,12900,1018.0,AuV,,8,202.0,10288945.0,24391.0,202.0,10288945.0,24391.0,50935.37128712871,120.74752475247524
990,"Secondary auditory cortex, ventral area, layer 4",AuV-4,70,168,124,13000,1018.0,AuV,,8,72.0,3115634.0,8087.0,72.0,3115634.0,8087.0,43272.694444444445,112.31944444444444
1023,"Secondary auditory cortex, ventral area, layer 5",AuV-5,96,183,144,13100,1018.0,AuV,,8,254.0,11325506.0,28957.0,254.0,11325506.0,28957.0,44588.606299212595,114.00393700787401
520,"Secondary auditory cortex, ventral area, layer 6a",AuV-6a,116,190,160,13200,1018.0,AuV,,8,193.0,7894526.0,20918.0,193.0,7894526.0,20918.0,40904.279792746114,108.38341968911917
598,"Secondary auditory cortex, ventral area, layer 6b",AuV-6b,127,193,168,13300,1018.0,AuV,,8,36.0,1515339.0,3969.0,36.0,1515339.0,3969.0,42092.75,110.25
669,Visual cortex,V,112,255,98,13400,315.0,Isocortex,,6,,0.0,0.0,7234.0,266121087.0,636533.0,36787.54312966547,87.991844069671
2170,"Secondary visual cortex, lateral area",V2L,108,173,178,14010,669.0,V,,7,,0.0,0.0,1586.0,57721814.0,146740.0,36394.58638083228,92.52206809583859
402,"Secondary visual cortex, lateral area, anterior region",V2La,112,255,98,14100,2170.0,V2L,,8,,0.0,0.0,862.0,31800917.0,79856.0,36892.0150812065,92.64037122969837
1074,"Secondary visual cortex, lateral area, anterior region, layer1",V2La-1,0,160,181,14200,402.0,V2La,,9,307.0,13715481.0,30715.0,307.0,13715481.0,30715.0,44675.8338762215,100.04885993485343
905,"Secondary visual cortex, lateral area, anterior region, layer2/3",V2La-2/3,0,161,189,14300,402.0,V2La,,9,168.0,6411910.0,15944.0,168.0,6411910.0,15944.0,38166.130952380954,94.9047619047619
1114,"Secondary visual cortex, lateral area, anterior region, layer4",V2La-4,0,161,197,14400,402.0,V2La,,9,29.0,1044614.0,2727.0,29.0,1044614.0,2727.0,36021.1724137931,94.03448275862068
233,"Secondary visual cortex, lateral area, anterior region, layer5",V2La-5,16,179,202,14500,402.0,V2La,,9,81.0,2619794.0,6877.0,81.0,2619794.0,6877.0,32343.135802469136,84.90123456790124
601,"Secondary visual cortex, lateral area, anterior region, layer6a",V2La-6a,105,193,212,14600,402.0,V2La,,9,176.0,5370952.0,15591.0,176.0,5370952.0,15591.0,30516.772727272728,88.58522727272727
649,"Secondary visual cortex, lateral area, anterior region, layer6b",V2La-6b,103,193,221,14700,402.0,V2La,,9,101.0,2638166.0,8002.0,101.0,2638166.0,8002.0,26120.455445544554,79.22772277227723
409,"Secondary visual cortex, lateral area, intermediate region",V2Li,112,255,98,14800,2170.0,V2L,,8,,0.0,0.0,384.0,13755822.0,36386.0,35822.453125,94.75520833333333
421,"Secondary visual cortex, lateral area, intermediate region, layer1",V2Li-1,0,159,158,14900,409.0,V2Li,,9,81.0,3633340.0,8365.0,81.0,3633340.0,8365.0,44856.049382716046,103.27160493827161
973,"Secondary visual cortex, lateral area, intermediate region, layer2/3",V2Li-2/3,0,159,165,15000,409.0,V2Li,,9,70.0,2654887.0,6423.0,70.0,2654887.0,6423.0,37926.95714285714,91.75714285714285
573,"Secondary visual cortex, lateral area, intermediate region, layer4",V2Li-4,0,161,173,15100,409.0,V2Li,,9,22.0,750103.0,2102.0,22.0,750103.0,2102.0,34095.59090909091,95.54545454545455
613,"Secondary visual cortex, lateral area, intermediate region, layer5",V2Li-5,0,176,184,15200,409.0,V2Li,,9,71.0,2148050.0,6186.0,71.0,2148050.0,6186.0,30254.225352112677,87.12676056338029
74,"Secondary visual cortex, lateral area, intermediate region, layer6a",V2Li-6a,69,183,193,15300,409.0,V2Li,,9,127.0,4084597.0,12031.0,127.0,4084597.0,12031.0,32162.181102362203,94.73228346456693
121,"Secondary visual cortex, lateral area, intermediate region, layer6b",V2Li-6b,107,192,203,15400,409.0,V2Li,,9,13.0,484845.0,1279.0,13.0,484845.0,1279.0,37295.769230769234,98.38461538461539
425,"Secondary visual cortex, lateral area, posterior region",V2Lp,112,255,98,15500,2170.0,V2L,,8,,0.0,0.0,340.0,12165075.0,30498.0,35779.632352941175,89.7
750,"Secondary visual cortex, lateral area, posterior region, layer1",V2Lp-1,0,180,205,15600,425.0,V2Lp,,9,44.0,2308375.0,4983.0,44.0,2308375.0,4983.0,52463.068181818184,113.25
269,"Secondary visual cortex, lateral area, posterior region, layer2/3",V2Lp-2/3,0,181,214,15700,425.0,V2Lp,,9,63.0,2210575.0,5674.0,63.0,2210575.0,5674.0,35088.49206349206,90.06349206349206
869,"Secondary visual cortex, lateral area, posterior region, layer4",V2Lp-4,0,181,223,15800,425.0,V2Lp,,9,71.0,2387327.0,6131.0,71.0,2387327.0,6131.0,33624.32394366197,86.35211267605634
902,"Secondary visual cortex, lateral area, posterior region, layer15",V2Lp-5,2,190,215,15900,425.0,V2Lp,,9,117.0,3171005.0,9196.0,117.0,3171005.0,9196.0,27102.606837606836,78.5982905982906
377,"Secondary visual cortex, lateral area, posterior region, layer6a",V2Lp-6a,110,205,226,16000,425.0,V2Lp,,9,44.0,1980196.0,4372.0,44.0,1980196.0,4372.0,45004.454545454544,99.36363636363636
393,"Secondary visual cortex, lateral area, posterior region, layer6b",V2Lp-6b,107,205,236,16100,425.0,V2Lp,,9,1.0,107597.0,142.0,1.0,107597.0,142.0,107597.0,142.0
2096,"Secondary Visual Cortex, Medial area",V2M,107,205,236,16110,669.0,V,,7,,0.0,0.0,1589.0,63821783.0,145597.0,40164.74701069855,91.62806796727502
2097,"Secondary visual cortex, mediolateral area",V2ML,107,205,236,16120,2096.0,V2M,,8,,0.0,0.0,697.0,27574255.0,63100.0,39561.34146341463,90.53084648493544
2393,"Secondary visual cortex, mediolateral area, layer1",V2ML-1,107,205,236,16130,2097.0,V2ML,,9,406.0,16236239.0,36536.0,406.0,16236239.0,36536.0,39990.73645320197,89.99014778325123
2409,"Secondary visual cortex, mediolateral area, layer2/3",V2ML-2/3,107,205,236,16140,2097.0,V2ML,,9,107.0,3953499.0,9622.0,107.0,3953499.0,9622.0,36948.588785046726,89.92523364485982
2410,"Secondary visual cortex, mediolateral area, layer4",V2ML-4,107,205,236,16150,2097.0,V2ML,,9,14.0,576432.0,1271.0,14.0,576432.0,1271.0,41173.71428571428,90.78571428571429
2411,"Secondary visual cortex, mediolateral area, layer5",V2ML-5,107,205,236,16160,2097.0,V2ML,,9,61.0,2181168.0,5223.0,61.0,2181168.0,5223.0,35756.852459016394,85.62295081967213
2412,"Secondary visual cortex, mediolateral area, layer6a",V2ML-6a,107,205,236,16170,2097.0,V2ML,,9,67.0,2874929.0,6332.0,67.0,2874929.0,6332.0,42909.388059701494,94.50746268656717
2413,"Secondary visual cortex, mediolateral area, layer6b",V2ML-6b,107,205,236,16180,2097.0,V2ML,,9,42.0,1751988.0,4116.0,42.0,1751988.0,4116.0,41714.0,98.0
394,"Secondary visual cortex, mediomedial area, anterior region",V2MMa,112,255,98,16200,2096.0,V2M,,8,,0.0,0.0,184.0,6585372.0,15634.0,35790.065217391304,84.96739130434783
281,"Secondary visual cortex, mediomedial area, anterior region, layer1",V2MMa-1,0,141,139,16300,394.0,V2MMa,,9,112.0,4004224.0,9557.0,112.0,4004224.0,9557.0,35752.0,85.33035714285714
1066,"Secondary visual cortex, mediomedial area, anterior region, layer2/3",V2MMa-2/3,0,142,145,16400,394.0,V2MMa,,9,16.0,540061.0,1238.0,16.0,540061.0,1238.0,33753.8125,77.375
401,"Secondary visual cortex, mediomedial area, anterior region, layer4",V2MMa-4,0,143,152,16500,394.0,V2MMa,,9,,0.0,0.0,0.0,0.0,0.0,,
433,"Secondary visual cortex, mediomedial area, anterior region, layer5",V2MMa-5,0,158,163,16600,394.0,V2MMa,,9,3.0,81598.0,216.0,3.0,81598.0,216.0,27199.333333333332,72.0
1046,"Secondary visual cortex, mediomedial area, anterior region, layer6a",V2MMa-6a,64,164,172,16700,394.0,V2MMa,,9,41.0,1412810.0,3422.0,41.0,1412810.0,3422.0,34458.78048780488,83.46341463414635
441,"Secondary visual cortex, mediomedial area, anterior region, layer6b",V2MMa-6b,98,172,181,16800,394.0,V2MMa,,9,12.0,546679.0,1201.0,12.0,546679.0,1201.0,45556.583333333336,100.08333333333333
533,"Secondary visual cortex, mediomedial area, posterior region",V2MMp,112,255,98,16900,2096.0,V2M,,8,,0.0,0.0,708.0,29662156.0,66863.0,41895.700564971754,94.43926553672317
805,"Secondary visual cortex, mediomedial area, posterior region, layer1",V2MMp-1,0,174,184,17000,533.0,V2MMp,,9,606.0,25791215.0,57477.0,606.0,25791215.0,57477.0,42559.76072607261,94.84653465346534
41,"Secondary visual cortex, mediomedial area, posterior region, layer2/3",V2MMp-2/3,0,175,191,17100,533.0,V2MMp,,9,38.0,1393916.0,3352.0,38.0,1393916.0,3352.0,36682.0,88.21052631578948
501,"Secondary visual cortex, mediomedial area, posterior region, layer4",V2MMp-4,0,179,200,17200,533.0,V2MMp,,9,3.0,114669.0,280.0,3.0,114669.0,280.0,38223.0,93.33333333333333
565,"Secondary visual cortex, mediomedial area, posterior region, layer5",V2MMp-5,63,184,201,17300,533.0,V2MMp,,9,13.0,518680.0,1201.0,13.0,518680.0,1201.0,39898.46153846154,92.38461538461539
257,"Secondary visual cortex, mediomedial area, posterior region, layer6a",V2MMp-6a,93,188,201,17400,533.0,V2MMp,,9,43.0,1649629.0,4108.0,43.0,1649629.0,4108.0,38363.46511627907,95.53488372093024
469,"Secondary visual cortex, mediomedial area, posterior region, layer6b",V2MMp-6b,119,194,202,17500,533.0,V2MMp,,9,5.0,194047.0,445.0,5.0,194047.0,445.0,38809.4,89.0
385,Primary visual cortex,V1,112,255,98,17600,669.0,V,,7,,0.0,0.0,4059.0,144577490.0,344196.0,35618.9923626509,84.79822616407982
593,"Primary visual cortex, layer1",V1-1,0,147,153,17700,385.0,V1,,8,582.0,20992231.0,47901.0,582.0,20992231.0,47901.0,36069.12542955326,82.30412371134021
821,"Primary visual cortex, layer2/3",V1-2/3,0,148,159,17800,385.0,V1,,8,190.0,6075885.0,15702.0,190.0,6075885.0,15702.0,31978.342105263157,82.6421052631579
721,"Primary visual cortex, layer4",V1-4,17,151,167,17900,385.0,V1,,8,65.0,1910071.0,5005.0,65.0,1910071.0,5005.0,29385.707692307693,77.0
778,"Primary visual cortex, layer5",V1-5,60,163,177,18000,385.0,V1,,8,84.0,3271008.0,8648.0,84.0,3271008.0,8648.0,38940.57142857143,102.95238095238095
33,"Primary visual cortex, layer6a",V1-6a,85,168,178,18100,385.0,V1,,8,101.0,3457576.0,8878.0,101.0,3457576.0,8878.0,34233.425742574254,87.9009900990099
305,"Primary visual cortex, layer6b",V1-6b,107,173,178,18200,385.0,V1,,8,59.0,1867409.0,5082.0,59.0,1867409.0,5082.0,31651.0,86.13559322033899
2098,"Primary visual cortex, monocular area",V1M,112,255,98,18210,385.0,V1,,8,,0.0,0.0,1572.0,57089346.0,132988.0,36316.37786259542,84.59796437659033
2428,"Primary visual cortex, monocular area, layer1",V1M-1,112,255,98,18220,2098.0,V1M,,9,794.0,30518710.0,67340.0,794.0,30518710.0,67340.0,38436.66246851385,84.81108312342569
2429,"Primary visual cortex, monocular area, layer2/3",V1M-2/3,112,255,98,18230,2098.0,V1M,,9,191.0,7571204.0,17239.0,191.0,7571204.0,17239.0,39639.811518324605,90.2565445026178
2430,"Primary visual cortex, monocular area, layer4",V1M-4,112,255,98,18240,2098.0,V1M,,9,38.0,1156473.0,2918.0,38.0,1156473.0,2918.0,30433.5,76.78947368421052
2431,"Primary visual cortex, monocular area, layer5",V1M-5,112,255,98,18250,2098.0,V1M,,9,112.0,3702014.0,9492.0,112.0,3702014.0,9492.0,33053.69642857143,84.75
2432,"Primary visual cortex, monocular area, layer6a",V1M-6a,112,255,98,18260,2098.0,V1M,,9,243.0,7900494.0,19782.0,243.0,7900494.0,19782.0,32512.320987654322,81.4074074074074
2433,"Primary visual cortex, monocular area, layer16b",V1M-6b,112,255,98,18270,2098.0,V1M,,9,194.0,6240451.0,16217.0,194.0,6240451.0,16217.0,32167.27319587629,83.59278350515464
2133,"Primary visual cortex, binocular area",V1B,112,255,98,18280,385.0,V1,,8,,0.0,0.0,1381.0,49260651.0,118123.0,35670.27588703838,85.53439536567704
2434,"Primary visual cortex, binocular area, layer1",V1B-1,112,255,98,18290,2133.0,V1B,,9,486.0,21490429.0,43735.0,486.0,21490429.0,43735.0,44218.989711934155,89.98971193415638
2435,"Primary visual cortex, binocular area, layer2/3",V1B-2/3,112,255,98,18291,2133.0,V1B,,9,177.0,5873666.0,15248.0,177.0,5873666.0,15248.0,33184.55367231638,86.14689265536722
2436,"Primary visual cortex, binocular area, layer4",V1B-4,112,255,98,18292,2133.0,V1B,,9,38.0,1306580.0,3119.0,38.0,1306580.0,3119.0,34383.68421052631,82.07894736842105
2437,"Primary visual cortex, binocular area, layer5",V1B-5,112,255,98,18293,2133.0,V1B,,9,105.0,3033159.0,8175.0,105.0,3033159.0,8175.0,28887.22857142857,77.85714285714286
2438,"Primary visual cortex, binocular area, layer6a",V1B-6a,112,255,98,18294,2133.0,V1B,,9,409.0,12884756.0,34725.0,409.0,12884756.0,34725.0,31503.070904645476,84.90220048899755
2439,"Primary visual cortex, binocular area, layer6b",V1B-6b,112,255,98,18295,2133.0,V1B,,9,166.0,4672061.0,13121.0,166.0,4672061.0,13121.0,28144.94578313253,79.0421686746988
31,Cingulate cortex,A24 (Cg),112,255,113,18300,315.0,Isocortex,,6,,0.0,0.0,1745.0,81204027.0,183753.0,46535.259025787964,105.3025787965616
2345,"Cingulate cortex, area 24b ",A24b (Cg1),169,203,142,18810,31.0,A24 (Cg),,7,,0.0,0.0,1596.0,75497240.0,168761.0,47304.0350877193,105.73997493734336
2346,"Cingulate cortex, area 24b, layer1",A24b (Cg1)-1,169,203,142,18820,2345.0,A24b (Cg1),,8,219.0,10964330.0,25536.0,219.0,10964330.0,25536.0,50065.43378995434,116.6027397260274
2347,"Cingulate cortex, area 24b, layer2/3",A24b (Cg1)-2/3,169,203,142,18830,2345.0,A24b (Cg1),,8,572.0,30377875.0,62959.0,572.0,30377875.0,62959.0,53108.17307692308,110.06818181818181
2348,"Cingulate cortex, area 24b, layer5",A24b (Cg1)-5,169,203,142,18840,2345.0,A24b (Cg1),,8,506.0,22074876.0,50596.0,506.0,22074876.0,50596.0,43626.2371541502,99.99209486166008
2349,"Cingulate cortex, area 24b, layer6a",A24b (Cg1)-6a,169,203,142,18850,2345.0,A24b (Cg1),,8,289.0,11521115.0,28610.0,289.0,11521115.0,28610.0,39865.44982698962,98.99653979238754
2350,"Cingulate cortex, area 24b, layer6b",A24b (Cg1)-6b,169,203,142,18860,2345.0,A24b (Cg1),,8,10.0,559044.0,1060.0,10.0,559044.0,1060.0,55904.4,106.0
39,"Cingulate cortex, area 24b'",A24b' (Cg1),113,255,113,18900,31.0,A24 (Cg),,7,,0.0,0.0,95.0,3485548.0,9855.0,36689.97894736842,103.73684210526316
935,"Cingulate cortex, area 24b', layer1",A24b' (Cg1)-1,96,170,75,19000,39.0,A24b' (Cg1),,8,64.0,2357999.0,6813.0,64.0,2357999.0,6813.0,36843.734375,106.453125
211,"Cingulate cortex, area 24b', layer2/3",A24b' (Cg1)-2/3,116,175,88,19100,39.0,A24b' (Cg1),,8,7.0,252016.0,613.0,7.0,252016.0,613.0,36002.28571428572,87.57142857142857
1015,"Cingulate cortex, area 24b', layer5",A24b' (Cg1)-5,137,183,108,19200,39.0,A24b' (Cg1),,8,6.0,237690.0,569.0,6.0,237690.0,569.0,39615.0,94.83333333333333
919,"Cingulate cortex, area 24b', layer6a",A24b' (Cg1)-6a,157,199,128,19300,39.0,A24b' (Cg1),,8,18.0,637843.0,1860.0,18.0,637843.0,1860.0,35435.72222222222,103.33333333333333
927,"Cingulate cortex, area 24b', layer6b",A24b' (Cg1)-6b,168,203,142,19400,39.0,A24b' (Cg1),,8,,0.0,0.0,0.0,0.0,0.0,,
48,"Cingulate cortex, area 24a'",A24a' (Cg2),114,255,113,19500,31.0,A24 (Cg),,7,,0.0,0.0,54.0,2221239.0,5137.0,41134.055555555555,95.12962962962963
588,"Cingulate cortex, area 24a', layer1",A24a' (Cg2)-1,109,191,85,19600,48.0,A24a' (Cg2),,8,13.0,687135.0,1449.0,13.0,687135.0,1449.0,52856.53846153846,111.46153846153847
296,"Cingulate cortex, area 24a', layer2/3",A24a' (Cg2)-2/3,131,198,100,19700,48.0,A24a' (Cg2),,8,10.0,590927.0,1137.0,10.0,590927.0,1137.0,59092.7,113.7
772,"Cingulate cortex, area 24a', layer5",A24a' (Cg2)-5,155,207,122,19800,48.0,A24a' (Cg2),,8,,0.0,0.0,0.0,0.0,0.0,,
810,"Cingulate cortex, area 24a', layer6a",A24a' (Cg2)-6a,167,212,136,19900,48.0,A24a' (Cg2),,8,28.0,871034.0,2292.0,28.0,871034.0,2292.0,31108.35714285714,81.85714285714286
819,"Cingulate cortex, area 24a', layer6b",A24a' (Cg2)-6b,178,217,152,20000,48.0,A24a' (Cg2),,8,3.0,72143.0,259.0,3.0,72143.0,259.0,24047.666666666668,86.33333333333333
972,"Cingulate cortex, area 32 (Prelimbic cortex)",A32 (PrL),112,255,118,20100,315.0,Isocortex,,6,,0.0,0.0,1966.0,92333539.0,207456.0,46965.177517802644,105.52187182095625
171,"Cingulate cortex, area 32 (Prelimbic cortex), layer1",A32 (PrL)-1,83,150,66,20200,972.0,A32 (PrL),,7,812.0,42196216.0,93660.0,812.0,42196216.0,93660.0,51965.78325123153,115.34482758620689
195,"Cingulate cortex, area 32 (Prelimbic cortex), layer2",A32 (PrL)-2,101,156,78,20300,972.0,A32 (PrL),,7,,0.0,0.0,0.0,0.0,0.0,,
304,"Cingulate cortex, area 32 (Prelimbic cortex), layer2/3",A32 (PrL)-2/3,121,163,95,20400,972.0,A32 (PrL),,7,410.0,18023901.0,41705.0,410.0,18023901.0,41705.0,43960.73414634146,101.71951219512195
363,"Cingulate cortex, area 32 (Prelimbic cortex), layer5",A32 (PrL)-5,140,178,114,20500,972.0,A32 (PrL),,7,628.0,25639343.0,59287.0,628.0,25639343.0,59287.0,40826.979299363054,94.40605095541402
84,"Cingulate cortex, area 32 (Prelimbic cortex), layer6a",A32 (PrL)-6a,150,182,127,20600,972.0,A32 (PrL),,7,116.0,6474079.0,12804.0,116.0,6474079.0,12804.0,55811.025862068964,110.37931034482759
132,"Cingulate cortex, area 32 (Prelimbic cortex), layer6b",A32 (PrL)-6b,160,187,142,20700,972.0,A32 (PrL),,7,,0.0,0.0,0.0,0.0,0.0,,
714,Orbital cortex,O,128,255,128,20800,315.0,Isocortex,,6,,0.0,0.0,2490.0,116393832.0,263503.0,46744.51084337349,105.82449799196787
723,Lateral orbital cortex,LO,127,255,128,21400,714.0,O,,7,,0.0,0.0,605.0,29125784.0,63549.0,48141.79173553719,105.0396694214876
448,"Lateral orbital cortex, layer1",LO-1,37,143,69,21500,723.0,LO,,8,233.0,11224814.0,24648.0,233.0,11224814.0,24648.0,48175.16738197425,105.78540772532189
412,"Lateral orbital cortex, layer2/3",LO-2/3,63,148,87,21600,723.0,LO,,8,207.0,9820595.0,21204.0,207.0,9820595.0,21204.0,47442.48792270532,102.43478260869566
630,"Lateral orbital cortex, layer5",LO-5,82,152,98,21700,723.0,LO,,8,92.0,4543505.0,9986.0,92.0,4543505.0,9986.0,49385.92391304348,108.54347826086956
440,"Lateral orbital cortex, layer6a",LO-6a,107,168,116,21800,723.0,LO,,8,8.0,476248.0,920.0,8.0,476248.0,920.0,59531.0,115.0
488,"Lateral orbital cortex, layer6b",LO-6b,128,175,128,21900,723.0,LO,,8,,0.0,0.0,0.0,0.0,0.0,,
731,Medial orbital cortex,MO,126,255,128,22000,714.0,O,,7,,0.0,0.0,1036.0,47422658.0,111916.0,45774.76640926641,108.02702702702703
484,"Medial orbital cortex, layer1",MO-1,102,155,63,22100,731.0,MO,,8,552.0,26559746.0,63410.0,552.0,26559746.0,63410.0,48115.48188405797,114.8731884057971
524,"Medial orbital cortex, layer2/3",MO-2/3,121,162,82,22200,731.0,MO,,8,,0.0,0.0,0.0,0.0,0.0,,
582,"Medial orbital cortex, layer5",MO-5,131,166,95,22300,731.0,MO,,8,244.0,9499355.0,23932.0,244.0,9499355.0,23932.0,38931.78278688525,98.08196721311475
620,"Medial orbital cortex, layer6a",MO-6a,150,181,113,22400,731.0,MO,,8,154.0,7524085.0,16049.0,154.0,7524085.0,16049.0,48857.694805194806,104.21428571428571
910,"Medial orbital cortex, layer6b",MO-6b,161,186,127,22500,731.0,MO,,8,7.0,303971.0,600.0,7.0,303971.0,600.0,43424.42857142857,85.71428571428571
738,Ventral orbital cortex,VO,125,255,128,22600,714.0,O,,7,,0.0,0.0,849.0,39845390.0,88038.0,46932.14369846879,103.69611307420494
2320,"Orbital cortex, ventral part, layer 1",VO-1,125,255,128,22610,738.0,VO,,8,353.0,15764159.0,36717.0,353.0,15764159.0,36717.0,44657.67422096317,104.01416430594901
2321,"Orbital cortex, ventral part, layer 2/3",VO-2/3,125,255,128,22620,738.0,VO,,8,299.0,14850729.0,31149.0,299.0,14850729.0,31149.0,49667.989966555186,104.17725752508362
2322,"Orbital cortex, ventral part, layer 5",VO-5,125,255,128,22630,738.0,VO,,8,100.0,5687875.0,11084.0,100.0,5687875.0,11084.0,56878.75,110.84
2323,"Orbital cortex, ventral part, layer 6a",VO-6a,125,255,128,22640,738.0,VO,,8,20.0,776312.0,1787.0,20.0,776312.0,1787.0,38815.6,89.35
2324,"Orbital cortex, ventral part, layer 6b",VO-6b,125,255,128,22650,738.0,VO,,8,5.0,261332.0,479.0,5.0,261332.0,479.0,52266.4,95.8
95,Agranular insular cortex,AI,112,255,114,23300,315.0,Isocortex,,6,,0.0,0.0,2778.0,136749668.0,304562.0,49225.94240460763,109.63354931605471
2331,"Agranular insular cortex, layer 1",AI1,112,255,114,23310,95.0,AI,,7,163.0,8537931.0,18092.0,163.0,8537931.0,18092.0,52379.94478527607,110.99386503067484
2332,"Agranular insular cortex, layer 2/3",AI2/3,112,255,114,23320,95.0,AI,,7,5.0,225003.0,435.0,5.0,225003.0,435.0,45000.6,87.0
2333,"Agranular insular cortex, layer 5",AI5,112,255,114,23330,95.0,AI,,7,1.0,46998.0,104.0,1.0,46998.0,104.0,46998.0,104.0
104,"Agranular insular cortex, dorsal part",AID,113,255,114,23400,95.0,AI,,7,,0.0,0.0,1372.0,69137604.0,150134.0,50391.839650145776,109.42711370262391
996,"Agranular insular cortex, dorsal part, layer1",AID-1,74,165,77,23500,104.0,AID,,8,570.0,26751288.0,59721.0,570.0,26751288.0,59721.0,46932.084210526315,104.77368421052631
328,"Agranular insular cortex, dorsal part, layer2/3",AID-2/3,95,171,97,23600,104.0,AID,,8,12.0,436819.0,1171.0,12.0,436819.0,1171.0,36401.583333333336,97.58333333333333
1101,"Agranular insular cortex, dorsal part, layer5",AID-5,114,177,110,23700,104.0,AID,,8,21.0,929994.0,2097.0,21.0,929994.0,2097.0,44285.42857142857,99.85714285714286
783,"Agranular insular cortex, dorsal part, layer6a",AID-6a,144,195,129,23800,104.0,AID,,8,64.0,3378975.0,7111.0,64.0,3378975.0,7111.0,52796.484375,111.109375
831,"Agranular insular cortex, dorsal part, layer6b",AID-6b,156,200,143,23900,104.0,AID,,8,,0.0,0.0,0.0,0.0,0.0,,
2020,Dorsolateral orbital cortex,DLO,156,200,143,23910,104.0,AID,,8,,0.0,0.0,705.0,37640528.0,80034.0,53390.81985815603,113.52340425531915
2326,"Dorsolateral orbital cortex, layer 1",DLO-1,156,200,143,23920,2020.0,DLO,,9,645.0,34991705.0,74044.0,645.0,34991705.0,74044.0,54250.70542635659,114.7968992248062
2327,"Dorsolateral orbital cortex, layer 2/3",DLO-2/3,156,200,143,23930,2020.0,DLO,,9,58.0,2534179.0,5745.0,58.0,2534179.0,5745.0,43692.74137931035,99.05172413793103
2328,Dorsolateral orbital cortex layer 5,DLO-5,156,200,143,23940,2020.0,DLO,,9,2.0,114644.0,245.0,2.0,114644.0,245.0,57322.0,122.5
2329,Dorsolateral orbital cortex layer 6a,DLO-6a,156,200,143,23950,2020.0,DLO,,9,,0.0,0.0,0.0,0.0,0.0,,
2330,Dorsolateral orbital cortex layer 6b,DLO-6b,156,200,143,23960,2020.0,DLO,,9,,0.0,0.0,0.0,0.0,0.0,,
111,"Agranular insular cortex, posterior part",AIP,111,255,114,24000,95.0,AI,,7,,0.0,0.0,208.0,8413014.0,22405.0,40447.182692307695,107.71634615384616
120,"Agranular insular cortex, posterior part, layer1",AIP-1,0,154,82,24100,111.0,AIP,,8,127.0,4900254.0,13789.0,127.0,4900254.0,13789.0,38584.67716535433,108.5748031496063
163,"Agranular insular cortex, posterior part, layer2/3",AIP-2/3,20,160,94,24200,111.0,AIP,,8,16.0,865607.0,1945.0,16.0,865607.0,1945.0,54100.4375,121.5625
344,"Agranular insular cortex, posterior part, layer5",AIP-5,59,165,106,24300,111.0,AIP,,8,18.0,713362.0,1813.0,18.0,713362.0,1813.0,39631.22222222222,100.72222222222223
314,"Agranular insular cortex, posterior part, layer6a",AIP-6a,87,180,124,24400,111.0,AIP,,8,47.0,1933791.0,4858.0,47.0,1933791.0,4858.0,41144.48936170213,103.36170212765957
355,"Agranular insular cortex, posterior part, layer6b",AIP-6b,108,186,137,24500,111.0,AIP,,8,,0.0,0.0,0.0,0.0,0.0,,
119,"Agranular insular cortex, ventral part",AIV,110,255,114,24600,95.0,AI,,7,,0.0,0.0,1029.0,50389118.0,113392.0,48969.016520894074,110.19630709426627
704,"Agranular insular cortex, ventral part, layer1",AIV-1,84,186,88,24700,119.0,AIV,,8,872.0,42909186.0,95853.0,872.0,42909186.0,95853.0,49207.78211009174,109.92316513761467
694,"Agranular insular cortex, ventral part, layer2/3",AIV-2/3,107,192,110,24800,119.0,AIV,,8,81.0,3371824.0,8039.0,81.0,3371824.0,8039.0,41627.456790123455,99.24691358024691
800,"Agranular insular cortex, ventral part, layer5",AIV-5,129,199,124,24900,119.0,AIV,,8,26.0,1684983.0,3680.0,26.0,1684983.0,3680.0,64807.03846153846,141.53846153846155
675,"Agranular insular cortex, ventral part, layer6a",AIV-6a,153,207,137,25000,119.0,AIV,,8,50.0,2423125.0,5820.0,50.0,2423125.0,5820.0,48462.5,116.4
699,"Agranular insular cortex, ventral part, layer6b",AIV-6b,166,213,152,25100,119.0,AIV,,8,,0.0,0.0,0.0,0.0,0.0,,
254,"Cingulate cortex, area 29 and 30 (retrosplenial cortex)",A29-30 (RS),112,255,120,25200,315.0,Isocortex,,6,,0.0,0.0,1302.0,51248451.0,132208.0,39361.329493087556,101.54224270353302
879,"Cingulate cortex, area 30 (Retrosplenial dysgranular cortex)",A30 (RSD),112,255,120,25900,254.0,A29-30 (RS),,7,,0.0,0.0,680.0,27392056.0,68520.0,40282.43529411765,100.76470588235294
442,"Cingulate cortex, area 30 (Retrosplenial dysgranular cortex), layer1",A30 (RSD)-1,0,139,89,26000,879.0,A30 (RSD),,8,548.0,21224122.0,55067.0,548.0,21224122.0,55067.0,38730.1496350365,100.48722627737226
434,"Cingulate cortex, area 30 (Retrosplenial dysgranular cortex), layer2/3",A30 (RSD)-2/3,34,145,99,26100,879.0,A30 (RSD),,8,14.0,896187.0,1795.0,14.0,896187.0,1795.0,64013.357142857145,128.21428571428572
545,"Cingulate cortex, area 30 (Retrosplenial dysgranular cortex), layer4",A30 (RSD)-4,35,145,99,26200,879.0,A30 (RSD),,8,,0.0,0.0,0.0,0.0,0.0,,
610,"Cingulate cortex, area 30 (Retrosplenial dysgranular cortex), layer5",A30 (RSD)-5,60,149,109,26300,879.0,A30 (RSD),,8,26.0,988229.0,2477.0,26.0,988229.0,2477.0,38008.807692307695,95.26923076923077
274,"Cingulate cortex, area 30 (Retrosplenial dysgranular cortex), layer6a",A30 (RSD)-6a,86,164,129,26400,879.0,A30 (RSD),,8,71.0,3303637.0,7018.0,71.0,3303637.0,7018.0,46530.09859154929,98.84507042253522
330,"Cingulate cortex, area 30 (Retrosplenial dysgranular cortex), layer6b",A30 (RSD)-6b,104,170,142,26500,879.0,A30 (RSD),,8,21.0,979881.0,2163.0,21.0,979881.0,2163.0,46661.0,103.0
886,"Cingulate cortex, area 29 (Retrosplenial granular cortex)",A29 (RSG),112,255,120,26600,254.0,A29-30 (RS),,7,,0.0,0.0,622.0,23856395.0,63688.0,38354.332797427654,102.39228295819936
2132,"Cingulate cortex, area 29c (Retrosplenial granular cortex c)",A29c (RSGc),112,255,120,26610,886.0,A29 (RSG),,8,,0.0,0.0,397.0,15128126.0,40862.0,38106.110831234255,102.92695214105794
542,"Cingulate cortex, area 29c (Retrosplenial granular cortex c), layer1",A29c (RSGc)-1,0,138,79,26700,2132.0,A29c (RSGc),,9,390.0,14736649.0,39978.0,390.0,14736649.0,39978.0,37786.27948717949,102.50769230769231
606,"Cingulate cortex, area 29c (Retrosplenial granular cortex c), layer2",A29c (RSGc)-2,35,145,94,26800,2132.0,A29c (RSGc),,9,,0.0,0.0,0.0,0.0,0.0,,
430,"Cingulate cortex, area 29c (Retrosplenial granular cortex c), layer2/3",A29c (RSGc)-2/3,61,149,104,26900,2132.0,A29c (RSGc),,9,3.0,201965.0,478.0,3.0,201965.0,478.0,67321.66666666667,159.33333333333334
687,"Cingulate cortex, area 29c (Retrosplenial granular cortex c), layer5",A29c (RSGc)-5,87,163,123,27000,2132.0,A29c (RSGc),,9,1.0,30318.0,107.0,1.0,30318.0,107.0,30318.0,107.0
590,"Cingulate cortex, area 29c (Retrosplenial granular cortex c), layer6a",A29c (RSGc)-6a,96,166,129,27100,2132.0,A29c (RSGc),,9,3.0,159194.0,299.0,3.0,159194.0,299.0,53064.666666666664,99.66666666666667
622,"Cingulate cortex, area 29c (Retrosplenial granular cortex c), layer6b",A29c (RSGc)-6b,105,169,135,27200,2132.0,A29c (RSGc),,9,,0.0,0.0,0.0,0.0,0.0,,
2066,"Cingulate cortex, area 29b (Retrosplenial granular cortex b)",A29b (RSGb),112,255,120,27210,886.0,A29 (RSG),,8,,0.0,0.0,185.0,6962899.0,18638.0,37637.291891891895,100.74594594594595
2416,"Cingulate cortex, area 29b (Retrosplenial granular cortex b), layer1",A29b (RSGb)-1,112,255,120,27220,2066.0,A29b (RSGb),,9,144.0,4864419.0,13825.0,144.0,4864419.0,13825.0,33780.6875,96.00694444444444
2417,"Cingulate cortex, area 29b (Retrosplenial granular cortex b), layer2/3",A29b (RSGb)-2/3,112,255,120,27230,2066.0,A29b (RSGb),,9,4.0,202496.0,496.0,4.0,202496.0,496.0,50624.0,124.0
2418,"Cingulate cortex, area 29b (Retrosplenial granular cortex b), layer5",A29b (RSGb)-5,112,255,120,27240,2066.0,A29b (RSGb),,9,13.0,671329.0,1533.0,13.0,671329.0,1533.0,51640.692307692305,117.92307692307692
2419,"Cingulate cortex, area 29b (Retrosplenial granular cortex b), layer6a",A29b (RSGb)-6a,112,255,120,27250,2066.0,A29b (RSGb),,9,16.0,751655.0,1817.0,16.0,751655.0,1817.0,46978.4375,113.5625
2420,"Cingulate cortex, area 29b (Retrosplenial granular cortex b), layer6b",A29b (RSGb)-6b,112,255,120,27260,2066.0,A29b (RSGb),,9,8.0,473000.0,967.0,8.0,473000.0,967.0,59125.0,120.875
2067,"Cingulate cortex, area 29a (Retrosplenial granular cortex a)",A29a (RSGa),112,255,120,27270,886.0,A29 (RSG),,8,,0.0,0.0,40.0,1765370.0,4188.0,44134.25,104.7
2421,"Cingulate cortex, area 29a (Retrosplenial granular cortex a), layer1",A29a (RSGa)-1,112,255,120,27280,2067.0,A29a (RSGa),,9,14.0,699479.0,1613.0,14.0,699479.0,1613.0,49962.78571428572,115.21428571428571
2422,"Cingulate cortex, area 29a (Retrosplenial granular cortex a), layer2/3",A29a (RSGa)-2/3,112,255,120,27290,2067.0,A29a (RSGa),,9,4.0,95323.0,295.0,4.0,95323.0,295.0,23830.75,73.75
2423,"Cingulate cortex, area 29a (Retrosplenial granular cortex a), layer5",A29a (RSGa)-5,112,255,120,27291,2067.0,A29a (RSGa),,9,7.0,292034.0,634.0,7.0,292034.0,634.0,41719.142857142855,90.57142857142857
2424,"Cingulate cortex, area 29a (Retrosplenial granular cortex a), layer6a",A29a (RSGa)-6a,112,255,120,27292,2067.0,A29a (RSGa),,9,14.0,579082.0,1414.0,14.0,579082.0,1414.0,41363.0,101.0
2425,"Cingulate cortex, area 29a (Retrosplenial granular cortex a), layer6b",A29a (RSGa)-6b,112,255,120,27293,2067.0,A29a (RSGa),,9,1.0,99452.0,232.0,1.0,99452.0,232.0,99452.0,232.0
22,parietal association cortex,PtA,112,255,119,27300,315.0,Isocortex,,6,,0.0,0.0,221.0,8205490.0,20992.0,37128.91402714932,94.98642533936652
2056,Medial parietal association cortex,MPtA,105,169,135,27910,22.0,PtA,,7,,0.0,0.0,79.0,2280598.0,6865.0,28868.32911392405,86.89873417721519
2381,"Medial parietal association cortex, layer 1",MPtA-1,105,169,135,27911,2056.0,MPtA,,8,65.0,1952050.0,5917.0,65.0,1952050.0,5917.0,30031.53846153846,91.03076923076924
2382,"Medial parietal association cortex, layer 2/3",MPtA-2,105,169,135,27912,2056.0,MPtA,,8,6.0,130622.0,438.0,6.0,130622.0,438.0,21770.333333333332,73.0
2383,"Medial parietal association cortex, layer 4",MPtA-4,105,169,135,27913,2056.0,MPtA,,8,,0.0,0.0,0.0,0.0,0.0,,
2384,"Medial parietal association cortex, layer 5",MPtA-5,105,169,135,27914,2056.0,MPtA,,8,3.0,95364.0,208.0,3.0,95364.0,208.0,31788.0,69.33333333333333
2385,"Medial parietal association cortex, layer 6a",MPtA-6a,105,169,135,27915,2056.0,MPtA,,8,1.0,35197.0,76.0,1.0,35197.0,76.0,35197.0,76.0
2386,"Medial parietal association cortex, layer 6b",MPtA-6b,105,169,135,27916,2056.0,MPtA,,8,4.0,67365.0,226.0,4.0,67365.0,226.0,16841.25,56.5
2057,Lateral parietal association cortex,LPtA,105,169,135,27920,22.0,PtA,,7,,0.0,0.0,76.0,3055972.0,7373.0,40210.15789473684,97.01315789473684
2387,"Lateral parietal association cortex, layer 1",LPtA-1,105,169,135,27921,2057.0,LPtA,,8,40.0,1769422.0,3966.0,40.0,1769422.0,3966.0,44235.55,99.15
2388,"Lateral parietal association cortex, layer 2/3",LPtA-2/3,105,169,135,27922,2057.0,LPtA,,8,16.0,524424.0,1422.0,16.0,524424.0,1422.0,32776.5,88.875
2389,"Lateral parietal association cortex, layer 4",LPtA-4,105,169,135,27923,2057.0,LPtA,,8,5.0,130659.0,420.0,5.0,130659.0,420.0,26131.8,84.0
2390,"Lateral parietal association cortex, layer 5",LPtA-5,105,169,135,27924,2057.0,LPtA,,8,1.0,23657.0,68.0,1.0,23657.0,68.0,23657.0,68.0
2391,"Lateral parietal association cortex, layer 6a",LPtA-6a,105,169,135,27925,2057.0,LPtA,,8,7.0,251141.0,712.0,7.0,251141.0,712.0,35877.28571428572,101.71428571428571
2392,"Lateral parietal association cortex, layer 6b",LPtA-6b,105,169,135,27926,2057.0,LPtA,,8,7.0,356669.0,785.0,7.0,356669.0,785.0,50952.71428571428,112.14285714285714
2082,"parietal cortex, posterior area, dorsal part",PtPD,112,255,119,27940,22.0,PtA,,7,,0.0,0.0,12.0,531060.0,1143.0,44255.0,95.25
2402,"Parietal cortex, posterior area, dorsal part, layer1",PtPD-1,112,255,119,27941,2082.0,PtPD,,8,1.0,101541.0,164.0,1.0,101541.0,164.0,101541.0,164.0
2403,"Parietal cortex, posterior area, dorsal part, layer2/3",PtPD-2/3,112,255,119,27942,2082.0,PtPD,,8,7.0,326946.0,732.0,7.0,326946.0,732.0,46706.57142857143,104.57142857142857
2404,"Parietal cortex, posterior area, dorsal part, layer4",PtPD-4,112,255,119,27943,2082.0,PtPD,,8,1.0,28886.0,62.0,1.0,28886.0,62.0,28886.0,62.0
2405,"Parietal cortex, posterior area, dorsal part, layer5",PtPD-5,112,255,119,27944,2082.0,PtPD,,8,3.0,73687.0,185.0,3.0,73687.0,185.0,24562.333333333332,61.666666666666664
2406,"Parietal cortex, posterior area, dorsal part, layer6a",PtPD-6a,112,255,119,27945,2082.0,PtPD,,8,,0.0,0.0,0.0,0.0,0.0,,
2407,"Parietal cortex, posterior area, dorsal part, layer6b",PtPD-6b,112,255,119,27946,2082.0,PtPD,,8,,0.0,0.0,0.0,0.0,0.0,,
541,Temporal association cortex,TeA ,112,255,122,28000,315.0,Isocortex,,6,,0.0,0.0,2833.0,120332464.0,319426.0,42475.27850335334,112.75185315919519
97,"Temporal association cortex, layer1",TeA-1,0,140,110,28100,541.0,TeA ,,7,622.0,29039680.0,78653.0,622.0,29039680.0,78653.0,46687.5884244373,126.45176848874598
1127,"Temporal association cortex, layer2/3",TeA-2/3,0,145,121,28200,541.0,TeA ,,7,322.0,14677432.0,36021.0,322.0,14677432.0,36021.0,45582.086956521736,111.86645962732919
234,"Temporal association cortex, layer4",TeA-4,56,151,133,28300,541.0,TeA ,,7,291.0,13031249.0,31916.0,291.0,13031249.0,31916.0,44780.92439862543,109.67697594501718
289,"Temporal association cortex, layer5",TeA-5,82,165,150,28400,541.0,TeA ,,7,832.0,33320683.0,90031.0,832.0,33320683.0,90031.0,40048.89783653846,108.21033653846153
729,"Temporal association cortex, layer6a",TeA-6a,102,170,157,28500,541.0,TeA ,,7,668.0,26303973.0,72394.0,668.0,26303973.0,72394.0,39377.20508982036,108.37425149700599
786,"Temporal association cortex, layer6b",TeA-6b,124,177,165,28600,541.0,TeA ,,7,92.0,3607034.0,9586.0,92.0,3607034.0,9586.0,39206.891304347824,104.19565217391305
922,Perihinal cortex,PRh,112,255,117,28700,315.0,Isocortex,,6,,0.0,0.0,2230.0,98202762.0,253222.0,44037.11300448431,113.55246636771301
335,"Perihinal cortex, layer6a",PRh-6a,79,166,164,28800,922.0,PRh,,7,381.0,16445769.0,41538.0,381.0,16445769.0,41538.0,43164.74803149606,109.02362204724409
368,"Perihinal cortex, layer6b",PRh-6b,99,171,173,28900,922.0,PRh,,7,53.0,2569362.0,6598.0,53.0,2569362.0,6598.0,48478.52830188679,124.49056603773585
2286,"Parietal cortex, posterior area, rostral part",PtPR,112,255,119,28930,22.0,PtA,,7,,0.0,0.0,54.0,2337860.0,5611.0,43293.7037037037,103.9074074074074
2396,"Parietal cortex, posterior area, rostral part, layer1",PtPR-1,112,255,119,28931,2286.0,PtPR,,8,16.0,715124.0,1632.0,16.0,715124.0,1632.0,44695.25,102.0
2397,"Parietal cortex, posterior area, rostral part, layer2/3",PtPR-2/3,112,255,119,28932,2286.0,PtPR,,8,14.0,704749.0,1701.0,14.0,704749.0,1701.0,50339.21428571428,121.5
2398,"Parietal cortex, posterior area, rostral part, layer4",PtPR-4,112,255,119,28933,2286.0,PtPR,,8,3.0,114672.0,260.0,3.0,114672.0,260.0,38224.0,86.66666666666667
2399,"Parietal cortex, posterior area, rostral part, layer5",PtPR-5,112,255,119,28934,2286.0,PtPR,,8,9.0,386550.0,951.0,9.0,386550.0,951.0,42950.0,105.66666666666667
2400,"Parietal cortex, posterior area, rostral part, layer6a",PtPR-6a,112,255,119,28935,2286.0,PtPR,,8,6.0,135860.0,411.0,6.0,135860.0,411.0,22643.333333333332,68.5
2401,"Parietal cortex, posterior area, rostral part, layer6b",PtPR-6b,112,255,119,28936,2286.0,PtPR,,8,6.0,280905.0,656.0,6.0,280905.0,656.0,46817.5,109.33333333333333
540,"Perihinal cortex, layer1",PRh-1,0,141,133,29000,922.0,PRh,,7,850.0,37946804.0,100094.0,850.0,37946804.0,100094.0,44643.29882352941,117.75764705882352
692,"Perihinal cortex, layer5",PRh-5,52,151,146,29100,922.0,PRh,,7,531.0,22958920.0,58039.0,531.0,22958920.0,58039.0,43237.13747645951,109.30131826741996
888,"Perihinal cortex, layer2/3",PRh-2/3,0,146,139,29200,922.0,PRh,,7,396.0,17188468.0,44191.0,396.0,17188468.0,44191.0,43405.22222222222,111.59343434343434
895,Ectorhinal cortex,Ect,112,255,115,29300,315.0,Isocortex,,6,,0.0,0.0,3511.0,157066658.0,413386.0,44735.5904300769,117.74024494446027
836,"Ectorhinal cortex, layer1",Ect-1,0,140,121,29400,895.0,Ect,,7,1702.0,78514356.0,211136.0,1702.0,78514356.0,211136.0,46130.64394829612,124.05170387779083
427,"Ectorhinal cortex, layer2/3",Ect-2/3,19,147,133,29500,895.0,Ect,,7,468.0,23214862.0,56572.0,468.0,23214862.0,56572.0,49604.405982905984,120.88034188034187
988,"Ectorhinal cortex, layer5",Ect-5,54,151,140,29600,895.0,Ect,,7,554.0,24605117.0,62009.0,554.0,24605117.0,62009.0,44413.56859205776,111.92960288808665
977,"Ectorhinal cortex, layer6a",Ect-6a,80,165,156,29700,895.0,Ect,,7,595.0,24220232.0,65905.0,595.0,24220232.0,65905.0,40706.27226890756,110.76470588235294
1045,"Ectorhinal cortex, layer6b",Ect-6b,101,171,165,29800,895.0,Ect,,7,82.0,2728446.0,7551.0,82.0,2728446.0,7551.0,33273.73170731707,92.08536585365853
698,Olfactory areas,OLF,144,255,144,29900,695.0,CTXpl,,5,,0.0,0.0,26438.0,1342734294.0,2840404.0,50788.04349799531,107.43641727816022
507,Main olfactory bulb,MOB,160,255,171,30000,698.0,OLF,,6,,0.0,0.0,6122.0,302206310.0,640120.0,49363.983992159425,104.56060111074812
212,Glomerular layer of the olfactory bulb,Gl,140,235,151,30100,507.0,MOB,,7,1901.0,95691322.0,206557.0,1901.0,95691322.0,206557.0,50337.36033666491,108.65702261967385
220,Granule cell layer of the olfactory bulb,GrO,110,205,121,30200,507.0,MOB,,7,1480.0,73533284.0,147160.0,1480.0,73533284.0,147160.0,49684.65135135135,99.43243243243244
228,Internal plxiform layer of the olfactory bulb,IPl,160,255,171,30300,507.0,MOB,,7,362.0,17627477.0,36287.0,362.0,17627477.0,36287.0,48694.687845303866,100.24033149171271
236,Mitral cell layer of the olfactory bulb,Mi,130,225,141,30400,507.0,MOB,,7,284.0,13773486.0,28692.0,284.0,13773486.0,28692.0,48498.19014084507,101.02816901408451
244,External plexiform layer of the olfactory bulb,EPl,160,255,171,30500,507.0,MOB,,7,2095.0,101580741.0,221424.0,2095.0,101580741.0,221424.0,48487.22720763723,105.69164677804297
151,Accessory olfactory bulb,AOB,160,255,176,30600,698.0,OLF,,6,,0.0,0.0,224.0,10891585.0,22763.0,48623.14732142857,101.62053571428571
188,Glomerular layer of the accessory olfactory bulb,GlA,140,235,156,30700,151.0,AOB,,7,61.0,3198067.0,6539.0,61.0,3198067.0,6539.0,52427.32786885246,107.19672131147541
196,Granule cell layer of the accessory olfactory bulb,GrA,110,205,126,30800,151.0,AOB,,7,11.0,451175.0,1101.0,11.0,451175.0,1101.0,41015.90909090909,100.0909090909091
204,Mitral cell layer of the accessory olfactory bulb,MiA,130,225,146,30900,151.0,AOB,,7,33.0,1475782.0,3202.0,33.0,1475782.0,3202.0,44720.666666666664,97.03030303030303
2021,External plexiform layer of the accessory olfactory b,EPIA,130,225,146,30910,151.0,AOB,,7,119.0,5766561.0,11921.0,119.0,5766561.0,11921.0,48458.49579831933,100.17647058823529
159,Anterior olfactory area,AO,144,255,184,31000,698.0,OLF,,6,,0.0,0.0,2074.0,104081259.0,214290.0,50183.82786885246,103.32208293153327
167,Anterior olfactory area dorsal part,AOD,192,255,200,31100,159.0,AO,,7,178.0,9900097.0,17888.0,178.0,9900097.0,17888.0,55618.52247191011,100.49438202247191
175,Anterior olfactory area external part,AOE,192,255,201,31200,159.0,AO,,7,9.0,508632.0,988.0,9.0,508632.0,988.0,56514.666666666664,109.77777777777777
160,"Anterior olfactory area, outer layer",AOOL,192,255,202,31250,159.0,AO,,7,844.0,44893610.0,90888.0,844.0,44893610.0,90888.0,53191.48104265403,107.68720379146919
183,Anterior olfactory area lateral part,AOL,192,255,202,31300,159.0,AO,,7,111.0,6772350.0,11995.0,111.0,6772350.0,11995.0,61012.16216216216,108.06306306306307
191,Anterior olfactory area medial part,AOM,192,255,203,31400,159.0,AO,,7,526.0,21644479.0,50038.0,526.0,21644479.0,50038.0,41149.19961977186,95.12927756653993
199,"Anterior olfactory area, posteroventral part",AOP/AOV,192,255,204,31500,159.0,AO,,7,,0.0,0.0,314.0,15849290.0,32617.0,50475.44585987261,103.87579617834395
2318,"Anterior olfactory area, ventral part",AOV,192,255,204,31510,199.0,AOP/AOV,,8,10.0,424667.0,919.0,10.0,424667.0,919.0,42466.7,91.9
2319,"Anterior olfactory area, posterior part",AOP,192,255,204,31520,199.0,AOP/AOV,,8,304.0,15424623.0,31698.0,304.0,15424623.0,31698.0,50738.89144736842,104.26973684210526
589,Taenia tecta,TT,160,255,160,31800,698.0,OLF,,6,,0.0,0.0,1960.0,97861971.0,216852.0,49929.57704081633,110.63877551020408
597,Dorsal tenia tecta,DTT,160,255,162,31900,589.0,TT,,7,23.0,1097219.0,2518.0,23.0,1097219.0,2518.0,47705.17391304348,109.47826086956522
1034,"Dorsal tenia tecta, layer 1",DTT1,160,255,162,32100,589.0,TT,,7,339.0,15076152.0,38115.0,339.0,15076152.0,38115.0,44472.42477876106,112.43362831858407
1042,"Dorsal tenia tecta, layer 2",DTT2,160,255,162,32200,589.0,TT,,7,47.0,1959975.0,4829.0,47.0,1959975.0,4829.0,41701.59574468085,102.74468085106383
1050,"Dorsal tenia tecta, layer 3",DTT3,160,255,162,32300,589.0,TT,,7,205.0,8304196.0,19763.0,205.0,8304196.0,19763.0,40508.27317073171,96.40487804878049
1059,"Dorsal tenia tecta, layer 4",DTT4,160,255,162,32400,589.0,TT,,7,9.0,272977.0,802.0,9.0,272977.0,802.0,30330.777777777777,89.11111111111111
605,Ventral tenia tecta,VTT,160,255,161,32500,589.0,TT,,7,17.0,948428.0,1846.0,17.0,948428.0,1846.0,55789.882352941175,108.58823529411765
1067,"Ventral tenia tecta, layer 1",VTT1,160,255,161,32700,589.0,TT,,7,1198.0,63271779.0,135048.0,1198.0,63271779.0,135048.0,52814.50667779633,112.72787979966611
1075,"Ventral tenia tecta, layer 2",VTT2,160,255,161,32800,589.0,TT,,7,64.0,3234958.0,7028.0,64.0,3234958.0,7028.0,50546.21875,109.8125
1082,"Ventral tenia tecta, layer 3",VTT3,160,255,161,32900,589.0,TT,,7,58.0,3696287.0,6903.0,58.0,3696287.0,6903.0,63729.08620689655,119.01724137931035
814,"Cingulate cortex, area 25 (dorsal peduncular cortex)",A25 (DP),112,255,125,33000,698.0,OLF,,6,,0.0,0.0,314.0,14182966.0,32322.0,45168.68152866242,102.93630573248407
496,"Cingulate cortex, area 25 (dorsal peduncular cortex), layer1",A25 (DP)-1,0,158,81,33100,814.0,A25 (DP),,7,40.0,1683567.0,4908.0,40.0,1683567.0,4908.0,42089.175,122.7
535,"Cingulate cortex, area 25 (dorsal peduncular cortex), layer2",A25 (DP)-2,60,164,99,33200,814.0,A25 (DP),,7,,0.0,0.0,0.0,0.0,0.0,,
360,"Cingulate cortex, area 25 (dorsal peduncular cortex), layer2/3",A25 (DP)-2/3,83,169,111,33300,814.0,A25 (DP),,7,104.0,4912976.0,10522.0,104.0,4912976.0,10522.0,47240.153846153844,101.17307692307692
646,"Cingulate cortex, area 25 (dorsal peduncular cortex), layer5",A25 (DP)-5,109,185,130,33400,814.0,A25 (DP),,7,156.0,6718923.0,15096.0,156.0,6718923.0,15096.0,43070.019230769234,96.76923076923077
267,"Cingulate cortex, area 25 (dorsal peduncular cortex), layer6a",A25 (DP)-6a,130,192,143,33500,814.0,A25 (DP),,7,14.0,867500.0,1796.0,14.0,867500.0,1796.0,61964.28571428572,128.28571428571428
2019,Dorsal transition zone,DTr,130,192,143,33510,814.0,A25 (DP),,7,,0.0,0.0,0.0,0.0,0.0,,
961,Piriform cortex,PIR,160,255,167,33600,698.0,OLF,,6,,0.0,0.0,10300.0,535335845.0,1134553.0,51974.35388349515,110.15077669902912
276,Piriform cortex 1,Pir1,160,255,167,33800,961.0,PIR,,7,6850.0,353321369.0,756303.0,6850.0,353321369.0,756303.0,51579.76189781022,110.40919708029197
284,Piriform cortex 2,Pir2,160,255,167,33900,961.0,PIR,,7,792.0,44303262.0,91440.0,792.0,44303262.0,91440.0,55938.46212121212,115.45454545454545
291,Piriform cortex 3,Pir3,160,255,167,34000,961.0,PIR,,7,1390.0,73595061.0,156647.0,1390.0,73595061.0,156647.0,52946.08705035971,112.69568345323741
2024,Cortex-amygdala transition zone,CxA,160,255,170,34010,961.0,PIR,,7,,0.0,0.0,1268.0,64116153.0,130163.0,50564.78943217666,102.65220820189275
2303,Cortex-amygdala transition zone Layer1,CxA1,160,255,170,34020,2024.0,CxA,,8,922.0,47389914.0,95717.0,922.0,47389914.0,95717.0,51399.039045553145,103.81453362255965
2304,Cortex-amygdala transition zone Layer2,CxA2,160,255,170,34030,2024.0,CxA,,8,305.0,15296945.0,31111.0,305.0,15296945.0,31111.0,50153.91803278688,102.00327868852459
2305,Cortex-amygdala transition zone Layer3,CxA3,160,255,170,34040,2024.0,CxA,,8,41.0,1429294.0,3335.0,41.0,1429294.0,3335.0,34860.829268292684,81.34146341463415
619,Nucleus of the lateral olfactory tract,LOT,160,255,170,34100,698.0,OLF,,6,,0.0,0.0,579.0,27269657.0,61429.0,47097.853195164076,106.09499136442142
260,Nucleus of the lateral olfactory tract 1,LOT1,160,255,170,34300,619.0,LOT,,7,418.0,19993873.0,44887.0,418.0,19993873.0,44887.0,47832.232057416266,107.38516746411483
268,Nucleus of the lateral olfactory tract 2,LOT2,160,255,170,34400,619.0,LOT,,7,16.0,515701.0,1276.0,16.0,515701.0,1276.0,32231.3125,79.75
1139,Nucleus of the lateral olfactory tract 3,LOT3,160,255,170,34500,619.0,LOT,,7,15.0,804168.0,1701.0,15.0,804168.0,1701.0,53611.2,113.4
631,cortical amygdaloid nucleus,CO,160,255,177,34600,698.0,OLF,,6,,0.0,0.0,3506.0,177478225.0,370303.0,50621.28494010268,105.61979463776383
639,Anterior cortical amygdaloid nucleus,ACo ,160,255,178,34700,631.0,CO,,7,,0.0,0.0,1107.0,52629140.0,110569.0,47542.131887985546,99.88166214995483
192,"Anterior cortical amygdaloid nucleus, layer1",ACo-1,160,255,178,34800,639.0,ACo ,,8,1030.0,49453984.0,103258.0,1030.0,49453984.0,103258.0,48013.57669902912,100.2504854368932
200,"Anterior cortical amygdaloid nucleus, layer2",ACo-2,160,255,178,34900,639.0,ACo ,,8,42.0,2013082.0,4279.0,42.0,2013082.0,4279.0,47930.52380952381,101.88095238095238
208,"Anterior cortical amygdaloid nucleus, layer3",ACo-3,160,255,178,35000,639.0,ACo ,,8,35.0,1162074.0,3032.0,35.0,1162074.0,3032.0,33202.114285714284,86.62857142857143
647,Posterior cortical amygdaloid area,PCO,160,255,179,35100,631.0,CO,,7,,0.0,0.0,2399.0,124849085.0,259734.0,52042.1363067945,108.26761150479366
655,Posterolateral cortical amygdaloid area,PLCo,160,255,180,35200,647.0,PCO,,8,,0.0,0.0,1186.0,61892516.0,125229.0,52185.932546374366,105.5893760539629
216,Posterolateral cortical amygdaloid area 1,PLCo1,160,255,180,35500,655.0,PLCo,,9,1095.0,58538901.0,116836.0,1095.0,58538901.0,116836.0,53460.18356164383,106.69954337899543
224,Posterolateral cortical amygdaloid area 2,PLCo2,160,255,180,35600,655.0,PLCo,,9,14.0,428281.0,1187.0,14.0,428281.0,1187.0,30591.5,84.78571428571429
232,Posterolateral cortical amygdaloid area 3,PLCo3,160,255,180,35700,655.0,PLCo,,9,77.0,2925334.0,7206.0,77.0,2925334.0,7206.0,37991.35064935065,93.58441558441558
663,Posteromedial cortical amygdaloid area,PMCo,160,255,181,35800,647.0,PCO,,8,,0.0,0.0,1213.0,62956569.0,134505.0,51901.540807914265,110.88623248145095
240,Posteromedial cortical amygdaloid area 1,PMCo1,160,255,181,36100,663.0,PMCo,,9,838.0,43231348.0,92246.0,838.0,43231348.0,92246.0,51588.72076372315,110.07875894988067
248,Posteromedial cortical amygdaloid area 2,PMCo2,160,255,181,36200,663.0,PMCo,,9,24.0,1209706.0,2622.0,24.0,1209706.0,2622.0,50404.416666666664,109.25
256,Posteromedial cortical amygdaloid area 3,PMCo3,160,255,181,36300,663.0,PMCo,,9,70.0,3677168.0,8114.0,70.0,3677168.0,8114.0,52530.97142857143,115.91428571428571
788,Rostral amygdalopiriform area,RAPir,160,255,169,36400,698.0,OLF,,6,,0.0,0.0,596.0,36611922.0,64733.0,61429.39932885906,108.61241610738254
408,Rostral amygdalopiriform area 1,RAPir1,160,255,169,36600,788.0,RAPir,,7,553.0,34189181.0,59677.0,553.0,34189181.0,59677.0,61824.92043399638,107.91500904159132
416,Rostral amygdalopiriform area 2,RAPir2,160,255,169,36700,788.0,RAPir,,7,8.0,315540.0,803.0,8.0,315540.0,803.0,39442.5,100.375
424,Rostral amygdalopiriform area 3,RAPir3,160,255,169,36800,788.0,RAPir,,7,35.0,2107201.0,4253.0,35.0,2107201.0,4253.0,60205.74285714285,121.51428571428572
566,Amygdalopiriform transition area,Apir,160,255,166,36900,698.0,OLF,,6,,0.0,0.0,598.0,29993605.0,64841.0,50156.53010033445,108.42976588628763
1140,"Postpiriform transition area, layers 1",APir1,160,255,166,37100,566.0,Apir,,7,399.0,20975038.0,43628.0,399.0,20975038.0,43628.0,52569.01754385965,109.34335839598998
1141,"Postpiriform transition area, layers 2",APir2,160,255,166,37200,566.0,Apir,,7,1.0,37294.0,73.0,1.0,37294.0,73.0,37294.0,73.0
1142,"Postpiriform transition area, layers 3",APir3,160,255,166,37300,566.0,Apir,,7,131.0,5911843.0,14365.0,131.0,5911843.0,14365.0,45128.57251908397,109.65648854961832
1089,Hippocampal formation,HPF,144,255,176,37400,695.0,CTXpl,,5,,0.0,0.0,22165.0,1025406617.0,2406438.0,46262.423505526735,108.56927588540492
1080,Hippocampal region,HIP,121,255,128,37500,1089.0,HPF,,6,,0.0,0.0,6178.0,302115062.0,664409.0,48901.758174166396,107.54435092262868
375,Ammon's horn,CA,122,255,122,37600,1080.0,HIP,,7,,0.0,0.0,3970.0,190811149.0,427855.0,48063.261712846346,107.772040302267
382,Field CA1 of the hippocampus,CA1,122,255,121,37700,375.0,CA,,8,,0.0,0.0,1539.0,68750129.0,165371.0,44671.948667966215,107.45354126055881
391,Field CA1 of the hippocampus- lacunosum moleculare layer of the hippocampus,CA1_LMol ,123,255,121,37800,382.0,CA1,,9,114.0,6031261.0,12709.0,114.0,6031261.0,12709.0,52905.79824561404,111.48245614035088
399,Field CA1 of the hippocampus- oriens layer of the hippocampus,CA1_Or,124,255,121,37900,382.0,CA1,,9,846.0,35568934.0,90373.0,846.0,35568934.0,90373.0,42043.65721040189,106.82387706855792
407,Field CA1 of the hippocampus- pyramidal layer of the hippocampus,CA1_Py,75,230,70,38000,382.0,CA1,,9,395.0,17171440.0,41401.0,395.0,17171440.0,41401.0,43472.0,104.8126582278481
415,Field CA1 of the hippocampus- radiatum layer of the hippocampus,CA1_Rad,126,255,121,38100,382.0,CA1,,9,184.0,9978494.0,20888.0,184.0,9978494.0,20888.0,54230.94565217391,113.52173913043478
423,Field CA2 of the hippocampus,CA2,122,255,120,38200,375.0,CA,,8,,0.0,0.0,121.0,5073795.0,12656.0,41932.19008264463,104.59504132231405
431,Field CA2 of the hippocampus- lacunosum moleculare layer of the hippocampus,CA2_LMol ,123,255,120,38300,423.0,CA2,,9,3.0,114822.0,331.0,3.0,114822.0,331.0,38274.0,110.33333333333333
438,Field CA2 of the hippocampus- oriens layer of the hippocampus,CA2_Or,124,255,120,38400,423.0,CA2,,9,52.0,2016080.0,5192.0,52.0,2016080.0,5192.0,38770.769230769234,99.84615384615384
446,Field CA2 of the hippocampus- pyramidal layer of the hippocampus,CA2_Py,75,230,70,38500,423.0,CA2,,9,53.0,2449765.0,5855.0,53.0,2449765.0,5855.0,46221.981132075474,110.47169811320755
454,Field CA2 of the hippocampus- radiatum layer of the hippocampus,CA2_Rad,126,255,120,38600,423.0,CA2,,9,13.0,493128.0,1278.0,13.0,493128.0,1278.0,37932.92307692308,98.3076923076923
463,Field CA3 of the hippocampus,CA3,122,255,119,38700,375.0,CA,,8,,0.0,0.0,2310.0,116987225.0,249828.0,50643.820346320346,108.15064935064935
471,Field CA3 of the hippocampus- lacunosum moleculare layer of the hippocampus,CA3_LMol ,123,255,119,38800,463.0,CA3,,9,,0.0,0.0,0.0,0.0,0.0,,
479,Field CA3 of the hippocampus- stratum lucidum of the hippocampus,SLu ,124,255,119,38900,463.0,CA3,,9,120.0,6188958.0,13658.0,120.0,6188958.0,13658.0,51574.65,113.81666666666666
486,Field CA3 of the hippocampus- oriens layer of the hippocampus,CA3_Or,125,255,119,39000,463.0,CA3,,9,1371.0,71002916.0,151104.0,1371.0,71002916.0,151104.0,51789.14369073669,110.2144420131291
495,Field CA3 of the hippocampus- pyramidal layer of the hippocampus,CA3_Py,75,230,70,39100,463.0,CA3,,9,607.0,29242449.0,62245.0,607.0,29242449.0,62245.0,48175.36902800659,102.54530477759472
504,Field CA3 of the hippocampus- radiatum layer of the hippocampus,CA3_Rad,127,255,119,39200,463.0,CA3,,9,212.0,10552902.0,22821.0,212.0,10552902.0,22821.0,49777.839622641506,107.64622641509433
726,Dentate gyrus,DG,114,250,114,39300,1080.0,HIP,,7,,0.0,0.0,2207.0,111246365.0,236376.0,50406.14635251473,107.1028545536928
10703,Molecular layer of the dentate gyrus,MoDG,114,250,114,39400,726.0,DG,,8,1022.0,53380139.0,111092.0,1022.0,53380139.0,111092.0,52231.05577299413,108.70058708414872
10704,Polymorph layer of the dentate gyrus,PoDG,94,230,94,39500,726.0,DG,,8,348.0,15860892.0,36667.0,348.0,15860892.0,36667.0,45577.275862068964,105.36494252873563
632,Granule cell layer of the dentate gyrus,GrDG,64,200,64,39600,726.0,DG,,8,457.0,20292189.0,47293.0,457.0,20292189.0,47293.0,44403.039387308534,103.48577680525165
982,Fasciola cinereum,FC,114,253,114,41000,1080.0,HIP,,7,,0.0,0.0,0.0,0.0,0.0,,
19,Induseum griseum,IG,114,254,114,41100,1080.0,HIP,,7,1.0,57548.0,178.0,1.0,57548.0,178.0,57548.0,178.0
822,Retrohippocampal region,RHP,144,255,176,41200,1089.0,HPF,,6,,0.0,0.0,15987.0,723291555.0,1742029.0,45242.481703884405,108.965346844311
909,Entorhinal area,ENT,128,255,144,41300,822.0,RHP,,7,,0.0,0.0,12319.0,559397538.0,1349736.0,45409.33014043348,109.5653868008767
918,Dorsolateral entorhinal cortex,DLEnt,128,255,145,41350,909.0,ENT,,8,,0.0,0.0,3055.0,140440478.0,352861.0,45970.69656301146,115.50278232405891
1121,"Dorsolateral entorhinal cortex, layer 1",DLEnt1,0,104,101,41400,918.0,DLEnt,,9,1509.0,71499852.0,182775.0,1509.0,71499852.0,182775.0,47382.27435387674,121.12326043737575
20,"Dorsolateral entorhinal cortex, layer 2",DLEnt2,0,114,116,41500,918.0,DLEnt,,9,157.0,7130481.0,17838.0,157.0,7130481.0,17838.0,45417.076433121016,113.61783439490446
999,"Dorsolateral entorhinal cortex, layer 2/3",DLEnt2/3,50,133,139,41600,918.0,DLEnt,,9,38.0,1761347.0,4504.0,38.0,1761347.0,4504.0,46351.23684210526,118.52631578947368
715,"Dorsolateral entorhinal cortex, layer 2a",DLEnta,0,115,122,41700,918.0,DLEnt,,9,,0.0,0.0,0.0,0.0,0.0,,
764,"Dorsolateral entorhinal cortex, layer 2b",DLEntb,0,128,132,41800,918.0,DLEnt,,9,,0.0,0.0,0.0,0.0,0.0,,
52,"Dorsolateral entorhinal cortex, layer 3",DLEnt3,86,151,158,41900,918.0,DLEnt,,9,378.0,17808038.0,43756.0,378.0,17808038.0,43756.0,47111.21164021164,115.75661375661376
92,"Dorsolateral entorhinal cortex, layer 4",DLEnt4,117,161,167,42000,918.0,DLEnt,,9,,0.0,0.0,0.0,0.0,0.0,,
312,"Dorsolateral entorhinal cortex, layer 4/5",DLEnt4/5,157,184,189,42100,918.0,DLEnt,,9,,0.0,0.0,0.0,0.0,0.0,,
139,"Dorsolateral entorhinal cortex, layer 5",DLEnt5,190,204,206,42200,918.0,DLEnt,,9,553.0,24934710.0,60562.0,553.0,24934710.0,60562.0,45089.89150090416,109.51537070524412
387,"Dorsolateral entorhinal cortex, layer 5/6",DLEnt5/6,138,168,168,42300,918.0,DLEnt,,9,,0.0,0.0,0.0,0.0,0.0,,
28,"Dorsolateral entorhinal cortex, layer 6a",DLEnt6a,148,179,173,42400,918.0,DLEnt,,9,383.0,15816218.0,39744.0,383.0,15816218.0,39744.0,41295.60835509138,103.77023498694517
60,"Dorsolateral entorhinal cortex, layer 6b",DLEnt6b,180,199,193,42500,918.0,DLEnt,,9,35.0,1307532.0,3294.0,35.0,1307532.0,3294.0,37358.05714285714,94.11428571428571
926,Dorsal intermediate entorhinal cortex,DIEnt,128,255,146,42700,909.0,ENT,,8,,0.0,0.0,1606.0,76793694.0,181164.0,47816.74595267746,112.80448318804483
526,"Dorsal intermediate entorhinal cortex, layer 1",DIEnt1,0,104,87,42800,926.0,DIEnt,,9,1083.0,50484766.0,121601.0,1083.0,50484766.0,121601.0,46615.66574330563,112.28162511542013
543,"Dorsal intermediate entorhinal cortex, layer 2",DIEnt2,0,118,106,42900,926.0,DIEnt,,9,40.0,2093570.0,4563.0,40.0,2093570.0,4563.0,52339.25,114.075
468,"Dorsal intermediate entorhinal cortex, layer 2a",DIEnt2a,1,118,106,43000,926.0,DIEnt,,9,,0.0,0.0,0.0,0.0,0.0,,
508,"Dorsal intermediate entorhinal cortex, layer 2b",DIEnt2b,2,118,106,43100,926.0,DIEnt,,9,,0.0,0.0,0.0,0.0,0.0,,
2408,"Dorsal intermediate entorhinal cortex, layer 2/3",DIEnt2/3,2,118,106,43110,926.0,DIEnt,,9,,0.0,0.0,0.0,0.0,0.0,,
664,"Dorsal intermediate entorhinal cortex, layer 3",DIEnt3,36,122,111,43200,926.0,DIEnt,,9,136.0,8333128.0,17395.0,136.0,8333128.0,17395.0,61273.0,127.90441176470588
712,"Dorsal intermediate entorhinal cortex, layer 4",DIEnt4,63,135,126,43300,926.0,DIEnt,,9,,0.0,0.0,0.0,0.0,0.0,,
727,"Dorsal intermediate entorhinal cortex, layer 5",DIEnt5,64,135,126,43400,926.0,DIEnt,,9,268.0,13012147.0,29870.0,268.0,13012147.0,29870.0,48552.78731343283,111.45522388059702
550,"Dorsal intermediate entorhinal cortex, layer 5/6",DIEnt5/6,81,139,133,43500,926.0,DIEnt,,9,,0.0,0.0,0.0,0.0,0.0,,
743,"Dorsal intermediate entorhinal cortex, layer 6",DIEnt6,108,156,152,43600,926.0,DIEnt,,9,79.0,2870083.0,7735.0,79.0,2870083.0,7735.0,36330.16455696202,97.9113924050633
934,Ventral intermediate entorhinal cortex,VIEnt,128,255,147,43700,909.0,ENT,,8,,0.0,0.0,2189.0,103213791.0,239881.0,47151.11512105985,109.58474189127456
259,"Ventral intermediate entorhinal cortex, layer 1",VIEnt1,0,104,96,43800,934.0,VIEnt,,9,1300.0,64574199.0,145923.0,1300.0,64574199.0,145923.0,49672.46076923077,112.24846153846154
324,"Ventral intermediate entorhinal cortex, layer 2",VIEnt2,0,117,111,43900,934.0,VIEnt,,9,120.0,6848382.0,14661.0,120.0,6848382.0,14661.0,57069.85,122.175
371,"Ventral intermediate entorhinal cortex, layer 3",VIEnt3,35,122,117,44000,934.0,VIEnt,,9,309.0,13229734.0,32613.0,309.0,13229734.0,32613.0,42814.67313915858,105.54368932038835
419,"Ventral intermediate entorhinal cortex, layer 4",VIEnt4,62,135,133,44100,934.0,VIEnt,,9,,0.0,0.0,0.0,0.0,0.0,,
1133,"Ventral intermediate entorhinal cortex, layer 5/6",VIEnt5/6,80,140,140,44200,934.0,VIEnt,,9,460.0,18561476.0,46684.0,460.0,18561476.0,46684.0,40351.034782608695,101.48695652173913
2159,Medial entorhinal cortex,MEnt,80,140,140,44220,909.0,ENT,,8,,0.0,0.0,3036.0,132476488.0,322401.0,43635.206851119896,106.19268774703558
2164,"Medial entorhinal cortex, layer 1",MEnt1,80,140,140,44230,2159.0,MEnt,,9,360.0,17912075.0,40222.0,360.0,17912075.0,40222.0,49755.76388888889,111.72777777777777
2444,"Medial entorhinal cortex, layer 2",MEnt2,80,140,140,44240,2159.0,MEnt,,9,132.0,7367550.0,16682.0,132.0,7367550.0,16682.0,55814.77272727273,126.37878787878788
2445,"Medial entorhinal cortex, layer 3",MEnt3,80,140,140,44250,2159.0,MEnt,,9,449.0,19000745.0,47208.0,449.0,19000745.0,47208.0,42317.91759465479,105.1403118040089
2446,"Medial entorhinal cortex, layer 5",MEnt5,80,140,140,44260,2159.0,MEnt,,9,428.0,18428175.0,45346.0,428.0,18428175.0,45346.0,43056.483644859814,105.94859813084112
2447,"Medial entorhinal cortex, layer 6",MEnt6,80,140,140,44270,2159.0,MEnt,,9,298.0,12260463.0,30703.0,298.0,12260463.0,30703.0,41142.4932885906,103.03020134228188
2161,Caudomedial entothinal cortex,CEnt,80,140,140,44280,909.0,ENT,,8,,0.0,0.0,2433.0,106473087.0,253429.0,43762.05795314426,104.16317303740239
2448,"Caudomedial entothinal cortex, layer 1",CEnt1,80,140,140,44290,2161.0,CEnt,,9,764.0,31758093.0,78293.0,764.0,31758093.0,78293.0,41568.18455497382,102.47774869109948
2449,"Caudomedial entothinal cortex, layer 2",CEnt2,80,140,140,44291,2161.0,CEnt,,9,418.0,18363008.0,43697.0,418.0,18363008.0,43697.0,43930.64114832536,104.53827751196172
2450,"Caudomedial entothinal cortex, layer 3",CEnt3,80,140,140,44292,2161.0,CEnt,,9,461.0,22923222.0,51056.0,461.0,22923222.0,51056.0,49724.99349240781,110.75054229934923
2451,"Caudomedial entothinal cortex, layer 5",CEnt5,80,140,140,44293,2161.0,CEnt,,9,252.0,10595238.0,24763.0,252.0,10595238.0,24763.0,42044.59523809524,98.26587301587301
2452,"Caudomedial entothinal cortex, layer 6",CEnt6,80,140,140,44294,2161.0,CEnt,,9,77.0,3320880.0,8022.0,77.0,3320880.0,8022.0,43128.31168831169,104.18181818181819
1084,Presubiculum,PsS,129,255,161,45190,822.0,RHP,,7,,0.0,0.0,79.0,4322583.0,9684.0,54716.240506329115,122.58227848101266
10699,"Presubiculum, layer 1",PsS1,129,255,161,45200,1084.0,PsS,,8,55.0,3184713.0,6900.0,55.0,3184713.0,6900.0,57903.87272727273,125.45454545454545
10700,"Presubiculum, layer 2",PsS2,129,255,161,45300,1084.0,PsS,,8,21.0,1083365.0,2575.0,21.0,1083365.0,2575.0,51588.80952380953,122.61904761904762
10701,"Presubiculum, layer 3",PsS3,129,255,161,45400,1084.0,PsS,,8,3.0,54505.0,209.0,3.0,54505.0,209.0,18168.333333333332,69.66666666666667
843,Parasubiculum,PaS,129,255,160,44300,822.0,RHP,,7,,0.0,0.0,457.0,25056203.0,54813.0,54827.577680525166,119.94091903719912
10693,"Parasubiculum, layer 1",PaS1,129,255,160,44400,843.0,PaS,,8,392.0,21543935.0,47378.0,392.0,21543935.0,47378.0,54959.017857142855,120.86224489795919
10694,"Parasubiculum, layer 2",PaS2,129,255,160,44500,843.0,PaS,,8,55.0,2798864.0,6042.0,55.0,2798864.0,6042.0,50888.43636363636,109.85454545454546
10695,"Parasubiculum, layer 3",PaS3,129,255,160,44600,843.0,PaS,,8,10.0,713404.0,1393.0,10.0,713404.0,1393.0,71340.4,139.3
1037,Postsubiculum,Post,128,255,160,44700,822.0,RHP,,7,,0.0,0.0,44.0,1473515.0,3897.0,33488.97727272727,88.56818181818181
10696,"Postsubiculum, layer 1",Post1,128,255,160,44800,1037.0,Post,,8,15.0,422753.0,1166.0,15.0,422753.0,1166.0,28183.533333333333,77.73333333333333
10697,"Postsubiculum, layer 2",Post2,128,255,160,44900,1037.0,Post,,8,8.0,385489.0,933.0,8.0,385489.0,933.0,48186.125,116.625
10698,"Postsubiculum, layer 3",Post3,128,255,160,45000,1037.0,Post,,8,21.0,665273.0,1798.0,21.0,665273.0,1798.0,31679.666666666668,85.61904761904762
502,Subiculum,SUB,128,255,151,45500,822.0,RHP,,7,,0.0,0.0,3088.0,133041716.0,323899.0,43083.45725388601,104.88957253886011
509,Dorsal subiculum,DS,129,255,151,45600,502.0,SUB,,8,,0.0,0.0,127.0,5580335.0,13653.0,43939.64566929134,107.50393700787401
829,"Dorsal subiculum, molecular layer",DS-m,129,255,151,45700,509.0,DS,,9,4.0,259265.0,564.0,4.0,259265.0,564.0,64816.25,141.0
845,"Dorsal subiculum, pyramidal layer",DS-sp,100,230,121,45800,509.0,DS,,9,26.0,1274584.0,3095.0,26.0,1274584.0,3095.0,49022.46153846154,119.03846153846153
837,"Dorsal subiculum, stratum radiatum",DS-sr,129,255,151,45900,509.0,DS,,9,3.0,54515.0,211.0,3.0,54515.0,211.0,18171.666666666668,70.33333333333333
518,Ventral subiculum,VeS,130,255,151,46000,502.0,SUB,,8,,0.0,0.0,1341.0,58262610.0,142028.0,43447.13646532439,105.91200596569725
853,"Ventral subiculum, molecular layer",VeS-m,130,255,151,46100,518.0,VeS,,9,49.0,2649667.0,5740.0,49.0,2649667.0,5740.0,54074.836734693876,117.14285714285714
870,"Ventral subiculum, pyramidal layer",VeS-sp,100,230,121,46200,518.0,VeS,,9,421.0,18699411.0,43645.0,421.0,18699411.0,43645.0,44416.65320665083,103.66983372921615
861,"Ventral subiculum, stratum radiatum",VeS-sr,130,255,151,46300,518.0,VeS,,9,39.0,1645433.0,4050.0,39.0,1645433.0,4050.0,42190.58974358974,103.84615384615384
2440,"Subiculum, transition area",STr,130,255,151,46310,502.0,SUB,,8,,0.0,0.0,1618.0,69012176.0,167986.0,42652.76637824475,103.82323856613102
2441,"Subiculum, transition area, molecular layer",STr-m,130,255,151,46320,2440.0,STr,,9,27.0,1842365.0,3085.0,27.0,1842365.0,3085.0,68235.74074074074,114.25925925925925
2442,"Subiculum, transition area, pyramidal layer",STr-sp,130,255,151,46330,2440.0,STr,,9,1565.0,65749951.0,161911.0,1565.0,65749951.0,161911.0,42012.7482428115,103.45750798722045
2443,"Subiculum, transition area, stratum radiatum",STr-sr,130,255,151,46340,2440.0,STr,,9,26.0,1419860.0,2990.0,26.0,1419860.0,2990.0,54610.0,115.0
703,Cortical subplate,CTXsp,80,255,80,46400,688.0,CTX,,4,,0.0,0.0,3383.0,156696046.0,357559.0,46318.66568134791,105.69287614543305
16,"Layer 6b, isocortex",6b,80,255,81,46500,703.0,CTXsp,,5,,0.0,0.0,0.0,0.0,0.0,,
583,Claustrum,Cl,80,255,85,46600,703.0,CTXsp,,5,,0.0,0.0,588.0,27268054.0,62823.0,46374.24149659864,106.84183673469387
2002,Dorsal claustrum,DCl,80,255,85,46610,583.0,Cl,,6,184.0,7960739.0,18889.0,184.0,7960739.0,18889.0,43264.885869565216,102.65760869565217
2003,Ventral claustrum,VCl,80,255,85,46620,583.0,Cl,,6,278.0,12470760.0,29451.0,278.0,12470760.0,29451.0,44858.84892086331,105.93884892086331
942,Endopiriform nucleus,En,80,255,87,46700,703.0,CTXsp,,5,,0.0,0.0,950.0,51808638.0,104645.0,54535.408421052634,110.15263157894736
952,Dorsal endopiriform nucleus,DEn ,81,255,87,46800,942.0,En,,6,616.0,33561809.0,67115.0,616.0,33561809.0,67115.0,54483.456168831166,108.95292207792208
966,Ventral endopiriform nucleus,VEn,82,255,87,46900,942.0,En,,6,87.0,4782083.0,10116.0,87.0,4782083.0,10116.0,54966.471264367814,116.27586206896552
2085,Intermediate endopiriform claustrum,IEn,82,255,87,46910,942.0,En,,6,219.0,12226908.0,24631.0,219.0,12226908.0,24631.0,55830.6301369863,112.4703196347032
2426,Retroendopiriform nucleus ,REn,82,255,87,46920,942.0,En,,6,28.0,1237838.0,2783.0,28.0,1237838.0,2783.0,44208.5,99.39285714285714
131,Lateral amygdaloid nucleus,La,80,255,88,47000,703.0,CTXsp,,5,,0.0,0.0,175.0,7239021.0,17785.0,41365.834285714285,101.62857142857143
2068,"Lateral amygdaloid nucleus, dorsolateral part",LaDL,80,255,88,47010,131.0,La,,6,108.0,4692197.0,11410.0,108.0,4692197.0,11410.0,43446.26851851852,105.64814814814815
2052,"Lateral amygdaloid nucleus, ventrolateral part",LaVL,80,255,88,47020,131.0,La,,6,15.0,559091.0,1481.0,15.0,559091.0,1481.0,37272.73333333333,98.73333333333333
2060,"Lateral amygdaloid nucleus, ventromedial part",LaVM,80,255,88,47030,131.0,La,,6,52.0,1987733.0,4894.0,52.0,1987733.0,4894.0,38225.63461538462,94.11538461538461
295,Basolateral amygdalar nucleus,BL,80,255,83,47100,703.0,CTXsp,,5,,0.0,0.0,706.0,27691004.0,70278.0,39222.38526912181,99.54390934844193
303,"Basolateral amygdaloid nucleus, anterior part",BLA,81,255,83,47200,295.0,BL,,6,365.0,13719426.0,35524.0,365.0,13719426.0,35524.0,37587.468493150685,97.32602739726028
311,"Basolateral amygdaloid nucleus, posterior part",BLP,82,255,83,47300,295.0,BL,,6,289.0,11271086.0,29039.0,289.0,11271086.0,29039.0,39000.29757785467,100.48096885813149
451,"Basolateral amygdaloid nucleus, ventral part",BLV,73,255,83,47400,295.0,BL,,6,52.0,2700492.0,5715.0,52.0,2700492.0,5715.0,51932.53846153846,109.90384615384616
319,Basomedial amygdalar nucleus,BM,80,255,84,47500,703.0,CTXsp,,5,,0.0,0.0,342.0,15177966.0,35621.0,44380.01754385965,104.15497076023392
327,"Basomedial amygdaloid nucleus, anterior part",BMA,81,255,84,47600,319.0,BM,,6,104.0,5104938.0,10728.0,104.0,5104938.0,10728.0,49085.942307692305,103.15384615384616
334,"Basomedial amygdaloid nucleus, posterior part",BMP,82,255,84,47700,319.0,BM,,6,238.0,10073028.0,24893.0,238.0,10073028.0,24893.0,42323.64705882353,104.59243697478992
780,Amygdalohippocampal area,AHi,80,255,89,47800,703.0,CTXsp,,5,,0.0,0.0,493.0,22549175.0,53874.0,45738.69168356998,109.27789046653145
2086,"Amygdalohippocampal area, anterolateral part",AHiAL,80,255,89,47810,780.0,AHi,,6,272.0,12873607.0,30377.0,272.0,12873607.0,30377.0,47329.4375,111.68014705882354
2087,"Amygdalohippocampal area, posteromedial part",AHiPM,80,255,89,47820,780.0,AHi,,6,184.0,8561667.0,20188.0,184.0,8561667.0,20188.0,46530.79891304348,109.71739130434783
2088,"Amygdalohippocampal area, posterolateral",AHiPL,80,255,89,47830,780.0,AHi,,6,37.0,1113901.0,3309.0,37.0,1113901.0,3309.0,30105.432432432433,89.43243243243244
623,Cerebral nuclei,CNU,176,216,255,47900,567.0,CH,,3,,0.0,0.0,12070.0,619598570.0,1292220.0,51333.767191383595,107.06048053024027
477,Striatum,STR,160,200,232,48000,623.0,CNU,,4,,0.0,0.0,11065.0,564520582.0,1181363.0,51018.57948486218,106.76574785359242
485,Striatum dorsal region,STRd,160,216,232,48100,477.0,STR,,5,,0.0,0.0,2138.0,115071633.0,230473.0,53822.092142188965,107.79840972871843
672,Caudate Putamen ,CP,160,216,248,48200,485.0,STRd,,6,,0.0,0.0,2138.0,115071633.0,230473.0,53822.092142188965,107.79840972871843
2376,Caudoputamen- rostral extreme,CPre,160,216,248,48210,672.0,CP,,7,159.0,6855827.0,14234.0,159.0,6855827.0,14234.0,43118.408805031446,89.52201257861635
2491,Caudoputamen- rostral,CPr,160,216,248,48220,672.0,CP,,7,,0.0,0.0,307.0,17940101.0,31930.0,58436.811074918565,104.00651465798046
2294,"Caudoputamen- rostral, medial","CPr, m",160,216,248,48221,2491.0,CPr,,8,74.0,3417657.0,7325.0,74.0,3417657.0,7325.0,46184.55405405405,98.98648648648648
2295,"Caudoputamen- rostral, intermediate, dorsal","CPr, imd",160,216,248,48222,2491.0,CPr,,8,3.0,64991.0,228.0,3.0,64991.0,228.0,21663.666666666668,76.0
2296,"Caudoputamen- rostral, intermediate, ventral","CPr, imv",160,216,248,48223,2491.0,CPr,,8,193.0,12544667.0,20139.0,193.0,12544667.0,20139.0,64998.27461139896,104.34715025906736
2497,"Caudoputamen- rostral, lateral","CPr, l",160,216,248,48224,2491.0,CPr,,8,,0.0,0.0,37.0,1912786.0,4238.0,51696.91891891892,114.54054054054055
2395,"Caudoputamen- rostral, lateral, lateral strip","CPr, l, ls",160,216,248,48225,2497.0,"CPr, l",,9,14.0,804984.0,1806.0,14.0,804984.0,1806.0,57498.857142857145,129.0
2297,"Caudoputamen- rostra,l lateral, ventromedial","CPr, l, vm",160,216,248,48226,2497.0,"CPr, l",,9,23.0,1107802.0,2432.0,23.0,1107802.0,2432.0,48165.30434782609,105.73913043478261
2492,Caudoputamen- intermediate,CPi,160,216,248,48230,672.0,CP,,7,,0.0,0.0,793.0,43884688.0,85240.0,55340.08575031526,107.49054224464061
2498,"Caudoputamen- intermediate, dorsomedial","CPi, dm",160,216,248,48231,2492.0,CPi,,8,,0.0,0.0,582.0,34016809.0,63890.0,58448.12542955326,109.7766323024055
2299,"Caudoputamen- intermediate, dorsomedial, dorsolateral","CPi, dm, dl",160,216,248,48232,2498.0,"CPi, dm",,9,1.0,48972.0,147.0,1.0,48972.0,147.0,48972.0,147.0
2298,"Caudoputamen- intermediate, dorsomedial, intermedial","CPi, dm, im",160,216,248,48233,2498.0,"CPi, dm",,9,443.0,26619285.0,48336.0,443.0,26619285.0,48336.0,60088.679458239276,109.11060948081264
2374,"Caudoputamen- intermediate, dorsomedial, central dorsal","CPi, dm, cd",160,216,248,48234,2498.0,"CPi, dm",,9,74.0,4246224.0,8323.0,74.0,4246224.0,8323.0,57381.40540540541,112.47297297297297
2380,"Caudoputamen- intermediate, dorsomedial, dorsal tip ","CPi, dm, dt",160,216,248,48235,2498.0,"CPi, dm",,9,64.0,3102328.0,7084.0,64.0,3102328.0,7084.0,48473.875,110.6875
2500,"Caudoputamen- intermediate, ventromedial","CPi, vm",160,216,248,48236,2492.0,CPi,,8,,0.0,0.0,90.0,4108853.0,8930.0,45653.92222222222,99.22222222222223
2302,"Caudoputamen- intermediate, ventromedial, ventromedial","CPi, vm, vm",160,216,248,48237,2500.0,"CPi, vm",,9,59.0,2595210.0,5320.0,59.0,2595210.0,5320.0,43986.61016949153,90.16949152542372
2480,"Caudoputamen- intermediate, ventromedial, ventral","CPi, vm, v",160,216,248,48238,2500.0,"CPi, vm",,9,24.0,1108907.0,2700.0,24.0,1108907.0,2700.0,46204.458333333336,112.5
2483,"Caudoputamen- intermediate, ventromedial, central ventromedial","CPi, vm, cvm",160,216,248,48239,2500.0,"CPi, vm",,9,7.0,404736.0,910.0,7.0,404736.0,910.0,57819.42857142857,130.0
2499,"Caudoputamen- intermediate, dorsolateral, ","CPi, dl",160,216,248,48240,2492.0,CPi,,8,,0.0,0.0,15.0,686440.0,1543.0,45762.666666666664,102.86666666666666
2300,"Caudoputamen- intermediate, dorsolateral, dorsal","CPi, dl, d",160,216,248,48241,2499.0,"CPi, dl",,9,1.0,55050.0,131.0,1.0,55050.0,131.0,55050.0,131.0
2301,"Caudoputamen- intermediate, dorsolateral, intermedial dorsal","CPi, dl, imd",160,216,248,48242,2499.0,"CPi, dl",,9,14.0,631390.0,1412.0,14.0,631390.0,1412.0,45099.28571428572,100.85714285714286
2501,"Caudoputamen- intermediate, ventrolateral","CPi, vl",160,216,248,48243,2492.0,CPi,,8,,0.0,0.0,106.0,5072586.0,10877.0,47854.58490566038,102.61320754716981
2479,"Caudoputamen- intermediate, ventrolateral, intermedial ventral","CPi, vl, imv",160,216,248,48244,2501.0,"CPi, vl",,9,6.0,329909.0,698.0,6.0,329909.0,698.0,54984.833333333336,116.33333333333333
2482,"Caudoputamen- intermediate, ventrolateral, ventral","CPi, vl, v",160,216,248,48245,2501.0,"CPi, vl",,9,42.0,1909503.0,4204.0,42.0,1909503.0,4204.0,45464.357142857145,100.0952380952381
2481,"Caudoputamen- intermediate, ventrolateral, ventral tip","CPi, vl, vt",160,216,248,48246,2501.0,"CPi, vl",,9,33.0,1619747.0,3546.0,33.0,1619747.0,3546.0,49083.242424242424,107.45454545454545
2370,"Caudoputamen- intermediate, ventrolateral, central ventrolateral","CPi, vl, cvl",160,216,248,48247,2501.0,"CPi, vl",,9,25.0,1213427.0,2429.0,25.0,1213427.0,2429.0,48537.08,97.16
2496,Caudoputamen- caudal,CPc,160,216,248,48250,672.0,CP,,7,,0.0,0.0,717.0,38364045.0,81113.0,53506.33891213389,113.12831241283124
2493,"Caudoputamen- caudal, dorsal","CPc, d",160,216,248,48251,2496.0,CPc,,8,,0.0,0.0,352.0,17323146.0,38927.0,49213.482954545456,110.58806818181819
2484,"Caudoputamen- caudal, dorsal, dorsomedial","CPc, d, dm",160,216,248,48252,2493.0,"CPc, d",,9,77.0,3943177.0,8600.0,77.0,3943177.0,8600.0,51210.09090909091,111.68831168831169
2485,"Caudoputamen- caudal, dorsal, dorsolateral","CPc, d, dl",160,216,248,48253,2493.0,"CPc, d",,9,13.0,596196.0,1544.0,13.0,596196.0,1544.0,45861.230769230766,118.76923076923077
2486,"Caudoputamen- caudal, dorsal, ventromedial","CPc, d, vm",160,216,248,48254,2493.0,"CPc, d",,9,168.0,7733592.0,18145.0,168.0,7733592.0,18145.0,46033.28571428572,108.00595238095238
2494,"Caudoputamen- caudal, intermediate","CPc, i",160,216,248,48255,2496.0,CPc,,8,,0.0,0.0,271.0,16402774.0,32170.0,60526.841328413284,118.70848708487085
2487,"Caudoputamen- caudal, intermediate, dorsal","CPc, i, d",160,216,248,48256,2494.0,"CPc, i",,9,57.0,3835506.0,7074.0,57.0,3835506.0,7074.0,67289.57894736843,124.10526315789474
2489,"Caudoputamen- caudal, intermediate, ventromedial","CPc, i, vm",160,216,248,48257,2494.0,"CPc, i",,9,65.0,3893808.0,7467.0,65.0,3893808.0,7467.0,59904.73846153846,114.87692307692308
2488,"Caudoputamen- caudal, intermediate, ventrolateral","CPc, i, vl",160,216,248,48258,2494.0,"CPc, i",,9,18.0,1036930.0,2354.0,18.0,1036930.0,2354.0,57607.22222222222,130.77777777777777
2490,"Caudoputamen- caudal, ventral","CPc, v",160,216,248,48259,2496.0,CPc,,8,94.0,4638125.0,10016.0,94.0,4638125.0,10016.0,49341.755319148935,106.55319148936171
2495,Caudoputamen- caudal extreme,CPce,160,216,248,48260,672.0,CP,,7,108.0,5715241.0,12142.0,108.0,5715241.0,12142.0,52918.898148148146,112.42592592592592
2001,Lateral stripe of the striatum ,LSS,160,216,248,48296,672.0,CP,,7,10.0,404299.0,1100.0,10.0,404299.0,1100.0,40429.9,110.0
2050,Amygdalostriatal transition area,ASt ,160,216,248,48297,672.0,CP,,7,44.0,1907432.0,4714.0,44.0,1907432.0,4714.0,43350.72727272727,107.13636363636364
493,Striatum ventral region,STRv,160,232,232,48300,477.0,STR,,5,,0.0,0.0,6000.0,304386251.0,639088.0,50731.04183333334,106.51466666666667
56,Accumbens nucleus,Acb,160,232,224,48400,493.0,STRv,,6,,0.0,0.0,838.0,37225603.0,80315.0,44421.96062052506,95.84128878281624
2074,"Accumbens nucleus, core region",AcbC,160,232,224,48410,56.0,Acb,,7,420.0,19486368.0,40296.0,420.0,19486368.0,40296.0,46396.114285714284,95.94285714285714
2006,"Accumbens nucleus, shell region",AcbSh,160,232,224,48420,56.0,Acb,,7,395.0,16628365.0,37857.0,395.0,16628365.0,37857.0,42097.126582278484,95.84050632911392
2007,"Lateral accumbens, shell region",LAcbSh,160,232,224,48430,56.0,Acb,,7,23.0,1110870.0,2162.0,23.0,1110870.0,2162.0,48298.69565217391,94.0
998,Interstitial nucleus of the posterior limb of the anterior commissure,IPAC,160,228,224,48500,493.0,STRv,,6,,0.0,0.0,37.0,2178002.0,4248.0,58864.91891891892,114.8108108108108
2012,"Interstitial nucleus of the posterior limb of the anterior commissure, medial part",IPACM,160,228,224,48510,998.0,IPAC,,7,13.0,806203.0,1687.0,13.0,806203.0,1687.0,62015.61538461538,129.76923076923077
2372,"Interstitial nucleus of the posterior limb of the anterior commissure, lateral part",IPACL,160,228,224,48520,998.0,IPAC,,7,22.0,1240968.0,2281.0,22.0,1240968.0,2281.0,56407.63636363636,103.68181818181819
754,Olfactory tubercle,Tu,160,224,224,48600,493.0,STRv,,6,,0.0,0.0,5010.0,258911209.0,541769.0,51678.884031936126,108.1375249500998
481,Island of Calleja,ICj,160,224,224,48700,754.0,Tu,,7,31.0,1292020.0,3212.0,31.0,1292020.0,3212.0,41678.06451612903,103.61290322580645
489,"Island of Calleja, major island",ICjM,160,224,224,48800,754.0,Tu,,7,22.0,901094.0,2252.0,22.0,901094.0,2252.0,40958.818181818184,102.36363636363636
458,Olfactory tubercle 1 ,Tu1,160,224,224,49000,754.0,Tu,,7,3316.0,170850109.0,358310.0,3316.0,170850109.0,358310.0,51522.95205066345,108.05488540410133
465,Olfactory tubercle 2,Tu2,160,224,224,49100,754.0,Tu,,7,272.0,14620685.0,29452.0,272.0,14620685.0,29452.0,53752.518382352944,108.27941176470588
473,Olfactory tubercle 3,Tu3,160,224,224,49200,754.0,Tu,,7,71.0,3213538.0,7239.0,71.0,3213538.0,7239.0,45261.09859154929,101.95774647887323
2018,Navicular nucleus of the basal forebrain,Nv,160,224,224,49210,754.0,Tu,,7,164.0,6572841.0,17638.0,164.0,6572841.0,17638.0,40078.29878048781,107.54878048780488
275,Lateral septal complex,LSX,160,239,232,49300,477.0,STR,,5,,0.0,0.0,1165.0,54044612.0,121003.0,46390.22489270386,103.86523605150215
242,Lateral septal nucleus,LS,153,239,232,49400,275.0,LSX,,6,,0.0,0.0,889.0,39939809.0,90631.0,44926.669291338585,101.94713160854893
250,"Lateral septal nucleus, dorsal part",LSD,153,237,232,49500,242.0,LS,,7,247.0,11214722.0,24656.0,247.0,11214722.0,24656.0,45403.732793522264,99.82186234817814
258,"Lateral septal nucleus, intermediate part",LSI,153,237,233,49600,242.0,LS,,7,449.0,20888167.0,48338.0,449.0,20888167.0,48338.0,46521.53006681515,107.65701559020044
266,"Lateral septal nucleus, ventral part",LSV,153,237,234,49700,242.0,LS,,7,188.0,7616386.0,17050.0,188.0,7616386.0,17050.0,40512.6914893617,90.69148936170212
2008,Zona limitans,ZL,153,237,234,49710,242.0,LS,,7,5.0,220534.0,587.0,5.0,220534.0,587.0,44106.8,117.4
310,Septofimbrial nucleus,SFi ,147,239,232,49800,275.0,LSX,,6,86.0,4361348.0,9256.0,86.0,4361348.0,9256.0,50713.348837209305,107.62790697674419
333,Septohippocampal nucleus,SHi ,139,239,232,49900,275.0,LSX,,6,11.0,456779.0,1206.0,11.0,456779.0,1206.0,41525.36363636364,109.63636363636364
2009,Septohypothalamic nucleus,SHy ,139,239,232,49910,275.0,LSX,,6,179.0,9286676.0,19910.0,179.0,9286676.0,19910.0,51880.87150837989,111.22905027932961
278,Striatum-like amygdalar nuclei,sAMY,160,208,232,50000,477.0,STR,,5,,0.0,0.0,1762.0,91018086.0,190799.0,51656.12145289444,108.28547105561861
23,Anterior amygdaloid area,AA,186,208,248,50100,278.0,sAMY,,6,389.0,19153914.0,42312.0,389.0,19153914.0,42312.0,49238.85347043702,108.77120822622108
292,Bed nucleus of the accessory olfactory tract,BAOT,160,208,232,50200,278.0,sAMY,,6,38.0,1578641.0,3701.0,38.0,1578641.0,3701.0,41543.18421052631,97.39473684210526
536,Central amygdalar nucleus,Ce,171,208,248,50300,278.0,sAMY,,6,,0.0,0.0,72.0,3062877.0,7171.0,42539.958333333336,99.59722222222223
544,"Central amygdaloid nucleus, capsular part",CeC,171,209,248,50400,536.0,Ce,,7,19.0,721618.0,1817.0,19.0,721618.0,1817.0,37979.89473684211,95.63157894736842
551,"Central amygdaloid nucleus, lateral part",CeL,171,209,249,50500,536.0,Ce,,7,32.0,1345444.0,3105.0,32.0,1345444.0,3105.0,42045.125,97.03125
559,"Central amygdaloid nucleus, medial part",CeM,171,209,250,50600,536.0,Ce,,7,21.0,995815.0,2249.0,21.0,995815.0,2249.0,47419.76190476191,107.0952380952381
1105,Intercalated nuclei of the amygdala,I,184,208,248,50700,278.0,sAMY,,6,,0.0,0.0,22.0,1339968.0,2434.0,60907.63636363636,110.63636363636364
2375,"Intercalated amygdalar nucleus, main part",IM,184,208,248,50710,1105.0,I,,7,6.0,399528.0,774.0,6.0,399528.0,774.0,66588.0,129.0
403,Medial amygdaloid nucleus,Me,176,208,248,50800,278.0,sAMY,,6,,0.0,0.0,1241.0,65882686.0,135181.0,53088.38517324738,108.92908944399677
411,"Medial amygdaloid nucleus, anterodorsal part",MeAD,176,209,248,50900,403.0,Me,,7,52.0,2886077.0,6030.0,52.0,2886077.0,6030.0,55501.480769230766,115.96153846153847
418,"Medial amygdaloid nucleus, anterventral part",MeAV,176,208,249,51000,403.0,Me,,7,22.0,937402.0,2089.0,22.0,937402.0,2089.0,42609.181818181816,94.95454545454545
426,"Medial amygdaloid nucleus, posterodorsal part",MePD,176,208,250,51100,403.0,Me,,7,80.0,3539947.0,7604.0,80.0,3539947.0,7604.0,44249.3375,95.05
435,"Medial amygdaloid nucleus, posteroventral part",MePV ,176,208,251,51500,403.0,Me,,7,1087.0,58519260.0,119458.0,1087.0,58519260.0,119458.0,53835.5657773689,109.89696412143515
803,Pallidum,PAL,160,200,176,51600,623.0,CNU,,4,,0.0,0.0,1005.0,55077988.0,110857.0,54803.96815920398,110.30547263681592
1022,Globus pallidus,GP,160,216,177,51800,803.0,PAL,,5,105.0,6032657.0,12617.0,105.0,6032657.0,12617.0,57453.87619047619,120.16190476190476
1031,Entopeduncular nucleus,EP,160,216,178,51900,803.0,PAL,,5,10.0,746102.0,1325.0,10.0,746102.0,1325.0,74610.2,132.5
835,Ventral pallidum,VeP,160,208,176,52000,803.0,PAL,,5,,0.0,0.0,135.0,7299182.0,14231.0,54068.014814814815,105.41481481481482
342,Substantia innominata,SI,152,208,176,52100,803.0,PAL,,5,,0.0,0.0,116.0,5702150.0,11812.0,49156.46551724138,101.82758620689656
2371,"Substantia innominata, basal part",SIB,152,208,176,52110,342.0,SI,,6,23.0,914350.0,2043.0,23.0,914350.0,2043.0,39754.34782608696,88.82608695652173
2027,Extension of the amygdala,EA,152,208,176,52120,342.0,SI,,6,90.0,4616384.0,9449.0,90.0,4616384.0,9449.0,51293.15555555555,104.9888888888889
2013,Cell bridges of the ventral striatum,CB,160,228,224,52130,342.0,SI,,6,3.0,171416.0,320.0,3.0,171416.0,320.0,57138.666666666664,106.66666666666667
298,Magnocellular nucleus,MCPO,162,208,176,52200,835.0,VeP,,6,,0.0,0.0,0.0,0.0,0.0,,
2028,Basal nucleus (Meynert),B,162,208,176,52210,835.0,VeP,,6,,0.0,0.0,0.0,0.0,0.0,,
826,"Pallidum, medial region",PALm,160,224,176,52300,803.0,PAL,,5,,0.0,0.0,197.0,10786365.0,23441.0,54753.12182741117,118.98984771573605
904,Medial septal complex,MSC,160,224,176,52400,826.0,PALm,,6,,0.0,0.0,187.0,10465528.0,22618.0,55965.39037433155,120.95187165775401
564,Medial septal nucleus,MS,118,224,176,52500,904.0,MSC,,7,,0.0,0.0,9.0,392081.0,1129.0,43564.555555555555,125.44444444444444
2005,Lambdoid septal zone,Ld,118,224,176,52510,564.0,MS,,8,2.0,82468.0,243.0,2.0,82468.0,243.0,41234.0,121.5
2280,Diagonal band nucleus,NDB,138,224,176,52600,904.0,MSC,,7,,0.0,0.0,178.0,10073447.0,21489.0,56592.39887640449,120.7247191011236
596,Nucleus of the vertical limb of the diagonal band,VDB,138,224,176,52610,2280.0,NDB,,8,85.0,4864775.0,10840.0,85.0,4864775.0,10840.0,57232.64705882353,127.52941176470588
2293,Lateral nucleus of the diagnoal band,LDB,138,224,176,52620,2280.0,NDB,,8,25.0,1299986.0,2698.0,25.0,1299986.0,2698.0,51999.44,107.92
2004,Nucleus of the horizontal limb of the diagonal band,HDB,138,224,176,52630,2280.0,NDB,,8,68.0,3908686.0,7951.0,68.0,3908686.0,7951.0,57480.67647058824,116.92647058823529
581,Triangular septal nucleus,TS,128,224,176,52700,826.0,PALm,,6,10.0,320837.0,823.0,10.0,320837.0,823.0,32083.7,82.3
809,"Pallidum, caudal region",PALc,160,190,176,52800,803.0,PAL,,5,,0.0,0.0,442.0,24511532.0,47431.0,55455.95475113122,107.30995475113122
2308,Nucleus of stria medullaris,SM,160,190,176,52810,809.0,PALc,,6,10.0,312282.0,751.0,10.0,312282.0,751.0,31228.2,75.1
351,Bed nuclei of the stria terminalis,ST,160,190,160,52900,809.0,PALc,,6,,0.0,0.0,431.0,24155369.0,46544.0,56044.93967517401,107.9907192575406
359,"Bed nuclei of the stria terminalis, anterior division",STa,160,190,161,53000,351.0,ST,,7,,0.0,0.0,93.0,5504295.0,9847.0,59185.967741935485,105.88172043010752
537,"Bed nucleus of the stria terminalis, medial division, anterolateral part",STMAL,160,190,161,53100,359.0,STa,,8,1.0,22648.0,73.0,1.0,22648.0,73.0,22648.0,73.0
498,"Bed nucleus of the stria terminalis, medial division, anterior part",STMA,160,190,161,53200,359.0,STa,,8,43.0,1642084.0,3911.0,43.0,1642084.0,3911.0,38188.0,90.95348837209302
513,"Bed nuclei of the stria terminalis, fusiform nucleus",Fu,160,190,161,53400,359.0,STa,,8,2.0,89724.0,190.0,2.0,89724.0,190.0,44862.0,95.0
546,"Bed nucleus of the stria terminalis, lateral division, juxtacapsular part",STLJ,160,190,161,53500,359.0,STa,,8,5.0,638357.0,619.0,5.0,638357.0,619.0,127671.4,123.8
554,"Bed nucleus of the stria terminalis, lateral division, dorsal part",STLD,160,190,161,53700,359.0,STa,,8,31.0,2444296.0,3699.0,31.0,2444296.0,3699.0,78848.25806451614,119.3225806451613
529,"Bed nucleus of the stria terminalis, medial division, posterolateral part",STMPL,160,190,161,53900,359.0,STa,,8,11.0,667186.0,1355.0,11.0,667186.0,1355.0,60653.27272727273,123.18181818181819
2359,"Bed nuclei of the stria terminalis, medial division",STm,160,190,161,53910,351.0,ST,,7,,0.0,0.0,181.0,10134554.0,19659.0,55992.011049723755,108.61325966850829
2010,"Bed nucleus of the stria terminalis, medial division, ventral part",STMV,160,190,161,53920,2359.0,STm,,8,9.0,269457.0,773.0,9.0,269457.0,773.0,29939.666666666668,85.88888888888889
2025,"Bed nucleus of the stria terminalis, medial division, posteromedial part",STMPM,160,190,168,53930,2359.0,STm,,8,172.0,9865097.0,18886.0,172.0,9865097.0,18886.0,57355.21511627907,109.80232558139535
367,"Bed nuclei of the stria terminalis, posterior division",STp,160,190,168,54000,351.0,ST,,7,,0.0,0.0,36.0,2007613.0,3809.0,55767.02777777778,105.80555555555556
578,"Bed nucleus of the stria terminalis, medial division, anteromedial part",STMAM,160,190,168,54200,367.0,STp,,8,14.0,1041394.0,1802.0,14.0,1041394.0,1802.0,74385.28571428571,128.71428571428572
585,"Bed nucleus of the stria terminalis, medial division, posterointermediate part",STMPI,160,190,168,54300,367.0,STp,,8,22.0,966219.0,2007.0,22.0,966219.0,2007.0,43919.045454545456,91.22727272727273
2360,"Bed nuclei of the stria terminialis, lateral division",STl,160,190,168,54510,351.0,ST,,7,,0.0,0.0,44.0,2503767.0,4580.0,56903.795454545456,104.0909090909091
2015,"Bed nuclus of the stria terminalis, lateral division, posterior part",STLP,160,190,168,54520,2360.0,STl,,8,34.0,2182673.0,3782.0,34.0,2182673.0,3782.0,64196.26470588235,111.23529411764706
2014,"Bed nucleus of the stria terminalis, lateral division, ventral part ",STLV,160,190,168,54530,2360.0,STl,,8,8.0,271928.0,677.0,8.0,271928.0,677.0,33991.0,84.625
2022,"Bed nucleus of the stria terminalis, lateral division, intermediate part",STLI,160,190,168,54540,2360.0,STl,,8,2.0,49166.0,121.0,2.0,49166.0,121.0,24583.0,60.5
2049,"Bed nucleus of the stria terminalis, intraamygdaloid",STIA,160,190,168,54550,351.0,ST,,7,77.0,4005140.0,8649.0,77.0,4005140.0,8649.0,52014.805194805194,112.32467532467533
287,Bed nucleus of the anterior commissure,BAC,160,190,152,54600,809.0,PALc,,6,1.0,43881.0,136.0,1.0,43881.0,136.0,43881.0,136.0
512,Cerebellum,CBL,240,255,160,54700,8.0,grey,,2,,0.0,0.0,24452.0,1187157347.0,2601599.0,48550.52130705055,106.39616391297236
528,Cerebellar cortex,CBX,240,240,128,54800,512.0,CBL,,3,,0.0,0.0,24040.0,1166122806.0,2553888.0,48507.60424292845,106.23494176372712
645,Vermal regions,VERM,240,242,128,54900,528.0,CBX,,4,,0.0,0.0,6144.0,277610664.0,624088.0,45184.02734375,101.57682291666667
912,Lobule 1 of the cerebellar vermis,1Cb,240,242,128,55000,645.0,VERM,,5,,0.0,0.0,11.0,390320.0,973.0,35483.63636363636,88.45454545454545
10707,"Lobule 1 of the cerebellar vermis, molecular layer",1Cb-mo,240,242,128,55100,912.0,1Cb,,6,9.0,345599.0,815.0,9.0,345599.0,815.0,38399.88888888889,90.55555555555556
10705,"Lobule 1 of the cerebellar vermis, granular layer",1Cb-gr,227,219,97,55300,912.0,1Cb,,6,2.0,44721.0,158.0,2.0,44721.0,158.0,22360.5,79.0
976,Lobule 2 of the cerebellar vermis,2Cb,240,242,128,55500,645.0,VERM,,5,,0.0,0.0,824.0,38020293.0,85130.0,46141.1322815534,103.3131067961165
10710,"Lobule 2 of the cerebellar vermis, molecular layer",2Cb-mo,240,242,128,55600,976.0,2Cb,,6,743.0,34712715.0,77338.0,743.0,34712715.0,77338.0,46719.670255720055,104.08882907133244
10708,"Lobule 2 of the cerebellar vermis, granular layer",2Cb-gr,227,219,97,55800,976.0,2Cb,,6,81.0,3307578.0,7792.0,81.0,3307578.0,7792.0,40834.2962962963,96.19753086419753
984,Lobule 3 of the cerebellar vermis,3Cb,240,242,128,55900,645.0,VERM,,5,,0.0,0.0,92.0,4642657.0,10508.0,50463.663043478264,114.21739130434783
10713,"Lobule 3 of the cerebellar vermis, molecular layer",3Cb-mo,240,242,128,56000,984.0,3Cb,,6,73.0,3766914.0,8526.0,73.0,3766914.0,8526.0,51601.561643835616,116.79452054794521
10711,"Lobule 3 of the cerebellar vermis, granular layer",3Cb-gr,227,219,97,56200,984.0,3Cb,,6,19.0,875743.0,1982.0,19.0,875743.0,1982.0,46091.73684210526,104.3157894736842
928,Culmen,CUL,240,242,128,56300,645.0,VERM,,5,,0.0,0.0,1457.0,61734129.0,144434.0,42370.713109128345,99.13109128345916
992,Lobule 4 of the cerebellar vermis,4Cb,240,242,128,56400,928.0,CUL,,6,,0.0,0.0,0.0,0.0,0.0,,
1001,Lobule 5 of the cerebellar vermis,5Cb,240,242,128,56800,928.0,CUL,,6,,0.0,0.0,0.0,0.0,0.0,,
1091,Lobules 4 and 5 of the cerebellar vermis,4/5Cb,240,242,128,57200,928.0,CUL,,6,,0.0,0.0,1457.0,61734129.0,144434.0,42370.713109128345,99.13109128345916
10722,"Lobules 4 and 5 of the cerebellar vermis, molecular layer",4/5Cb-mo,240,242,128,57300,1091.0,4/5Cb,,7,1286.0,53786358.0,126776.0,1286.0,53786358.0,126776.0,41824.53965785381,98.58164852255054
10720,"Lobules 4 and 5 of the cerebellar vermis, granular layer",4/5Cb-gr,227,219,97,57500,1091.0,4/5Cb,,7,171.0,7947771.0,17658.0,171.0,7947771.0,17658.0,46478.19298245614,103.26315789473684
936,Lobule 6 of the cerebellar vermis,6Cb,240,242,128,57600,645.0,VERM,,5,,0.0,0.0,1840.0,76207694.0,177383.0,41417.225,96.40380434782608
10725,"Lobule 6 of the cerebellar vermis, molecular layer",6Cb-mo,240,242,128,57700,936.0,6Cb,,6,1778.0,74210317.0,172229.0,1778.0,74210317.0,172229.0,41738.08605174353,96.86670416197975
10723,"Lobule 6 of the cerebellar vermis, granular layer",6Cb-gr,227,219,97,57900,936.0,6Cb,,6,62.0,1997377.0,5154.0,62.0,1997377.0,5154.0,32215.75806451613,83.12903225806451
944,Lobule 7 of the cerebellar vermis,7Cb,240,242,128,58000,645.0,VERM,,5,,0.0,0.0,169.0,6706409.0,16363.0,39682.89349112426,96.8224852071006
10728,"Lobule 7 of the cerebellar vermis, molecular layer",7Cb-mo,240,242,128,58100,944.0,7Cb,,6,137.0,5538483.0,13280.0,137.0,5538483.0,13280.0,40426.88321167883,96.93430656934306
10726,"Lobule 7 of the cerebellar vermis, granular layer",7Cb-gr,227,219,97,58300,944.0,7Cb,,6,32.0,1167926.0,3083.0,32.0,1167926.0,3083.0,36497.6875,96.34375
951,Lobule 8 of the cerebellar vermis,8Cb,240,242,128,58400,645.0,VERM,,5,,0.0,0.0,337.0,15824745.0,35700.0,46957.70029673591,105.93471810089021
10731,"Lobule 8 of the cerebellar vermis, molecular layer",8Cb-mo,240,242,128,58500,951.0,8Cb,,6,173.0,8701930.0,19019.0,173.0,8701930.0,19019.0,50300.173410404626,109.9364161849711
10729,"Lobule 8 of the cerebellar vermis, granular layer",8Cb-gr,227,219,97,58700,951.0,8Cb,,6,164.0,7122815.0,16681.0,164.0,7122815.0,16681.0,43431.79878048781,101.71341463414635
957,Lobule 9 of the cerebellar vermis,9Cb,240,242,128,58800,645.0,VERM,,5,,0.0,0.0,719.0,38232971.0,78710.0,53175.20305980529,109.47148817802504
10734,"Lobule 9 of the cerebellar vermis, molecular layer",9Cb-mo,240,242,128,58900,957.0,9Cb,,6,384.0,19594295.0,40864.0,384.0,19594295.0,40864.0,51026.809895833336,106.41666666666667
10732,"Lobule 9 of the cerebellar vermis, granular layer",9Cb-gr,227,219,97,59100,957.0,9Cb,,6,335.0,18638676.0,37846.0,335.0,18638676.0,37846.0,55637.83880597015,112.97313432835821
968,Lobule 10 of the cerebellar vermis,10Cb,240,242,128,59200,645.0,VERM,,5,,0.0,0.0,695.0,35851446.0,74887.0,51584.814388489205,107.75107913669065
10737,"Lobule 10 of the cerebellar vermis, molecular layer",10Cb-mo,240,242,128,59300,968.0,10Cb,,6,423.0,21792880.0,45978.0,423.0,21792880.0,45978.0,51519.81087470449,108.69503546099291
10735,"Lobule 10 of the cerebellar vermis, granular layer",10Cb-gr,227,219,97,59500,968.0,10Cb,,6,272.0,14058566.0,28909.0,272.0,14058566.0,28909.0,51685.904411764706,106.28308823529412
1073,Hemispheric regions,HEM,240,241,128,59600,528.0,CBX,,4,,0.0,0.0,17896.0,888512142.0,1929800.0,49648.644501564595,107.83415288332588
1007,Simple lobule,Sim,240,241,128,59700,1073.0,HEM,,5,,0.0,0.0,906.0,34135201.0,84125.0,37676.82229580574,92.8532008830022
10674,"Simple lobule, molecular layer",Sim-mo,240,241,128,59800,1007.0,Sim,,6,874.0,32784174.0,80756.0,874.0,32784174.0,80756.0,37510.49656750572,92.39816933638444
10672,"Simple lobule, granular layer",Sim-gr,227,219,97,60000,1007.0,Sim,,6,32.0,1351027.0,3369.0,32.0,1351027.0,3369.0,42219.59375,105.28125
1056,Crus 1 of the ansiform lobule,Crus1,240,241,128,60200,1073.0,HEM,,5,,0.0,0.0,1440.0,52437326.0,134477.0,36414.80972222222,93.38680555555555
10677,"Crus 1 of the ansiform lobule, molecular layer",Crus1-mo,240,241,128,60300,1056.0,Crus1,,6,1316.0,47071522.0,121993.0,1316.0,47071522.0,121993.0,35768.63373860182,92.69984802431611
10675,"Crus 1 of the ansiform lobule, granular layer",Crus1-gr,227,219,97,60500,1056.0,Crus1,,6,124.0,5365804.0,12484.0,124.0,5365804.0,12484.0,43272.6129032258,100.6774193548387
1064,Crus 2 of the ansiform lobule,Crus2,240,241,128,60600,1073.0,HEM,,5,,0.0,0.0,3622.0,170457219.0,385667.0,47061.62865819989,106.47901711761457
10680,"Crus 2 of the ansiform lobule, molecular layer",Crus2-mo,240,241,128,60700,1064.0,Crus2,,6,3403.0,160059709.0,362219.0,3403.0,160059709.0,362219.0,47034.88363208933,106.44108139876579
10678,"Crus 2 of the ansiform lobule, granular layer",Crus2-gr,227,219,97,60900,1064.0,Crus2,,6,219.0,10397510.0,23448.0,219.0,10397510.0,23448.0,47477.21461187214,107.06849315068493
1025,Paramedian lobule,PM,240,241,128,61000,1073.0,HEM,,5,,0.0,0.0,3149.0,165123142.0,354584.0,52436.69164814227,112.60209590346142
10683,"Paramedian lobule, molecular layer",PM-mo,240,241,128,61100,1025.0,PM,,6,2738.0,146400222.0,308261.0,2738.0,146400222.0,308261.0,53469.76698319941,112.58619430241052
10681,"Paramedian lobule, granular layer",PM-gr,227,219,97,61300,1025.0,PM,,6,411.0,18722920.0,46323.0,411.0,18722920.0,46323.0,45554.5498783455,112.7080291970803
1033,Copula of the pyramis,Cop,240,241,128,61400,1073.0,HEM,,5,,0.0,0.0,1770.0,89981090.0,191494.0,50836.774011299436,108.18870056497175
10686,"Copula of the pyramis, molecular layer",Cop-mo,240,241,128,61500,1033.0,Cop,,6,1101.0,55655164.0,119185.0,1101.0,55655164.0,119185.0,50549.649409627615,108.25158946412353
10684,"Copula of the pyramis, granular layer",Cop-gr,227,219,97,61700,1033.0,Cop,,6,669.0,34325926.0,72309.0,669.0,34325926.0,72309.0,51309.30642750374,108.08520179372198
1041,Paraflocculus,PFl,240,241,128,61800,1073.0,HEM,,5,,0.0,0.0,5303.0,291138637.0,597290.0,54900.74240995663,112.63247218555534
10689,"Paraflocculus, molecular layer",PFl-mo,240,241,128,61900,1041.0,PFl,,6,3266.0,177892398.0,365711.0,3266.0,177892398.0,365711.0,54467.972443355786,111.97519902020821
10687,"Paraflocculus, granular layer",PFl-gr,227,219,97,62100,1041.0,PFl,,6,2037.0,113246239.0,231579.0,2037.0,113246239.0,231579.0,55594.619047619046,113.68630338733432
1049,Flocculus,Fl,240,241,128,62200,1073.0,HEM,,5,,0.0,0.0,1706.0,85239527.0,182163.0,49964.55275498242,106.7778429073857
10692,"Flocculus, molecular layer",Fl-mo,240,241,128,62300,1049.0,Fl,,6,1208.0,60640741.0,128717.0,1208.0,60640741.0,128717.0,50199.28890728477,106.55380794701986
10690,"Flocculus, granular layer",Fl-gr,227,219,97,62500,1049.0,Fl,,6,498.0,24598786.0,53446.0,498.0,24598786.0,53446.0,49395.152610441764,107.32128514056225
519,Cerebellar nuclei,CBN,240,240,144,62900,512.0,CBL,,3,,0.0,0.0,412.0,21034541.0,47711.0,51054.711165048546,115.80339805825243
989,Medial cerebellar nucleus,Med,240,240,82,63000,519.0,CBN,,4,,0.0,0.0,11.0,754029.0,1482.0,68548.09090909091,134.72727272727272
2244,"Medial cerebellar nucleus, dorsolateral protuberance",MedDL,240,240,82,63010,989.0,Med,,5,4.0,198960.0,453.0,4.0,198960.0,453.0,49740.0,113.25
2245,"Medial cerebellar nucleus, lateral part",MedL,240,240,82,63020,989.0,Med,,5,,0.0,0.0,0.0,0.0,0.0,,
91,Interposed cerebellar nucleus,Int,240,240,82,63100,519.0,CBN,,4,,0.0,0.0,342.0,16340043.0,38052.0,47777.90350877193,111.26315789473684
2239,"Interposed cerebellar nucleus, anterior part",IntA,240,240,82,63110,91.0,Int,,5,1.0,43383.0,74.0,1.0,43383.0,74.0,43383.0,74.0
2240,"Interposed cerebellar nucleus, dorsolateral hump",IntDL,240,240,82,63120,91.0,Int,,5,,0.0,0.0,0.0,0.0,0.0,,
2241,"Interposed cerebellar nucleus, posterior part",IntP,240,240,82,63130,91.0,Int,,5,201.0,9092421.0,22636.0,201.0,9092421.0,22636.0,45235.92537313433,112.61691542288557
2242,"Interposed cerebellar nucleus, posterior parvicellular",IntPPC,240,240,82,63140,91.0,Int,,5,140.0,7204239.0,15342.0,140.0,7204239.0,15342.0,51458.85,109.58571428571429
2281,Dentate nucleus ,DN,240,240,82,63200,519.0,CBN,,4,,0.0,0.0,59.0,3940469.0,8177.0,66787.61016949153,138.59322033898306
846,Lateral (dentate) cerebellar nucleus,Lat,240,240,82,63210,2281.0,DN,,5,43.0,3237288.0,6244.0,43.0,3237288.0,6244.0,75285.76744186046,145.2093023255814
2247,"Lateral cerebellar nucleus, parvicellular part",LatPC,240,240,82,63220,2281.0,DN,,5,16.0,703181.0,1933.0,16.0,703181.0,1933.0,43948.8125,120.8125
343,Brain stem,BS,144,96,128,63300,8.0,grey,,2,,0.0,0.0,49731.0,2552212250.0,5316926.0,51320.348474794395,106.91371579095534
1129,Interbrain,IB,255,95,95,63400,343.0,BS,,3,,0.0,0.0,14182.0,672042277.0,1491995.0,47386.98892962911,105.20342687914257
549,Thalamus,TH,255,112,128,63500,1129.0,IB,,4,,0.0,0.0,6663.0,312318632.0,711374.0,46873.57526639652,106.76482065135825
2414,Periventricular gray ,PVG,255,112,128,63510,549.0,TH,,5,137.0,6647296.0,14803.0,137.0,6647296.0,14803.0,48520.40875912409,108.05109489051095
864,"Thalamus, sensory-motor cortex related",DORsm,255,128,176,63600,549.0,TH,,5,,0.0,0.0,1234.0,60863649.0,131223.0,49322.243922204216,106.33954619124798
2115,Ethmoid thalamic nucleus,Eth,255,131,130,63610,864.0,DORsm,,6,16.0,1078617.0,2122.0,16.0,1078617.0,2122.0,67413.5625,132.625
2116,Retroethmoid nucleus,REth,255,131,130,63620,864.0,DORsm,,6,21.0,750151.0,1831.0,21.0,750151.0,1831.0,35721.47619047619,87.19047619047619
2117,Scaphoid thalamic nucleus,Sc,255,131,130,63630,864.0,DORsm,,6,1.0,22689.0,58.0,1.0,22689.0,58.0,22689.0,58.0
2120,Posterior intralaminar thalamic nucleus,PIL,255,108,144,63640,864.0,DORsm,,6,92.0,4394434.0,9160.0,92.0,4394434.0,9160.0,47765.586956521736,99.56521739130434
637,Ventral group thalamic nucleus,VENT,255,108,160,63700,864.0,DORsm,,6,,0.0,0.0,366.0,18618220.0,37835.0,50869.45355191257,103.3743169398907
629,Ventrolateral thalamic nucleus,VL,255,108,161,63800,637.0,VENT,,7,27.0,2205481.0,3102.0,27.0,2205481.0,3102.0,81684.48148148147,114.88888888888889
2316,Ventral anterior thalamic nucleus,VA,255,108,161,63810,637.0,VENT,,7,22.0,1159704.0,2259.0,22.0,1159704.0,2259.0,52713.818181818184,102.68181818181819
685,Ventromedial thalamic nucleus,VM,255,108,162,63900,637.0,VENT,,7,115.0,5093977.0,10839.0,115.0,5093977.0,10839.0,44295.45217391304,94.25217391304348
709,Ventral posterior thalamic nucleus,VP,255,108,144,64000,637.0,VENT,,7,,0.0,0.0,202.0,10159058.0,21635.0,50292.36633663366,107.10396039603961
718,Ventral posterolateral thalamic nucleus,VPL,255,108,145,64100,709.0,VP,,8,67.0,2905788.0,6437.0,67.0,2905788.0,6437.0,43369.97014925373,96.07462686567165
733,Ventral posteromedial thalamic nucleus,VPM,255,108,147,64200,709.0,VP,,8,,0.0,0.0,108.0,5578648.0,11583.0,51654.148148148146,107.25
2362,"Ventral posteromedial nucleus of the thalamus, dorsal part",VPMd,255,108,147,64210,733.0,VPM,,9,20.0,981750.0,2003.0,20.0,981750.0,2003.0,49087.5,100.15
2363,"Ventral posteromedial nucleus of the thalamus, ventral part",VPMv,255,108,147,64220,733.0,VPM,,9,18.0,985534.0,2087.0,18.0,985534.0,2087.0,54751.88888888889,115.94444444444444
2361,"Ventral posterior nucleus of the thalamus, parvicellular",VPPC,255,108,147,64230,709.0,VP,,8,27.0,1674622.0,3615.0,27.0,1674622.0,3615.0,62023.03703703704,133.88888888888889
406,Subparafascicular thalamic nucleus,SPF,255,112,165,64500,864.0,DORsm,,6,,0.0,0.0,82.0,3798094.0,8372.0,46318.21951219512,102.09756097560975
422,"Subparafascicular thalamic nucleus, parvicellular part",SPFPC,255,110,165,64700,406.0,SPF,,7,16.0,938904.0,1751.0,16.0,938904.0,1751.0,58681.5,109.4375
1044,Peripeduncular nucleus,PP,255,112,163,64900,864.0,DORsm,,6,156.0,8622146.0,17214.0,156.0,8622146.0,17214.0,55270.166666666664,110.34615384615384
2158,Subbrachial nucleus,SubB,255,112,160,64910,864.0,DORsm,,6,94.0,4968581.0,11418.0,94.0,4968581.0,11418.0,52857.244680851065,121.46808510638297
1008,Geniculate group of the thalamus,GENd,255,112,160,65000,864.0,DORsm,,6,,0.0,0.0,406.0,18610717.0,43213.0,45839.204433497536,106.43596059113301
475,Medial geniculate nucleus,MG,255,112,162,65100,1008.0,GENd,,7,,0.0,0.0,86.0,4341665.0,9628.0,50484.476744186046,111.95348837209302
1072,"Medial geniculate nucleus, dorsal part",MGD,255,112,162,65200,475.0,MG,,8,3.0,93056.0,277.0,3.0,93056.0,277.0,31018.666666666668,92.33333333333333
1079,"Medial geniculate nucleus, ventral part",MGV,255,112,162,65300,475.0,MG,,8,15.0,685205.0,1782.0,15.0,685205.0,1782.0,45680.333333333336,118.8
1088,"Medial geniculate nucleus, medial part",MGM,255,112,162,65400,475.0,MG,,8,10.0,378492.0,1083.0,10.0,378492.0,1083.0,37849.2,108.3
2126,Marginal zone of the medial geniculate,MZMG,255,112,162,65410,475.0,MG,,8,47.0,2609004.0,5289.0,47.0,2609004.0,5289.0,55510.72340425532,112.53191489361703
170,Dorsal lateral geniculate nucleus,DLG,255,112,161,65500,1008.0,GENd,,7,320.0,14269052.0,33585.0,320.0,14269052.0,33585.0,44590.7875,104.953125
856,"Thalamus, polymodal association cortex related",DORpm,255,136,176,65600,549.0,TH,,5,,0.0,0.0,5292.0,244807687.0,565348.0,46259.9559712774,106.83068783068784
138,Lateral group of the dorsal thalamus,LAT,255,130,130,65700,856.0,DORpm,,6,,0.0,0.0,391.0,18679077.0,41697.0,47772.575447570336,106.64194373401534
218,Lateral posterior thalamic nucleus,LP,255,135,130,65800,138.0,LAT,,7,,0.0,0.0,154.0,7087526.0,16471.0,46022.896103896106,106.95454545454545
2069,"Lateral posterior thalamic nucleus, mediorostral part",LPMR,255,135,130,65810,218.0,LP,,8,104.0,4659473.0,10791.0,104.0,4659473.0,10791.0,44802.625,103.75961538461539
2070,"Lateral posterior thalamic nucleus, mediocaudal part",LPMC,255,135,130,65820,218.0,LP,,8,6.0,208081.0,465.0,6.0,208081.0,465.0,34680.166666666664,77.5
2071,"Lateral posterior thalamic nucleus, laterorostral part",LPLR,255,135,130,65830,218.0,LP,,8,44.0,2219972.0,5215.0,44.0,2219972.0,5215.0,50453.90909090909,118.52272727272727
2127,"Lateral posterior thalamic nucleus, laterocaudal part",LPLC,255,135,130,65840,218.0,LP,,8,,0.0,0.0,0.0,0.0,0.0,,
2094,Intramedullary thalamic area,IMA,255,135,130,65850,138.0,LAT,,7,5.0,224462.0,506.0,5.0,224462.0,506.0,44892.4,101.2
1020,Posterior thalamic nuclear group,Po,255,134,130,65900,138.0,LAT,,7,,0.0,0.0,219.0,10684685.0,23115.0,48788.51598173516,105.54794520547945
2055,Angular thalamic nucleus,Ang,255,134,130,65910,1020.0,Po,,8,1.0,29786.0,69.0,1.0,29786.0,69.0,29786.0,69.0
2128,"Posterior thalamic nuclear group, triangular part",PoT,255,134,130,65920,1020.0,Po,,8,57.0,2536515.0,5869.0,57.0,2536515.0,5869.0,44500.26315789474,102.96491228070175
1029,Posterior limitans thalamic nucleus,PLi,255,133,130,66000,138.0,LAT,,7,2.0,65070.0,155.0,2.0,65070.0,155.0,32535.0,77.5
325,Suprageniculate thalamic nucleus,SG,255,131,130,66100,138.0,LAT,,7,11.0,617334.0,1450.0,11.0,617334.0,1450.0,56121.27272727273,131.8181818181818
239,Anterior group of the dorsal thalamus,ATN,255,136,136,66200,856.0,DORpm,,6,,0.0,0.0,956.0,46182363.0,99807.0,48307.91108786611,104.40062761506276
255,Anteroventral thalamic nucleus,AV,255,136,133,66300,239.0,ATN,,7,,0.0,0.0,147.0,8043403.0,15838.0,54717.02721088436,107.74149659863946
2035,"Anteroventral thalamic nucleus, ventrolateral part",AVVL,255,136,133,66310,255.0,AV,,8,11.0,492550.0,1070.0,11.0,492550.0,1070.0,44777.27272727273,97.27272727272727
2036,"Anterovent thalamic nucleus, dorsomedial part",AVDM,255,136,133,66320,255.0,AV,,8,1.0,33105.0,88.0,1.0,33105.0,88.0,33105.0,88.0
1096,Anteromedial thalamic nucleus,AM,255,136,134,66400,239.0,ATN,,7,,0.0,0.0,78.0,3666942.0,7727.0,47012.07692307692,99.06410256410257
1104,"Anteromedial thalamic nucleus, ventral part",AMV,255,136,134,66600,1096.0,AM,,8,1.0,40363.0,114.0,1.0,40363.0,114.0,40363.0,114.0
64,Anterodorsal thalamic nucleus,AD,255,136,135,66700,239.0,ATN,,7,188.0,8989642.0,19460.0,188.0,8989642.0,19460.0,47817.244680851065,103.51063829787235
1120,Interanteromedial thalamic nucleus,IAM,255,136,129,66800,239.0,ATN,,7,38.0,1346222.0,3574.0,38.0,1346222.0,3574.0,35426.89473684211,94.05263157894737
1113,Interanterodorsal thalamic nucleus,IAD,255,144,159,66900,239.0,ATN,,7,101.0,4999984.0,10198.0,101.0,4999984.0,10198.0,49504.792079207924,100.97029702970298
2282,Lateral dorsal nucleus of thalamus,LD,255,136,128,67000,239.0,ATN,,7,,0.0,0.0,404.0,19136170.0,43010.0,47366.75742574257,106.46039603960396
155,"Laterodorsal thalamic nucleus, ventrolateral part",LDVL,255,136,128,67010,2282.0,LD,,8,255.0,12187311.0,27390.0,255.0,12187311.0,27390.0,47793.376470588235,107.41176470588235
2046,"Laterodorsal thalamic nucleus, dorsomedial part",LDDM,255,136,128,67020,2282.0,LD,,8,149.0,6948859.0,15620.0,149.0,6948859.0,15620.0,46636.63758389262,104.83221476510067
444,Medial group of the dorsal thalamus,MED,255,144,176,67100,856.0,DORpm,,6,,0.0,0.0,614.0,25260154.0,64511.0,41140.315960912056,105.06677524429968
59,Intermediodorsal thalamic nucleus,IMD,255,144,164,67200,444.0,MED,,7,27.0,881371.0,2470.0,27.0,881371.0,2470.0,32643.37037037037,91.48148148148148
2091,Posteromedian thalamic nucleus,PoMn,255,144,164,67210,444.0,MED,,7,8.0,491923.0,935.0,8.0,491923.0,935.0,61490.375,116.875
362,Mediodorsal thalamic nucleus,MD,255,144,163,67300,444.0,MED,,7,,0.0,0.0,516.0,21549682.0,54890.0,41762.9496124031,106.37596899224806
617,"Mediodorsal thalamic nucleus, central part",MDC,255,144,163,67400,362.0,MD,,8,73.0,2652985.0,6982.0,73.0,2652985.0,6982.0,36342.260273972606,95.64383561643835
626,"Mediodorsal thalamic nucleus, lateral part ",MDL,255,144,163,67500,362.0,MD,,8,72.0,3365822.0,7954.0,72.0,3365822.0,7954.0,46747.52777777778,110.47222222222223
636,"Mediodorsal thalamic nucleus, medial part",MDM,255,144,163,67600,362.0,MD,,8,235.0,9917181.0,26028.0,235.0,9917181.0,26028.0,42200.77021276596,110.75744680851064
366,Submedius thalamic nucleus,Sub,255,144,161,67700,444.0,MED,,7,,0.0,0.0,63.0,2337178.0,6216.0,37098.06349206349,98.66666666666667
2377,"Submedius thalamic nucleus, dorsal part",SubD,255,144,161,67710,366.0,Sub,,8,37.0,1496858.0,3834.0,37.0,1496858.0,3834.0,40455.62162162162,103.62162162162163
2378,"Submedius thalamic nucleus, ventral part",SubV,255,144,161,67720,366.0,Sub,,8,19.0,655662.0,1872.0,19.0,655662.0,1872.0,34508.52631578947,98.52631578947368
571,Midline group of the dorsal thalamus,MTN,255,134,134,67900,856.0,DORpm,,6,,0.0,0.0,1366.0,58975982.0,146380.0,43174.21815519766,107.15959004392387
149,Paraventricular nucleus of the thalamus,PVT,255,133,133,68000,571.0,MTN,,7,,0.0,0.0,934.0,42869046.0,104148.0,45898.33618843683,111.50749464668094
3001,"Paraventricular thalamic nucleus, anterior part",PVA,255,133,133,68010,149.0,PVT,,8,393.0,17823337.0,42523.0,393.0,17823337.0,42523.0,45352.00254452926,108.20101781170483
2089,"Paraventricular thalamic nucleus, intermediate part",PV,255,133,133,68020,149.0,PVT,,8,356.0,16775010.0,40682.0,356.0,16775010.0,40682.0,47120.81460674157,114.2752808988764
2090,"Paraventricular thalamic nucleus, posterior part",PVP,255,133,133,68030,149.0,PVT,,8,185.0,8270699.0,20943.0,185.0,8270699.0,20943.0,44706.48108108108,113.2054054054054
15,Parataenial thalamic nucleus,PT,255,133,134,68100,571.0,MTN,,7,152.0,6172536.0,15475.0,152.0,6172536.0,15475.0,40608.78947368421,101.8092105263158
2038,Xiphoid thalamic nucleus,Xi,255,133,134,68110,571.0,MTN,,7,,0.0,0.0,106.0,3447575.0,9760.0,32524.29245283019,92.0754716981132
2039,Paraxiphoid nucleus of thalamus,PaXi,255,133,134,68120,2038.0,Xi,,8,79.0,2772653.0,7508.0,79.0,2772653.0,7508.0,35096.873417721516,95.0379746835443
2032,Accessory neuosecretory nuclei,ANS,255,133,134,68130,571.0,MTN,,7,2.0,94340.0,277.0,2.0,94340.0,277.0,47170.0,138.5
181,Reuniens area,RE,255,133,132,68200,571.0,MTN,,7,,0.0,0.0,161.0,6018132.0,15674.0,37379.701863354036,97.35403726708074
2092,Reuniens thalamic nucleus,Re,255,133,132,68210,181.0,RE,,8,72.0,2336083.0,6608.0,72.0,2336083.0,6608.0,32445.597222222223,91.77777777777777
2093,Retrouniens area,RRe,255,133,132,68220,181.0,RE,,8,64.0,2608059.0,6348.0,64.0,2608059.0,6348.0,40750.921875,99.1875
2037,Ventral reuniens thalamic nucleus,VRe ,255,133,132,68230,181.0,RE,,8,25.0,1073990.0,2718.0,25.0,1073990.0,2718.0,42959.6,108.72
51,Intralaminar nuclei of the dorsal thalamus,ILM,255,136,132,68300,856.0,DORpm,,6,,0.0,0.0,524.0,23372600.0,55068.0,44604.19847328244,105.09160305343511
189,Rhomboid thalamic nucleus,Rh,255,128,132,68400,51.0,ILM,,7,59.0,2492524.0,6165.0,59.0,2492524.0,6165.0,42246.16949152543,104.49152542372882
599,Central medial thalamic nucleus,CM,255,134,132,68500,51.0,ILM,,7,179.0,7129781.0,17337.0,179.0,7129781.0,17337.0,39831.17877094972,96.85474860335195
907,Paracentral thalamic nucleus,PC,255,132,132,68600,51.0,ILM,,7,,0.0,0.0,64.0,3240110.0,7093.0,50626.71875,110.828125
2064,Oval paracentral thalamic nucleus,OPC,255,132,132,68610,907.0,PC,,8,4.0,263321.0,624.0,4.0,263321.0,624.0,65830.25,156.0
575,Centrolateral thalamic nucleus,CL,255,135,132,68700,51.0,ILM,,7,85.0,4388571.0,9249.0,85.0,4388571.0,9249.0,51630.24705882353,108.81176470588235
930,Parafascicular thalamic nucleus,PaF,255,130,132,68800,51.0,ILM,,7,137.0,6121614.0,15224.0,137.0,6121614.0,15224.0,44683.313868613135,111.12408759124088
262,Reticular nucleus (prethalamus),Rt,255,128,128,68900,856.0,DORpm,,6,288.0,14212062.0,30537.0,288.0,14212062.0,30537.0,49347.4375,106.03125
1014,"Geniculate group, ventral thalamus",GENv,255,135,133,69000,856.0,DORpm,,6,,0.0,0.0,657.0,32705800.0,71808.0,49780.517503805175,109.29680365296804
27,Intergeniculate childlet,IGL,255,135,134,69100,1014.0,GENv,,7,47.0,1871337.0,4528.0,47.0,1871337.0,4528.0,39815.68085106383,96.34042553191489
178,Pregeniculate nucleus of the prethalamus,PrG,255,135,135,69200,1014.0,GENv,,7,,0.0,0.0,519.0,26028201.0,57497.0,50150.67630057804,110.78420038535646
2072,"Pregeniculate nucleus, magnocellular part",PrGMC,255,135,135,69210,178.0,PrG,,8,349.0,16730791.0,37813.0,349.0,16730791.0,37813.0,47939.22922636103,108.34670487106017
2073,"Pregeniculate nucleus, parvicellular part",PrGPC,255,135,135,69220,178.0,PrG,,8,136.0,7807319.0,16015.0,136.0,7807319.0,16015.0,57406.757352941175,117.75735294117646
321,Subgeniculate nucleus of the prethalamus,SubG,255,135,133,69500,1014.0,GENv,,7,91.0,4806262.0,9783.0,91.0,4806262.0,9783.0,52816.06593406593,107.50549450549451
958,Epithalamus,EPI,255,136,144,69600,856.0,DORpm,,6,,0.0,0.0,496.0,25419649.0,55540.0,51249.292338709674,111.9758064516129
483,Medial habenular nucleus,MHb,255,134,144,69700,958.0,EPI,,7,344.0,17523113.0,39393.0,344.0,17523113.0,39393.0,50939.28197674418,114.51453488372093
186,Lateral habenular nucleus,LHb,255,135,144,69800,958.0,EPI,,7,,0.0,0.0,152.0,7896536.0,16147.0,51950.89473684211,106.23026315789474
2058,"Lateral habenular nucleus, medial part",LHbM,255,135,144,69810,186.0,LHb,,8,42.0,2448386.0,4592.0,42.0,2448386.0,4592.0,58294.90476190476,109.33333333333333
2059,"Lateral habenular nucleus, lateral part",LHbL,255,135,144,69820,186.0,LHb,,8,38.0,1846848.0,3641.0,38.0,1846848.0,3641.0,48601.26315789474,95.8157894736842
953,Pineal gland,Pi,255,132,144,69900,958.0,EPI,,7,,0.0,0.0,0.0,0.0,0.0,,
1097,Hypothalamus,HY,255,105,110,70000,1129.0,IB,,4,,0.0,0.0,7519.0,359723645.0,780621.0,47841.95305226759,103.81978986567363
157,Periventricular zone,PVZ,255,76,80,70100,1097.0,HY,,5,,0.0,0.0,330.0,14852126.0,34468.0,45006.44242424242,104.44848484848485
390,Supraoptic nucleus,SO,255,76,60,70200,157.0,PVZ,,6,,0.0,0.0,6.0,442728.0,936.0,73788.0,156.0
2051,"Supraoptic nucleus, retrochiasmatic part",SOR,255,76,60,70210,390.0,SO,,7,1.0,127311.0,239.0,1.0,127311.0,239.0,127311.0,239.0
2034,Episupraoptic nucleus,ESO,255,76,60,70220,390.0,SO,,7,1.0,113912.0,258.0,1.0,113912.0,258.0,113912.0,258.0
332,Accessory supraoptic group,ASO,255,76,62,70300,157.0,PVZ,,6,,0.0,0.0,7.0,345748.0,857.0,49392.57142857143,122.42857142857143
432,Circulur nucleus,Cir,255,76,62,70400,332.0,ASO,,7,7.0,345748.0,857.0,7.0,345748.0,857.0,49392.57142857143,122.42857142857143
38,"Paraventricular hypothalamic nucleus, anterior part",PVH,255,76,77,70500,157.0,PVZ,,6,,0.0,0.0,57.0,2153841.0,5757.0,37786.68421052631,101.0
71,"Paraventricular hypothalamic nucleus, magnocellular division",PVHm,255,76,76,70600,38.0,PVH,,7,,0.0,0.0,44.0,1558470.0,4216.0,35419.77272727273,95.81818181818181
79,"Paraventricular hypothalamic nucleus, medial magnocellular part",PaMM,255,76,74,70800,71.0,PVHm,,8,,0.0,0.0,0.0,0.0,0.0,,
652,"Paraventricular hypothalamic nucleus, lateral magnocellular part",PaLM,255,76,73,71000,71.0,PVHm,,8,13.0,435717.0,1298.0,13.0,435717.0,1298.0,33516.692307692305,99.84615384615384
660,"Paraventricular hypothalamic nucleus, posterior part",PaPo,255,76,73,71100,71.0,PVHm,,8,31.0,1122753.0,2918.0,31.0,1122753.0,2918.0,36217.83870967742,94.12903225806451
94,"Paraventricular hypothalamic nucleus, parvicellular division",PVAp,255,76,72,71200,38.0,PVH,,7,,0.0,0.0,13.0,595371.0,1541.0,45797.769230769234,118.53846153846153
55,"Paraventricular hypothalamic nucleus, anterior parivcellular part",PaAP,255,76,69,71300,94.0,PVAp,,8,,0.0,0.0,2.0,78621.0,247.0,39310.5,123.5
2026,Anterior perifornical nucleus,APF,255,76,69,71310,55.0,PaAP,,9,,0.0,0.0,0.0,0.0,0.0,,
87,"Paraventricular hypothalamic nucleus, medial parvicellular part",PaMP,255,76,71,71400,94.0,PVAp,,8,11.0,516750.0,1294.0,11.0,516750.0,1294.0,46977.27272727273,117.63636363636364
30,"Paraventricular hypothalamic nucleus, ventral part",PaV,255,76,78,71600,157.0,PVZ,,6,1.0,61678.0,115.0,1.0,61678.0,115.0,61678.0,115.0
223,Arcuate hypothalamic nucleus,Arc,255,76,79,71800,157.0,PVZ,,6,,0.0,0.0,259.0,11848131.0,26803.0,45745.679536679534,103.48648648648648
2061,"Arcuate hypothalamic nucleus, dorsal part",ArcD,255,76,79,71810,223.0,Arc,,7,2.0,62185.0,125.0,2.0,62185.0,125.0,31092.5,62.5
2062,"Arcuate hypothalamic nucleus, lateral part",ArcL,255,76,79,71820,223.0,Arc,,7,61.0,2718123.0,6112.0,61.0,2718123.0,6112.0,44559.39344262295,100.19672131147541
2104,"Arcuate hypothalamic nucleus, lateroposterior part",ArcLP,255,76,79,71830,223.0,Arc,,7,41.0,2023486.0,4613.0,41.0,2023486.0,4613.0,49353.31707317073,112.51219512195122
2095,"Arcuate hypothalamic nucleus, medial part",ArcM,255,76,79,71840,223.0,Arc,,7,64.0,2691057.0,6392.0,64.0,2691057.0,6392.0,42047.765625,99.875
2103,"Arcuate hypothalamic nucleus, medial posterior part",ArcMP,255,76,79,71850,223.0,Arc,,7,64.0,3172493.0,6920.0,64.0,3172493.0,6920.0,49570.203125,108.125
141,Periventricular region,PVR,255,77,80,71900,1097.0,HY,,5,,0.0,0.0,665.0,31447774.0,71616.0,47289.885714285716,107.69323308270677
272,Anteroventral periventricular nucleus,AVPe,255,77,84,72300,141.0,PVR,,6,6.0,403115.0,842.0,6.0,403115.0,842.0,67185.83333333333,140.33333333333334
668,Dorsal hypothalamic area,DA,255,77,85,72350,141.0,PVR,,6,118.0,4870395.0,11820.0,118.0,4870395.0,11820.0,41274.53389830508,100.16949152542372
830,Dorsomedial hypothalamic nucleus,DM,255,77,85,72400,141.0,PVR,,6,,0.0,0.0,183.0,7557312.0,18739.0,41296.7868852459,102.39890710382514
2076,"Dorsomedial hypothalamic nucleus, dorsal part",DMD,255,77,85,72500,830.0,DM,,7,30.0,1162132.0,2953.0,30.0,1162132.0,2953.0,38737.73333333333,98.43333333333334
2077,"Dorsomedial hypothalamic nucleus, compact part",DMC,255,77,85,72600,830.0,DM,,7,9.0,285089.0,847.0,9.0,285089.0,847.0,31676.555555555555,94.11111111111111
2078,"Dorsomedial hypothalamic nucleus, ventral part",DMV,255,77,85,72700,830.0,DM,,7,48.0,2339529.0,5303.0,48.0,2339529.0,5303.0,48740.1875,110.47916666666667
452,Median preoptic nucleus,MnPO,255,77,86,72800,141.0,PVR,,6,,0.0,0.0,0.0,0.0,0.0,,
2307,DA14 Dopamine Cells,DA14,255,77,86,72810,141.0,PVR,,6,,0.0,0.0,0.0,0.0,0.0,,
523,Medial preoptic area,MPA,255,77,87,72900,141.0,PVR,,6,,0.0,0.0,191.0,9496134.0,20877.0,49717.97905759162,109.30366492146597
2016,Strial part of the preoptic area,StA,255,77,87,72910,523.0,MPA,,7,,0.0,0.0,0.0,0.0,0.0,,
2023,Striohypothalamic nucleus,StHy,255,77,87,72920,523.0,MPA,,7,13.0,491650.0,1245.0,13.0,491650.0,1245.0,37819.230769230766,95.76923076923077
2306,Anterior commissural nucleus,AC,255,77,87,72930,523.0,MPA,,7,4.0,135666.0,318.0,4.0,135666.0,318.0,33916.5,79.5
763,Vascular organ of the lamina terminalis,VOLT,255,77,88,73000,141.0,PVR,,6,,0.0,0.0,0.0,0.0,0.0,,
914,Posterodorsal preoptic nucleus,PDPO,255,77,89,73100,141.0,PVR,,6,,0.0,0.0,0.0,0.0,0.0,,
1109,Parastrial nucleus,PS,255,77,90,73200,141.0,PVR,,6,6.0,477211.0,932.0,6.0,477211.0,932.0,79535.16666666667,155.33333333333334
133,Periventricular hypothalamic nucleus,Pe,255,77,93,73500,141.0,PVR,,6,53.0,2724360.0,5881.0,53.0,2724360.0,5881.0,51403.018867924526,110.9622641509434
347,Subparaventricular zone of the hypothalamus,SPa ,255,77,80,73600,141.0,PVR,,6,2.0,65208.0,182.0,2.0,65208.0,182.0,32604.0,91.0
286,Suprachiasmatic nucleus,SCh,255,77,94,73700,141.0,PVR,,6,,0.0,0.0,4.0,273762.0,594.0,68440.5,148.5
2030,"Suprachiasmatic nucleus, dorsolateral part",SChDL,255,77,94,73710,286.0,SCh,,7,,0.0,0.0,0.0,0.0,0.0,,
2031,"Suprachiasmatic nucleus, ventromedial part",SChVM,255,77,94,73720,286.0,SCh,,7,1.0,55784.0,120.0,1.0,55784.0,120.0,55784.0,120.0
338,Subfornical organ,SFO,255,77,80,73800,141.0,PVR,,6,16.0,484528.0,1489.0,16.0,484528.0,1489.0,30283.0,93.0625
2011,Ventromedidal preoptic nucleus,VMPO,255,77,80,73810,141.0,PVR,,6,28.0,1904107.0,3874.0,28.0,1904107.0,3874.0,68003.82142857143,138.35714285714286
689,Ventrolateral preoptic nucleus,VLPO,255,77,80,73900,141.0,PVR,,6,58.0,3191642.0,6386.0,58.0,3191642.0,6386.0,55028.31034482759,110.10344827586206
467,Hypothalamic medial zone,MEZ ,255,78,80,74000,1097.0,HY,,5,,0.0,0.0,1761.0,78388292.0,182290.0,44513.51050539466,103.51504826802953
88,Anterior hypothalamic nucleus,AHN,255,78,81,74100,467.0,MEZ ,,6,,0.0,0.0,402.0,18088051.0,40599.0,44995.151741293535,100.99253731343283
700,"Anterior hypothalamic area, anterior part",AHA,255,78,81,74200,88.0,AHN,,7,44.0,2081173.0,4489.0,44.0,2081173.0,4489.0,47299.38636363636,102.02272727272727
708,"Anterior hypothalamic area, central part",AHC,255,78,81,74300,88.0,AHN,,7,274.0,12682159.0,28266.0,274.0,12682159.0,28266.0,46285.25182481752,103.16058394160584
724,"Anterior hypothalamic area, posterior part",AHP,255,78,81,74500,88.0,AHN,,7,,0.0,0.0,61.0,2227523.0,5424.0,36516.770491803276,88.91803278688525
2029,Lateroanterior hypothalamic nucleus,LA,255,78,81,74510,88.0,AHN,,7,23.0,1097196.0,2420.0,23.0,1097196.0,2420.0,47704.17391304348,105.21739130434783
2047,Stigmoid hypothalamic nucleus,Stg,255,78,81,74520,724.0,AHP,,8,,0.0,0.0,0.0,0.0,0.0,,
331,Mammillary body,MBO,255,78,82,74600,467.0,MEZ ,,6,,0.0,0.0,593.0,25532839.0,62247.0,43057.06408094435,104.96964586846543
210,Lateral mamilllary nucleus,LM,255,78,83,74700,331.0,MBO,,7,81.0,2906491.0,7067.0,81.0,2906491.0,7067.0,35882.60493827161,87.24691358024691
491,"Medial mammillary nucleus, medial part",MM,255,78,84,74800,331.0,MBO,,7,,0.0,0.0,385.0,16133111.0,40498.0,41904.184415584416,105.1896103896104
2118,Mammillary recess of the 3rd ventricle,MRe,255,78,84,74810,491.0,MM,,8,3.0,95345.0,206.0,3.0,95345.0,206.0,31781.666666666668,68.66666666666667
2119,"Medial mammillary nucleus, lateral part",ML,255,78,84,74820,491.0,MM,,8,118.0,4785012.0,12023.0,118.0,4785012.0,12023.0,40550.94915254237,101.88983050847457
732,"Medial mammillary nucleus, median part",MnM,255,78,84,74900,491.0,MM,,8,,0.0,0.0,0.0,0.0,0.0,,
525,Retromamillary nucleus,RM,255,78,85,75000,331.0,MBO,,7,,0.0,0.0,91.0,4384060.0,10973.0,48176.48351648352,120.58241758241758
1110,"Retromamillary nucleus, lateral part",RML,255,78,85,75100,525.0,RM,,8,,0.0,0.0,0.0,0.0,0.0,,
1118,"Retromamillary nucleus, medial part",RMM,255,78,85,75200,525.0,RM,,8,27.0,1315415.0,3140.0,27.0,1315415.0,3140.0,48719.07407407407,116.29629629629629
557,Tuberomammillary nucleus,TM,255,78,86,75300,331.0,MBO,,7,,0.0,0.0,36.0,2109177.0,3709.0,58588.25,103.02777777777777
1126,Dorsal tuberomammillary nucleus,DTM,255,78,86,75400,557.0,TM,,8,2.0,209948.0,186.0,2.0,209948.0,186.0,104974.0,93.0
1,Ventral tuberomammillary nucleus,VTM,255,78,86,75500,557.0,TM,,8,34.0,1899229.0,3523.0,34.0,1899229.0,3523.0,55859.67647058824,103.61764705882354
515,Medial preoptic nucleus,MPO,255,78,87,75600,467.0,MEZ ,,6,,0.0,0.0,22.0,859142.0,1965.0,39051.90909090909,89.31818181818181
748,"Medial preoptic nucleus, lateral part",MPOL,255,78,87,75800,515.0,MPO,,7,11.0,492582.0,989.0,11.0,492582.0,989.0,44780.181818181816,89.9090909090909
756,"Medial preoptic nucleus, medial part",MPOM,255,78,87,75900,515.0,MPO,,7,11.0,366560.0,976.0,11.0,366560.0,976.0,33323.63636363636,88.72727272727273
980,"Premamillary nucleus, dorsal part",PMD,255,78,88,76000,467.0,MEZ ,,6,,0.0,0.0,0.0,0.0,0.0,,
1004,"Premamillary nucleus, ventral part",PMV,255,78,89,76100,467.0,MEZ ,,6,13.0,703594.0,1418.0,13.0,703594.0,1418.0,54122.61538461538,109.07692307692308
63,"Paraventricular hypothalamic nucleus, descending division",PVHd,255,78,90,76200,467.0,MEZ ,,6,,0.0,0.0,1.0,23525.0,81.0,23525.0,81.0
439,"Paraventricular hypothalamic nucleus, dorsal cap",PaDC,255,78,90,76300,63.0,PVHd,,7,1.0,23525.0,81.0,1.0,23525.0,81.0,23525.0,81.0
693,Ventromedial hypothalamic nucleus,VMH,255,78,91,76700,467.0,MEZ ,,6,,0.0,0.0,246.0,13566110.0,27240.0,55146.78861788618,110.73170731707317
2044,"Ventromedial hypothalamic nucleus, shell region",VMHSh,255,78,91,76710,693.0,VMH,,7,157.0,8612053.0,17203.0,157.0,8612053.0,17203.0,54853.84076433121,109.5732484076433
769,"Ventromedial hypothalamic nucleus, central part",VMHC,255,78,91,76900,693.0,VMH,,7,12.0,382514.0,1053.0,12.0,382514.0,1053.0,31876.166666666668,87.75
777,"Ventromedial hypothalamic nucleus, dorsomedial part",VMHDM,255,78,91,77000,693.0,VMH,,7,23.0,1270261.0,2637.0,23.0,1270261.0,2637.0,55228.739130434784,114.65217391304348
785,"Ventromedial hypothalamic nucleus, ventrolateral part",VMHVL,255,78,91,77100,693.0,VMH,,7,37.0,2392435.0,4369.0,37.0,2392435.0,4369.0,64660.40540540541,118.08108108108108
2474,Posterior hypothalamic area,PHA,255,78,91,77110,467.0,MEZ ,,6,,0.0,0.0,484.0,19615031.0,48740.0,40526.92355371901,100.70247933884298
946,Posterior hypothalamic nucleus,PH,255,79,83,77150,2474.0,PHA,,7,,0.0,0.0,484.0,19615031.0,48740.0,40526.92355371901,100.70247933884298
2364,"Posterior hypothalamic nucleus, dorsal part",PHnd,255,79,83,77160,946.0,PH,,8,269.0,11103073.0,26905.0,269.0,11103073.0,26905.0,41275.36431226766,100.0185873605948
2365,"Posterior hypothalamic nucleus, ventral part",PHnv,255,79,83,77170,946.0,PH,,8,122.0,5086603.0,12872.0,122.0,5086603.0,12872.0,41693.46721311475,105.50819672131148
2075,"Posterior hypothalamic area, dorsal part",PHD,255,79,83,77180,946.0,PH,,8,64.0,2501202.0,6369.0,64.0,2501202.0,6369.0,39081.28125,99.515625
2102,Submammillothalamic nucleus,SMT,255,79,83,77190,946.0,PH,,8,1.0,32359.0,90.0,1.0,32359.0,90.0,32359.0,90.0
290,Hypothalamic lateral zone,LZ,255,79,80,77200,1097.0,HY,,5,,0.0,0.0,4602.0,228709399.0,476384.0,49697.82681442851,103.51673185571491
2309,Juxtaparaventricular part of lateral hypothalamus,JPLH,255,79,81,77300,194.0,LH,,7,29.0,1097022.0,2889.0,29.0,1097022.0,2889.0,37828.34482758621,99.62068965517241
194,Lateral hypothalamic area,LH,255,79,81,77300,290.0,LZ,,6,,0.0,0.0,3309.0,166019426.0,345302.0,50172.08401329707,104.35237231792082
2065,Magnocellular nucleus of the lateral hypothalamus,MCLH,255,79,81,77310,194.0,LH,,7,5.0,185492.0,365.0,5.0,185492.0,365.0,37098.4,73.0
2033,Ventrolateral hypothalamic nucleus ,VLH,255,79,81,77320,194.0,LH,,7,3.0,92606.0,238.0,3.0,92606.0,238.0,30868.666666666668,79.33333333333333
2105,Gemini hypothalamic nucleus,Gem,255,79,81,77330,194.0,LH,,7,5.0,252311.0,449.0,5.0,252311.0,449.0,50462.2,89.8
2081,Peduncular lateral hypothalamus,PLH,255,79,81,77340,194.0,LH,,7,148.0,7536859.0,16175.0,148.0,7536859.0,16175.0,50924.72297297297,109.29054054054055
2048,Tuberal region of lateral hypothalamus,TuLH,255,79,81,77350,194.0,LH,,7,,0.0,0.0,0.0,0.0,0.0,,
2473,Perifornical part of lateral hypothalamus,PeFLH,255,79,81,77360,194.0,LH,,7,,0.0,0.0,0.0,0.0,0.0,,
226,Lateral preoptic area,LPO,255,79,82,77400,290.0,LZ,,6,119.0,6326981.0,13000.0,119.0,6326981.0,13000.0,53167.90756302521,109.24369747899159
2379,Paraterete nucleus,PTe,255,79,80,77610,290.0,LZ,,6,1.0,51961.0,82.0,1.0,51961.0,82.0,51961.0,82.0
364,Parasubthalamic nucleus,PSTh,255,79,80,77700,290.0,LZ,,6,24.0,1683971.0,2533.0,24.0,1683971.0,2533.0,70165.45833333333,105.54166666666667
173,Retrochiasmatic area,RCh,255,79,84,77800,290.0,LZ,,6,,0.0,0.0,90.0,4500173.0,9599.0,50001.92222222222,106.65555555555555
2283,"Retrochiasmatic area, medial part",RChM,255,79,84,77850,173.0,RCh,,7,1.0,29364.0,63.0,1.0,29364.0,63.0,29364.0,63.0
2042,"Retrochiasmatic area, lateral part",RchL,255,79,84,77810,173.0,RCh,,7,40.0,2269416.0,4656.0,40.0,2269416.0,4656.0,56735.4,116.4
470,Subthalamic nucleus,STh,255,79,85,77900,290.0,LZ,,6,17.0,850424.0,1573.0,17.0,850424.0,1573.0,50024.94117647059,92.52941176470588
2063,Subincertal nucleus,SubI,255,79,85,77910,290.0,LZ,,6,113.0,4457935.0,10404.0,113.0,4457935.0,10404.0,39450.75221238938,92.070796460177
614,Medial tuberal nucleus,MTu,255,79,86,78000,290.0,LZ,,6,,0.0,0.0,246.0,12983081.0,25272.0,52776.75203252032,102.73170731707317
2080,Terete hypothalamic nucleus,Te,255,79,86,78010,614.0,MTu,,7,58.0,3486483.0,6431.0,58.0,3486483.0,6431.0,60111.775862068964,110.87931034482759
2079,Perifornical nucleus,PeF,255,79,86,78020,290.0,LZ,,6,13.0,761457.0,1523.0,13.0,761457.0,1523.0,58573.61538461538,117.15384615384616
2111,Ventral linear nucleus of the thalamus,VLi,255,79,87,78030,290.0,LZ,,6,9.0,408156.0,788.0,9.0,408156.0,788.0,45350.666666666664,87.55555555555556
797,Zona incerta,ZI,255,79,87,78100,290.0,LZ,,6,,0.0,0.0,661.0,30665834.0,66308.0,46393.09228441755,100.31467473524962
2125,"Zona incerta, caudal part",ZIC,255,79,87,78110,797.0,ZI,,7,123.0,5024110.0,11509.0,123.0,5024110.0,11509.0,40846.422764227646,93.5691056910569
2043,"Zona incerta, rostral part",ZIR,255,79,87,78120,797.0,ZI,,7,70.0,2766323.0,6609.0,70.0,2766323.0,6609.0,39518.9,94.41428571428571
2053,"Zona incerta, dosal part",ZID,255,79,87,78130,797.0,ZI,,7,138.0,6894718.0,14188.0,138.0,6894718.0,14188.0,49961.72463768116,102.81159420289855
2054,"Zona incerta, ventral part",ZIV,255,79,87,78140,797.0,ZI,,7,224.0,11070517.0,22983.0,224.0,11070517.0,22983.0,49421.950892857145,102.60267857142857
796,DA13 dopamine cells,DA13,255,79,87,78200,797.0,ZI,,7,3.0,127137.0,288.0,3.0,127137.0,288.0,42379.0,96.0
2110,Nucleus of the fields of Forel,F,255,79,87,78300,797.0,ZI,,7,26.0,1203958.0,2672.0,26.0,1203958.0,2672.0,46306.07692307692,102.76923076923077
10671,Median eminence,ME,255,80,80,78400,1097.0,HY,,5,161.0,6326054.0,15863.0,161.0,6326054.0,15863.0,39292.260869565216,98.527950310559
313,Midbrain,MB,255,200,255,78500,343.0,BS,,3,,0.0,0.0,8031.0,377305857.0,842609.0,46981.18005229735,104.91956169841863
2107,Prerubral field,PR,255,200,255,78510,313.0,MB,,4,108.0,5497833.0,11346.0,108.0,5497833.0,11346.0,50905.86111111111,105.05555555555556
339,"Midbrain, sensory related",MBsen,255,176,254,78600,313.0,MB,,4,,0.0,0.0,3111.0,140692096.0,317831.0,45224.07457409193,102.16361298617808
2476,Superior colliculus,SC,255,176,254,78610,339.0,MBsen,,5,,0.0,0.0,1441.0,65982950.0,151143.0,45789.69465648855,104.88757807078417
302,"Superior colliculus, sensory related",SCs,255,152,250,78700,2476.0,SC,,6,,0.0,0.0,959.0,41727232.0,97264.0,43511.19082377476,101.422314911366
851,Optic layer of the superior colliculus,Op,255,152,250,78800,302.0,SCs,,7,224.0,9953712.0,22462.0,224.0,9953712.0,22462.0,44436.21428571428,100.27678571428571
842,Superficial gray layer of the superior colliculus,SuG,255,152,250,78900,302.0,SCs,,7,278.0,11748776.0,27627.0,278.0,11748776.0,27627.0,42261.78417266187,99.37769784172662
834,Zonal layer of superior colliculus,Zo,255,152,250,79000,302.0,SCs,,7,457.0,20024744.0,47175.0,457.0,20024744.0,47175.0,43817.82056892779,103.22757111597375
4,Inferior colliculus,IC,255,152,255,79100,339.0,MBsen,,5,,0.0,0.0,1513.0,67093765.0,150025.0,44344.8545935228,99.15730337078652
811,Central nucleus of the inferior colliculus,CIC,255,152,255,79200,4.0,IC,,6,259.0,10516501.0,24296.0,259.0,10516501.0,24296.0,40604.25096525097,93.8069498069498
820,Dorsal cortex of the inferior colliculus,DCIC,255,152,255,79300,4.0,IC,,6,676.0,31263582.0,68944.0,676.0,31263582.0,68944.0,46247.902366863906,101.98816568047337
828,External cortex of the inferior colliculus,ECIC,255,152,255,79400,4.0,IC,,6,,0.0,0.0,578.0,25313682.0,56785.0,43795.29757785467,98.2439446366782
2188,"External cortex of the inferior colliculus, layer 1",ECIC1,255,152,255,79410,828.0,ECIC,,7,338.0,14881318.0,33146.0,338.0,14881318.0,33146.0,44027.56804733728,98.06508875739645
2189,"External cortex of the inferior colliculus, layer 2",ECIC2,255,152,255,79420,828.0,ECIC,,7,59.0,2353824.0,5407.0,59.0,2353824.0,5407.0,39895.32203389831,91.64406779661017
2190,"External cortex of the inferior colliculus, layer 3",ECIC3,255,152,255,79430,828.0,ECIC,,7,73.0,3358288.0,7324.0,73.0,3358288.0,7324.0,46003.94520547945,100.32876712328768
2457,Commissural nucleus of the inferior colliculus,Com,255,152,255,79440,4.0,IC,,6,,0.0,0.0,0.0,0.0,0.0,,
2475,Recess of the inferior colliculus,ReIC,255,152,255,79450,4.0,IC,,6,,0.0,0.0,0.0,0.0,0.0,,
580,Nucleus of the brachium of the inferior colliculus,BIC,255,152,253,79500,339.0,MBsen,,5,26.0,1601412.0,3211.0,26.0,1601412.0,3211.0,61592.769230769234,123.5
271,Sagulum nucleus,Sag,255,152,251,79600,339.0,MBsen,,5,15.0,553430.0,1526.0,15.0,553430.0,1526.0,36895.333333333336,101.73333333333333
874,Parabigeminal nucleus,PBG,255,152,252,79700,339.0,MBsen,,5,45.0,1597026.0,4262.0,45.0,1597026.0,4262.0,35489.46666666667,94.71111111111111
2163,Microcellular tegmental nucleus,MiTg,255,152,252,79710,339.0,MBsen,,5,26.0,1247494.0,2529.0,26.0,1247494.0,2529.0,47980.53846153846,97.26923076923077
460,Mesencephalic trigeminal nucleus,Me5,255,152,254,79800,339.0,MBsen,,5,,0.0,0.0,0.0,0.0,0.0,,
2108,Subcommissural organ ,SCO,255,152,254,79810,339.0,MBsen,,5,45.0,2616019.0,5135.0,45.0,2616019.0,5135.0,58133.75555555556,114.11111111111111
323,"Midbrain, motor related",MBmot,255,132,255,79900,313.0,MB,,4,,0.0,0.0,3664.0,177136860.0,391188.0,48345.21288209607,106.76528384279476
2147,Mesencephalic reticular formation,mRt,255,132,255,79910,323.0,MBmot,,5,376.0,18835583.0,40837.0,376.0,18835583.0,40837.0,50094.63563829787,108.60904255319149
2131,prosomere 1 reticular formation,p1Rt,255,132,255,79920,323.0,MBmot,,5,388.0,18406969.0,41672.0,388.0,18406969.0,41672.0,47440.64175257732,107.4020618556701
2181,Isthmic reticular formation,isRt,255,132,255,79930,323.0,MBmot,,5,146.0,7548242.0,15300.0,146.0,7548242.0,15300.0,51700.28767123288,104.79452054794521
2154,Pararubral nucleus,PaR,255,132,255,79940,323.0,MBmot,,5,27.0,1433731.0,3025.0,27.0,1433731.0,3025.0,53101.148148148146,112.03703703703704
381,"Substantia nigra, reticular part",SNR,255,178,247,80000,323.0,MBmot,,5,159.0,9791533.0,18209.0,159.0,9791533.0,18209.0,61581.96855345912,114.52201257861635
749,Ventral tegmental area,VTA,255,178,246,80100,323.0,MBmot,,5,,0.0,0.0,604.0,26421348.0,61075.0,43743.953642384105,101.11754966887418
2138,Paranigral nucleus of the VTA,PN,255,178,246,80110,749.0,VTA,,6,66.0,3147251.0,7452.0,66.0,3147251.0,7452.0,47685.621212121216,112.9090909090909
2144,Parainterfascicular nucleus of the VTA,PIF,255,178,246,80120,749.0,VTA,,6,134.0,6306232.0,14240.0,134.0,6306232.0,14240.0,47061.432835820895,106.26865671641791
2124,Parabranchial pigmented nucleus of the VTA,PBP,255,178,246,80130,749.0,VTA,,6,240.0,10695788.0,23966.0,240.0,10695788.0,23966.0,44565.78333333333,99.85833333333333
2427,"Ventral tegmental area, rostral part",VTAR,255,178,246,80140,749.0,VTA,,6,43.0,1796611.0,4353.0,43.0,1796611.0,4353.0,41781.651162790695,101.23255813953489
2112,Rostral interstitial nucleus of the medial longitudinal fasciculus,RI,255,178,246,80150,313.0,MB,,4,30.0,938851.0,2737.0,30.0,938851.0,2737.0,31295.033333333333,91.23333333333333
2101,DA11 dopamine cells,DA11,255,178,246,80160,313.0,MB,,4,26.0,938495.0,2484.0,26.0,938495.0,2484.0,36095.96153846154,95.53846153846153
246,Retroisthmic nucleus,RIs,255,178,249,80200,323.0,MBmot,,5,,0.0,0.0,83.0,5034647.0,9627.0,60658.39759036145,115.98795180722891
2153,Retrorubral field,RRF,255,178,249,80210,246.0,RIs,,6,80.0,4936510.0,9292.0,80.0,4936510.0,9292.0,61706.375,116.15
294,"Superior colliculus, motor related",SCm,255,178,248,80700,2476.0,SC,,6,,0.0,0.0,482.0,24255718.0,53879.0,50323.066390041495,111.78215767634855
26,Deep gray layer of the superior colliculus,DpG,255,178,248,80800,294.0,SCm,,7,91.0,5063348.0,11090.0,91.0,5063348.0,11090.0,55641.18681318681,121.86813186813187
42,Deep white layer of the superior colliculus,DpWh,255,178,248,80900,294.0,SCm,,7,24.0,1269841.0,3045.0,24.0,1269841.0,3045.0,52910.041666666664,126.875
17,Intermediate white layer of the superior colliculus,InWh,255,178,248,81000,294.0,SCm,,7,62.0,3262508.0,7212.0,62.0,3262508.0,7212.0,52621.096774193546,116.3225806451613
10,Intermediate gray layer of the superior colliculus,InG,255,178,248,81100,294.0,SCm,,7,305.0,14660021.0,32532.0,305.0,14660021.0,32532.0,48065.64262295082,106.66229508196722
795,Periaqueductal gray,PAG,255,144,255,81500,323.0,MBmot,,5,,0.0,0.0,954.0,46819276.0,103172.0,49076.809224318655,108.14675052410901
2141,Dorsomedial periaqueductal gray,DMPAG,255,144,255,81510,795.0,PAG,,6,10.0,499908.0,1031.0,10.0,499908.0,1031.0,49990.8,103.1
2142,Lateral periaqueductal gray,LPAG,255,144,255,81520,795.0,PAG,,6,356.0,16966646.0,37573.0,356.0,16966646.0,37573.0,47659.11797752809,105.54213483146067
2143,Pleoglial periaqueductal gray,PlPAG,255,144,255,81530,795.0,PAG,,6,,0.0,0.0,0.0,0.0,0.0,,
2148,Dorsolateral periaqueductal gray,DLPAG,255,144,255,81540,795.0,PAG,,6,10.0,791579.0,1170.0,10.0,791579.0,1170.0,79157.9,117.0
2162,Ventrolateral periaqueductal gray,VLPAG,255,144,255,81550,795.0,PAG,,6,348.0,17282287.0,37834.0,348.0,17282287.0,37834.0,49661.74425287356,108.7183908045977
2114,prosomere 1 periaqueductal gray,p1PAG,255,144,255,81560,795.0,PAG,,6,142.0,7515459.0,16388.0,142.0,7515459.0,16388.0,52925.7676056338,115.40845070422536
2123,Lithoid nucleus,Lth,255,144,255,81570,323.0,MBmot,,5,20.0,705893.0,2044.0,20.0,705893.0,2044.0,35294.65,102.2
50,Precommissural nucleus,PrC,255,144,255,81600,323.0,MBmot,,5,32.0,1078499.0,3031.0,32.0,1078499.0,3031.0,33703.09375,94.71875
67,Interstitial nucleus of Cajal,InC,255,145,255,81700,323.0,MBmot,,5,,0.0,0.0,33.0,1273660.0,3700.0,38595.757575757576,112.12121212121212
2129,"Interstitial nucleus of Cajal, shell region",InCSh,255,145,255,81710,67.0,InC,,6,11.0,450156.0,1221.0,11.0,450156.0,1221.0,40923.27272727273,111.0
587,Nucleus of Darkschewitsch,Dk,255,146,255,81800,323.0,MBmot,,5,24.0,1241568.0,3017.0,24.0,1241568.0,3017.0,51732.0,125.70833333333333
2152,Supraoculomotor cap,Su3C,255,146,255,81810,323.0,MBmot,,5,16.0,418983.0,1303.0,16.0,418983.0,1303.0,26186.4375,81.4375
2156,Supraoculomotor periaqueductal gray,Su3,255,146,255,81820,323.0,MBmot,,5,11.0,651957.0,1536.0,11.0,651957.0,1536.0,59268.818181818184,139.63636363636363
1100,Pretectal region,PRT,255,176,250,81900,323.0,MBmot,,5,,0.0,0.0,245.0,11761658.0,25541.0,48006.767346938774,104.24897959183673
215,Anterior pretectal nucleus,APT,255,176,249,82000,1100.0,PRT,,6,,0.0,0.0,56.0,2968852.0,6119.0,53015.21428571428,109.26785714285714
2099,"Anterior pretectal nucleus, dorsal part",APTD,255,176,249,82010,215.0,APT,,7,32.0,1567023.0,3485.0,32.0,1567023.0,3485.0,48969.46875,108.90625
2100,"Anterior pretectal nucleus, ventral part",APTV,255,176,249,82020,215.0,APT,,7,13.0,844455.0,1456.0,13.0,844455.0,1456.0,64958.07692307692,112.0
531,Medial pretectal area,MPT,255,176,248,82100,1100.0,PRT,,6,61.0,3227469.0,6519.0,61.0,3227469.0,6519.0,52909.32786885246,106.8688524590164
2415,Retrocommissural nucleus,ReC,255,176,248,82110,1100.0,PRT,,6,31.0,1424044.0,3326.0,31.0,1424044.0,3326.0,45936.903225806454,107.29032258064517
628,Nucleus of the optic tract,OT,255,176,247,82200,1100.0,PRT,,6,53.0,2158009.0,4909.0,53.0,2158009.0,4909.0,40717.15094339623,92.62264150943396
634,Nucleus of the posterior commissure,PCom,255,176,246,82300,1100.0,PRT,,6,,0.0,0.0,10.0,602500.0,1386.0,60250.0,138.6
2121,Magnocellular nucleus of the posterior commissure,MCPC,255,176,246,82310,634.0,PCom,,7,5.0,259665.0,645.0,5.0,259665.0,645.0,51933.0,129.0
706,Olivary pretectal nucleus,OPT,255,176,245,82400,1100.0,PRT,,6,13.0,545296.0,1177.0,13.0,545296.0,1177.0,41945.846153846156,90.53846153846153
1061,Posterior pretectal nucleus,PPT,255,176,244,82500,1100.0,PRT,,6,10.0,440338.0,1006.0,10.0,440338.0,1006.0,44033.8,100.6
2122,Retroparafascicular nucleus,RPF,255,176,244,82510,1100.0,PRT,,6,11.0,395150.0,1099.0,11.0,395150.0,1099.0,35922.72727272727,99.9090909090909
616,Cuneiform nucleus,CnF,255,178,254,82600,323.0,MBmot,,5,,0.0,0.0,69.0,3267374.0,7141.0,47353.24637681159,103.4927536231884
2192,Precuneiform area,PrCnF,255,178,254,82610,616.0,CnF,,6,30.0,1288581.0,2855.0,30.0,1288581.0,2855.0,42952.7,95.16666666666667
214,Red nucleus,R,255,134,249,82700,323.0,MBmot,,5,,0.0,0.0,46.0,1939168.0,4719.0,42155.82608695652,102.58695652173913
2137,"Red nucleus, parvicellular part",RPC,255,134,249,82710,214.0,R,,6,32.0,1381993.0,3407.0,32.0,1381993.0,3407.0,43187.28125,106.46875
2139,"Red nucleus, magnocellular part",RMC,255,134,249,82720,214.0,R,,6,13.0,524408.0,1227.0,13.0,524408.0,1227.0,40339.07692307692,94.38461538461539
2136,Medial accessory oculomotor nucleus,MA3,255,168,255,82730,323.0,MBmot,,5,53.0,2133035.0,5858.0,53.0,2133035.0,5858.0,40245.943396226416,110.52830188679245
35,Oculomotor nerve,3N,255,168,255,82800,323.0,MBmot,,5,,0.0,0.0,13.0,606708.0,1385.0,46669.846153846156,106.53846153846153
2157,"Oculomotor nucleus, parvicellular part",3PC,255,168,255,82810,35.0,3N,,6,4.0,100146.0,310.0,4.0,100146.0,310.0,25036.5,77.5
975,Edinger-Westphal nucleus,EW,255,178,253,82900,323.0,MBmot,,5,,0.0,0.0,72.0,4125126.0,8993.0,57293.416666666664,124.90277777777777
2130,Pre-Edinger-Westphal nucleus,PrEW,255,178,253,82910,975.0,EW,,6,49.0,2944455.0,6202.0,49.0,2944455.0,6202.0,60090.91836734694,126.57142857142857
115,Trochlear nucleus,4N,255,178,255,83000,323.0,MBmot,,5,,0.0,0.0,18.0,674214.0,1637.0,37456.333333333336,90.94444444444444
2180,Trochlear nucleus shell region,4Sh,255,178,255,83010,115.0,4N,,6,7.0,194926.0,570.0,7.0,194926.0,570.0,27846.571428571428,81.42857142857143
2179,Paratrochlear nucleus,Pa4,255,178,255,83020,115.0,4N,,6,7.0,363106.0,773.0,7.0,363106.0,773.0,51872.28571428572,110.42857142857143
757,Ventral tegmental nucleus,VTg,255,177,250,83100,323.0,MBmot,,5,,0.0,0.0,0.0,0.0,0.0,,
231,Anterior tegmental nucleus,ATg,255,177,252,83200,323.0,MBmot,,5,5.0,314719.0,518.0,5.0,314719.0,518.0,62943.8,103.6
2168,Rhabdoid nucleus,Rbd,255,177,252,83210,323.0,MBmot,,5,1.0,113499.0,170.0,1.0,113499.0,170.0,113499.0,170.0
66,Lateral terminal nucleus of the accessory optic tract,LT,255,177,253,83300,323.0,MBmot,,5,32.0,1668902.0,3323.0,32.0,1668902.0,3323.0,52153.1875,103.84375
75,Dorsal terminal nucleus,DT,255,177,253,83400,323.0,MBmot,,5,21.0,672537.0,1932.0,21.0,672537.0,1932.0,32025.571428571428,92.0
58,Medial terminal nucleus,MT,255,177,253,83500,323.0,MBmot,,5,12.0,524177.0,1154.0,12.0,524177.0,1154.0,43681.416666666664,96.16666666666667
615,"Substantia nigra, lateral part",SNL,255,178,247,83600,323.0,MBmot,,5,88.0,4014809.0,9012.0,88.0,4014809.0,9012.0,45622.829545454544,102.4090909090909
348,"Midbrain, behavioral state related",MBsta,255,176,253,83700,313.0,MB,,4,,0.0,0.0,1019.0,48428461.0,108717.0,47525.47693817468,106.68989205103043
374,"Substantia nigra, compact part",SNC,255,158,248,83800,348.0,MBsta,,5,,0.0,0.0,106.0,5817623.0,11068.0,54883.235849056604,104.41509433962264
2134,"Substantia nigra, compact part, dorsal tier",SNCD,255,158,248,83810,374.0,SNC,,6,99.0,5533398.0,10376.0,99.0,5533398.0,10376.0,55892.90909090909,104.8080808080808
2135,"Substantia nigra, compact part, medial tier",SNCM,255,158,248,83820,374.0,SNC,,6,7.0,284225.0,692.0,7.0,284225.0,692.0,40603.57142857143,98.85714285714286
1052,Pedunculotegmental nucleus,PTg,255,158,255,83900,348.0,MBsta,,5,,0.0,0.0,204.0,10984523.0,22141.0,53845.700980392154,108.5343137254902
2183,Subpeduncular tegmental nucleus,SPTg,255,158,255,83910,1052.0,PTg,,6,46.0,2428787.0,5257.0,46.0,2428787.0,5257.0,52799.717391304344,114.28260869565217
165,Midbrain raphÈ nuclei,RAmb,255,158,254,84000,348.0,MBsta,,5,,0.0,0.0,709.0,31626315.0,75508.0,44606.9322990127,106.49929478138223
12,Interfascicular nucleus,IF,255,158,251,84100,165.0,RAmb,,6,101.0,4834713.0,11458.0,101.0,4834713.0,11458.0,47868.44554455446,113.44554455445545
100,Interpeduncular nucleus,IP,255,158,247,84200,165.0,RAmb,,6,,0.0,0.0,296.0,12244819.0,30096.0,41367.63175675676,101.67567567567568
2140,"Interpeduncular nucleus, rostral subnucleus",IPR,255,158,247,84210,100.0,IP,,7,63.0,3094195.0,7502.0,63.0,3094195.0,7502.0,49114.206349206346,119.07936507936508
2145,"Interpeduncular nucleus, lateral subnucleus",IPL,255,158,247,84220,100.0,IP,,7,78.0,3238815.0,7139.0,78.0,3238815.0,7139.0,41523.269230769234,91.52564102564102
2146,"Interpeduncular nucleus, caudal subnucleus",IPC,255,158,247,84230,100.0,IP,,7,66.0,2202105.0,6117.0,66.0,2202105.0,6117.0,33365.22727272727,92.68181818181819
2149,"Interpeduncular nucleus, dorsomedial subnucleus",IPDM,255,158,247,84240,100.0,IP,,7,2.0,73636.0,227.0,2.0,73636.0,227.0,36818.0,113.5
2151,"Interpeduncular nucleus, dorsolateral subnucleus",IPDL,255,158,247,84250,100.0,IP,,7,12.0,446640.0,1298.0,12.0,446640.0,1298.0,37220.0,108.16666666666667
2150,"Interpeduncular nucleus, intermediate subnucleus",IPI,255,158,247,84260,100.0,IP,,7,74.0,3164929.0,7738.0,74.0,3164929.0,7738.0,42769.31081081081,104.56756756756756
2160,"Interpeduncular nucleus, apical subnucleus",IPA,255,158,247,84270,100.0,IP,,7,1.0,24499.0,75.0,1.0,24499.0,75.0,24499.0,75.0
197,Rostral linear nucleus (midbrain),RLi ,255,158,249,84300,165.0,RAmb,,6,105.0,4709099.0,11833.0,105.0,4709099.0,11833.0,44848.561904761904,112.6952380952381
591,Caudal linear nucleus of the raphÈ,CLi,255,158,253,84400,165.0,RAmb,,6,30.0,1785971.0,3560.0,30.0,1785971.0,3560.0,59532.36666666667,118.66666666666667
872,Dorsal raphÈ nucleus,DR,255,158,252,84500,165.0,RAmb,,6,,0.0,0.0,177.0,8051713.0,18561.0,45489.90395480226,104.86440677966101
2173,"Dorsal raphÈ nucleus, caudal part",DRC,255,158,252,84510,872.0,DR,,7,4.0,302539.0,641.0,4.0,302539.0,641.0,75634.75,160.25
2174,"Dorsal raphÈ nucleus, dorsal part",DRD,255,158,252,84520,872.0,DR,,7,23.0,1171087.0,2356.0,23.0,1171087.0,2356.0,50916.82608695652,102.43478260869566
2175,Dorsal raphÈ interfascicular part,DRI,255,158,252,84530,872.0,DR,,7,1.0,26410.0,65.0,1.0,26410.0,65.0,26410.0,65.0
2176,"Dorsal raphÈ nucleus, lateral part",DRL,255,158,252,84540,872.0,DR,,7,66.0,3381955.0,7027.0,66.0,3381955.0,7027.0,51241.742424242424,106.46969696969697
2177,"Dorsal raphÈ nucleus, ventral part",DRV,255,158,252,84550,872.0,DR,,7,9.0,506898.0,1178.0,9.0,506898.0,1178.0,56322.0,130.88888888888889
2178,Posterodorsal raphÈ nucleus,PDR,255,158,252,84560,872.0,DR,,7,63.0,2335657.0,6379.0,63.0,2335657.0,6379.0,37073.920634920636,101.25396825396825
1065,Hindbrain,HB,255,155,168,84600,343.0,BS,,3,,0.0,0.0,27518.0,1502864116.0,2982322.0,54613.856966349296,108.37713496620394
771,Pons,P,255,155,136,84700,1065.0,HB,,4,,0.0,0.0,4973.0,253376891.0,524030.0,50950.51095917957,105.37502513573295
1132,"Pons, sensory related",P-sen,255,170,98,84800,771.0,P,,5,,0.0,0.0,1151.0,65892201.0,126411.0,57247.785403996524,109.82710686359687
612,Paralemniscal nucleus,PL,255,170,97,84900,1132.0,P-sen,,6,,0.0,0.0,208.0,10973261.0,22797.0,52756.0625,109.60096153846153
82,Dorsal nucleus of the lateral lemniscus,DLL,255,170,97,85000,612.0,PL,,7,2.0,48964.0,155.0,2.0,48964.0,155.0,24482.0,77.5
99,Ventral nucleus of the lateral lemniscus,VLL,255,170,97,85200,612.0,PL,,7,86.0,3985738.0,8281.0,86.0,3985738.0,8281.0,46345.79069767442,96.29069767441861
2172,Intermediate nucleus of the lateral lemniscus,ILL,255,170,97,85210,612.0,PL,,7,8.0,616613.0,1111.0,8.0,616613.0,1111.0,77076.625,138.875
2184,"Triangular nucleus, lateral lemniscus",TrLL,255,170,97,85220,612.0,PL,,7,2.0,147420.0,258.0,2.0,147420.0,258.0,73710.0,129.0
7,Principal sensory trigeminal nucleus,Pr5,255,170,95,85300,1132.0,P-sen,,6,,0.0,0.0,204.0,12912338.0,24338.0,63295.77450980392,119.30392156862744
2203,"Principal sensory trigeminal nucleus, dorsomedial part",Pr5DM,255,170,95,85310,7.0,Pr5,,7,87.0,5567091.0,10610.0,87.0,5567091.0,10610.0,63989.55172413793,121.95402298850574
2202,"Principal sensory trigeminal nucleus, ventrolateral part",Pr5VL,255,170,95,85320,7.0,Pr5,,7,67.0,3797690.0,7510.0,67.0,3797690.0,7510.0,56681.94029850746,112.08955223880596
867,Parabrachial nucleus,PB,255,170,96,85400,1132.0,P-sen,,6,,0.0,0.0,128.0,6375371.0,13663.0,49807.5859375,106.7421875
123,Kolliker-Fuse nucleus,KF,255,165,96,85500,867.0,PB,,7,1.0,15634.0,54.0,1.0,15634.0,54.0,15634.0,54.0
881,Lateral parabrachial nucleus,LPB,255,169,96,85600,867.0,PB,,7,,0.0,0.0,81.0,3963854.0,8680.0,48936.46913580247,107.1604938271605
860,"Lateral parabrachial nucleus, central part",LPBC,255,169,96,85700,881.0,LPB,,8,20.0,780792.0,1772.0,20.0,780792.0,1772.0,39039.6,88.6
2458,"Lateral parabrachial nucleus, crescent part",LPBCr,255,169,96,85710,881.0,LPB,,8,20.0,980017.0,2194.0,20.0,980017.0,2194.0,49000.85,109.7
868,"Lateral parabrachial nucleus, dorsal part",LPBD,255,169,96,85800,881.0,LPB,,8,4.0,272611.0,434.0,4.0,272611.0,434.0,68152.75,108.5
875,"Lateral parabrachial nucleus, external part",LPBE,255,169,96,85900,881.0,LPB,,8,27.0,1375207.0,2945.0,27.0,1375207.0,2945.0,50933.59259259259,109.07407407407408
883,"Lateral parabrachial nucleus, superior part",LPBS,255,169,96,86000,881.0,LPB,,8,2.0,77393.0,205.0,2.0,77393.0,205.0,38696.5,102.5
891,"Lateral parabrachial nucleus, ventral part",LPBV,255,169,96,86100,881.0,LPB,,8,3.0,239941.0,476.0,3.0,239941.0,476.0,79980.33333333333,158.66666666666666
2213,"Lateral parabrachial nucleus, internal part",LPBI,255,169,96,86110,881.0,LPB,,8,,0.0,0.0,0.0,0.0,0.0,,
890,Medial parabrachial nucleus,MPB,255,168,96,86200,867.0,PB,,7,,0.0,0.0,46.0,2395883.0,4929.0,52084.413043478264,107.15217391304348
899,"Medial parabrachial nucleus, external part",MPBE,255,168,96,86300,890.0,MPB,,8,3.0,117680.0,245.0,3.0,117680.0,245.0,39226.666666666664,81.66666666666667
398,Superior olivary complex,SOC,255,170,94,86600,1132.0,P-sen,,6,,0.0,0.0,611.0,35631231.0,65613.0,58316.253682487724,107.38625204582651
122,"Superior olivary complex, periolivary nucleus",POR,255,170,94,86700,398.0,SOC,,7,,0.0,0.0,308.0,17682751.0,32513.0,57411.52922077922,105.56168831168831
2207,Lateroventral periolivary nucleus,LVPO,255,170,94,86710,122.0,POR,,8,143.0,8092298.0,15244.0,143.0,8092298.0,15244.0,56589.496503496506,106.6013986013986
2208,Medioventral periolivary nucleus,MVPO,255,170,94,86720,122.0,POR,,8,164.0,9570456.0,17206.0,164.0,9570456.0,17206.0,58356.439024390245,104.91463414634147
2209,Dorsal periolivary region,DPO,255,170,94,86730,122.0,POR,,8,1.0,19997.0,63.0,1.0,19997.0,63.0,19997.0,63.0
2227,Caudal periolivary nucleus,CPO,255,170,94,86740,122.0,POR,,8,,0.0,0.0,0.0,0.0,0.0,,
2456,Superior paraolivary nucleus,SPO,255,170,94,86750,398.0,SOC,,7,114.0,6738964.0,12407.0,114.0,6738964.0,12407.0,59113.71929824561,108.83333333333333
105,Medial superior olive,MSO,255,170,94,86800,398.0,SOC,,7,26.0,2061492.0,3231.0,26.0,2061492.0,3231.0,79288.15384615384,124.26923076923077
114,Lateral superior olive,LSO,255,170,94,86900,398.0,SOC,,7,162.0,9115766.0,17391.0,162.0,9115766.0,17391.0,56270.16049382716,107.35185185185185
2187,Nucleus of the central acoustic tract,CAT,255,170,94,86910,398.0,SOC,,7,1.0,32258.0,71.0,1.0,32258.0,71.0,32258.0,71.0
987,"Pons, motor related",P-mot,255,174,92,87000,771.0,P,,5,,0.0,0.0,2683.0,131930273.0,280040.0,49172.66977264256,104.37569884457696
2191,A7 noradrenaline cells,A7,255,79,87,78320,987.0,P-mot,,6,,0.0,0.0,0.0,0.0,0.0,,
280,Barrington's nucleus,Bar,255,174,80,87100,987.0,P-mot,,6,,0.0,0.0,41.0,2236518.0,4436.0,54549.21951219512,108.1951219512195
2459,"Barrington's nucleus, dorsal part",Bard,255,174,80,87110,280.0,Bar,,7,15.0,1132875.0,1717.0,15.0,1132875.0,1717.0,75525.0,114.46666666666667
2460,"Barrington's nucleus, ventral part",Barv,255,174,80,87120,280.0,Bar,,7,20.0,967035.0,2262.0,20.0,967035.0,2262.0,48351.75,113.1
880,Dorsal tegmental nucleus,DTg,255,174,87,87200,987.0,P-mot,,6,,0.0,0.0,196.0,8316581.0,20164.0,42431.53571428572,102.87755102040816
2210,"Dorsal tegmental nucleus, central part",DTgC,255,174,87,87210,880.0,DTg,,7,,0.0,0.0,0.0,0.0,0.0,,
2201,"Dorsal tegmental nucleus, pericentral part",DTgP,255,174,87,87220,880.0,DTg,,7,,0.0,0.0,0.0,0.0,0.0,,
2230,Posterodorsal tegmental nucleus,PDTg,255,174,87,87230,880.0,DTg,,7,196.0,8316581.0,20164.0,196.0,8316581.0,20164.0,42431.53571428572,102.87755102040816
898,Central gray,CG,255,174,120,87400,987.0,P-mot,,6,,0.0,0.0,81.0,3931222.0,8404.0,48533.60493827161,103.75308641975309
2215,"Central gray, alpha part",CGA,255,174,120,87410,898.0,CG,,7,20.0,886771.0,2066.0,20.0,886771.0,2066.0,44338.55,103.3
2216,"Central gray, beta part",CGB,255,174,120,87420,898.0,CG,,7,5.0,248996.0,462.0,5.0,248996.0,462.0,49799.2,92.4
2231,"Central gray, gamma part",CGG,255,174,120,87430,898.0,CG,,7,2.0,62641.0,132.0,2.0,62641.0,132.0,31320.5,66.0
2221,"Central gray, nucleus O",CGO,255,174,120,87440,898.0,CG,,7,7.0,370032.0,840.0,7.0,370032.0,840.0,52861.71428571428,120.0
931,Pontine nuclei,Pn,255,174,92,87500,987.0,P-mot,,6,2181.0,108719572.0,228556.0,2181.0,108719572.0,228556.0,49848.49701971572,104.79413113250803
2206,"Pontine reticular nucleus, caudal part",PnC,255,174,85,87600,987.0,P-mot,,6,29.0,1428543.0,3132.0,29.0,1428543.0,3132.0,49260.10344827586,108.0
2197,Dorsomedial tegmental area,DMTg,255,174,85,87610,1117.0,P-sat,,6,30.0,1002944.0,2388.0,30.0,1002944.0,2388.0,33431.46666666667,79.6
2220,Sphenoid nucleus,Sph,255,174,92,87710,987.0,P-mot,,6,,0.0,0.0,0.0,0.0,0.0,,
318,Supragenual nucleus,SGe,255,174,84,87800,987.0,P-mot,,6,3.0,185679.0,374.0,3.0,185679.0,374.0,61893.0,124.66666666666667
462,Superior salivatory nucleus,SuS,255,174,83,87900,987.0,P-mot,,6,2.0,181069.0,293.0,2.0,181069.0,293.0,90534.5,146.5
534,Supratrigeminal nucleus,Su5,255,174,82,88000,987.0,P-mot,,6,26.0,999888.0,2335.0,26.0,999888.0,2335.0,38457.230769230766,89.8076923076923
574,Reticulotegmental nucleus of the pons,RtTg,255,174,81,88100,987.0,P-mot,,6,,0.0,0.0,98.0,3764355.0,9327.0,38411.78571428572,95.1734693877551
2165,"Reticulotegmental nucleus of the pons, pericentral part",RtTgP,255,174,81,88110,574.0,RtTg,,7,34.0,1235455.0,3284.0,34.0,1235455.0,3284.0,36336.91176470588,96.58823529411765
2166,B9 serotonin cells,B9,255,174,81,88120,771.0,P,,5,14.0,801718.0,1380.0,14.0,801718.0,1380.0,57265.57142857143,98.57142857142857
621,Motor trigeminal nucleus,5N,255,174,104,88200,987.0,P-mot,,6,,0.0,0.0,16.0,1503669.0,1833.0,93979.3125,114.5625
2204,"Motor trigeminal nucleus, anterior digastric part",5ADi,255,174,104,88210,621.0,5N,,7,4.0,744754.0,557.0,4.0,744754.0,557.0,186188.5,139.25
2453,"Motor trigeminal nucleus, temporalis part",5Te,255,174,104,88210,621.0,5N,,7,2.0,34951.0,117.0,2.0,34951.0,117.0,17475.5,58.5
2194,Interfascicular trigeminar nucleus,IF5/5TT,255,174,104,88220,621.0,5N,,7,6.0,393701.0,685.0,6.0,393701.0,685.0,65616.83333333333,114.16666666666667
2454,"Motor trigeminal nucleus, masseter part",5Ma,255,174,104,88220,621.0,5N,,7,,0.0,0.0,0.0,0.0,0.0,,
2455,"Motor trigeminal nucleus, medial pterygoid part",5MPt,255,174,104,88230,621.0,5N,,7,3.0,147182.0,318.0,3.0,147182.0,318.0,49060.666666666664,106.0
2193,Peritrigeminal zone,P5,255,174,104,88230,987.0,P-mot,,6,10.0,663177.0,1186.0,10.0,663177.0,1186.0,66317.7,118.6
1117,"Pons, behavioral state related",P-sat,255,172,120,88300,771.0,P,,5,,0.0,0.0,894.0,42489317.0,91826.0,47527.20022371365,102.71364653243847
679,Nucleus raphÈ,NR,255,172,119,88400,1117.0,P-sat,,6,,0.0,0.0,215.0,8772870.0,21911.0,40804.04651162791,101.91162790697675
137,Paramedian raphÈ nucleus,PMnR,255,172,119,88500,679.0,NR,,7,149.0,6367984.0,14953.0,149.0,6367984.0,14953.0,42738.147651006715,100.35570469798658
130,Median raphÈ nucleus,MnR,255,172,119,88600,679.0,NR,,7,66.0,2404886.0,6958.0,66.0,2404886.0,6958.0,36437.666666666664,105.42424242424242
147,Locus coeruleus,LC,255,172,118,88700,1117.0,P-sat,,6,45.0,3159512.0,5623.0,45.0,3159512.0,5623.0,70211.37777777777,124.95555555555555
2284,Laterodorsal tegmental nucleus,LDT,255,172,117,88800,1117.0,P-sat,,6,,0.0,0.0,79.0,2936389.0,7238.0,37169.48101265823,91.62025316455696
162,"Laterodorsal tegmental nucleus, dorsal part",LDTg,255,172,117,88810,2284.0,LDT,,7,,0.0,0.0,69.0,2519082.0,6335.0,36508.434782608696,91.81159420289855
2366,"Laterodorsal tegmental nucleus, dorsal part, lateral division",LDTdl,255,172,117,88820,162.0,LDTg,,8,53.0,1786900.0,4855.0,53.0,1786900.0,4855.0,33715.09433962264,91.60377358490567
2367,"Laterodorsal tegmental nucleus, dorsal part, medial division",LDTdm,255,172,117,88830,162.0,LDTg,,8,11.0,518959.0,946.0,11.0,518959.0,946.0,47178.09090909091,86.0
2195,"Laterodorsal tegmental nucleus, ventral part",LDTgV,255,172,117,88840,2284.0,LDT,,7,10.0,417307.0,903.0,10.0,417307.0,903.0,41730.7,90.3
146,Pontine reticular nucleus,PRNr,255,172,120,89000,1117.0,P-sat,,6,,0.0,0.0,497.0,25131568.0,51523.0,50566.535211267605,103.66800804828974
2205,"Pontine reticular nucleus, oral part",PnO,255,172,120,89010,146.0,PRNr,,7,492.0,25027491.0,51145.0,492.0,25027491.0,51145.0,50868.884146341465,103.95325203252033
2217,"Pontine reticular nucleus, ventral part",PnV,255,172,120,89020,146.0,PRNr,,7,5.0,104077.0,378.0,5.0,104077.0,378.0,20815.4,75.6
2182,Epirubrospinal nucleus,ERS,255,172,120,89030,146.0,PRNr,,7,,0.0,0.0,0.0,0.0,0.0,,
2185,Medial paralemniscial nucleus,MPL,255,172,120,89040,1117.0,P-sat,,6,8.0,445925.0,971.0,8.0,445925.0,971.0,55740.625,121.375
2186,"Perilemniscal nucleus, ventral part",PLV,255,172,120,89050,1117.0,P-sat,,6,19.0,1019185.0,2108.0,19.0,1019185.0,2108.0,53641.31578947369,110.94736842105263
238,Pontine raphÈ nucleus,PnR,255,172,115,89100,1117.0,P-sat,,6,1.0,20924.0,64.0,1.0,20924.0,64.0,20924.0,64.0
354,Medulla,MY,255,160,176,89400,1065.0,HB,,4,,0.0,0.0,22545.0,1249487225.0,2458292.0,55421.92171213129,109.03934353515191
2246,A5 noradrenaline cells,A5,255,79,87,78330,354.0,MY,,5,,0.0,0.0,0.0,0.0,0.0,,
386,"Medulla, sensory related",MY-sen,255,176,176,89500,354.0,MY,,5,,0.0,0.0,7047.0,377954555.0,774436.0,53633.39789981552,109.89584220235561
207,Area postrema,AP,255,176,178,89600,386.0,MY-sen,,6,1.0,109761.0,131.0,1.0,109761.0,131.0,109761.0,131.0
2274,Area subpostrema,SubP,255,176,178,89610,386.0,MY-sen,,6,,0.0,0.0,0.0,0.0,0.0,,
607,Cochlear nuclei,CN,255,176,177,89700,386.0,MY-sen,,6,,0.0,0.0,1713.0,93355011.0,196794.0,54497.96322241681,114.88266199649738
112,Granule cell layer of the cochlear nuclei,GrC (VCCap in 81),255,176,177,89800,607.0,CN,,7,293.0,15530170.0,32691.0,293.0,15530170.0,32691.0,53003.993174061434,111.57337883959045
560,"Ventral cochlear nucleus, granule cell layer",VCAGr,255,176,177,89900,607.0,CN,,7,,0.0,0.0,0.0,0.0,0.0,,
96,Dorsal cochlear nucleus,DC,255,155,205,90000,607.0,CN,,7,,0.0,0.0,806.0,46846293.0,95103.0,58121.95161290323,117.9937965260546
2234,"Dorsal cochlear nucleus, molecular layer",DCMo,255,155,205,90010,96.0,DC,,8,199.0,11436370.0,23675.0,199.0,11436370.0,23675.0,57469.195979899494,118.96984924623115
2235,"Dorsal cochlear nucleus, fusiform layer",DCFu,255,155,205,90020,96.0,DC,,8,228.0,12442797.0,26538.0,228.0,12442797.0,26538.0,54573.67105263158,116.39473684210526
2236,"Dorsal cochlear nucleus, deep layer",DCDp,255,155,205,90030,96.0,DC,,8,221.0,13847376.0,26345.0,221.0,13847376.0,26345.0,62657.80995475113,119.2081447963801
101,Ventral cochlear nucleus,VC,255,155,205,90100,607.0,CN,,7,,0.0,0.0,614.0,30978548.0,69000.0,50453.66123778502,112.37785016286645
2238,"Ventral cochlear nucleus, anterior part",VCA,255,155,205,90110,101.0,VC,,8,399.0,19473913.0,43308.0,399.0,19473913.0,43308.0,48806.79949874687,108.54135338345864
2237,"Ventral cochlear nucleus, posterior part",VCP,255,155,205,90120,101.0,VC,,8,91.0,5173615.0,10777.0,91.0,5173615.0,10777.0,56852.91208791209,118.42857142857143
2243,"Ventral cochlear nucleus, posterior part, octopus cell area",VCPO,255,155,205,90130,101.0,VC,,8,124.0,6331020.0,14915.0,124.0,6331020.0,14915.0,51056.6129032258,120.28225806451613
720,Dorsal column nuclei,DCN,255,177,176,90200,386.0,MY-sen,,6,,0.0,0.0,89.0,4353260.0,9253.0,48913.03370786517,103.96629213483146
711,Cuneate nucleus,Cu,255,177,177,90300,720.0,DCN,,7,,0.0,0.0,89.0,4353260.0,9253.0,48913.03370786517,103.96629213483146
2285,"Cuneate nucleus, dorsal part",CuD,255,177,177,90310,711.0,Cu,,8,1.0,25240.0,72.0,1.0,25240.0,72.0,25240.0,72.0
2278,"Cuneate nucleus, rotundus part",CuR,255,177,177,90320,711.0,Cu,,8,3.0,178751.0,354.0,3.0,178751.0,354.0,59583.666666666664,118.0
1039,Gracile nucleus,Gr,255,177,178,90400,720.0,DCN,,7,,0.0,0.0,0.0,0.0,0.0,,
903,External cuneate nucleus,ECu,255,176,179,90500,386.0,MY-sen,,6,76.0,2669312.0,6427.0,76.0,2669312.0,6427.0,35122.52631578947,84.5657894736842
642,Nucleus of the trapezoid body,Tz,255,176,181,90600,386.0,MY-sen,,6,67.0,3913599.0,7866.0,67.0,3913599.0,7866.0,58411.92537313433,117.40298507462687
2249,Trigeminal-solitary transition zone,5Sol,255,176,181,90610,386.0,MY-sen,,6,79.0,4620621.0,8712.0,79.0,4620621.0,8712.0,58488.873417721516,110.27848101265823
651,Solitary nucleus,Sol,255,178,176,90700,386.0,MY-sen,,6,,0.0,0.0,95.0,4789239.0,10122.0,50413.04210526316,106.54736842105264
659,"Solitary nucleus, central part",SolCe,255,178,177,90800,651.0,Sol,,7,1.0,115787.0,246.0,1.0,115787.0,246.0,115787.0,246.0
666,"Solitary nucleus, commissural part",SolC,255,178,178,90900,651.0,Sol,,7,1.0,15594.0,50.0,1.0,15594.0,50.0,15594.0,50.0
674,"Solitary nucleus, gelatinous part",SolG,255,178,179,91000,651.0,Sol,,7,,0.0,0.0,0.0,0.0,0.0,,
2250,"Solitary nucleus, intermediate part",SolIM,255,178,179,91010,651.0,Sol,,7,6.0,203122.0,518.0,6.0,203122.0,518.0,33853.666666666664,86.33333333333333
682,"Solitary nucleus, lateral part",SolL,255,178,180,91100,651.0,Sol,,7,7.0,359567.0,681.0,7.0,359567.0,681.0,51366.71428571428,97.28571428571429
691,"Solitary nucleus, medial part",SolM,255,178,181,91200,651.0,Sol,,7,47.0,2223380.0,5026.0,47.0,2223380.0,5026.0,47305.95744680851,106.93617021276596
2263,"Solitary nucleus, ventral part",SolV,255,178,181,91210,651.0,Sol,,7,24.0,1423779.0,2588.0,24.0,1423779.0,2588.0,59324.125,107.83333333333333
2273,"Solitary nucleus, ventrolateral part",SolVL,255,178,181,91220,651.0,Sol,,7,1.0,48659.0,122.0,1.0,48659.0,122.0,48659.0,122.0
2271,"Solitary nucleus, dorsolateral part",SolDL,255,178,181,91230,651.0,Sol,,7,1.0,50039.0,135.0,1.0,50039.0,135.0,50039.0,135.0
2264,"Solitary nucleus, dorsomedial part",SolDM,255,178,181,91240,651.0,Sol,,7,4.0,281430.0,512.0,4.0,281430.0,512.0,70357.5,128.0
2265,"Solitary nucleus, interstitial part",SolI,255,178,181,91250,651.0,Sol,,7,3.0,67882.0,244.0,3.0,67882.0,244.0,22627.333333333332,81.33333333333333
2470,"Soltary nucleus, rostrolateral part",SolRL,255,178,181,91260,651.0,Sol,,7,,0.0,0.0,0.0,0.0,0.0,,
429,"Spinal trigeminal nucleus, caudal part",Sp5C,255,176,183,91300,386.0,MY-sen,,6,2245.0,119387986.0,242437.0,2245.0,119387986.0,242437.0,53179.50378619153,107.98975501113586
437,"Spinal trigeminal nucleus, interpolar part",Sp5I,255,176,184,91400,386.0,MY-sen,,6,2399.0,131648844.0,265024.0,2399.0,131648844.0,265024.0,54876.55022926219,110.47269695706544
445,"Spinal trigeminal nucleus, oral part",Sp5O,255,176,182,91500,386.0,MY-sen,,6,,0.0,0.0,263.0,12007431.0,25475.0,45655.631178707226,96.86311787072243
45,Dorsomedial spinal trigeminal nucleus,DMSp5,255,176,182,91900,445.0,Sp5O,,7,231.0,9904637.0,21769.0,231.0,9904637.0,21769.0,42877.21645021645,94.23809523809524
2270,Paratrigeminal nucleus,Pa5,255,176,182,92010,386.0,MY-sen,,6,20.0,1099491.0,2195.0,20.0,1099491.0,2195.0,54974.55,109.75
370,"Medulla, motor related",MY-mot,255,212,219,92200,354.0,MY,,5,,0.0,0.0,12707.0,707190362.0,1374227.0,55653.60525694499,108.14724167781537
2477,Ad1 adrenaline cells,Ad1,255,79,87,78340,370.0,MY-mot,,6,,0.0,0.0,0.0,0.0,0.0,,
2478,Ad2 adrenaline cells,Ad2,255,79,87,78350,370.0,MY-mot,,6,,0.0,0.0,0.0,0.0,0.0,,
2266,Ad3 adrenaline cells,Ad3,255,79,87,78360,370.0,MY-mot,,6,2.0,126995.0,231.0,2.0,126995.0,231.0,63497.5,115.5
2198,"Subcoeruleus nucleus, alpha part",SubCA,255,212,219,92210,370.0,MY-mot,,6,2.0,278519.0,338.0,2.0,278519.0,338.0,139259.5,169.0
2199,"Subcoeruleus nucleus, dorsal part",SubCD,255,212,219,92220,370.0,MY-mot,,6,12.0,791224.0,1509.0,12.0,791224.0,1509.0,65935.33333333333,125.75
2200,"Subcoeruleus nucleus, ventral part",SubCV,255,212,219,92230,370.0,MY-mot,,6,37.0,2034442.0,3694.0,37.0,2034442.0,3694.0,54984.91891891892,99.83783783783784
653,Abducens nucleus,6N,255,212,225,92300,370.0,MY-mot,,6,,0.0,0.0,0.0,0.0,0.0,,
2229,Paraabducens nucleus,Pa6,255,212,225,92310,653.0,6N,,7,,0.0,0.0,0.0,0.0,0.0,,
2228,"Abducens nucleus, retractor bulbi part",6RB,255,212,226,92400,370.0,MY-mot,,6,,0.0,0.0,0.0,0.0,0.0,,
661,Facial nucleus,7N,255,212,234,92500,370.0,MY-mot,,6,,0.0,0.0,495.0,28448494.0,54402.0,57471.70505050505,109.9030303030303
2226,Perifacial zone,P7,255,212,234,92510,661.0,7N,,7,87.0,5207377.0,9738.0,87.0,5207377.0,9738.0,59854.90804597701,111.93103448275862
2462,"Facial nucleus, lateral subnucleus",7L,255,212,234,92520,661.0,7N,,7,219.0,12669290.0,24759.0,219.0,12669290.0,24759.0,57850.63926940639,113.05479452054794
2463,"Facial nucleus, dorsolateral subnucleus",7DL,255,212,234,92530,661.0,7N,,7,2.0,67873.0,183.0,2.0,67873.0,183.0,33936.5,91.5
2464,"Facial nucleus, ventral intermediate subnucleus",7VI,255,212,234,92540,661.0,7N,,7,72.0,4276377.0,8105.0,72.0,4276377.0,8105.0,59394.125,112.56944444444444
2465,"Facial nucleus, dorsal intermediate subnucleus",7DI,255,212,234,92550,661.0,7N,,7,2.0,81939.0,198.0,2.0,81939.0,198.0,40969.5,99.0
2466,"Facial nucleus, dorsomedial subnucleus",7DM,255,212,234,92560,661.0,7N,,7,9.0,463925.0,748.0,9.0,463925.0,748.0,51547.22222222222,83.11111111111111
2467,"Facial nucleus, ventromedial subnucleus",7VM ,255,212,234,92570,661.0,7N,,7,10.0,380753.0,773.0,10.0,380753.0,773.0,38075.3,77.3
576,"Facial motor nucleus, stylohyoid part",7SH,255,212,235,92600,370.0,MY-mot,,6,2.0,36500.0,104.0,2.0,36500.0,104.0,18250.0,52.0
640,Nucleus of the origin of efferents of the vestibular nerve,EVe,255,212,230,92700,370.0,MY-mot,,6,4.0,64167.0,232.0,4.0,64167.0,232.0,16041.75,58.0
2472,Ambiguus nucleus,Amb,255,212,216,92800,370.0,MY-mot,,6,,0.0,0.0,66.0,3635685.0,7357.0,55086.13636363636,111.46969696969697
135,"Ambiguus nucleus, compact part",AmbC,255,212,216,92810,2472.0,Amb,,7,60.0,3453300.0,6902.0,60.0,3453300.0,6902.0,57555.0,115.03333333333333
2277,"Ambiguus nucleus, loose part",AmbL,255,212,216,92820,2472.0,Amb,,7,5.0,143266.0,361.0,5.0,143266.0,361.0,28653.2,72.2
2471,Retroambiguus nucleus,Rambn,255,212,216,92830,2472.0,Amb,,7,1.0,39119.0,94.0,1.0,39119.0,94.0,39119.0,94.0
839,Vagus nerve nucleus,10N,255,212,184,93100,370.0,MY-mot,,6,33.0,2036820.0,4178.0,33.0,2036820.0,4178.0,61721.818181818184,126.60606060606061
1048,Gigantocellular reticular nucleus,Gi,255,212,187,93300,370.0,MY-mot,,6,,0.0,0.0,398.0,19909802.0,42212.0,50024.62814070352,106.06030150753769
2223,"Gigantocellular reticular nucleus, alpha part",GiA,255,212,187,93310,1048.0,Gi,,7,26.0,1101586.0,2834.0,26.0,1101586.0,2834.0,42368.692307692305,109.0
2224,"Gigantocellular reticular nucleus, ventral part",GiV,255,212,187,93320,1048.0,Gi,,7,9.0,408348.0,995.0,9.0,408348.0,995.0,45372.0,110.55555555555556
83,Inferior olivary nucleus,IO,255,212,189,93500,370.0,MY-mot,,6,,0.0,0.0,1376.0,73424981.0,148726.0,53361.17805232558,108.08575581395348
2253,"Inferior olive, subnucleus A of medial nucleus",IOA,255,212,189,93510,83.0,IO,,7,35.0,2116235.0,4173.0,35.0,2116235.0,4173.0,60463.857142857145,119.22857142857143
2254,"Inferior olive, subnucleus B of medial nucleus",IOB,255,212,189,93520,83.0,IO,,7,103.0,5389479.0,11141.0,103.0,5389479.0,11141.0,52325.038834951454,108.16504854368932
2255,"Inferior olive, subnucleus C of medial nucleus",IOC,255,212,189,93530,83.0,IO,,7,10.0,492243.0,988.0,10.0,492243.0,988.0,49224.3,98.8
2256,"Inferior olive, dorsal nucleus",IOD,255,212,189,93540,83.0,IO,,7,241.0,13417360.0,26830.0,241.0,13417360.0,26830.0,55673.692946058094,111.32780082987551
2257,"Inferior olive, dorsomedial cell group",IODM,255,212,189,93550,83.0,IO,,7,1.0,24765.0,63.0,1.0,24765.0,63.0,24765.0,63.0
2258,"Inferior olive, principal nucleus",IOPr,255,212,189,93560,83.0,IO,,7,253.0,12489675.0,25899.0,253.0,12489675.0,25899.0,49366.30434782609,102.36758893280633
2259,"Inferior olive, ventrolateral protrusion",IOVL,255,212,189,93570,83.0,IO,,7,,0.0,0.0,0.0,0.0,0.0,,
2260,"Inferior olive, cap of Kooy of the medial nucleus",IOK,255,212,189,93580,83.0,IO,,7,,0.0,0.0,0.0,0.0,0.0,,
2261,"Inferior olive, beta subnucleus of the medial nucleus",IOBe,255,212,189,93590,83.0,IO,,7,1.0,14740.0,55.0,1.0,14740.0,55.0,14740.0,55.0
2262,"Inferior olive, medial nucleus",IOM,255,212,189,93595,83.0,IO,,7,214.0,12694361.0,26694.0,214.0,12694361.0,26694.0,59319.443925233645,124.73831775700934
136,Intermediate reticular nucleus,IRt,255,212,187,93600,370.0,MY-mot,,6,,0.0,0.0,979.0,50578535.0,104236.0,51663.46782431052,106.47191011235955
2225,"Intermediate reticular nucleus, alpha part",IRtA,255,212,187,93610,136.0,IRt,,7,26.0,1002783.0,2334.0,26.0,1002783.0,2334.0,38568.57692307692,89.76923076923077
106,Inferior salivatory nucleus,IS,255,212,190,93700,370.0,MY-mot,,6,12.0,391698.0,902.0,12.0,391698.0,902.0,32641.5,75.16666666666667
203,Linear nucleus of the hindbrain,Li,255,212,191,93800,370.0,MY-mot,,6,4.0,116678.0,287.0,4.0,116678.0,287.0,29169.5,71.75
235,Lateral reticular nucleus,LRt,255,212,193,93900,370.0,MY-mot,,6,,0.0,0.0,1458.0,84238101.0,161307.0,57776.47530864197,110.6358024691358
963,"Lateral reticular nucleus, parvicellular part",LRtPC,255,212,193,94100,235.0,LRt,,7,5.0,225653.0,580.0,5.0,225653.0,580.0,45130.6,116.0
395,Paramedian reticular nucleus,PMn,255,212,195,94300,370.0,MY-mot,,6,,0.0,0.0,2820.0,166624180.0,305743.0,59086.58865248227,108.41950354609929
1098,"Medullary reticular nucleus, dorsal part",MdD,255,212,195,94400,395.0,PMn,,7,2412.0,145516527.0,263505.0,2412.0,145516527.0,263505.0,60330.235074626864,109.24751243781094
1107,"Medullary reticular nucleus, ventral part",MdV,255,212,195,94500,395.0,PMn,,7,319.0,16329705.0,32612.0,319.0,16329705.0,32612.0,51190.29780564264,102.2319749216301
852,Parvicellular reticular nucleus,PCRt,255,212,196,94600,370.0,MY-mot,,6,,0.0,0.0,2641.0,153681629.0,290331.0,58190.696327148806,109.93222264293829
2214,"Parvicellular reticular nucleus, alpha part",PCRtA,255,212,196,94610,852.0,PCRt,,7,547.0,29247682.0,59402.0,547.0,29247682.0,59402.0,53469.25411334552,108.59597806215722
2211,Trigeminal transition zone,5Tr,255,212,196,94620,370.0,MY-mot,,6,3.0,86790.0,238.0,3.0,86790.0,238.0,28930.0,79.33333333333333
859,Parasolitary nucleus,PSol,255,212,197,94700,370.0,MY-mot,,6,1.0,45478.0,93.0,1.0,45478.0,93.0,45478.0,93.0
938,Lateral paragigantocellular nucleus,LPGi,255,212,198,94800,370.0,MY-mot,,6,,0.0,0.0,444.0,24415874.0,46286.0,54990.707207207204,104.24774774774775
2248,"Lateral paragigantocellular nucleus, external part",LPGiE,255,212,198,94810,938.0,LPGi,,7,109.0,5707369.0,10660.0,109.0,5707369.0,10660.0,52361.18348623853,97.79816513761467
970,Dorsal paragigantocellular nucleus,DPGi,255,212,198,94900,938.0,LPGi,,7,16.0,753207.0,1544.0,16.0,753207.0,1544.0,47075.4375,96.5
978,"Paragigantocellular reticular nucleus, lateral part",PGRNl,255,212,198,95000,938.0,LPGi,,7,,0.0,0.0,0.0,0.0,0.0,,
2252,Caudoventrolateral reticular nucleus,CVL,255,212,198,95010,370.0,MY-mot,,6,349.0,19732741.0,37639.0,349.0,19732741.0,37639.0,56540.805157593124,107.84813753581662
2469,Rostroventrolateral reticular nucleus,RVL,255,212,198,95020,370.0,MY-mot,,6,3.0,74751.0,202.0,3.0,74751.0,202.0,24917.0,67.33333333333333
2269,Rostral ventral respiratory group,RVRG,255,212,198,95030,370.0,MY-mot,,6,83.0,4321974.0,9183.0,83.0,4321974.0,9183.0,52071.97590361446,110.63855421686748
2468,Botzinger complex,Bo,255,212,198,95040,370.0,MY-mot,,6,,0.0,0.0,24.0,1162220.0,2365.0,48425.833333333336,98.54166666666667
2251,Pre-Botzinger complex,PrBo,255,212,198,95050,2468.0,Bo,,7,22.0,1083657.0,2185.0,22.0,1083657.0,2185.0,49257.13636363636,99.31818181818181
154,Perihypoglossal nuclei,PHY,255,212,219,95100,370.0,MY-mot,,6,,0.0,0.0,279.0,12289704.0,29924.0,44049.11827956989,107.25448028673836
161,Intercalated nucleus,In,255,212,219,95200,154.0,PHY,,7,,0.0,0.0,7.0,325828.0,821.0,46546.857142857145,117.28571428571429
2276,Intermedius nucleus of the medulla,InM,255,212,219,95210,161.0,In,,8,,0.0,0.0,0.0,0.0,0.0,,
177,Nucleus of Roller,Ro,255,212,221,95300,154.0,PHY,,7,,0.0,0.0,0.0,0.0,0.0,,
169,Prepositus nucleus,Pr,255,212,219,95400,154.0,PHY,,7,272.0,11963876.0,29103.0,272.0,11963876.0,29103.0,43984.83823529412,106.99632352941177
1069,Parapyramidal nucleus,PPy,255,212,200,95600,370.0,MY-mot,,6,4.0,118355.0,347.0,4.0,118355.0,347.0,29588.75,86.75
701,Vestibulocerebellar nucleus,VeCb,255,212,201,95900,370.0,MY-mot,,6,,0.0,0.0,913.0,45421410.0,95554.0,49749.62760131435,104.6593647316539
217,Superior vestibular nucleus,SuVe,255,214,201,96000,701.0,VeCb,,7,6.0,258001.0,561.0,6.0,258001.0,561.0,43000.166666666664,93.5
209,Lateral vestibular nucleus,LVe,255,214,201,96050,701.0,VeCb,,7,28.0,1317865.0,2899.0,28.0,1317865.0,2899.0,47066.607142857145,103.53571428571429
202,Medial vestibular nucleus,MVe,255,216,201,96100,701.0,VeCb,,7,,0.0,0.0,506.0,26878946.0,55735.0,53120.44664031621,110.14822134387352
2232,"Medial vestibular nucleus, magnocellular part",MVeMC,255,216,201,96110,202.0,MVe,,8,40.0,2090290.0,4152.0,40.0,2090290.0,4152.0,52257.25,103.8
2233,"Medial vestibular nucleus, parvicellular part",MVePC,255,216,201,96120,202.0,MVe,,8,,0.0,0.0,383.0,19132791.0,41705.0,49955.067885117496,108.89033942558747
2368,"Medial vestibular nucleus, parvicellular part, dorsal",MVePd,255,216,201,96130,2233.0,MVePC,,9,167.0,8127419.0,17810.0,167.0,8127419.0,17810.0,48667.17964071856,106.64670658682634
2369,"Medial vestibular nucleus, parvicellular part, ventral",MVePv,255,216,201,96140,2233.0,MVePC,,9,8.0,687028.0,1158.0,8.0,687028.0,1158.0,85878.5,144.75
225,Spinal vestibular nucleus,SpVe,255,212,201,96200,701.0,VeCb,,7,341.0,15521053.0,33135.0,341.0,15521053.0,33135.0,45516.284457478,97.17008797653959
2268,F cell group of the vestibular complex,FVe,255,212,201,96310,701.0,VeCb,,7,10.0,312831.0,789.0,10.0,312831.0,789.0,31283.1,78.9
2218,Paracochlear glial substance,PCGS,255,212,201,96320,701.0,VeCb,,7,12.0,821744.0,1607.0,12.0,821744.0,1607.0,68478.66666666667,133.91666666666666
765,Nucleus X,X,255,212,202,96400,370.0,MY-mot,,6,99.0,5169667.0,10850.0,99.0,5169667.0,10850.0,52218.85858585859,109.5959595959596
2267,Matrix region of the medulla,Mx,255,212,202,96410,370.0,MY-mot,,6,158.0,7643911.0,14991.0,158.0,7643911.0,14991.0,48379.1835443038,94.87974683544304
773,Hypoglossal nucleus,12N,255,212,192,96500,370.0,MY-mot,,6,5.0,237006.0,635.0,5.0,237006.0,635.0,47401.2,127.0
2272,Central cervical nucleus of the spinal cord,CeCv,255,212,192,96510,370.0,MY-mot,,6,,0.0,0.0,0.0,0.0,0.0,,
781,Nucleus Y of the vestibular complex,Y,255,212,203,96600,370.0,MY-mot,,6,,0.0,0.0,0.0,0.0,0.0,,
379,"Medulla, behavioral state related",MY-sat,255,176,192,96800,354.0,MY,,5,,0.0,0.0,265.0,14937084.0,30677.0,56366.354716981135,115.7622641509434
206,RaphÈ magnus nucleus,RMg,255,176,193,96900,379.0,MY-sat,,6,,0.0,0.0,88.0,5210660.0,11203.0,59212.045454545456,127.30681818181819
2212,RaphÈ interpositus nucleus,RIP,255,176,193,96910,206.0,RMg,,7,18.0,976849.0,2192.0,18.0,976849.0,2192.0,54269.38888888889,121.77777777777777
230,RaphÈ pallidus nucleus,RPa,255,176,195,97000,379.0,MY-sat,,6,175.0,9663552.0,19265.0,175.0,9663552.0,19265.0,55220.29714285714,110.08571428571429
222,RaphÈ obscurus nucleus,ROb,255,176,194,97100,379.0,MY-sat,,6,2.0,62872.0,209.0,2.0,62872.0,209.0,31436.0,104.5
1009,fiber tracts,fiber_tracts,204,204,204,97200,997.0,root,,1,,0.0,0.0,29288.0,1510283526.0,3198939.0,51566.632272603114,109.2235386506419
2155,basilar artery,bas,204,204,204,97210,997.0,root,,1,2.0,48259.0,169.0,2.0,48259.0,169.0,24129.5,84.5
967,cranial nerves,cm,204,204,204,97300,1009.0,fiber_tracts,,2,,0.0,0.0,14209.0,742869375.0,1565891.0,52281.6084875783,110.2041663734253
949,vomeronasal nerve,vn,204,204,204,97500,967.0,cm,,3,3.0,107548.0,266.0,3.0,107548.0,266.0,35849.333333333336,88.66666666666667
840,olfactory nerve,on,204,204,204,97600,967.0,cm,,3,,0.0,0.0,5434.0,282918293.0,586801.0,52064.46319470004,107.98693411851306
1016,olfactory nerve layer,onl,204,204,204,97700,840.0,on,,4,3282.0,173179864.0,355643.0,3282.0,173179864.0,355643.0,52766.564290067035,108.36166971358928
21,"lateral olfactory tract, general",lotg,204,204,204,97800,840.0,on,,4,,0.0,0.0,1641.0,79905270.0,177047.0,48693.03473491773,107.8897014015844
2279,dorsal lateral olfactory tract,dlo,204,204,204,97900,21.0,lotg,,5,,0.0,0.0,0.0,0.0,0.0,,
665,lateral olfactory tract,lo,204,204,204,97900,21.0,lotg,,5,1641.0,79905270.0,177047.0,1641.0,79905270.0,177047.0,48693.03473491773,107.8897014015844
459,accessory olfactory tract,aot,204,204,204,98100,21.0,lotg,,5,,0.0,0.0,0.0,0.0,0.0,,
900,"anterior commissure, anterior part",aca,204,204,204,98200,840.0,on,,4,205.0,14670923.0,23233.0,205.0,14670923.0,23233.0,71565.47804878048,113.33170731707317
2317,"anterior commissure, intrabulbar part",aci,204,204,204,98210,840.0,on,,4,306.0,15162236.0,30878.0,306.0,15162236.0,30878.0,49549.790849673205,100.90849673202614
848,optic nerve,2n,204,204,204,98300,967.0,cm,,3,,0.0,0.0,2519.0,136319105.0,276108.0,54116.35768161969,109.61016276300118
916,brachium of the superior colliculus,bsc,204,204,204,98500,848.0,2n,,4,382.0,18311919.0,40229.0,382.0,18311919.0,40229.0,47936.96073298429,105.31151832460733
336,commissure of the superior colliculus,csc,204,204,204,98600,848.0,2n,,4,5.0,441049.0,795.0,5.0,441049.0,795.0,88209.8,159.0
117,optic chiasm,och,204,204,204,98700,848.0,2n,,4,21.0,1590599.0,2770.0,21.0,1590599.0,2770.0,75742.80952380953,131.9047619047619
125,optic tract,opt,204,204,204,98800,848.0,2n,,4,1530.0,85267979.0,171044.0,1530.0,85267979.0,171044.0,55730.70522875817,111.79346405228758
2040,supraoptic decussation,sox,204,204,204,98810,848.0,2n,,4,581.0,30707559.0,61270.0,581.0,30707559.0,61270.0,52852.941480206544,105.45611015490533
832,oculomotor nerve,3n,204,204,204,99000,967.0,cm,,3,,0.0,0.0,79.0,3839538.0,8921.0,48601.74683544304,112.92405063291139
62,medial longitudinal fasciculus,mlf,204,204,204,99100,832.0,3n,,4,56.0,2652500.0,6225.0,56.0,2652500.0,6225.0,47366.07142857143,111.16071428571429
158,posterior commissure,pc,204,204,204,99200,832.0,3n,,4,23.0,1187038.0,2696.0,23.0,1187038.0,2696.0,51610.34782608696,117.21739130434783
911,trochlear nerve,4n,204,204,204,99300,967.0,cm,,3,,0.0,0.0,0.0,0.0,0.0,,
901,trigeminal nerve,5n,204,204,204,99600,967.0,cm,,3,,0.0,0.0,3834.0,204853795.0,437343.0,53430.82811684925,114.06964006259781
93,motor root of the trigeminal nerve,m5,204,204,204,99700,901.0,5n,,4,13.0,969296.0,1796.0,13.0,969296.0,1796.0,74561.23076923077,138.15384615384616
229,sensory root of the trigeminal nerve,s5,204,204,204,99800,901.0,5n,,4,,0.0,0.0,3821.0,203884499.0,435547.0,53358.93718921748,113.98769955509029
705,mesencephalic trigeminal tract,me5,204,204,204,99900,229.0,s5,,5,1.0,19403.0,51.0,1.0,19403.0,51.0,19403.0,51.0
794,spinal trigeminal tract,sp5,204,204,204,100000,229.0,s5,,5,3157.0,168265331.0,358279.0,3157.0,168265331.0,358279.0,53299.12290148876,113.48717136522015
798,facial nerve,7n,204,204,204,100100,967.0,cm,,3,,0.0,0.0,224.0,12229406.0,24865.0,54595.5625,111.00446428571429
1131,ascending fibers of the facial nerve,asc7,204,204,204,100200,798.0,7n,,4,5.0,397094.0,693.0,5.0,397094.0,693.0,79418.8,138.6
1116,genu of the facial nerve,g7,204,204,204,100300,798.0,7n,,4,7.0,350543.0,823.0,7.0,350543.0,823.0,50077.57142857143,117.57142857142857
933,vestibulocochlear nerve,8n,204,204,204,100400,967.0,cm,,3,,0.0,0.0,1616.0,79688022.0,179375.0,49311.8948019802,110.99938118811882
2461,interstitial nucleus of the vestibular part of the 8th nerve,I8,204,204,204,100410,933.0,8n,,4,22.0,902898.0,2281.0,22.0,902898.0,2281.0,41040.818181818184,103.68181818181819
413,vestibular root of the vestibulocochlear nerve,8vn,204,204,204,100600,933.0,8n,,4,530.0,27157176.0,59941.0,530.0,27157176.0,59941.0,51239.954716981134,113.09622641509434
948,cochlear nerve,8cn,204,204,204,100700,933.0,8n,,4,,0.0,0.0,259.0,12532918.0,26853.0,48389.644787644786,103.67953667953668
2222,olivocochlear bundle,ocb,204,204,204,100710,967.0,cm,,3,,0.0,0.0,0.0,0.0,0.0,,
841,trapezoid body,tz,204,204,204,100800,948.0,8cn,,5,,0.0,0.0,0.0,0.0,0.0,,
506,dorsal acoustic stria,das,204,204,204,101000,948.0,8cn,,5,3.0,110650.0,286.0,3.0,110650.0,286.0,36883.333333333336,95.33333333333333
658,lateral lemniscus,ll,204,204,204,101100,948.0,8cn,,5,151.0,7394150.0,15075.0,151.0,7394150.0,15075.0,48967.88079470199,99.83443708609272
633,commissure of the inferior colliculus,cic,204,204,204,101200,948.0,8cn,,5,,0.0,0.0,0.0,0.0,0.0,,
482,brachium of the inferior colliculus,bic,204,204,204,101300,948.0,8cn,,5,105.0,5028118.0,11492.0,105.0,5028118.0,11492.0,47886.8380952381,109.44761904761904
808,glossopharyngeal nerve,9n,204,204,204,101400,967.0,cm,,3,,0.0,0.0,0.0,0.0,0.0,,
917,vagus nerve,10n,204,204,204,101500,967.0,cm,,3,,0.0,0.0,0.0,0.0,0.0,,
237,solitary tract,sol,204,204,204,101600,917.0,10n,,4,,0.0,0.0,0.0,0.0,0.0,,
813,hypoglossal nerve,12n,204,204,204,101800,967.0,cm,,3,,0.0,0.0,0.0,0.0,0.0,,
792,dorsal roots,drt,204,204,204,102000,967.0,cm,,3,,0.0,0.0,422.0,18958872.0,43574.0,44926.23696682465,103.25592417061611
932,cervicothalamic tract,cett,204,204,204,102100,792.0,drt,,4,,0.0,0.0,422.0,18958872.0,43574.0,44926.23696682465,103.25592417061611
514,dorsal column,dc,204,204,204,102600,932.0,cett,,5,,0.0,0.0,0.0,0.0,0.0,,
380,cuneate fascicle,cf,204,204,204,102700,514.0,dc,,6,,0.0,0.0,0.0,0.0,0.0,,
388,gracile fasciculus,gr,204,204,204,102800,514.0,dc,,6,,0.0,0.0,0.0,0.0,0.0,,
697,medial lemniscus,ml,204,204,204,103000,932.0,cett,,5,422.0,18958872.0,43574.0,422.0,18958872.0,43574.0,44926.23696682465,103.25592417061611
871,spinothalamic tract,sst,204,204,204,103100,967.0,cm,,3,,0.0,0.0,2.0,92660.0,130.0,46330.0,65.0
293,vestibulospinal tract,vesp,204,204,204,103700,871.0,sst,,4,2.0,92660.0,130.0,2.0,92660.0,130.0,46330.0,65.0
960,cerebellum related fiber tracts,cbf,204,204,204,104200,1009.0,fiber_tracts,,2,,0.0,0.0,8010.0,434663798.0,889645.0,54265.14332084894,111.06679151061174
744,cerebellar commissure,cbc,204,204,204,104300,960.0,cbf,,3,,0.0,0.0,0.0,0.0,0.0,,
752,cerebellar peduncles,cbp,204,204,204,104400,960.0,cbf,,3,,0.0,0.0,7448.0,404203581.0,827156.0,54270.08337808808,111.05746509129968
326,superior cerebellar peduncle,scp,204,204,204,104500,752.0,cbp,,4,,0.0,0.0,2534.0,145423359.0,281906.0,57388.855169692186,111.24940805051303
812,decussation of the superior cerebellar peduncle,xscp,204,204,204,104600,326.0,scp,,5,,0.0,0.0,2442.0,140416528.0,272210.0,57500.62571662572,111.47010647010647
85,ventral spinocerebellar tract,vsct,204,204,204,104700,812.0,xscp,,6,2337.0,134542911.0,260154.0,2337.0,134542911.0,260154.0,57570.77920410783,111.3196405648267
850,uncinate fasciculus of the cerebellum,un,204,204,204,104800,326.0,scp,,5,14.0,737528.0,1589.0,14.0,737528.0,1589.0,52680.57142857143,113.5
866,ventral spinocerebellar tract-,vsc,204,204,204,104900,326.0,scp,,5,,0.0,0.0,0.0,0.0,0.0,,
78,middle cerebellar peduncle,mcp,204,204,204,105000,752.0,cbp,,4,,0.0,0.0,2656.0,137004102.0,287785.0,51582.86972891566,108.35278614457832
2167,transverse fibers of the pons,tfp,204,204,204,105010,78.0,mcp,,5,1443.0,69532455.0,151985.0,1443.0,69532455.0,151985.0,48186.0395010395,105.32571032571033
1123,inferior cerebellar peduncle,icp,204,204,204,105100,752.0,cbp,,4,,0.0,0.0,2258.0,121776120.0,257465.0,53930.96545615589,114.02347209920283
553,dorsal spinocerebellar tract,dsc,204,204,204,105200,1123.0,icp,,5,,0.0,0.0,0.0,0.0,0.0,,
490,bulbocerebellar tract,bct,204,204,204,105500,1123.0,icp,,5,,0.0,0.0,0.0,0.0,0.0,,
404,olivocerebellar tract,oc,204,204,204,105600,490.0,bct,,6,,0.0,0.0,0.0,0.0,0.0,,
2275,cerebellar white matter,cbw,204,204,204,105810,967.0,cm,,3,76.0,3862136.0,8508.0,76.0,3862136.0,8508.0,50817.57894736842,111.94736842105263
728,middle cerebellar peduncle- ,mcep,204,204,204,105900,960.0,cbf,,3,562.0,30460217.0,62489.0,562.0,30460217.0,62489.0,54199.6743772242,111.19039145907473
983,lateral forebrain bundle system,lfbs,204,204,204,106000,1009.0,fiber_tracts,,2,,0.0,0.0,4080.0,197697404.0,434207.0,48455.24607843137,106.42328431372549
776,corpus callosum,cc,204,204,204,106100,983.0,lfbs,,3,,0.0,0.0,1465.0,65706918.0,151342.0,44851.1385665529,103.30511945392492
956,forceps minor of the corpus callosum,fmi,204,204,204,106200,776.0,cc,,4,,0.0,0.0,1088.0,48078457.0,111132.0,44189.758272058825,102.14338235294117
579,external capsule,ec,204,204,204,106300,956.0,fmi,,5,850.0,35564105.0,85341.0,850.0,35564105.0,85341.0,41840.123529411765,100.40117647058824
1108,genu of the corpus callosum,gcc,204,204,204,106500,776.0,cc,,4,195.0,9994413.0,21461.0,195.0,9994413.0,21461.0,51253.4,110.05641025641026
971,forceps major of the corpus callosum,fmj,204,204,204,106600,776.0,cc,,4,9.0,301035.0,833.0,9.0,301035.0,833.0,33448.333333333336,92.55555555555556
986,splenium of the corpus callosum,scc,204,204,204,106800,776.0,cc,,4,3.0,117360.0,221.0,3.0,117360.0,221.0,39120.0,73.66666666666667
784,corticospinal tract,cst,204,204,204,106900,983.0,lfbs,,3,,0.0,0.0,2601.0,131080765.0,280912.0,50396.29565551711,108.00153787004999
6,internal capsule,ic,204,204,204,107000,784.0,cst,,4,181.0,9036512.0,20321.0,181.0,9036512.0,20321.0,49925.48066298343,112.2707182320442
924,cerebral peduncle,cp,204,204,204,107100,784.0,cst,,4,1435.0,70476587.0,148422.0,1435.0,70476587.0,148422.0,49112.604181184666,103.42996515679442
190,pyramidal tract,py,204,204,204,107600,784.0,cst,,4,917.0,48678106.0,105460.0,917.0,48678106.0,105460.0,53084.08505997819,115.00545256270448
198,pyramidal decussation,pyx,204,204,204,107700,784.0,cst,,4,,0.0,0.0,0.0,0.0,0.0,,
2169,longitudinal fasciculus of the pons,lfp,204,204,204,107910,784.0,cst,,4,68.0,2889560.0,6709.0,68.0,2889560.0,6709.0,42493.529411764706,98.66176470588235
896,thalamus related,lfbst,204,204,204,108000,983.0,lfbs,,3,,0.0,0.0,14.0,909721.0,1953.0,64980.07142857143,139.5
1092,External medullary lamina,eml,204,204,204,108100,896.0,lfbst,,4,14.0,909721.0,1953.0,14.0,909721.0,1953.0,64980.07142857143,139.5
14,internal medullary lamina,iml,204,204,204,108200,896.0,lfbst,,4,,0.0,0.0,0.0,0.0,0.0,,
2109,superior thalamic radiation,str,204,204,204,108210,896.0,lfbst,,4,,0.0,0.0,0.0,0.0,0.0,,
1000,extrapyramidal fiber systems,eps,204,204,204,108500,1009.0,fiber_tracts,,2,,0.0,0.0,357.0,18133609.0,38534.0,50794.422969187675,107.93837535014005
760,cerebral nuclei related,epsc,204,204,204,108600,1000.0,eps,,3,,0.0,0.0,102.0,4562422.0,9568.0,44729.62745098039,93.80392156862744
102,nigrostriatal bundle,ns,204,204,204,108800,760.0,epsc,,4,102.0,4562422.0,9568.0,102.0,4562422.0,9568.0,44729.62745098039,93.80392156862744
877,tectospinal tract,ts,204,204,204,109300,1000.0,eps,,3,,0.0,0.0,64.0,2948050.0,7225.0,46063.28125,112.890625
1060,dorsal tegmental decussation,dtgx,204,204,204,109500,877.0,ts,,4,32.0,1588580.0,3617.0,32.0,1588580.0,3617.0,49643.125,113.03125
863,rubrospinal tract,rs,204,204,204,109700,1000.0,eps,,3,,0.0,0.0,186.0,10424225.0,21348.0,56044.220430107525,114.7741935483871
397,ventral tegmental decussation,vtgx,204,204,204,109800,863.0,rs,,4,31.0,1709124.0,4017.0,31.0,1709124.0,4017.0,55133.032258064515,129.58064516129033
941,vestibulomesencephalic tract,veme,204,204,204,110400,1000.0,eps,,3,5.0,198912.0,393.0,5.0,198912.0,393.0,39782.4,78.6
991,medial forebrain bundle system,mfbs,204,204,204,110500,1009.0,fiber_tracts,,2,,0.0,0.0,2632.0,116919340.0,270662.0,44422.24164133739,102.83510638297872
768,cerebrum related,mfbc,204,204,204,110600,991.0,mfbs,,3,,0.0,0.0,2177.0,95556419.0,221376.0,43893.62379421222,101.6885622416169
908,"anterior commissure, posterior limb",acp,204,204,204,110900,768.0,mfbc,,4,5.0,478216.0,911.0,5.0,478216.0,911.0,95643.2,182.2
940,cingulum,cg,204,204,204,111000,768.0,mfbc,,4,243.0,9468144.0,22213.0,243.0,9468144.0,22213.0,38963.555555555555,91.41152263374485
1099,fornix system,fxs,204,204,204,111100,768.0,mfbc,,4,,0.0,0.0,1600.0,70254196.0,165496.0,43908.8725,103.435
466,alveus of the hippocampus,alv,204,204,204,111200,1099.0,fxs,,5,512.0,20642167.0,51567.0,512.0,20642167.0,51567.0,40316.732421875,100.716796875
530,dorsal fornix,df,204,204,204,111300,1099.0,fxs,,5,59.0,3356498.0,6838.0,59.0,3356498.0,6838.0,56889.79661016949,115.89830508474576
603,fimbria of the hippocampus,fi,204,204,204,111400,1099.0,fxs,,5,763.0,35424941.0,80329.0,763.0,35424941.0,80329.0,46428.49410222805,105.28047182175622
737,postcommissural fornix,fxpo,204,204,204,111700,1099.0,fxs,,5,,0.0,0.0,34.0,1261082.0,2991.0,37090.64705882353,87.97058823529412
436,fornix,f,204,204,204,111900,737.0,fxpo,,6,34.0,1261082.0,2991.0,34.0,1261082.0,2991.0,37090.64705882353,87.97058823529412
618,hippocampal commissures,hc,204,204,204,112000,1099.0,fxs,,5,,0.0,0.0,232.0,9569508.0,23771.0,41247.879310344826,102.46120689655173
443,dorsal hippocampal commissure,dhc,204,204,204,112100,618.0,hc,,6,188.0,7640962.0,19545.0,188.0,7640962.0,19545.0,40643.414893617024,103.9627659574468
449,ventral hippocampal commissure,vhc,204,204,204,112200,618.0,hc,,6,44.0,1928546.0,4226.0,44.0,1928546.0,4226.0,43830.59090909091,96.04545454545455
37,longitudinal association bundle,lab,204,204,204,112500,768.0,mfbc,,4,,0.0,0.0,0.0,0.0,0.0,,
301,stria terminalis,st,204,204,204,112600,768.0,mfbc,,4,,0.0,0.0,329.0,15355863.0,32756.0,46674.3556231003,99.56231003039514
2394,commissural stria terminalis,cmst,204,204,204,112610,301.0,st,,5,,0.0,0.0,0.0,0.0,0.0,,
824,hypothalamus related,mfsbshy,204,204,204,112700,991.0,mfbs,,3,,0.0,0.0,455.0,21362921.0,49286.0,46951.474725274726,108.32087912087913
54,medial forebrain bundle,mfb,204,204,204,112800,824.0,mfsbshy,,4,,0.0,0.0,0.0,0.0,0.0,,
341,retromammillary decussation,rmx,204,204,204,113600,824.0,mfsbshy,,4,7.0,291911.0,873.0,7.0,291911.0,873.0,41701.57142857143,124.71428571428571
46,mammillary related,mfbsma,204,204,204,114300,824.0,mfsbshy,,4,,0.0,0.0,70.0,2584248.0,6795.0,36917.828571428574,97.07142857142857
753,principal mammillary tract,pm,204,204,204,114400,46.0,mfbsma,,5,,0.0,0.0,0.0,0.0,0.0,,
690,mammilothalmic tract,mt,204,204,204,114500,46.0,mfbsma,,5,59.0,2224078.0,5831.0,59.0,2224078.0,5831.0,37696.23728813559,98.83050847457628
681,mammillotegmental tract,mtg,204,204,204,114600,46.0,mfbsma,,5,5.0,211255.0,518.0,5.0,211255.0,518.0,42251.0,103.6
673,mammillary peduncle,mp,204,204,204,114700,46.0,mfbsma,,5,6.0,148915.0,446.0,6.0,148915.0,446.0,24819.166666666668,74.33333333333333
1083,epithalamus related,mfbse,204,204,204,115000,824.0,mfsbshy,,4,,0.0,0.0,378.0,18486762.0,41618.0,48906.77777777778,110.1005291005291
802,stria medullaris,sm,204,204,204,115100,1083.0,mfbse,,5,163.0,7593283.0,17210.0,163.0,7593283.0,17210.0,46584.55828220859,105.58282208588957
595,fasciculus retroflexus,fr,204,204,204,115200,1083.0,mfbse,,5,71.0,3003912.0,7450.0,71.0,3003912.0,7450.0,42308.619718309856,104.92957746478874
611,habenular commissure,hbc,204,204,204,115300,1083.0,mfbse,,5,144.0,7889567.0,16958.0,144.0,7889567.0,16958.0,54788.65972222222,117.76388888888889
73,ventricular systems,VS,170,170,170,115800,997.0,root,,1,,0.0,0.0,13693.0,693095123.0,1472660.0,50616.747462206964,107.5483823851603
81,lateral ventricle,LV,170,170,170,115900,73.0,VS,,2,,0.0,0.0,8235.0,420725750.0,871743.0,51089.95142683667,105.85828779599271
98,ependymal and subendymal layer/olfacotry ventricle,E/OV,170,170,170,116100,81.0,LV,,3,37.0,1934457.0,4014.0,37.0,1934457.0,4014.0,52282.62162162162,108.48648648648648
108,choroid plexus,chp,170,170,170,116200,81.0,LV,,3,,0.0,0.0,0.0,0.0,0.0,,
124,interventricular foramen,IVF,170,170,170,116400,73.0,VS,,2,,0.0,0.0,0.0,0.0,0.0,,
129,3rd Ventricle,3V,170,170,170,116500,73.0,VS,,2,,0.0,0.0,1164.0,55203832.0,127612.0,47425.97250859107,109.63230240549828
2373,dorsal third ventricle,D3V,170,170,170,116510,129.0,3V,,3,972.0,46671535.0,106263.0,972.0,46671535.0,106263.0,48015.982510288064,109.32407407407408
140,aqueduct,Aq,170,170,170,116600,73.0,VS,,2,627.0,33904964.0,71707.0,627.0,33904964.0,71707.0,54074.90271132376,114.3652312599681
145,4th Ventricle,4V,170,170,170,116700,73.0,VS,,2,,0.0,0.0,3667.0,183260577.0,401598.0,49975.61412598855,109.51677120261795
2219,superior medullary velum,SMV,170,170,170,116710,145.0,4V,,3,127.0,4993200.0,13072.0,127.0,4993200.0,13072.0,39316.535433070865,102.92913385826772
153,lateral recess of the 4th ventricle,LR4V,170,170,170,116800,145.0,4V,,3,1690.0,87237529.0,186229.0,1690.0,87237529.0,186229.0,51619.839644970416,110.19467455621302
164,central canal,CC,170,170,170,116900,73.0,VS,,2,,0.0,0.0,0.0,0.0,0.0,,
1024,grooves,grv,170,170,170,117000,997.0,root,,1,,0.0,0.0,22.0,732096.0,2101.0,33277.09090909091,95.5
1032,grooves of the cerebral cortex,grv_of_CTX,170,170,170,117100,1024.0,grv,,2,,0.0,0.0,0.0,0.0,0.0,,
1063,hippocampal fissure,hif,170,170,170,117300,1032.0,grv_of_CTX,,3,,0.0,0.0,0.0,0.0,0.0,,
1071,rhinal fissure,rf,170,170,170,117400,1032.0,grv_of_CTX,,3,,0.0,0.0,0.0,0.0,0.0,,
1040,grooves of the cerebellar cortex,grv_of_CBX,170,170,170,117600,1024.0,grv,,2,,0.0,0.0,0.0,0.0,0.0,,
1087,precentral fissure,pcn,170,170,170,117700,1040.0,grv_of_CBX,,3,,0.0,0.0,0.0,0.0,0.0,,
1095,preculminate,pcuf,170,170,170,117800,1040.0,grv_of_CBX,,3,,0.0,0.0,0.0,0.0,0.0,,
1103,primary fissure,prf,170,170,170,117900,1040.0,grv_of_CBX,,3,,0.0,0.0,0.0,0.0,0.0,,
1112,post superior fissure,psf,170,170,170,118000,1040.0,grv_of_CBX,,3,,0.0,0.0,0.0,0.0,0.0,,
1119,prepyramidal fissure,ppf,170,170,170,118100,1040.0,grv_of_CBX,,3,,0.0,0.0,0.0,0.0,0.0,,
3,secondary fissure,sf,170,170,170,118200,1040.0,grv_of_CBX,,3,,0.0,0.0,0.0,0.0,0.0,,
11,posterolateral fissure,plf,170,170,170,118300,1040.0,grv_of_CBX,,3,,0.0,0.0,0.0,0.0,0.0,,
34,intercrural fissure,icf,170,170,170,118600,1040.0,grv_of_CBX,,3,,0.0,0.0,0.0,0.0,0.0,,
43,ansoparamedian fissure,apmf,170,170,170,118700,1040.0,grv_of_CBX,,3,,0.0,0.0,0.0,0.0,0.0,,
65,parafloccular sulcus,pfs,170,170,170,119000,1040.0,grv_of_CBX,,3,,0.0,0.0,0.0,0.0,0.0,,
624,Interpeduncular fossa,IPF,170,170,170,119100,1024.0,grv,,2,22.0,732096.0,2101.0,22.0,732096.0,2101.0,33277.09090909091,95.5
2502,"3rd Ventricle, leaf",3V_leaf,170,170,170,116500,129.0,3V,,3,192.0,8532297.0,21349.0,192.0,8532297.0,21349.0,44439.046875,111.19270833333333
103,"lateral ventricle, leaf",LV_leaf,170,170,170,115900,81.0,LV,,3,8198.0,418791293.0,867729.0,8198.0,418791293.0,867729.0,51084.56855330568,105.84642595755062
1186,"4th Ventricle, leaf",4V_leaf,170,170,170,116700,145.0,4V,,3,1850.0,91029848.0,202297.0,1850.0,91029848.0,202297.0,49205.32324324324,109.34972972972973
396,"rubrospinal tract, leaf",rs_leaf,204,204,204,109700,863.0,rs,,4,155.0,8715101.0,17331.0,155.0,8715101.0,17331.0,56226.458064516126,111.81290322580645
1055,"tectospinal tract, leaf",ts_leaf,204,204,204,109300,877.0,ts,,4,32.0,1359470.0,3608.0,32.0,1359470.0,3608.0,42483.4375,112.75
1003,"corpus callosum, leaf",cc_leaf,204,204,204,106100,776.0,cc,,4,170.0,7215653.0,17695.0,170.0,7215653.0,17695.0,42445.01764705883,104.08823529411765
1221,"Midbrain, leaf",MB_leaf,255,200,255,78500,313.0,MB,,4,73.0,3673261.0,8306.0,73.0,3673261.0,8306.0,50318.643835616436,113.78082191780823
1122,"facial nerve, leaf",7n_leaf,204,204,204,100100,798.0,7n,,4,212.0,11481769.0,23349.0,212.0,11481769.0,23349.0,54159.28773584906,110.13679245283019
1274,"vestibulocochlear nerve, leaf",8n_leaf,204,204,204,100400,933.0,8n,,4,805.0,39095030.0,90300.0,805.0,39095030.0,90300.0,48565.25465838509,112.17391304347827
965,"Midbrain, motor related, leaf",MBmot_leaf,255,132,255,79900,323.0,MBmot,,5,116.0,5659045.0,12257.0,116.0,5659045.0,12257.0,48784.870689655174,105.66379310344827
2196,"Medial cerebellar nucleus, leaf",Med_leaf,240,240,82,63000,989.0,Med,,5,7.0,555069.0,1029.0,7.0,555069.0,1029.0,79295.57142857143,147.0
447,"Cortical subplate, leaf",CTXsp_leaf,80,255,80,46400,703.0,CTXsp,,5,129.0,4962188.0,12533.0,129.0,4962188.0,12533.0,38466.573643410855,97.15503875968992
751,"sensory root of the trigeminal nerve, leaf",s5_leaf,204,204,204,99800,229.0,s5,,5,663.0,35599765.0,77217.0,663.0,35599765.0,77217.0,53694.96983408748,116.46606334841628
2503,"stria terminalis, leaf",st_leaf,204,204,204,112600,301.0,st,,5,329.0,15355863.0,32756.0,329.0,15355863.0,32756.0,46674.3556231003,99.56231003039514
838,"superior cerebellar peduncle, leaf",scp_leaf,204,204,204,104500,326.0,scp,,5,78.0,4269303.0,8107.0,78.0,4269303.0,8107.0,54734.653846153844,103.93589743589743
1378,"Thalamus, leaf",TH_leaf,255,112,128,63500,549.0,TH,,5,,0.0,0.0,0.0,0.0,0.0,,
1350,"Pons, leaf",P_leaf,255,155,136,84700,771.0,P,,5,231.0,12263382.0,24373.0,231.0,12263382.0,24373.0,53088.23376623377,105.5108225108225
2171,"middle cerebellar peduncle, leaf",mcp_leaf,204,204,204,105000,78.0,mcp,,5,1213.0,67471647.0,135800.0,1213.0,67471647.0,135800.0,55623.78153338829,111.95383347073371
521,"inferior cerebellar peduncle, leaf",icp_leaf,204,204,204,105100,1123.0,icp,,5,2258.0,121776120.0,257465.0,2258.0,121776120.0,257465.0,53930.96545615589,114.02347209920283
584,"forceps minor of the corpus callosum, leaf",fmi_leaf,204,204,204,106200,956.0,fmi,,5,238.0,12514352.0,25791.0,238.0,12514352.0,25791.0,52581.31092436975,108.3655462184874
855,"Medulla, leaf",MY_leaf,255,160,176,89400,354.0,MY,,5,2526.0,149405224.0,278952.0,2526.0,149405224.0,278952.0,59146.96120348377,110.43230403800474
2113,"Oculomotor nerve, leaf",3N_leaf,255,168,255,82800,35.0,3N,,6,9.0,506562.0,1075.0,9.0,506562.0,1075.0,56284.666666666664,119.44444444444444
2106,"Retroisthmic nucleus, leaf",RIs_leaf,255,178,249,80200,246.0,RIs,,6,3.0,98137.0,335.0,3.0,98137.0,335.0,32712.333333333332,111.66666666666667
1999,"Claustrum, leaf",Cl_leaf,80,255,85,46600,583.0,Cl,,6,126.0,6836555.0,14483.0,126.0,6836555.0,14483.0,54258.37301587302,114.94444444444444
1163,"Ventral pallidum, leaf",VeP_leaf,160,208,176,52000,835.0,VeP,,6,135.0,7299182.0,14231.0,135.0,7299182.0,14231.0,54068.014814814815,105.41481481481482
2084,"Interstitial nucleus of Cajal, leaf",InC_leaf,255,145,255,81700,67.0,InC,,6,22.0,823504.0,2479.0,22.0,823504.0,2479.0,37432.0,112.68181818181819
572,"Olfactory areas, leaf",OLF_leaf,144,255,144,29900,698.0,OLF,,6,165.0,6820949.0,18198.0,165.0,6820949.0,18198.0,41339.08484848485,110.2909090909091
2083,"Periaqueductal gray, leaf",PAG_leaf,255,144,255,81500,795.0,PAG,,6,88.0,3763397.0,9176.0,88.0,3763397.0,9176.0,42765.875,104.27272727272727
602,"Striatum ventral region, leaf",STRv_leaf,160,232,232,48300,493.0,STRv,,6,115.0,6071437.0,12756.0,115.0,6071437.0,12756.0,52795.10434782608,110.92173913043479
2045,"Lateral amygdaloid nucleus, leaf",La_leaf,80,255,88,47000,131.0,La,,6,,0.0,0.0,0.0,0.0,0.0,,
1998,"Trochlear nucleus, leaf",4N_leaf,255,178,255,83000,115.0,4N,,6,4.0,116182.0,294.0,4.0,116182.0,294.0,29045.5,73.5
86,"decussation of the superior cerebellar peduncle, leaf",xscp_leaf,204,204,204,104600,812.0,xscp,,6,105.0,5873617.0,12056.0,105.0,5873617.0,12056.0,55939.20952380952,114.81904761904762
1997,"Ventral tegmental area, leaf",VTA_leaf,255,178,246,80100,749.0,VTA,,6,121.0,4475466.0,11064.0,121.0,4475466.0,11064.0,36987.32231404959,91.43801652892562
1996,"Substantia nigra, compact part, leaf",SNC_leaf,255,158,248,83800,374.0,SNC,,6,,0.0,0.0,0.0,0.0,0.0,,
1995,"Edinger-Westphal nucleus, leaf",EW_leaf,255,178,253,82900,975.0,EW,,6,23.0,1180671.0,2791.0,23.0,1180671.0,2791.0,51333.52173913043,121.34782608695652
1994,"Red nucleus, leaf",R_leaf,255,134,249,82700,214.0,R,,6,1.0,32767.0,85.0,1.0,32767.0,85.0,32767.0,85.0
1310,"Medulla, motor related, leaf",MY-mot_leaf,255,212,219,92200,370.0,MY-mot,,6,1.0,52031.0,131.0,1.0,52031.0,131.0,52031.0,131.0
1993,"Cuneiform nucleus, leaf",CnF_leaf,255,178,254,82600,616.0,CnF,,6,39.0,1978793.0,4286.0,39.0,1978793.0,4286.0,50738.282051282054,109.8974358974359
1992,"Pedunculotegmental nucleus, leaf",PTg_leaf,255,158,255,83900,1052.0,PTg,,6,158.0,8555736.0,16884.0,158.0,8555736.0,16884.0,54150.22784810127,106.86075949367088
420,"Subparafascicular thalamic nucleus, leaf",SPF_leaf,255,112,165,64500,406.0,SPF,,7,66.0,2859190.0,6621.0,66.0,2859190.0,6621.0,43321.06060606061,100.31818181818181
2504,"Botzinger complex, leaf",Bo_leaf,255,212,198,95040,2468.0,Bo,,7,2.0,78563.0,180.0,2.0,78563.0,180.0,39281.5,90.0
2505,"Barrington's nucleus, leaf",Bar_leaf,255,174,80,87100,280.0,Bar,,7,6.0,136608.0,457.0,6.0,136608.0,457.0,22768.0,76.16666666666667
627,"Parabrachial nucleus, leaf",PB_leaf,255,170,96,85400,867.0,PB,,7,,0.0,0.0,0.0,0.0,0.0,,
1019,"Frontal association cortex, leaf",FrA_leaf,112,255,113,600,184.0,FrA,,7,287.0,13942615.0,29665.0,287.0,13942615.0,29665.0,48580.54006968641,103.36236933797909
2506,"Motor trigeminal nucleus, leaf",5N_leaf,255,174,104,88200,621.0,5N,,7,1.0,183081.0,156.0,1.0,183081.0,156.0,183081.0,156.0
889,"Vestibulocerebellar nucleus, leaf",VeCb_leaf,255,212,201,95900,701.0,VeCb,,7,10.0,310970.0,828.0,10.0,310970.0,828.0,31097.0,82.8
1991,"Medial tuberal nucleus, leaf",MTu_leaf,255,79,86,78000,614.0,MTu,,7,188.0,9496598.0,18841.0,188.0,9496598.0,18841.0,50513.81914893617,100.21808510638297
1093,"Ventromedial hypothalamic nucleus, leaf",VMH_leaf,255,78,91,76700,693.0,VMH,,7,17.0,908847.0,1978.0,17.0,908847.0,1978.0,53461.58823529412,116.3529411764706
2507,"Intercalated nuclei of the amygdala, leaf",I_leaf,184,208,248,50700,1105.0,I,,7,16.0,940440.0,1660.0,16.0,940440.0,1660.0,58777.5,103.75
1990,"Dorsal raphÈ nucleus, leaf",DR_leaf,255,158,252,84500,872.0,DR,,7,11.0,327167.0,915.0,11.0,327167.0,915.0,29742.454545454544,83.18181818181819
563,"Perihinal cortex, leaf",PRh_leaf,112,255,117,28700,922.0,PRh,,7,19.0,1093439.0,2762.0,19.0,1093439.0,2762.0,57549.42105263158,145.3684210526316
884,"Midline group of the dorsal thalamus, leaf",MTN_leaf,255,134,134,67900,571.0,MTN,,7,11.0,374353.0,1046.0,11.0,374353.0,1046.0,34032.09090909091,95.0909090909091
1989,"Arcuate hypothalamic nucleus, leaf",Arc_leaf,255,76,79,71800,223.0,Arc,,7,27.0,1180787.0,2641.0,27.0,1180787.0,2641.0,43732.851851851854,97.81481481481481
1143,"Amygdalopiriform transition area, leaf",Apir_leaf,160,255,166,36900,566.0,Apir,,7,67.0,3069430.0,6775.0,67.0,3069430.0,6775.0,45812.388059701494,101.11940298507463
179,"Anterior olfactory area, leaf",AO_leaf,144,255,184,31000,159.0,AO,,7,92.0,4512801.0,9876.0,92.0,4512801.0,9876.0,49052.184782608696,107.34782608695652
1988,"Retrochiasmatic area, leaf",RCh_leaf,255,79,84,77800,173.0,RCh,,7,49.0,2201393.0,4880.0,49.0,2201393.0,4880.0,44926.38775510204,99.59183673469387
555,"Nucleus of the lateral olfactory tract, leaf",LOT_leaf,160,255,170,34100,619.0,LOT,,7,130.0,5955915.0,13565.0,130.0,5955915.0,13565.0,45814.730769230766,104.34615384615384
539,"Temporal association cortex, leaf",TeA _leaf,112,255,122,28000,541.0,TeA ,,7,6.0,352413.0,825.0,6.0,352413.0,825.0,58735.5,137.5
1987,"Interstitial nucleus of the posterior limb of the anterior commissure, leaf",IPAC_leaf,160,228,224,48500,998.0,IPAC,,7,2.0,130831.0,280.0,2.0,130831.0,280.0,65415.5,140.0
1986,"Suprachiasmatic nucleus, leaf",SCh_leaf,255,77,94,73700,286.0,SCh,,7,3.0,217978.0,474.0,3.0,217978.0,474.0,72659.33333333333,158.0
858,"Ectorhinal cortex, leaf",Ect_leaf,112,255,115,29300,895.0,Ect,,7,110.0,3783645.0,10213.0,110.0,3783645.0,10213.0,34396.77272727273,92.84545454545454
1985,"Supraoptic nucleus, leaf",SO_leaf,255,76,60,70200,390.0,SO,,7,4.0,201505.0,439.0,4.0,201505.0,439.0,50376.25,109.75
1984,"Nucleus of the posterior commissure, leaf",PCom_leaf,255,176,246,82300,634.0,PCom,,7,5.0,342835.0,741.0,5.0,342835.0,741.0,68567.0,148.2
1983,"Abducens nucleus, leaf",6N_leaf,255,212,225,92300,653.0,6N,,7,,0.0,0.0,0.0,0.0,0.0,,
1982,"Lateral hypothalamic area, leaf",LH_leaf,255,79,81,77300,194.0,LH,,7,3119.0,156855136.0,325186.0,3119.0,156855136.0,325186.0,50290.200705354284,104.259698621353
1619,"Solitary nucleus, leaf",Sol_leaf,255,178,176,90700,651.0,Sol,,7,,0.0,0.0,0.0,0.0,0.0,,
1981,"Anterior pretectal nucleus, leaf",APT_leaf,255,176,249,82000,215.0,APT,,7,11.0,557374.0,1178.0,11.0,557374.0,1178.0,50670.36363636364,107.0909090909091
1980,"Principal sensory trigeminal nucleus, leaf",Pr5_leaf,255,170,95,85300,7.0,Pr5,,7,50.0,3547557.0,6218.0,50.0,3547557.0,6218.0,70951.14,124.36
730,"Olfactory tubercle, leaf",Tu_leaf,160,224,224,48600,754.0,Tu,,7,1134.0,61460922.0,123666.0,1134.0,61460922.0,123666.0,54198.34391534392,109.05291005291005
1398,"Lateral paragigantocellular nucleus, leaf",LPGi_leaf,255,212,198,94800,938.0,LPGi,,7,319.0,17955298.0,34082.0,319.0,17955298.0,34082.0,56286.200626959246,106.84012539184953
964,"Lateral reticular nucleus, leaf",LRt_leaf,255,212,193,93900,235.0,LRt,,7,1453.0,84012448.0,160727.0,1453.0,84012448.0,160727.0,57819.99174122505,110.6173434273916
1979,"Dorsomedial hypothalamic nucleus, leaf",DM_leaf,255,77,85,72400,830.0,DM,,7,96.0,3770562.0,9636.0,96.0,3770562.0,9636.0,39276.6875,100.375
2508,"Inferior olivary nucleus, leaf",IO_leaf,255,212,189,93500,83.0,IO,,7,518.0,26786123.0,52883.0,518.0,26786123.0,52883.0,51710.66216216216,102.09073359073359
1978,"Central gray, leaf",CG_leaf,255,174,120,87400,898.0,CG,,7,47.0,2362782.0,4904.0,47.0,2362782.0,4904.0,50271.95744680851,104.34042553191489
2509,"Facial nucleus, leaf",7N_leaf,255,212,234,92500,661.0,7N,,7,94.0,5300960.0,9898.0,94.0,5300960.0,9898.0,56393.1914893617,105.29787234042553
1977,"Reticulotegmental nucleus of the pons, leaf",RtTg_leaf,255,174,81,88100,574.0,RtTg,,7,64.0,2528900.0,6043.0,64.0,2528900.0,6043.0,39514.0625,94.421875
1976,"Medial preoptic area, leaf",MPA_leaf,255,77,87,72900,523.0,MPA,,7,174.0,8868818.0,19314.0,174.0,8868818.0,19314.0,50970.2183908046,111.0
1975,"Intermediate reticular nucleus, leaf",IRt_leaf,255,212,187,93600,136.0,IRt,,7,953.0,49575752.0,101902.0,953.0,49575752.0,101902.0,52020.72612801679,106.92759706190976
1974,"Gigantocellular reticular nucleus, leaf",Gi_leaf,255,212,187,93300,1048.0,Gi,,7,363.0,18399868.0,38383.0,363.0,18399868.0,38383.0,50688.34159779614,105.73829201101928
1973,"Parvicellular reticular nucleus, leaf",PCRt_leaf,255,212,196,94600,852.0,PCRt,,7,2094.0,124433947.0,230929.0,2094.0,124433947.0,230929.0,59424.04345749761,110.28127984718243
1972,"External cortex of the inferior colliculus, leaf",ECIC_leaf,255,152,255,79400,828.0,ECIC,,7,108.0,4720252.0,10908.0,108.0,4720252.0,10908.0,43706.03703703704,101.0
1971,"RaphÈ magnus nucleus, leaf",RMg_leaf,255,176,193,96900,206.0,RMg,,7,70.0,4233811.0,9011.0,70.0,4233811.0,9011.0,60483.014285714286,128.72857142857143
1863,"Zona incerta, leaf",ZI_leaf,255,79,87,78100,797.0,ZI,,7,77.0,3579071.0,8059.0,77.0,3579071.0,8059.0,46481.44155844156,104.66233766233766
1134,"Paralemniscal nucleus, leaf",PL_leaf,255,170,97,84900,612.0,PL,,7,110.0,6174526.0,12992.0,110.0,6174526.0,12992.0,56132.05454545454,118.10909090909091
1115,"Paramedian reticular nucleus, leaf",PMn_leaf,255,212,195,94300,395.0,PMn,,7,89.0,4777948.0,9626.0,89.0,4777948.0,9626.0,53684.808988764045,108.15730337078652
47,"Spinal trigeminal nucleus, oral part, leaf",Sp5O_leaf,255,176,182,91500,445.0,Sp5O,,7,32.0,2102794.0,3706.0,32.0,2102794.0,3706.0,65712.3125,115.8125
1341,"Medial geniculate nucleus, leaf",MG_leaf,255,112,162,65100,475.0,MG,,8,11.0,575908.0,1197.0,11.0,575908.0,1197.0,52355.27272727273,108.81818181818181
2510,"Ventral orbital cortex, leaf",VO_leaf,125,255,128,22600,738.0,VO,,8,72.0,2504983.0,6822.0,72.0,2504983.0,6822.0,34791.430555555555,94.75
1970,"Xiphoid thalamic nucleus, leaf",Xi_leaf,255,133,134,68110,2038.0,Xi,,8,27.0,674922.0,2252.0,27.0,674922.0,2252.0,24997.11111111111,83.4074074074074
10691,"Parasubiculum, leaf",PaS_leaf,129,255,160,44300,843.0,PaS,,8,,0.0,0.0,0.0,0.0,0.0,,
1969,"Posterior thalamic nuclear group, leaf",Po_leaf,255,134,130,65900,1020.0,Po,,8,161.0,8118384.0,17177.0,161.0,8118384.0,17177.0,50424.74534161491,106.68944099378882
1124,"Anteromedial thalamic nucleus, leaf",AM_leaf,255,136,134,66400,1096.0,AM,,8,77.0,3626579.0,7613.0,77.0,3626579.0,7613.0,47098.42857142857,98.87012987012987
1968,"Pregeniculate nucleus of the prethalamus, leaf",PrG_leaf,255,135,135,69200,178.0,PrG,,8,34.0,1490091.0,3669.0,34.0,1490091.0,3669.0,43826.205882352944,107.91176470588235
635,"Medial orbital cortex, leaf",MO_leaf,126,255,128,22000,731.0,MO,,8,79.0,3535501.0,7925.0,79.0,3535501.0,7925.0,44753.17721518988,100.31645569620254
1155,"Subiculum, leaf",SUB_leaf,128,255,151,45500,502.0,SUB,,8,2.0,186595.0,232.0,2.0,186595.0,232.0,93297.5,116.0
1967,"Paracentral thalamic nucleus, leaf",PC_leaf,255,132,132,68600,907.0,PC,,8,60.0,2976789.0,6469.0,60.0,2976789.0,6469.0,49613.15,107.81666666666666
480,"Lateral orbital cortex, leaf",LO_leaf,127,255,128,21400,723.0,LO,,8,65.0,3060622.0,6791.0,65.0,3060622.0,6791.0,47086.49230769231,104.47692307692307
2511,"Intercalated nucleus, leaf",In_leaf,255,212,219,95200,161.0,In,,8,7.0,325828.0,821.0,7.0,325828.0,821.0,46546.857142857145,117.28571428571429
1656,"Medial mammillary nucleus, medial part, leaf",MM_leaf,255,78,84,74800,491.0,MM,,8,264.0,11252754.0,28269.0,264.0,11252754.0,28269.0,42624.068181818184,107.07954545454545
1292,"Lateral parabrachial nucleus, leaf",LPB_leaf,255,169,96,85600,881.0,LPB,,8,5.0,237893.0,654.0,5.0,237893.0,654.0,47578.6,130.8
641,"Mediodorsal thalamic nucleus, leaf",MD_leaf,255,144,163,67300,362.0,MD,,8,136.0,5613694.0,13926.0,136.0,5613694.0,13926.0,41277.16176470588,102.3970588235294
1966,"Anterior hypothalamic area, posterior part, leaf",AHP_leaf,255,78,81,74500,724.0,AHP,,8,61.0,2227523.0,5424.0,61.0,2227523.0,5424.0,36516.770491803276,88.91803278688525
7346,"Dentate gyrus, leaf",DG_leaf,114,250,114,39300,726.0,DG,,8,380.0,21713145.0,41324.0,380.0,21713145.0,41324.0,57139.85526315789,108.74736842105263
2512,"Cuneate nucleus, leaf",Cu_leaf,255,177,177,90300,711.0,Cu,,8,85.0,4149269.0,8827.0,85.0,4149269.0,8827.0,48814.92941176471,103.84705882352941
1965,"Medial septal nucleus, leaf",MS_leaf,118,224,176,52500,564.0,MS,,8,7.0,309613.0,886.0,7.0,309613.0,886.0,44230.42857142857,126.57142857142857
1964,"Dorsal cochlear nucleus, leaf",DC_leaf,255,155,205,90000,96.0,DC,,8,158.0,9119750.0,18545.0,158.0,9119750.0,18545.0,57719.93670886076,117.37341772151899
2513,"Laterodorsal tegmental nucleus, dorsal part, leaf",LDTg_leaf,255,172,117,88810,162.0,LDTg,,8,5.0,213223.0,534.0,5.0,213223.0,534.0,42644.6,106.8
894,"Medial parabrachial nucleus, leaf",MPB_leaf,255,168,96,86200,890.0,MPB,,8,43.0,2278203.0,4684.0,43.0,2278203.0,4684.0,52981.46511627907,108.93023255813954
937,"Primary visual cortex, leaf",V1_leaf,112,255,98,17600,385.0,V1,,8,25.0,653313.0,1869.0,25.0,653313.0,1869.0,26132.52,74.76
1125,"Retromamillary nucleus, leaf",RM_leaf,255,78,85,75000,525.0,RM,,8,64.0,3068645.0,7833.0,64.0,3068645.0,7833.0,47947.578125,122.390625
2514,"Submedius thalamic nucleus, leaf",Sub_leaf,255,144,161,67700,366.0,Sub,,8,7.0,184658.0,510.0,7.0,184658.0,510.0,26379.714285714286,72.85714285714286
1963,"Posterior hypothalamic nucleus, leaf",PH_leaf,255,79,83,77150,946.0,PH,,8,28.0,891794.0,2504.0,28.0,891794.0,2504.0,31849.785714285714,89.42857142857143
1962,"Medial vestibular nucleus, leaf",MVe_leaf,255,216,201,96100,202.0,MVe,,8,83.0,5655865.0,9878.0,83.0,5655865.0,9878.0,68142.95180722892,119.01204819277109
1961,"Lateral habenular nucleus, leaf",LHb_leaf,255,135,144,69800,186.0,LHb,,8,72.0,3601302.0,7914.0,72.0,3601302.0,7914.0,50018.083333333336,109.91666666666667
1960,"Anteroventral thalamic nucleus, leaf",AV_leaf,255,136,133,66300,255.0,AV,,8,135.0,7517748.0,14680.0,135.0,7517748.0,14680.0,55687.02222222222,108.74074074074075
389,"Dorsolateral entorhinal cortex, leaf",DLEnt_leaf,128,255,145,41350,918.0,DLEnt,,9,2.0,182300.0,388.0,2.0,182300.0,388.0,91150.0,194.0
2515,"Ventral posteromedial thalamic nucleus, leaf",VPM_leaf,255,108,147,64200,733.0,VPM,,9,70.0,3611364.0,7493.0,70.0,3611364.0,7493.0,51590.91428571429,107.04285714285714
2516,"Medial vestibular nucleus, parvicellular part, leaf",MVePC_leaf,255,216,201,96120,2233.0,MVePC,,9,208.0,10318344.0,22737.0,208.0,10318344.0,22737.0,49607.42307692308,109.3125
2517,"Caudoputamen- caudal, intermediate, leaf","CPc, i_leaf",160,216,248,48255,2494.0,"CPc, i",,9,131.0,7636530.0,15275.0,131.0,7636530.0,15275.0,58294.12213740458,116.6030534351145
833,"Dorsal subiculum, leaf",DS_leaf,129,255,151,45600,509.0,DS,,9,94.0,3991971.0,9783.0,94.0,3991971.0,9783.0,42467.77659574468,104.07446808510639
876,"Ventral subiculum, leaf",VeS_leaf,130,255,151,46000,518.0,VeS,,9,832.0,35268099.0,88593.0,832.0,35268099.0,88593.0,42389.542067307695,106.48197115384616
2518,"Medial entorhinal cortex, leaf",MEnt_leaf,80,140,140,44220,2159.0,MEnt,,9,1369.0,57507480.0,142240.0,1369.0,57507480.0,142240.0,42006.924762600436,103.90065741417092
1959,"Paraventricular hypothalamic nucleus, anterior parivcellular part, leaf",PaAP_leaf,255,76,69,71300,55.0,PaAP,,9,2.0,78621.0,247.0,2.0,78621.0,247.0,39310.5,123.5
2519,"Caudoputamen- caudal, dorsal, leaf","CPc, d_leaf",160,216,248,48251,2493.0,"CPc, d",,9,94.0,5050181.0,10638.0,94.0,5050181.0,10638.0,53725.32978723404,113.17021276595744
2520,"Caudomedial entothinal cortex, leaf",CEnt_leaf,80,140,140,44280,2161.0,CEnt,,9,461.0,19512646.0,47598.0,461.0,19512646.0,47598.0,42326.78091106291,103.24945770065077
249,"Posteromedial cortical amygdaloid area, leaf",PMCo_leaf,160,255,181,35800,663.0,PMCo,,9,281.0,14838347.0,31523.0,281.0,14838347.0,31523.0,52805.50533807829,112.1814946619217
710,"Primary somatosensory area, undefined, layer 1, leaf",S1-1_leaf,0,177,92,2900,793.0,S1-1,,9,315.0,12242574.0,30965.0,315.0,12242574.0,30965.0,38865.31428571429,98.3015873015873
