id,name,acronym,red,green,blue,structure_order,parent_id,parent_acronym,collapse,depth,counts,raw_cell_intensity,raw_cell_size,newcounts,newcellintensity,newcellsize,normalized_cellintensity,normalized_cellsize
0,background,background,0,0,0,0,,,,0,97402.0,7147684515.0,11521415.0,97402.0,7147684515.0,11521415.0,73383.34443851256,118.28725282848401
997,root,root,255,255,255,0,,,,0,,0.0,0.0,317573.0,21967715725.0,36214666.0,69173.75131072226,114.03572092085913
8,Basic cell groups and regions,grey,176,255,255,100,997.0,root,,1,,0.0,0.0,254182.0,17165755315.0,28809379.0,67533.3238191532,113.34153873995798
567,Cerebrum,CH,176,240,255,200,8.0,grey,,2,,0.0,0.0,176667.0,11586649700.0,19995024.0,65584.68587795117,113.17916758647625
688,Cerebral cortex,CTX,176,255,184,300,567.0,CH,,3,,0.0,0.0,146724.0,9443958870.0,16627310.0,64365.467612660505,113.32372345355907
695,Cortical plate,CTXpl,112,255,112,400,688.0,CTX,,4,,0.0,0.0,143393.0,9223511281.0,16241633.0,64323.302260221906,113.26656810304547
315,Isocortex,Isocortex,112,255,113,500,695.0,CTXpl,,5,,0.0,0.0,94234.0,5747673500.0,10544396.0,60993.62756542225,111.89587622301929
184,Frontal association cortex,FrA,112,255,113,600,315.0,Isocortex,,6,,0.0,0.0,2873.0,178839155.0,321489.0,62248.22659241211,111.9001044204664
68,"Frontal pole, layer 1",FrA-1,121,161,59,700,184.0,FrA,,7,2449.0,153029605.0,274636.0,2449.0,153029605.0,274636.0,62486.56798693344,112.1420988158432
667,"Frontal pole, layer 2/3",FrA-2/3,132,165,74,800,184.0,FrA,,7,236.0,14917450.0,26811.0,236.0,14917450.0,26811.0,63209.53389830508,113.60593220338983
2325,"Frontal pole, layer 5",FrA-5,132,165,74,810,184.0,FrA,,7,41.0,2333383.0,4139.0,41.0,2333383.0,4139.0,56911.78048780488,100.95121951219512
500,motor cortex,M,112,255,116,900,315.0,Isocortex,,6,,0.0,0.0,14392.0,936636002.0,1565297.0,65080.32254030016,108.76160366870484
985,Primary motor cortex,M1,112,255,116,1500,500.0,M,,7,,0.0,0.0,5509.0,362433538.0,596888.0,65789.35160646215,108.34779451806135
320,"Primary motor cortex, layer 1",M1-1,112,255,116,1510,985.0,M1,,8,3131.0,210747094.0,343946.0,3131.0,210747094.0,343946.0,67309.83519642286,109.85180453529225
943,"Primary motor cortex, layer 2/3",M1-2/3,112,255,116,1520,985.0,M1,,8,851.0,63472707.0,93754.0,851.0,63472707.0,93754.0,74586.02467685076,110.16921269095182
648,"Primary motor cortex, layer 5",M1-5,112,255,116,1530,985.0,M1,,8,452.0,26530627.0,44587.0,452.0,26530627.0,44587.0,58696.07743362832,98.64380530973452
844,"Primary motor cortex, layer 6a",M1-6a,112,255,116,1540,985.0,M1,,8,415.0,19190561.0,39597.0,415.0,19190561.0,39597.0,46242.3156626506,95.41445783132531
882,"Primary motor cortex, layer 6b",M1-6b,112,255,116,1540,985.0,M1,,8,137.0,6360147.0,13124.0,137.0,6360147.0,13124.0,46424.43065693431,95.7956204379562
2017,"Frontal cortex, area 3",FrC3,132,165,74,2010,985.0,M1,,8,,0.0,0.0,523.0,36132402.0,61880.0,69086.81070745699,118.31739961759082
2334,"Frontal cortex, area 3, layer1",FrC3-1,132,165,74,2020,2017.0,FrC3,,9,467.0,32411157.0,55764.0,467.0,32411157.0,55764.0,69402.90578158459,119.40899357601712
2335,"Frontal cortex, area 3, layer2/3",FrC3-2/3,132,165,74,2020,2017.0,FrC3,,9,19.0,1284556.0,1819.0,19.0,1284556.0,1819.0,67608.21052631579,95.73684210526316
2336,"Frontal cortex, area 3, layer5",FrC3-5,132,165,74,2040,2017.0,FrC3,,9,25.0,1834095.0,3076.0,25.0,1834095.0,3076.0,73363.8,123.04
2337,"Frontal cortex, area 3, layer6a",FrC3-6a,132,165,74,2050,2017.0,FrC3,,9,12.0,602594.0,1221.0,12.0,602594.0,1221.0,50216.166666666664,101.75
2351,"Frontal cortex, area 3, layer6b",FrC3-6b,132,165,74,2060,2017.0,FrC3,,9,,0.0,0.0,0.0,0.0,0.0,,
993,Secondary motor cortex,M2,112,255,116,2100,500.0,M,,7,,0.0,0.0,8883.0,574202464.0,968409.0,64640.60159855904,109.01823708206688
656,"Secondary motor cortex, layer 1",M2-1,63,147,68,2200,993.0,M2,,8,5499.0,388870442.0,624013.0,5499.0,388870442.0,624013.0,70716.57428623387,113.4775413711584
962,"Secondary motor cortex, layer 2/3",M2-2/3,83,152,86,2300,993.0,M2,,8,1216.0,76985472.0,131009.0,1216.0,76985472.0,131009.0,63310.42105263158,107.7376644736842
767,"Secondary motor cortex, layer 5",M2-5,101,157,97,2400,993.0,M2,,8,1234.0,62728692.0,120936.0,1234.0,62728692.0,120936.0,50833.623987034036,98.0032414910859
1021,"Secondary motor cortex, layer 6a",M2-6a,129,174,115,2500,993.0,M2,,8,879.0,42448348.0,86364.0,879.0,42448348.0,86364.0,48291.63594994312,98.25255972696246
1085,"Secondary motor cortex, layer 6b",M2-6b,139,178,127,2600,993.0,M2,,8,55.0,3169510.0,6087.0,55.0,3169510.0,6087.0,57627.454545454544,110.67272727272727
453,Somatosensory cortex,S,112,255,121,2700,315.0,Isocortex,,6,,0.0,0.0,28277.0,1580418760.0,3052538.0,55890.60932913676,107.95126781483184
322,Primary somatosensory cortex,S1,112,255,121,2800,453.0,S,,7,,0.0,0.0,20198.0,1115436990.0,2144961.0,55225.12080404,106.19670264382611
2338,"Primary somatosensory area, jaw",S1J,163,213,170,3410,322.0,S1,,8,,0.0,0.0,3124.0,202358801.0,352800.0,64775.54449423816,112.93213828425095
2339,"Primary somatosensory area, jaw, layer 1",S1J-1,163,213,170,3420,2338.0,S1J,,9,2446.0,161580461.0,276107.0,2446.0,161580461.0,276107.0,66059.06009811939,112.88103025347506
2340,"Primary somatosensory area, jaw, layer 2/3",S1J-2/3,163,213,170,3430,2338.0,S1J,,9,75.0,3760115.0,7912.0,75.0,3760115.0,7912.0,50134.86666666667,105.49333333333334
2341,"Primary somatosensory area, jaw, layer 4",S1J-4,163,213,170,3440,2338.0,S1J,,9,59.0,2280291.0,5574.0,59.0,2280291.0,5574.0,38649.0,94.47457627118644
2342,"Primary somatosensory area, jaw, layer 5",S1J-5,163,213,170,3450,2338.0,S1J,,9,289.0,16171490.0,31600.0,289.0,16171490.0,31600.0,55956.71280276817,109.34256055363322
2343,"Primary somatosensory area, jaw, layer 6a",S1J-6a,163,213,170,3460,2338.0,S1J,,9,186.0,13283727.0,22483.0,186.0,13283727.0,22483.0,71417.8870967742,120.8763440860215
2344,"Primary somatosensory area, jaw, layer 6b",S1J-6b,163,213,170,3470,2338.0,S1J,,9,69.0,5282717.0,9124.0,69.0,5282717.0,9124.0,76561.11594202899,132.231884057971
793,"Primary somatosensory area, undefined, layer 1",S1-1,0,177,92,2900,322.0,S1,,8,,0.0,0.0,1482.0,79118772.0,162004.0,53386.485829959514,109.3144399460189
346,"Primary somatosensory area, undefined, layer 2/3",S1-2/3,67,185,112,3000,793.0,S1-1,,9,148.0,7767680.0,16835.0,148.0,7767680.0,16835.0,52484.32432432433,113.75
865,"Primary somatosensory area, undefined, layer 4",S1-4,93,191,126,3100,793.0,S1-1,,9,115.0,4961566.0,11715.0,115.0,4961566.0,11715.0,43144.05217391304,101.8695652173913
921,"Primary somatosensory area, undefined, layer 5",S1-5,116,197,139,3200,793.0,S1-1,,9,204.0,10241082.0,20536.0,204.0,10241082.0,20536.0,50201.382352941175,100.66666666666667
686,"Primary somatosensory area, undefined, layer 6a",S1-6a,138,204,153,3300,793.0,S1-1,,9,206.0,10263282.0,21487.0,206.0,10263282.0,21487.0,49821.7572815534,104.30582524271844
719,"Primary somatosensory area,, undefined, layer 6b",S1-6b,163,213,170,3400,793.0,S1-1,,9,107.0,4096744.0,9642.0,107.0,4096744.0,9642.0,38287.32710280374,90.11214953271028
329,"Primary somatosensory cortex, barrel field",S1BF,112,255,121,4200,322.0,S1,,8,,0.0,0.0,5188.0,256950995.0,540336.0,49527.94814957595,104.15111796453354
981,"Primary somatosensory cortex, barrel field, layer 1",S1BF-1,0,178,156,4300,329.0,S1BF,,9,3317.0,170721656.0,352952.0,3317.0,170721656.0,352952.0,51468.69339764848,106.40699427193248
201,"Primary somatosensory cortex, barrel field, layer 2/3",S1BF-2/3,19,186,171,4400,329.0,S1BF,,9,645.0,33711001.0,68254.0,645.0,33711001.0,68254.0,52265.11782945736,105.8201550387597
1047,"Primary somatosensory cortex, barrel field, layer 4",S1BF-4,66,191,179,4500,329.0,S1BF,,9,199.0,9969737.0,21604.0,199.0,9969737.0,21604.0,50099.18090452261,108.56281407035176
1070,"Primary somatosensory cortex, barrel field, layer 5 ",S1BF-5,93,197,188,4600,329.0,S1BF,,9,318.0,14563082.0,31818.0,318.0,14563082.0,31818.0,45795.85534591195,100.05660377358491
1038,"Primary somatosensory cortex, barrel field, layer 6a",S1BF-6a,117,203,197,4700,329.0,S1BF,,9,414.0,15150589.0,37506.0,414.0,15150589.0,37506.0,36595.62560386473,90.59420289855072
1062,"Primary somatosensory cortex, barrel field, layer 6b",S1BF-6b,143,211,208,4800,329.0,S1BF,,9,295.0,12834930.0,28202.0,295.0,12834930.0,28202.0,43508.23728813559,95.6
337,"Primary somatosensory cortex, hindlimb region",S1HL,112,255,121,4900,322.0,S1,,8,,0.0,0.0,2351.0,156925020.0,245524.0,66748.20076563164,104.43385793279455
1030,"Primary somatosensory cortex, hindlimb region, layer 1",S1HL-1,0,177,142,5000,337.0,S1HL,,9,219.0,14752368.0,22817.0,219.0,14752368.0,22817.0,67362.4109589041,104.18721461187215
113,"Primary somatosensory cortex, hindlimb region, layer 2/3",S1HL-2/3,0,183,155,5100,337.0,S1HL,,9,1013.0,73815065.0,110421.0,1013.0,73815065.0,110421.0,72867.78381046397,109.00394866732478
1094,"Primary somatosensory cortex, hindlimb region, layer 4",S1HL-4,69,191,171,5200,337.0,S1HL,,9,534.0,42320203.0,57971.0,534.0,42320203.0,57971.0,79251.31647940075,108.55992509363296
1128,"Primary somatosensory cortex, hindlimb region, layer 5",S1HL-5,96,196,179,5300,337.0,S1HL,,9,254.0,12068312.0,23082.0,254.0,12068312.0,23082.0,47513.03937007874,90.8740157480315
478,"Primary somatosensory cortex, hindlimb region, layer 6a",S1HL-6a,119,202,188,5400,337.0,S1HL,,9,268.0,11750117.0,25898.0,268.0,11750117.0,25898.0,43843.72014925373,96.63432835820896
510,"Primary somatosensory cortex, hindlimb region, layer 6b",S1HL-6b,145,211,198,5500,337.0,S1HL,,9,63.0,2218955.0,5335.0,63.0,2218955.0,5335.0,35221.50793650794,84.68253968253968
345,"Primary somatosensory cortex, upper lip region",S1ULp,112,255,121,5600,322.0,S1,,8,,0.0,0.0,4668.0,247585491.0,511728.0,53038.879820051414,109.62467866323908
878,"Primary somatosensory cortex, upper lip region, layer 1",S1ULp-1,0,173,94,5700,345.0,S1ULp,,9,3470.0,187735142.0,385700.0,3470.0,187735142.0,385700.0,54102.34639769453,111.15273775216139
657,"Primary somatosensory cortex, upper lip region, layer 2/3",S1ULp-2/3,20,180,107,5800,345.0,S1ULp,,9,384.0,19622150.0,42849.0,384.0,19622150.0,42849.0,51099.348958333336,111.5859375
950,"Primary somatosensory cortex, upper lip region, layer 4",S1ULp-4,66,185,120,5900,345.0,S1ULp,,9,129.0,5627931.0,13411.0,129.0,5627931.0,13411.0,43627.37209302326,103.96124031007751
974,"Primary somatosensory cortex, upper lip region, layer 5",S1ULp-5,92,191,133,6000,345.0,S1ULp,,9,143.0,6613754.0,14790.0,143.0,6613754.0,14790.0,46250.02797202797,103.42657342657343
1102,"Primary somatosensory cortex, upper lip region, layer 6a",S1ULp-6a,115,197,146,6100,345.0,S1ULp,,9,335.0,17767337.0,34615.0,335.0,17767337.0,34615.0,53036.82686567164,103.32835820895522
2,"Primary somatosensory cortex, upper lip region, layer 6b",S1ULp-6b,137,205,161,6200,345.0,S1ULp,,9,207.0,10219177.0,20363.0,207.0,10219177.0,20363.0,49368.004830917875,98.3719806763285
2000,"Primary somatosensory cortex, dysgranular zone ",S1DZ,112,255,121,6210,322.0,S1,,8,,0.0,0.0,848.0,43281862.0,85427.0,51039.931603773584,100.73938679245283
2287,"Primary somatosensory cortex, dysgranular zone 1",S1DZ-1,112,255,121,6211,2000.0,S1DZ,,9,535.0,28586938.0,55094.0,535.0,28586938.0,55094.0,53433.528971962616,102.97943925233645
2288,"Primary somatosensory cortex, dysgranular zone 2/3",S1DZ-2/3,112,255,121,6212,2000.0,S1DZ,,9,101.0,5780673.0,10789.0,101.0,5780673.0,10789.0,57234.38613861386,106.82178217821782
2289,"Primary somatosensory cortex, dysgranular zone 4",S1DZ-4,112,255,121,6213,2000.0,S1DZ,,9,45.0,1849439.0,4020.0,45.0,1849439.0,4020.0,41098.64444444444,89.33333333333333
2290,"Primary somatosensory cortex, dysgranular zone 5",S1DZ-5,112,255,121,6214,2000.0,S1DZ,,9,47.0,1634050.0,4139.0,47.0,1634050.0,4139.0,34767.02127659575,88.06382978723404
2291,"Primary somatosensory cortex, dysgranular zone 6a",S1DZ-6a,112,255,121,6215,2000.0,S1DZ,,9,80.0,3221938.0,7221.0,80.0,3221938.0,7221.0,40274.225,90.2625
2292,"Primary somatosensory cortex, dysgranular zone 6b",S1DZ-6b,112,255,121,6216,2000.0,S1DZ,,9,40.0,2208824.0,4164.0,40.0,2208824.0,4164.0,55220.6,104.1
2352,"Primary somatosensory cortex, oral dysgranular zone ",S1DZO,112,255,121,6220,322.0,S1,,8,,0.0,0.0,86.0,4469720.0,9601.0,51973.48837209302,111.63953488372093
2353,"Primary somatosensory cortex, oral dysgranular zone 1",S1DZO-1,112,255,121,6221,2352.0,S1DZO,,9,51.0,2486947.0,5778.0,51.0,2486947.0,5778.0,48763.666666666664,113.29411764705883
2354,"Primary somatosensory cortex, oral dysgranular zone 2/3",S1DZO-2/3,112,255,121,6222,2352.0,S1DZO,,9,4.0,337852.0,614.0,4.0,337852.0,614.0,84463.0,153.5
2355,"Primary somatosensory cortex, oral dysgranular zone 4",S1DZO-4,112,255,121,6223,2352.0,S1DZO,,9,1.0,21424.0,69.0,1.0,21424.0,69.0,21424.0,69.0
2356,"Primary somatosensory cortex, oral dysgranular zone 5",S1DZO-5,112,255,121,6224,2352.0,S1DZO,,9,12.0,818006.0,1463.0,12.0,818006.0,1463.0,68167.16666666667,121.91666666666667
2357,"Primary somatosensory cortex, oral dysgranular zone 6a",S1DZO-6a,112,255,121,6225,2352.0,S1DZO,,9,12.0,384666.0,1005.0,12.0,384666.0,1005.0,32055.5,83.75
2358,"Primary somatosensory cortex, oral dysgranular zone 6b",S1DZO-6b,112,255,121,6226,2352.0,S1DZO,,9,6.0,420825.0,672.0,6.0,420825.0,672.0,70137.5,112.0
2041,"Primary somatosensory cortex, shoulder region",S1Sh,112,255,121,6230,322.0,S1,,8,,0.0,0.0,244.0,9468513.0,21749.0,38805.38114754098,89.13524590163935
2310,"Primary somatosensory cortex, shoulder region 1",S1Sh-1,112,255,121,6231,2041.0,S1Sh,,9,19.0,630859.0,1438.0,19.0,630859.0,1438.0,33203.10526315789,75.6842105263158
2311,"Primary somatosensory cortex, shoulder region 2/3",S1Sh-2/3,112,255,121,6232,2041.0,S1Sh,,9,38.0,2184030.0,4070.0,38.0,2184030.0,4070.0,57474.47368421053,107.10526315789474
2312,"Primary somatosensory cortex, shoulder region 4",S1Sh-4,112,255,121,6233,2041.0,S1Sh,,9,5.0,192315.0,414.0,5.0,192315.0,414.0,38463.0,82.8
2313,"Primary somatosensory cortex, shoulder region 5",S1Sh-5,112,255,121,6234,2041.0,S1Sh,,9,35.0,899493.0,2640.0,35.0,899493.0,2640.0,25699.8,75.42857142857143
2314,"Primary somatosensory cortex, shoulder region 6a",S1Sh-6a,112,255,121,6235,2041.0,S1Sh,,9,110.0,3631861.0,9110.0,110.0,3631861.0,9110.0,33016.91818181818,82.81818181818181
2315,"Primary somatosensory cortex, shoulder region 6b",S1Sh-6b,112,255,121,6236,2041.0,S1Sh,,9,37.0,1929955.0,4077.0,37.0,1929955.0,4077.0,52160.94594594595,110.1891891891892
369,"Primary somatosensory cortex, forelimb region",S1FL,112,255,121,6300,322.0,S1,,8,,0.0,0.0,1746.0,94702055.0,173851.0,54239.43585337915,99.57101947308134
450,"Primary somatosensory cortex, forelimb region, layer 1",S1FL-1,0,174,103,6400,369.0,S1FL,,9,905.0,49188140.0,89708.0,905.0,49188140.0,89708.0,54351.53591160221,99.12486187845303
854,"Primary somatosensory cortex, forelimb region, layer 2/3",S1FL-2/3,46,183,120,6500,369.0,S1FL,,9,431.0,27379982.0,44307.0,431.0,27379982.0,44307.0,63526.640371229696,102.80046403712296
577,"Primary somatosensory cortex, forelimb region, layer 4",S1FL-4,79,188,133,6600,369.0,S1FL,,9,44.0,1363348.0,3485.0,44.0,1363348.0,3485.0,30985.18181818182,79.20454545454545
625,"Primary somatosensory cortex, forelimb region, layer 5",S1FL-5,103,194,147,6700,369.0,S1FL,,9,89.0,2094295.0,6301.0,89.0,2094295.0,6301.0,23531.404494382023,70.79775280898876
945,"Primary somatosensory cortex, forelimb region, layer 6a",S1FL-6a,114,198,154,6800,369.0,S1FL,,9,204.0,9738834.0,20689.0,204.0,9738834.0,20689.0,47739.382352941175,101.41666666666667
1026,"Primary somatosensory cortex, forelimb region, layer 6b",S1FL-6b,124,201,162,6900,369.0,S1FL,,9,73.0,4937456.0,9361.0,73.0,4937456.0,9361.0,67636.38356164383,128.23287671232876
361,"Primary somatosensory cortex, trunk region",S1Tr,112,255,121,7000,322.0,S1,,8,,0.0,0.0,461.0,20575761.0,41941.0,44632.88720173536,90.97830802603036
1006,"Primary somatosensory cortex, trunk region, layer 1",S1Tr-1,0,179,171,7100,361.0,S1Tr,,9,12.0,722007.0,1313.0,12.0,722007.0,1313.0,60167.25,109.41666666666667
670,"Primary somatosensory cortex, trunk region, layer 2/3",S1Tr-2/3,0,185,179,7200,361.0,S1Tr,,9,47.0,2927583.0,4752.0,47.0,2927583.0,4752.0,62289.0,101.1063829787234
1086,"Primary somatosensory cortex, trunk region, layer 4",S1Tr-4,63,192,187,7300,361.0,S1Tr,,9,44.0,3003403.0,4197.0,44.0,3003403.0,4197.0,68259.15909090909,95.38636363636364
1111,"Primary somatosensory cortex, trunk region, layer 5",S1Tr-5,91,197,197,7400,361.0,S1Tr,,9,120.0,3569266.0,9424.0,120.0,3569266.0,9424.0,29743.883333333335,78.53333333333333
9,"Primary somatosensory cortex, trunk region, layer 6a",S1Tr-6a,115,203,207,7500,361.0,S1Tr,,9,122.0,4920740.0,10826.0,122.0,4920740.0,10826.0,40333.934426229505,88.73770491803279
461,"Primary somatosensory cortex, trunk region, layer 6b",S1Tr-6b,156,216,218,7600,361.0,S1Tr,,9,116.0,5432762.0,11429.0,116.0,5432762.0,11429.0,46834.15517241379,98.52586206896552
378,Secondary somatosensory cortex,S2,112,255,121,7700,453.0,S,,7,,0.0,0.0,8079.0,464981770.0,907577.0,57554.371828196556,112.33778933036267
873,"Secondary somatosensory cortex, layer 1",S2-1,0,176,129,7800,378.0,S2,,8,4214.0,287357769.0,516472.0,4214.0,287357769.0,516472.0,68191.2123872805,122.5609871855719
806,"Secondary somatosensory cortex, layer 2/3",S2-2/3,0,180,135,7900,378.0,S2,,8,804.0,43753145.0,89520.0,804.0,43753145.0,89520.0,54419.33457711443,111.34328358208955
1035,"Secondary somatosensory cortex, layer 4",S2-4,40,184,141,8000,378.0,S2,,8,991.0,36271497.0,90706.0,991.0,36271497.0,90706.0,36600.90514631685,91.5297679112008
1090,"Secondary somatosensory cortex, layer 5",S2-5,74,190,155,8100,378.0,S2,,8,710.0,29864238.0,70700.0,710.0,29864238.0,70700.0,42062.307042253524,99.5774647887324
862,"Secondary somatosensory cortex, layer 6a",S2-6a,98,196,170,8200,378.0,S2,,8,811.0,38102055.0,80965.0,811.0,38102055.0,80965.0,46981.57213316893,99.83353884093711
893,"Secondary somatosensory cortex, layer 6b",S2-6b,121,202,179,8300,378.0,S2,,8,549.0,29633066.0,59214.0,549.0,29633066.0,59214.0,53976.440801457196,107.85792349726776
44,"Cingulate cortex, area 24a (infralimbic)",A24a (IL),112,255,104,8400,315.0,Isocortex,,6,,0.0,0.0,1831.0,116148487.0,206633.0,63434.45494265429,112.85253959584927
707,"Cingulate cortex, area 24a (infralimbic), layer 1",A24a (IL)-1,0,137,72,8500,44.0,A24a (IL),,7,97.0,8697837.0,12625.0,97.0,8697837.0,12625.0,89668.42268041238,130.15463917525773
747,"Cingulate cortex, area 24a (infralimbic), layer 2/3",A24a (IL)-2,13,142,83,8600,44.0,A24a (IL),,7,,0.0,0.0,0.0,0.0,0.0,,
556,"Cingulate cortex, area 24a (infralimbic), layer 4",A24a (IL)-2/3,50,146,93,8700,44.0,A24a (IL),,7,642.0,42417768.0,78745.0,642.0,42417768.0,78745.0,66071.28971962616,122.65576323987538
827,"Cingulate cortex, area 24a (infralimbic), layer 5",A24a (IL)-5,77,160,111,8800,44.0,A24a (IL),,7,618.0,37654136.0,66639.0,618.0,37654136.0,66639.0,60929.02265372168,107.83009708737865
1054,"Cingulate cortex, area 24a (infralimbic), layer 6a",A24a (IL)-6a,97,166,122,8900,44.0,A24a (IL),,7,404.0,23448278.0,41571.0,404.0,23448278.0,41571.0,58040.292079207924,102.89851485148515
1081,"Cingulate cortex, area 24a (infralimbic), layer 6b",A24a (IL)-6b,116,172,135,9000,44.0,A24a (IL),,7,70.0,3930468.0,7053.0,70.0,3930468.0,7053.0,56149.54285714286,100.75714285714285
1057,Dysgranular insular cortex,DI,112,255,105,9100,315.0,Isocortex,,6,,0.0,0.0,1658.0,107799122.0,193617.0,65017.56453558504,116.77744270205066
36,"Dysgranular insular cortex, layer 1",DI-1,51,181,90,9200,1057.0,DI,,7,1056.0,67722626.0,122588.0,1056.0,67722626.0,122588.0,64131.27462121212,116.08712121212122
180,"Dysgranular insular cortex, layer 2/3",DI-2/3,82,187,112,9300,1057.0,DI,,7,56.0,4082921.0,7043.0,56.0,4082921.0,7043.0,72909.30357142857,125.76785714285714
148,"Dysgranular insular cortex, layer 4",DI-4,106,193,125,9400,1057.0,DI,,7,13.0,1032908.0,1649.0,13.0,1032908.0,1649.0,79454.46153846153,126.84615384615384
187,"Dysgranular insular cortex, layer 5",DI-5,127,200,138,9500,1057.0,DI,,7,220.0,13992511.0,25323.0,220.0,13992511.0,25323.0,63602.32272727273,115.10454545454546
638,"Dysgranular insular cortex, layer 6a",DI-6a,152,208,152,9600,1057.0,DI,,7,290.0,19481874.0,34192.0,290.0,19481874.0,34192.0,67178.87586206896,117.90344827586208
662,"Dysgranular insular cortex, layer 6b",DI-6b,175,218,179,9700,1057.0,DI,,7,23.0,1486282.0,2822.0,23.0,1486282.0,2822.0,64620.95652173913,122.69565217391305
677,Granular insular cortex,GI,112,255,100,9800,315.0,Isocortex,,6,,0.0,0.0,1672.0,102635518.0,187384.0,61384.87918660287,112.07177033492823
897,"Granular insular cortex, layer 1",GI-1,0,155,91,9900,677.0,GI,,7,1096.0,69902170.0,122865.0,1096.0,69902170.0,122865.0,63779.35218978102,112.10310218978103
1106,"Granular insular cortex, layer 2/3",GI-2/3,42,163,106,10000,677.0,GI,,7,65.0,3823885.0,7326.0,65.0,3823885.0,7326.0,58829.0,112.70769230769231
1010,"Granular insular cortex, layer 4",GI-4,70,168,118,10100,677.0,GI,,7,18.0,791515.0,1731.0,18.0,791515.0,1731.0,43973.055555555555,96.16666666666667
1058,"Granular insular cortex, layer 5",GI-5,97,183,138,10200,677.0,GI,,7,134.0,9594325.0,16244.0,134.0,9594325.0,16244.0,71599.44029850746,121.22388059701493
857,"Granular insular cortex, layer 6a",GI-6a,108,186,144,10300,677.0,GI,,7,288.0,15050746.0,31802.0,288.0,15050746.0,31802.0,52259.53472222222,110.42361111111111
849,"Granular insular cortex, layer 6b",GI-6b,117,189,152,10400,677.0,GI,,7,71.0,3472877.0,7416.0,71.0,3472877.0,7416.0,48913.76056338028,104.45070422535211
247,Auditory cortex,Au,120,255,120,10500,315.0,Isocortex,,6,,0.0,0.0,8027.0,454675218.0,904861.0,56643.23134421328,112.72717079855488
1011,"Secondary auditory cortex, dorsal area",AuD,120,255,120,10600,247.0,Au,,7,,0.0,0.0,2343.0,111967203.0,246313.0,47787.96542893726,105.12718736662399
527,"Secondary auditory cortex, dorsal area, layer 1",AuD-1,0,157,125,10700,1011.0,AuD,,8,946.0,50117845.0,106143.0,946.0,50117845.0,106143.0,52978.694503171246,112.20190274841438
600,"Secondary auditory cortex, dorsal area, layer 2/3",AuD-2/3,0,163,137,10800,1011.0,AuD,,8,246.0,11605601.0,26102.0,246.0,11605601.0,26102.0,47177.239837398374,106.10569105691057
678,"Secondary auditory cortex, dorsal area, layer 4",AuD-4,63,170,151,10900,1011.0,AuD,,8,165.0,7770302.0,17179.0,165.0,7770302.0,17179.0,47092.739393939395,104.11515151515151
252,"Secondary auditory cortex, dorsal area, layer 5",AuD-5,91,185,168,11000,1011.0,AuD,,8,318.0,16116072.0,33424.0,318.0,16116072.0,33424.0,50679.47169811321,105.10691823899371
156,"Secondary auditory cortex, dorsal area, layer 6a",AuD-6a,113,190,176,11100,1011.0,AuD,,8,431.0,17358652.0,42235.0,431.0,17358652.0,42235.0,40275.294663573084,97.99303944315545
243,"Secondary auditory cortex, dorsal area, layer 6b",AuD-16b,137,198,186,11200,1011.0,AuD,,8,237.0,8998731.0,21230.0,237.0,8998731.0,21230.0,37969.329113924054,89.57805907172995
1002,Primary auditory cortex,Au1,120,255,120,11300,247.0,Au,,7,,0.0,0.0,2310.0,147279035.0,270072.0,63757.15800865801,116.91428571428571
735,"Primary auditory cortex, layer 1",Au1-1,0,157,114,11400,1002.0,Au1,,8,1320.0,99470376.0,170013.0,1320.0,99470376.0,170013.0,75356.34545454546,128.7977272727273
251,"Primary auditory cortex, layer 2/3",Au1-2/3,0,160,119,11500,1002.0,Au1,,8,202.0,13553244.0,23935.0,202.0,13553244.0,23935.0,67095.26732673268,118.49009900990099
816,"Primary auditory cortex, layer 4",Au1-4,37,164,125,11600,1002.0,Au1,,8,129.0,6455016.0,13279.0,129.0,6455016.0,13279.0,50038.88372093023,102.93798449612403
847,"Primary auditory cortex, layer 5",Au1-5,71,178,145,11700,1002.0,Au1,,8,163.0,6751497.0,15285.0,163.0,6751497.0,15285.0,41420.22699386503,93.77300613496932
954,"Primary auditory cortex, layer 6a",Au1-6a,93,184,160,11800,1002.0,Au1,,8,321.0,12844228.0,30047.0,321.0,12844228.0,30047.0,40013.171339563865,93.60436137071652
1005,"Primary auditory cortex, layer 6b",Au1-6b,115,190,168,11900,1002.0,Au1,,8,175.0,8204674.0,17513.0,175.0,8204674.0,17513.0,46883.85142857143,100.07428571428571
1018,"Secondary auditory cortex, ventral area",AuV,120,255,120,12700,247.0,Au,,7,,0.0,0.0,3374.0,195428980.0,388476.0,57922.0450503853,115.13811499703615
959,"Secondary auditory cortex, ventral area, layer 1",AuV-1,0,156,102,12800,1018.0,AuV,,8,1173.0,88635020.0,159954.0,1173.0,88635020.0,159954.0,75562.67689684569,136.3631713554987
755,"Secondary auditory cortex, ventral area, layer 2/3",AuV-2/3,41,163,113,12900,1018.0,AuV,,8,439.0,28000991.0,53632.0,439.0,28000991.0,53632.0,63783.57858769932,122.16856492027335
990,"Secondary auditory cortex, ventral area, layer 4",AuV-4,70,168,124,13000,1018.0,AuV,,8,470.0,21731156.0,47323.0,470.0,21731156.0,47323.0,46236.50212765957,100.68723404255319
1023,"Secondary auditory cortex, ventral area, layer 5",AuV-5,96,183,144,13100,1018.0,AuV,,8,500.0,18846611.0,47449.0,500.0,18846611.0,47449.0,37693.222,94.898
520,"Secondary auditory cortex, ventral area, layer 6a",AuV-6a,116,190,160,13200,1018.0,AuV,,8,563.0,25109887.0,54668.0,563.0,25109887.0,54668.0,44600.154529307285,97.101243339254
598,"Secondary auditory cortex, ventral area, layer 6b",AuV-6b,127,193,168,13300,1018.0,AuV,,8,229.0,13105315.0,25450.0,229.0,13105315.0,25450.0,57228.44978165939,111.1353711790393
669,Visual cortex,V,112,255,98,13400,315.0,Isocortex,,6,,0.0,0.0,3975.0,189515723.0,403927.0,47676.91144654088,101.61685534591194
2170,"Secondary visual cortex, lateral area",V2L,108,173,178,14010,669.0,V,,7,,0.0,0.0,2548.0,121344594.0,262779.0,47623.46703296703,103.13147566718995
402,"Secondary visual cortex, lateral area, anterior region",V2La,112,255,98,14100,2170.0,V2L,,8,,0.0,0.0,1602.0,76642599.0,167263.0,47841.82209737827,104.40886392009988
1074,"Secondary visual cortex, lateral area, anterior region, layer1",V2La-1,0,160,181,14200,402.0,V2La,,9,579.0,31310539.0,64858.0,579.0,31310539.0,64858.0,54076.92400690846,112.01727115716753
905,"Secondary visual cortex, lateral area, anterior region, layer2/3",V2La-2/3,0,161,189,14300,402.0,V2La,,9,204.0,11555847.0,22786.0,204.0,11555847.0,22786.0,56646.30882352941,111.69607843137256
1114,"Secondary visual cortex, lateral area, anterior region, layer4",V2La-4,0,161,197,14400,402.0,V2La,,9,83.0,4774304.0,9839.0,83.0,4774304.0,9839.0,57521.73493975904,118.5421686746988
233,"Secondary visual cortex, lateral area, anterior region, layer5",V2La-5,16,179,202,14500,402.0,V2La,,9,209.0,8597591.0,20197.0,209.0,8597591.0,20197.0,41136.7990430622,96.63636363636364
601,"Secondary visual cortex, lateral area, anterior region, layer6a",V2La-6a,105,193,212,14600,402.0,V2La,,9,308.0,11340407.0,28239.0,308.0,11340407.0,28239.0,36819.503246753244,91.68506493506493
649,"Secondary visual cortex, lateral area, anterior region, layer6b",V2La-6b,103,193,221,14700,402.0,V2La,,9,219.0,9063911.0,21344.0,219.0,9063911.0,21344.0,41387.72146118721,97.46118721461187
409,"Secondary visual cortex, lateral area, intermediate region",V2Li,112,255,98,14800,2170.0,V2L,,8,,0.0,0.0,690.0,34037759.0,71372.0,49330.085507246375,103.4376811594203
421,"Secondary visual cortex, lateral area, intermediate region, layer1",V2Li-1,0,159,158,14900,409.0,V2Li,,9,259.0,13977938.0,28025.0,259.0,13977938.0,28025.0,53968.87258687259,108.20463320463321
973,"Secondary visual cortex, lateral area, intermediate region, layer2/3",V2Li-2/3,0,159,165,15000,409.0,V2Li,,9,153.0,7797394.0,16050.0,153.0,7797394.0,16050.0,50963.359477124184,104.90196078431373
573,"Secondary visual cortex, lateral area, intermediate region, layer4",V2Li-4,0,161,173,15100,409.0,V2Li,,9,82.0,3718893.0,8123.0,82.0,3718893.0,8123.0,45352.35365853659,99.0609756097561
613,"Secondary visual cortex, lateral area, intermediate region, layer5",V2Li-5,0,176,184,15200,409.0,V2Li,,9,63.0,2347752.0,5795.0,63.0,2347752.0,5795.0,37265.90476190476,91.98412698412699
74,"Secondary visual cortex, lateral area, intermediate region, layer6a",V2Li-6a,69,183,193,15300,409.0,V2Li,,9,107.0,4571169.0,10295.0,107.0,4571169.0,10295.0,42721.20560747664,96.21495327102804
121,"Secondary visual cortex, lateral area, intermediate region, layer6b",V2Li-6b,107,192,203,15400,409.0,V2Li,,9,26.0,1624613.0,3084.0,26.0,1624613.0,3084.0,62485.11538461538,118.61538461538461
425,"Secondary visual cortex, lateral area, posterior region",V2Lp,112,255,98,15500,2170.0,V2L,,8,,0.0,0.0,256.0,10664236.0,24144.0,41657.171875,94.3125
750,"Secondary visual cortex, lateral area, posterior region, layer1",V2Lp-1,0,180,205,15600,425.0,V2Lp,,9,149.0,5600531.0,13797.0,149.0,5600531.0,13797.0,37587.45637583893,92.59731543624162
269,"Secondary visual cortex, lateral area, posterior region, layer2/3",V2Lp-2/3,0,181,214,15700,425.0,V2Lp,,9,46.0,1703914.0,3902.0,46.0,1703914.0,3902.0,37041.608695652176,84.82608695652173
869,"Secondary visual cortex, lateral area, posterior region, layer4",V2Lp-4,0,181,223,15800,425.0,V2Lp,,9,12.0,466224.0,1184.0,12.0,466224.0,1184.0,38852.0,98.66666666666667
902,"Secondary visual cortex, lateral area, posterior region, layer15",V2Lp-5,2,190,215,15900,425.0,V2Lp,,9,16.0,966985.0,1583.0,16.0,966985.0,1583.0,60436.5625,98.9375
377,"Secondary visual cortex, lateral area, posterior region, layer6a",V2Lp-6a,110,205,226,16000,425.0,V2Lp,,9,27.0,1413517.0,2850.0,27.0,1413517.0,2850.0,52352.48148148148,105.55555555555556
393,"Secondary visual cortex, lateral area, posterior region, layer6b",V2Lp-6b,107,205,236,16100,425.0,V2Lp,,9,6.0,513065.0,828.0,6.0,513065.0,828.0,85510.83333333333,138.0
2096,"Secondary Visual Cortex, Medial area",V2M,107,205,236,16110,669.0,V,,7,,0.0,0.0,341.0,16314932.0,33263.0,47844.375366568915,97.54545454545455
2097,"Secondary visual cortex, mediolateral area",V2ML,107,205,236,16120,2096.0,V2M,,8,,0.0,0.0,52.0,2157942.0,4574.0,41498.88461538462,87.96153846153847
2393,"Secondary visual cortex, mediolateral area, layer1",V2ML-1,107,205,236,16130,2097.0,V2ML,,9,6.0,309845.0,543.0,6.0,309845.0,543.0,51640.833333333336,90.5
2409,"Secondary visual cortex, mediolateral area, layer2/3",V2ML-2/3,107,205,236,16140,2097.0,V2ML,,9,9.0,387425.0,714.0,9.0,387425.0,714.0,43047.22222222222,79.33333333333333
2410,"Secondary visual cortex, mediolateral area, layer4",V2ML-4,107,205,236,16150,2097.0,V2ML,,9,,0.0,0.0,0.0,0.0,0.0,,
2411,"Secondary visual cortex, mediolateral area, layer5",V2ML-5,107,205,236,16160,2097.0,V2ML,,9,5.0,214505.0,440.0,5.0,214505.0,440.0,42901.0,88.0
2412,"Secondary visual cortex, mediolateral area, layer6a",V2ML-6a,107,205,236,16170,2097.0,V2ML,,9,18.0,720323.0,1616.0,18.0,720323.0,1616.0,40017.944444444445,89.77777777777777
2413,"Secondary visual cortex, mediolateral area, layer6b",V2ML-6b,107,205,236,16180,2097.0,V2ML,,9,14.0,525844.0,1261.0,14.0,525844.0,1261.0,37560.28571428572,90.07142857142857
394,"Secondary visual cortex, mediomedial area, anterior region",V2MMa,112,255,98,16200,2096.0,V2M,,8,,0.0,0.0,99.0,4516939.0,9105.0,45625.64646464647,91.96969696969697
281,"Secondary visual cortex, mediomedial area, anterior region, layer1",V2MMa-1,0,141,139,16300,394.0,V2MMa,,9,27.0,1116439.0,2417.0,27.0,1116439.0,2417.0,41349.59259259259,89.51851851851852
1066,"Secondary visual cortex, mediomedial area, anterior region, layer2/3",V2MMa-2/3,0,142,145,16400,394.0,V2MMa,,9,15.0,878326.0,1456.0,15.0,878326.0,1456.0,58555.066666666666,97.06666666666666
401,"Secondary visual cortex, mediomedial area, anterior region, layer4",V2MMa-4,0,143,152,16500,394.0,V2MMa,,9,,0.0,0.0,0.0,0.0,0.0,,
433,"Secondary visual cortex, mediomedial area, anterior region, layer5",V2MMa-5,0,158,163,16600,394.0,V2MMa,,9,10.0,467204.0,1008.0,10.0,467204.0,1008.0,46720.4,100.8
1046,"Secondary visual cortex, mediomedial area, anterior region, layer6a",V2MMa-6a,64,164,172,16700,394.0,V2MMa,,9,28.0,1280235.0,2487.0,28.0,1280235.0,2487.0,45722.67857142857,88.82142857142857
441,"Secondary visual cortex, mediomedial area, anterior region, layer6b",V2MMa-6b,98,172,181,16800,394.0,V2MMa,,9,19.0,774735.0,1737.0,19.0,774735.0,1737.0,40775.52631578947,91.42105263157895
533,"Secondary visual cortex, mediomedial area, posterior region",V2MMp,112,255,98,16900,2096.0,V2M,,8,,0.0,0.0,190.0,9640051.0,19584.0,50737.11052631579,103.07368421052631
805,"Secondary visual cortex, mediomedial area, posterior region, layer1",V2MMp-1,0,174,184,17000,533.0,V2MMp,,9,155.0,8106801.0,16282.0,155.0,8106801.0,16282.0,52301.94193548387,105.04516129032258
41,"Secondary visual cortex, mediomedial area, posterior region, layer2/3",V2MMp-2/3,0,175,191,17100,533.0,V2MMp,,9,11.0,549352.0,1030.0,11.0,549352.0,1030.0,49941.09090909091,93.63636363636364
501,"Secondary visual cortex, mediomedial area, posterior region, layer4",V2MMp-4,0,179,200,17200,533.0,V2MMp,,9,,0.0,0.0,0.0,0.0,0.0,,
565,"Secondary visual cortex, mediomedial area, posterior region, layer5",V2MMp-5,63,184,201,17300,533.0,V2MMp,,9,,0.0,0.0,0.0,0.0,0.0,,
257,"Secondary visual cortex, mediomedial area, posterior region, layer6a",V2MMp-6a,93,188,201,17400,533.0,V2MMp,,9,22.0,847090.0,2001.0,22.0,847090.0,2001.0,38504.09090909091,90.95454545454545
469,"Secondary visual cortex, mediomedial area, posterior region, layer6b",V2MMp-6b,119,194,202,17500,533.0,V2MMp,,9,2.0,136808.0,271.0,2.0,136808.0,271.0,68404.0,135.5
385,Primary visual cortex,V1,112,255,98,17600,669.0,V,,7,,0.0,0.0,1086.0,51856197.0,107885.0,47749.72099447514,99.34162062615101
593,"Primary visual cortex, layer1",V1-1,0,147,153,17700,385.0,V1,,8,192.0,8204759.0,18146.0,192.0,8204759.0,18146.0,42733.119791666664,94.51041666666667
821,"Primary visual cortex, layer2/3",V1-2/3,0,148,159,17800,385.0,V1,,8,74.0,4165440.0,7769.0,74.0,4165440.0,7769.0,56289.72972972973,104.98648648648648
721,"Primary visual cortex, layer4",V1-4,17,151,167,17900,385.0,V1,,8,9.0,521524.0,920.0,9.0,521524.0,920.0,57947.11111111111,102.22222222222223
778,"Primary visual cortex, layer5",V1-5,60,163,177,18000,385.0,V1,,8,10.0,661433.0,1121.0,10.0,661433.0,1121.0,66143.3,112.1
33,"Primary visual cortex, layer6a",V1-6a,85,168,178,18100,385.0,V1,,8,38.0,1757524.0,3577.0,38.0,1757524.0,3577.0,46250.63157894737,94.13157894736842
305,"Primary visual cortex, layer6b",V1-6b,107,173,178,18200,385.0,V1,,8,7.0,296318.0,687.0,7.0,296318.0,687.0,42331.142857142855,98.14285714285714
2098,"Primary visual cortex, monocular area",V1M,112,255,98,18210,385.0,V1,,8,,0.0,0.0,47.0,2299391.0,4856.0,48923.21276595745,103.31914893617021
2428,"Primary visual cortex, monocular area, layer1",V1M-1,112,255,98,18220,2098.0,V1M,,9,4.0,145572.0,331.0,4.0,145572.0,331.0,36393.0,82.75
2429,"Primary visual cortex, monocular area, layer2/3",V1M-2/3,112,255,98,18230,2098.0,V1M,,9,10.0,488393.0,1012.0,10.0,488393.0,1012.0,48839.3,101.2
2430,"Primary visual cortex, monocular area, layer4",V1M-4,112,255,98,18240,2098.0,V1M,,9,2.0,76160.0,161.0,2.0,76160.0,161.0,38080.0,80.5
2431,"Primary visual cortex, monocular area, layer5",V1M-5,112,255,98,18250,2098.0,V1M,,9,1.0,78846.0,178.0,1.0,78846.0,178.0,78846.0,178.0
2432,"Primary visual cortex, monocular area, layer6a",V1M-6a,112,255,98,18260,2098.0,V1M,,9,14.0,803292.0,1626.0,14.0,803292.0,1626.0,57378.0,116.14285714285714
2433,"Primary visual cortex, monocular area, layer16b",V1M-6b,112,255,98,18270,2098.0,V1M,,9,16.0,707128.0,1548.0,16.0,707128.0,1548.0,44195.5,96.75
2133,"Primary visual cortex, binocular area",V1B,112,255,98,18280,385.0,V1,,8,,0.0,0.0,639.0,30167629.0,63433.0,47210.687010954614,99.26917057902973
2434,"Primary visual cortex, binocular area, layer1",V1B-1,112,255,98,18290,2133.0,V1B,,9,181.0,7504883.0,17461.0,181.0,7504883.0,17461.0,41463.441988950275,96.4696132596685
2435,"Primary visual cortex, binocular area, layer2/3",V1B-2/3,112,255,98,18291,2133.0,V1B,,9,85.0,4411902.0,8726.0,85.0,4411902.0,8726.0,51904.7294117647,102.65882352941176
2436,"Primary visual cortex, binocular area, layer4",V1B-4,112,255,98,18292,2133.0,V1B,,9,43.0,2030718.0,3950.0,43.0,2030718.0,3950.0,47226.0,91.86046511627907
2437,"Primary visual cortex, binocular area, layer5",V1B-5,112,255,98,18293,2133.0,V1B,,9,64.0,2872916.0,6687.0,64.0,2872916.0,6687.0,44889.3125,104.484375
2438,"Primary visual cortex, binocular area, layer6a",V1B-6a,112,255,98,18294,2133.0,V1B,,9,167.0,8438427.0,16952.0,167.0,8438427.0,16952.0,50529.50299401198,101.50898203592814
2439,"Primary visual cortex, binocular area, layer6b",V1B-6b,112,255,98,18295,2133.0,V1B,,9,99.0,4908783.0,9657.0,99.0,4908783.0,9657.0,49583.666666666664,97.54545454545455
31,Cingulate cortex,A24 (Cg),112,255,113,18300,315.0,Isocortex,,6,,0.0,0.0,3059.0,171556264.0,334196.0,56082.466165413534,109.25008172605426
2345,"Cingulate cortex, area 24b ",A24b (Cg1),169,203,142,18810,31.0,A24 (Cg),,7,,0.0,0.0,2176.0,120088723.0,237147.0,55187.83226102941,108.9829963235294
2346,"Cingulate cortex, area 24b, layer1",A24b (Cg1)-1,169,203,142,18820,2345.0,A24b (Cg1),,8,575.0,37823149.0,69080.0,575.0,37823149.0,69080.0,65779.3895652174,120.13913043478261
2347,"Cingulate cortex, area 24b, layer2/3",A24b (Cg1)-2/3,169,203,142,18830,2345.0,A24b (Cg1),,8,455.0,26356121.0,52824.0,455.0,26356121.0,52824.0,57925.54065934066,116.0967032967033
2348,"Cingulate cortex, area 24b, layer5",A24b (Cg1)-5,169,203,142,18840,2345.0,A24b (Cg1),,8,473.0,23772900.0,48729.0,473.0,23772900.0,48729.0,50259.83086680761,103.02114164904863
2349,"Cingulate cortex, area 24b, layer6a",A24b (Cg1)-6a,169,203,142,18850,2345.0,A24b (Cg1),,8,627.0,30068318.0,62197.0,627.0,30068318.0,62197.0,47955.850079744814,99.19776714513557
2350,"Cingulate cortex, area 24b, layer6b",A24b (Cg1)-6b,169,203,142,18860,2345.0,A24b (Cg1),,8,46.0,2068235.0,4317.0,46.0,2068235.0,4317.0,44961.63043478261,93.84782608695652
39,"Cingulate cortex, area 24b'",A24b' (Cg1),113,255,113,18900,31.0,A24 (Cg),,7,,0.0,0.0,578.0,35766459.0,65257.0,61879.686851211074,112.90138408304499
935,"Cingulate cortex, area 24b', layer1",A24b' (Cg1)-1,96,170,75,19000,39.0,A24b' (Cg1),,8,344.0,23059344.0,40635.0,344.0,23059344.0,40635.0,67032.97674418605,118.125
211,"Cingulate cortex, area 24b', layer2/3",A24b' (Cg1)-2/3,116,175,88,19100,39.0,A24b' (Cg1),,8,69.0,4366744.0,7976.0,69.0,4366744.0,7976.0,63286.14492753623,115.59420289855072
1015,"Cingulate cortex, area 24b', layer5",A24b' (Cg1)-5,137,183,108,19200,39.0,A24b' (Cg1),,8,76.0,3817397.0,7274.0,76.0,3817397.0,7274.0,50228.90789473684,95.71052631578948
919,"Cingulate cortex, area 24b', layer6a",A24b' (Cg1)-6a,157,199,128,19300,39.0,A24b' (Cg1),,8,81.0,3785747.0,8395.0,81.0,3785747.0,8395.0,46737.61728395062,103.64197530864197
927,"Cingulate cortex, area 24b', layer6b",A24b' (Cg1)-6b,168,203,142,19400,39.0,A24b' (Cg1),,8,8.0,737227.0,977.0,8.0,737227.0,977.0,92153.375,122.125
48,"Cingulate cortex, area 24a'",A24a' (Cg2),114,255,113,19500,31.0,A24 (Cg),,7,,0.0,0.0,305.0,15701082.0,31792.0,51478.95737704918,104.23606557377049
588,"Cingulate cortex, area 24a', layer1",A24a' (Cg2)-1,109,191,85,19600,48.0,A24a' (Cg2),,8,29.0,1646108.0,2922.0,29.0,1646108.0,2922.0,56762.34482758621,100.75862068965517
296,"Cingulate cortex, area 24a', layer2/3",A24a' (Cg2)-2/3,131,198,100,19700,48.0,A24a' (Cg2),,8,67.0,3141183.0,6322.0,67.0,3141183.0,6322.0,46883.32835820896,94.35820895522389
772,"Cingulate cortex, area 24a', layer5",A24a' (Cg2)-5,155,207,122,19800,48.0,A24a' (Cg2),,8,70.0,3230957.0,6836.0,70.0,3230957.0,6836.0,46156.52857142857,97.65714285714286
810,"Cingulate cortex, area 24a', layer6a",A24a' (Cg2)-6a,167,212,136,19900,48.0,A24a' (Cg2),,8,113.0,6182187.0,12849.0,113.0,6182187.0,12849.0,54709.61946902655,113.70796460176992
819,"Cingulate cortex, area 24a', layer6b",A24a' (Cg2)-6b,178,217,152,20000,48.0,A24a' (Cg2),,8,26.0,1500647.0,2863.0,26.0,1500647.0,2863.0,57717.192307692305,110.11538461538461
972,"Cingulate cortex, area 32 (Prelimbic cortex)",A32 (PrL),112,255,118,20100,315.0,Isocortex,,6,,0.0,0.0,3171.0,185641329.0,363256.0,58543.46546830653,114.55566067486598
171,"Cingulate cortex, area 32 (Prelimbic cortex), layer1",A32 (PrL)-1,83,150,66,20200,972.0,A32 (PrL),,7,1009.0,67132125.0,123322.0,1009.0,67132125.0,123322.0,66533.32507433102,122.22200198216055
195,"Cingulate cortex, area 32 (Prelimbic cortex), layer2",A32 (PrL)-2,101,156,78,20300,972.0,A32 (PrL),,7,,0.0,0.0,0.0,0.0,0.0,,
304,"Cingulate cortex, area 32 (Prelimbic cortex), layer2/3",A32 (PrL)-2/3,121,163,95,20400,972.0,A32 (PrL),,7,1146.0,61373027.0,129470.0,1146.0,61373027.0,129470.0,53554.12478184991,112.97556719022688
363,"Cingulate cortex, area 32 (Prelimbic cortex), layer5",A32 (PrL)-5,140,178,114,20500,972.0,A32 (PrL),,7,757.0,42830247.0,82689.0,757.0,42830247.0,82689.0,56578.92602377807,109.23249669749009
84,"Cingulate cortex, area 32 (Prelimbic cortex), layer6a",A32 (PrL)-6a,150,182,127,20600,972.0,A32 (PrL),,7,259.0,14305930.0,27775.0,259.0,14305930.0,27775.0,55235.25096525097,107.23938223938224
132,"Cingulate cortex, area 32 (Prelimbic cortex), layer6b",A32 (PrL)-6b,160,187,142,20700,972.0,A32 (PrL),,7,,0.0,0.0,0.0,0.0,0.0,,
714,Orbital cortex,O,128,255,128,20800,315.0,Isocortex,,6,,0.0,0.0,3535.0,242625927.0,412501.0,68635.34002828854,116.6905233380481
723,Lateral orbital cortex,LO,127,255,128,21400,714.0,O,,7,,0.0,0.0,1214.0,83959659.0,140448.0,69159.52141680395,115.69028006589785
448,"Lateral orbital cortex, layer1",LO-1,37,143,69,21500,723.0,LO,,8,329.0,23198764.0,38473.0,329.0,23198764.0,38473.0,70512.96048632219,116.93920972644376
412,"Lateral orbital cortex, layer2/3",LO-2/3,63,148,87,21600,723.0,LO,,8,416.0,27497022.0,46716.0,416.0,27497022.0,46716.0,66098.61057692308,112.29807692307692
630,"Lateral orbital cortex, layer5",LO-5,82,152,98,21700,723.0,LO,,8,362.0,27164223.0,43374.0,362.0,27164223.0,43374.0,75039.29005524862,119.81767955801105
440,"Lateral orbital cortex, layer6a",LO-6a,107,168,116,21800,723.0,LO,,8,46.0,3452503.0,6005.0,46.0,3452503.0,6005.0,75054.41304347826,130.54347826086956
488,"Lateral orbital cortex, layer6b",LO-6b,128,175,128,21900,723.0,LO,,8,,0.0,0.0,0.0,0.0,0.0,,
731,Medial orbital cortex,MO,126,255,128,22000,714.0,O,,7,,0.0,0.0,1126.0,70974705.0,131965.0,63032.59769094139,117.19804618117229
484,"Medial orbital cortex, layer1",MO-1,102,155,63,22100,731.0,MO,,8,544.0,33227686.0,64399.0,544.0,33227686.0,64399.0,61080.305147058825,118.38051470588235
524,"Medial orbital cortex, layer2/3",MO-2/3,121,162,82,22200,731.0,MO,,8,,0.0,0.0,0.0,0.0,0.0,,
582,"Medial orbital cortex, layer5",MO-5,131,166,95,22300,731.0,MO,,8,266.0,18008525.0,33602.0,266.0,18008525.0,33602.0,67701.22180451128,126.32330827067669
620,"Medial orbital cortex, layer6a",MO-6a,150,181,113,22400,731.0,MO,,8,149.0,10753643.0,16906.0,149.0,10753643.0,16906.0,72172.10067114094,113.46308724832215
910,"Medial orbital cortex, layer6b",MO-6b,161,186,127,22500,731.0,MO,,8,14.0,756481.0,1465.0,14.0,756481.0,1465.0,54034.357142857145,104.64285714285714
738,Ventral orbital cortex,VO,125,255,128,22600,714.0,O,,7,,0.0,0.0,1195.0,87691563.0,140088.0,73382.06108786611,117.22845188284519
2320,"Orbital cortex, ventral part, layer 1",VO-1,125,255,128,22610,738.0,VO,,8,377.0,24137015.0,43894.0,377.0,24137015.0,43894.0,64023.9124668435,116.42970822281167
2321,"Orbital cortex, ventral part, layer 2/3",VO-2/3,125,255,128,22620,738.0,VO,,8,333.0,27300720.0,38860.0,333.0,27300720.0,38860.0,81984.14414414414,116.69669669669669
2322,"Orbital cortex, ventral part, layer 5",VO-5,125,255,128,22630,738.0,VO,,8,262.0,22287003.0,31649.0,262.0,22287003.0,31649.0,85064.89694656488,120.79770992366412
2323,"Orbital cortex, ventral part, layer 6a",VO-6a,125,255,128,22640,738.0,VO,,8,32.0,1824432.0,3078.0,32.0,1824432.0,3078.0,57013.5,96.1875
2324,"Orbital cortex, ventral part, layer 6b",VO-6b,125,255,128,22650,738.0,VO,,8,14.0,1303214.0,1604.0,14.0,1303214.0,1604.0,93086.71428571429,114.57142857142857
95,Agranular insular cortex,AI,112,255,114,23300,315.0,Isocortex,,6,,0.0,0.0,5885.0,384919555.0,681687.0,65406.89124893798,115.83466440101954
2331,"Agranular insular cortex, layer 1",AI1,112,255,114,23310,95.0,AI,,7,148.0,9698801.0,16879.0,148.0,9698801.0,16879.0,65532.43918918919,114.04729729729729
2332,"Agranular insular cortex, layer 2/3",AI2/3,112,255,114,23320,95.0,AI,,7,6.0,275085.0,663.0,6.0,275085.0,663.0,45847.5,110.5
2333,"Agranular insular cortex, layer 5",AI5,112,255,114,23330,95.0,AI,,7,6.0,502673.0,896.0,6.0,502673.0,896.0,83778.83333333333,149.33333333333334
104,"Agranular insular cortex, dorsal part",AID,113,255,114,23400,95.0,AI,,7,,0.0,0.0,2515.0,159847646.0,282598.0,63557.712127236584,112.36500994035785
996,"Agranular insular cortex, dorsal part, layer1",AID-1,74,165,77,23500,104.0,AID,,8,1422.0,87800022.0,157400.0,1422.0,87800022.0,157400.0,61744.037974683546,110.68917018284107
328,"Agranular insular cortex, dorsal part, layer2/3",AID-2/3,95,171,97,23600,104.0,AID,,8,104.0,5695238.0,10926.0,104.0,5695238.0,10926.0,54761.903846153844,105.0576923076923
1101,"Agranular insular cortex, dorsal part, layer5",AID-5,114,177,110,23700,104.0,AID,,8,286.0,20176786.0,34159.0,286.0,20176786.0,34159.0,70548.2027972028,119.43706293706293
783,"Agranular insular cortex, dorsal part, layer6a",AID-6a,144,195,129,23800,104.0,AID,,8,225.0,15022687.0,26719.0,225.0,15022687.0,26719.0,66767.49777777778,118.75111111111111
831,"Agranular insular cortex, dorsal part, layer6b",AID-6b,156,200,143,23900,104.0,AID,,8,1.0,84380.0,100.0,1.0,84380.0,100.0,84380.0,100.0
2020,Dorsolateral orbital cortex,DLO,156,200,143,23910,104.0,AID,,8,,0.0,0.0,477.0,31068533.0,53294.0,65133.1928721174,111.72746331236897
2326,"Dorsolateral orbital cortex, layer 1",DLO-1,156,200,143,23920,2020.0,DLO,,9,460.0,29792089.0,51297.0,460.0,29792089.0,51297.0,64765.41086956522,111.51521739130435
2327,"Dorsolateral orbital cortex, layer 2/3",DLO-2/3,156,200,143,23930,2020.0,DLO,,9,14.0,850004.0,1616.0,14.0,850004.0,1616.0,60714.57142857143,115.42857142857143
2328,Dorsolateral orbital cortex layer 5,DLO-5,156,200,143,23940,2020.0,DLO,,9,3.0,426440.0,381.0,3.0,426440.0,381.0,142146.66666666666,127.0
2329,Dorsolateral orbital cortex layer 6a,DLO-6a,156,200,143,23950,2020.0,DLO,,9,,0.0,0.0,0.0,0.0,0.0,,
2330,Dorsolateral orbital cortex layer 6b,DLO-6b,156,200,143,23960,2020.0,DLO,,9,,0.0,0.0,0.0,0.0,0.0,,
111,"Agranular insular cortex, posterior part",AIP,111,255,114,24000,95.0,AI,,7,,0.0,0.0,1120.0,74484599.0,137665.0,66504.10625,122.91517857142857
120,"Agranular insular cortex, posterior part, layer1",AIP-1,0,154,82,24100,111.0,AIP,,8,994.0,66156317.0,122378.0,994.0,66156317.0,122378.0,66555.6509054326,123.11670020120724
163,"Agranular insular cortex, posterior part, layer2/3",AIP-2/3,20,160,94,24200,111.0,AIP,,8,47.0,2876568.0,5435.0,47.0,2876568.0,5435.0,61203.574468085106,115.63829787234043
344,"Agranular insular cortex, posterior part, layer5",AIP-5,59,165,106,24300,111.0,AIP,,8,33.0,2175840.0,3740.0,33.0,2175840.0,3740.0,65934.54545454546,113.33333333333333
314,"Agranular insular cortex, posterior part, layer6a",AIP-6a,87,180,124,24400,111.0,AIP,,8,46.0,3275874.0,6112.0,46.0,3275874.0,6112.0,71214.65217391304,132.8695652173913
355,"Agranular insular cortex, posterior part, layer6b",AIP-6b,108,186,137,24500,111.0,AIP,,8,,0.0,0.0,0.0,0.0,0.0,,
119,"Agranular insular cortex, ventral part",AIV,110,255,114,24600,95.0,AI,,7,,0.0,0.0,2090.0,140110751.0,242986.0,67038.63684210526,116.26124401913876
704,"Agranular insular cortex, ventral part, layer1",AIV-1,84,186,88,24700,119.0,AIV,,8,1524.0,102545085.0,175833.0,1524.0,102545085.0,175833.0,67286.80118110236,115.3759842519685
694,"Agranular insular cortex, ventral part, layer2/3",AIV-2/3,107,192,110,24800,119.0,AIV,,8,109.0,7675905.0,12856.0,109.0,7675905.0,12856.0,70421.14678899082,117.94495412844037
800,"Agranular insular cortex, ventral part, layer5",AIV-5,129,199,124,24900,119.0,AIV,,8,218.0,14932004.0,25177.0,218.0,14932004.0,25177.0,68495.43119266054,115.4908256880734
675,"Agranular insular cortex, ventral part, layer6a",AIV-6a,153,207,137,25000,119.0,AIV,,8,239.0,14957757.0,29120.0,239.0,14957757.0,29120.0,62584.757322175734,121.84100418410041
699,"Agranular insular cortex, ventral part, layer6b",AIV-6b,166,213,152,25100,119.0,AIV,,8,,0.0,0.0,0.0,0.0,0.0,,
254,"Cingulate cortex, area 29 and 30 (retrosplenial cortex)",A29-30 (RS),112,255,120,25200,315.0,Isocortex,,6,,0.0,0.0,2260.0,132967635.0,253985.0,58835.236725663715,112.38274336283186
879,"Cingulate cortex, area 30 (Retrosplenial dysgranular cortex)",A30 (RSD),112,255,120,25900,254.0,A29-30 (RS),,7,,0.0,0.0,1166.0,68046724.0,127839.0,58359.11149228131,109.63893653516296
442,"Cingulate cortex, area 30 (Retrosplenial dysgranular cortex), layer1",A30 (RSD)-1,0,139,89,26000,879.0,A30 (RSD),,8,874.0,51467148.0,97575.0,874.0,51467148.0,97575.0,58886.897025171624,111.64187643020595
434,"Cingulate cortex, area 30 (Retrosplenial dysgranular cortex), layer2/3",A30 (RSD)-2/3,34,145,99,26100,879.0,A30 (RSD),,8,84.0,6022775.0,9674.0,84.0,6022775.0,9674.0,71699.70238095238,115.16666666666667
545,"Cingulate cortex, area 30 (Retrosplenial dysgranular cortex), layer4",A30 (RSD)-4,35,145,99,26200,879.0,A30 (RSD),,8,,0.0,0.0,0.0,0.0,0.0,,
610,"Cingulate cortex, area 30 (Retrosplenial dysgranular cortex), layer5",A30 (RSD)-5,60,149,109,26300,879.0,A30 (RSD),,8,58.0,3557957.0,6277.0,58.0,3557957.0,6277.0,61344.08620689655,108.22413793103448
274,"Cingulate cortex, area 30 (Retrosplenial dysgranular cortex), layer6a",A30 (RSD)-6a,86,164,129,26400,879.0,A30 (RSD),,8,122.0,5933445.0,11760.0,122.0,5933445.0,11760.0,48634.79508196721,96.39344262295081
330,"Cingulate cortex, area 30 (Retrosplenial dysgranular cortex), layer6b",A30 (RSD)-6b,104,170,142,26500,879.0,A30 (RSD),,8,28.0,1065399.0,2553.0,28.0,1065399.0,2553.0,38049.96428571428,91.17857142857143
886,"Cingulate cortex, area 29 (Retrosplenial granular cortex)",A29 (RSG),112,255,120,26600,254.0,A29-30 (RS),,7,,0.0,0.0,1094.0,64920911.0,126146.0,59342.69744058501,115.3071297989031
2132,"Cingulate cortex, area 29c (Retrosplenial granular cortex c)",A29c (RSGc),112,255,120,26610,886.0,A29 (RSG),,8,,0.0,0.0,744.0,45899763.0,87533.0,61693.229838709674,117.65188172043011
542,"Cingulate cortex, area 29c (Retrosplenial granular cortex c), layer1",A29c (RSGc)-1,0,138,79,26700,2132.0,A29c (RSGc),,9,626.0,40024325.0,75038.0,626.0,40024325.0,75038.0,63936.6214057508,119.86900958466454
606,"Cingulate cortex, area 29c (Retrosplenial granular cortex c), layer2",A29c (RSGc)-2,35,145,94,26800,2132.0,A29c (RSGc),,9,,0.0,0.0,0.0,0.0,0.0,,
430,"Cingulate cortex, area 29c (Retrosplenial granular cortex c), layer2/3",A29c (RSGc)-2/3,61,149,104,26900,2132.0,A29c (RSGc),,9,17.0,938910.0,1849.0,17.0,938910.0,1849.0,55230.0,108.76470588235294
687,"Cingulate cortex, area 29c (Retrosplenial granular cortex c), layer5",A29c (RSGc)-5,87,163,123,27000,2132.0,A29c (RSGc),,9,45.0,2525697.0,5306.0,45.0,2525697.0,5306.0,56126.6,117.91111111111111
590,"Cingulate cortex, area 29c (Retrosplenial granular cortex c), layer6a",A29c (RSGc)-6a,96,166,129,27100,2132.0,A29c (RSGc),,9,50.0,1858972.0,4504.0,50.0,1858972.0,4504.0,37179.44,90.08
622,"Cingulate cortex, area 29c (Retrosplenial granular cortex c), layer6b",A29c (RSGc)-6b,105,169,135,27200,2132.0,A29c (RSGc),,9,6.0,551859.0,836.0,6.0,551859.0,836.0,91976.5,139.33333333333334
2066,"Cingulate cortex, area 29b (Retrosplenial granular cortex b)",A29b (RSGb),112,255,120,27210,886.0,A29 (RSG),,8,,0.0,0.0,226.0,12133953.0,24703.0,53690.05752212389,109.30530973451327
2416,"Cingulate cortex, area 29b (Retrosplenial granular cortex b), layer1",A29b (RSGb)-1,112,255,120,27220,2066.0,A29b (RSGb),,9,164.0,9251775.0,18958.0,164.0,9251775.0,18958.0,56413.26219512195,115.59756097560975
2417,"Cingulate cortex, area 29b (Retrosplenial granular cortex b), layer2/3",A29b (RSGb)-2/3,112,255,120,27230,2066.0,A29b (RSGb),,9,7.0,173693.0,444.0,7.0,173693.0,444.0,24813.285714285714,63.42857142857143
2418,"Cingulate cortex, area 29b (Retrosplenial granular cortex b), layer5",A29b (RSGb)-5,112,255,120,27240,2066.0,A29b (RSGb),,9,31.0,1453545.0,2956.0,31.0,1453545.0,2956.0,46888.54838709677,95.35483870967742
2419,"Cingulate cortex, area 29b (Retrosplenial granular cortex b), layer6a",A29b (RSGb)-6a,112,255,120,27250,2066.0,A29b (RSGb),,9,20.0,1102422.0,1977.0,20.0,1102422.0,1977.0,55121.1,98.85
2420,"Cingulate cortex, area 29b (Retrosplenial granular cortex b), layer6b",A29b (RSGb)-6b,112,255,120,27260,2066.0,A29b (RSGb),,9,4.0,152518.0,368.0,4.0,152518.0,368.0,38129.5,92.0
2067,"Cingulate cortex, area 29a (Retrosplenial granular cortex a)",A29a (RSGa),112,255,120,27270,886.0,A29 (RSG),,8,,0.0,0.0,124.0,6887195.0,13910.0,55541.895161290326,112.1774193548387
2421,"Cingulate cortex, area 29a (Retrosplenial granular cortex a), layer1",A29a (RSGa)-1,112,255,120,27280,2067.0,A29a (RSGa),,9,55.0,2969543.0,5915.0,55.0,2969543.0,5915.0,53991.69090909091,107.54545454545455
2422,"Cingulate cortex, area 29a (Retrosplenial granular cortex a), layer2/3",A29a (RSGa)-2/3,112,255,120,27290,2067.0,A29a (RSGa),,9,19.0,1339395.0,2451.0,19.0,1339395.0,2451.0,70494.47368421052,129.0
2423,"Cingulate cortex, area 29a (Retrosplenial granular cortex a), layer5",A29a (RSGa)-5,112,255,120,27291,2067.0,A29a (RSGa),,9,41.0,2119835.0,4572.0,41.0,2119835.0,4572.0,51703.29268292683,111.51219512195122
2424,"Cingulate cortex, area 29a (Retrosplenial granular cortex a), layer6a",A29a (RSGa)-6a,112,255,120,27292,2067.0,A29a (RSGa),,9,5.0,256586.0,510.0,5.0,256586.0,510.0,51317.2,102.0
2425,"Cingulate cortex, area 29a (Retrosplenial granular cortex a), layer6b",A29a (RSGa)-6b,112,255,120,27293,2067.0,A29a (RSGa),,9,4.0,201836.0,462.0,4.0,201836.0,462.0,50459.0,115.5
22,parietal association cortex,PtA,112,255,119,27300,315.0,Isocortex,,6,,0.0,0.0,137.0,7863954.0,13686.0,57401.12408759124,99.89781021897811
2056,Medial parietal association cortex,MPtA,105,169,135,27910,22.0,PtA,,7,,0.0,0.0,30.0,1600943.0,2994.0,53364.76666666667,99.8
2381,"Medial parietal association cortex, layer 1",MPtA-1,105,169,135,27911,2056.0,MPtA,,8,,0.0,0.0,0.0,0.0,0.0,,
2382,"Medial parietal association cortex, layer 2/3",MPtA-2,105,169,135,27912,2056.0,MPtA,,8,1.0,118112.0,239.0,1.0,118112.0,239.0,118112.0,239.0
2383,"Medial parietal association cortex, layer 4",MPtA-4,105,169,135,27913,2056.0,MPtA,,8,1.0,74973.0,100.0,1.0,74973.0,100.0,74973.0,100.0
2384,"Medial parietal association cortex, layer 5",MPtA-5,105,169,135,27914,2056.0,MPtA,,8,13.0,471393.0,1000.0,13.0,471393.0,1000.0,36261.0,76.92307692307692
2385,"Medial parietal association cortex, layer 6a",MPtA-6a,105,169,135,27915,2056.0,MPtA,,8,8.0,564350.0,938.0,8.0,564350.0,938.0,70543.75,117.25
2386,"Medial parietal association cortex, layer 6b",MPtA-6b,105,169,135,27916,2056.0,MPtA,,8,7.0,372115.0,717.0,7.0,372115.0,717.0,53159.28571428572,102.42857142857143
2057,Lateral parietal association cortex,LPtA,105,169,135,27920,22.0,PtA,,7,,0.0,0.0,58.0,3888867.0,6111.0,67049.43103448275,105.36206896551724
2387,"Lateral parietal association cortex, layer 1",LPtA-1,105,169,135,27921,2057.0,LPtA,,8,3.0,222393.0,395.0,3.0,222393.0,395.0,74131.0,131.66666666666666
2388,"Lateral parietal association cortex, layer 2/3",LPtA-2/3,105,169,135,27922,2057.0,LPtA,,8,14.0,1514714.0,1766.0,14.0,1514714.0,1766.0,108193.85714285714,126.14285714285714
2389,"Lateral parietal association cortex, layer 4",LPtA-4,105,169,135,27923,2057.0,LPtA,,8,7.0,637396.0,852.0,7.0,637396.0,852.0,91056.57142857143,121.71428571428571
2390,"Lateral parietal association cortex, layer 5",LPtA-5,105,169,135,27924,2057.0,LPtA,,8,12.0,529429.0,1020.0,12.0,529429.0,1020.0,44119.083333333336,85.0
2391,"Lateral parietal association cortex, layer 6a",LPtA-6a,105,169,135,27925,2057.0,LPtA,,8,14.0,483303.0,1233.0,14.0,483303.0,1233.0,34521.642857142855,88.07142857142857
2392,"Lateral parietal association cortex, layer 6b",LPtA-6b,105,169,135,27926,2057.0,LPtA,,8,8.0,501632.0,845.0,8.0,501632.0,845.0,62704.0,105.625
2082,"parietal cortex, posterior area, dorsal part",PtPD,112,255,119,27940,22.0,PtA,,7,,0.0,0.0,6.0,370558.0,594.0,61759.666666666664,99.0
2402,"Parietal cortex, posterior area, dorsal part, layer1",PtPD-1,112,255,119,27941,2082.0,PtPD,,8,,0.0,0.0,0.0,0.0,0.0,,
2403,"Parietal cortex, posterior area, dorsal part, layer2/3",PtPD-2/3,112,255,119,27942,2082.0,PtPD,,8,3.0,273035.0,381.0,3.0,273035.0,381.0,91011.66666666667,127.0
2404,"Parietal cortex, posterior area, dorsal part, layer4",PtPD-4,112,255,119,27943,2082.0,PtPD,,8,,0.0,0.0,0.0,0.0,0.0,,
2405,"Parietal cortex, posterior area, dorsal part, layer5",PtPD-5,112,255,119,27944,2082.0,PtPD,,8,1.0,25770.0,70.0,1.0,25770.0,70.0,25770.0,70.0
2406,"Parietal cortex, posterior area, dorsal part, layer6a",PtPD-6a,112,255,119,27945,2082.0,PtPD,,8,1.0,22542.0,57.0,1.0,22542.0,57.0,22542.0,57.0
2407,"Parietal cortex, posterior area, dorsal part, layer6b",PtPD-6b,112,255,119,27946,2082.0,PtPD,,8,1.0,49211.0,86.0,1.0,49211.0,86.0,49211.0,86.0
541,Temporal association cortex,TeA ,112,255,122,28000,315.0,Isocortex,,6,,0.0,0.0,5044.0,288719558.0,570755.0,57240.19785884219,113.15523394131641
97,"Temporal association cortex, layer1",TeA-1,0,140,110,28100,541.0,TeA ,,7,1819.0,135404648.0,231756.0,1819.0,135404648.0,231756.0,74439.05882352941,127.4084661902144
1127,"Temporal association cortex, layer2/3",TeA-2/3,0,145,121,28200,541.0,TeA ,,7,746.0,45781131.0,90146.0,746.0,45781131.0,90146.0,61368.80831099195,120.83914209115281
234,"Temporal association cortex, layer4",TeA-4,56,151,133,28300,541.0,TeA ,,7,512.0,23414171.0,52913.0,512.0,23414171.0,52913.0,45730.802734375,103.345703125
289,"Temporal association cortex, layer5",TeA-5,82,165,150,28400,541.0,TeA ,,7,767.0,30801993.0,75372.0,767.0,30801993.0,75372.0,40159.05215123859,98.26857887874837
729,"Temporal association cortex, layer6a",TeA-6a,102,170,157,28500,541.0,TeA ,,7,950.0,40105320.0,94235.0,950.0,40105320.0,94235.0,42216.12631578947,99.19473684210526
786,"Temporal association cortex, layer6b",TeA-6b,124,177,165,28600,541.0,TeA ,,7,235.0,12466107.0,24526.0,235.0,12466107.0,24526.0,53047.26382978723,104.36595744680851
922,Perihinal cortex,PRh,112,255,117,28700,315.0,Isocortex,,6,,0.0,0.0,3413.0,277096209.0,443629.0,81188.45854087314,129.98212716085555
335,"Perihinal cortex, layer6a",PRh-6a,79,166,164,28800,922.0,PRh,,7,365.0,21475141.0,42082.0,365.0,21475141.0,42082.0,58836.00273972603,115.2931506849315
368,"Perihinal cortex, layer6b",PRh-6b,99,171,173,28900,922.0,PRh,,7,90.0,5592094.0,10148.0,90.0,5592094.0,10148.0,62134.37777777778,112.75555555555556
2286,"Parietal cortex, posterior area, rostral part",PtPR,112,255,119,28930,22.0,PtA,,7,,0.0,0.0,43.0,2003586.0,3987.0,46595.023255813954,92.72093023255815
2396,"Parietal cortex, posterior area, rostral part, layer1",PtPR-1,112,255,119,28931,2286.0,PtPR,,8,1.0,85151.0,165.0,1.0,85151.0,165.0,85151.0,165.0
2397,"Parietal cortex, posterior area, rostral part, layer2/3",PtPR-2/3,112,255,119,28932,2286.0,PtPR,,8,23.0,1268777.0,2272.0,23.0,1268777.0,2272.0,55164.217391304344,98.78260869565217
2398,"Parietal cortex, posterior area, rostral part, layer4",PtPR-4,112,255,119,28933,2286.0,PtPR,,8,2.0,94770.0,197.0,2.0,94770.0,197.0,47385.0,98.5
2399,"Parietal cortex, posterior area, rostral part, layer5",PtPR-5,112,255,119,28934,2286.0,PtPR,,8,10.0,350466.0,828.0,10.0,350466.0,828.0,35046.6,82.8
2400,"Parietal cortex, posterior area, rostral part, layer6a",PtPR-6a,112,255,119,28935,2286.0,PtPR,,8,5.0,125127.0,353.0,5.0,125127.0,353.0,25025.4,70.6
2401,"Parietal cortex, posterior area, rostral part, layer6b",PtPR-6b,112,255,119,28936,2286.0,PtPR,,8,2.0,79295.0,172.0,2.0,79295.0,172.0,39647.5,86.0
540,"Perihinal cortex, layer1",PRh-1,0,141,133,29000,922.0,PRh,,7,2323.0,212456523.0,315986.0,2323.0,212456523.0,315986.0,91457.82307361171,136.02496771416273
692,"Perihinal cortex, layer5",PRh-5,52,151,146,29100,922.0,PRh,,7,295.0,15127174.0,34154.0,295.0,15127174.0,34154.0,51278.55593220339,115.77627118644068
888,"Perihinal cortex, layer2/3",PRh-2/3,0,146,139,29200,922.0,PRh,,7,312.0,21501034.0,38829.0,312.0,21501034.0,38829.0,68913.57051282052,124.45192307692308
895,Ectorhinal cortex,Ect,112,255,115,29300,315.0,Isocortex,,6,,0.0,0.0,5025.0,389615084.0,634955.0,77535.34009950249,126.35920398009951
836,"Ectorhinal cortex, layer1",Ect-1,0,140,121,29400,895.0,Ect,,7,2328.0,233077888.0,326690.0,2328.0,233077888.0,326690.0,100119.3676975945,140.3307560137457
427,"Ectorhinal cortex, layer2/3",Ect-2/3,19,147,133,29500,895.0,Ect,,7,896.0,65219417.0,110968.0,896.0,65219417.0,110968.0,72789.52790178571,123.84821428571429
988,"Ectorhinal cortex, layer5",Ect-5,54,151,140,29600,895.0,Ect,,7,715.0,32512826.0,76584.0,715.0,32512826.0,76584.0,45472.48391608392,107.11048951048951
977,"Ectorhinal cortex, layer6a",Ect-6a,80,165,156,29700,895.0,Ect,,7,723.0,40102475.0,83428.0,723.0,40102475.0,83428.0,55466.7704011065,115.39142461964039
1045,"Ectorhinal cortex, layer6b",Ect-6b,101,171,165,29800,895.0,Ect,,7,171.0,10321490.0,19427.0,171.0,10321490.0,19427.0,60359.59064327485,113.60818713450293
698,Olfactory areas,OLF,144,255,144,29900,695.0,CTXpl,,5,,0.0,0.0,33724.0,2368205494.0,3866466.0,70223.14950776895,114.65027873324635
507,Main olfactory bulb,MOB,160,255,171,30000,698.0,OLF,,6,,0.0,0.0,15027.0,1056928817.0,1748208.0,70335.31756172223,116.33779197444599
212,Glomerular layer of the olfactory bulb,Gl,140,235,151,30100,507.0,MOB,,7,7702.0,550065839.0,929582.0,7702.0,550065839.0,929582.0,71418.57166969619,120.69358608153726
220,Granule cell layer of the olfactory bulb,GrO,110,205,121,30200,507.0,MOB,,7,972.0,80895242.0,104685.0,972.0,80895242.0,104685.0,83225.55761316873,107.70061728395062
228,Internal plxiform layer of the olfactory bulb,IPl,160,255,171,30300,507.0,MOB,,7,719.0,49430963.0,75234.0,719.0,49430963.0,75234.0,68749.60083449235,104.63699582753824
236,Mitral cell layer of the olfactory bulb,Mi,130,225,141,30400,507.0,MOB,,7,732.0,48175851.0,79237.0,732.0,48175851.0,79237.0,65814.00409836066,108.24726775956285
244,External plexiform layer of the olfactory bulb,EPl,160,255,171,30500,507.0,MOB,,7,4902.0,328360922.0,559470.0,4902.0,328360922.0,559470.0,66985.09220726234,114.13096695226439
151,Accessory olfactory bulb,AOB,160,255,176,30600,698.0,OLF,,6,,0.0,0.0,262.0,16864362.0,28237.0,64367.79389312977,107.77480916030534
188,Glomerular layer of the accessory olfactory bulb,GlA,140,235,156,30700,151.0,AOB,,7,177.0,10094868.0,18729.0,177.0,10094868.0,18729.0,57033.15254237288,105.8135593220339
196,Granule cell layer of the accessory olfactory bulb,GrA,110,205,126,30800,151.0,AOB,,7,4.0,288259.0,428.0,4.0,288259.0,428.0,72064.75,107.0
204,Mitral cell layer of the accessory olfactory bulb,MiA,130,225,146,30900,151.0,AOB,,7,31.0,2730859.0,3505.0,31.0,2730859.0,3505.0,88092.2258064516,113.06451612903226
2021,External plexiform layer of the accessory olfactory b,EPIA,130,225,146,30910,151.0,AOB,,7,50.0,3750376.0,5575.0,50.0,3750376.0,5575.0,75007.52,111.5
159,Anterior olfactory area,AO,144,255,184,31000,698.0,OLF,,6,,0.0,0.0,2906.0,186865549.0,315382.0,64303.354783207156,108.52787336545079
167,Anterior olfactory area dorsal part,AOD,192,255,200,31100,159.0,AO,,7,38.0,3519027.0,5161.0,38.0,3519027.0,5161.0,92605.97368421052,135.81578947368422
175,Anterior olfactory area external part,AOE,192,255,201,31200,159.0,AO,,7,82.0,4991970.0,8997.0,82.0,4991970.0,8997.0,60877.68292682927,109.71951219512195
160,"Anterior olfactory area, outer layer",AOOL,192,255,202,31250,159.0,AO,,7,2256.0,149920347.0,248187.0,2256.0,149920347.0,248187.0,66454.0545212766,110.01196808510639
183,Anterior olfactory area lateral part,AOL,192,255,202,31300,159.0,AO,,7,101.0,5156454.0,10020.0,101.0,5156454.0,10020.0,51054.0,99.20792079207921
191,Anterior olfactory area medial part,AOM,192,255,203,31400,159.0,AO,,7,162.0,8829790.0,15607.0,162.0,8829790.0,15607.0,54504.87654320987,96.3395061728395
199,"Anterior olfactory area, posteroventral part",AOP/AOV,192,255,204,31500,159.0,AO,,7,,0.0,0.0,130.0,7473398.0,13367.0,57487.67692307692,102.82307692307693
2318,"Anterior olfactory area, ventral part",AOV,192,255,204,31510,199.0,AOP/AOV,,8,29.0,1682319.0,2705.0,29.0,1682319.0,2705.0,58011.0,93.27586206896552
2319,"Anterior olfactory area, posterior part",AOP,192,255,204,31520,199.0,AOP/AOV,,8,101.0,5791079.0,10662.0,101.0,5791079.0,10662.0,57337.41584158416,105.56435643564356
589,Taenia tecta,TT,160,255,160,31800,698.0,OLF,,6,,0.0,0.0,1529.0,92965350.0,166024.0,60801.40614780902,108.5833878351864
597,Dorsal tenia tecta,DTT,160,255,162,31900,589.0,TT,,7,30.0,2239297.0,3609.0,30.0,2239297.0,3609.0,74643.23333333334,120.3
1034,"Dorsal tenia tecta, layer 1",DTT1,160,255,162,32100,589.0,TT,,7,213.0,15802408.0,27626.0,213.0,15802408.0,27626.0,74189.7089201878,129.69953051643193
1042,"Dorsal tenia tecta, layer 2",DTT2,160,255,162,32200,589.0,TT,,7,42.0,3439605.0,5267.0,42.0,3439605.0,5267.0,81895.35714285714,125.4047619047619
1050,"Dorsal tenia tecta, layer 3",DTT3,160,255,162,32300,589.0,TT,,7,164.0,9565423.0,17038.0,164.0,9565423.0,17038.0,58325.75,103.89024390243902
1059,"Dorsal tenia tecta, layer 4",DTT4,160,255,162,32400,589.0,TT,,7,45.0,5043538.0,5534.0,45.0,5043538.0,5534.0,112078.62222222223,122.97777777777777
605,Ventral tenia tecta,VTT,160,255,161,32500,589.0,TT,,7,,0.0,0.0,0.0,0.0,0.0,,
1067,"Ventral tenia tecta, layer 1",VTT1,160,255,161,32700,589.0,TT,,7,968.0,52995862.0,100207.0,968.0,52995862.0,100207.0,54747.79132231405,103.51962809917356
1075,"Ventral tenia tecta, layer 2",VTT2,160,255,161,32800,589.0,TT,,7,34.0,1479883.0,2808.0,34.0,1479883.0,2808.0,43525.970588235294,82.58823529411765
1082,"Ventral tenia tecta, layer 3",VTT3,160,255,161,32900,589.0,TT,,7,33.0,2399334.0,3935.0,33.0,2399334.0,3935.0,72707.09090909091,119.24242424242425
814,"Cingulate cortex, area 25 (dorsal peduncular cortex)",A25 (DP),112,255,125,33000,698.0,OLF,,6,,0.0,0.0,564.0,53459676.0,65616.0,94786.65957446808,116.34042553191489
496,"Cingulate cortex, area 25 (dorsal peduncular cortex), layer1",A25 (DP)-1,0,158,81,33100,814.0,A25 (DP),,7,96.0,8843996.0,13344.0,96.0,8843996.0,13344.0,92124.95833333333,139.0
535,"Cingulate cortex, area 25 (dorsal peduncular cortex), layer2",A25 (DP)-2,60,164,99,33200,814.0,A25 (DP),,7,,0.0,0.0,0.0,0.0,0.0,,
360,"Cingulate cortex, area 25 (dorsal peduncular cortex), layer2/3",A25 (DP)-2/3,83,169,111,33300,814.0,A25 (DP),,7,95.0,6653214.0,12177.0,95.0,6653214.0,12177.0,70033.83157894737,128.17894736842106
646,"Cingulate cortex, area 25 (dorsal peduncular cortex), layer5",A25 (DP)-5,109,185,130,33400,814.0,A25 (DP),,7,205.0,13878599.0,22410.0,205.0,13878599.0,22410.0,67700.48292682927,109.3170731707317
267,"Cingulate cortex, area 25 (dorsal peduncular cortex), layer6a",A25 (DP)-6a,130,192,143,33500,814.0,A25 (DP),,7,168.0,24083867.0,17685.0,168.0,24083867.0,17685.0,143356.35119047618,105.26785714285714
2019,Dorsal transition zone,DTr,130,192,143,33510,814.0,A25 (DP),,7,,0.0,0.0,0.0,0.0,0.0,,
961,Piriform cortex,PIR,160,255,167,33600,698.0,OLF,,6,,0.0,0.0,11773.0,824384245.0,1358819.0,70023.29440244628,115.41824513717829
276,Piriform cortex 1,Pir1,160,255,167,33800,961.0,PIR,,7,9053.0,626042543.0,1048171.0,9053.0,626042543.0,1048171.0,69153.04793990942,115.78161935270076
284,Piriform cortex 2,Pir2,160,255,167,33900,961.0,PIR,,7,373.0,28208344.0,43390.0,373.0,28208344.0,43390.0,75625.5871313673,116.32707774798928
291,Piriform cortex 3,Pir3,160,255,167,34000,961.0,PIR,,7,1944.0,135872236.0,221739.0,1944.0,135872236.0,221739.0,69893.12551440329,114.06327160493827
2024,Cortex-amygdala transition zone,CxA,160,255,170,34010,961.0,PIR,,7,,0.0,0.0,403.0,34261122.0,45519.0,85015.19106699752,112.95037220843672
2303,Cortex-amygdala transition zone Layer1,CxA1,160,255,170,34020,2024.0,CxA,,8,333.0,30636641.0,39536.0,333.0,30636641.0,39536.0,92001.92492492493,118.72672672672672
2304,Cortex-amygdala transition zone Layer2,CxA2,160,255,170,34030,2024.0,CxA,,8,53.0,2805170.0,4499.0,53.0,2805170.0,4499.0,52927.735849056604,84.88679245283019
2305,Cortex-amygdala transition zone Layer3,CxA3,160,255,170,34040,2024.0,CxA,,8,17.0,819311.0,1484.0,17.0,819311.0,1484.0,48194.76470588235,87.29411764705883
619,Nucleus of the lateral olfactory tract,LOT,160,255,170,34100,698.0,OLF,,6,,0.0,0.0,279.0,24436857.0,32533.0,87587.30107526881,116.60573476702508
260,Nucleus of the lateral olfactory tract 1,LOT1,160,255,170,34300,619.0,LOT,,7,184.0,14458337.0,20588.0,184.0,14458337.0,20588.0,78577.91847826086,111.8913043478261
268,Nucleus of the lateral olfactory tract 2,LOT2,160,255,170,34400,619.0,LOT,,7,5.0,383926.0,532.0,5.0,383926.0,532.0,76785.2,106.4
1139,Nucleus of the lateral olfactory tract 3,LOT3,160,255,170,34500,619.0,LOT,,7,2.0,58133.0,140.0,2.0,58133.0,140.0,29066.5,70.0
631,cortical amygdaloid nucleus,CO,160,255,177,34600,698.0,OLF,,6,,0.0,0.0,896.0,69591957.0,97167.0,77669.59486607143,108.4453125
639,Anterior cortical amygdaloid nucleus,ACo ,160,255,178,34700,631.0,CO,,7,,0.0,0.0,177.0,15090525.0,20055.0,85257.20338983051,113.30508474576271
192,"Anterior cortical amygdaloid nucleus, layer1",ACo-1,160,255,178,34800,639.0,ACo ,,8,172.0,14330892.0,19305.0,172.0,14330892.0,19305.0,83319.13953488372,112.23837209302326
200,"Anterior cortical amygdaloid nucleus, layer2",ACo-2,160,255,178,34900,639.0,ACo ,,8,3.0,453609.0,429.0,3.0,453609.0,429.0,151203.0,143.0
208,"Anterior cortical amygdaloid nucleus, layer3",ACo-3,160,255,178,35000,639.0,ACo ,,8,2.0,306024.0,321.0,2.0,306024.0,321.0,153012.0,160.5
647,Posterior cortical amygdaloid area,PCO,160,255,179,35100,631.0,CO,,7,,0.0,0.0,719.0,54501432.0,77112.0,75801.71349095966,107.24895688456189
655,Posterolateral cortical amygdaloid area,PLCo,160,255,180,35200,647.0,PCO,,8,,0.0,0.0,156.0,10799777.0,15249.0,69229.33974358975,97.75
216,Posterolateral cortical amygdaloid area 1,PLCo1,160,255,180,35500,655.0,PLCo,,9,147.0,10162989.0,14286.0,147.0,10162989.0,14286.0,69135.97959183673,97.18367346938776
224,Posterolateral cortical amygdaloid area 2,PLCo2,160,255,180,35600,655.0,PLCo,,9,7.0,522590.0,761.0,7.0,522590.0,761.0,74655.71428571429,108.71428571428571
232,Posterolateral cortical amygdaloid area 3,PLCo3,160,255,180,35700,655.0,PLCo,,9,2.0,114198.0,202.0,2.0,114198.0,202.0,57099.0,101.0
663,Posteromedial cortical amygdaloid area,PMCo,160,255,181,35800,647.0,PCO,,8,,0.0,0.0,563.0,43701655.0,61863.0,77622.83303730018,109.8809946714032
240,Posteromedial cortical amygdaloid area 1,PMCo1,160,255,181,36100,663.0,PMCo,,9,412.0,33295379.0,46143.0,412.0,33295379.0,46143.0,80814.02669902913,111.99757281553399
248,Posteromedial cortical amygdaloid area 2,PMCo2,160,255,181,36200,663.0,PMCo,,9,43.0,3251530.0,4875.0,43.0,3251530.0,4875.0,75616.97674418605,113.37209302325581
256,Posteromedial cortical amygdaloid area 3,PMCo3,160,255,181,36300,663.0,PMCo,,9,1.0,65718.0,123.0,1.0,65718.0,123.0,65718.0,123.0
788,Rostral amygdalopiriform area,RAPir,160,255,169,36400,698.0,OLF,,6,,0.0,0.0,14.0,1084821.0,1516.0,77487.21428571429,108.28571428571429
408,Rostral amygdalopiriform area 1,RAPir1,160,255,169,36600,788.0,RAPir,,7,8.0,681716.0,953.0,8.0,681716.0,953.0,85214.5,119.125
416,Rostral amygdalopiriform area 2,RAPir2,160,255,169,36700,788.0,RAPir,,7,1.0,25692.0,56.0,1.0,25692.0,56.0,25692.0,56.0
424,Rostral amygdalopiriform area 3,RAPir3,160,255,169,36800,788.0,RAPir,,7,5.0,377413.0,507.0,5.0,377413.0,507.0,75482.6,101.4
566,Amygdalopiriform transition area,Apir,160,255,166,36900,698.0,OLF,,6,,0.0,0.0,398.0,35330238.0,43944.0,88769.44221105527,110.41206030150754
1140,"Postpiriform transition area, layers 1",APir1,160,255,166,37100,566.0,Apir,,7,323.0,29549700.0,35670.0,323.0,29549700.0,35670.0,91485.13931888544,110.43343653250774
1141,"Postpiriform transition area, layers 2",APir2,160,255,166,37200,566.0,Apir,,7,23.0,1642878.0,2458.0,23.0,1642878.0,2458.0,71429.47826086957,106.8695652173913
1142,"Postpiriform transition area, layers 3",APir3,160,255,166,37300,566.0,Apir,,7,1.0,29622.0,84.0,1.0,29622.0,84.0,29622.0,84.0
1089,Hippocampal formation,HPF,144,255,176,37400,695.0,CTXpl,,5,,0.0,0.0,15435.0,1107632287.0,1830771.0,71761.0811143505,118.61166180758018
1080,Hippocampal region,HIP,121,255,128,37500,1089.0,HPF,,6,,0.0,0.0,5029.0,356699565.0,590678.0,70928.52754026646,117.454364684828
375,Ammon's horn,CA,122,255,122,37600,1080.0,HIP,,7,,0.0,0.0,3270.0,232428358.0,382274.0,71079.00856269113,116.90336391437309
382,Field CA1 of the hippocampus,CA1,122,255,121,37700,375.0,CA,,8,,0.0,0.0,1110.0,72508993.0,125547.0,65323.41711711712,113.1054054054054
391,Field CA1 of the hippocampus- lacunosum moleculare layer of the hippocampus,CA1_LMol ,123,255,121,37800,382.0,CA1,,9,90.0,7947298.0,10604.0,90.0,7947298.0,10604.0,88303.3111111111,117.82222222222222
399,Field CA1 of the hippocampus- oriens layer of the hippocampus,CA1_Or,124,255,121,37900,382.0,CA1,,9,490.0,27965342.0,53235.0,490.0,27965342.0,53235.0,57072.126530612244,108.64285714285714
407,Field CA1 of the hippocampus- pyramidal layer of the hippocampus,CA1_Py,75,230,70,38000,382.0,CA1,,9,93.0,5490851.0,10007.0,93.0,5490851.0,10007.0,59041.408602150535,107.60215053763442
415,Field CA1 of the hippocampus- radiatum layer of the hippocampus,CA1_Rad,126,255,121,38100,382.0,CA1,,9,437.0,31105502.0,51701.0,437.0,31105502.0,51701.0,71179.63844393592,118.30892448512586
423,Field CA2 of the hippocampus,CA2,122,255,120,38200,375.0,CA,,8,,0.0,0.0,100.0,7282058.0,12061.0,72820.58,120.61
431,Field CA2 of the hippocampus- lacunosum moleculare layer of the hippocampus,CA2_LMol ,123,255,120,38300,423.0,CA2,,9,7.0,470894.0,768.0,7.0,470894.0,768.0,67270.57142857143,109.71428571428571
438,Field CA2 of the hippocampus- oriens layer of the hippocampus,CA2_Or,124,255,120,38400,423.0,CA2,,9,36.0,2798823.0,4223.0,36.0,2798823.0,4223.0,77745.08333333333,117.30555555555556
446,Field CA2 of the hippocampus- pyramidal layer of the hippocampus,CA2_Py,75,230,70,38500,423.0,CA2,,9,15.0,846745.0,1533.0,15.0,846745.0,1533.0,56449.666666666664,102.2
454,Field CA2 of the hippocampus- radiatum layer of the hippocampus,CA2_Rad,126,255,120,38600,423.0,CA2,,9,42.0,3165596.0,5537.0,42.0,3165596.0,5537.0,75371.33333333333,131.83333333333334
463,Field CA3 of the hippocampus,CA3,122,255,119,38700,375.0,CA,,8,,0.0,0.0,2060.0,152637307.0,244666.0,74095.78009708738,118.76990291262136
471,Field CA3 of the hippocampus- lacunosum moleculare layer of the hippocampus,CA3_LMol ,123,255,119,38800,463.0,CA3,,9,2.0,54751.0,154.0,2.0,54751.0,154.0,27375.5,77.0
479,Field CA3 of the hippocampus- stratum lucidum of the hippocampus,SLu ,124,255,119,38900,463.0,CA3,,9,21.0,946595.0,2044.0,21.0,946595.0,2044.0,45075.95238095238,97.33333333333333
486,Field CA3 of the hippocampus- oriens layer of the hippocampus,CA3_Or,125,255,119,39000,463.0,CA3,,9,1718.0,126501832.0,203831.0,1718.0,126501832.0,203831.0,73633.19674039581,118.64435389988358
495,Field CA3 of the hippocampus- pyramidal layer of the hippocampus,CA3_Py,75,230,70,39100,463.0,CA3,,9,263.0,21066455.0,32043.0,263.0,21066455.0,32043.0,80100.58935361217,121.83650190114068
504,Field CA3 of the hippocampus- radiatum layer of the hippocampus,CA3_Rad,127,255,119,39200,463.0,CA3,,9,56.0,4067674.0,6594.0,56.0,4067674.0,6594.0,72637.03571428571,117.75
726,Dentate gyrus,DG,114,250,114,39300,1080.0,HIP,,7,,0.0,0.0,1739.0,123342962.0,206342.0,70927.52271420356,118.65554916618747
10703,Molecular layer of the dentate gyrus,MoDG,114,250,114,39400,726.0,DG,,8,1154.0,80919332.0,137426.0,1154.0,80919332.0,137426.0,70120.73830155979,119.08665511265164
10704,Polymorph layer of the dentate gyrus,PoDG,94,230,94,39500,726.0,DG,,8,139.0,10202006.0,16458.0,139.0,10202006.0,16458.0,73395.72661870504,118.40287769784173
632,Granule cell layer of the dentate gyrus,GrDG,64,200,64,39600,726.0,DG,,8,211.0,15002922.0,24068.0,211.0,15002922.0,24068.0,71103.89573459716,114.06635071090048
982,Fasciola cinereum,FC,114,253,114,41000,1080.0,HIP,,7,18.0,861125.0,1919.0,18.0,861125.0,1919.0,47840.27777777778,106.61111111111111
19,Induseum griseum,IG,114,254,114,41100,1080.0,HIP,,7,2.0,67120.0,143.0,2.0,67120.0,143.0,33560.0,71.5
822,Retrohippocampal region,RHP,144,255,176,41200,1089.0,HPF,,6,,0.0,0.0,10406.0,750932722.0,1240093.0,72163.43667115126,119.17095906207958
909,Entorhinal area,ENT,128,255,144,41300,822.0,RHP,,7,,0.0,0.0,8289.0,617637842.0,1001225.0,74512.949933647,120.78960067559416
918,Dorsolateral entorhinal cortex,DLEnt,128,255,145,41350,909.0,ENT,,8,,0.0,0.0,3334.0,276250035.0,448002.0,82858.43881223755,134.37372525494902
1121,"Dorsolateral entorhinal cortex, layer 1",DLEnt1,0,104,101,41400,918.0,DLEnt,,9,2514.0,224491533.0,350527.0,2514.0,224491533.0,350527.0,89296.55250596658,139.42999204455052
20,"Dorsolateral entorhinal cortex, layer 2",DLEnt2,0,114,116,41500,918.0,DLEnt,,9,133.0,9837871.0,16367.0,133.0,9837871.0,16367.0,73968.95488721805,123.06015037593986
999,"Dorsolateral entorhinal cortex, layer 2/3",DLEnt2/3,50,133,139,41600,918.0,DLEnt,,9,42.0,3388088.0,5013.0,42.0,3388088.0,5013.0,80668.76190476191,119.35714285714286
715,"Dorsolateral entorhinal cortex, layer 2a",DLEnta,0,115,122,41700,918.0,DLEnt,,9,,0.0,0.0,0.0,0.0,0.0,,
764,"Dorsolateral entorhinal cortex, layer 2b",DLEntb,0,128,132,41800,918.0,DLEnt,,9,,0.0,0.0,0.0,0.0,0.0,,
52,"Dorsolateral entorhinal cortex, layer 3",DLEnt3,86,151,158,41900,918.0,DLEnt,,9,161.0,10009109.0,19340.0,161.0,10009109.0,19340.0,62168.37888198758,120.12422360248448
92,"Dorsolateral entorhinal cortex, layer 4",DLEnt4,117,161,167,42000,918.0,DLEnt,,9,,0.0,0.0,0.0,0.0,0.0,,
312,"Dorsolateral entorhinal cortex, layer 4/5",DLEnt4/5,157,184,189,42100,918.0,DLEnt,,9,,0.0,0.0,0.0,0.0,0.0,,
139,"Dorsolateral entorhinal cortex, layer 5",DLEnt5,190,204,206,42200,918.0,DLEnt,,9,243.0,14462610.0,28945.0,243.0,14462610.0,28945.0,59516.91358024691,119.11522633744856
387,"Dorsolateral entorhinal cortex, layer 5/6",DLEnt5/6,138,168,168,42300,918.0,DLEnt,,9,,0.0,0.0,0.0,0.0,0.0,,
28,"Dorsolateral entorhinal cortex, layer 6a",DLEnt6a,148,179,173,42400,918.0,DLEnt,,9,208.0,11806088.0,23486.0,208.0,11806088.0,23486.0,56760.03846153846,112.91346153846153
60,"Dorsolateral entorhinal cortex, layer 6b",DLEnt6b,180,199,193,42500,918.0,DLEnt,,9,33.0,2254736.0,4324.0,33.0,2254736.0,4324.0,68325.33333333333,131.03030303030303
926,Dorsal intermediate entorhinal cortex,DIEnt,128,255,146,42700,909.0,ENT,,8,,0.0,0.0,1039.0,76042798.0,122899.0,73188.44850818094,118.28585178055823
526,"Dorsal intermediate entorhinal cortex, layer 1",DIEnt1,0,104,87,42800,926.0,DIEnt,,9,946.0,69857001.0,111937.0,946.0,69857001.0,111937.0,73844.60993657506,118.32663847780127
543,"Dorsal intermediate entorhinal cortex, layer 2",DIEnt2,0,118,106,42900,926.0,DIEnt,,9,9.0,449602.0,893.0,9.0,449602.0,893.0,49955.77777777778,99.22222222222223
468,"Dorsal intermediate entorhinal cortex, layer 2a",DIEnt2a,1,118,106,43000,926.0,DIEnt,,9,,0.0,0.0,0.0,0.0,0.0,,
508,"Dorsal intermediate entorhinal cortex, layer 2b",DIEnt2b,2,118,106,43100,926.0,DIEnt,,9,,0.0,0.0,0.0,0.0,0.0,,
2408,"Dorsal intermediate entorhinal cortex, layer 2/3",DIEnt2/3,2,118,106,43110,926.0,DIEnt,,9,,0.0,0.0,0.0,0.0,0.0,,
664,"Dorsal intermediate entorhinal cortex, layer 3",DIEnt3,36,122,111,43200,926.0,DIEnt,,9,21.0,1331949.0,2366.0,21.0,1331949.0,2366.0,63426.142857142855,112.66666666666667
712,"Dorsal intermediate entorhinal cortex, layer 4",DIEnt4,63,135,126,43300,926.0,DIEnt,,9,,0.0,0.0,0.0,0.0,0.0,,
727,"Dorsal intermediate entorhinal cortex, layer 5",DIEnt5,64,135,126,43400,926.0,DIEnt,,9,43.0,3066667.0,5322.0,43.0,3066667.0,5322.0,71317.83720930232,123.76744186046511
550,"Dorsal intermediate entorhinal cortex, layer 5/6",DIEnt5/6,81,139,133,43500,926.0,DIEnt,,9,,0.0,0.0,0.0,0.0,0.0,,
743,"Dorsal intermediate entorhinal cortex, layer 6",DIEnt6,108,156,152,43600,926.0,DIEnt,,9,20.0,1337579.0,2381.0,20.0,1337579.0,2381.0,66878.95,119.05
934,Ventral intermediate entorhinal cortex,VIEnt,128,255,147,43700,909.0,ENT,,8,,0.0,0.0,889.0,68538672.0,93958.0,77096.36895388077,105.68953880764904
259,"Ventral intermediate entorhinal cortex, layer 1",VIEnt1,0,104,96,43800,934.0,VIEnt,,9,759.0,60399228.0,79829.0,759.0,60399228.0,79829.0,79577.37549407115,105.17654808959156
324,"Ventral intermediate entorhinal cortex, layer 2",VIEnt2,0,117,111,43900,934.0,VIEnt,,9,2.0,66021.0,106.0,2.0,66021.0,106.0,33010.5,53.0
371,"Ventral intermediate entorhinal cortex, layer 3",VIEnt3,35,122,117,44000,934.0,VIEnt,,9,21.0,1178588.0,2055.0,21.0,1178588.0,2055.0,56123.23809523809,97.85714285714286
419,"Ventral intermediate entorhinal cortex, layer 4",VIEnt4,62,135,133,44100,934.0,VIEnt,,9,,0.0,0.0,0.0,0.0,0.0,,
1133,"Ventral intermediate entorhinal cortex, layer 5/6",VIEnt5/6,80,140,140,44200,934.0,VIEnt,,9,107.0,6894835.0,11968.0,107.0,6894835.0,11968.0,64437.71028037383,111.85046728971963
2159,Medial entorhinal cortex,MEnt,80,140,140,44220,909.0,ENT,,8,,0.0,0.0,1256.0,87004418.0,138786.0,69271.03343949045,110.4984076433121
2164,"Medial entorhinal cortex, layer 1",MEnt1,80,140,140,44230,2159.0,MEnt,,9,313.0,22873818.0,37917.0,313.0,22873818.0,37917.0,73079.29073482429,121.1405750798722
2444,"Medial entorhinal cortex, layer 2",MEnt2,80,140,140,44240,2159.0,MEnt,,9,78.0,4094706.0,7503.0,78.0,4094706.0,7503.0,52496.230769230766,96.1923076923077
2445,"Medial entorhinal cortex, layer 3",MEnt3,80,140,140,44250,2159.0,MEnt,,9,183.0,11725668.0,19980.0,183.0,11725668.0,19980.0,64074.688524590165,109.18032786885246
2446,"Medial entorhinal cortex, layer 5",MEnt5,80,140,140,44260,2159.0,MEnt,,9,84.0,5911500.0,9546.0,84.0,5911500.0,9546.0,70375.0,113.64285714285714
2447,"Medial entorhinal cortex, layer 6",MEnt6,80,140,140,44270,2159.0,MEnt,,9,45.0,3758930.0,6216.0,45.0,3758930.0,6216.0,83531.77777777778,138.13333333333333
2161,Caudomedial entothinal cortex,CEnt,80,140,140,44280,909.0,ENT,,8,,0.0,0.0,1771.0,109801919.0,197580.0,61999.95426312817,111.56408808582722
2448,"Caudomedial entothinal cortex, layer 1",CEnt1,80,140,140,44290,2161.0,CEnt,,9,1006.0,59478640.0,109718.0,1006.0,59478640.0,109718.0,59123.89662027833,109.06361829025845
2449,"Caudomedial entothinal cortex, layer 2",CEnt2,80,140,140,44291,2161.0,CEnt,,9,248.0,14060793.0,27047.0,248.0,14060793.0,27047.0,56696.74596774193,109.06048387096774
2450,"Caudomedial entothinal cortex, layer 3",CEnt3,80,140,140,44292,2161.0,CEnt,,9,118.0,6824474.0,13233.0,118.0,6824474.0,13233.0,57834.52542372881,112.14406779661017
2451,"Caudomedial entothinal cortex, layer 5",CEnt5,80,140,140,44293,2161.0,CEnt,,9,77.0,4134899.0,8676.0,77.0,4134899.0,8676.0,53699.98701298701,112.67532467532467
2452,"Caudomedial entothinal cortex, layer 6",CEnt6,80,140,140,44294,2161.0,CEnt,,9,9.0,763101.0,1183.0,9.0,763101.0,1183.0,84789.0,131.44444444444446
1084,Presubiculum,PsS,129,255,161,45190,822.0,RHP,,7,,0.0,0.0,68.0,3492407.0,7533.0,51358.92647058824,110.77941176470588
10699,"Presubiculum, layer 1",PsS1,129,255,161,45200,1084.0,PsS,,8,37.0,2116564.0,4395.0,37.0,2116564.0,4395.0,57204.43243243243,118.78378378378379
10700,"Presubiculum, layer 2",PsS2,129,255,161,45300,1084.0,PsS,,8,7.0,269243.0,620.0,7.0,269243.0,620.0,38463.28571428572,88.57142857142857
10701,"Presubiculum, layer 3",PsS3,129,255,161,45400,1084.0,PsS,,8,24.0,1106600.0,2518.0,24.0,1106600.0,2518.0,46108.333333333336,104.91666666666667
843,Parasubiculum,PaS,129,255,160,44300,822.0,RHP,,7,,0.0,0.0,187.0,11240975.0,22038.0,60112.16577540107,117.85026737967914
10693,"Parasubiculum, layer 1",PaS1,129,255,160,44400,843.0,PaS,,8,100.0,5336828.0,12243.0,100.0,5336828.0,12243.0,53368.28,122.43
10694,"Parasubiculum, layer 2",PaS2,129,255,160,44500,843.0,PaS,,8,35.0,2184229.0,4121.0,35.0,2184229.0,4121.0,62406.54285714286,117.74285714285715
10695,"Parasubiculum, layer 3",PaS3,129,255,160,44600,843.0,PaS,,8,51.0,3675330.0,5564.0,51.0,3675330.0,5564.0,72065.29411764706,109.09803921568627
1037,Postsubiculum,Post,128,255,160,44700,822.0,RHP,,7,,0.0,0.0,71.0,4776094.0,8305.0,67268.92957746479,116.97183098591549
10696,"Postsubiculum, layer 1",Post1,128,255,160,44800,1037.0,Post,,8,22.0,968026.0,1994.0,22.0,968026.0,1994.0,44001.181818181816,90.63636363636364
10697,"Postsubiculum, layer 2",Post2,128,255,160,44900,1037.0,Post,,8,18.0,1840660.0,2762.0,18.0,1840660.0,2762.0,102258.88888888889,153.44444444444446
10698,"Postsubiculum, layer 3",Post3,128,255,160,45000,1037.0,Post,,8,31.0,1967408.0,3549.0,31.0,1967408.0,3549.0,63464.77419354839,114.48387096774194
502,Subiculum,SUB,128,255,151,45500,822.0,RHP,,7,,0.0,0.0,1791.0,113785404.0,200992.0,63531.77219430486,112.22333891680626
509,Dorsal subiculum,DS,129,255,151,45600,502.0,SUB,,8,,0.0,0.0,200.0,13022301.0,23893.0,65111.505,119.465
829,"Dorsal subiculum, molecular layer",DS-m,129,255,151,45700,509.0,DS,,9,4.0,284819.0,480.0,4.0,284819.0,480.0,71204.75,120.0
845,"Dorsal subiculum, pyramidal layer",DS-sp,100,230,121,45800,509.0,DS,,9,72.0,3901689.0,7704.0,72.0,3901689.0,7704.0,54190.125,107.0
837,"Dorsal subiculum, stratum radiatum",DS-sr,129,255,151,45900,509.0,DS,,9,13.0,1212139.0,1969.0,13.0,1212139.0,1969.0,93241.46153846153,151.46153846153845
518,Ventral subiculum,VeS,130,255,151,46000,502.0,SUB,,8,,0.0,0.0,265.0,18635664.0,30059.0,70323.26037735849,113.43018867924528
853,"Ventral subiculum, molecular layer",VeS-m,130,255,151,46100,518.0,VeS,,9,3.0,175908.0,307.0,3.0,175908.0,307.0,58636.0,102.33333333333333
870,"Ventral subiculum, pyramidal layer",VeS-sp,100,230,121,46200,518.0,VeS,,9,77.0,5016749.0,7944.0,77.0,5016749.0,7944.0,65152.58441558442,103.16883116883118
861,"Ventral subiculum, stratum radiatum",VeS-sr,130,255,151,46300,518.0,VeS,,9,13.0,964851.0,1691.0,13.0,964851.0,1691.0,74219.30769230769,130.07692307692307
2440,"Subiculum, transition area",STr,130,255,151,46310,502.0,SUB,,8,,0.0,0.0,1322.0,81788389.0,146557.0,61867.16263237519,110.86006051437217
2441,"Subiculum, transition area, molecular layer",STr-m,130,255,151,46320,2440.0,STr,,9,27.0,1536976.0,2728.0,27.0,1536976.0,2728.0,56925.03703703704,101.03703703703704
2442,"Subiculum, transition area, pyramidal layer",STr-sp,130,255,151,46330,2440.0,STr,,9,1095.0,67254805.0,122598.0,1095.0,67254805.0,122598.0,61419.913242009134,111.96164383561644
2443,"Subiculum, transition area, stratum radiatum",STr-sr,130,255,151,46340,2440.0,STr,,9,200.0,12996608.0,21231.0,200.0,12996608.0,21231.0,64983.04,106.155
703,Cortical subplate,CTXsp,80,255,80,46400,688.0,CTX,,4,,0.0,0.0,3331.0,220447589.0,385677.0,66180.60312218552,115.78414890423296
16,"Layer 6b, isocortex",6b,80,255,81,46500,703.0,CTXsp,,5,,0.0,0.0,0.0,0.0,0.0,,
583,Claustrum,Cl,80,255,85,46600,703.0,CTXsp,,5,,0.0,0.0,1477.0,98415137.0,175443.0,66631.77860528097,118.78334461746785
2002,Dorsal claustrum,DCl,80,255,85,46610,583.0,Cl,,6,351.0,24566500.0,42593.0,351.0,24566500.0,42593.0,69990.02849002849,121.34757834757835
2003,Ventral claustrum,VCl,80,255,85,46620,583.0,Cl,,6,658.0,45286293.0,77353.0,658.0,45286293.0,77353.0,68824.15349544073,117.55775075987842
942,Endopiriform nucleus,En,80,255,87,46700,703.0,CTXsp,,5,,0.0,0.0,1080.0,68806724.0,120993.0,63709.92962962963,112.03055555555555
952,Dorsal endopiriform nucleus,DEn ,81,255,87,46800,942.0,En,,6,806.0,50319762.0,89150.0,806.0,50319762.0,89150.0,62431.46650124069,110.60794044665012
966,Ventral endopiriform nucleus,VEn,82,255,87,46900,942.0,En,,6,10.0,762518.0,1181.0,10.0,762518.0,1181.0,76251.8,118.1
2085,Intermediate endopiriform claustrum,IEn,82,255,87,46910,942.0,En,,6,261.0,17528676.0,30249.0,261.0,17528676.0,30249.0,67159.67816091955,115.89655172413794
2426,Retroendopiriform nucleus ,REn,82,255,87,46920,942.0,En,,6,3.0,195768.0,413.0,3.0,195768.0,413.0,65256.0,137.66666666666666
131,Lateral amygdaloid nucleus,La,80,255,88,47000,703.0,CTXsp,,5,,0.0,0.0,339.0,21338152.0,39289.0,62944.401179941,115.89675516224189
2068,"Lateral amygdaloid nucleus, dorsolateral part",LaDL,80,255,88,47010,131.0,La,,6,217.0,13829219.0,25691.0,217.0,13829219.0,25691.0,63729.1198156682,118.39170506912443
2052,"Lateral amygdaloid nucleus, ventrolateral part",LaVL,80,255,88,47020,131.0,La,,6,18.0,1325707.0,2344.0,18.0,1325707.0,2344.0,73650.38888888889,130.22222222222223
2060,"Lateral amygdaloid nucleus, ventromedial part",LaVM,80,255,88,47030,131.0,La,,6,104.0,6183226.0,11254.0,104.0,6183226.0,11254.0,59454.096153846156,108.21153846153847
295,Basolateral amygdalar nucleus,BL,80,255,83,47100,703.0,CTXsp,,5,,0.0,0.0,273.0,17902912.0,30898.0,65578.43223443223,113.17948717948718
303,"Basolateral amygdaloid nucleus, anterior part",BLA,81,255,83,47200,295.0,BL,,6,219.0,14451403.0,25014.0,219.0,14451403.0,25014.0,65988.14155251141,114.21917808219177
311,"Basolateral amygdaloid nucleus, posterior part",BLP,82,255,83,47300,295.0,BL,,6,54.0,3451509.0,5884.0,54.0,3451509.0,5884.0,63916.833333333336,108.96296296296296
451,"Basolateral amygdaloid nucleus, ventral part",BLV,73,255,83,47400,295.0,BL,,6,,0.0,0.0,0.0,0.0,0.0,,
319,Basomedial amygdalar nucleus,BM,80,255,84,47500,703.0,CTXsp,,5,,0.0,0.0,23.0,2306194.0,2990.0,100269.30434782608,130.0
327,"Basomedial amygdaloid nucleus, anterior part",BMA,81,255,84,47600,319.0,BM,,6,2.0,163175.0,233.0,2.0,163175.0,233.0,81587.5,116.5
334,"Basomedial amygdaloid nucleus, posterior part",BMP,82,255,84,47700,319.0,BM,,6,21.0,2143019.0,2757.0,21.0,2143019.0,2757.0,102048.52380952382,131.28571428571428
780,Amygdalohippocampal area,AHi,80,255,89,47800,703.0,CTXsp,,5,,0.0,0.0,94.0,8195292.0,11087.0,87183.9574468085,117.94680851063829
2086,"Amygdalohippocampal area, anterolateral part",AHiAL,80,255,89,47810,780.0,AHi,,6,52.0,4290558.0,6180.0,52.0,4290558.0,6180.0,82510.73076923077,118.84615384615384
2087,"Amygdalohippocampal area, posteromedial part",AHiPM,80,255,89,47820,780.0,AHi,,6,41.0,3780723.0,4741.0,41.0,3780723.0,4741.0,92212.75609756098,115.63414634146342
2088,"Amygdalohippocampal area, posterolateral",AHiPL,80,255,89,47830,780.0,AHi,,6,1.0,124011.0,166.0,1.0,124011.0,166.0,124011.0,166.0
623,Cerebral nuclei,CNU,176,216,255,47900,567.0,CH,,3,,0.0,0.0,29943.0,2142690830.0,3367714.0,71558.98974718632,112.47082790635541
477,Striatum,STR,160,200,232,48000,623.0,CNU,,4,,0.0,0.0,26688.0,1935422432.0,3018984.0,72520.32494004795,113.12140287769785
485,Striatum dorsal region,STRd,160,216,232,48100,477.0,STR,,5,,0.0,0.0,5757.0,432959794.0,679304.0,75205.80059058538,117.99617856522494
672,Caudate Putamen ,CP,160,216,248,48200,485.0,STRd,,6,,0.0,0.0,5757.0,432959794.0,679304.0,75205.80059058538,117.99617856522494
2376,Caudoputamen- rostral extreme,CPre,160,216,248,48210,672.0,CP,,7,730.0,52001239.0,86774.0,730.0,52001239.0,86774.0,71234.57397260274,118.86849315068493
2491,Caudoputamen- rostral,CPr,160,216,248,48220,672.0,CP,,7,,0.0,0.0,1093.0,98650194.0,131453.0,90256.35315645013,120.26806953339432
2294,"Caudoputamen- rostral, medial","CPr, m",160,216,248,48221,2491.0,CPr,,8,345.0,46955355.0,43823.0,345.0,46955355.0,43823.0,136102.47826086957,127.0231884057971
2295,"Caudoputamen- rostral, intermediate, dorsal","CPr, imd",160,216,248,48222,2491.0,CPr,,8,136.0,10126215.0,15536.0,136.0,10126215.0,15536.0,74457.46323529411,114.23529411764706
2296,"Caudoputamen- rostral, intermediate, ventral","CPr, imv",160,216,248,48223,2491.0,CPr,,8,310.0,21496005.0,35326.0,310.0,21496005.0,35326.0,69341.95161290323,113.95483870967742
2497,"Caudoputamen- rostral, lateral","CPr, l",160,216,248,48224,2491.0,CPr,,8,,0.0,0.0,302.0,20072619.0,36768.0,66465.62582781457,121.74834437086092
2395,"Caudoputamen- rostral, lateral, lateral strip","CPr, l, ls",160,216,248,48225,2497.0,"CPr, l",,9,178.0,11855896.0,21966.0,178.0,11855896.0,21966.0,66606.15730337078,123.40449438202248
2297,"Caudoputamen- rostra,l lateral, ventromedial","CPr, l, vm",160,216,248,48226,2497.0,"CPr, l",,9,124.0,8216723.0,14802.0,124.0,8216723.0,14802.0,66263.89516129032,119.37096774193549
2492,Caudoputamen- intermediate,CPi,160,216,248,48230,672.0,CP,,7,,0.0,0.0,1934.0,143413451.0,231611.0,74153.80093071355,119.7574974146846
2498,"Caudoputamen- intermediate, dorsomedial","CPi, dm",160,216,248,48231,2492.0,CPi,,8,,0.0,0.0,1067.0,82881650.0,128654.0,77677.27272727272,120.57544517338332
2299,"Caudoputamen- intermediate, dorsomedial, dorsolateral","CPi, dm, dl",160,216,248,48232,2498.0,"CPi, dm",,9,22.0,1962804.0,2909.0,22.0,1962804.0,2909.0,89218.36363636363,132.22727272727272
2298,"Caudoputamen- intermediate, dorsomedial, intermedial","CPi, dm, im",160,216,248,48233,2498.0,"CPi, dm",,9,608.0,46963404.0,72756.0,608.0,46963404.0,72756.0,77242.44078947368,119.66447368421052
2374,"Caudoputamen- intermediate, dorsomedial, central dorsal","CPi, dm, cd",160,216,248,48234,2498.0,"CPi, dm",,9,68.0,4807558.0,8637.0,68.0,4807558.0,8637.0,70699.38235294117,127.01470588235294
2380,"Caudoputamen- intermediate, dorsomedial, dorsal tip ","CPi, dm, dt",160,216,248,48235,2498.0,"CPi, dm",,9,369.0,29147884.0,44352.0,369.0,29147884.0,44352.0,78991.55555555556,120.1951219512195
2500,"Caudoputamen- intermediate, ventromedial","CPi, vm",160,216,248,48236,2492.0,CPi,,8,,0.0,0.0,221.0,16339889.0,27622.0,73936.14932126697,124.98642533936652
2302,"Caudoputamen- intermediate, ventromedial, ventromedial","CPi, vm, vm",160,216,248,48237,2500.0,"CPi, vm",,9,152.0,11358372.0,18526.0,152.0,11358372.0,18526.0,74726.13157894737,121.88157894736842
2480,"Caudoputamen- intermediate, ventromedial, ventral","CPi, vm, v",160,216,248,48238,2500.0,"CPi, vm",,9,49.0,3210733.0,6250.0,49.0,3210733.0,6250.0,65525.163265306124,127.55102040816327
2483,"Caudoputamen- intermediate, ventromedial, central ventromedial","CPi, vm, cvm",160,216,248,48239,2500.0,"CPi, vm",,9,20.0,1770784.0,2846.0,20.0,1770784.0,2846.0,88539.2,142.3
2499,"Caudoputamen- intermediate, dorsolateral, ","CPi, dl",160,216,248,48240,2492.0,CPi,,8,,0.0,0.0,282.0,19457360.0,33178.0,68997.7304964539,117.65248226950355
2300,"Caudoputamen- intermediate, dorsolateral, dorsal","CPi, dl, d",160,216,248,48241,2499.0,"CPi, dl",,9,126.0,9818592.0,15390.0,126.0,9818592.0,15390.0,77925.33333333333,122.14285714285714
2301,"Caudoputamen- intermediate, dorsolateral, intermedial dorsal","CPi, dl, imd",160,216,248,48242,2499.0,"CPi, dl",,9,156.0,9638768.0,17788.0,156.0,9638768.0,17788.0,61786.97435897436,114.02564102564102
2501,"Caudoputamen- intermediate, ventrolateral","CPi, vl",160,216,248,48243,2492.0,CPi,,8,,0.0,0.0,364.0,24734552.0,42157.0,67952.06593406593,115.81593406593407
2479,"Caudoputamen- intermediate, ventrolateral, intermedial ventral","CPi, vl, imv",160,216,248,48244,2501.0,"CPi, vl",,9,73.0,3783358.0,7948.0,73.0,3783358.0,7948.0,51826.82191780822,108.87671232876713
2482,"Caudoputamen- intermediate, ventrolateral, ventral","CPi, vl, v",160,216,248,48245,2501.0,"CPi, vl",,9,132.0,8606020.0,14155.0,132.0,8606020.0,14155.0,65197.121212121216,107.23484848484848
2481,"Caudoputamen- intermediate, ventrolateral, ventral tip","CPi, vl, vt",160,216,248,48246,2501.0,"CPi, vl",,9,85.0,7306258.0,11188.0,85.0,7306258.0,11188.0,85955.97647058824,131.6235294117647
2370,"Caudoputamen- intermediate, ventrolateral, central ventrolateral","CPi, vl, cvl",160,216,248,48247,2501.0,"CPi, vl",,9,74.0,5038916.0,8866.0,74.0,5038916.0,8866.0,68093.45945945945,119.8108108108108
2496,Caudoputamen- caudal,CPc,160,216,248,48250,672.0,CP,,7,,0.0,0.0,1550.0,107702074.0,176963.0,69485.20903225806,114.16967741935484
2493,"Caudoputamen- caudal, dorsal","CPc, d",160,216,248,48251,2496.0,CPc,,8,,0.0,0.0,990.0,71781757.0,113790.0,72506.82525252525,114.93939393939394
2484,"Caudoputamen- caudal, dorsal, dorsomedial","CPc, d, dm",160,216,248,48252,2493.0,"CPc, d",,9,471.0,39047680.0,58139.0,471.0,39047680.0,58139.0,82903.77919320595,123.43736730360934
2485,"Caudoputamen- caudal, dorsal, dorsolateral","CPc, d, dl",160,216,248,48253,2493.0,"CPc, d",,9,93.0,7524493.0,10215.0,93.0,7524493.0,10215.0,80908.52688172043,109.83870967741936
2486,"Caudoputamen- caudal, dorsal, ventromedial","CPc, d, vm",160,216,248,48254,2493.0,"CPc, d",,9,120.0,8423627.0,13205.0,120.0,8423627.0,13205.0,70196.89166666666,110.04166666666667
2494,"Caudoputamen- caudal, intermediate","CPc, i",160,216,248,48255,2496.0,CPc,,8,,0.0,0.0,463.0,31300957.0,53437.0,67604.65874730021,115.41468682505399
2487,"Caudoputamen- caudal, intermediate, dorsal","CPc, i, d",160,216,248,48256,2494.0,"CPc, i",,9,109.0,7863180.0,13484.0,109.0,7863180.0,13484.0,72139.26605504587,123.70642201834862
2489,"Caudoputamen- caudal, intermediate, ventromedial","CPc, i, vm",160,216,248,48257,2494.0,"CPc, i",,9,45.0,2445329.0,5169.0,45.0,2445329.0,5169.0,54340.64444444444,114.86666666666666
2488,"Caudoputamen- caudal, intermediate, ventrolateral","CPc, i, vl",160,216,248,48258,2494.0,"CPc, i",,9,51.0,2195821.0,4946.0,51.0,2195821.0,4946.0,43055.313725490196,96.98039215686275
2490,"Caudoputamen- caudal, ventral","CPc, v",160,216,248,48259,2496.0,CPc,,8,97.0,4619360.0,9736.0,97.0,4619360.0,9736.0,47622.26804123711,100.37113402061856
2495,Caudoputamen- caudal extreme,CPce,160,216,248,48260,672.0,CP,,7,359.0,25215156.0,42055.0,359.0,25215156.0,42055.0,70237.20334261839,117.14484679665738
2001,Lateral stripe of the striatum ,LSS,160,216,248,48296,672.0,CP,,7,29.0,1976914.0,3149.0,29.0,1976914.0,3149.0,68169.44827586207,108.58620689655173
2050,Amygdalostriatal transition area,ASt ,160,216,248,48297,672.0,CP,,7,62.0,4000766.0,7299.0,62.0,4000766.0,7299.0,64528.48387096774,117.7258064516129
493,Striatum ventral region,STRv,160,232,232,48300,477.0,STR,,5,,0.0,0.0,15444.0,1079543898.0,1724501.0,69900.53729603729,111.66155141155141
56,Accumbens nucleus,Acb,160,232,224,48400,493.0,STRv,,6,,0.0,0.0,4512.0,266166331.0,466792.0,58990.76484929078,103.45567375886525
2074,"Accumbens nucleus, core region",AcbC,160,232,224,48410,56.0,Acb,,7,1547.0,95665697.0,162167.0,1547.0,95665697.0,162167.0,61839.4938590821,104.8267614738203
2006,"Accumbens nucleus, shell region",AcbSh,160,232,224,48420,56.0,Acb,,7,2819.0,159396901.0,286575.0,2819.0,159396901.0,286575.0,56543.774742816604,101.65838949982263
2007,"Lateral accumbens, shell region",LAcbSh,160,232,224,48430,56.0,Acb,,7,146.0,11103733.0,18050.0,146.0,11103733.0,18050.0,76052.96575342465,123.63013698630137
998,Interstitial nucleus of the posterior limb of the anterior commissure,IPAC,160,228,224,48500,493.0,STRv,,6,,0.0,0.0,104.0,8497113.0,12378.0,81703.00961538461,119.01923076923077
2012,"Interstitial nucleus of the posterior limb of the anterior commissure, medial part",IPACM,160,228,224,48510,998.0,IPAC,,7,20.0,1626930.0,2515.0,20.0,1626930.0,2515.0,81346.5,125.75
2372,"Interstitial nucleus of the posterior limb of the anterior commissure, lateral part",IPACL,160,228,224,48520,998.0,IPAC,,7,84.0,6870183.0,9863.0,84.0,6870183.0,9863.0,81787.89285714286,117.41666666666667
754,Olfactory tubercle,Tu,160,224,224,48600,493.0,STRv,,6,,0.0,0.0,10407.0,779888268.0,1201540.0,74938.81695012972,115.45498222350341
481,Island of Calleja,ICj,160,224,224,48700,754.0,Tu,,7,26.0,1439083.0,2847.0,26.0,1439083.0,2847.0,55349.346153846156,109.5
489,"Island of Calleja, major island",ICjM,160,224,224,48800,754.0,Tu,,7,167.0,11021624.0,17998.0,167.0,11021624.0,17998.0,65997.74850299401,107.77245508982035
458,Olfactory tubercle 1 ,Tu1,160,224,224,49000,754.0,Tu,,7,7762.0,589616185.0,902859.0,7762.0,589616185.0,902859.0,75961.88933264623,116.31783045606802
465,Olfactory tubercle 2,Tu2,160,224,224,49100,754.0,Tu,,7,735.0,55390708.0,86439.0,735.0,55390708.0,86439.0,75361.5074829932,117.60408163265306
473,Olfactory tubercle 3,Tu3,160,224,224,49200,754.0,Tu,,7,331.0,23539548.0,38510.0,331.0,23539548.0,38510.0,71116.4592145015,116.34441087613293
2018,Navicular nucleus of the basal forebrain,Nv,160,224,224,49210,754.0,Tu,,7,111.0,10030354.0,14244.0,111.0,10030354.0,14244.0,90363.54954954956,128.32432432432432
275,Lateral septal complex,LSX,160,239,232,49300,477.0,STR,,5,,0.0,0.0,4517.0,349306273.0,501778.0,77331.475094089,111.08656187735222
242,Lateral septal nucleus,LS,153,239,232,49400,275.0,LSX,,6,,0.0,0.0,3925.0,301586365.0,434730.0,76837.29044585988,110.75923566878981
250,"Lateral septal nucleus, dorsal part",LSD,153,237,232,49500,242.0,LS,,7,1185.0,105609665.0,138535.0,1185.0,105609665.0,138535.0,89122.08016877637,116.90717299578058
258,"Lateral septal nucleus, intermediate part",LSI,153,237,233,49600,242.0,LS,,7,1535.0,118323874.0,170796.0,1535.0,118323874.0,170796.0,77083.95700325732,111.26775244299674
266,"Lateral septal nucleus, ventral part",LSV,153,237,234,49700,242.0,LS,,7,1134.0,73740405.0,118479.0,1134.0,73740405.0,118479.0,65026.81216931217,104.47883597883597
2008,Zona limitans,ZL,153,237,234,49710,242.0,LS,,7,71.0,3912421.0,6920.0,71.0,3912421.0,6920.0,55104.52112676056,97.46478873239437
310,Septofimbrial nucleus,SFi ,147,239,232,49800,275.0,LSX,,6,240.0,26359861.0,30232.0,240.0,26359861.0,30232.0,109832.75416666667,125.96666666666667
333,Septohippocampal nucleus,SHi ,139,239,232,49900,275.0,LSX,,6,12.0,470827.0,1050.0,12.0,470827.0,1050.0,39235.583333333336,87.5
2009,Septohypothalamic nucleus,SHy ,139,239,232,49910,275.0,LSX,,6,340.0,20889220.0,35766.0,340.0,20889220.0,35766.0,61438.882352941175,105.19411764705882
278,Striatum-like amygdalar nuclei,sAMY,160,208,232,50000,477.0,STR,,5,,0.0,0.0,970.0,73612467.0,113401.0,75889.1412371134,116.90824742268042
23,Anterior amygdaloid area,AA,186,208,248,50100,278.0,sAMY,,6,259.0,18357930.0,29692.0,259.0,18357930.0,29692.0,70880.03861003861,114.64092664092664
292,Bed nucleus of the accessory olfactory tract,BAOT,160,208,232,50200,278.0,sAMY,,6,12.0,745767.0,1136.0,12.0,745767.0,1136.0,62147.25,94.66666666666667
536,Central amygdalar nucleus,Ce,171,208,248,50300,278.0,sAMY,,6,,0.0,0.0,164.0,10775558.0,18118.0,65704.62195121951,110.47560975609755
544,"Central amygdaloid nucleus, capsular part",CeC,171,209,248,50400,536.0,Ce,,7,32.0,2227320.0,3661.0,32.0,2227320.0,3661.0,69603.75,114.40625
551,"Central amygdaloid nucleus, lateral part",CeL,171,209,249,50500,536.0,Ce,,7,104.0,6875440.0,11436.0,104.0,6875440.0,11436.0,66110.0,109.96153846153847
559,"Central amygdaloid nucleus, medial part",CeM,171,209,250,50600,536.0,Ce,,7,28.0,1672798.0,3021.0,28.0,1672798.0,3021.0,59742.78571428572,107.89285714285714
1105,Intercalated nuclei of the amygdala,I,184,208,248,50700,278.0,sAMY,,6,,0.0,0.0,7.0,228353.0,556.0,32621.85714285714,79.42857142857143
2375,"Intercalated amygdalar nucleus, main part",IM,184,208,248,50710,1105.0,I,,7,2.0,48765.0,123.0,2.0,48765.0,123.0,24382.5,61.5
403,Medial amygdaloid nucleus,Me,176,208,248,50800,278.0,sAMY,,6,,0.0,0.0,528.0,43504859.0,63899.0,82395.56628787878,121.02083333333333
411,"Medial amygdaloid nucleus, anterodorsal part",MeAD,176,209,248,50900,403.0,Me,,7,26.0,2812466.0,3150.0,26.0,2812466.0,3150.0,108171.76923076923,121.15384615384616
418,"Medial amygdaloid nucleus, anterventral part",MeAV,176,208,249,51000,403.0,Me,,7,14.0,1089167.0,1483.0,14.0,1089167.0,1483.0,77797.64285714286,105.92857142857143
426,"Medial amygdaloid nucleus, posterodorsal part",MePD,176,208,250,51100,403.0,Me,,7,24.0,1906974.0,2731.0,24.0,1906974.0,2731.0,79457.25,113.79166666666667
435,"Medial amygdaloid nucleus, posteroventral part",MePV ,176,208,251,51500,403.0,Me,,7,464.0,37696252.0,56535.0,464.0,37696252.0,56535.0,81241.9224137931,121.84267241379311
803,Pallidum,PAL,160,200,176,51600,623.0,CNU,,4,,0.0,0.0,3255.0,207268398.0,348730.0,63676.92718894009,107.13671274961598
1022,Globus pallidus,GP,160,216,177,51800,803.0,PAL,,5,51.0,3347401.0,5781.0,51.0,3347401.0,5781.0,65635.3137254902,113.3529411764706
1031,Entopeduncular nucleus,EP,160,216,178,51900,803.0,PAL,,5,5.0,345768.0,442.0,5.0,345768.0,442.0,69153.6,88.4
835,Ventral pallidum,VeP,160,208,176,52000,803.0,PAL,,5,,0.0,0.0,703.0,41628669.0,73770.0,59215.7453769559,104.93598862019914
342,Substantia innominata,SI,152,208,176,52100,803.0,PAL,,5,,0.0,0.0,195.0,13199138.0,20880.0,67687.88717948718,107.07692307692308
2371,"Substantia innominata, basal part",SIB,152,208,176,52110,342.0,SI,,6,90.0,5314786.0,8698.0,90.0,5314786.0,8698.0,59053.177777777775,96.64444444444445
2027,Extension of the amygdala,EA,152,208,176,52120,342.0,SI,,6,99.0,7386197.0,11378.0,99.0,7386197.0,11378.0,74608.0505050505,114.92929292929293
2013,Cell bridges of the ventral striatum,CB,160,228,224,52130,342.0,SI,,6,6.0,498155.0,804.0,6.0,498155.0,804.0,83025.83333333333,134.0
298,Magnocellular nucleus,MCPO,162,208,176,52200,835.0,VeP,,6,,0.0,0.0,0.0,0.0,0.0,,
2028,Basal nucleus (Meynert),B,162,208,176,52210,835.0,VeP,,6,2.0,104871.0,255.0,2.0,104871.0,255.0,52435.5,127.5
826,"Pallidum, medial region",PALm,160,224,176,52300,803.0,PAL,,5,,0.0,0.0,607.0,39431221.0,67174.0,64960.825370675455,110.66556836902801
904,Medial septal complex,MSC,160,224,176,52400,826.0,PALm,,6,,0.0,0.0,596.0,38325555.0,65634.0,64304.62248322148,110.1241610738255
564,Medial septal nucleus,MS,118,224,176,52500,904.0,MSC,,7,,0.0,0.0,78.0,4296144.0,7820.0,55078.769230769234,100.25641025641026
2005,Lambdoid septal zone,Ld,118,224,176,52510,564.0,MS,,8,15.0,686667.0,1327.0,15.0,686667.0,1327.0,45777.8,88.46666666666667
2280,Diagonal band nucleus,NDB,138,224,176,52600,904.0,MSC,,7,,0.0,0.0,518.0,34029411.0,57814.0,65693.84362934362,111.61003861003861
596,Nucleus of the vertical limb of the diagonal band,VDB,138,224,176,52610,2280.0,NDB,,8,159.0,10665415.0,17993.0,159.0,10665415.0,17993.0,67078.0817610063,113.16352201257861
2293,Lateral nucleus of the diagnoal band,LDB,138,224,176,52620,2280.0,NDB,,8,62.0,4442142.0,7314.0,62.0,4442142.0,7314.0,71647.45161290323,117.96774193548387
2004,Nucleus of the horizontal limb of the diagonal band,HDB,138,224,176,52630,2280.0,NDB,,8,297.0,18921854.0,32507.0,297.0,18921854.0,32507.0,63709.946127946125,109.45117845117845
581,Triangular septal nucleus,TS,128,224,176,52700,826.0,PALm,,6,11.0,1105666.0,1540.0,11.0,1105666.0,1540.0,100515.09090909091,140.0
809,"Pallidum, caudal region",PALc,160,190,176,52800,803.0,PAL,,5,,0.0,0.0,1694.0,109316201.0,180683.0,64531.40554899646,106.66056670602126
2308,Nucleus of stria medullaris,SM,160,190,176,52810,809.0,PALc,,6,14.0,824762.0,1353.0,14.0,824762.0,1353.0,58911.57142857143,96.64285714285714
351,Bed nuclei of the stria terminalis,ST,160,190,160,52900,809.0,PALc,,6,,0.0,0.0,1679.0,108473870.0,179280.0,64606.235854675404,106.77784395473496
359,"Bed nuclei of the stria terminalis, anterior division",STa,160,190,161,53000,351.0,ST,,7,,0.0,0.0,850.0,54032839.0,89965.0,63568.04588235294,105.84117647058824
537,"Bed nucleus of the stria terminalis, medial division, anterolateral part",STMAL,160,190,161,53100,359.0,STa,,8,18.0,1886541.0,2263.0,18.0,1886541.0,2263.0,104807.83333333333,125.72222222222223
498,"Bed nucleus of the stria terminalis, medial division, anterior part",STMA,160,190,161,53200,359.0,STa,,8,548.0,33840748.0,57049.0,548.0,33840748.0,57049.0,61753.189781021894,104.10401459854015
513,"Bed nuclei of the stria terminalis, fusiform nucleus",Fu,160,190,161,53400,359.0,STa,,8,48.0,2568000.0,4871.0,48.0,2568000.0,4871.0,53500.0,101.47916666666667
546,"Bed nucleus of the stria terminalis, lateral division, juxtacapsular part",STLJ,160,190,161,53500,359.0,STa,,8,8.0,515566.0,862.0,8.0,515566.0,862.0,64445.75,107.75
554,"Bed nucleus of the stria terminalis, lateral division, dorsal part",STLD,160,190,161,53700,359.0,STa,,8,187.0,11800796.0,20084.0,187.0,11800796.0,20084.0,63105.86096256685,107.40106951871658
529,"Bed nucleus of the stria terminalis, medial division, posterolateral part",STMPL,160,190,161,53900,359.0,STa,,8,41.0,3421188.0,4836.0,41.0,3421188.0,4836.0,83443.60975609756,117.95121951219512
2359,"Bed nuclei of the stria terminalis, medial division",STm,160,190,161,53910,351.0,ST,,7,,0.0,0.0,313.0,20958480.0,34267.0,66960.0,109.47923322683707
2010,"Bed nucleus of the stria terminalis, medial division, ventral part",STMV,160,190,161,53920,2359.0,STm,,8,67.0,3639362.0,6381.0,67.0,3639362.0,6381.0,54318.835820895525,95.23880597014926
2025,"Bed nucleus of the stria terminalis, medial division, posteromedial part",STMPM,160,190,168,53930,2359.0,STm,,8,246.0,17319118.0,27886.0,246.0,17319118.0,27886.0,70402.918699187,113.35772357723577
367,"Bed nuclei of the stria terminalis, posterior division",STp,160,190,168,54000,351.0,ST,,7,,0.0,0.0,92.0,6344755.0,9671.0,68964.72826086957,105.1195652173913
578,"Bed nucleus of the stria terminalis, medial division, anteromedial part",STMAM,160,190,168,54200,367.0,STp,,8,15.0,848922.0,1542.0,15.0,848922.0,1542.0,56594.8,102.8
585,"Bed nucleus of the stria terminalis, medial division, posterointermediate part",STMPI,160,190,168,54300,367.0,STp,,8,77.0,5495833.0,8129.0,77.0,5495833.0,8129.0,71374.45454545454,105.57142857142857
2360,"Bed nuclei of the stria terminialis, lateral division",STl,160,190,168,54510,351.0,ST,,7,,0.0,0.0,376.0,23531275.0,39661.0,62583.17819148936,105.4813829787234
2015,"Bed nuclus of the stria terminalis, lateral division, posterior part",STLP,160,190,168,54520,2360.0,STl,,8,292.0,19735786.0,32285.0,292.0,19735786.0,32285.0,67588.30821917808,110.56506849315069
2014,"Bed nucleus of the stria terminalis, lateral division, ventral part ",STLV,160,190,168,54530,2360.0,STl,,8,77.0,3275375.0,6607.0,77.0,3275375.0,6607.0,42537.33766233766,85.8051948051948
2022,"Bed nucleus of the stria terminalis, lateral division, intermediate part",STLI,160,190,168,54540,2360.0,STl,,8,7.0,520114.0,769.0,7.0,520114.0,769.0,74302.0,109.85714285714286
2049,"Bed nucleus of the stria terminalis, intraamygdaloid",STIA,160,190,168,54550,351.0,ST,,7,48.0,3606521.0,5716.0,48.0,3606521.0,5716.0,75135.85416666667,119.08333333333333
287,Bed nucleus of the anterior commissure,BAC,160,190,152,54600,809.0,PALc,,6,1.0,17569.0,50.0,1.0,17569.0,50.0,17569.0,50.0
512,Cerebellum,CBL,240,255,160,54700,8.0,grey,,2,,0.0,0.0,26835.0,2055192348.0,3103814.0,76586.26226942426,115.66290292528414
528,Cerebellar cortex,CBX,240,240,128,54800,512.0,CBL,,3,,0.0,0.0,26427.0,2024856072.0,3054292.0,76620.73152457713,115.57467741325159
645,Vermal regions,VERM,240,242,128,54900,528.0,CBX,,4,,0.0,0.0,7279.0,524210385.0,798055.0,72016.81343591152,109.63799972523698
912,Lobule 1 of the cerebellar vermis,1Cb,240,242,128,55000,645.0,VERM,,5,,0.0,0.0,134.0,8526930.0,15081.0,63633.80597014925,112.54477611940298
10707,"Lobule 1 of the cerebellar vermis, molecular layer",1Cb-mo,240,242,128,55100,912.0,1Cb,,6,115.0,7566149.0,13129.0,115.0,7566149.0,13129.0,65792.6,114.16521739130435
10705,"Lobule 1 of the cerebellar vermis, granular layer",1Cb-gr,227,219,97,55300,912.0,1Cb,,6,19.0,960781.0,1952.0,19.0,960781.0,1952.0,50567.42105263158,102.73684210526316
976,Lobule 2 of the cerebellar vermis,2Cb,240,242,128,55500,645.0,VERM,,5,,0.0,0.0,767.0,46257137.0,79348.0,60309.17470664928,103.45241199478488
10710,"Lobule 2 of the cerebellar vermis, molecular layer",2Cb-mo,240,242,128,55600,976.0,2Cb,,6,634.0,39111549.0,66857.0,634.0,39111549.0,66857.0,61690.140378548895,105.45268138801262
10708,"Lobule 2 of the cerebellar vermis, granular layer",2Cb-gr,227,219,97,55800,976.0,2Cb,,6,133.0,7145588.0,12491.0,133.0,7145588.0,12491.0,53726.22556390977,93.9172932330827
984,Lobule 3 of the cerebellar vermis,3Cb,240,242,128,55900,645.0,VERM,,5,,0.0,0.0,1058.0,81189090.0,121983.0,76738.27032136107,115.29584120982987
10713,"Lobule 3 of the cerebellar vermis, molecular layer",3Cb-mo,240,242,128,56000,984.0,3Cb,,6,619.0,50868143.0,73250.0,619.0,50868143.0,73250.0,82177.93699515348,118.33602584814217
10711,"Lobule 3 of the cerebellar vermis, granular layer",3Cb-gr,227,219,97,56200,984.0,3Cb,,6,439.0,30320947.0,48733.0,439.0,30320947.0,48733.0,69068.21640091116,111.00911161731207
928,Culmen,CUL,240,242,128,56300,645.0,VERM,,5,,0.0,0.0,2852.0,200932313.0,300657.0,70453.12517531557,105.41970546984572
992,Lobule 4 of the cerebellar vermis,4Cb,240,242,128,56400,928.0,CUL,,6,7.0,381573.0,823.0,7.0,381573.0,823.0,54510.42857142857,117.57142857142857
1001,Lobule 5 of the cerebellar vermis,5Cb,240,242,128,56800,928.0,CUL,,6,,0.0,0.0,0.0,0.0,0.0,,
1091,Lobules 4 and 5 of the cerebellar vermis,4/5Cb,240,242,128,57200,928.0,CUL,,6,,0.0,0.0,2845.0,200550740.0,299834.0,70492.35149384885,105.38980667838312
10722,"Lobules 4 and 5 of the cerebellar vermis, molecular layer",4/5Cb-mo,240,242,128,57300,1091.0,4/5Cb,,7,1975.0,141576401.0,211323.0,1975.0,141576401.0,211323.0,71684.25367088607,106.99898734177215
10720,"Lobules 4 and 5 of the cerebellar vermis, granular layer",4/5Cb-gr,227,219,97,57500,1091.0,4/5Cb,,7,870.0,58974339.0,88511.0,870.0,58974339.0,88511.0,67786.59655172414,101.7367816091954
936,Lobule 6 of the cerebellar vermis,6Cb,240,242,128,57600,645.0,VERM,,5,,0.0,0.0,1528.0,127817773.0,179890.0,83650.375,117.72905759162303
10725,"Lobule 6 of the cerebellar vermis, molecular layer",6Cb-mo,240,242,128,57700,936.0,6Cb,,6,1455.0,123006210.0,172460.0,1455.0,123006210.0,172460.0,84540.35051546391,118.52920962199313
10723,"Lobule 6 of the cerebellar vermis, granular layer",6Cb-gr,227,219,97,57900,936.0,6Cb,,6,73.0,4811563.0,7430.0,73.0,4811563.0,7430.0,65911.82191780822,101.78082191780823
944,Lobule 7 of the cerebellar vermis,7Cb,240,242,128,58000,645.0,VERM,,5,,0.0,0.0,155.0,10031627.0,16292.0,64720.17419354839,105.10967741935484
10728,"Lobule 7 of the cerebellar vermis, molecular layer",7Cb-mo,240,242,128,58100,944.0,7Cb,,6,134.0,8714053.0,14157.0,134.0,8714053.0,14157.0,65030.246268656716,105.64925373134328
10726,"Lobule 7 of the cerebellar vermis, granular layer",7Cb-gr,227,219,97,58300,944.0,7Cb,,6,21.0,1317574.0,2135.0,21.0,1317574.0,2135.0,62741.619047619046,101.66666666666667
951,Lobule 8 of the cerebellar vermis,8Cb,240,242,128,58400,645.0,VERM,,5,,0.0,0.0,202.0,10256846.0,19983.0,50776.46534653466,98.92574257425743
10731,"Lobule 8 of the cerebellar vermis, molecular layer",8Cb-mo,240,242,128,58500,951.0,8Cb,,6,139.0,7636941.0,14144.0,139.0,7636941.0,14144.0,54942.02158273381,101.75539568345324
10729,"Lobule 8 of the cerebellar vermis, granular layer",8Cb-gr,227,219,97,58700,951.0,8Cb,,6,63.0,2619905.0,5839.0,63.0,2619905.0,5839.0,41585.793650793654,92.68253968253968
957,Lobule 9 of the cerebellar vermis,9Cb,240,242,128,58800,645.0,VERM,,5,,0.0,0.0,268.0,20623891.0,31935.0,76954.8171641791,119.16044776119404
10734,"Lobule 9 of the cerebellar vermis, molecular layer",9Cb-mo,240,242,128,58900,957.0,9Cb,,6,155.0,10815308.0,18246.0,155.0,10815308.0,18246.0,69776.1806451613,117.71612903225807
10732,"Lobule 9 of the cerebellar vermis, granular layer",9Cb-gr,227,219,97,59100,957.0,9Cb,,6,113.0,9808583.0,13689.0,113.0,9808583.0,13689.0,86801.61946902655,121.14159292035399
968,Lobule 10 of the cerebellar vermis,10Cb,240,242,128,59200,645.0,VERM,,5,,0.0,0.0,315.0,18574778.0,32886.0,58967.549206349206,104.4
10737,"Lobule 10 of the cerebellar vermis, molecular layer",10Cb-mo,240,242,128,59300,968.0,10Cb,,6,213.0,12495451.0,21558.0,213.0,12495451.0,21558.0,58664.089201877934,101.21126760563381
10735,"Lobule 10 of the cerebellar vermis, granular layer",10Cb-gr,227,219,97,59500,968.0,10Cb,,6,102.0,6079327.0,11328.0,102.0,6079327.0,11328.0,59601.24509803922,111.05882352941177
1073,Hemispheric regions,HEM,240,241,128,59600,528.0,CBX,,4,,0.0,0.0,19148.0,1500645687.0,2256237.0,78370.88400877376,117.8314706496762
1007,Simple lobule,Sim,240,241,128,59700,1073.0,HEM,,5,,0.0,0.0,2652.0,206933437.0,306852.0,78029.19947209653,115.70588235294117
10674,"Simple lobule, molecular layer",Sim-mo,240,241,128,59800,1007.0,Sim,,6,2492.0,196215641.0,290582.0,2492.0,196215641.0,290582.0,78738.21869983949,116.60593900481541
10672,"Simple lobule, granular layer",Sim-gr,227,219,97,60000,1007.0,Sim,,6,160.0,10717796.0,16270.0,160.0,10717796.0,16270.0,66986.225,101.6875
1056,Crus 1 of the ansiform lobule,Crus1,240,241,128,60200,1073.0,HEM,,5,,0.0,0.0,6178.0,498316126.0,736551.0,80659.78083522175,119.22159274846229
10677,"Crus 1 of the ansiform lobule, molecular layer",Crus1-mo,240,241,128,60300,1056.0,Crus1,,6,4505.0,347686524.0,535999.0,4505.0,347686524.0,535999.0,77177.91875693674,118.97869034406216
10675,"Crus 1 of the ansiform lobule, granular layer",Crus1-gr,227,219,97,60500,1056.0,Crus1,,6,1673.0,150629602.0,200552.0,1673.0,150629602.0,200552.0,90035.62582187686,119.8756724447101
1064,Crus 2 of the ansiform lobule,Crus2,240,241,128,60600,1073.0,HEM,,5,,0.0,0.0,4348.0,301252779.0,506870.0,69285.36775528979,116.5754369825207
10680,"Crus 2 of the ansiform lobule, molecular layer",Crus2-mo,240,241,128,60700,1064.0,Crus2,,6,4134.0,288117867.0,483456.0,4134.0,288117867.0,483456.0,69694.69448476052,116.94629898403484
10678,"Crus 2 of the ansiform lobule, granular layer",Crus2-gr,227,219,97,60900,1064.0,Crus2,,6,214.0,13134912.0,23414.0,214.0,13134912.0,23414.0,61378.09345794393,109.41121495327103
1025,Paramedian lobule,PM,240,241,128,61000,1073.0,HEM,,5,,0.0,0.0,1640.0,134645209.0,194820.0,82100.73719512195,118.79268292682927
10683,"Paramedian lobule, molecular layer",PM-mo,240,241,128,61100,1025.0,PM,,6,1591.0,131216465.0,188932.0,1591.0,131216465.0,188932.0,82474.20804525456,118.75047140163419
10681,"Paramedian lobule, granular layer",PM-gr,227,219,97,61300,1025.0,PM,,6,49.0,3428744.0,5888.0,49.0,3428744.0,5888.0,69974.36734693877,120.16326530612245
1033,Copula of the pyramis,Cop,240,241,128,61400,1073.0,HEM,,5,,0.0,0.0,755.0,57441450.0,87980.0,76081.39072847682,116.52980132450331
10686,"Copula of the pyramis, molecular layer",Cop-mo,240,241,128,61500,1033.0,Cop,,6,672.0,51638058.0,79212.0,672.0,51638058.0,79212.0,76842.34821428571,117.875
10684,"Copula of the pyramis, granular layer",Cop-gr,227,219,97,61700,1033.0,Cop,,6,83.0,5803392.0,8768.0,83.0,5803392.0,8768.0,69920.38554216867,105.63855421686748
1041,Paraflocculus,PFl,240,241,128,61800,1073.0,HEM,,5,,0.0,0.0,2533.0,204252580.0,298514.0,80636.6285037505,117.8499802605606
10689,"Paraflocculus, molecular layer",PFl-mo,240,241,128,61900,1041.0,PFl,,6,1517.0,121203299.0,178843.0,1517.0,121203299.0,178843.0,79896.70336189849,117.89255108767304
10687,"Paraflocculus, granular layer",PFl-gr,227,219,97,62100,1041.0,PFl,,6,1016.0,83049281.0,119671.0,1016.0,83049281.0,119671.0,81741.41830708661,117.78641732283465
1049,Flocculus,Fl,240,241,128,62200,1073.0,HEM,,5,,0.0,0.0,1042.0,97804106.0,124650.0,93861.90595009597,119.62571976967371
10692,"Flocculus, molecular layer",Fl-mo,240,241,128,62300,1049.0,Fl,,6,649.0,58992420.0,78249.0,649.0,58992420.0,78249.0,90897.41140215716,120.56856702619415
10690,"Flocculus, granular layer",Fl-gr,227,219,97,62500,1049.0,Fl,,6,393.0,38811686.0,46401.0,393.0,38811686.0,46401.0,98757.47073791349,118.06870229007633
519,Cerebellar nuclei,CBN,240,240,144,62900,512.0,CBL,,3,,0.0,0.0,408.0,30336276.0,49522.0,74353.61764705883,121.37745098039215
989,Medial cerebellar nucleus,Med,240,240,82,63000,519.0,CBN,,4,,0.0,0.0,32.0,1810545.0,3421.0,56579.53125,106.90625
2244,"Medial cerebellar nucleus, dorsolateral protuberance",MedDL,240,240,82,63010,989.0,Med,,5,1.0,17640.0,52.0,1.0,17640.0,52.0,17640.0,52.0
2245,"Medial cerebellar nucleus, lateral part",MedL,240,240,82,63020,989.0,Med,,5,,0.0,0.0,0.0,0.0,0.0,,
91,Interposed cerebellar nucleus,Int,240,240,82,63100,519.0,CBN,,4,,0.0,0.0,282.0,21413630.0,34317.0,75934.85815602836,121.69148936170212
2239,"Interposed cerebellar nucleus, anterior part",IntA,240,240,82,63110,91.0,Int,,5,1.0,37659.0,81.0,1.0,37659.0,81.0,37659.0,81.0
2240,"Interposed cerebellar nucleus, dorsolateral hump",IntDL,240,240,82,63120,91.0,Int,,5,,0.0,0.0,0.0,0.0,0.0,,
2241,"Interposed cerebellar nucleus, posterior part",IntP,240,240,82,63130,91.0,Int,,5,14.0,973889.0,1513.0,14.0,973889.0,1513.0,69563.5,108.07142857142857
2242,"Interposed cerebellar nucleus, posterior parvicellular",IntPPC,240,240,82,63140,91.0,Int,,5,267.0,20402082.0,32723.0,267.0,20402082.0,32723.0,76412.29213483146,122.55805243445693
2281,Dentate nucleus ,DN,240,240,82,63200,519.0,CBN,,4,,0.0,0.0,94.0,7112101.0,11784.0,75660.64893617021,125.36170212765957
846,Lateral (dentate) cerebellar nucleus,Lat,240,240,82,63210,2281.0,DN,,5,7.0,331308.0,759.0,7.0,331308.0,759.0,47329.71428571428,108.42857142857143
2247,"Lateral cerebellar nucleus, parvicellular part",LatPC,240,240,82,63220,2281.0,DN,,5,87.0,6780793.0,11025.0,87.0,6780793.0,11025.0,77940.14942528735,126.72413793103448
343,Brain stem,BS,144,96,128,63300,8.0,grey,,2,,0.0,0.0,50680.0,3523913267.0,5710541.0,69532.62168508288,112.67839384372533
1129,Interbrain,IB,255,95,95,63400,343.0,BS,,3,,0.0,0.0,24779.0,1689621692.0,2786685.0,68187.64647483756,112.46156019209815
549,Thalamus,TH,255,112,128,63500,1129.0,IB,,4,,0.0,0.0,11962.0,878561896.0,1390302.0,73446.07055676308,116.22655074402275
2414,Periventricular gray ,PVG,255,112,128,63510,549.0,TH,,5,238.0,17140114.0,26576.0,238.0,17140114.0,26576.0,72017.28571428571,111.66386554621849
864,"Thalamus, sensory-motor cortex related",DORsm,255,128,176,63600,549.0,TH,,5,,0.0,0.0,1319.0,85507835.0,147137.0,64827.77482941622,111.55193328278999
2115,Ethmoid thalamic nucleus,Eth,255,131,130,63610,864.0,DORsm,,6,6.0,228593.0,437.0,6.0,228593.0,437.0,38098.833333333336,72.83333333333333
2116,Retroethmoid nucleus,REth,255,131,130,63620,864.0,DORsm,,6,11.0,755603.0,1236.0,11.0,755603.0,1236.0,68691.18181818182,112.36363636363636
2117,Scaphoid thalamic nucleus,Sc,255,131,130,63630,864.0,DORsm,,6,2.0,224778.0,277.0,2.0,224778.0,277.0,112389.0,138.5
2120,Posterior intralaminar thalamic nucleus,PIL,255,108,144,63640,864.0,DORsm,,6,25.0,1755687.0,2940.0,25.0,1755687.0,2940.0,70227.48,117.6
637,Ventral group thalamic nucleus,VENT,255,108,160,63700,864.0,DORsm,,6,,0.0,0.0,658.0,40277366.0,68802.0,61211.802431610944,104.56231003039514
629,Ventrolateral thalamic nucleus,VL,255,108,161,63800,637.0,VENT,,7,68.0,3440765.0,6423.0,68.0,3440765.0,6423.0,50599.48529411765,94.45588235294117
2316,Ventral anterior thalamic nucleus,VA,255,108,161,63810,637.0,VENT,,7,52.0,2988710.0,5212.0,52.0,2988710.0,5212.0,57475.192307692305,100.23076923076923
685,Ventromedial thalamic nucleus,VM,255,108,162,63900,637.0,VENT,,7,184.0,10396193.0,18318.0,184.0,10396193.0,18318.0,56501.04891304348,99.55434782608695
709,Ventral posterior thalamic nucleus,VP,255,108,144,64000,637.0,VENT,,7,,0.0,0.0,354.0,23451698.0,38849.0,66247.73446327684,109.74293785310735
718,Ventral posterolateral thalamic nucleus,VPL,255,108,145,64100,709.0,VP,,8,75.0,4273743.0,7902.0,75.0,4273743.0,7902.0,56983.24,105.36
733,Ventral posteromedial thalamic nucleus,VPM,255,108,147,64200,709.0,VP,,8,,0.0,0.0,202.0,12442258.0,22176.0,61595.33663366337,109.78217821782178
2362,"Ventral posteromedial nucleus of the thalamus, dorsal part",VPMd,255,108,147,64210,733.0,VPM,,9,21.0,854095.0,2111.0,21.0,854095.0,2111.0,40671.19047619047,100.52380952380952
2363,"Ventral posteromedial nucleus of the thalamus, ventral part",VPMv,255,108,147,64220,733.0,VPM,,9,15.0,889660.0,1787.0,15.0,889660.0,1787.0,59310.666666666664,119.13333333333334
2361,"Ventral posterior nucleus of the thalamus, parvicellular",VPPC,255,108,147,64230,709.0,VP,,8,77.0,6735697.0,8771.0,77.0,6735697.0,8771.0,87476.58441558441,113.9090909090909
406,Subparafascicular thalamic nucleus,SPF,255,112,165,64500,864.0,DORsm,,6,,0.0,0.0,52.0,3432156.0,5766.0,66003.0,110.88461538461539
422,"Subparafascicular thalamic nucleus, parvicellular part",SPFPC,255,110,165,64700,406.0,SPF,,7,12.0,840176.0,1334.0,12.0,840176.0,1334.0,70014.66666666667,111.16666666666667
1044,Peripeduncular nucleus,PP,255,112,163,64900,864.0,DORsm,,6,20.0,894727.0,2151.0,20.0,894727.0,2151.0,44736.35,107.55
2158,Subbrachial nucleus,SubB,255,112,160,64910,864.0,DORsm,,6,102.0,5599321.0,11426.0,102.0,5599321.0,11426.0,54895.30392156863,112.01960784313725
1008,Geniculate group of the thalamus,GENd,255,112,160,65000,864.0,DORsm,,6,,0.0,0.0,443.0,32339604.0,54102.0,73001.36343115124,122.12641083521444
475,Medial geniculate nucleus,MG,255,112,162,65100,1008.0,GENd,,7,,0.0,0.0,144.0,10493617.0,17747.0,72872.34027777778,123.24305555555556
1072,"Medial geniculate nucleus, dorsal part",MGD,255,112,162,65200,475.0,MG,,8,6.0,603506.0,1035.0,6.0,603506.0,1035.0,100584.33333333333,172.5
1079,"Medial geniculate nucleus, ventral part",MGV,255,112,162,65300,475.0,MG,,8,23.0,1912626.0,3542.0,23.0,1912626.0,3542.0,83157.65217391304,154.0
1088,"Medial geniculate nucleus, medial part",MGM,255,112,162,65400,475.0,MG,,8,6.0,417439.0,800.0,6.0,417439.0,800.0,69573.16666666667,133.33333333333334
2126,Marginal zone of the medial geniculate,MZMG,255,112,162,65410,475.0,MG,,8,85.0,6115123.0,9877.0,85.0,6115123.0,9877.0,71942.62352941177,116.2
170,Dorsal lateral geniculate nucleus,DLG,255,112,161,65500,1008.0,GENd,,7,299.0,21845987.0,36355.0,299.0,21845987.0,36355.0,73063.5016722408,121.5886287625418
856,"Thalamus, polymodal association cortex related",DORpm,255,136,176,65600,549.0,TH,,5,,0.0,0.0,10396.0,775321424.0,1215785.0,74578.8210850327,116.94738360908042
138,Lateral group of the dorsal thalamus,LAT,255,130,130,65700,856.0,DORpm,,6,,0.0,0.0,633.0,54047115.0,73221.0,85382.48815165876,115.67298578199052
218,Lateral posterior thalamic nucleus,LP,255,135,130,65800,138.0,LAT,,7,,0.0,0.0,373.0,36295440.0,43926.0,97306.80965147453,117.76407506702412
2069,"Lateral posterior thalamic nucleus, mediorostral part",LPMR,255,135,130,65810,218.0,LP,,8,235.0,26758920.0,28032.0,235.0,26758920.0,28032.0,113867.74468085106,119.28510638297873
2070,"Lateral posterior thalamic nucleus, mediocaudal part",LPMC,255,135,130,65820,218.0,LP,,8,17.0,1161538.0,2064.0,17.0,1161538.0,2064.0,68325.76470588235,121.41176470588235
2071,"Lateral posterior thalamic nucleus, laterorostral part",LPLR,255,135,130,65830,218.0,LP,,8,121.0,8374982.0,13830.0,121.0,8374982.0,13830.0,69214.72727272728,114.29752066115702
2127,"Lateral posterior thalamic nucleus, laterocaudal part",LPLC,255,135,130,65840,218.0,LP,,8,,0.0,0.0,0.0,0.0,0.0,,
2094,Intramedullary thalamic area,IMA,255,135,130,65850,138.0,LAT,,7,8.0,479910.0,781.0,8.0,479910.0,781.0,59988.75,97.625
1020,Posterior thalamic nuclear group,Po,255,134,130,65900,138.0,LAT,,7,,0.0,0.0,230.0,16211327.0,26202.0,70484.0304347826,113.92173913043479
2055,Angular thalamic nucleus,Ang,255,134,130,65910,1020.0,Po,,8,10.0,635452.0,1073.0,10.0,635452.0,1073.0,63545.2,107.3
2128,"Posterior thalamic nuclear group, triangular part",PoT,255,134,130,65920,1020.0,Po,,8,40.0,2134365.0,4127.0,40.0,2134365.0,4127.0,53359.125,103.175
1029,Posterior limitans thalamic nucleus,PLi,255,133,130,66000,138.0,LAT,,7,7.0,259951.0,667.0,7.0,259951.0,667.0,37135.857142857145,95.28571428571429
325,Suprageniculate thalamic nucleus,SG,255,131,130,66100,138.0,LAT,,7,15.0,800487.0,1645.0,15.0,800487.0,1645.0,53365.8,109.66666666666667
239,Anterior group of the dorsal thalamus,ATN,255,136,136,66200,856.0,DORpm,,6,,0.0,0.0,2272.0,176124719.0,263156.0,77519.6826584507,115.82570422535211
255,Anteroventral thalamic nucleus,AV,255,136,133,66300,239.0,ATN,,7,,0.0,0.0,374.0,27856985.0,43882.0,74483.91711229946,117.33155080213903
2035,"Anteroventral thalamic nucleus, ventrolateral part",AVVL,255,136,133,66310,255.0,AV,,8,90.0,6020243.0,9963.0,90.0,6020243.0,9963.0,66891.58888888889,110.7
2036,"Anterovent thalamic nucleus, dorsomedial part",AVDM,255,136,133,66320,255.0,AV,,8,64.0,3994427.0,7355.0,64.0,3994427.0,7355.0,62412.921875,114.921875
1096,Anteromedial thalamic nucleus,AM,255,136,134,66400,239.0,ATN,,7,,0.0,0.0,202.0,11807260.0,21570.0,58451.78217821782,106.78217821782178
1104,"Anteromedial thalamic nucleus, ventral part",AMV,255,136,134,66600,1096.0,AM,,8,8.0,575892.0,989.0,8.0,575892.0,989.0,71986.5,123.625
64,Anterodorsal thalamic nucleus,AD,255,136,135,66700,239.0,ATN,,7,378.0,38292113.0,46031.0,378.0,38292113.0,46031.0,101301.88624338624,121.77513227513228
1120,Interanteromedial thalamic nucleus,IAM,255,136,129,66800,239.0,ATN,,7,66.0,4661830.0,7729.0,66.0,4661830.0,7729.0,70633.78787878787,117.10606060606061
1113,Interanterodorsal thalamic nucleus,IAD,255,144,159,66900,239.0,ATN,,7,191.0,11466284.0,20194.0,191.0,11466284.0,20194.0,60032.90052356021,105.72774869109948
2282,Lateral dorsal nucleus of thalamus,LD,255,136,128,67000,239.0,ATN,,7,,0.0,0.0,1061.0,82040247.0,123750.0,77323.51272384543,116.63524976437323
155,"Laterodorsal thalamic nucleus, ventrolateral part",LDVL,255,136,128,67010,2282.0,LD,,8,683.0,53784380.0,80538.0,683.0,53784380.0,80538.0,78747.26207906296,117.91800878477306
2046,"Laterodorsal thalamic nucleus, dorsomedial part",LDDM,255,136,128,67020,2282.0,LD,,8,378.0,28255867.0,43212.0,378.0,28255867.0,43212.0,74750.97089947089,114.31746031746032
444,Medial group of the dorsal thalamus,MED,255,144,176,67100,856.0,DORpm,,6,,0.0,0.0,1254.0,84861230.0,144084.0,67672.4322169059,114.89952153110048
59,Intermediodorsal thalamic nucleus,IMD,255,144,164,67200,444.0,MED,,7,110.0,8160964.0,12804.0,110.0,8160964.0,12804.0,74190.58181818182,116.4
2091,Posteromedian thalamic nucleus,PoMn,255,144,164,67210,444.0,MED,,7,45.0,3377232.0,5149.0,45.0,3377232.0,5149.0,75049.6,114.42222222222222
362,Mediodorsal thalamic nucleus,MD,255,144,163,67300,444.0,MED,,7,,0.0,0.0,992.0,66522310.0,114167.0,67058.78024193548,115.08770161290323
617,"Mediodorsal thalamic nucleus, central part",MDC,255,144,163,67400,362.0,MD,,8,193.0,13399251.0,23304.0,193.0,13399251.0,23304.0,69426.17098445595,120.74611398963731
626,"Mediodorsal thalamic nucleus, lateral part ",MDL,255,144,163,67500,362.0,MD,,8,212.0,15657879.0,23118.0,212.0,15657879.0,23118.0,73857.91981132075,109.04716981132076
636,"Mediodorsal thalamic nucleus, medial part",MDM,255,144,163,67600,362.0,MD,,8,349.0,22663385.0,39940.0,349.0,22663385.0,39940.0,64938.0659025788,114.44126074498567
366,Submedius thalamic nucleus,Sub,255,144,161,67700,444.0,MED,,7,,0.0,0.0,107.0,6800724.0,11964.0,63558.168224299065,111.81308411214954
2377,"Submedius thalamic nucleus, dorsal part",SubD,255,144,161,67710,366.0,Sub,,8,45.0,3267737.0,5635.0,45.0,3267737.0,5635.0,72616.37777777777,125.22222222222223
2378,"Submedius thalamic nucleus, ventral part",SubV,255,144,161,67720,366.0,Sub,,8,37.0,2493932.0,4142.0,37.0,2493932.0,4142.0,67403.56756756757,111.94594594594595
571,Midline group of the dorsal thalamus,MTN,255,134,134,67900,856.0,DORpm,,6,,0.0,0.0,2693.0,187634496.0,314865.0,69674.89639806908,116.91979205347197
149,Paraventricular nucleus of the thalamus,PVT,255,133,133,68000,571.0,MTN,,7,,0.0,0.0,1616.0,113293663.0,192434.0,70107.46472772278,119.08044554455445
3001,"Paraventricular thalamic nucleus, anterior part",PVA,255,133,133,68010,149.0,PVT,,8,807.0,54097732.0,95228.0,807.0,54097732.0,95228.0,67035.60346964064,118.00247831474597
2089,"Paraventricular thalamic nucleus, intermediate part",PV,255,133,133,68020,149.0,PVT,,8,548.0,40282736.0,66469.0,548.0,40282736.0,66469.0,73508.64233576642,121.29379562043796
2090,"Paraventricular thalamic nucleus, posterior part",PVP,255,133,133,68030,149.0,PVT,,8,261.0,18913195.0,30737.0,261.0,18913195.0,30737.0,72464.34865900384,117.76628352490421
15,Parataenial thalamic nucleus,PT,255,133,134,68100,571.0,MTN,,7,431.0,27258966.0,47942.0,431.0,27258966.0,47942.0,63245.86078886311,111.23433874709977
2038,Xiphoid thalamic nucleus,Xi,255,133,134,68110,571.0,MTN,,7,,0.0,0.0,113.0,7383637.0,12840.0,65341.9203539823,113.6283185840708
2039,Paraxiphoid nucleus of thalamus,PaXi,255,133,134,68120,2038.0,Xi,,8,89.0,5921111.0,10275.0,89.0,5921111.0,10275.0,66529.33707865169,115.4494382022472
2032,Accessory neuosecretory nuclei,ANS,255,133,134,68130,571.0,MTN,,7,9.0,939372.0,1021.0,9.0,939372.0,1021.0,104374.66666666667,113.44444444444444
181,Reuniens area,RE,255,133,132,68200,571.0,MTN,,7,,0.0,0.0,494.0,36784614.0,57525.0,74462.78137651822,116.44736842105263
2092,Reuniens thalamic nucleus,Re,255,133,132,68210,181.0,RE,,8,295.0,23051838.0,34681.0,295.0,23051838.0,34681.0,78141.82372881356,117.56271186440678
2093,Retrouniens area,RRe,255,133,132,68220,181.0,RE,,8,106.0,7806919.0,12615.0,106.0,7806919.0,12615.0,73650.17924528301,119.00943396226415
2037,Ventral reuniens thalamic nucleus,VRe ,255,133,132,68230,181.0,RE,,8,93.0,5925857.0,10229.0,93.0,5925857.0,10229.0,63718.89247311828,109.98924731182795
51,Intralaminar nuclei of the dorsal thalamus,ILM,255,136,132,68300,856.0,DORpm,,6,,0.0,0.0,1401.0,106919843.0,160200.0,76316.80442541042,114.34689507494647
189,Rhomboid thalamic nucleus,Rh,255,128,132,68400,51.0,ILM,,7,113.0,8216441.0,13947.0,113.0,8216441.0,13947.0,72711.86725663717,123.42477876106194
599,Central medial thalamic nucleus,CM,255,134,132,68500,51.0,ILM,,7,474.0,32617011.0,55643.0,474.0,32617011.0,55643.0,68812.25949367089,117.3902953586498
907,Paracentral thalamic nucleus,PC,255,132,132,68600,51.0,ILM,,7,,0.0,0.0,274.0,16402401.0,28994.0,59862.777372262775,105.81751824817518
2064,Oval paracentral thalamic nucleus,OPC,255,132,132,68610,907.0,PC,,8,14.0,579378.0,1137.0,14.0,579378.0,1137.0,41384.142857142855,81.21428571428571
575,Centrolateral thalamic nucleus,CL,255,135,132,68700,51.0,ILM,,7,297.0,33145802.0,34068.0,297.0,33145802.0,34068.0,111602.02693602693,114.70707070707071
930,Parafascicular thalamic nucleus,PaF,255,130,132,68800,51.0,ILM,,7,243.0,16538188.0,27548.0,243.0,16538188.0,27548.0,68058.38683127573,113.36625514403292
262,Reticular nucleus (prethalamus),Rt,255,128,128,68900,856.0,DORpm,,6,617.0,43771735.0,71980.0,617.0,43771735.0,71980.0,70942.84440842787,116.6612641815235
1014,"Geniculate group, ventral thalamus",GENv,255,135,133,69000,856.0,DORpm,,6,,0.0,0.0,313.0,19979225.0,37327.0,63831.38977635783,119.2555910543131
27,Intergeniculate childlet,IGL,255,135,134,69100,1014.0,GENv,,7,18.0,1297148.0,2324.0,18.0,1297148.0,2324.0,72063.77777777778,129.11111111111111
178,Pregeniculate nucleus of the prethalamus,PrG,255,135,135,69200,1014.0,GENv,,7,,0.0,0.0,288.0,18085540.0,34052.0,62797.01388888889,118.23611111111111
2072,"Pregeniculate nucleus, magnocellular part",PrGMC,255,135,135,69210,178.0,PrG,,8,233.0,15288419.0,28119.0,233.0,15288419.0,28119.0,65615.5321888412,120.6824034334764
2073,"Pregeniculate nucleus, parvicellular part",PrGPC,255,135,135,69220,178.0,PrG,,8,17.0,776194.0,1832.0,17.0,776194.0,1832.0,45658.470588235294,107.76470588235294
321,Subgeniculate nucleus of the prethalamus,SubG,255,135,133,69500,1014.0,GENv,,7,7.0,596537.0,951.0,7.0,596537.0,951.0,85219.57142857143,135.85714285714286
958,Epithalamus,EPI,255,136,144,69600,856.0,DORpm,,6,,0.0,0.0,1213.0,101983061.0,150952.0,84075.07089859851,124.44517724649629
483,Medial habenular nucleus,MHb,255,134,144,69700,958.0,EPI,,7,780.0,65632224.0,100357.0,780.0,65632224.0,100357.0,84143.87692307692,128.6628205128205
186,Lateral habenular nucleus,LHb,255,135,144,69800,958.0,EPI,,7,,0.0,0.0,433.0,36350837.0,50595.0,83951.1247113164,116.84757505773672
2058,"Lateral habenular nucleus, medial part",LHbM,255,135,144,69810,186.0,LHb,,8,118.0,11004817.0,13542.0,118.0,11004817.0,13542.0,93261.16101694915,114.76271186440678
2059,"Lateral habenular nucleus, lateral part",LHbL,255,135,144,69820,186.0,LHb,,8,137.0,10333775.0,15251.0,137.0,10333775.0,15251.0,75429.01459854015,111.32116788321167
953,Pineal gland,Pi,255,132,144,69900,958.0,EPI,,7,,0.0,0.0,0.0,0.0,0.0,,
1097,Hypothalamus,HY,255,105,110,70000,1129.0,IB,,4,,0.0,0.0,12817.0,811059796.0,1396383.0,63280.002808769605,108.94772567683545
157,Periventricular zone,PVZ,255,76,80,70100,1097.0,HY,,5,,0.0,0.0,1227.0,76933264.0,137578.0,62700.29665851671,112.12550937245314
390,Supraoptic nucleus,SO,255,76,60,70200,157.0,PVZ,,6,,0.0,0.0,87.0,4602889.0,9026.0,52906.77011494253,103.74712643678161
2051,"Supraoptic nucleus, retrochiasmatic part",SOR,255,76,60,70210,390.0,SO,,7,71.0,3885182.0,7492.0,71.0,3885182.0,7492.0,54720.873239436616,105.52112676056338
2034,Episupraoptic nucleus,ESO,255,76,60,70220,390.0,SO,,7,7.0,397022.0,851.0,7.0,397022.0,851.0,56717.42857142857,121.57142857142857
332,Accessory supraoptic group,ASO,255,76,62,70300,157.0,PVZ,,6,,0.0,0.0,2.0,64818.0,191.0,32409.0,95.5
432,Circulur nucleus,Cir,255,76,62,70400,332.0,ASO,,7,2.0,64818.0,191.0,2.0,64818.0,191.0,32409.0,95.5
38,"Paraventricular hypothalamic nucleus, anterior part",PVH,255,76,77,70500,157.0,PVZ,,6,,0.0,0.0,333.0,20236499.0,35907.0,60770.26726726727,107.82882882882883
71,"Paraventricular hypothalamic nucleus, magnocellular division",PVHm,255,76,76,70600,38.0,PVH,,7,,0.0,0.0,220.0,11414905.0,22781.0,51885.931818181816,103.55
79,"Paraventricular hypothalamic nucleus, medial magnocellular part",PaMM,255,76,74,70800,71.0,PVHm,,8,13.0,594262.0,1298.0,13.0,594262.0,1298.0,45712.46153846154,99.84615384615384
652,"Paraventricular hypothalamic nucleus, lateral magnocellular part",PaLM,255,76,73,71000,71.0,PVHm,,8,137.0,7432832.0,14476.0,137.0,7432832.0,14476.0,54254.24817518248,105.66423357664233
660,"Paraventricular hypothalamic nucleus, posterior part",PaPo,255,76,73,71100,71.0,PVHm,,8,70.0,3387811.0,7007.0,70.0,3387811.0,7007.0,48397.3,100.1
94,"Paraventricular hypothalamic nucleus, parvicellular division",PVAp,255,76,72,71200,38.0,PVH,,7,,0.0,0.0,113.0,8821594.0,13126.0,78067.20353982301,116.15929203539822
55,"Paraventricular hypothalamic nucleus, anterior parivcellular part",PaAP,255,76,69,71300,94.0,PVAp,,8,,0.0,0.0,45.0,4866779.0,5708.0,108150.64444444445,126.84444444444445
2026,Anterior perifornical nucleus,APF,255,76,69,71310,55.0,PaAP,,9,5.0,149593.0,386.0,5.0,149593.0,386.0,29918.6,77.2
87,"Paraventricular hypothalamic nucleus, medial parvicellular part",PaMP,255,76,71,71400,94.0,PVAp,,8,68.0,3954815.0,7418.0,68.0,3954815.0,7418.0,58159.044117647056,109.08823529411765
30,"Paraventricular hypothalamic nucleus, ventral part",PaV,255,76,78,71600,157.0,PVZ,,6,66.0,3598248.0,6955.0,66.0,3598248.0,6955.0,54518.90909090909,105.37878787878788
223,Arcuate hypothalamic nucleus,Arc,255,76,79,71800,157.0,PVZ,,6,,0.0,0.0,739.0,48430810.0,85499.0,65535.602165087956,115.69553450608932
2061,"Arcuate hypothalamic nucleus, dorsal part",ArcD,255,76,79,71810,223.0,Arc,,7,129.0,9237765.0,15350.0,129.0,9237765.0,15350.0,71610.58139534884,118.9922480620155
2062,"Arcuate hypothalamic nucleus, lateral part",ArcL,255,76,79,71820,223.0,Arc,,7,177.0,11518189.0,20999.0,177.0,11518189.0,20999.0,65074.51412429378,118.63841807909604
2104,"Arcuate hypothalamic nucleus, lateroposterior part",ArcLP,255,76,79,71830,223.0,Arc,,7,33.0,1662339.0,3507.0,33.0,1662339.0,3507.0,50373.90909090909,106.27272727272727
2095,"Arcuate hypothalamic nucleus, medial part",ArcM,255,76,79,71840,223.0,Arc,,7,77.0,4797194.0,8513.0,77.0,4797194.0,8513.0,62301.22077922078,110.55844155844156
2103,"Arcuate hypothalamic nucleus, medial posterior part",ArcMP,255,76,79,71850,223.0,Arc,,7,137.0,9586178.0,16385.0,137.0,9586178.0,16385.0,69972.10218978103,119.5985401459854
141,Periventricular region,PVR,255,77,80,71900,1097.0,HY,,5,,0.0,0.0,3866.0,264774414.0,431203.0,68487.9498189343,111.53724780134506
272,Anteroventral periventricular nucleus,AVPe,255,77,84,72300,141.0,PVR,,6,120.0,8711082.0,13771.0,120.0,8711082.0,13771.0,72592.35,114.75833333333334
668,Dorsal hypothalamic area,DA,255,77,85,72350,141.0,PVR,,6,102.0,7683216.0,11690.0,102.0,7683216.0,11690.0,75325.64705882352,114.6078431372549
830,Dorsomedial hypothalamic nucleus,DM,255,77,85,72400,141.0,PVR,,6,,0.0,0.0,482.0,35466197.0,54229.0,73581.32157676348,112.50829875518673
2076,"Dorsomedial hypothalamic nucleus, dorsal part",DMD,255,77,85,72500,830.0,DM,,7,65.0,4511477.0,6856.0,65.0,4511477.0,6856.0,69407.33846153846,105.47692307692307
2077,"Dorsomedial hypothalamic nucleus, compact part",DMC,255,77,85,72600,830.0,DM,,7,31.0,3178302.0,3661.0,31.0,3178302.0,3661.0,102525.87096774194,118.09677419354838
2078,"Dorsomedial hypothalamic nucleus, ventral part",DMV,255,77,85,72700,830.0,DM,,7,149.0,9583779.0,15566.0,149.0,9583779.0,15566.0,64320.6644295302,104.46979865771812
452,Median preoptic nucleus,MnPO,255,77,86,72800,141.0,PVR,,6,19.0,1138099.0,1973.0,19.0,1138099.0,1973.0,59899.94736842105,103.84210526315789
2307,DA14 Dopamine Cells,DA14,255,77,86,72810,141.0,PVR,,6,,0.0,0.0,0.0,0.0,0.0,,
523,Medial preoptic area,MPA,255,77,87,72900,141.0,PVR,,6,,0.0,0.0,1213.0,79410775.0,132319.0,65466.42621599341,109.0840890354493
2016,Strial part of the preoptic area,StA,255,77,87,72910,523.0,MPA,,7,43.0,2130327.0,4467.0,43.0,2130327.0,4467.0,49542.48837209302,103.88372093023256
2023,Striohypothalamic nucleus,StHy,255,77,87,72920,523.0,MPA,,7,141.0,8282089.0,14527.0,141.0,8282089.0,14527.0,58738.21985815603,103.02836879432624
2306,Anterior commissural nucleus,AC,255,77,87,72930,523.0,MPA,,7,39.0,1983735.0,3944.0,39.0,1983735.0,3944.0,50865.0,101.12820512820512
763,Vascular organ of the lamina terminalis,VOLT,255,77,88,73000,141.0,PVR,,6,33.0,2664897.0,4149.0,33.0,2664897.0,4149.0,80754.45454545454,125.72727272727273
914,Posterodorsal preoptic nucleus,PDPO,255,77,89,73100,141.0,PVR,,6,5.0,269580.0,593.0,5.0,269580.0,593.0,53916.0,118.6
1109,Parastrial nucleus,PS,255,77,90,73200,141.0,PVR,,6,206.0,8049032.0,17987.0,206.0,8049032.0,17987.0,39072.970873786406,87.31553398058253
133,Periventricular hypothalamic nucleus,Pe,255,77,93,73500,141.0,PVR,,6,525.0,44490403.0,66318.0,525.0,44490403.0,66318.0,84743.62476190476,126.32
347,Subparaventricular zone of the hypothalamus,SPa ,255,77,80,73600,141.0,PVR,,6,19.0,1809826.0,2664.0,19.0,1809826.0,2664.0,95254.0,140.21052631578948
286,Suprachiasmatic nucleus,SCh,255,77,94,73700,141.0,PVR,,6,,0.0,0.0,132.0,9781881.0,14938.0,74105.15909090909,113.16666666666667
2030,"Suprachiasmatic nucleus, dorsolateral part",SChDL,255,77,94,73710,286.0,SCh,,7,4.0,218876.0,379.0,4.0,218876.0,379.0,54719.0,94.75
2031,"Suprachiasmatic nucleus, ventromedial part",SChVM,255,77,94,73720,286.0,SCh,,7,45.0,4342211.0,5610.0,45.0,4342211.0,5610.0,96493.57777777778,124.66666666666667
338,Subfornical organ,SFO,255,77,80,73800,141.0,PVR,,6,47.0,2585777.0,4489.0,47.0,2585777.0,4489.0,55016.53191489362,95.51063829787235
2011,Ventromedidal preoptic nucleus,VMPO,255,77,80,73810,141.0,PVR,,6,388.0,26501542.0,42591.0,388.0,26501542.0,42591.0,68302.94329896907,109.77061855670104
689,Ventrolateral preoptic nucleus,VLPO,255,77,80,73900,141.0,PVR,,6,575.0,36212107.0,63492.0,575.0,36212107.0,63492.0,62977.577391304345,110.42086956521739
467,Hypothalamic medial zone,MEZ ,255,78,80,74000,1097.0,HY,,5,,0.0,0.0,1786.0,114412773.0,195161.0,64060.90313549832,109.27267637178052
88,Anterior hypothalamic nucleus,AHN,255,78,81,74100,467.0,MEZ ,,6,,0.0,0.0,369.0,20827602.0,37793.0,56443.365853658535,102.42005420054201
700,"Anterior hypothalamic area, anterior part",AHA,255,78,81,74200,88.0,AHN,,7,44.0,2359987.0,3812.0,44.0,2359987.0,3812.0,53636.068181818184,86.63636363636364
708,"Anterior hypothalamic area, central part",AHC,255,78,81,74300,88.0,AHN,,7,250.0,13193430.0,25281.0,250.0,13193430.0,25281.0,52773.72,101.124
724,"Anterior hypothalamic area, posterior part",AHP,255,78,81,74500,88.0,AHN,,7,,0.0,0.0,60.0,4235646.0,6658.0,70594.1,110.96666666666667
2029,Lateroanterior hypothalamic nucleus,LA,255,78,81,74510,88.0,AHN,,7,15.0,1038539.0,2042.0,15.0,1038539.0,2042.0,69235.93333333333,136.13333333333333
2047,Stigmoid hypothalamic nucleus,Stg,255,78,81,74520,724.0,AHP,,8,,0.0,0.0,0.0,0.0,0.0,,
331,Mammillary body,MBO,255,78,82,74600,467.0,MEZ ,,6,,0.0,0.0,438.0,30198285.0,48804.0,68945.85616438356,111.42465753424658
210,Lateral mamilllary nucleus,LM,255,78,83,74700,331.0,MBO,,7,37.0,2275204.0,4352.0,37.0,2275204.0,4352.0,61492.0,117.62162162162163
491,"Medial mammillary nucleus, medial part",MM,255,78,84,74800,331.0,MBO,,7,,0.0,0.0,286.0,19203230.0,30843.0,67144.16083916085,107.84265734265735
2118,Mammillary recess of the 3rd ventricle,MRe,255,78,84,74810,491.0,MM,,8,,0.0,0.0,0.0,0.0,0.0,,
2119,"Medial mammillary nucleus, lateral part",ML,255,78,84,74820,491.0,MM,,8,47.0,3483101.0,5753.0,47.0,3483101.0,5753.0,74108.53191489361,122.40425531914893
732,"Medial mammillary nucleus, median part",MnM,255,78,84,74900,491.0,MM,,8,,0.0,0.0,0.0,0.0,0.0,,
525,Retromamillary nucleus,RM,255,78,85,75000,331.0,MBO,,7,,0.0,0.0,85.0,6121857.0,9788.0,72021.84705882354,115.15294117647059
1110,"Retromamillary nucleus, lateral part",RML,255,78,85,75100,525.0,RM,,8,1.0,24148.0,83.0,1.0,24148.0,83.0,24148.0,83.0
1118,"Retromamillary nucleus, medial part",RMM,255,78,85,75200,525.0,RM,,8,34.0,2539562.0,4056.0,34.0,2539562.0,4056.0,74693.0,119.29411764705883
557,Tuberomammillary nucleus,TM,255,78,86,75300,331.0,MBO,,7,,0.0,0.0,30.0,2597994.0,3821.0,86599.8,127.36666666666666
1126,Dorsal tuberomammillary nucleus,DTM,255,78,86,75400,557.0,TM,,8,22.0,2028137.0,2939.0,22.0,2028137.0,2939.0,92188.04545454546,133.5909090909091
1,Ventral tuberomammillary nucleus,VTM,255,78,86,75500,557.0,TM,,8,8.0,569857.0,882.0,8.0,569857.0,882.0,71232.125,110.25
515,Medial preoptic nucleus,MPO,255,78,87,75600,467.0,MEZ ,,6,,0.0,0.0,257.0,17751636.0,28753.0,69072.51361867704,111.87937743190662
748,"Medial preoptic nucleus, lateral part",MPOL,255,78,87,75800,515.0,MPO,,7,111.0,6904257.0,11959.0,111.0,6904257.0,11959.0,62200.51351351351,107.73873873873873
756,"Medial preoptic nucleus, medial part",MPOM,255,78,87,75900,515.0,MPO,,7,146.0,10847379.0,16794.0,146.0,10847379.0,16794.0,74297.11643835617,115.02739726027397
980,"Premamillary nucleus, dorsal part",PMD,255,78,88,76000,467.0,MEZ ,,6,1.0,91828.0,212.0,1.0,91828.0,212.0,91828.0,212.0
1004,"Premamillary nucleus, ventral part",PMV,255,78,89,76100,467.0,MEZ ,,6,41.0,1967558.0,4348.0,41.0,1967558.0,4348.0,47989.21951219512,106.04878048780488
63,"Paraventricular hypothalamic nucleus, descending division",PVHd,255,78,90,76200,467.0,MEZ ,,6,,0.0,0.0,23.0,1260388.0,2381.0,54799.47826086957,103.52173913043478
439,"Paraventricular hypothalamic nucleus, dorsal cap",PaDC,255,78,90,76300,63.0,PVHd,,7,23.0,1260388.0,2381.0,23.0,1260388.0,2381.0,54799.47826086957,103.52173913043478
693,Ventromedial hypothalamic nucleus,VMH,255,78,91,76700,467.0,MEZ ,,6,,0.0,0.0,173.0,9633528.0,18258.0,55685.132947976876,105.53757225433526
2044,"Ventromedial hypothalamic nucleus, shell region",VMHSh,255,78,91,76710,693.0,VMH,,7,86.0,5515412.0,9410.0,86.0,5515412.0,9410.0,64132.6976744186,109.4186046511628
769,"Ventromedial hypothalamic nucleus, central part",VMHC,255,78,91,76900,693.0,VMH,,7,24.0,1127747.0,2498.0,24.0,1127747.0,2498.0,46989.458333333336,104.08333333333333
777,"Ventromedial hypothalamic nucleus, dorsomedial part",VMHDM,255,78,91,77000,693.0,VMH,,7,11.0,575251.0,1098.0,11.0,575251.0,1098.0,52295.545454545456,99.81818181818181
785,"Ventromedial hypothalamic nucleus, ventrolateral part",VMHVL,255,78,91,77100,693.0,VMH,,7,37.0,1620583.0,3636.0,37.0,1620583.0,3636.0,43799.54054054054,98.27027027027027
2474,Posterior hypothalamic area,PHA,255,78,91,77110,467.0,MEZ ,,6,,0.0,0.0,484.0,32681948.0,54612.0,67524.68595041323,112.83471074380165
946,Posterior hypothalamic nucleus,PH,255,79,83,77150,2474.0,PHA,,7,,0.0,0.0,484.0,32681948.0,54612.0,67524.68595041323,112.83471074380165
2364,"Posterior hypothalamic nucleus, dorsal part",PHnd,255,79,83,77160,946.0,PH,,8,191.0,12467119.0,21182.0,191.0,12467119.0,21182.0,65272.87434554974,110.90052356020942
2365,"Posterior hypothalamic nucleus, ventral part",PHnv,255,79,83,77170,946.0,PH,,8,191.0,13665444.0,22329.0,191.0,13665444.0,22329.0,71546.8272251309,116.90575916230367
2075,"Posterior hypothalamic area, dorsal part",PHD,255,79,83,77180,946.0,PH,,8,68.0,4183606.0,7302.0,68.0,4183606.0,7302.0,61523.617647058825,107.38235294117646
2102,Submammillothalamic nucleus,SMT,255,79,83,77190,946.0,PH,,8,4.0,532062.0,495.0,4.0,532062.0,495.0,133015.5,123.75
290,Hypothalamic lateral zone,LZ,255,79,80,77200,1097.0,HY,,5,,0.0,0.0,5826.0,348048747.0,620048.0,59740.601956745624,106.42773772742876
2309,Juxtaparaventricular part of lateral hypothalamus,JPLH,255,79,81,77300,194.0,LH,,7,162.0,10270268.0,17849.0,162.0,10270268.0,17849.0,63396.71604938272,110.17901234567901
194,Lateral hypothalamic area,LH,255,79,81,77300,290.0,LZ,,6,,0.0,0.0,3268.0,203155268.0,352961.0,62165.014687882496,108.00520195838433
2065,Magnocellular nucleus of the lateral hypothalamus,MCLH,255,79,81,77310,194.0,LH,,7,35.0,2587648.0,4058.0,35.0,2587648.0,4058.0,73932.8,115.94285714285714
2033,Ventrolateral hypothalamic nucleus ,VLH,255,79,81,77320,194.0,LH,,7,6.0,297687.0,574.0,6.0,297687.0,574.0,49614.5,95.66666666666667
2105,Gemini hypothalamic nucleus,Gem,255,79,81,77330,194.0,LH,,7,7.0,198236.0,551.0,7.0,198236.0,551.0,28319.428571428572,78.71428571428571
2081,Peduncular lateral hypothalamus,PLH,255,79,81,77340,194.0,LH,,7,156.0,12039505.0,18095.0,156.0,12039505.0,18095.0,77176.31410256411,115.99358974358974
2048,Tuberal region of lateral hypothalamus,TuLH,255,79,81,77350,194.0,LH,,7,,0.0,0.0,0.0,0.0,0.0,,
2473,Perifornical part of lateral hypothalamus,PeFLH,255,79,81,77360,194.0,LH,,7,,0.0,0.0,0.0,0.0,0.0,,
226,Lateral preoptic area,LPO,255,79,82,77400,290.0,LZ,,6,663.0,39568630.0,70317.0,663.0,39568630.0,70317.0,59681.19155354449,106.05882352941177
2379,Paraterete nucleus,PTe,255,79,80,77610,290.0,LZ,,6,11.0,700192.0,1257.0,11.0,700192.0,1257.0,63653.818181818184,114.27272727272727
364,Parasubthalamic nucleus,PSTh,255,79,80,77700,290.0,LZ,,6,76.0,4265654.0,7414.0,76.0,4265654.0,7414.0,56127.02631578947,97.55263157894737
173,Retrochiasmatic area,RCh,255,79,84,77800,290.0,LZ,,6,,0.0,0.0,811.0,41484292.0,84711.0,51152.02466091245,104.45252774352652
2283,"Retrochiasmatic area, medial part",RChM,255,79,84,77850,173.0,RCh,,7,144.0,7627546.0,14977.0,144.0,7627546.0,14977.0,52969.069444444445,104.00694444444444
2042,"Retrochiasmatic area, lateral part",RchL,255,79,84,77810,173.0,RCh,,7,495.0,24934335.0,51328.0,495.0,24934335.0,51328.0,50372.393939393936,103.69292929292929
470,Subthalamic nucleus,STh,255,79,85,77900,290.0,LZ,,6,55.0,5710787.0,7631.0,55.0,5710787.0,7631.0,103832.4909090909,138.74545454545455
2063,Subincertal nucleus,SubI,255,79,85,77910,290.0,LZ,,6,72.0,4525931.0,7500.0,72.0,4525931.0,7500.0,62860.15277777778,104.16666666666667
614,Medial tuberal nucleus,MTu,255,79,86,78000,290.0,LZ,,6,,0.0,0.0,68.0,4118880.0,7753.0,60571.76470588235,114.01470588235294
2080,Terete hypothalamic nucleus,Te,255,79,86,78010,614.0,MTu,,7,4.0,395393.0,637.0,4.0,395393.0,637.0,98848.25,159.25
2079,Perifornical nucleus,PeF,255,79,86,78020,290.0,LZ,,6,25.0,1178663.0,2587.0,25.0,1178663.0,2587.0,47146.52,103.48
2111,Ventral linear nucleus of the thalamus,VLi,255,79,87,78030,290.0,LZ,,6,3.0,161617.0,291.0,3.0,161617.0,291.0,53872.333333333336,97.0
797,Zona incerta,ZI,255,79,87,78100,290.0,LZ,,6,,0.0,0.0,774.0,43178833.0,77626.0,55786.605943152455,100.29198966408269
2125,"Zona incerta, caudal part",ZIC,255,79,87,78110,797.0,ZI,,7,3.0,222969.0,276.0,3.0,222969.0,276.0,74323.0,92.0
2043,"Zona incerta, rostral part",ZIR,255,79,87,78120,797.0,ZI,,7,72.0,3421736.0,7066.0,72.0,3421736.0,7066.0,47524.11111111111,98.13888888888889
2053,"Zona incerta, dosal part",ZID,255,79,87,78130,797.0,ZI,,7,199.0,11657348.0,20713.0,199.0,11657348.0,20713.0,58579.63819095477,104.08542713567839
2054,"Zona incerta, ventral part",ZIV,255,79,87,78140,797.0,ZI,,7,258.0,15030230.0,26829.0,258.0,15030230.0,26829.0,58256.70542635659,103.98837209302326
796,DA13 dopamine cells,DA13,255,79,87,78200,797.0,ZI,,7,8.0,612072.0,837.0,8.0,612072.0,837.0,76509.0,104.625
2110,Nucleus of the fields of Forel,F,255,79,87,78300,797.0,ZI,,7,32.0,2351612.0,2972.0,32.0,2351612.0,2972.0,73487.875,92.875
10671,Median eminence,ME,255,80,80,78400,1097.0,HY,,5,112.0,6890598.0,12393.0,112.0,6890598.0,12393.0,61523.19642857143,110.65178571428571
313,Midbrain,MB,255,200,255,78500,343.0,BS,,3,,0.0,0.0,13768.0,962432750.0,1563901.0,69903.59892504358,113.5895554909936
2107,Prerubral field,PR,255,200,255,78510,313.0,MB,,4,136.0,8244892.0,14106.0,136.0,8244892.0,14106.0,60624.205882352944,103.72058823529412
339,"Midbrain, sensory related",MBsen,255,176,254,78600,313.0,MB,,4,,0.0,0.0,5749.0,425026894.0,669743.0,73930.57818751087,116.49730387893547
2476,Superior colliculus,SC,255,176,254,78610,339.0,MBsen,,5,,0.0,0.0,3013.0,203814247.0,340482.0,67644.95419847328,113.00431463657485
302,"Superior colliculus, sensory related",SCs,255,152,250,78700,2476.0,SC,,6,,0.0,0.0,1987.0,120850546.0,215941.0,60820.60694514343,108.67689984901862
851,Optic layer of the superior colliculus,Op,255,152,250,78800,302.0,SCs,,7,412.0,30671783.0,47726.0,412.0,30671783.0,47726.0,74446.07524271845,115.83980582524272
842,Superficial gray layer of the superior colliculus,SuG,255,152,250,78900,302.0,SCs,,7,861.0,51800096.0,94109.0,861.0,51800096.0,94109.0,60162.7131242741,109.30197444831592
834,Zonal layer of superior colliculus,Zo,255,152,250,79000,302.0,SCs,,7,714.0,38378667.0,74106.0,714.0,38378667.0,74106.0,53751.63445378151,103.78991596638656
4,Inferior colliculus,IC,255,152,255,79100,339.0,MBsen,,5,,0.0,0.0,2429.0,195793918.0,290569.0,80606.80032935365,119.6249485384932
811,Central nucleus of the inferior colliculus,CIC,255,152,255,79200,4.0,IC,,6,237.0,18775529.0,27999.0,237.0,18775529.0,27999.0,79221.64135021096,118.13924050632912
820,Dorsal cortex of the inferior colliculus,DCIC,255,152,255,79300,4.0,IC,,6,1327.0,104637450.0,156099.0,1327.0,104637450.0,156099.0,78852.63752825923,117.63300678221552
828,External cortex of the inferior colliculus,ECIC,255,152,255,79400,4.0,IC,,6,,0.0,0.0,857.0,71567159.0,105303.0,83508.93698949825,122.87397899649942
2188,"External cortex of the inferior colliculus, layer 1",ECIC1,255,152,255,79410,828.0,ECIC,,7,386.0,32176119.0,47541.0,386.0,32176119.0,47541.0,83357.82124352331,123.16321243523316
2189,"External cortex of the inferior colliculus, layer 2",ECIC2,255,152,255,79420,828.0,ECIC,,7,94.0,8013581.0,11503.0,94.0,8013581.0,11503.0,85250.86170212766,122.37234042553192
2190,"External cortex of the inferior colliculus, layer 3",ECIC3,255,152,255,79430,828.0,ECIC,,7,102.0,8397099.0,12087.0,102.0,8397099.0,12087.0,82324.5,118.5
2457,Commissural nucleus of the inferior colliculus,Com,255,152,255,79440,4.0,IC,,6,8.0,813780.0,1168.0,8.0,813780.0,1168.0,101722.5,146.0
2475,Recess of the inferior colliculus,ReIC,255,152,255,79450,4.0,IC,,6,,0.0,0.0,0.0,0.0,0.0,,
580,Nucleus of the brachium of the inferior colliculus,BIC,255,152,253,79500,339.0,MBsen,,5,97.0,8414207.0,12970.0,97.0,8414207.0,12970.0,86744.40206185567,133.71134020618555
271,Sagulum nucleus,Sag,255,152,251,79600,339.0,MBsen,,5,19.0,1516328.0,2517.0,19.0,1516328.0,2517.0,79806.73684210527,132.47368421052633
874,Parabigeminal nucleus,PBG,255,152,252,79700,339.0,MBsen,,5,102.0,8421384.0,12376.0,102.0,8421384.0,12376.0,82562.58823529411,121.33333333333333
2163,Microcellular tegmental nucleus,MiTg,255,152,252,79710,339.0,MBsen,,5,66.0,5102382.0,7724.0,66.0,5102382.0,7724.0,77308.81818181818,117.03030303030303
460,Mesencephalic trigeminal nucleus,Me5,255,152,254,79800,339.0,MBsen,,5,,0.0,0.0,0.0,0.0,0.0,,
2108,Subcommissural organ ,SCO,255,152,254,79810,339.0,MBsen,,5,23.0,1964428.0,3105.0,23.0,1964428.0,3105.0,85409.91304347826,135.0
323,"Midbrain, motor related",MBmot,255,132,255,79900,313.0,MB,,4,,0.0,0.0,6139.0,410282389.0,681436.0,66832.12070369767,111.00114025085519
2147,Mesencephalic reticular formation,mRt,255,132,255,79910,323.0,MBmot,,5,799.0,48888222.0,86551.0,799.0,48888222.0,86551.0,61186.76095118899,108.3241551939925
2131,prosomere 1 reticular formation,p1Rt,255,132,255,79920,323.0,MBmot,,5,594.0,38284986.0,65912.0,594.0,38284986.0,65912.0,64452.83838383838,110.96296296296296
2181,Isthmic reticular formation,isRt,255,132,255,79930,323.0,MBmot,,5,388.0,23478922.0,39624.0,388.0,23478922.0,39624.0,60512.68556701031,102.12371134020619
2154,Pararubral nucleus,PaR,255,132,255,79940,323.0,MBmot,,5,45.0,2616645.0,4444.0,45.0,2616645.0,4444.0,58147.666666666664,98.75555555555556
381,"Substantia nigra, reticular part",SNR,255,178,247,80000,323.0,MBmot,,5,120.0,6914649.0,11997.0,120.0,6914649.0,11997.0,57622.075,99.975
749,Ventral tegmental area,VTA,255,178,246,80100,323.0,MBmot,,5,,0.0,0.0,1129.0,68734010.0,119798.0,60880.43401240036,106.10983170947742
2138,Paranigral nucleus of the VTA,PN,255,178,246,80110,749.0,VTA,,6,110.0,6982465.0,13074.0,110.0,6982465.0,13074.0,63476.954545454544,118.85454545454546
2144,Parainterfascicular nucleus of the VTA,PIF,255,178,246,80120,749.0,VTA,,6,232.0,12259905.0,23439.0,232.0,12259905.0,23439.0,52844.418103448275,101.03017241379311
2124,Parabranchial pigmented nucleus of the VTA,PBP,255,178,246,80130,749.0,VTA,,6,566.0,34697607.0,59503.0,566.0,34697607.0,59503.0,61303.1925795053,105.12897526501767
2427,"Ventral tegmental area, rostral part",VTAR,255,178,246,80140,749.0,VTA,,6,100.0,6528065.0,10162.0,100.0,6528065.0,10162.0,65280.65,101.62
2112,Rostral interstitial nucleus of the medial longitudinal fasciculus,RI,255,178,246,80150,313.0,MB,,4,12.0,526545.0,1095.0,12.0,526545.0,1095.0,43878.75,91.25
2101,DA11 dopamine cells,DA11,255,178,246,80160,313.0,MB,,4,11.0,545797.0,1252.0,11.0,545797.0,1252.0,49617.90909090909,113.81818181818181
246,Retroisthmic nucleus,RIs,255,178,249,80200,323.0,MBmot,,5,,0.0,0.0,216.0,12665881.0,22422.0,58638.33796296296,103.80555555555556
2153,Retrorubral field,RRF,255,178,249,80210,246.0,RIs,,6,209.0,12054978.0,21515.0,209.0,12054978.0,21515.0,57679.32057416268,102.94258373205741
294,"Superior colliculus, motor related",SCm,255,178,248,80700,2476.0,SC,,6,,0.0,0.0,1026.0,82963701.0,124541.0,80861.30701754386,121.3849902534113
26,Deep gray layer of the superior colliculus,DpG,255,178,248,80800,294.0,SCm,,7,214.0,16735985.0,25333.0,214.0,16735985.0,25333.0,78205.53738317757,118.3785046728972
42,Deep white layer of the superior colliculus,DpWh,255,178,248,80900,294.0,SCm,,7,71.0,5000112.0,7655.0,71.0,5000112.0,7655.0,70424.11267605633,107.8169014084507
17,Intermediate white layer of the superior colliculus,InWh,255,178,248,81000,294.0,SCm,,7,179.0,18314213.0,23141.0,179.0,18314213.0,23141.0,102314.03910614525,129.27932960893855
10,Intermediate gray layer of the superior colliculus,InG,255,178,248,81100,294.0,SCm,,7,562.0,42913391.0,68412.0,562.0,42913391.0,68412.0,76358.34697508896,121.72953736654804
795,Periaqueductal gray,PAG,255,144,255,81500,323.0,MBmot,,5,,0.0,0.0,1305.0,87768596.0,145609.0,67255.62911877394,111.57777777777778
2141,Dorsomedial periaqueductal gray,DMPAG,255,144,255,81510,795.0,PAG,,6,54.0,4197262.0,6298.0,54.0,4197262.0,6298.0,77727.07407407407,116.62962962962963
2142,Lateral periaqueductal gray,LPAG,255,144,255,81520,795.0,PAG,,6,423.0,24603604.0,43809.0,423.0,24603604.0,43809.0,58164.54846335697,103.56737588652483
2143,Pleoglial periaqueductal gray,PlPAG,255,144,255,81530,795.0,PAG,,6,1.0,49306.0,54.0,1.0,49306.0,54.0,49306.0,54.0
2148,Dorsolateral periaqueductal gray,DLPAG,255,144,255,81540,795.0,PAG,,6,43.0,3159103.0,5144.0,43.0,3159103.0,5144.0,73467.51162790698,119.62790697674419
2162,Ventrolateral periaqueductal gray,VLPAG,255,144,255,81550,795.0,PAG,,6,531.0,35724872.0,59879.0,531.0,35724872.0,59879.0,67278.47834274953,112.76647834274952
2114,prosomere 1 periaqueductal gray,p1PAG,255,144,255,81560,795.0,PAG,,6,175.0,14102569.0,21507.0,175.0,14102569.0,21507.0,80586.10857142857,122.89714285714285
2123,Lithoid nucleus,Lth,255,144,255,81570,323.0,MBmot,,5,6.0,347566.0,716.0,6.0,347566.0,716.0,57927.666666666664,119.33333333333333
50,Precommissural nucleus,PrC,255,144,255,81600,323.0,MBmot,,5,122.0,9363269.0,14659.0,122.0,9363269.0,14659.0,76748.10655737705,120.15573770491804
67,Interstitial nucleus of Cajal,InC,255,145,255,81700,323.0,MBmot,,5,,0.0,0.0,44.0,2516774.0,4636.0,57199.40909090909,105.36363636363636
2129,"Interstitial nucleus of Cajal, shell region",InCSh,255,145,255,81710,67.0,InC,,6,22.0,1161654.0,2219.0,22.0,1161654.0,2219.0,52802.454545454544,100.86363636363636
587,Nucleus of Darkschewitsch,Dk,255,146,255,81800,323.0,MBmot,,5,6.0,234973.0,509.0,6.0,234973.0,509.0,39162.166666666664,84.83333333333333
2152,Supraoculomotor cap,Su3C,255,146,255,81810,323.0,MBmot,,5,32.0,1978638.0,3544.0,32.0,1978638.0,3544.0,61832.4375,110.75
2156,Supraoculomotor periaqueductal gray,Su3,255,146,255,81820,323.0,MBmot,,5,33.0,2659426.0,4380.0,33.0,2659426.0,4380.0,80588.66666666667,132.72727272727272
1100,Pretectal region,PRT,255,176,250,81900,323.0,MBmot,,5,,0.0,0.0,668.0,60715355.0,84198.0,90891.25,126.04491017964072
215,Anterior pretectal nucleus,APT,255,176,249,82000,1100.0,PRT,,6,,0.0,0.0,214.0,19864040.0,27215.0,92822.6168224299,127.17289719626169
2099,"Anterior pretectal nucleus, dorsal part",APTD,255,176,249,82010,215.0,APT,,7,164.0,16117002.0,20866.0,164.0,16117002.0,20866.0,98274.40243902439,127.23170731707317
2100,"Anterior pretectal nucleus, ventral part",APTV,255,176,249,82020,215.0,APT,,7,5.0,345502.0,654.0,5.0,345502.0,654.0,69100.4,130.8
531,Medial pretectal area,MPT,255,176,248,82100,1100.0,PRT,,6,204.0,17092325.0,26384.0,204.0,17092325.0,26384.0,83785.9068627451,129.33333333333334
2415,Retrocommissural nucleus,ReC,255,176,248,82110,1100.0,PRT,,6,103.0,13116371.0,13483.0,103.0,13116371.0,13483.0,127343.40776699029,130.90291262135923
628,Nucleus of the optic tract,OT,255,176,247,82200,1100.0,PRT,,6,41.0,2820283.0,4255.0,41.0,2820283.0,4255.0,68787.39024390244,103.78048780487805
634,Nucleus of the posterior commissure,PCom,255,176,246,82300,1100.0,PRT,,6,,0.0,0.0,22.0,1129793.0,2056.0,51354.22727272727,93.45454545454545
2121,Magnocellular nucleus of the posterior commissure,MCPC,255,176,246,82310,634.0,PCom,,7,1.0,47942.0,91.0,1.0,47942.0,91.0,47942.0,91.0
706,Olivary pretectal nucleus,OPT,255,176,245,82400,1100.0,PRT,,6,50.0,4026785.0,6653.0,50.0,4026785.0,6653.0,80535.7,133.06
1061,Posterior pretectal nucleus,PPT,255,176,244,82500,1100.0,PRT,,6,32.0,2564100.0,3939.0,32.0,2564100.0,3939.0,80128.125,123.09375
2122,Retroparafascicular nucleus,RPF,255,176,244,82510,1100.0,PRT,,6,2.0,101658.0,213.0,2.0,101658.0,213.0,50829.0,106.5
616,Cuneiform nucleus,CnF,255,178,254,82600,323.0,MBmot,,5,,0.0,0.0,113.0,7938446.0,12598.0,70251.73451327434,111.48672566371681
2192,Precuneiform area,PrCnF,255,178,254,82610,616.0,CnF,,6,76.0,5714784.0,8516.0,76.0,5714784.0,8516.0,75194.52631578948,112.05263157894737
214,Red nucleus,R,255,134,249,82700,323.0,MBmot,,5,,0.0,0.0,121.0,7487779.0,13033.0,61882.47107438016,107.7107438016529
2137,"Red nucleus, parvicellular part",RPC,255,134,249,82710,214.0,R,,6,67.0,4771873.0,7838.0,67.0,4771873.0,7838.0,71221.98507462686,116.98507462686567
2139,"Red nucleus, magnocellular part",RMC,255,134,249,82720,214.0,R,,6,47.0,2236889.0,4257.0,47.0,2236889.0,4257.0,47593.382978723406,90.57446808510639
2136,Medial accessory oculomotor nucleus,MA3,255,168,255,82730,323.0,MBmot,,5,19.0,1706270.0,2498.0,19.0,1706270.0,2498.0,89803.68421052632,131.47368421052633
35,Oculomotor nerve,3N,255,168,255,82800,323.0,MBmot,,5,,0.0,0.0,91.0,6260448.0,10870.0,68796.13186813187,119.45054945054945
2157,"Oculomotor nucleus, parvicellular part",3PC,255,168,255,82810,35.0,3N,,6,38.0,3111927.0,5228.0,38.0,3111927.0,5228.0,81892.81578947368,137.57894736842104
975,Edinger-Westphal nucleus,EW,255,178,253,82900,323.0,MBmot,,5,,0.0,0.0,37.0,2242214.0,3889.0,60600.37837837838,105.10810810810811
2130,Pre-Edinger-Westphal nucleus,PrEW,255,178,253,82910,975.0,EW,,6,7.0,476060.0,811.0,7.0,476060.0,811.0,68008.57142857143,115.85714285714286
115,Trochlear nucleus,4N,255,178,255,83000,323.0,MBmot,,5,,0.0,0.0,62.0,4844068.0,7466.0,78130.12903225806,120.41935483870968
2180,Trochlear nucleus shell region,4Sh,255,178,255,83010,115.0,4N,,6,21.0,1795687.0,2659.0,21.0,1795687.0,2659.0,85508.90476190476,126.61904761904762
2179,Paratrochlear nucleus,Pa4,255,178,255,83020,115.0,4N,,6,32.0,1979717.0,3397.0,32.0,1979717.0,3397.0,61866.15625,106.15625
757,Ventral tegmental nucleus,VTg,255,177,250,83100,323.0,MBmot,,5,1.0,29243.0,71.0,1.0,29243.0,71.0,29243.0,71.0
231,Anterior tegmental nucleus,ATg,255,177,252,83200,323.0,MBmot,,5,17.0,973342.0,1838.0,17.0,973342.0,1838.0,57255.41176470588,108.11764705882354
2168,Rhabdoid nucleus,Rbd,255,177,252,83210,323.0,MBmot,,5,7.0,538719.0,973.0,7.0,538719.0,973.0,76959.85714285714,139.0
66,Lateral terminal nucleus of the accessory optic tract,LT,255,177,253,83300,323.0,MBmot,,5,13.0,854894.0,1537.0,13.0,854894.0,1537.0,65761.07692307692,118.23076923076923
75,Dorsal terminal nucleus,DT,255,177,253,83400,323.0,MBmot,,5,15.0,971786.0,1872.0,15.0,971786.0,1872.0,64785.73333333333,124.8
58,Medial terminal nucleus,MT,255,177,253,83500,323.0,MBmot,,5,6.0,134253.0,381.0,6.0,134253.0,381.0,22375.5,63.5
615,"Substantia nigra, lateral part",SNL,255,178,247,83600,323.0,MBmot,,5,38.0,3216714.0,5247.0,38.0,3216714.0,5247.0,84650.36842105263,138.07894736842104
348,"Midbrain, behavioral state related",MBsta,255,176,253,83700,313.0,MB,,4,,0.0,0.0,1562.0,104184753.0,176068.0,66699.58578745199,112.71959026888604
374,"Substantia nigra, compact part",SNC,255,158,248,83800,348.0,MBsta,,5,,0.0,0.0,70.0,4076612.0,7316.0,58237.31428571429,104.51428571428572
2134,"Substantia nigra, compact part, dorsal tier",SNCD,255,158,248,83810,374.0,SNC,,6,53.0,2929688.0,5465.0,53.0,2929688.0,5465.0,55277.1320754717,103.11320754716981
2135,"Substantia nigra, compact part, medial tier",SNCM,255,158,248,83820,374.0,SNC,,6,12.0,980946.0,1421.0,12.0,980946.0,1421.0,81745.5,118.41666666666667
1052,Pedunculotegmental nucleus,PTg,255,158,255,83900,348.0,MBsta,,5,,0.0,0.0,318.0,19924471.0,35242.0,62655.56918238994,110.82389937106919
2183,Subpeduncular tegmental nucleus,SPTg,255,158,255,83910,1052.0,PTg,,6,83.0,4593788.0,8974.0,83.0,4593788.0,8974.0,55346.843373493975,108.12048192771084
165,Midbrain raphÈ nuclei,RAmb,255,158,254,84000,348.0,MBsta,,5,,0.0,0.0,1174.0,80183670.0,133510.0,68299.54855195912,113.72231686541738
12,Interfascicular nucleus,IF,255,158,251,84100,165.0,RAmb,,6,172.0,11366455.0,20130.0,172.0,11366455.0,20130.0,66084.04069767441,117.03488372093024
100,Interpeduncular nucleus,IP,255,158,247,84200,165.0,RAmb,,6,,0.0,0.0,377.0,26306744.0,43002.0,69779.16180371353,114.06366047745358
2140,"Interpeduncular nucleus, rostral subnucleus",IPR,255,158,247,84210,100.0,IP,,7,85.0,4896001.0,9053.0,85.0,4896001.0,9053.0,57600.01176470588,106.50588235294117
2145,"Interpeduncular nucleus, lateral subnucleus",IPL,255,158,247,84220,100.0,IP,,7,105.0,6546734.0,11372.0,105.0,6546734.0,11372.0,62349.84761904762,108.3047619047619
2146,"Interpeduncular nucleus, caudal subnucleus",IPC,255,158,247,84230,100.0,IP,,7,75.0,5243434.0,8255.0,75.0,5243434.0,8255.0,69912.45333333334,110.06666666666666
2149,"Interpeduncular nucleus, dorsomedial subnucleus",IPDM,255,158,247,84240,100.0,IP,,7,5.0,390385.0,555.0,5.0,390385.0,555.0,78077.0,111.0
2151,"Interpeduncular nucleus, dorsolateral subnucleus",IPDL,255,158,247,84250,100.0,IP,,7,3.0,101107.0,226.0,3.0,101107.0,226.0,33702.333333333336,75.33333333333333
2150,"Interpeduncular nucleus, intermediate subnucleus",IPI,255,158,247,84260,100.0,IP,,7,94.0,8386691.0,12426.0,94.0,8386691.0,12426.0,89220.1170212766,132.19148936170214
2160,"Interpeduncular nucleus, apical subnucleus",IPA,255,158,247,84270,100.0,IP,,7,10.0,742392.0,1115.0,10.0,742392.0,1115.0,74239.2,111.5
197,Rostral linear nucleus (midbrain),RLi ,255,158,249,84300,165.0,RAmb,,6,117.0,7188958.0,12992.0,117.0,7188958.0,12992.0,61444.08547008547,111.04273504273505
591,Caudal linear nucleus of the raphÈ,CLi,255,158,253,84400,165.0,RAmb,,6,72.0,5709743.0,9088.0,72.0,5709743.0,9088.0,79301.98611111111,126.22222222222223
872,Dorsal raphÈ nucleus,DR,255,158,252,84500,165.0,RAmb,,6,,0.0,0.0,436.0,29611770.0,48298.0,67916.90366972476,110.77522935779817
2173,"Dorsal raphÈ nucleus, caudal part",DRC,255,158,252,84510,872.0,DR,,7,6.0,589269.0,972.0,6.0,589269.0,972.0,98211.5,162.0
2174,"Dorsal raphÈ nucleus, dorsal part",DRD,255,158,252,84520,872.0,DR,,7,28.0,1810553.0,3147.0,28.0,1810553.0,3147.0,64662.607142857145,112.39285714285714
2175,Dorsal raphÈ interfascicular part,DRI,255,158,252,84530,872.0,DR,,7,11.0,1329358.0,1879.0,11.0,1329358.0,1879.0,120850.72727272728,170.8181818181818
2176,"Dorsal raphÈ nucleus, lateral part",DRL,255,158,252,84540,872.0,DR,,7,138.0,8965280.0,14647.0,138.0,8965280.0,14647.0,64965.79710144927,106.1376811594203
2177,"Dorsal raphÈ nucleus, ventral part",DRV,255,158,252,84550,872.0,DR,,7,46.0,3201294.0,5301.0,46.0,3201294.0,5301.0,69593.34782608696,115.23913043478261
2178,Posterodorsal raphÈ nucleus,PDR,255,158,252,84560,872.0,DR,,7,173.0,11604847.0,18471.0,173.0,11604847.0,18471.0,67080.04046242774,106.76878612716763
1065,Hindbrain,HB,255,155,168,84600,343.0,BS,,3,,0.0,0.0,12133.0,871858825.0,1359955.0,71858.4706997445,112.08728261765432
771,Pons,P,255,155,136,84700,1065.0,HB,,4,,0.0,0.0,7250.0,485089737.0,800818.0,66908.92924137932,110.4576551724138
1132,"Pons, sensory related",P-sen,255,170,98,84800,771.0,P,,5,,0.0,0.0,1752.0,151018691.0,206302.0,86197.88299086758,117.75228310502283
612,Paralemniscal nucleus,PL,255,170,97,84900,1132.0,P-sen,,6,,0.0,0.0,355.0,29282100.0,43842.0,82484.78873239437,123.49859154929578
82,Dorsal nucleus of the lateral lemniscus,DLL,255,170,97,85000,612.0,PL,,7,5.0,244013.0,517.0,5.0,244013.0,517.0,48802.6,103.4
99,Ventral nucleus of the lateral lemniscus,VLL,255,170,97,85200,612.0,PL,,7,167.0,15107790.0,21247.0,167.0,15107790.0,21247.0,90465.80838323354,127.22754491017965
2172,Intermediate nucleus of the lateral lemniscus,ILL,255,170,97,85210,612.0,PL,,7,31.0,2549642.0,3796.0,31.0,2549642.0,3796.0,82246.51612903226,122.45161290322581
2184,"Triangular nucleus, lateral lemniscus",TrLL,255,170,97,85220,612.0,PL,,7,13.0,904279.0,1565.0,13.0,904279.0,1565.0,69559.92307692308,120.38461538461539
7,Principal sensory trigeminal nucleus,Pr5,255,170,95,85300,1132.0,P-sen,,6,,0.0,0.0,1055.0,100260501.0,125567.0,95033.65023696683,119.02085308056873
2203,"Principal sensory trigeminal nucleus, dorsomedial part",Pr5DM,255,170,95,85310,7.0,Pr5,,7,10.0,791913.0,1084.0,10.0,791913.0,1084.0,79191.3,108.4
2202,"Principal sensory trigeminal nucleus, ventrolateral part",Pr5VL,255,170,95,85320,7.0,Pr5,,7,602.0,58571991.0,72299.0,602.0,58571991.0,72299.0,97295.66611295681,120.09800664451828
867,Parabrachial nucleus,PB,255,170,96,85400,1132.0,P-sen,,6,,0.0,0.0,333.0,21199013.0,36209.0,63660.6996996997,108.73573573573573
123,Kolliker-Fuse nucleus,KF,255,165,96,85500,867.0,PB,,7,12.0,1137038.0,1775.0,12.0,1137038.0,1775.0,94753.16666666667,147.91666666666666
881,Lateral parabrachial nucleus,LPB,255,169,96,85600,867.0,PB,,7,,0.0,0.0,245.0,15759480.0,26809.0,64324.4081632653,109.42448979591836
860,"Lateral parabrachial nucleus, central part",LPBC,255,169,96,85700,881.0,LPB,,8,19.0,971176.0,2113.0,19.0,971176.0,2113.0,51114.52631578947,111.21052631578948
2458,"Lateral parabrachial nucleus, crescent part",LPBCr,255,169,96,85710,881.0,LPB,,8,30.0,2144495.0,3646.0,30.0,2144495.0,3646.0,71483.16666666667,121.53333333333333
868,"Lateral parabrachial nucleus, dorsal part",LPBD,255,169,96,85800,881.0,LPB,,8,36.0,2036992.0,3580.0,36.0,2036992.0,3580.0,56583.11111111111,99.44444444444444
875,"Lateral parabrachial nucleus, external part",LPBE,255,169,96,85900,881.0,LPB,,8,76.0,5658724.0,8466.0,76.0,5658724.0,8466.0,74456.8947368421,111.39473684210526
883,"Lateral parabrachial nucleus, superior part",LPBS,255,169,96,86000,881.0,LPB,,8,19.0,925487.0,1889.0,19.0,925487.0,1889.0,48709.84210526316,99.42105263157895
891,"Lateral parabrachial nucleus, ventral part",LPBV,255,169,96,86100,881.0,LPB,,8,13.0,901771.0,1415.0,13.0,901771.0,1415.0,69367.0,108.84615384615384
2213,"Lateral parabrachial nucleus, internal part",LPBI,255,169,96,86110,881.0,LPB,,8,4.0,117749.0,292.0,4.0,117749.0,292.0,29437.25,73.0
890,Medial parabrachial nucleus,MPB,255,168,96,86200,867.0,PB,,7,,0.0,0.0,69.0,3981441.0,7027.0,57702.04347826087,101.84057971014492
899,"Medial parabrachial nucleus, external part",MPBE,255,168,96,86300,890.0,MPB,,8,,0.0,0.0,0.0,0.0,0.0,,
398,Superior olivary complex,SOC,255,170,94,86600,1132.0,P-sen,,6,,0.0,0.0,9.0,277077.0,684.0,30786.333333333332,76.0
122,"Superior olivary complex, periolivary nucleus",POR,255,170,94,86700,398.0,SOC,,7,,0.0,0.0,4.0,127248.0,294.0,31812.0,73.5
2207,Lateroventral periolivary nucleus,LVPO,255,170,94,86710,122.0,POR,,8,,0.0,0.0,0.0,0.0,0.0,,
2208,Medioventral periolivary nucleus,MVPO,255,170,94,86720,122.0,POR,,8,,0.0,0.0,0.0,0.0,0.0,,
2209,Dorsal periolivary region,DPO,255,170,94,86730,122.0,POR,,8,4.0,127248.0,294.0,4.0,127248.0,294.0,31812.0,73.5
2227,Caudal periolivary nucleus,CPO,255,170,94,86740,122.0,POR,,8,,0.0,0.0,0.0,0.0,0.0,,
2456,Superior paraolivary nucleus,SPO,255,170,94,86750,398.0,SOC,,7,,0.0,0.0,0.0,0.0,0.0,,
105,Medial superior olive,MSO,255,170,94,86800,398.0,SOC,,7,,0.0,0.0,0.0,0.0,0.0,,
114,Lateral superior olive,LSO,255,170,94,86900,398.0,SOC,,7,1.0,39184.0,89.0,1.0,39184.0,89.0,39184.0,89.0
2187,Nucleus of the central acoustic tract,CAT,255,170,94,86910,398.0,SOC,,7,4.0,110645.0,301.0,4.0,110645.0,301.0,27661.25,75.25
987,"Pons, motor related",P-mot,255,174,92,87000,771.0,P,,5,,0.0,0.0,4024.0,240242788.0,435859.0,59702.48210735586,108.31486083499006
2191,A7 noradrenaline cells,A7,255,79,87,78320,987.0,P-mot,,6,,0.0,0.0,0.0,0.0,0.0,,
280,Barrington's nucleus,Bar,255,174,80,87100,987.0,P-mot,,6,,0.0,0.0,15.0,1430293.0,2135.0,95352.86666666667,142.33333333333334
2459,"Barrington's nucleus, dorsal part",Bard,255,174,80,87110,280.0,Bar,,7,4.0,178797.0,413.0,4.0,178797.0,413.0,44699.25,103.25
2460,"Barrington's nucleus, ventral part",Barv,255,174,80,87120,280.0,Bar,,7,5.0,530552.0,832.0,5.0,530552.0,832.0,106110.4,166.4
880,Dorsal tegmental nucleus,DTg,255,174,87,87200,987.0,P-mot,,6,,0.0,0.0,211.0,15452118.0,24335.0,73232.78672985782,115.33175355450237
2210,"Dorsal tegmental nucleus, central part",DTgC,255,174,87,87210,880.0,DTg,,7,,0.0,0.0,0.0,0.0,0.0,,
2201,"Dorsal tegmental nucleus, pericentral part",DTgP,255,174,87,87220,880.0,DTg,,7,1.0,56659.0,134.0,1.0,56659.0,134.0,56659.0,134.0
2230,Posterodorsal tegmental nucleus,PDTg,255,174,87,87230,880.0,DTg,,7,210.0,15395459.0,24201.0,210.0,15395459.0,24201.0,73311.70952380952,115.24285714285715
898,Central gray,CG,255,174,120,87400,987.0,P-mot,,6,,0.0,0.0,218.0,13884182.0,23640.0,63688.908256880735,108.44036697247707
2215,"Central gray, alpha part",CGA,255,174,120,87410,898.0,CG,,7,10.0,1911009.0,1174.0,10.0,1911009.0,1174.0,191100.9,117.4
2216,"Central gray, beta part",CGB,255,174,120,87420,898.0,CG,,7,,0.0,0.0,0.0,0.0,0.0,,
2231,"Central gray, gamma part",CGG,255,174,120,87430,898.0,CG,,7,,0.0,0.0,0.0,0.0,0.0,,
2221,"Central gray, nucleus O",CGO,255,174,120,87440,898.0,CG,,7,7.0,280454.0,597.0,7.0,280454.0,597.0,40064.857142857145,85.28571428571429
931,Pontine nuclei,Pn,255,174,92,87500,987.0,P-mot,,6,3102.0,169241598.0,332831.0,3102.0,169241598.0,332831.0,54558.86460348163,107.29561573178594
2206,"Pontine reticular nucleus, caudal part",PnC,255,174,85,87600,987.0,P-mot,,6,149.0,14849579.0,17150.0,149.0,14849579.0,17150.0,99661.60402684564,115.1006711409396
2197,Dorsomedial tegmental area,DMTg,255,174,85,87610,1117.0,P-sat,,6,23.0,1089732.0,2091.0,23.0,1089732.0,2091.0,47379.65217391304,90.91304347826087
2220,Sphenoid nucleus,Sph,255,174,92,87710,987.0,P-mot,,6,,0.0,0.0,0.0,0.0,0.0,,
318,Supragenual nucleus,SGe,255,174,84,87800,987.0,P-mot,,6,,0.0,0.0,0.0,0.0,0.0,,
462,Superior salivatory nucleus,SuS,255,174,83,87900,987.0,P-mot,,6,16.0,1218198.0,1910.0,16.0,1218198.0,1910.0,76137.375,119.375
534,Supratrigeminal nucleus,Su5,255,174,82,88000,987.0,P-mot,,6,48.0,3134502.0,5651.0,48.0,3134502.0,5651.0,65302.125,117.72916666666667
574,Reticulotegmental nucleus of the pons,RtTg,255,174,81,88100,987.0,P-mot,,6,,0.0,0.0,141.0,12039291.0,15221.0,85385.0425531915,107.95035460992908
2165,"Reticulotegmental nucleus of the pons, pericentral part",RtTgP,255,174,81,88110,574.0,RtTg,,7,49.0,3962794.0,5308.0,49.0,3962794.0,5308.0,80873.3469387755,108.3265306122449
2166,B9 serotonin cells,B9,255,174,81,88120,771.0,P,,5,15.0,1203819.0,2072.0,15.0,1203819.0,2072.0,80254.6,138.13333333333333
621,Motor trigeminal nucleus,5N,255,174,104,88200,987.0,P-mot,,6,,0.0,0.0,100.0,7340685.0,10359.0,73406.85,103.59
2204,"Motor trigeminal nucleus, anterior digastric part",5ADi,255,174,104,88210,621.0,5N,,7,6.0,492553.0,778.0,6.0,492553.0,778.0,82092.16666666667,129.66666666666666
2453,"Motor trigeminal nucleus, temporalis part",5Te,255,174,104,88210,621.0,5N,,7,7.0,340674.0,578.0,7.0,340674.0,578.0,48667.71428571428,82.57142857142857
2194,Interfascicular trigeminar nucleus,IF5/5TT,255,174,104,88220,621.0,5N,,7,82.0,6186579.0,8508.0,82.0,6186579.0,8508.0,75446.08536585367,103.7560975609756
2454,"Motor trigeminal nucleus, masseter part",5Ma,255,174,104,88220,621.0,5N,,7,1.0,80359.0,78.0,1.0,80359.0,78.0,80359.0,78.0
2455,"Motor trigeminal nucleus, medial pterygoid part",5MPt,255,174,104,88230,621.0,5N,,7,1.0,39274.0,73.0,1.0,39274.0,73.0,39274.0,73.0
2193,Peritrigeminal zone,P5,255,174,104,88230,987.0,P-mot,,6,24.0,1652342.0,2627.0,24.0,1652342.0,2627.0,68847.58333333333,109.45833333333333
1117,"Pons, behavioral state related",P-sat,255,172,120,88300,771.0,P,,5,,0.0,0.0,1229.0,73181260.0,129970.0,59545.370219690805,105.75264442636289
679,Nucleus raphÈ,NR,255,172,119,88400,1117.0,P-sat,,6,,0.0,0.0,286.0,19198141.0,32362.0,67126.36713286713,113.15384615384616
137,Paramedian raphÈ nucleus,PMnR,255,172,119,88500,679.0,NR,,7,173.0,11654419.0,20039.0,173.0,11654419.0,20039.0,67366.5838150289,115.83236994219654
130,Median raphÈ nucleus,MnR,255,172,119,88600,679.0,NR,,7,113.0,7543722.0,12323.0,113.0,7543722.0,12323.0,66758.6017699115,109.05309734513274
147,Locus coeruleus,LC,255,172,118,88700,1117.0,P-sat,,6,17.0,1219204.0,2126.0,17.0,1219204.0,2126.0,71717.88235294117,125.05882352941177
2284,Laterodorsal tegmental nucleus,LDT,255,172,117,88800,1117.0,P-sat,,6,,0.0,0.0,99.0,5383513.0,9705.0,54378.919191919194,98.03030303030303
162,"Laterodorsal tegmental nucleus, dorsal part",LDTg,255,172,117,88810,2284.0,LDT,,7,,0.0,0.0,73.0,3909314.0,7162.0,53552.24657534246,98.10958904109589
2366,"Laterodorsal tegmental nucleus, dorsal part, lateral division",LDTdl,255,172,117,88820,162.0,LDTg,,8,40.0,1921671.0,3706.0,40.0,1921671.0,3706.0,48041.775,92.65
2367,"Laterodorsal tegmental nucleus, dorsal part, medial division",LDTdm,255,172,117,88830,162.0,LDTg,,8,15.0,794563.0,1522.0,15.0,794563.0,1522.0,52970.86666666667,101.46666666666667
2195,"Laterodorsal tegmental nucleus, ventral part",LDTgV,255,172,117,88840,2284.0,LDT,,7,26.0,1474199.0,2543.0,26.0,1474199.0,2543.0,56699.96153846154,97.8076923076923
146,Pontine reticular nucleus,PRNr,255,172,120,89000,1117.0,P-sat,,6,,0.0,0.0,743.0,41846910.0,76423.0,56321.54777927322,102.85733512786003
2205,"Pontine reticular nucleus, oral part",PnO,255,172,120,89010,146.0,PRNr,,7,731.0,41337395.0,75392.0,731.0,41337395.0,75392.0,56549.10396716826,103.13543091655266
2217,"Pontine reticular nucleus, ventral part",PnV,255,172,120,89020,146.0,PRNr,,7,10.0,364576.0,747.0,10.0,364576.0,747.0,36457.6,74.7
2182,Epirubrospinal nucleus,ERS,255,172,120,89030,146.0,PRNr,,7,2.0,144939.0,284.0,2.0,144939.0,284.0,72469.5,142.0
2185,Medial paralemniscial nucleus,MPL,255,172,120,89040,1117.0,P-sat,,6,54.0,3952486.0,6475.0,54.0,3952486.0,6475.0,73194.18518518518,119.9074074074074
2186,"Perilemniscal nucleus, ventral part",PLV,255,172,120,89050,1117.0,P-sat,,6,3.0,143641.0,275.0,3.0,143641.0,275.0,47880.333333333336,91.66666666666667
238,Pontine raphÈ nucleus,PnR,255,172,115,89100,1117.0,P-sat,,6,4.0,347633.0,513.0,4.0,347633.0,513.0,86908.25,128.25
354,Medulla,MY,255,160,176,89400,1065.0,HB,,4,,0.0,0.0,4883.0,386769088.0,559137.0,79207.26766332173,114.5068605365554
2246,A5 noradrenaline cells,A5,255,79,87,78330,354.0,MY,,5,,0.0,0.0,0.0,0.0,0.0,,
386,"Medulla, sensory related",MY-sen,255,176,176,89500,354.0,MY,,5,,0.0,0.0,2132.0,175916097.0,247947.0,82512.24061913697,116.29784240150094
207,Area postrema,AP,255,176,178,89600,386.0,MY-sen,,6,8.0,410220.0,882.0,8.0,410220.0,882.0,51277.5,110.25
2274,Area subpostrema,SubP,255,176,178,89610,386.0,MY-sen,,6,1.0,113572.0,246.0,1.0,113572.0,246.0,113572.0,246.0
607,Cochlear nuclei,CN,255,176,177,89700,386.0,MY-sen,,6,,0.0,0.0,1346.0,122692345.0,162565.0,91153.30237741455,120.77637444279347
112,Granule cell layer of the cochlear nuclei,GrC (VCCap in 81),255,176,177,89800,607.0,CN,,7,189.0,16748538.0,21914.0,189.0,16748538.0,21914.0,88616.60317460318,115.94708994708995
560,"Ventral cochlear nucleus, granule cell layer",VCAGr,255,176,177,89900,607.0,CN,,7,,0.0,0.0,0.0,0.0,0.0,,
96,Dorsal cochlear nucleus,DC,255,155,205,90000,607.0,CN,,7,,0.0,0.0,261.0,22817782.0,32644.0,87424.45210727969,125.0727969348659
2234,"Dorsal cochlear nucleus, molecular layer",DCMo,255,155,205,90010,96.0,DC,,8,135.0,12325982.0,17395.0,135.0,12325982.0,17395.0,91303.57037037038,128.85185185185185
2235,"Dorsal cochlear nucleus, fusiform layer",DCFu,255,155,205,90020,96.0,DC,,8,44.0,3858167.0,5819.0,44.0,3858167.0,5819.0,87685.61363636363,132.25
2236,"Dorsal cochlear nucleus, deep layer",DCDp,255,155,205,90030,96.0,DC,,8,3.0,164991.0,250.0,3.0,164991.0,250.0,54997.0,83.33333333333333
101,Ventral cochlear nucleus,VC,255,155,205,90100,607.0,CN,,7,,0.0,0.0,896.0,83126025.0,108007.0,92774.58147321429,120.54352678571429
2238,"Ventral cochlear nucleus, anterior part",VCA,255,155,205,90110,101.0,VC,,8,748.0,71310092.0,91012.0,748.0,71310092.0,91012.0,95334.34759358289,121.67379679144385
2237,"Ventral cochlear nucleus, posterior part",VCP,255,155,205,90120,101.0,VC,,8,52.0,4565203.0,6242.0,52.0,4565203.0,6242.0,87792.36538461539,120.03846153846153
2243,"Ventral cochlear nucleus, posterior part, octopus cell area",VCPO,255,155,205,90130,101.0,VC,,8,96.0,7250730.0,10753.0,96.0,7250730.0,10753.0,75528.4375,112.01041666666667
720,Dorsal column nuclei,DCN,255,177,176,90200,386.0,MY-sen,,6,,0.0,0.0,132.0,7277878.0,13138.0,55135.43939393939,99.53030303030303
711,Cuneate nucleus,Cu,255,177,177,90300,720.0,DCN,,7,,0.0,0.0,130.0,7225332.0,12981.0,55579.47692307692,99.85384615384615
2285,"Cuneate nucleus, dorsal part",CuD,255,177,177,90310,711.0,Cu,,8,6.0,209832.0,497.0,6.0,209832.0,497.0,34972.0,82.83333333333333
2278,"Cuneate nucleus, rotundus part",CuR,255,177,177,90320,711.0,Cu,,8,17.0,694772.0,1470.0,17.0,694772.0,1470.0,40868.94117647059,86.47058823529412
1039,Gracile nucleus,Gr,255,177,178,90400,720.0,DCN,,7,2.0,52546.0,157.0,2.0,52546.0,157.0,26273.0,78.5
903,External cuneate nucleus,ECu,255,176,179,90500,386.0,MY-sen,,6,247.0,15039555.0,26097.0,247.0,15039555.0,26097.0,60888.886639676115,105.65587044534414
642,Nucleus of the trapezoid body,Tz,255,176,181,90600,386.0,MY-sen,,6,,0.0,0.0,0.0,0.0,0.0,,
2249,Trigeminal-solitary transition zone,5Sol,255,176,181,90610,386.0,MY-sen,,6,1.0,20349.0,63.0,1.0,20349.0,63.0,20349.0,63.0
651,Solitary nucleus,Sol,255,178,176,90700,386.0,MY-sen,,6,,0.0,0.0,166.0,9550361.0,17673.0,57532.29518072289,106.46385542168674
659,"Solitary nucleus, central part",SolCe,255,178,177,90800,651.0,Sol,,7,1.0,36766.0,125.0,1.0,36766.0,125.0,36766.0,125.0
666,"Solitary nucleus, commissural part",SolC,255,178,178,90900,651.0,Sol,,7,44.0,2689374.0,4838.0,44.0,2689374.0,4838.0,61122.13636363636,109.95454545454545
674,"Solitary nucleus, gelatinous part",SolG,255,178,179,91000,651.0,Sol,,7,10.0,540072.0,1094.0,10.0,540072.0,1094.0,54007.2,109.4
2250,"Solitary nucleus, intermediate part",SolIM,255,178,179,91010,651.0,Sol,,7,2.0,175313.0,254.0,2.0,175313.0,254.0,87656.5,127.0
682,"Solitary nucleus, lateral part",SolL,255,178,180,91100,651.0,Sol,,7,16.0,565461.0,1442.0,16.0,565461.0,1442.0,35341.3125,90.125
691,"Solitary nucleus, medial part",SolM,255,178,181,91200,651.0,Sol,,7,62.0,3576827.0,6252.0,62.0,3576827.0,6252.0,57690.75806451613,100.83870967741936
2263,"Solitary nucleus, ventral part",SolV,255,178,181,91210,651.0,Sol,,7,8.0,589204.0,1219.0,8.0,589204.0,1219.0,73650.5,152.375
2273,"Solitary nucleus, ventrolateral part",SolVL,255,178,181,91220,651.0,Sol,,7,,0.0,0.0,0.0,0.0,0.0,,
2271,"Solitary nucleus, dorsolateral part",SolDL,255,178,181,91230,651.0,Sol,,7,6.0,554415.0,763.0,6.0,554415.0,763.0,92402.5,127.16666666666667
2264,"Solitary nucleus, dorsomedial part",SolDM,255,178,181,91240,651.0,Sol,,7,15.0,769586.0,1543.0,15.0,769586.0,1543.0,51305.73333333333,102.86666666666666
2265,"Solitary nucleus, interstitial part",SolI,255,178,181,91250,651.0,Sol,,7,,0.0,0.0,0.0,0.0,0.0,,
2470,"Soltary nucleus, rostrolateral part",SolRL,255,178,181,91260,651.0,Sol,,7,,0.0,0.0,0.0,0.0,0.0,,
429,"Spinal trigeminal nucleus, caudal part",Sp5C,255,176,183,91300,386.0,MY-sen,,6,125.0,11701233.0,15310.0,125.0,11701233.0,15310.0,93609.864,122.48
437,"Spinal trigeminal nucleus, interpolar part",Sp5I,255,176,184,91400,386.0,MY-sen,,6,25.0,2386193.0,3001.0,25.0,2386193.0,3001.0,95447.72,120.04
445,"Spinal trigeminal nucleus, oral part",Sp5O,255,176,182,91500,386.0,MY-sen,,6,,0.0,0.0,68.0,5943737.0,7633.0,87407.89705882352,112.25
45,Dorsomedial spinal trigeminal nucleus,DMSp5,255,176,182,91900,445.0,Sp5O,,7,13.0,1011102.0,1443.0,13.0,1011102.0,1443.0,77777.07692307692,111.0
2270,Paratrigeminal nucleus,Pa5,255,176,182,92010,386.0,MY-sen,,6,13.0,780654.0,1339.0,13.0,780654.0,1339.0,60050.307692307695,103.0
370,"Medulla, motor related",MY-mot,255,212,219,92200,354.0,MY,,5,,0.0,0.0,2479.0,188803366.0,279082.0,76161.09963695038,112.578459056071
2477,Ad1 adrenaline cells,Ad1,255,79,87,78340,370.0,MY-mot,,6,,0.0,0.0,0.0,0.0,0.0,,
2478,Ad2 adrenaline cells,Ad2,255,79,87,78350,370.0,MY-mot,,6,,0.0,0.0,0.0,0.0,0.0,,
2266,Ad3 adrenaline cells,Ad3,255,79,87,78360,370.0,MY-mot,,6,6.0,1204935.0,804.0,6.0,1204935.0,804.0,200822.5,134.0
2198,"Subcoeruleus nucleus, alpha part",SubCA,255,212,219,92210,370.0,MY-mot,,6,4.0,121604.0,286.0,4.0,121604.0,286.0,30401.0,71.5
2199,"Subcoeruleus nucleus, dorsal part",SubCD,255,212,219,92220,370.0,MY-mot,,6,37.0,2389812.0,4341.0,37.0,2389812.0,4341.0,64589.51351351351,117.32432432432432
2200,"Subcoeruleus nucleus, ventral part",SubCV,255,212,219,92230,370.0,MY-mot,,6,176.0,14533356.0,20497.0,176.0,14533356.0,20497.0,82575.88636363637,116.46022727272727
653,Abducens nucleus,6N,255,212,225,92300,370.0,MY-mot,,6,,0.0,0.0,0.0,0.0,0.0,,
2229,Paraabducens nucleus,Pa6,255,212,225,92310,653.0,6N,,7,,0.0,0.0,0.0,0.0,0.0,,
2228,"Abducens nucleus, retractor bulbi part",6RB,255,212,226,92400,370.0,MY-mot,,6,,0.0,0.0,0.0,0.0,0.0,,
661,Facial nucleus,7N,255,212,234,92500,370.0,MY-mot,,6,,0.0,0.0,0.0,0.0,0.0,,
2226,Perifacial zone,P7,255,212,234,92510,661.0,7N,,7,,0.0,0.0,0.0,0.0,0.0,,
2462,"Facial nucleus, lateral subnucleus",7L,255,212,234,92520,661.0,7N,,7,,0.0,0.0,0.0,0.0,0.0,,
2463,"Facial nucleus, dorsolateral subnucleus",7DL,255,212,234,92530,661.0,7N,,7,,0.0,0.0,0.0,0.0,0.0,,
2464,"Facial nucleus, ventral intermediate subnucleus",7VI,255,212,234,92540,661.0,7N,,7,,0.0,0.0,0.0,0.0,0.0,,
2465,"Facial nucleus, dorsal intermediate subnucleus",7DI,255,212,234,92550,661.0,7N,,7,,0.0,0.0,0.0,0.0,0.0,,
2466,"Facial nucleus, dorsomedial subnucleus",7DM,255,212,234,92560,661.0,7N,,7,,0.0,0.0,0.0,0.0,0.0,,
2467,"Facial nucleus, ventromedial subnucleus",7VM ,255,212,234,92570,661.0,7N,,7,,0.0,0.0,0.0,0.0,0.0,,
576,"Facial motor nucleus, stylohyoid part",7SH,255,212,235,92600,370.0,MY-mot,,6,,0.0,0.0,0.0,0.0,0.0,,
640,Nucleus of the origin of efferents of the vestibular nerve,EVe,255,212,230,92700,370.0,MY-mot,,6,1.0,128645.0,147.0,1.0,128645.0,147.0,128645.0,147.0
2472,Ambiguus nucleus,Amb,255,212,216,92800,370.0,MY-mot,,6,,0.0,0.0,0.0,0.0,0.0,,
135,"Ambiguus nucleus, compact part",AmbC,255,212,216,92810,2472.0,Amb,,7,,0.0,0.0,0.0,0.0,0.0,,
2277,"Ambiguus nucleus, loose part",AmbL,255,212,216,92820,2472.0,Amb,,7,,0.0,0.0,0.0,0.0,0.0,,
2471,Retroambiguus nucleus,Rambn,255,212,216,92830,2472.0,Amb,,7,,0.0,0.0,0.0,0.0,0.0,,
839,Vagus nerve nucleus,10N,255,212,184,93100,370.0,MY-mot,,6,15.0,899333.0,1912.0,15.0,899333.0,1912.0,59955.53333333333,127.46666666666667
1048,Gigantocellular reticular nucleus,Gi,255,212,187,93300,370.0,MY-mot,,6,,0.0,0.0,41.0,2088234.0,4076.0,50932.53658536585,99.41463414634147
2223,"Gigantocellular reticular nucleus, alpha part",GiA,255,212,187,93310,1048.0,Gi,,7,,0.0,0.0,0.0,0.0,0.0,,
2224,"Gigantocellular reticular nucleus, ventral part",GiV,255,212,187,93320,1048.0,Gi,,7,,0.0,0.0,0.0,0.0,0.0,,
83,Inferior olivary nucleus,IO,255,212,189,93500,370.0,MY-mot,,6,,0.0,0.0,0.0,0.0,0.0,,
2253,"Inferior olive, subnucleus A of medial nucleus",IOA,255,212,189,93510,83.0,IO,,7,,0.0,0.0,0.0,0.0,0.0,,
2254,"Inferior olive, subnucleus B of medial nucleus",IOB,255,212,189,93520,83.0,IO,,7,,0.0,0.0,0.0,0.0,0.0,,
2255,"Inferior olive, subnucleus C of medial nucleus",IOC,255,212,189,93530,83.0,IO,,7,,0.0,0.0,0.0,0.0,0.0,,
2256,"Inferior olive, dorsal nucleus",IOD,255,212,189,93540,83.0,IO,,7,,0.0,0.0,0.0,0.0,0.0,,
2257,"Inferior olive, dorsomedial cell group",IODM,255,212,189,93550,83.0,IO,,7,,0.0,0.0,0.0,0.0,0.0,,
2258,"Inferior olive, principal nucleus",IOPr,255,212,189,93560,83.0,IO,,7,,0.0,0.0,0.0,0.0,0.0,,
2259,"Inferior olive, ventrolateral protrusion",IOVL,255,212,189,93570,83.0,IO,,7,,0.0,0.0,0.0,0.0,0.0,,
2260,"Inferior olive, cap of Kooy of the medial nucleus",IOK,255,212,189,93580,83.0,IO,,7,,0.0,0.0,0.0,0.0,0.0,,
2261,"Inferior olive, beta subnucleus of the medial nucleus",IOBe,255,212,189,93590,83.0,IO,,7,,0.0,0.0,0.0,0.0,0.0,,
2262,"Inferior olive, medial nucleus",IOM,255,212,189,93595,83.0,IO,,7,,0.0,0.0,0.0,0.0,0.0,,
136,Intermediate reticular nucleus,IRt,255,212,187,93600,370.0,MY-mot,,6,,0.0,0.0,67.0,3853641.0,7756.0,57517.02985074627,115.76119402985074
2225,"Intermediate reticular nucleus, alpha part",IRtA,255,212,187,93610,136.0,IRt,,7,18.0,1255572.0,2328.0,18.0,1255572.0,2328.0,69754.0,129.33333333333334
106,Inferior salivatory nucleus,IS,255,212,190,93700,370.0,MY-mot,,6,4.0,137622.0,302.0,4.0,137622.0,302.0,34405.5,75.5
203,Linear nucleus of the hindbrain,Li,255,212,191,93800,370.0,MY-mot,,6,,0.0,0.0,0.0,0.0,0.0,,
235,Lateral reticular nucleus,LRt,255,212,193,93900,370.0,MY-mot,,6,,0.0,0.0,0.0,0.0,0.0,,
963,"Lateral reticular nucleus, parvicellular part",LRtPC,255,212,193,94100,235.0,LRt,,7,,0.0,0.0,0.0,0.0,0.0,,
395,Paramedian reticular nucleus,PMn,255,212,195,94300,370.0,MY-mot,,6,,0.0,0.0,6.0,303575.0,651.0,50595.833333333336,108.5
1098,"Medullary reticular nucleus, dorsal part",MdD,255,212,195,94400,395.0,PMn,,7,6.0,303575.0,651.0,6.0,303575.0,651.0,50595.833333333336,108.5
1107,"Medullary reticular nucleus, ventral part",MdV,255,212,195,94500,395.0,PMn,,7,,0.0,0.0,0.0,0.0,0.0,,
852,Parvicellular reticular nucleus,PCRt,255,212,196,94600,370.0,MY-mot,,6,,0.0,0.0,434.0,39006189.0,50129.0,89876.01152073733,115.50460829493088
2214,"Parvicellular reticular nucleus, alpha part",PCRtA,255,212,196,94610,852.0,PCRt,,7,427.0,38776981.0,49623.0,427.0,38776981.0,49623.0,90812.6018735363,116.21311475409836
2211,Trigeminal transition zone,5Tr,255,212,196,94620,370.0,MY-mot,,6,4.0,687455.0,780.0,4.0,687455.0,780.0,171863.75,195.0
859,Parasolitary nucleus,PSol,255,212,197,94700,370.0,MY-mot,,6,5.0,165458.0,413.0,5.0,165458.0,413.0,33091.6,82.6
938,Lateral paragigantocellular nucleus,LPGi,255,212,198,94800,370.0,MY-mot,,6,,0.0,0.0,15.0,2029395.0,1679.0,135293.0,111.93333333333334
2248,"Lateral paragigantocellular nucleus, external part",LPGiE,255,212,198,94810,938.0,LPGi,,7,,0.0,0.0,0.0,0.0,0.0,,
970,Dorsal paragigantocellular nucleus,DPGi,255,212,198,94900,938.0,LPGi,,7,15.0,2029395.0,1679.0,15.0,2029395.0,1679.0,135293.0,111.93333333333334
978,"Paragigantocellular reticular nucleus, lateral part",PGRNl,255,212,198,95000,938.0,LPGi,,7,,0.0,0.0,0.0,0.0,0.0,,
2252,Caudoventrolateral reticular nucleus,CVL,255,212,198,95010,370.0,MY-mot,,6,,0.0,0.0,0.0,0.0,0.0,,
2469,Rostroventrolateral reticular nucleus,RVL,255,212,198,95020,370.0,MY-mot,,6,,0.0,0.0,0.0,0.0,0.0,,
2269,Rostral ventral respiratory group,RVRG,255,212,198,95030,370.0,MY-mot,,6,,0.0,0.0,0.0,0.0,0.0,,
2468,Botzinger complex,Bo,255,212,198,95040,370.0,MY-mot,,6,,0.0,0.0,0.0,0.0,0.0,,
2251,Pre-Botzinger complex,PrBo,255,212,198,95050,2468.0,Bo,,7,,0.0,0.0,0.0,0.0,0.0,,
154,Perihypoglossal nuclei,PHY,255,212,219,95100,370.0,MY-mot,,6,,0.0,0.0,349.0,31080185.0,41982.0,89054.97134670487,120.29226361031519
161,Intercalated nucleus,In,255,212,219,95200,154.0,PHY,,7,,0.0,0.0,8.0,550621.0,992.0,68827.625,124.0
2276,Intermedius nucleus of the medulla,InM,255,212,219,95210,161.0,In,,8,,0.0,0.0,0.0,0.0,0.0,,
177,Nucleus of Roller,Ro,255,212,221,95300,154.0,PHY,,7,,0.0,0.0,0.0,0.0,0.0,,
169,Prepositus nucleus,Pr,255,212,219,95400,154.0,PHY,,7,341.0,30529564.0,40990.0,341.0,30529564.0,40990.0,89529.51319648094,120.20527859237536
1069,Parapyramidal nucleus,PPy,255,212,200,95600,370.0,MY-mot,,6,,0.0,0.0,0.0,0.0,0.0,,
701,Vestibulocerebellar nucleus,VeCb,255,212,201,95900,370.0,MY-mot,,6,,0.0,0.0,1198.0,81413526.0,130751.0,67957.86811352253,109.14106844741235
217,Superior vestibular nucleus,SuVe,255,214,201,96000,701.0,VeCb,,7,1.0,30836.0,65.0,1.0,30836.0,65.0,30836.0,65.0
209,Lateral vestibular nucleus,LVe,255,214,201,96050,701.0,VeCb,,7,1.0,29216.0,82.0,1.0,29216.0,82.0,29216.0,82.0
202,Medial vestibular nucleus,MVe,255,216,201,96100,701.0,VeCb,,7,,0.0,0.0,790.0,54512304.0,85218.0,69002.9164556962,107.87088607594937
2232,"Medial vestibular nucleus, magnocellular part",MVeMC,255,216,201,96110,202.0,MVe,,8,15.0,978922.0,1658.0,15.0,978922.0,1658.0,65261.46666666667,110.53333333333333
2233,"Medial vestibular nucleus, parvicellular part",MVePC,255,216,201,96120,202.0,MVe,,8,,0.0,0.0,496.0,35124265.0,54424.0,70815.0504032258,109.7258064516129
2368,"Medial vestibular nucleus, parvicellular part, dorsal",MVePd,255,216,201,96130,2233.0,MVePC,,9,108.0,9871231.0,13230.0,108.0,9871231.0,13230.0,91400.28703703704,122.5
2369,"Medial vestibular nucleus, parvicellular part, ventral",MVePv,255,216,201,96140,2233.0,MVePC,,9,1.0,32920.0,87.0,1.0,32920.0,87.0,32920.0,87.0
225,Spinal vestibular nucleus,SpVe,255,212,201,96200,701.0,VeCb,,7,348.0,23727624.0,39517.0,348.0,23727624.0,39517.0,68182.8275862069,113.55459770114942
2268,F cell group of the vestibular complex,FVe,255,212,201,96310,701.0,VeCb,,7,,0.0,0.0,0.0,0.0,0.0,,
2218,Paracochlear glial substance,PCGS,255,212,201,96320,701.0,VeCb,,7,,0.0,0.0,0.0,0.0,0.0,,
765,Nucleus X,X,255,212,202,96400,370.0,MY-mot,,6,7.0,775963.0,978.0,7.0,775963.0,978.0,110851.85714285714,139.71428571428572
2267,Matrix region of the medulla,Mx,255,212,202,96410,370.0,MY-mot,,6,43.0,2406211.0,4194.0,43.0,2406211.0,4194.0,55958.395348837206,97.53488372093024
773,Hypoglossal nucleus,12N,255,212,192,96500,370.0,MY-mot,,6,29.0,1821664.0,2892.0,29.0,1821664.0,2892.0,62816.0,99.72413793103448
2272,Central cervical nucleus of the spinal cord,CeCv,255,212,192,96510,370.0,MY-mot,,6,,0.0,0.0,0.0,0.0,0.0,,
781,Nucleus Y of the vestibular complex,Y,255,212,203,96600,370.0,MY-mot,,6,2.0,111471.0,225.0,2.0,111471.0,225.0,55735.5,112.5
379,"Medulla, behavioral state related",MY-sat,255,176,192,96800,354.0,MY,,5,,0.0,0.0,21.0,1549974.0,2025.0,73808.28571428571,96.42857142857143
206,RaphÈ magnus nucleus,RMg,255,176,193,96900,379.0,MY-sat,,6,,0.0,0.0,21.0,1549974.0,2025.0,73808.28571428571,96.42857142857143
2212,RaphÈ interpositus nucleus,RIP,255,176,193,96910,206.0,RMg,,7,7.0,488930.0,700.0,7.0,488930.0,700.0,69847.14285714286,100.0
230,RaphÈ pallidus nucleus,RPa,255,176,195,97000,379.0,MY-sat,,6,,0.0,0.0,0.0,0.0,0.0,,
222,RaphÈ obscurus nucleus,ROb,255,176,194,97100,379.0,MY-sat,,6,,0.0,0.0,0.0,0.0,0.0,,
1009,fiber tracts,fiber_tracts,204,204,204,97200,997.0,root,,1,,0.0,0.0,39042.0,2836716609.0,4535027.0,72658.07614876288,116.15765073510579
2155,basilar artery,bas,204,204,204,97210,997.0,root,,1,1.0,35138.0,56.0,1.0,35138.0,56.0,35138.0,56.0
967,cranial nerves,cm,204,204,204,97300,1009.0,fiber_tracts,,2,,0.0,0.0,19419.0,1430641321.0,2284517.0,73672.24476028631,117.64339049384623
949,vomeronasal nerve,vn,204,204,204,97500,967.0,cm,,3,3.0,233583.0,523.0,3.0,233583.0,523.0,77861.0,174.33333333333334
840,olfactory nerve,on,204,204,204,97600,967.0,cm,,3,,0.0,0.0,11555.0,840419567.0,1374736.0,72732.11311120728,118.97325832972739
1016,olfactory nerve layer,onl,204,204,204,97700,840.0,on,,4,8241.0,602074910.0,991963.0,8241.0,602074910.0,991963.0,73058.47712656231,120.36925130445334
21,"lateral olfactory tract, general",lotg,204,204,204,97800,840.0,on,,4,,0.0,0.0,3158.0,227172008.0,366076.0,71935.40468651045,115.92020265991134
2279,dorsal lateral olfactory tract,dlo,204,204,204,97900,21.0,lotg,,5,17.0,1478039.0,2240.0,17.0,1478039.0,2240.0,86943.4705882353,131.76470588235293
665,lateral olfactory tract,lo,204,204,204,97900,21.0,lotg,,5,3141.0,225693969.0,363836.0,3141.0,225693969.0,363836.0,71854.17669531995,115.8344476281439
459,accessory olfactory tract,aot,204,204,204,98100,21.0,lotg,,5,,0.0,0.0,0.0,0.0,0.0,,
900,"anterior commissure, anterior part",aca,204,204,204,98200,840.0,on,,4,114.0,7748746.0,11875.0,114.0,7748746.0,11875.0,67971.45614035087,104.16666666666667
2317,"anterior commissure, intrabulbar part",aci,204,204,204,98210,840.0,on,,4,42.0,3423903.0,4822.0,42.0,3423903.0,4822.0,81521.5,114.80952380952381
848,optic nerve,2n,204,204,204,98300,967.0,cm,,3,,0.0,0.0,4049.0,267153796.0,455869.0,65980.19165225982,112.58804643121758
916,brachium of the superior colliculus,bsc,204,204,204,98500,848.0,2n,,4,447.0,30769905.0,52169.0,447.0,30769905.0,52169.0,68836.47651006712,116.70917225950782
336,commissure of the superior colliculus,csc,204,204,204,98600,848.0,2n,,4,19.0,1403386.0,2349.0,19.0,1403386.0,2349.0,73862.42105263157,123.63157894736842
117,optic chiasm,och,204,204,204,98700,848.0,2n,,4,197.0,14451986.0,21668.0,197.0,14451986.0,21668.0,73360.33502538071,109.98984771573605
125,optic tract,opt,204,204,204,98800,848.0,2n,,4,2659.0,176620669.0,298635.0,2659.0,176620669.0,298635.0,66423.71906731854,112.3110191801429
2040,supraoptic decussation,sox,204,204,204,98810,848.0,2n,,4,727.0,43907850.0,81048.0,727.0,43907850.0,81048.0,60395.942228335625,111.4828060522696
832,oculomotor nerve,3n,204,204,204,99000,967.0,cm,,3,,0.0,0.0,133.0,9993877.0,14733.0,75141.93233082707,110.77443609022556
62,medial longitudinal fasciculus,mlf,204,204,204,99100,832.0,3n,,4,83.0,6565470.0,8698.0,83.0,6565470.0,8698.0,79102.04819277108,104.79518072289157
158,posterior commissure,pc,204,204,204,99200,832.0,3n,,4,50.0,3428407.0,6035.0,50.0,3428407.0,6035.0,68568.14,120.7
911,trochlear nerve,4n,204,204,204,99300,967.0,cm,,3,,0.0,0.0,0.0,0.0,0.0,,
901,trigeminal nerve,5n,204,204,204,99600,967.0,cm,,3,,0.0,0.0,1780.0,167054609.0,213356.0,93850.90393258428,119.8629213483146
93,motor root of the trigeminal nerve,m5,204,204,204,99700,901.0,5n,,4,190.0,20320392.0,23569.0,190.0,20320392.0,23569.0,106949.43157894736,124.04736842105264
229,sensory root of the trigeminal nerve,s5,204,204,204,99800,901.0,5n,,4,,0.0,0.0,1590.0,146734217.0,189787.0,92285.67106918238,119.362893081761
705,mesencephalic trigeminal tract,me5,204,204,204,99900,229.0,s5,,5,9.0,370924.0,734.0,9.0,370924.0,734.0,41213.77777777778,81.55555555555556
794,spinal trigeminal tract,sp5,204,204,204,100000,229.0,s5,,5,561.0,49557015.0,66412.0,561.0,49557015.0,66412.0,88336.92513368985,118.38146167557932
798,facial nerve,7n,204,204,204,100100,967.0,cm,,3,,0.0,0.0,121.0,10724671.0,15105.0,88633.64462809918,124.83471074380165
1131,ascending fibers of the facial nerve,asc7,204,204,204,100200,798.0,7n,,4,,0.0,0.0,0.0,0.0,0.0,,
1116,genu of the facial nerve,g7,204,204,204,100300,798.0,7n,,4,5.0,425277.0,559.0,5.0,425277.0,559.0,85055.4,111.8
933,vestibulocochlear nerve,8n,204,204,204,100400,967.0,cm,,3,,0.0,0.0,1331.0,105415299.0,159979.0,79200.07438016529,120.19459053343351
2461,interstitial nucleus of the vestibular part of the 8th nerve,I8,204,204,204,100410,933.0,8n,,4,,0.0,0.0,0.0,0.0,0.0,,
413,vestibular root of the vestibulocochlear nerve,8vn,204,204,204,100600,933.0,8n,,4,212.0,16901912.0,23706.0,212.0,16901912.0,23706.0,79726.0,111.82075471698113
948,cochlear nerve,8cn,204,204,204,100700,933.0,8n,,4,,0.0,0.0,652.0,51676491.0,82237.0,79258.4217791411,126.13036809815951
2222,olivocochlear bundle,ocb,204,204,204,100710,967.0,cm,,3,9.0,534644.0,860.0,9.0,534644.0,860.0,59404.88888888889,95.55555555555556
841,trapezoid body,tz,204,204,204,100800,948.0,8cn,,5,,0.0,0.0,0.0,0.0,0.0,,
506,dorsal acoustic stria,das,204,204,204,101000,948.0,8cn,,5,1.0,55843.0,92.0,1.0,55843.0,92.0,55843.0,92.0
658,lateral lemniscus,ll,204,204,204,101100,948.0,8cn,,5,232.0,16002372.0,26885.0,232.0,16002372.0,26885.0,68975.74137931035,115.88362068965517
633,commissure of the inferior colliculus,cic,204,204,204,101200,948.0,8cn,,5,,0.0,0.0,0.0,0.0,0.0,,
482,brachium of the inferior colliculus,bic,204,204,204,101300,948.0,8cn,,5,419.0,35618276.0,55260.0,419.0,35618276.0,55260.0,85007.81861575179,131.8854415274463
808,glossopharyngeal nerve,9n,204,204,204,101400,967.0,cm,,3,,0.0,0.0,0.0,0.0,0.0,,
917,vagus nerve,10n,204,204,204,101500,967.0,cm,,3,,0.0,0.0,1.0,28711.0,110.0,28711.0,110.0
237,solitary tract,sol,204,204,204,101600,917.0,10n,,4,1.0,28711.0,110.0,1.0,28711.0,110.0,28711.0,110.0
813,hypoglossal nerve,12n,204,204,204,101800,967.0,cm,,3,,0.0,0.0,0.0,0.0,0.0,,
792,dorsal roots,drt,204,204,204,102000,967.0,cm,,3,,0.0,0.0,431.0,28706174.0,48601.0,66603.65197215778,112.76334106728538
932,cervicothalamic tract,cett,204,204,204,102100,792.0,drt,,4,,0.0,0.0,431.0,28706174.0,48601.0,66603.65197215778,112.76334106728538
514,dorsal column,dc,204,204,204,102600,932.0,cett,,5,,0.0,0.0,0.0,0.0,0.0,,
380,cuneate fascicle,cf,204,204,204,102700,514.0,dc,,6,,0.0,0.0,0.0,0.0,0.0,,
388,gracile fasciculus,gr,204,204,204,102800,514.0,dc,,6,,0.0,0.0,0.0,0.0,0.0,,
697,medial lemniscus,ml,204,204,204,103000,932.0,cett,,5,431.0,28706174.0,48601.0,431.0,28706174.0,48601.0,66603.65197215778,112.76334106728538
871,spinothalamic tract,sst,204,204,204,103100,967.0,cm,,3,,0.0,0.0,1.0,44810.0,62.0,44810.0,62.0
293,vestibulospinal tract,vesp,204,204,204,103700,871.0,sst,,4,1.0,44810.0,62.0,1.0,44810.0,62.0,44810.0,62.0
960,cerebellum related fiber tracts,cbf,204,204,204,104200,1009.0,fiber_tracts,,2,,0.0,0.0,5925.0,444243192.0,676103.0,74977.75392405063,114.11021097046414
744,cerebellar commissure,cbc,204,204,204,104300,960.0,cbf,,3,,0.0,0.0,0.0,0.0,0.0,,
752,cerebellar peduncles,cbp,204,204,204,104400,960.0,cbf,,3,,0.0,0.0,4271.0,317140970.0,491776.0,74254.5001170686,115.1430578318895
326,superior cerebellar peduncle,scp,204,204,204,104500,752.0,cbp,,4,,0.0,0.0,629.0,48611724.0,72314.0,77284.13990461049,114.96661367249602
812,decussation of the superior cerebellar peduncle,xscp,204,204,204,104600,326.0,scp,,5,,0.0,0.0,426.0,35047752.0,48869.0,82271.71830985915,114.71596244131456
85,ventral spinocerebellar tract,vsct,204,204,204,104700,812.0,xscp,,6,255.0,24885056.0,31623.0,255.0,24885056.0,31623.0,97588.45490196078,124.01176470588236
850,uncinate fasciculus of the cerebellum,un,204,204,204,104800,326.0,scp,,5,3.0,108762.0,253.0,3.0,108762.0,253.0,36254.0,84.33333333333333
866,ventral spinocerebellar tract-,vsc,204,204,204,104900,326.0,scp,,5,,0.0,0.0,0.0,0.0,0.0,,
78,middle cerebellar peduncle,mcp,204,204,204,105000,752.0,cbp,,4,,0.0,0.0,2839.0,204303432.0,325589.0,71963.16731243396,114.68439591405425
2167,transverse fibers of the pons,tfp,204,204,204,105010,78.0,mcp,,5,1490.0,95310979.0,167903.0,1490.0,95310979.0,167903.0,63967.1,112.68657718120805
1123,inferior cerebellar peduncle,icp,204,204,204,105100,752.0,cbp,,4,,0.0,0.0,803.0,64225814.0,93873.0,79982.33374844334,116.90286425902865
553,dorsal spinocerebellar tract,dsc,204,204,204,105200,1123.0,icp,,5,,0.0,0.0,0.0,0.0,0.0,,
490,bulbocerebellar tract,bct,204,204,204,105500,1123.0,icp,,5,,0.0,0.0,0.0,0.0,0.0,,
404,olivocerebellar tract,oc,204,204,204,105600,490.0,bct,,6,,0.0,0.0,0.0,0.0,0.0,,
2275,cerebellar white matter,cbw,204,204,204,105810,967.0,cm,,3,5.0,331580.0,583.0,5.0,331580.0,583.0,66316.0,116.6
728,middle cerebellar peduncle- ,mcep,204,204,204,105900,960.0,cbf,,3,1654.0,127102222.0,184327.0,1654.0,127102222.0,184327.0,76845.35792019348,111.44316807738815
983,lateral forebrain bundle system,lfbs,204,204,204,106000,1009.0,fiber_tracts,,2,,0.0,0.0,7632.0,519829523.0,872132.0,68111.83477463313,114.27306079664571
776,corpus callosum,cc,204,204,204,106100,983.0,lfbs,,3,,0.0,0.0,5544.0,372638885.0,622587.0,67214.8060966811,112.29924242424242
956,forceps minor of the corpus callosum,fmi,204,204,204,106200,776.0,cc,,4,,0.0,0.0,3985.0,247448386.0,434786.0,62094.95257214554,109.10564617314931
579,external capsule,ec,204,204,204,106300,956.0,fmi,,5,3289.0,184543439.0,352674.0,3289.0,184543439.0,352674.0,56109.2851930678,107.2283368805108
1108,genu of the corpus callosum,gcc,204,204,204,106500,776.0,cc,,4,767.0,73368284.0,97125.0,767.0,73368284.0,97125.0,95656.17209908736,126.62972620599739
971,forceps major of the corpus callosum,fmj,204,204,204,106600,776.0,cc,,4,31.0,1752704.0,3502.0,31.0,1752704.0,3502.0,56538.83870967742,112.96774193548387
986,splenium of the corpus callosum,scc,204,204,204,106800,776.0,cc,,4,6.0,239796.0,576.0,6.0,239796.0,576.0,39966.0,96.0
784,corticospinal tract,cst,204,204,204,106900,983.0,lfbs,,3,,0.0,0.0,2080.0,146473320.0,248307.0,70419.86538461539,119.37836538461538
6,internal capsule,ic,204,204,204,107000,784.0,cst,,4,281.0,20154933.0,32746.0,281.0,20154933.0,32746.0,71725.74021352314,116.5338078291815
924,cerebral peduncle,cp,204,204,204,107100,784.0,cst,,4,1638.0,118000911.0,198724.0,1638.0,118000911.0,198724.0,72039.6282051282,121.32112332112332
190,pyramidal tract,py,204,204,204,107600,784.0,cst,,4,,0.0,0.0,0.0,0.0,0.0,,
198,pyramidal decussation,pyx,204,204,204,107700,784.0,cst,,4,,0.0,0.0,0.0,0.0,0.0,,
2169,longitudinal fasciculus of the pons,lfp,204,204,204,107910,784.0,cst,,4,161.0,8317476.0,16837.0,161.0,8317476.0,16837.0,51661.34161490683,104.5776397515528
896,thalamus related,lfbst,204,204,204,108000,983.0,lfbs,,3,,0.0,0.0,8.0,717318.0,1238.0,89664.75,154.75
1092,External medullary lamina,eml,204,204,204,108100,896.0,lfbst,,4,8.0,717318.0,1238.0,8.0,717318.0,1238.0,89664.75,154.75
14,internal medullary lamina,iml,204,204,204,108200,896.0,lfbst,,4,,0.0,0.0,0.0,0.0,0.0,,
2109,superior thalamic radiation,str,204,204,204,108210,896.0,lfbst,,4,,0.0,0.0,0.0,0.0,0.0,,
1000,extrapyramidal fiber systems,eps,204,204,204,108500,1009.0,fiber_tracts,,2,,0.0,0.0,299.0,20315676.0,31617.0,67945.40468227425,105.74247491638796
760,cerebral nuclei related,epsc,204,204,204,108600,1000.0,eps,,3,,0.0,0.0,141.0,7885029.0,13708.0,55922.1914893617,97.21985815602837
102,nigrostriatal bundle,ns,204,204,204,108800,760.0,epsc,,4,141.0,7885029.0,13708.0,141.0,7885029.0,13708.0,55922.1914893617,97.21985815602837
877,tectospinal tract,ts,204,204,204,109300,1000.0,eps,,3,,0.0,0.0,45.0,3327003.0,5222.0,73933.4,116.04444444444445
1060,dorsal tegmental decussation,dtgx,204,204,204,109500,877.0,ts,,4,7.0,475575.0,854.0,7.0,475575.0,854.0,67939.28571428571,122.0
863,rubrospinal tract,rs,204,204,204,109700,1000.0,eps,,3,,0.0,0.0,105.0,8730291.0,12012.0,83145.62857142858,114.4
397,ventral tegmental decussation,vtgx,204,204,204,109800,863.0,rs,,4,33.0,2149974.0,4083.0,33.0,2149974.0,4083.0,65150.72727272727,123.72727272727273
941,vestibulomesencephalic tract,veme,204,204,204,110400,1000.0,eps,,3,8.0,373353.0,675.0,8.0,373353.0,675.0,46669.125,84.375
991,medial forebrain bundle system,mfbs,204,204,204,110500,1009.0,fiber_tracts,,2,,0.0,0.0,5767.0,421686897.0,670658.0,73120.66880527137,116.29235304317669
768,cerebrum related,mfbc,204,204,204,110600,991.0,mfbs,,3,,0.0,0.0,4780.0,339744086.0,551042.0,71076.16861924686,115.28075313807531
908,"anterior commissure, posterior limb",acp,204,204,204,110900,768.0,mfbc,,4,30.0,2144369.0,3220.0,30.0,2144369.0,3220.0,71478.96666666666,107.33333333333333
940,cingulum,cg,204,204,204,111000,768.0,mfbc,,4,274.0,14444890.0,27977.0,274.0,14444890.0,27977.0,52718.57664233576,102.10583941605839
1099,fornix system,fxs,204,204,204,111100,768.0,mfbc,,4,,0.0,0.0,3466.0,249575628.0,403751.0,72006.81708020774,116.48903635314484
466,alveus of the hippocampus,alv,204,204,204,111200,1099.0,fxs,,5,1064.0,66883855.0,120008.0,1064.0,66883855.0,120008.0,62860.76597744361,112.78947368421052
530,dorsal fornix,df,204,204,204,111300,1099.0,fxs,,5,100.0,10820697.0,12880.0,100.0,10820697.0,12880.0,108206.97,128.8
603,fimbria of the hippocampus,fi,204,204,204,111400,1099.0,fxs,,5,2064.0,155826415.0,243632.0,2064.0,155826415.0,243632.0,75497.29408914728,118.03875968992249
737,postcommissural fornix,fxpo,204,204,204,111700,1099.0,fxs,,5,,0.0,0.0,63.0,4200552.0,7748.0,66675.42857142857,122.98412698412699
436,fornix,f,204,204,204,111900,737.0,fxpo,,6,63.0,4200552.0,7748.0,63.0,4200552.0,7748.0,66675.42857142857,122.98412698412699
618,hippocampal commissures,hc,204,204,204,112000,1099.0,fxs,,5,,0.0,0.0,175.0,11844109.0,19483.0,67680.62285714285,111.33142857142857
443,dorsal hippocampal commissure,dhc,204,204,204,112100,618.0,hc,,6,84.0,5214406.0,9502.0,84.0,5214406.0,9502.0,62076.26190476191,113.11904761904762
449,ventral hippocampal commissure,vhc,204,204,204,112200,618.0,hc,,6,91.0,6629703.0,9981.0,91.0,6629703.0,9981.0,72853.87912087912,109.68131868131869
37,longitudinal association bundle,lab,204,204,204,112500,768.0,mfbc,,4,,0.0,0.0,0.0,0.0,0.0,,
301,stria terminalis,st,204,204,204,112600,768.0,mfbc,,4,,0.0,0.0,1010.0,73579199.0,116094.0,72850.69207920792,114.94455445544554
2394,commissural stria terminalis,cmst,204,204,204,112610,301.0,st,,5,,0.0,0.0,0.0,0.0,0.0,,
824,hypothalamus related,mfsbshy,204,204,204,112700,991.0,mfbs,,3,,0.0,0.0,987.0,81942811.0,119616.0,83022.09827760892,121.19148936170212
54,medial forebrain bundle,mfb,204,204,204,112800,824.0,mfsbshy,,4,,0.0,0.0,0.0,0.0,0.0,,
341,retromammillary decussation,rmx,204,204,204,113600,824.0,mfsbshy,,4,3.0,335361.0,537.0,3.0,335361.0,537.0,111787.0,179.0
46,mammillary related,mfbsma,204,204,204,114300,824.0,mfsbshy,,4,,0.0,0.0,110.0,7188396.0,11981.0,65349.05454545454,108.91818181818182
753,principal mammillary tract,pm,204,204,204,114400,46.0,mfbsma,,5,,0.0,0.0,0.0,0.0,0.0,,
690,mammilothalmic tract,mt,204,204,204,114500,46.0,mfbsma,,5,101.0,6286609.0,10805.0,101.0,6286609.0,10805.0,62243.653465346535,106.98019801980197
681,mammillotegmental tract,mtg,204,204,204,114600,46.0,mfbsma,,5,6.0,624078.0,776.0,6.0,624078.0,776.0,104013.0,129.33333333333334
673,mammillary peduncle,mp,204,204,204,114700,46.0,mfbsma,,5,3.0,277709.0,400.0,3.0,277709.0,400.0,92569.66666666667,133.33333333333334
1083,epithalamus related,mfbse,204,204,204,115000,824.0,mfsbshy,,4,,0.0,0.0,874.0,74419054.0,107098.0,85147.6590389016,122.53775743707094
802,stria medullaris,sm,204,204,204,115100,1083.0,mfbse,,5,548.0,47970975.0,65666.0,548.0,47970975.0,65666.0,87538.27554744526,119.82846715328468
595,fasciculus retroflexus,fr,204,204,204,115200,1083.0,mfbse,,5,154.0,10825136.0,19382.0,154.0,10825136.0,19382.0,70293.09090909091,125.85714285714286
611,habenular commissure,hbc,204,204,204,115300,1083.0,mfbse,,5,172.0,15622943.0,22050.0,172.0,15622943.0,22050.0,90831.06395348837,128.19767441860466
73,ventricular systems,VS,170,170,170,115800,997.0,root,,1,,0.0,0.0,24286.0,1961000497.0,2862946.0,80746.12933377255,117.88462488676603
81,lateral ventricle,LV,170,170,170,115900,73.0,VS,,2,,0.0,0.0,14778.0,1261834471.0,1762117.0,85386.01102990932,119.23920692921911
98,ependymal and subendymal layer/olfacotry ventricle,E/OV,170,170,170,116100,81.0,LV,,3,2.0,69771.0,174.0,2.0,69771.0,174.0,34885.5,87.0
108,choroid plexus,chp,170,170,170,116200,81.0,LV,,3,,0.0,0.0,0.0,0.0,0.0,,
124,interventricular foramen,IVF,170,170,170,116400,73.0,VS,,2,,0.0,0.0,0.0,0.0,0.0,,
129,3rd Ventricle,3V,170,170,170,116500,73.0,VS,,2,,0.0,0.0,3793.0,284576796.0,456227.0,75026.83785921434,120.28130767202742
2373,dorsal third ventricle,D3V,170,170,170,116510,129.0,3V,,3,3282.0,240146240.0,392741.0,3282.0,240146240.0,392741.0,73170.70079219987,119.66514320536258
140,aqueduct,Aq,170,170,170,116600,73.0,VS,,2,386.0,26331797.0,43119.0,386.0,26331797.0,43119.0,68217.09067357513,111.70725388601036
145,4th Ventricle,4V,170,170,170,116700,73.0,VS,,2,,0.0,0.0,5329.0,388257433.0,601483.0,72857.46537811973,112.86976918746481
2219,superior medullary velum,SMV,170,170,170,116710,145.0,4V,,3,238.0,14238039.0,26169.0,238.0,14238039.0,26169.0,59823.69327731092,109.95378151260505
153,lateral recess of the 4th ventricle,LR4V,170,170,170,116800,145.0,4V,,3,1975.0,154973299.0,227209.0,1975.0,154973299.0,227209.0,78467.49316455696,115.04253164556962
164,central canal,CC,170,170,170,116900,73.0,VS,,2,,0.0,0.0,0.0,0.0,0.0,,
1024,grooves,grv,170,170,170,117000,997.0,root,,1,,0.0,0.0,62.0,4208166.0,7258.0,67873.64516129032,117.06451612903226
1032,grooves of the cerebral cortex,grv_of_CTX,170,170,170,117100,1024.0,grv,,2,,0.0,0.0,0.0,0.0,0.0,,
1063,hippocampal fissure,hif,170,170,170,117300,1032.0,grv_of_CTX,,3,,0.0,0.0,0.0,0.0,0.0,,
1071,rhinal fissure,rf,170,170,170,117400,1032.0,grv_of_CTX,,3,,0.0,0.0,0.0,0.0,0.0,,
1040,grooves of the cerebellar cortex,grv_of_CBX,170,170,170,117600,1024.0,grv,,2,,0.0,0.0,0.0,0.0,0.0,,
1087,precentral fissure,pcn,170,170,170,117700,1040.0,grv_of_CBX,,3,,0.0,0.0,0.0,0.0,0.0,,
1095,preculminate,pcuf,170,170,170,117800,1040.0,grv_of_CBX,,3,,0.0,0.0,0.0,0.0,0.0,,
1103,primary fissure,prf,170,170,170,117900,1040.0,grv_of_CBX,,3,,0.0,0.0,0.0,0.0,0.0,,
1112,post superior fissure,psf,170,170,170,118000,1040.0,grv_of_CBX,,3,,0.0,0.0,0.0,0.0,0.0,,
1119,prepyramidal fissure,ppf,170,170,170,118100,1040.0,grv_of_CBX,,3,,0.0,0.0,0.0,0.0,0.0,,
3,secondary fissure,sf,170,170,170,118200,1040.0,grv_of_CBX,,3,,0.0,0.0,0.0,0.0,0.0,,
11,posterolateral fissure,plf,170,170,170,118300,1040.0,grv_of_CBX,,3,,0.0,0.0,0.0,0.0,0.0,,
34,intercrural fissure,icf,170,170,170,118600,1040.0,grv_of_CBX,,3,,0.0,0.0,0.0,0.0,0.0,,
43,ansoparamedian fissure,apmf,170,170,170,118700,1040.0,grv_of_CBX,,3,,0.0,0.0,0.0,0.0,0.0,,
65,parafloccular sulcus,pfs,170,170,170,119000,1040.0,grv_of_CBX,,3,,0.0,0.0,0.0,0.0,0.0,,
624,Interpeduncular fossa,IPF,170,170,170,119100,1024.0,grv,,2,62.0,4208166.0,7258.0,62.0,4208166.0,7258.0,67873.64516129032,117.06451612903226
2502,"3rd Ventricle, leaf",3V_leaf,170,170,170,116500,129.0,3V,,3,511.0,44430556.0,63486.0,511.0,44430556.0,63486.0,86948.25048923679,124.23874755381604
103,"lateral ventricle, leaf",LV_leaf,170,170,170,115900,81.0,LV,,3,14776.0,1261764700.0,1761943.0,14776.0,1261764700.0,1761943.0,85392.84650785057,119.2435706551164
1186,"4th Ventricle, leaf",4V_leaf,170,170,170,116700,145.0,4V,,3,3116.0,219046095.0,348105.0,3116.0,219046095.0,348105.0,70297.20635430039,111.71534017971759
396,"rubrospinal tract, leaf",rs_leaf,204,204,204,109700,863.0,rs,,4,72.0,6580317.0,7929.0,72.0,6580317.0,7929.0,91393.29166666667,110.125
1055,"tectospinal tract, leaf",ts_leaf,204,204,204,109300,877.0,ts,,4,38.0,2851428.0,4368.0,38.0,2851428.0,4368.0,75037.57894736843,114.94736842105263
1003,"corpus callosum, leaf",cc_leaf,204,204,204,106100,776.0,cc,,4,755.0,49829715.0,86598.0,755.0,49829715.0,86598.0,65999.6225165563,114.69933774834438
1221,"Midbrain, leaf",MB_leaf,255,200,255,78500,313.0,MB,,4,159.0,13621480.0,20201.0,159.0,13621480.0,20201.0,85669.68553459119,127.0503144654088
1122,"facial nerve, leaf",7n_leaf,204,204,204,100100,798.0,7n,,4,116.0,10299394.0,14546.0,116.0,10299394.0,14546.0,88787.87931034483,125.39655172413794
1274,"vestibulocochlear nerve, leaf",8n_leaf,204,204,204,100400,933.0,8n,,4,467.0,36836896.0,54036.0,467.0,36836896.0,54036.0,78879.86295503212,115.70877944325481
965,"Midbrain, motor related, leaf",MBmot_leaf,255,132,255,79900,323.0,MBmot,,5,92.0,5916301.0,10164.0,92.0,5916301.0,10164.0,64307.61956521739,110.47826086956522
2196,"Medial cerebellar nucleus, leaf",Med_leaf,240,240,82,63000,989.0,Med,,5,31.0,1792905.0,3369.0,31.0,1792905.0,3369.0,57835.645161290326,108.6774193548387
447,"Cortical subplate, leaf",CTXsp_leaf,80,255,80,46400,703.0,CTXsp,,5,45.0,3483178.0,4977.0,45.0,3483178.0,4977.0,77403.95555555556,110.6
751,"sensory root of the trigeminal nerve, leaf",s5_leaf,204,204,204,99800,229.0,s5,,5,1020.0,96806278.0,122641.0,1020.0,96806278.0,122641.0,94908.11568627451,120.23627450980392
2503,"stria terminalis, leaf",st_leaf,204,204,204,112600,301.0,st,,5,1010.0,73579199.0,116094.0,1010.0,73579199.0,116094.0,72850.69207920792,114.94455445544554
838,"superior cerebellar peduncle, leaf",scp_leaf,204,204,204,104500,326.0,scp,,5,200.0,13455210.0,23192.0,200.0,13455210.0,23192.0,67276.05,115.96
1378,"Thalamus, leaf",TH_leaf,255,112,128,63500,549.0,TH,,5,9.0,592523.0,804.0,9.0,592523.0,804.0,65835.88888888889,89.33333333333333
1350,"Pons, leaf",P_leaf,255,155,136,84700,771.0,P,,5,230.0,19443179.0,26615.0,230.0,19443179.0,26615.0,84535.56086956522,115.71739130434783
2171,"middle cerebellar peduncle, leaf",mcp_leaf,204,204,204,105000,78.0,mcp,,5,1349.0,108992453.0,157686.0,1349.0,108992453.0,157686.0,80794.99851742032,116.89103039288362
521,"inferior cerebellar peduncle, leaf",icp_leaf,204,204,204,105100,1123.0,icp,,5,803.0,64225814.0,93873.0,803.0,64225814.0,93873.0,79982.33374844334,116.90286425902865
584,"forceps minor of the corpus callosum, leaf",fmi_leaf,204,204,204,106200,956.0,fmi,,5,696.0,62904947.0,82112.0,696.0,62904947.0,82112.0,90380.6709770115,117.97701149425288
855,"Medulla, leaf",MY_leaf,255,160,176,89400,354.0,MY,,5,251.0,20499651.0,30083.0,251.0,20499651.0,30083.0,81671.91633466135,119.85258964143426
2113,"Oculomotor nerve, leaf",3N_leaf,255,168,255,82800,35.0,3N,,6,53.0,3148521.0,5642.0,53.0,3148521.0,5642.0,59406.056603773584,106.45283018867924
2106,"Retroisthmic nucleus, leaf",RIs_leaf,255,178,249,80200,246.0,RIs,,6,7.0,610903.0,907.0,7.0,610903.0,907.0,87271.85714285714,129.57142857142858
1999,"Claustrum, leaf",Cl_leaf,80,255,85,46600,583.0,Cl,,6,468.0,28562344.0,55497.0,468.0,28562344.0,55497.0,61030.64957264957,118.58333333333333
1163,"Ventral pallidum, leaf",VeP_leaf,160,208,176,52000,835.0,VeP,,6,701.0,41523798.0,73515.0,701.0,41523798.0,73515.0,59235.089871611985,104.8716119828816
2084,"Interstitial nucleus of Cajal, leaf",InC_leaf,255,145,255,81700,67.0,InC,,6,22.0,1355120.0,2417.0,22.0,1355120.0,2417.0,61596.36363636364,109.86363636363636
572,"Olfactory areas, leaf",OLF_leaf,144,255,144,29900,698.0,OLF,,6,76.0,6293622.0,9020.0,76.0,6293622.0,9020.0,82810.81578947368,118.6842105263158
2083,"Periaqueductal gray, leaf",PAG_leaf,255,144,255,81500,795.0,PAG,,6,78.0,5931880.0,8918.0,78.0,5931880.0,8918.0,76049.7435897436,114.33333333333333
602,"Striatum ventral region, leaf",STRv_leaf,160,232,232,48300,493.0,STRv,,6,421.0,24992186.0,43791.0,421.0,24992186.0,43791.0,59363.862232779094,104.0166270783848
2045,"Lateral amygdaloid nucleus, leaf",La_leaf,80,255,88,47000,131.0,La,,6,,0.0,0.0,0.0,0.0,0.0,,
1998,"Trochlear nucleus, leaf",4N_leaf,255,178,255,83000,115.0,4N,,6,9.0,1068664.0,1410.0,9.0,1068664.0,1410.0,118740.44444444444,156.66666666666666
86,"decussation of the superior cerebellar peduncle, leaf",xscp_leaf,204,204,204,104600,812.0,xscp,,6,171.0,10162696.0,17246.0,171.0,10162696.0,17246.0,59430.97076023392,100.85380116959064
1997,"Ventral tegmental area, leaf",VTA_leaf,255,178,246,80100,749.0,VTA,,6,121.0,8265968.0,13620.0,121.0,8265968.0,13620.0,68313.78512396694,112.56198347107438
1996,"Substantia nigra, compact part, leaf",SNC_leaf,255,158,248,83800,374.0,SNC,,6,5.0,165978.0,430.0,5.0,165978.0,430.0,33195.6,86.0
1995,"Edinger-Westphal nucleus, leaf",EW_leaf,255,178,253,82900,975.0,EW,,6,30.0,1766154.0,3078.0,30.0,1766154.0,3078.0,58871.8,102.6
1994,"Red nucleus, leaf",R_leaf,255,134,249,82700,214.0,R,,6,7.0,479017.0,938.0,7.0,479017.0,938.0,68431.0,134.0
1310,"Medulla, motor related, leaf",MY-mot_leaf,255,212,219,92200,370.0,MY-mot,,6,36.0,3645092.0,4287.0,36.0,3645092.0,4287.0,101252.55555555556,119.08333333333333
1993,"Cuneiform nucleus, leaf",CnF_leaf,255,178,254,82600,616.0,CnF,,6,37.0,2223662.0,4082.0,37.0,2223662.0,4082.0,60098.97297297297,110.32432432432432
1992,"Pedunculotegmental nucleus, leaf",PTg_leaf,255,158,255,83900,1052.0,PTg,,6,235.0,15330683.0,26268.0,235.0,15330683.0,26268.0,65236.948936170214,111.77872340425532
420,"Subparafascicular thalamic nucleus, leaf",SPF_leaf,255,112,165,64500,406.0,SPF,,7,40.0,2591980.0,4432.0,40.0,2591980.0,4432.0,64799.5,110.8
2504,"Botzinger complex, leaf",Bo_leaf,255,212,198,95040,2468.0,Bo,,7,,0.0,0.0,0.0,0.0,0.0,,
2505,"Barrington's nucleus, leaf",Bar_leaf,255,174,80,87100,280.0,Bar,,7,6.0,720944.0,890.0,6.0,720944.0,890.0,120157.33333333333,148.33333333333334
627,"Parabrachial nucleus, leaf",PB_leaf,255,170,96,85400,867.0,PB,,7,7.0,321054.0,598.0,7.0,321054.0,598.0,45864.857142857145,85.42857142857143
1019,"Frontal association cortex, leaf",FrA_leaf,112,255,113,600,184.0,FrA,,7,147.0,8558717.0,15903.0,147.0,8558717.0,15903.0,58222.56462585034,108.18367346938776
2506,"Motor trigeminal nucleus, leaf",5N_leaf,255,174,104,88200,621.0,5N,,7,3.0,201246.0,344.0,3.0,201246.0,344.0,67082.0,114.66666666666667
889,"Vestibulocerebellar nucleus, leaf",VeCb_leaf,255,212,201,95900,701.0,VeCb,,7,58.0,3113546.0,5869.0,58.0,3113546.0,5869.0,53681.8275862069,101.1896551724138
1991,"Medial tuberal nucleus, leaf",MTu_leaf,255,79,86,78000,614.0,MTu,,7,64.0,3723487.0,7116.0,64.0,3723487.0,7116.0,58179.484375,111.1875
1093,"Ventromedial hypothalamic nucleus, leaf",VMH_leaf,255,78,91,76700,693.0,VMH,,7,15.0,794535.0,1616.0,15.0,794535.0,1616.0,52969.0,107.73333333333333
2507,"Intercalated nuclei of the amygdala, leaf",I_leaf,184,208,248,50700,1105.0,I,,7,5.0,179588.0,433.0,5.0,179588.0,433.0,35917.6,86.6
1990,"Dorsal raphÈ nucleus, leaf",DR_leaf,255,158,252,84500,872.0,DR,,7,34.0,2111169.0,3881.0,34.0,2111169.0,3881.0,62093.205882352944,114.1470588235294
563,"Perihinal cortex, leaf",PRh_leaf,112,255,117,28700,922.0,PRh,,7,28.0,944243.0,2430.0,28.0,944243.0,2430.0,33722.96428571428,86.78571428571429
884,"Midline group of the dorsal thalamus, leaf",MTN_leaf,255,134,134,67900,571.0,MTN,,7,30.0,1974244.0,3103.0,30.0,1974244.0,3103.0,65808.13333333333,103.43333333333334
1989,"Arcuate hypothalamic nucleus, leaf",Arc_leaf,255,76,79,71800,223.0,Arc,,7,186.0,11629145.0,20745.0,186.0,11629145.0,20745.0,62522.284946236556,111.53225806451613
1143,"Amygdalopiriform transition area, leaf",Apir_leaf,160,255,166,36900,566.0,Apir,,7,51.0,4108038.0,5732.0,51.0,4108038.0,5732.0,80549.76470588235,112.3921568627451
179,"Anterior olfactory area, leaf",AO_leaf,144,255,184,31000,159.0,AO,,7,137.0,6974563.0,14043.0,137.0,6974563.0,14043.0,50909.21897810219,102.5036496350365
1988,"Retrochiasmatic area, leaf",RCh_leaf,255,79,84,77800,173.0,RCh,,7,172.0,8922411.0,18406.0,172.0,8922411.0,18406.0,51874.482558139534,107.01162790697674
555,"Nucleus of the lateral olfactory tract, leaf",LOT_leaf,160,255,170,34100,619.0,LOT,,7,88.0,9536461.0,11273.0,88.0,9536461.0,11273.0,108368.875,128.10227272727272
539,"Temporal association cortex, leaf",TeA _leaf,112,255,122,28000,541.0,TeA ,,7,15.0,746188.0,1807.0,15.0,746188.0,1807.0,49745.86666666667,120.46666666666667
1987,"Interstitial nucleus of the posterior limb of the anterior commissure, leaf",IPAC_leaf,160,228,224,48500,998.0,IPAC,,7,,0.0,0.0,0.0,0.0,0.0,,
1986,"Suprachiasmatic nucleus, leaf",SCh_leaf,255,77,94,73700,286.0,SCh,,7,83.0,5220794.0,8949.0,83.0,5220794.0,8949.0,62901.132530120485,107.81927710843374
858,"Ectorhinal cortex, leaf",Ect_leaf,112,255,115,29300,895.0,Ect,,7,192.0,8380988.0,17858.0,192.0,8380988.0,17858.0,43650.979166666664,93.01041666666667
1985,"Supraoptic nucleus, leaf",SO_leaf,255,76,60,70200,390.0,SO,,7,9.0,320685.0,683.0,9.0,320685.0,683.0,35631.666666666664,75.88888888888889
1984,"Nucleus of the posterior commissure, leaf",PCom_leaf,255,176,246,82300,634.0,PCom,,7,21.0,1081851.0,1965.0,21.0,1081851.0,1965.0,51516.71428571428,93.57142857142857
1983,"Abducens nucleus, leaf",6N_leaf,255,212,225,92300,653.0,6N,,7,,0.0,0.0,0.0,0.0,0.0,,
1982,"Lateral hypothalamic area, leaf",LH_leaf,255,79,81,77300,194.0,LH,,7,2902.0,177761924.0,311834.0,2902.0,177761924.0,311834.0,61254.97036526533,107.45485871812544
1619,"Solitary nucleus, leaf",Sol_leaf,255,178,176,90700,651.0,Sol,,7,2.0,53343.0,143.0,2.0,53343.0,143.0,26671.5,71.5
1981,"Anterior pretectal nucleus, leaf",APT_leaf,255,176,249,82000,215.0,APT,,7,45.0,3401536.0,5695.0,45.0,3401536.0,5695.0,75589.6888888889,126.55555555555556
1980,"Principal sensory trigeminal nucleus, leaf",Pr5_leaf,255,170,95,85300,7.0,Pr5,,7,443.0,40896597.0,52184.0,443.0,40896597.0,52184.0,92317.37471783295,117.79683972911964
730,"Olfactory tubercle, leaf",Tu_leaf,160,224,224,48600,754.0,Tu,,7,1275.0,88850766.0,138643.0,1275.0,88850766.0,138643.0,69686.87529411765,108.73960784313725
1398,"Lateral paragigantocellular nucleus, leaf",LPGi_leaf,255,212,198,94800,938.0,LPGi,,7,,0.0,0.0,0.0,0.0,0.0,,
964,"Lateral reticular nucleus, leaf",LRt_leaf,255,212,193,93900,235.0,LRt,,7,,0.0,0.0,0.0,0.0,0.0,,
1979,"Dorsomedial hypothalamic nucleus, leaf",DM_leaf,255,77,85,72400,830.0,DM,,7,237.0,18192639.0,28146.0,237.0,18192639.0,28146.0,76762.18987341772,118.75949367088607
2508,"Inferior olivary nucleus, leaf",IO_leaf,255,212,189,93500,83.0,IO,,7,,0.0,0.0,0.0,0.0,0.0,,
1978,"Central gray, leaf",CG_leaf,255,174,120,87400,898.0,CG,,7,201.0,11692719.0,21869.0,201.0,11692719.0,21869.0,58172.73134328358,108.80099502487562
2509,"Facial nucleus, leaf",7N_leaf,255,212,234,92500,661.0,7N,,7,,0.0,0.0,0.0,0.0,0.0,,
1977,"Reticulotegmental nucleus of the pons, leaf",RtTg_leaf,255,174,81,88100,574.0,RtTg,,7,92.0,8076497.0,9913.0,92.0,8076497.0,9913.0,87788.01086956522,107.75
1976,"Medial preoptic area, leaf",MPA_leaf,255,77,87,72900,523.0,MPA,,7,990.0,67014624.0,109381.0,990.0,67014624.0,109381.0,67691.5393939394,110.48585858585858
1975,"Intermediate reticular nucleus, leaf",IRt_leaf,255,212,187,93600,136.0,IRt,,7,49.0,2598069.0,5428.0,49.0,2598069.0,5428.0,53021.816326530614,110.77551020408163
1974,"Gigantocellular reticular nucleus, leaf",Gi_leaf,255,212,187,93300,1048.0,Gi,,7,41.0,2088234.0,4076.0,41.0,2088234.0,4076.0,50932.53658536585,99.41463414634147
1973,"Parvicellular reticular nucleus, leaf",PCRt_leaf,255,212,196,94600,852.0,PCRt,,7,7.0,229208.0,506.0,7.0,229208.0,506.0,32744.0,72.28571428571429
1972,"External cortex of the inferior colliculus, leaf",ECIC_leaf,255,152,255,79400,828.0,ECIC,,7,275.0,22980360.0,34172.0,275.0,22980360.0,34172.0,83564.94545454545,124.26181818181819
1971,"RaphÈ magnus nucleus, leaf",RMg_leaf,255,176,193,96900,206.0,RMg,,7,14.0,1061044.0,1325.0,14.0,1061044.0,1325.0,75788.85714285714,94.64285714285714
1863,"Zona incerta, leaf",ZI_leaf,255,79,87,78100,797.0,ZI,,7,202.0,9882866.0,18933.0,202.0,9882866.0,18933.0,48925.07920792079,93.72772277227723
1134,"Paralemniscal nucleus, leaf",PL_leaf,255,170,97,84900,612.0,PL,,7,139.0,10476376.0,16717.0,139.0,10476376.0,16717.0,75369.61151079136,120.26618705035972
1115,"Paramedian reticular nucleus, leaf",PMn_leaf,255,212,195,94300,395.0,PMn,,7,,0.0,0.0,0.0,0.0,0.0,,
47,"Spinal trigeminal nucleus, oral part, leaf",Sp5O_leaf,255,176,182,91500,445.0,Sp5O,,7,55.0,4932635.0,6190.0,55.0,4932635.0,6190.0,89684.27272727272,112.54545454545455
1341,"Medial geniculate nucleus, leaf",MG_leaf,255,112,162,65100,475.0,MG,,8,24.0,1444923.0,2493.0,24.0,1444923.0,2493.0,60205.125,103.875
2510,"Ventral orbital cortex, leaf",VO_leaf,125,255,128,22600,738.0,VO,,8,177.0,10839179.0,21003.0,177.0,10839179.0,21003.0,61238.299435028246,118.66101694915254
1970,"Xiphoid thalamic nucleus, leaf",Xi_leaf,255,133,134,68110,2038.0,Xi,,8,24.0,1462526.0,2565.0,24.0,1462526.0,2565.0,60938.583333333336,106.875
10691,"Parasubiculum, leaf",PaS_leaf,129,255,160,44300,843.0,PaS,,8,1.0,44588.0,110.0,1.0,44588.0,110.0,44588.0,110.0
1969,"Posterior thalamic nuclear group, leaf",Po_leaf,255,134,130,65900,1020.0,Po,,8,180.0,13441510.0,21002.0,180.0,13441510.0,21002.0,74675.05555555556,116.67777777777778
1124,"Anteromedial thalamic nucleus, leaf",AM_leaf,255,136,134,66400,1096.0,AM,,8,194.0,11231368.0,20581.0,194.0,11231368.0,20581.0,57893.64948453608,106.08762886597938
1968,"Pregeniculate nucleus of the prethalamus, leaf",PrG_leaf,255,135,135,69200,178.0,PrG,,8,38.0,2020927.0,4101.0,38.0,2020927.0,4101.0,53182.28947368421,107.92105263157895
635,"Medial orbital cortex, leaf",MO_leaf,126,255,128,22000,731.0,MO,,8,153.0,8228370.0,15593.0,153.0,8228370.0,15593.0,53780.19607843137,101.91503267973856
1155,"Subiculum, leaf",SUB_leaf,128,255,151,45500,502.0,SUB,,8,4.0,339050.0,483.0,4.0,339050.0,483.0,84762.5,120.75
1967,"Paracentral thalamic nucleus, leaf",PC_leaf,255,132,132,68600,907.0,PC,,8,260.0,15823023.0,27857.0,260.0,15823023.0,27857.0,60857.78076923077,107.1423076923077
480,"Lateral orbital cortex, leaf",LO_leaf,127,255,128,21400,723.0,LO,,8,61.0,2647147.0,5880.0,61.0,2647147.0,5880.0,43395.852459016394,96.39344262295081
2511,"Intercalated nucleus, leaf",In_leaf,255,212,219,95200,161.0,In,,8,8.0,550621.0,992.0,8.0,550621.0,992.0,68827.625,124.0
1656,"Medial mammillary nucleus, medial part, leaf",MM_leaf,255,78,84,74800,491.0,MM,,8,239.0,15720129.0,25090.0,239.0,15720129.0,25090.0,65774.59832635983,104.97907949790795
1292,"Lateral parabrachial nucleus, leaf",LPB_leaf,255,169,96,85600,881.0,LPB,,8,48.0,3003086.0,5408.0,48.0,3003086.0,5408.0,62564.291666666664,112.66666666666667
641,"Mediodorsal thalamic nucleus, leaf",MD_leaf,255,144,163,67300,362.0,MD,,8,238.0,14801795.0,27805.0,238.0,14801795.0,27805.0,62192.41596638656,116.82773109243698
1966,"Anterior hypothalamic area, posterior part, leaf",AHP_leaf,255,78,81,74500,724.0,AHP,,8,60.0,4235646.0,6658.0,60.0,4235646.0,6658.0,70594.1,110.96666666666667
7346,"Dentate gyrus, leaf",DG_leaf,114,250,114,39300,726.0,DG,,8,235.0,17218702.0,28390.0,235.0,17218702.0,28390.0,73271.07234042553,120.80851063829788
2512,"Cuneate nucleus, leaf",Cu_leaf,255,177,177,90300,711.0,Cu,,8,107.0,6320728.0,11014.0,107.0,6320728.0,11014.0,59072.22429906542,102.93457943925233
1965,"Medial septal nucleus, leaf",MS_leaf,118,224,176,52500,564.0,MS,,8,63.0,3609477.0,6493.0,63.0,3609477.0,6493.0,57293.28571428572,103.06349206349206
1964,"Dorsal cochlear nucleus, leaf",DC_leaf,255,155,205,90000,96.0,DC,,8,79.0,6468642.0,9180.0,79.0,6468642.0,9180.0,81881.54430379746,116.20253164556962
2513,"Laterodorsal tegmental nucleus, dorsal part, leaf",LDTg_leaf,255,172,117,88810,162.0,LDTg,,8,18.0,1193080.0,1934.0,18.0,1193080.0,1934.0,66282.22222222222,107.44444444444444
894,"Medial parabrachial nucleus, leaf",MPB_leaf,255,168,96,86200,890.0,MPB,,8,69.0,3981441.0,7027.0,69.0,3981441.0,7027.0,57702.04347826087,101.84057971014492
937,"Primary visual cortex, leaf",V1_leaf,112,255,98,17600,385.0,V1,,8,70.0,3782179.0,7376.0,70.0,3782179.0,7376.0,54031.12857142857,105.37142857142857
1125,"Retromamillary nucleus, leaf",RM_leaf,255,78,85,75000,525.0,RM,,8,50.0,3558147.0,5649.0,50.0,3558147.0,5649.0,71162.94,112.98
2514,"Submedius thalamic nucleus, leaf",Sub_leaf,255,144,161,67700,366.0,Sub,,8,25.0,1039055.0,2187.0,25.0,1039055.0,2187.0,41562.2,87.48
1963,"Posterior hypothalamic nucleus, leaf",PH_leaf,255,79,83,77150,946.0,PH,,8,30.0,1833717.0,3304.0,30.0,1833717.0,3304.0,61123.9,110.13333333333334
1962,"Medial vestibular nucleus, leaf",MVe_leaf,255,216,201,96100,202.0,MVe,,8,279.0,18409117.0,29136.0,279.0,18409117.0,29136.0,65982.4982078853,104.43010752688173
1961,"Lateral habenular nucleus, leaf",LHb_leaf,255,135,144,69800,186.0,LHb,,8,178.0,15012245.0,21802.0,178.0,15012245.0,21802.0,84338.45505617978,122.48314606741573
1960,"Anteroventral thalamic nucleus, leaf",AV_leaf,255,136,133,66300,255.0,AV,,8,220.0,17842315.0,26564.0,220.0,17842315.0,26564.0,81101.43181818182,120.74545454545455
389,"Dorsolateral entorhinal cortex, leaf",DLEnt_leaf,128,255,145,41350,918.0,DLEnt,,9,,0.0,0.0,0.0,0.0,0.0,,
2515,"Ventral posteromedial thalamic nucleus, leaf",VPM_leaf,255,108,147,64200,733.0,VPM,,9,166.0,10698503.0,18278.0,166.0,10698503.0,18278.0,64448.81325301205,110.10843373493977
2516,"Medial vestibular nucleus, parvicellular part, leaf",MVePC_leaf,255,216,201,96120,2233.0,MVePC,,9,387.0,25220114.0,41107.0,387.0,25220114.0,41107.0,65168.25322997416,106.21963824289406
2517,"Caudoputamen- caudal, intermediate, leaf","CPc, i_leaf",160,216,248,48255,2494.0,"CPc, i",,9,258.0,18796627.0,29838.0,258.0,18796627.0,29838.0,72855.14341085272,115.65116279069767
833,"Dorsal subiculum, leaf",DS_leaf,129,255,151,45600,509.0,DS,,9,111.0,7623654.0,13740.0,111.0,7623654.0,13740.0,68681.56756756757,123.78378378378379
876,"Ventral subiculum, leaf",VeS_leaf,130,255,151,46000,518.0,VeS,,9,172.0,12478156.0,20117.0,172.0,12478156.0,20117.0,72547.41860465116,116.95930232558139
2518,"Medial entorhinal cortex, leaf",MEnt_leaf,80,140,140,44220,2159.0,MEnt,,9,553.0,38639796.0,57624.0,553.0,38639796.0,57624.0,69873.04882459313,104.20253164556962
1959,"Paraventricular hypothalamic nucleus, anterior parivcellular part, leaf",PaAP_leaf,255,76,69,71300,55.0,PaAP,,9,40.0,4717186.0,5322.0,40.0,4717186.0,5322.0,117929.65,133.05
2519,"Caudoputamen- caudal, dorsal, leaf","CPc, d_leaf",160,216,248,48251,2493.0,"CPc, d",,9,306.0,16785957.0,32231.0,306.0,16785957.0,32231.0,54856.06862745098,105.33006535947712
2520,"Caudomedial entothinal cortex, leaf",CEnt_leaf,80,140,140,44280,2161.0,CEnt,,9,313.0,24540012.0,37723.0,313.0,24540012.0,37723.0,78402.59424920128,120.52076677316293
249,"Posteromedial cortical amygdaloid area, leaf",PMCo_leaf,160,255,181,35800,663.0,PMCo,,9,107.0,7089028.0,10722.0,107.0,7089028.0,10722.0,66252.59813084113,100.20560747663552
710,"Primary somatosensory area, undefined, layer 1, leaf",S1-1_leaf,0,177,92,2900,793.0,S1-1,,9,702.0,41788418.0,81789.0,702.0,41788418.0,81789.0,59527.660968660966,116.50854700854701
