id,acronym,name,red,green,blue,structure_order,parent_id,parent_acronym,collapse,depth,size_by_voxel,newsize_by_voxel,newsize,ancestor_default_acronym,cleaned_acronym,curated_list,counts,raw_cell_intensity,raw_cell_size,newcounts,newcellintensity,newcellsize,normalized_cellintensity,normalized_cellsize
567,CH,Cerebrum,176.0,240.0,255.0,200.0,8.0,grey,,2.0,,13311072.0,266.22144,,CH,False,,0.0,0.0,1990602.0,26500423063.0,56827038.0,13312.768229409998,28.547664475369764
688,CTX,Cerebral cortex,176.0,255.0,184.0,300.0,567.0,CH,,3.0,,10588372.0,211.76744,,CTX,False,,0.0,0.0,1451145.0,19580177448.0,42320720.0,13492.915902959387,29.163674202095585
695,CTXpl,Cortical plate,112.0,255.0,112.0,400.0,688.0,CTX,,4.0,,10115392.0,202.30784,CTXpl,CTXpl,False,,0.0,0.0,1349386.0,17641238674.0,39341968.0,13073.530238197225,29.15545885313765
315,Isocortex,Isocortex,112.0,255.0,113.0,500.0,695.0,CTXpl,,5.0,,6153864.0,123.07728,Isocortex,Isocortex,False,,0.0,0.0,975252.0,11319820967.0,28361275.0,11607.07280477251,29.080970867016934
184,FrA,Frontal association cortex,112.0,255.0,113.0,600.0,315.0,Isocortex,,6.0,,121402.0,2.42804,Isocortex,FrA,True,,0.0,0.0,22516.0,288953241.0,651296.0,12833.240406821815,28.925919346242672
1019,FrA_leaf,"Frontal association cortex, leaf",112.0,255.0,113.0,600.0,184.0,FrA,,7.0,6638.0,6638.0,0.13276,Isocortex,misc,False,737.0,9334478.0,21809.0,737.0,9334478.0,21809.0,12665.506105834464,29.59158751696065
68,FrA-1,"Frontal pole, layer 1",121.0,161.0,59.0,700.0,184.0,FrA,,7.0,35066.0,35066.0,0.70132,Isocortex,1,False,5612.0,68450959.0,162560.0,5612.0,68450959.0,162560.0,12197.24857448325,28.96650035637919
667,FrA-2/3,"Frontal pole, layer 2/3",132.0,165.0,74.0,800.0,184.0,FrA,,7.0,58110.0,58110.0,1.1622,Isocortex,2.3,False,14359.0,189074056.0,412638.0,14359.0,189074056.0,412638.0,13167.633957796505,28.73723796921791
2325,FrA-5,"Frontal pole, layer 5",132.0,165.0,74.0,810.0,184.0,FrA,,7.0,21588.0,21588.0,0.43176,Isocortex,5,False,1808.0,22093748.0,54289.0,1808.0,22093748.0,54289.0,12219.993362831858,30.027101769911503
500,M,motor cortex,112.0,255.0,116.0,900.0,315.0,Isocortex,,6.0,,925232.0,18.50464,Isocortex,M,False,,0.0,0.0,159940.0,1527408535.0,4775357.0,9549.884550456421,29.857177691634362
985,M1,Primary motor cortex,112.0,255.0,116.0,1500.0,500.0,M,,7.0,,446364.0,8.92728,Isocortex,M1,True,,0.0,0.0,86103.0,828247868.0,2524459.0,9619.268411089044,29.319059730787544
320,M1-1,"Primary motor cortex, layer 1",112.0,255.0,116.0,1510.0,985.0,M1,,8.0,57236.0,57236.0,1.14472,Isocortex,1,False,7799.0,62551421.0,226556.0,7799.0,62551421.0,226556.0,8020.441210411591,29.049365303244006
943,M1-2/3,"Primary motor cortex, layer 2/3",112.0,255.0,116.0,1520.0,985.0,M1,,8.0,153782.0,153782.0,3.07564,Isocortex,2.3,False,35514.0,324688668.0,1007395.0,35514.0,324688668.0,1007395.0,9142.554147660077,28.366137297967
648,M1-5,"Primary motor cortex, layer 5",112.0,255.0,116.0,1530.0,985.0,M1,,8.0,103032.0,103032.0,2.06064,Isocortex,5,False,17634.0,190011316.0,536993.0,17634.0,190011316.0,536993.0,10775.281615061813,30.452137915390722
882,M1-6b,"Primary motor cortex, layer 6b",112.0,255.0,116.0,1540.0,985.0,M1,,8.0,20286.0,20286.0,0.40572,Isocortex,6b,False,1795.0,12850060.0,53275.0,1795.0,12850060.0,53275.0,7158.807799442897,29.67966573816156
844,M1-6a,"Primary motor cortex, layer 6a",112.0,255.0,116.0,1540.0,985.0,M1,,8.0,80772.0,80772.0,1.61544,Isocortex,6a,False,16741.0,156561501.0,504430.0,16741.0,156561501.0,504430.0,9351.980228182307,30.131413894032615
2017,FrC3,"Frontal cortex, area 3",132.0,165.0,74.0,2010.0,985.0,M1,,8.0,,31256.0,0.62512,Isocortex,FrC3,False,,0.0,0.0,6620.0,81584902.0,195810.0,12324.00332326284,29.578549848942597
2335,FrC3-2/3,"Frontal cortex, area 3, layer2/3",132.0,165.0,74.0,2020.0,2017.0,FrC3,,9.0,13038.0,13038.0,0.26076,Isocortex,2.3,False,2917.0,37841505.0,86334.0,2917.0,37841505.0,86334.0,12972.747685978746,29.596846074734316
2334,FrC3-1,"Frontal cortex, area 3, layer1",132.0,165.0,74.0,2020.0,2017.0,FrC3,,9.0,5204.0,5204.0,0.10408,Isocortex,1,False,816.0,9159799.0,23865.0,816.0,9159799.0,23865.0,11225.24387254902,29.246323529411764
2336,FrC3-5,"Frontal cortex, area 3, layer5",132.0,165.0,74.0,2040.0,2017.0,FrC3,,9.0,9688.0,9688.0,0.19376,Isocortex,5,False,2029.0,24905807.0,60383.0,2029.0,24905807.0,60383.0,12274.917200591424,29.7599802858551
2337,FrC3-6a,"Frontal cortex, area 3, layer6a",132.0,165.0,74.0,2050.0,2017.0,FrC3,,9.0,3108.0,3108.0,0.06216,Isocortex,6a,False,825.0,9380376.0,24185.0,825.0,9380376.0,24185.0,11370.152727272727,29.315151515151516
2351,FrC3-6b,"Frontal cortex, area 3, layer6b",132.0,165.0,74.0,2060.0,2017.0,FrC3,,9.0,218.0,218.0,0.00436,Isocortex,6b,False,33.0,297415.0,1043.0,33.0,297415.0,1043.0,9012.575757575758,31.606060606060606
993,M2,Secondary motor cortex,112.0,255.0,116.0,2100.0,500.0,M,,7.0,,478868.0,9.57736,Isocortex,M2,True,,0.0,0.0,73837.0,699160667.0,2250898.0,9468.97445725043,30.484689247938025
656,M2-1,"Secondary motor cortex, layer 1",63.0,147.0,68.0,2200.0,993.0,M2,,8.0,88822.0,88822.0,1.77644,Isocortex,1,False,10393.0,88223063.0,320648.0,10393.0,88223063.0,320648.0,8488.700375252574,30.85230443567786
962,M2-2/3,"Secondary motor cortex, layer 2/3",83.0,152.0,86.0,2300.0,993.0,M2,,8.0,173722.0,173722.0,3.47444,Isocortex,2.3,False,33153.0,306707111.0,994844.0,33153.0,306707111.0,994844.0,9251.262660995988,30.00766144843604
767,M2-5,"Secondary motor cortex, layer 5",101.0,157.0,97.0,2400.0,993.0,M2,,8.0,139392.0,139392.0,2.78784,Isocortex,5,False,16879.0,178327459.0,525754.0,16879.0,178327459.0,525754.0,10565.048818057941,31.148409265951774
1021,M2-6a,"Secondary motor cortex, layer 6a",129.0,174.0,115.0,2500.0,993.0,M2,,8.0,72176.0,72176.0,1.44352,Isocortex,6a,False,12762.0,121603169.0,391197.0,12762.0,121603169.0,391197.0,9528.535417646137,30.65326751292901
1085,M2-6b,"Secondary motor cortex, layer 6b",139.0,178.0,127.0,2600.0,993.0,M2,,8.0,4756.0,4756.0,0.09512,Isocortex,6b,False,650.0,4299865.0,18455.0,650.0,4299865.0,18455.0,6615.176923076923,28.392307692307693
453,S,Somatosensory cortex,112.0,255.0,121.0,2700.0,315.0,Isocortex,,6.0,,2004460.0,40.0892,Isocortex,S,False,,0.0,0.0,382439.0,4614170335.0,10788382.0,12065.114528068529,28.209419018457847
322,S1,Primary somatosensory cortex,112.0,255.0,121.0,2800.0,453.0,S,,7.0,,1656534.0,33.13068,Isocortex,S1,True,,0.0,0.0,296795.0,3263514255.0,8373463.0,10995.853215182196,28.21295170066881
793,S1-1,"Primary somatosensory area, undefined, layer 1",0.0,177.0,92.0,2900.0,322.0,S1,,8.0,,70292.0,1.40584,Isocortex,1,False,,0.0,0.0,10729.0,109896547.0,325933.0,10242.944076801194,30.378693261254544
710,S1-1_leaf,"Primary somatosensory area, undefined, layer 1, leaf",0.0,177.0,92.0,2900.0,793.0,S1-1,,9.0,9556.0,9556.0,0.19112,Isocortex,misc,False,976.0,7908898.0,28425.0,976.0,7908898.0,28425.0,8103.379098360656,29.123975409836067
346,S1-2/3,"Primary somatosensory area, undefined, layer 2/3",67.0,185.0,112.0,3000.0,793.0,S1-1,,9.0,14958.0,14958.0,0.29916,Isocortex,2.3,False,2601.0,22052349.0,74014.0,2601.0,22052349.0,74014.0,8478.411764705883,28.4559784698193
865,S1-4,"Primary somatosensory area, undefined, layer 4",93.0,191.0,126.0,3100.0,793.0,S1-1,,9.0,15350.0,15350.0,0.307,Isocortex,4,False,2386.0,24795908.0,71879.0,2386.0,24795908.0,71879.0,10392.249790444259,30.125314333612742
921,S1-5,"Primary somatosensory area, undefined, layer 5",116.0,197.0,139.0,3200.0,793.0,S1-1,,9.0,14714.0,14714.0,0.29428,Isocortex,5,False,2561.0,28324419.0,82706.0,2561.0,28324419.0,82706.0,11059.905896134322,32.29441624365482
686,S1-6a,"Primary somatosensory area, undefined, layer 6a",138.0,204.0,153.0,3300.0,793.0,S1-1,,9.0,11810.0,11810.0,0.2362,Isocortex,6a,False,1891.0,22742529.0,59236.0,1891.0,22742529.0,59236.0,12026.72078265468,31.325224748810154
719,S1-6b,"Primary somatosensory area,, undefined, layer 6b",163.0,213.0,170.0,3400.0,793.0,S1-1,,9.0,3904.0,3904.0,0.07808,Isocortex,6b,False,314.0,4072444.0,9673.0,314.0,4072444.0,9673.0,12969.566878980891,30.805732484076433
2338,S1J,"Primary somatosensory area, jaw",163.0,213.0,170.0,3410.0,322.0,S1,,8.0,,182110.0,3.6422,Isocortex,J,False,,0.0,0.0,43385.0,540276614.0,1265262.0,12453.073965656333,29.163581883139333
2339,S1J-1,"Primary somatosensory area, jaw, layer 1",163.0,213.0,170.0,3420.0,2338.0,S1J,,9.0,25880.0,25880.0,0.5176,Isocortex,1,False,4589.0,43695209.0,132073.0,4589.0,43695209.0,132073.0,9521.72782741338,28.78034430159076
2340,S1J-2/3,"Primary somatosensory area, jaw, layer 2/3",163.0,213.0,170.0,3430.0,2338.0,S1J,,9.0,39900.0,39900.0,0.798,Isocortex,2.3,False,13695.0,159187367.0,382687.0,13695.0,159187367.0,382687.0,11623.758086893027,27.943556042351222
2341,S1J-4,"Primary somatosensory area, jaw, layer 4",163.0,213.0,170.0,3440.0,2338.0,S1J,,9.0,32168.0,32168.0,0.64336,Isocortex,4,False,6468.0,94698146.0,191517.0,6468.0,94698146.0,191517.0,14641.024427953,29.60992578849722
2342,S1J-5,"Primary somatosensory area, jaw, layer 5",163.0,213.0,170.0,3450.0,2338.0,S1J,,9.0,48114.0,48114.0,0.96228,Isocortex,5,False,11249.0,147435132.0,341014.0,11249.0,147435132.0,341014.0,13106.51008978576,30.315050226686818
2343,S1J-6a,"Primary somatosensory area, jaw, layer 6a",163.0,213.0,170.0,3460.0,2338.0,S1J,,9.0,30470.0,30470.0,0.6094,Isocortex,6a,False,7198.0,93720135.0,212710.0,7198.0,93720135.0,212710.0,13020.302167268686,29.551264240066686
2344,S1J-6b,"Primary somatosensory area, jaw, layer 6b",163.0,213.0,170.0,3470.0,2338.0,S1J,,9.0,5578.0,5578.0,0.11156,Isocortex,6b,False,186.0,1540625.0,5261.0,186.0,1540625.0,5261.0,8282.930107526881,28.28494623655914
329,S1BF,"Primary somatosensory cortex, barrel field",112.0,255.0,121.0,4200.0,322.0,S1,,8.0,,529982.0,10.59964,Isocortex,BF,False,,0.0,0.0,84268.0,850445184.0,2382366.0,10092.148668533726,28.271301087008116
981,S1BF-1,"Primary somatosensory cortex, barrel field, layer 1",0.0,178.0,156.0,4300.0,329.0,S1BF,,9.0,62988.0,62988.0,1.25976,Isocortex,1,False,5862.0,43223336.0,170069.0,5862.0,43223336.0,170069.0,7373.479358580689,29.012111907198907
201,S1BF-2/3,"Primary somatosensory cortex, barrel field, layer 2/3",19.0,186.0,171.0,4400.0,329.0,S1BF,,9.0,110788.0,110788.0,2.21576,Isocortex,2.3,False,20144.0,158876998.0,552278.0,20144.0,158876998.0,552278.0,7887.063046068308,27.416501191421762
1047,S1BF-4,"Primary somatosensory cortex, barrel field, layer 4",66.0,191.0,179.0,4500.0,329.0,S1BF,,9.0,122502.0,122502.0,2.45004,Isocortex,4,False,19115.0,197316849.0,546459.0,19115.0,197316849.0,546459.0,10322.61831022757,28.587967564739735
1070,S1BF-5,"Primary somatosensory cortex, barrel field, layer 5 ",93.0,197.0,188.0,4600.0,329.0,S1BF,,9.0,103690.0,103690.0,2.0738,Isocortex,5,False,18947.0,206008712.0,541724.0,18947.0,206008712.0,541724.0,10872.893439594658,28.591544835594025
1038,S1BF-6a,"Primary somatosensory cortex, barrel field, layer 6a",117.0,203.0,197.0,4700.0,329.0,S1BF,,9.0,95408.0,95408.0,1.90816,Isocortex,6a,False,18214.0,225007022.0,517064.0,18214.0,225007022.0,517064.0,12353.520478752607,28.38827275721972
1062,S1BF-6b,"Primary somatosensory cortex, barrel field, layer 6b",143.0,211.0,208.0,4800.0,329.0,S1BF,,9.0,34606.0,34606.0,0.69212,Isocortex,6b,False,1986.0,20012267.0,54772.0,1986.0,20012267.0,54772.0,10076.670191339375,27.579053373615306
337,S1HL,"Primary somatosensory cortex, hindlimb region",112.0,255.0,121.0,4900.0,322.0,S1,,8.0,,178654.0,3.57308,Isocortex,HL,False,,0.0,0.0,24585.0,172625541.0,703149.0,7021.579865771812,28.600732153752286
1030,S1HL-1,"Primary somatosensory cortex, hindlimb region, layer 1",0.0,177.0,142.0,5000.0,337.0,S1HL,,9.0,19716.0,19716.0,0.39432,Isocortex,1,False,1180.0,6612961.0,33004.0,1180.0,6612961.0,33004.0,5604.204237288136,27.969491525423727
113,S1HL-2/3,"Primary somatosensory cortex, hindlimb region, layer 2/3",0.0,183.0,155.0,5100.0,337.0,S1HL,,9.0,41652.0,41652.0,0.83304,Isocortex,2.3,False,7407.0,49269895.0,201065.0,7407.0,49269895.0,201065.0,6651.801674092075,27.145267989739434
1094,S1HL-4,"Primary somatosensory cortex, hindlimb region, layer 4",69.0,191.0,171.0,5200.0,337.0,S1HL,,9.0,29650.0,29650.0,0.593,Isocortex,4,False,4425.0,30026683.0,123008.0,4425.0,30026683.0,123008.0,6785.691073446328,27.798418079096045
1128,S1HL-5,"Primary somatosensory cortex, hindlimb region, layer 5",96.0,196.0,179.0,5300.0,337.0,S1HL,,9.0,37540.0,37540.0,0.7508,Isocortex,5,False,4437.0,31967556.0,132907.0,4437.0,31967556.0,132907.0,7204.768086544963,29.954248366013072
478,S1HL-6a,"Primary somatosensory cortex, hindlimb region, layer 6a",119.0,202.0,188.0,5400.0,337.0,S1HL,,9.0,38204.0,38204.0,0.76408,Isocortex,6a,False,6664.0,51861886.0,199570.0,6664.0,51861886.0,199570.0,7782.395858343338,29.94747899159664
510,S1HL-6b,"Primary somatosensory cortex, hindlimb region, layer 6b",145.0,211.0,198.0,5500.0,337.0,S1HL,,9.0,11892.0,11892.0,0.23784,Isocortex,6b,False,472.0,2886560.0,13595.0,472.0,2886560.0,13595.0,6115.593220338983,28.802966101694917
345,S1ULp,"Primary somatosensory cortex, upper lip region",112.0,255.0,121.0,5600.0,322.0,S1,,8.0,,314924.0,6.29848,Isocortex,ULp,False,,0.0,0.0,75043.0,1074136911.0,2044163.0,14313.619005103741,27.239889130232
878,S1ULp-1,"Primary somatosensory cortex, upper lip region, layer 1",0.0,173.0,94.0,5700.0,345.0,S1ULp,,9.0,41074.0,41074.0,0.82148,Isocortex,1,False,6733.0,69716440.0,182440.0,6733.0,69716440.0,182440.0,10354.439328679638,27.096390910441112
657,S1ULp-2/3,"Primary somatosensory cortex, upper lip region, layer 2/3",20.0,180.0,107.0,5800.0,345.0,S1ULp,,9.0,70064.0,70064.0,1.40128,Isocortex,2.3,False,19565.0,228523987.0,507009.0,19565.0,228523987.0,507009.0,11680.244671607463,25.91408126756964
950,S1ULp-4,"Primary somatosensory cortex, upper lip region, layer 4",66.0,185.0,120.0,5900.0,345.0,S1ULp,,9.0,64080.0,64080.0,1.2816,Isocortex,4,False,14671.0,242714573.0,403750.0,14671.0,242714573.0,403750.0,16543.832935723538,27.520278099652376
974,S1ULp-5,"Primary somatosensory cortex, upper lip region, layer 5",92.0,191.0,133.0,6000.0,345.0,S1ULp,,9.0,58880.0,58880.0,1.1776,Isocortex,5,False,16139.0,255336299.0,448867.0,16139.0,255336299.0,448867.0,15821.073114815044,27.812565834314395
1102,S1ULp-6a,"Primary somatosensory cortex, upper lip region, layer 6a",115.0,197.0,146.0,6100.0,345.0,S1ULp,,9.0,64178.0,64178.0,1.28356,Isocortex,6a,False,16250.0,259307630.0,457387.0,16250.0,259307630.0,457387.0,15957.392615384615,28.14689230769231
2,S1ULp-6b,"Primary somatosensory cortex, upper lip region, layer 6b",137.0,205.0,161.0,6200.0,345.0,S1ULp,,9.0,16648.0,16648.0,0.33296,Isocortex,6b,False,1685.0,18537982.0,44710.0,1685.0,18537982.0,44710.0,11001.769732937686,26.534124629080118
2000,S1DZ,"Primary somatosensory cortex, dysgranular zone ",112.0,255.0,121.0,6210.0,322.0,S1,,8.0,,80224.0,1.60448,Isocortex,DZ,False,,0.0,0.0,13740.0,132139849.0,388451.0,9617.165138282387,28.271542940320234
2287,S1DZ-1,"Primary somatosensory cortex, dysgranular zone 1",112.0,255.0,121.0,6211.0,2000.0,S1DZ,,9.0,9100.0,9100.0,0.182,Isocortex,1,False,891.0,6562887.0,24782.0,891.0,6562887.0,24782.0,7365.754208754209,27.813692480359148
2288,S1DZ-2/3,"Primary somatosensory cortex, dysgranular zone 2/3",112.0,255.0,121.0,6212.0,2000.0,S1DZ,,9.0,17520.0,17520.0,0.3504,Isocortex,2.3,False,4054.0,35682038.0,109986.0,4054.0,35682038.0,109986.0,8801.686729156389,27.13024173655649
2289,S1DZ-4,"Primary somatosensory cortex, dysgranular zone 4",112.0,255.0,121.0,6213.0,2000.0,S1DZ,,9.0,15512.0,15512.0,0.31024,Isocortex,4,False,2494.0,23373210.0,71367.0,2494.0,23373210.0,71367.0,9371.776263031275,28.615477145148358
2290,S1DZ-5,"Primary somatosensory cortex, dysgranular zone 5",112.0,255.0,121.0,6214.0,2000.0,S1DZ,,9.0,15450.0,15450.0,0.309,Isocortex,5,False,2632.0,27289332.0,77475.0,2632.0,27289332.0,77475.0,10368.287234042553,29.435790273556233
2291,S1DZ-6a,"Primary somatosensory cortex, dysgranular zone 6a",112.0,255.0,121.0,6215.0,2000.0,S1DZ,,9.0,17356.0,17356.0,0.34712,Isocortex,6a,False,3538.0,38220239.0,101180.0,3538.0,38220239.0,101180.0,10802.78094968909,28.59807801017524
2292,S1DZ-6b,"Primary somatosensory cortex, dysgranular zone 6b",112.0,255.0,121.0,6216.0,2000.0,S1DZ,,9.0,5286.0,5286.0,0.10572,Isocortex,6b,False,131.0,1012143.0,3661.0,131.0,1012143.0,3661.0,7726.282442748092,27.946564885496183
2352,S1DZO,"Primary somatosensory cortex, oral dysgranular zone ",112.0,255.0,121.0,6220.0,322.0,S1,,8.0,,5700.0,0.114,Isocortex,DZO,False,,0.0,0.0,1424.0,20927448.0,41113.0,14696.241573033707,28.871488764044944
2353,S1DZO-1,"Primary somatosensory cortex, oral dysgranular zone 1",112.0,255.0,121.0,6221.0,2352.0,S1DZO,,9.0,742.0,742.0,0.01484,Isocortex,1,False,179.0,1739484.0,4897.0,179.0,1739484.0,4897.0,9717.787709497206,27.35754189944134
2354,S1DZO-2/3,"Primary somatosensory cortex, oral dysgranular zone 2/3",112.0,255.0,121.0,6222.0,2352.0,S1DZO,,9.0,1016.0,1016.0,0.02032,Isocortex,2.3,False,311.0,3656530.0,8310.0,311.0,3656530.0,8310.0,11757.33118971061,26.720257234726688
2355,S1DZO-4,"Primary somatosensory cortex, oral dysgranular zone 4",112.0,255.0,121.0,6223.0,2352.0,S1DZO,,9.0,1078.0,1078.0,0.02156,Isocortex,4,False,291.0,5290527.0,8516.0,291.0,5290527.0,8516.0,18180.505154639177,29.264604810996563
2356,S1DZO-5,"Primary somatosensory cortex, oral dysgranular zone 5",112.0,255.0,121.0,6224.0,2352.0,S1DZO,,9.0,1342.0,1342.0,0.02684,Isocortex,5,False,349.0,5637926.0,10398.0,349.0,5637926.0,10398.0,16154.51575931232,29.793696275071632
2357,S1DZO-6a,"Primary somatosensory cortex, oral dysgranular zone 6a",112.0,255.0,121.0,6225.0,2352.0,S1DZO,,9.0,1166.0,1166.0,0.02332,Isocortex,6a,False,287.0,4549249.0,8790.0,287.0,4549249.0,8790.0,15851.04181184669,30.627177700348433
2358,S1DZO-6b,"Primary somatosensory cortex, oral dysgranular zone 6b",112.0,255.0,121.0,6226.0,2352.0,S1DZO,,9.0,356.0,356.0,0.00712,Isocortex,6b,False,7.0,53732.0,202.0,7.0,53732.0,202.0,7676.0,28.857142857142858
2041,S1Sh,"Primary somatosensory cortex, shoulder region",112.0,255.0,121.0,6230.0,322.0,S1,,8.0,,38706.0,0.77412,Isocortex,Sh,False,,0.0,0.0,2936.0,15405470.0,80093.0,5247.094686648501,27.279632152588555
2310,S1Sh-1,"Primary somatosensory cortex, shoulder region 1",112.0,255.0,121.0,6231.0,2041.0,S1Sh,,9.0,4546.0,4546.0,0.09092,Isocortex,1,False,136.0,658172.0,3568.0,136.0,658172.0,3568.0,4839.5,26.235294117647058
2311,S1Sh-2/3,"Primary somatosensory cortex, shoulder region 2/3",112.0,255.0,121.0,6232.0,2041.0,S1Sh,,9.0,8228.0,8228.0,0.16456,Isocortex,2.3,False,651.0,2952110.0,16261.0,651.0,2952110.0,16261.0,4534.731182795699,24.978494623655912
2312,S1Sh-4,"Primary somatosensory cortex, shoulder region 4",112.0,255.0,121.0,6233.0,2041.0,S1Sh,,9.0,8772.0,8772.0,0.17544,Isocortex,4,False,633.0,3191448.0,16753.0,633.0,3191448.0,16753.0,5041.781990521327,26.46603475513428
2313,S1Sh-5,"Primary somatosensory cortex, shoulder region 5",112.0,255.0,121.0,6234.0,2041.0,S1Sh,,9.0,7920.0,7920.0,0.1584,Isocortex,5,False,797.0,4603196.0,22940.0,797.0,4603196.0,22940.0,5775.653701380175,28.78293601003764
2314,S1Sh-6a,"Primary somatosensory cortex, shoulder region 6a",112.0,255.0,121.0,6235.0,2041.0,S1Sh,,9.0,6638.0,6638.0,0.13276,Isocortex,6a,False,685.0,3834741.0,19666.0,685.0,3834741.0,19666.0,5598.162043795621,28.70948905109489
2315,S1Sh-6b,"Primary somatosensory cortex, shoulder region 6b",112.0,255.0,121.0,6236.0,2041.0,S1Sh,,9.0,2602.0,2602.0,0.05204,Isocortex,6b,False,34.0,165803.0,905.0,34.0,165803.0,905.0,4876.558823529412,26.61764705882353
369,S1FL,"Primary somatosensory cortex, forelimb region",112.0,255.0,121.0,6300.0,322.0,S1,,8.0,,189464.0,3.78928,Isocortex,FL,False,,0.0,0.0,31970.0,293310088.0,915108.0,9174.541382546136,28.62395996246481
450,S1FL-1,"Primary somatosensory cortex, forelimb region, layer 1",0.0,174.0,103.0,6400.0,369.0,S1FL,,9.0,21398.0,21398.0,0.42796,Isocortex,1,False,1960.0,14610796.0,56186.0,1960.0,14610796.0,56186.0,7454.487755102041,28.666326530612245
854,S1FL-2/3,"Primary somatosensory cortex, forelimb region, layer 2/3",46.0,183.0,120.0,6500.0,369.0,S1FL,,9.0,43882.0,43882.0,0.87764,Isocortex,2.3,False,10080.0,84533139.0,276032.0,10080.0,84533139.0,276032.0,8386.224107142858,27.384126984126983
577,S1FL-4,"Primary somatosensory cortex, forelimb region, layer 4",79.0,188.0,133.0,6600.0,369.0,S1FL,,9.0,32264.0,32264.0,0.64528,Isocortex,4,False,5814.0,52349523.0,165697.0,5814.0,52349523.0,165697.0,9004.045923632611,28.499656002751976
625,S1FL-5,"Primary somatosensory cortex, forelimb region, layer 5",103.0,194.0,147.0,6700.0,369.0,S1FL,,9.0,36266.0,36266.0,0.72532,Isocortex,5,False,5438.0,53346556.0,163099.0,5438.0,53346556.0,163099.0,9809.958808385436,29.992460463405664
945,S1FL-6a,"Primary somatosensory cortex, forelimb region, layer 6a",114.0,198.0,154.0,6800.0,369.0,S1FL,,9.0,43528.0,43528.0,0.87056,Isocortex,6a,False,8445.0,86851579.0,247586.0,8445.0,86851579.0,247586.0,10284.378804026052,29.317465956187093
1026,S1FL-6b,"Primary somatosensory cortex, forelimb region, layer 6b",124.0,201.0,162.0,6900.0,369.0,S1FL,,9.0,12126.0,12126.0,0.24252,Isocortex,6b,False,233.0,1618495.0,6508.0,233.0,1618495.0,6508.0,6946.3304721030045,27.931330472103003
361,S1Tr,"Primary somatosensory cortex, trunk region",112.0,255.0,121.0,7000.0,322.0,S1,,8.0,,66478.0,1.32956,Isocortex,Tr,False,,0.0,0.0,8715.0,54350603.0,227825.0,6236.443258749283,26.141709695926565
1006,S1Tr-1,"Primary somatosensory cortex, trunk region, layer 1",0.0,179.0,171.0,7100.0,361.0,S1Tr,,9.0,8978.0,8978.0,0.17956,Isocortex,1,False,317.0,1531748.0,8413.0,317.0,1531748.0,8413.0,4832.01261829653,26.539432176656153
670,S1Tr-2/3,"Primary somatosensory cortex, trunk region, layer 2/3",0.0,185.0,179.0,7200.0,361.0,S1Tr,,9.0,14808.0,14808.0,0.29616,Isocortex,2.3,False,2295.0,12379022.0,58208.0,2295.0,12379022.0,58208.0,5393.909368191721,25.362962962962964
1086,S1Tr-4,"Primary somatosensory cortex, trunk region, layer 4",63.0,192.0,187.0,7300.0,361.0,S1Tr,,9.0,13712.0,13712.0,0.27424,Isocortex,4,False,2138.0,12652706.0,55061.0,2138.0,12652706.0,55061.0,5918.010289990645,25.753507951356408
1111,S1Tr-5,"Primary somatosensory cortex, trunk region, layer 5",91.0,197.0,197.0,7400.0,361.0,S1Tr,,9.0,13588.0,13588.0,0.27176,Isocortex,5,False,1563.0,10606848.0,42545.0,1563.0,10606848.0,42545.0,6786.21113243762,27.220089571337173
9,S1Tr-6a,"Primary somatosensory cortex, trunk region, layer 6a",115.0,203.0,207.0,7500.0,361.0,S1Tr,,9.0,10406.0,10406.0,0.20812,Isocortex,6a,False,1983.0,14392766.0,52967.0,1983.0,14392766.0,52967.0,7258.076651538074,26.710539586485122
461,S1Tr-6b,"Primary somatosensory cortex, trunk region, layer 6b",156.0,216.0,218.0,7600.0,361.0,S1Tr,,9.0,4986.0,4986.0,0.09972,Isocortex,6b,False,419.0,2787513.0,10631.0,419.0,2787513.0,10631.0,6652.775656324582,25.372315035799524
378,S2,Secondary somatosensory cortex,112.0,255.0,121.0,7700.0,453.0,S,,7.0,,347926.0,6.95852,Isocortex,S2,True,,0.0,0.0,85644.0,1350656080.0,2414919.0,15770.586147307458,28.197176684881605
873,S2-1,"Secondary somatosensory cortex, layer 1",0.0,176.0,129.0,7800.0,378.0,S2,,8.0,50398.0,50398.0,1.00796,Isocortex,1,False,9600.0,119709682.0,266409.0,9600.0,119709682.0,266409.0,12469.758541666666,27.7509375
806,S2-2/3,"Secondary somatosensory cortex, layer 2/3",0.0,180.0,135.0,7900.0,378.0,S2,,8.0,74334.0,74334.0,1.48668,Isocortex,2.3,False,23922.0,318939526.0,639344.0,23922.0,318939526.0,639344.0,13332.477468439094,26.72619346208511
1035,S2-4,"Secondary somatosensory cortex, layer 4",40.0,184.0,141.0,8000.0,378.0,S2,,8.0,75720.0,75720.0,1.5144,Isocortex,4,False,16206.0,279224142.0,470635.0,16206.0,279224142.0,470635.0,17229.676786375418,29.04078736270517
1090,S2-5,"Secondary somatosensory cortex, layer 5",74.0,190.0,155.0,8100.0,378.0,S2,,8.0,66510.0,66510.0,1.3302,Isocortex,5,False,18378.0,318368227.0,530393.0,18378.0,318368227.0,530393.0,17323.33371422353,28.860213298509088
862,S2-6a,"Secondary somatosensory cortex, layer 6a",98.0,196.0,170.0,8200.0,378.0,S2,,8.0,60650.0,60650.0,1.213,Isocortex,6a,False,14877.0,277453346.0,434221.0,14877.0,277453346.0,434221.0,18649.81824292532,29.187403374336224
893,S2-6b,"Secondary somatosensory cortex, layer 6b",121.0,202.0,179.0,8300.0,378.0,S2,,8.0,20314.0,20314.0,0.40628,Isocortex,6b,False,2661.0,36961157.0,73917.0,2661.0,36961157.0,73917.0,13889.950018789928,27.777903043968433
44,A24a (IL),"Cingulate cortex, area 24a (infralimbic)",112.0,255.0,104.0,8400.0,315.0,Isocortex,,6.0,,123764.0,2.47528,Isocortex,IL,True,,0.0,0.0,13299.0,118127218.0,411604.0,8882.413564929693,30.94999624031882
707,A24a (IL)-1,"Cingulate cortex, area 24a (infralimbic), layer 1",0.0,137.0,72.0,8500.0,44.0,A24a (IL),,7.0,32214.0,32214.0,0.64428,Isocortex,1,False,1228.0,11484965.0,38137.0,1228.0,11484965.0,38137.0,9352.577361563517,31.056188925081432
747,A24a (IL)-2,"Cingulate cortex, area 24a (infralimbic), layer 2/3",13.0,142.0,83.0,8600.0,44.0,A24a (IL),,7.0,,0.0,0.0,Isocortex,2,False,,0.0,0.0,0.0,0.0,0.0,,
556,A24a (IL)-2/3,"Cingulate cortex, area 24a (infralimbic), layer 4",50.0,146.0,93.0,8700.0,44.0,A24a (IL),,7.0,32398.0,32398.0,0.64796,Isocortex,2.3,False,4949.0,45031776.0,148071.0,4949.0,45031776.0,148071.0,9099.166700343503,29.91937765205092
827,A24a (IL)-5,"Cingulate cortex, area 24a (infralimbic), layer 5",77.0,160.0,111.0,8800.0,44.0,A24a (IL),,7.0,31206.0,31206.0,0.62412,Isocortex,5,False,3723.0,32276276.0,117673.0,3723.0,32276276.0,117673.0,8669.426806338974,31.607037335482136
1054,A24a (IL)-6a,"Cingulate cortex, area 24a (infralimbic), layer 6a",97.0,166.0,122.0,8900.0,44.0,A24a (IL),,7.0,20952.0,20952.0,0.41904,Isocortex,6a,False,2775.0,24411870.0,88466.0,2775.0,24411870.0,88466.0,8797.070270270271,31.879639639639638
1081,A24a (IL)-6b,"Cingulate cortex, area 24a (infralimbic), layer 6b",116.0,172.0,135.0,9000.0,44.0,A24a (IL),,7.0,6994.0,6994.0,0.13988,Isocortex,6b,False,624.0,4922331.0,19257.0,624.0,4922331.0,19257.0,7888.350961538462,30.860576923076923
1057,DI,Dysgranular insular cortex,112.0,255.0,105.0,9100.0,315.0,Isocortex,,6.0,,95552.0,1.91104,Isocortex,DI,True,,0.0,0.0,18225.0,351209930.0,543345.0,19270.7780521262,29.813168724279837
36,DI-1,"Dysgranular insular cortex, layer 1",51.0,181.0,90.0,9200.0,1057.0,DI,,7.0,14430.0,14430.0,0.2886,Isocortex,1,False,2036.0,29828228.0,57272.0,2036.0,29828228.0,57272.0,14650.406679764244,28.12966601178782
180,DI-2/3,"Dysgranular insular cortex, layer 2/3",82.0,187.0,112.0,9300.0,1057.0,DI,,7.0,25436.0,25436.0,0.50872,Isocortex,2.3,False,4952.0,89165775.0,145777.0,4952.0,89165775.0,145777.0,18006.012722132473,29.438004846526656
148,DI-4,"Dysgranular insular cortex, layer 4",106.0,193.0,125.0,9400.0,1057.0,DI,,7.0,11048.0,11048.0,0.22096,Isocortex,4,False,1551.0,31103677.0,48043.0,1551.0,31103677.0,48043.0,20053.95035460993,30.975499677627337
187,DI-5,"Dysgranular insular cortex, layer 5",127.0,200.0,138.0,9500.0,1057.0,DI,,7.0,23610.0,23610.0,0.4722,Isocortex,5,False,4010.0,77433434.0,123629.0,4010.0,77433434.0,123629.0,19310.083291770574,30.830174563591022
638,DI-6a,"Dysgranular insular cortex, layer 6a",152.0,208.0,152.0,9600.0,1057.0,DI,,7.0,20158.0,20158.0,0.40316,Isocortex,6a,False,5561.0,122064027.0,165330.0,5561.0,122064027.0,165330.0,21950.0138464305,29.730264340945872
662,DI-6b,"Dysgranular insular cortex, layer 6b",175.0,218.0,179.0,9700.0,1057.0,DI,,7.0,870.0,870.0,0.0174,Isocortex,6b,False,115.0,1614789.0,3294.0,115.0,1614789.0,3294.0,14041.64347826087,28.643478260869564
677,GI,Granular insular cortex,112.0,255.0,100.0,9800.0,315.0,Isocortex,,6.0,,103892.0,2.07784,Isocortex,GI,True,,0.0,0.0,20856.0,371883752.0,609405.0,17831.019946298427,29.21964902186421
897,GI-1,"Granular insular cortex, layer 1",0.0,155.0,91.0,9900.0,677.0,GI,,7.0,13628.0,13628.0,0.27256,Isocortex,1,False,2460.0,35049214.0,67315.0,2460.0,35049214.0,67315.0,14247.647967479676,27.36382113821138
1106,GI-2/3,"Granular insular cortex, layer 2/3",42.0,163.0,106.0,10000.0,677.0,GI,,7.0,20550.0,20550.0,0.411,Isocortex,2.3,False,5375.0,83134530.0,148195.0,5375.0,83134530.0,148195.0,15466.88930232558,27.571162790697674
1010,GI-4,"Granular insular cortex, layer 4",70.0,168.0,118.0,10100.0,677.0,GI,,7.0,19194.0,19194.0,0.38388,Isocortex,4,False,3283.0,66852451.0,100365.0,3283.0,66852451.0,100365.0,20363.219920804142,30.57112397197685
1058,GI-5,"Granular insular cortex, layer 5",97.0,183.0,138.0,10200.0,677.0,GI,,7.0,23400.0,23400.0,0.468,Isocortex,5,False,4518.0,83647686.0,136618.0,4518.0,83647686.0,136618.0,18514.317397078354,30.238601150951748
857,GI-6a,"Granular insular cortex, layer 6a",108.0,186.0,144.0,10300.0,677.0,GI,,7.0,23074.0,23074.0,0.46148,Isocortex,6a,False,4804.0,97177560.0,145451.0,4804.0,97177560.0,145451.0,20228.467943380518,30.277060782681097
849,GI-6b,"Granular insular cortex, layer 6b",117.0,189.0,152.0,10400.0,677.0,GI,,7.0,4046.0,4046.0,0.08092,Isocortex,6b,False,416.0,6022311.0,11461.0,416.0,6022311.0,11461.0,14476.709134615385,27.55048076923077
247,Au,Auditory cortex,120.0,255.0,120.0,10500.0,315.0,Isocortex,,6.0,,257620.0,5.1524,Isocortex,Au,False,,0.0,0.0,35091.0,367322180.0,1085078.0,10467.703399732125,30.921831808725884
1011,AuD,"Secondary auditory cortex, dorsal area",120.0,255.0,120.0,10600.0,247.0,Au,,7.0,,79656.0,1.59312,Isocortex,AuD,True,,0.0,0.0,9402.0,80506619.0,294625.0,8562.71208253563,31.33641778345033
527,AuD-1,"Secondary auditory cortex, dorsal area, layer 1",0.0,157.0,125.0,10700.0,1011.0,AuD,,8.0,11174.0,11174.0,0.22348,Isocortex,1,False,443.0,2694594.0,13951.0,443.0,2694594.0,13951.0,6082.604966139955,31.492099322799096
600,AuD-2/3,"Secondary auditory cortex, dorsal area, layer 2/3",0.0,163.0,137.0,10800.0,1011.0,AuD,,8.0,17196.0,17196.0,0.34392,Isocortex,2.3,False,2140.0,13565630.0,63377.0,2140.0,13565630.0,63377.0,6339.079439252337,29.615420560747662
678,AuD-4,"Secondary auditory cortex, dorsal area, layer 4",63.0,170.0,151.0,10900.0,1011.0,AuD,,8.0,16296.0,16296.0,0.32592,Isocortex,4,False,2550.0,21432985.0,79091.0,2550.0,21432985.0,79091.0,8405.092156862745,31.01607843137255
252,AuD-5,"Secondary auditory cortex, dorsal area, layer 5",91.0,185.0,168.0,11000.0,1011.0,AuD,,8.0,17582.0,17582.0,0.35164,Isocortex,5,False,2375.0,21813611.0,78819.0,2375.0,21813611.0,78819.0,9184.678315789473,33.18694736842105
156,AuD-6a,"Secondary auditory cortex, dorsal area, layer 6a",113.0,190.0,176.0,11100.0,1011.0,AuD,,8.0,12922.0,12922.0,0.25844,Isocortex,6a,False,1574.0,17326749.0,49386.0,1574.0,17326749.0,49386.0,11008.099745870393,31.376111817026683
243,AuD-16b,"Secondary auditory cortex, dorsal area, layer 6b",137.0,198.0,186.0,11200.0,1011.0,AuD,,8.0,4486.0,4486.0,0.08972,Isocortex,6b,False,320.0,3673050.0,10001.0,320.0,3673050.0,10001.0,11478.28125,31.253125
1002,Au1,Primary auditory cortex,120.0,255.0,120.0,11300.0,247.0,Au,,7.0,,84706.0,1.69412,Isocortex,Au1,True,,0.0,0.0,11030.0,108433033.0,345944.0,9830.737352674523,31.363916591115142
735,Au1-1,"Primary auditory cortex, layer 1",0.0,157.0,114.0,11400.0,1002.0,Au1,,8.0,11640.0,11640.0,0.2328,Isocortex,1,False,581.0,4103923.0,19841.0,581.0,4103923.0,19841.0,7063.550774526678,34.14974182444062
251,Au1-2/3,"Primary auditory cortex, layer 2/3",0.0,160.0,119.0,11500.0,1002.0,Au1,,8.0,16080.0,16080.0,0.3216,Isocortex,2.3,False,2221.0,17584514.0,69865.0,2221.0,17584514.0,69865.0,7917.385862224223,31.456551103106708
816,Au1-4,"Primary auditory cortex, layer 4",37.0,164.0,125.0,11600.0,1002.0,Au1,,8.0,17582.0,17582.0,0.35164,Isocortex,4,False,3393.0,32811876.0,101340.0,3393.0,32811876.0,101340.0,9670.461538461539,29.867374005305038
847,Au1-5,"Primary auditory cortex, layer 5",71.0,178.0,145.0,11700.0,1002.0,Au1,,8.0,19838.0,19838.0,0.39676,Isocortex,5,False,2754.0,28908424.0,89109.0,2754.0,28908424.0,89109.0,10496.885984023238,32.3562091503268
954,Au1-6a,"Primary auditory cortex, layer 6a",93.0,184.0,160.0,11800.0,1002.0,Au1,,8.0,14694.0,14694.0,0.29388,Isocortex,6a,False,1633.0,20248220.0,51924.0,1633.0,20248220.0,51924.0,12399.399877526026,31.796693202694428
1005,Au1-6b,"Primary auditory cortex, layer 6b",115.0,190.0,168.0,11900.0,1002.0,Au1,,8.0,4872.0,4872.0,0.09744,Isocortex,6b,False,448.0,4776076.0,13865.0,448.0,4776076.0,13865.0,10660.88392857143,30.948660714285715
1018,AuV,"Secondary auditory cortex, ventral area",120.0,255.0,120.0,12700.0,247.0,Au,,7.0,,93258.0,1.86516,Isocortex,AuV,True,,0.0,0.0,14659.0,178382528.0,444509.0,12168.806057711985,30.323282625008527
959,AuV-1,"Secondary auditory cortex, ventral area, layer 1",0.0,156.0,102.0,12800.0,1018.0,AuV,,8.0,13140.0,13140.0,0.2628,Isocortex,1,False,1229.0,11100780.0,37655.0,1229.0,11100780.0,37655.0,9032.367778681855,30.63873067534581
755,AuV-2/3,"Secondary auditory cortex, ventral area, layer 2/3",41.0,163.0,113.0,12900.0,1018.0,AuV,,8.0,19038.0,19038.0,0.38076,Isocortex,2.3,False,3503.0,36350019.0,103382.0,3503.0,36350019.0,103382.0,10376.825292606338,29.512417927490723
990,AuV-4,"Secondary auditory cortex, ventral area, layer 4",70.0,168.0,124.0,13000.0,1018.0,AuV,,8.0,19802.0,19802.0,0.39604,Isocortex,4,False,3535.0,42876257.0,106483.0,3535.0,42876257.0,106483.0,12129.0684582744,30.12248939179632
1023,AuV-5,"Secondary auditory cortex, ventral area, layer 5",96.0,183.0,144.0,13100.0,1018.0,AuV,,8.0,20722.0,20722.0,0.41444,Isocortex,5,False,3140.0,41594242.0,97233.0,3140.0,41594242.0,97233.0,13246.573885350319,30.96592356687898
520,AuV-6a,"Secondary auditory cortex, ventral area, layer 6a",116.0,190.0,160.0,13200.0,1018.0,AuV,,8.0,15552.0,15552.0,0.31104,Isocortex,6a,False,2337.0,33067936.0,72182.0,2337.0,33067936.0,72182.0,14149.73727000428,30.88660676080445
598,AuV-6b,"Secondary auditory cortex, ventral area, layer 6b",127.0,193.0,168.0,13300.0,1018.0,AuV,,8.0,5004.0,5004.0,0.10008,Isocortex,6b,False,915.0,13393294.0,27574.0,915.0,13393294.0,27574.0,14637.479781420765,30.13551912568306
669,V,Visual cortex,112.0,255.0,98.0,13400.0,315.0,Isocortex,,6.0,,760978.0,15.21956,Isocortex,V,False,,0.0,0.0,70529.0,524032153.0,1985182.0,7430.023862524636,28.14703171744956
2170,V2L,"Secondary visual cortex, lateral area",108.0,173.0,178.0,14010.0,669.0,V,,7.0,,171600.0,3.432,Isocortex,V2L,True,,0.0,0.0,18966.0,164739025.0,569428.0,8686.018401349784,30.023621216914478
402,V2La,"Secondary visual cortex, lateral area, anterior region",112.0,255.0,98.0,14100.0,2170.0,V2L,,8.0,,108524.0,2.17048,Isocortex,La,False,,0.0,0.0,10381.0,72214983.0,321711.0,6956.45727771891,30.99036701666506
1074,V2La-1,"Secondary visual cortex, lateral area, anterior region, layer1",0.0,160.0,181.0,14200.0,402.0,V2La,,9.0,15940.0,15940.0,0.3188,Isocortex,1,False,495.0,2592433.0,14818.0,495.0,2592433.0,14818.0,5237.238383838384,29.935353535353535
905,V2La-2/3,"Secondary visual cortex, lateral area, anterior region, layer2/3",0.0,161.0,189.0,14300.0,402.0,V2La,,9.0,22424.0,22424.0,0.44848,Isocortex,2.3,False,2052.0,10772285.0,58627.0,2052.0,10772285.0,58627.0,5249.651559454191,28.570662768031188
1114,V2La-4,"Secondary visual cortex, lateral area, anterior region, layer4",0.0,161.0,197.0,14400.0,402.0,V2La,,9.0,21546.0,21546.0,0.43092,Isocortex,4,False,2844.0,17764089.0,84870.0,2844.0,17764089.0,84870.0,6246.1635021097045,29.841772151898734
233,V2La-5,"Secondary visual cortex, lateral area, anterior region, layer5",16.0,179.0,202.0,14500.0,402.0,V2La,,9.0,24488.0,24488.0,0.48976,Isocortex,5,False,3011.0,24595238.0,96829.0,3011.0,24595238.0,96829.0,8168.461640650947,32.158419129857194
601,V2La-6a,"Secondary visual cortex, lateral area, anterior region, layer6a",105.0,193.0,212.0,14600.0,402.0,V2La,,9.0,17166.0,17166.0,0.34332,Isocortex,6a,False,1707.0,14134179.0,57040.0,1707.0,14134179.0,57040.0,8280.128295254834,33.41534856473345
649,V2La-6b,"Secondary visual cortex, lateral area, anterior region, layer6b",103.0,193.0,221.0,14700.0,402.0,V2La,,9.0,6960.0,6960.0,0.1392,Isocortex,6b,False,272.0,2356759.0,9527.0,272.0,2356759.0,9527.0,8664.555147058823,35.025735294117645
409,V2Li,"Secondary visual cortex, lateral area, intermediate region",112.0,255.0,98.0,14800.0,2170.0,V2L,,8.0,,40598.0,0.81196,Isocortex,Li,False,,0.0,0.0,4616.0,46738014.0,137802.0,10125.219670710572,29.85311958405546
421,V2Li-1,"Secondary visual cortex, lateral area, intermediate region, layer1",0.0,159.0,158.0,14900.0,409.0,V2Li,,9.0,5534.0,5534.0,0.11068,Isocortex,1,False,277.0,1887904.0,8012.0,277.0,1887904.0,8012.0,6815.537906137184,28.924187725631768
973,V2Li-2/3,"Secondary visual cortex, lateral area, intermediate region, layer2/3",0.0,159.0,165.0,15000.0,409.0,V2Li,,9.0,7396.0,7396.0,0.14792,Isocortex,2.3,False,1131.0,8439505.0,31350.0,1131.0,8439505.0,31350.0,7461.984969053935,27.718832891246684
573,V2Li-4,"Secondary visual cortex, lateral area, intermediate region, layer4",0.0,161.0,173.0,15100.0,409.0,V2Li,,9.0,7794.0,7794.0,0.15588,Isocortex,4,False,997.0,9183787.0,29638.0,997.0,9183787.0,29638.0,9211.421263791373,29.7271815446339
613,V2Li-5,"Secondary visual cortex, lateral area, intermediate region, layer5",0.0,176.0,184.0,15200.0,409.0,V2Li,,9.0,8738.0,8738.0,0.17476,Isocortex,5,False,1352.0,16001724.0,41937.0,1352.0,16001724.0,41937.0,11835.594674556212,31.018491124260354
74,V2Li-6a,"Secondary visual cortex, lateral area, intermediate region, layer6a",69.0,183.0,193.0,15300.0,409.0,V2Li,,9.0,9030.0,9030.0,0.1806,Isocortex,6a,False,760.0,10397810.0,23885.0,760.0,10397810.0,23885.0,13681.328947368422,31.42763157894737
121,V2Li-6b,"Secondary visual cortex, lateral area, intermediate region, layer6b",107.0,192.0,203.0,15400.0,409.0,V2Li,,9.0,2106.0,2106.0,0.04212,Isocortex,6b,False,99.0,827284.0,2980.0,99.0,827284.0,2980.0,8356.40404040404,30.1010101010101
425,V2Lp,"Secondary visual cortex, lateral area, posterior region",112.0,255.0,98.0,15500.0,2170.0,V2L,,8.0,,22478.0,0.44956,Isocortex,Lp,False,,0.0,0.0,3969.0,45786028.0,109915.0,11535.910304862686,27.693373645754598
750,V2Lp-1,"Secondary visual cortex, lateral area, posterior region, layer1",0.0,180.0,205.0,15600.0,425.0,V2Lp,,9.0,3060.0,3060.0,0.0612,Isocortex,1,False,145.0,1178555.0,4001.0,145.0,1178555.0,4001.0,8127.9655172413795,27.593103448275862
269,V2Lp-2/3,"Secondary visual cortex, lateral area, posterior region, layer2/3",0.0,181.0,214.0,15700.0,425.0,V2Lp,,9.0,4500.0,4500.0,0.09,Isocortex,2.3,False,901.0,8557548.0,24092.0,901.0,8557548.0,24092.0,9497.833518312986,26.739178690344062
869,V2Lp-4,"Secondary visual cortex, lateral area, posterior region, layer4",0.0,181.0,223.0,15800.0,425.0,V2Lp,,9.0,4668.0,4668.0,0.09336,Isocortex,4,False,963.0,11717064.0,26983.0,963.0,11717064.0,26983.0,12167.252336448599,28.019730010384215
902,V2Lp-5,"Secondary visual cortex, lateral area, posterior region, layer15",2.0,190.0,215.0,15900.0,425.0,V2Lp,,9.0,6104.0,6104.0,0.12208,Isocortex,5,False,1268.0,16211894.0,35064.0,1268.0,16211894.0,35064.0,12785.405362776026,27.652996845425868
377,V2Lp-6a,"Secondary visual cortex, lateral area, posterior region, layer6a",110.0,205.0,226.0,16000.0,425.0,V2Lp,,9.0,3734.0,3734.0,0.07468,Isocortex,6a,False,651.0,7771591.0,18573.0,651.0,7771591.0,18573.0,11937.927803379416,28.52995391705069
393,V2Lp-6b,"Secondary visual cortex, lateral area, posterior region, layer6b",107.0,205.0,236.0,16100.0,425.0,V2Lp,,9.0,412.0,412.0,0.00824,Isocortex,6b,False,41.0,349376.0,1202.0,41.0,349376.0,1202.0,8521.365853658537,29.317073170731707
2096,V2M,"Secondary Visual Cortex, Medial area",107.0,205.0,236.0,16110.0,669.0,V,,7.0,,204868.0,4.09736,Isocortex,V2M,True,,0.0,0.0,24267.0,154981460.0,627989.0,6386.510899575555,25.878312111097376
2097,V2ML,"Secondary visual cortex, mediolateral area",107.0,205.0,236.0,16120.0,2096.0,V2M,,8.0,,74286.0,1.48572,Isocortex,ML,False,,0.0,0.0,9790.0,60378809.0,252511.0,6167.396220633299,25.792747701736467
2393,V2ML-1,"Secondary visual cortex, mediolateral area, layer1",107.0,205.0,236.0,16130.0,2097.0,V2ML,,9.0,11582.0,11582.0,0.23164,Isocortex,1,False,416.0,2060940.0,10999.0,416.0,2060940.0,10999.0,4954.182692307692,26.439903846153847
2409,V2ML-2/3,"Secondary visual cortex, mediolateral area, layer2/3",107.0,205.0,236.0,16140.0,2097.0,V2ML,,9.0,20624.0,20624.0,0.41248,Isocortex,2.3,False,3068.0,17217220.0,77827.0,3068.0,17217220.0,77827.0,5611.870925684485,25.367340286831812
2410,V2ML-4,"Secondary visual cortex, mediolateral area, layer4",107.0,205.0,236.0,16150.0,2097.0,V2ML,,9.0,9282.0,9282.0,0.18564,Isocortex,4,False,2123.0,12817277.0,53392.0,2123.0,12817277.0,53392.0,6037.341968911917,25.149317004239283
2411,V2ML-5,"Secondary visual cortex, mediolateral area, layer5",107.0,205.0,236.0,16160.0,2097.0,V2ML,,9.0,17768.0,17768.0,0.35536,Isocortex,5,False,2386.0,16024061.0,64013.0,2386.0,16024061.0,64013.0,6715.867979882649,26.82858340318525
2412,V2ML-6a,"Secondary visual cortex, mediolateral area, layer6a",107.0,205.0,236.0,16170.0,2097.0,V2ML,,9.0,11534.0,11534.0,0.23068,Isocortex,6a,False,1582.0,10986099.0,40928.0,1582.0,10986099.0,40928.0,6944.436788874842,25.871049304677623
2413,V2ML-6b,"Secondary visual cortex, mediolateral area, layer6b",107.0,205.0,236.0,16180.0,2097.0,V2ML,,9.0,3496.0,3496.0,0.06992,Isocortex,6b,False,215.0,1273212.0,5352.0,215.0,1273212.0,5352.0,5921.916279069767,24.893023255813954
394,V2MMa,"Secondary visual cortex, mediomedial area, anterior region",112.0,255.0,98.0,16200.0,2096.0,V2M,,8.0,,70006.0,1.40012,Isocortex,MMa,False,,0.0,0.0,11948.0,81430088.0,310656.0,6815.373953799799,26.000669568128558
281,V2MMa-1,"Secondary visual cortex, mediomedial area, anterior region, layer1",0.0,141.0,139.0,16300.0,394.0,V2MMa,,9.0,12108.0,12108.0,0.24216,Isocortex,1,False,934.0,4861047.0,23748.0,934.0,4861047.0,23748.0,5204.547109207709,25.426124197002142
1066,V2MMa-2/3,"Secondary visual cortex, mediomedial area, anterior region, layer2/3",0.0,142.0,145.0,16400.0,394.0,V2MMa,,9.0,19884.0,19884.0,0.39768,Isocortex,2.3,False,4132.0,26607524.0,104549.0,4132.0,26607524.0,104549.0,6439.381413359148,25.302274927395935
401,V2MMa-4,"Secondary visual cortex, mediomedial area, anterior region, layer4",0.0,143.0,152.0,16500.0,394.0,V2MMa,,9.0,2462.0,2462.0,0.04924,Isocortex,4,False,527.0,4112251.0,13526.0,527.0,4112251.0,13526.0,7803.132827324478,25.666034155597725
433,V2MMa-5,"Secondary visual cortex, mediomedial area, anterior region, layer5",0.0,158.0,163.0,16600.0,394.0,V2MMa,,9.0,18274.0,18274.0,0.36548,Isocortex,5,False,3781.0,27713007.0,101718.0,3781.0,27713007.0,101718.0,7329.5443004496165,26.902406770695585
1046,V2MMa-6a,"Secondary visual cortex, mediomedial area, anterior region, layer6a",64.0,164.0,172.0,16700.0,394.0,V2MMa,,9.0,14214.0,14214.0,0.28428,Isocortex,6a,False,2260.0,16146163.0,59330.0,2260.0,16146163.0,59330.0,7144.319911504424,26.25221238938053
441,V2MMa-6b,"Secondary visual cortex, mediomedial area, anterior region, layer6b",98.0,172.0,181.0,16800.0,394.0,V2MMa,,9.0,3064.0,3064.0,0.06128,Isocortex,6b,False,314.0,1990096.0,7785.0,314.0,1990096.0,7785.0,6337.885350318471,24.79299363057325
533,V2MMp,"Secondary visual cortex, mediomedial area, posterior region",112.0,255.0,98.0,16900.0,2096.0,V2M,,8.0,,60576.0,1.21152,Isocortex,MMp,False,,0.0,0.0,2529.0,13172563.0,64822.0,5208.605377619612,25.63147489126137
805,V2MMp-1,"Secondary visual cortex, mediomedial area, posterior region, layer1",0.0,174.0,184.0,17000.0,533.0,V2MMp,,9.0,15180.0,15180.0,0.3036,Isocortex,1,False,164.0,662970.0,3965.0,164.0,662970.0,3965.0,4042.5,24.176829268292682
41,V2MMp-2/3,"Secondary visual cortex, mediomedial area, posterior region, layer2/3",0.0,175.0,191.0,17100.0,533.0,V2MMp,,9.0,16506.0,16506.0,0.33012,Isocortex,2.3,False,397.0,1783447.0,9700.0,397.0,1783447.0,9700.0,4492.309823677582,24.43324937027708
501,V2MMp-4,"Secondary visual cortex, mediomedial area, posterior region, layer4",0.0,179.0,200.0,17200.0,533.0,V2MMp,,9.0,7620.0,7620.0,0.1524,Isocortex,4,False,303.0,1351075.0,7276.0,303.0,1351075.0,7276.0,4458.993399339934,24.013201320132012
565,V2MMp-5,"Secondary visual cortex, mediomedial area, posterior region, layer5",63.0,184.0,201.0,17300.0,533.0,V2MMp,,9.0,11968.0,11968.0,0.23936,Isocortex,5,False,1029.0,5626526.0,26716.0,1029.0,5626526.0,26716.0,5467.955296404276,25.963070942662778
257,V2MMp-6a,"Secondary visual cortex, mediomedial area, posterior region, layer6a",93.0,188.0,201.0,17400.0,533.0,V2MMp,,9.0,8620.0,8620.0,0.1724,Isocortex,6a,False,608.0,3494990.0,16314.0,608.0,3494990.0,16314.0,5748.338815789473,26.832236842105264
469,V2MMp-6b,"Secondary visual cortex, mediomedial area, posterior region, layer6b",119.0,194.0,202.0,17500.0,533.0,V2MMp,,9.0,682.0,682.0,0.01364,Isocortex,6b,False,28.0,253555.0,851.0,28.0,253555.0,851.0,9055.535714285714,30.392857142857142
937,V1_leaf,"Primary visual cortex, leaf",112.0,255.0,98.0,17600.0,385.0,V1,,8.0,3394.0,3394.0,0.06788,Isocortex,misc,False,49.0,483716.0,1315.0,49.0,483716.0,1315.0,9871.755102040815,26.836734693877553
385,V1,Primary visual cortex,112.0,255.0,98.0,17600.0,669.0,V,,7.0,,384510.0,7.6902,Isocortex,V1,True,,0.0,0.0,27296.0,204311668.0,787765.0,7485.040592028136,28.86008939038687
593,V1-1,"Primary visual cortex, layer1",0.0,147.0,153.0,17700.0,385.0,V1,,8.0,24752.0,24752.0,0.49504,Isocortex,1,False,438.0,3819896.0,11569.0,438.0,3819896.0,11569.0,8721.223744292238,26.41324200913242
821,V1-2/3,"Primary visual cortex, layer2/3",0.0,148.0,159.0,17800.0,385.0,V1,,8.0,36596.0,36596.0,0.73192,Isocortex,2.3,False,2228.0,20352796.0,58405.0,2228.0,20352796.0,58405.0,9135.007181328545,26.214093357271096
721,V1-4,"Primary visual cortex, layer4",17.0,151.0,167.0,17900.0,385.0,V1,,8.0,29418.0,29418.0,0.58836,Isocortex,4,False,3657.0,30410083.0,96682.0,3657.0,30410083.0,96682.0,8315.58189773038,26.43751709051135
778,V1-5,"Primary visual cortex, layer5",60.0,163.0,177.0,18000.0,385.0,V1,,8.0,23110.0,23110.0,0.4622,Isocortex,5,False,2299.0,16971646.0,65013.0,2299.0,16971646.0,65013.0,7382.186167899086,28.278816876903
33,V1-6a,"Primary visual cortex, layer6a",85.0,168.0,178.0,18100.0,385.0,V1,,8.0,17502.0,17502.0,0.35004,Isocortex,6a,False,1817.0,15222256.0,53258.0,1817.0,15222256.0,53258.0,8377.68629609246,29.31095211887727
305,V1-6b,"Primary visual cortex, layer6b",107.0,173.0,178.0,18200.0,385.0,V1,,8.0,3808.0,3808.0,0.07616,Isocortex,6b,False,194.0,1396521.0,5607.0,194.0,1396521.0,5607.0,7198.561855670103,28.9020618556701
2098,V1M,"Primary visual cortex, monocular area",112.0,255.0,98.0,18210.0,385.0,V1,,8.0,,121062.0,2.42124,Isocortex,M,False,,0.0,0.0,6639.0,39102914.0,192439.0,5889.880102425064,28.986142491339056
2428,V1M-1,"Primary visual cortex, monocular area, layer1",112.0,255.0,98.0,18220.0,2098.0,V1M,,9.0,16558.0,16558.0,0.33116,Isocortex,1,False,172.0,751251.0,4763.0,172.0,751251.0,4763.0,4367.738372093023,27.691860465116278
2429,V1M-2/3,"Primary visual cortex, monocular area, layer2/3",112.0,255.0,98.0,18230.0,2098.0,V1M,,9.0,27934.0,27934.0,0.55868,Isocortex,2.3,False,742.0,3137435.0,19602.0,742.0,3137435.0,19602.0,4228.3490566037735,26.4177897574124
2430,V1M-4,"Primary visual cortex, monocular area, layer4",112.0,255.0,98.0,18240.0,2098.0,V1M,,9.0,21080.0,21080.0,0.4216,Isocortex,4,False,1354.0,6962095.0,36869.0,1354.0,6962095.0,36869.0,5141.87223042836,27.229689807976367
2431,V1M-5,"Primary visual cortex, monocular area, layer5",112.0,255.0,98.0,18250.0,2098.0,V1M,,9.0,27074.0,27074.0,0.54148,Isocortex,5,False,2581.0,16225866.0,76844.0,2581.0,16225866.0,76844.0,6286.658659434328,29.772956218519955
2432,V1M-6a,"Primary visual cortex, monocular area, layer6a",112.0,255.0,98.0,18260.0,2098.0,V1M,,9.0,20956.0,20956.0,0.41912,Isocortex,6a,False,1602.0,10884589.0,48885.0,1602.0,10884589.0,48885.0,6794.375156054932,30.51498127340824
2433,V1M-6b,"Primary visual cortex, monocular area, layer16b",112.0,255.0,98.0,18270.0,2098.0,V1M,,9.0,7460.0,7460.0,0.1492,Isocortex,6b,False,188.0,1141678.0,5476.0,188.0,1141678.0,5476.0,6072.755319148936,29.127659574468087
2133,V1B,"Primary visual cortex, binocular area",112.0,255.0,98.0,18280.0,385.0,V1,,8.0,,124868.0,2.49736,Isocortex,B,False,,0.0,0.0,9975.0,76551840.0,303477.0,7674.36992481203,30.42375939849624
2434,V1B-1,"Primary visual cortex, binocular area, layer1",112.0,255.0,98.0,18290.0,2133.0,V1B,,9.0,16434.0,16434.0,0.32868,Isocortex,1,False,384.0,2195580.0,10957.0,384.0,2195580.0,10957.0,5717.65625,28.533854166666668
2435,V1B-2/3,"Primary visual cortex, binocular area, layer2/3",112.0,255.0,98.0,18291.0,2133.0,V1B,,9.0,26416.0,26416.0,0.52832,Isocortex,2.3,False,1568.0,9176432.0,42407.0,1568.0,9176432.0,42407.0,5852.316326530612,27.0452806122449
2436,V1B-4,"Primary visual cortex, binocular area, layer4",112.0,255.0,98.0,18292.0,2133.0,V1B,,9.0,22576.0,22576.0,0.45152,Isocortex,4,False,2216.0,14546530.0,64091.0,2216.0,14546530.0,64091.0,6564.318592057762,28.92193140794224
2437,V1B-5,"Primary visual cortex, binocular area, layer5",112.0,255.0,98.0,18293.0,2133.0,V1B,,9.0,27720.0,27720.0,0.5544,Isocortex,5,False,3449.0,28867695.0,107576.0,3449.0,28867695.0,107576.0,8369.873876485937,31.19048999710061
2438,V1B-6a,"Primary visual cortex, binocular area, layer6a",112.0,255.0,98.0,18294.0,2133.0,V1B,,9.0,23728.0,23728.0,0.47456,Isocortex,6a,False,2149.0,19900307.0,71635.0,2149.0,19900307.0,71635.0,9260.263843648208,33.33410888785482
2439,V1B-6b,"Primary visual cortex, binocular area, layer6b",112.0,255.0,98.0,18295.0,2133.0,V1B,,9.0,7994.0,7994.0,0.15988,Isocortex,6b,False,209.0,1865296.0,6811.0,209.0,1865296.0,6811.0,8924.86124401914,32.588516746411486
31,A24 (Cg),Cingulate cortex,112.0,255.0,113.0,18300.0,315.0,Isocortex,,6.0,,184606.0,3.69212,Isocortex,Cg,True,,0.0,0.0,23210.0,196990011.0,693285.0,8487.29043515726,29.87009909521758
2345,A24b (Cg1),"Cingulate cortex, area 24b ",169.0,203.0,142.0,18810.0,31.0,A24 (Cg),,7.0,,107144.0,2.14288,Isocortex,Cg1,False,,0.0,0.0,13657.0,124981484.0,420228.0,9151.459617778428,30.770154499524054
2346,A24b (Cg1)-1,"Cingulate cortex, area 24b, layer1",169.0,203.0,142.0,18820.0,2345.0,A24b (Cg1),,8.0,26424.0,26424.0,0.52848,Isocortex,1,False,1028.0,9767880.0,32839.0,1028.0,9767880.0,32839.0,9501.828793774319,31.94455252918288
2347,A24b (Cg1)-2/3,"Cingulate cortex, area 24b, layer2/3",169.0,203.0,142.0,18830.0,2345.0,A24b (Cg1),,8.0,33754.0,33754.0,0.67508,Isocortex,2.3,False,5793.0,54232291.0,170509.0,5793.0,54232291.0,170509.0,9361.69359571897,29.4336267909546
2348,A24b (Cg1)-5,"Cingulate cortex, area 24b, layer5",169.0,203.0,142.0,18840.0,2345.0,A24b (Cg1),,8.0,27548.0,27548.0,0.55096,Isocortex,5,False,3568.0,30735603.0,111122.0,3568.0,30735603.0,111122.0,8614.23850896861,31.144058295964125
2349,A24b (Cg1)-6a,"Cingulate cortex, area 24b, layer6a",169.0,203.0,142.0,18850.0,2345.0,A24b (Cg1),,8.0,16460.0,16460.0,0.3292,Isocortex,6a,False,2881.0,27338229.0,93879.0,2881.0,27338229.0,93879.0,9489.145782714335,32.58556056924679
2350,A24b (Cg1)-6b,"Cingulate cortex, area 24b, layer6b",169.0,203.0,142.0,18860.0,2345.0,A24b (Cg1),,8.0,2958.0,2958.0,0.05916,Isocortex,6b,False,387.0,2907481.0,11879.0,387.0,2907481.0,11879.0,7512.870801033591,30.695090439276484
39,A24b' (Cg1),"Cingulate cortex, area 24b'",113.0,255.0,113.0,18900.0,31.0,A24 (Cg),,7.0,,36612.0,0.73224,Isocortex,Cg1',False,,0.0,0.0,4313.0,31832162.0,123840.0,7380.515186645027,28.713192673313237
935,A24b' (Cg1)-1,"Cingulate cortex, area 24b', layer1",96.0,170.0,75.0,19000.0,39.0,A24b' (Cg1),,8.0,9082.0,9082.0,0.18164,Isocortex,1,False,431.0,3101964.0,12848.0,431.0,3101964.0,12848.0,7197.132250580046,29.809744779582367
211,A24b' (Cg1)-2/3,"Cingulate cortex, area 24b', layer2/3",116.0,175.0,88.0,19100.0,39.0,A24b' (Cg1),,8.0,12388.0,12388.0,0.24776,Isocortex,2.3,False,1732.0,13042613.0,48761.0,1732.0,13042613.0,48761.0,7530.377020785219,28.15300230946882
1015,A24b' (Cg1)-5,"Cingulate cortex, area 24b', layer5",137.0,183.0,108.0,19200.0,39.0,A24b' (Cg1),,8.0,9868.0,9868.0,0.19736,Isocortex,5,False,1164.0,8507273.0,33909.0,1164.0,8507273.0,33909.0,7308.653780068728,29.13144329896907
919,A24b' (Cg1)-6a,"Cingulate cortex, area 24b', layer6a",157.0,199.0,128.0,19300.0,39.0,A24b' (Cg1),,8.0,4748.0,4748.0,0.09496,Isocortex,6a,False,892.0,6598381.0,25737.0,892.0,6598381.0,25737.0,7397.288116591928,28.853139013452914
927,A24b' (Cg1)-6b,"Cingulate cortex, area 24b', layer6b",168.0,203.0,142.0,19400.0,39.0,A24b' (Cg1),,8.0,526.0,526.0,0.01052,Isocortex,6b,False,94.0,581931.0,2585.0,94.0,581931.0,2585.0,6190.755319148936,27.5
48,A24a' (Cg2),"Cingulate cortex, area 24a'",114.0,255.0,113.0,19500.0,31.0,A24 (Cg),,7.0,,40850.0,0.817,Isocortex,Cg2,False,,0.0,0.0,5240.0,40176365.0,149217.0,7667.2452290076335,28.476526717557253
588,A24a' (Cg2)-1,"Cingulate cortex, area 24a', layer1",109.0,191.0,85.0,19600.0,48.0,A24a' (Cg2),,8.0,10338.0,10338.0,0.20676,Isocortex,1,False,464.0,3436703.0,13330.0,464.0,3436703.0,13330.0,7406.6875,28.728448275862068
296,A24a' (Cg2)-2/3,"Cingulate cortex, area 24a', layer2/3",131.0,198.0,100.0,19700.0,48.0,A24a' (Cg2),,8.0,14234.0,14234.0,0.28468,Isocortex,2.3,False,2240.0,19011431.0,63455.0,2240.0,19011431.0,63455.0,8487.245982142857,28.328125
772,A24a' (Cg2)-5,"Cingulate cortex, area 24a', layer5",155.0,207.0,122.0,19800.0,48.0,A24a' (Cg2),,8.0,7324.0,7324.0,0.14648,Isocortex,5,False,1121.0,8211869.0,32766.0,1121.0,8211869.0,32766.0,7325.485280999108,29.229259589652095
810,A24a' (Cg2)-6a,"Cingulate cortex, area 24a', layer6a",167.0,212.0,136.0,19900.0,48.0,A24a' (Cg2),,8.0,7202.0,7202.0,0.14404,Isocortex,6a,False,1177.0,7934238.0,32956.0,1177.0,7934238.0,32956.0,6741.068819031436,28.0
819,A24a' (Cg2)-6b,"Cingulate cortex, area 24a', layer6b",178.0,217.0,152.0,20000.0,48.0,A24a' (Cg2),,8.0,1752.0,1752.0,0.03504,Isocortex,6b,False,238.0,1582124.0,6710.0,238.0,1582124.0,6710.0,6647.579831932773,28.19327731092437
972,A32 (PrL),"Cingulate cortex, area 32 (Prelimbic cortex)",112.0,255.0,118.0,20100.0,315.0,Isocortex,,6.0,,102390.0,2.0478,Isocortex,PrL,True,,0.0,0.0,12463.0,134978214.0,387872.0,10830.314851961806,31.12188076707053
171,A32 (PrL)-1,"Cingulate cortex, area 32 (Prelimbic cortex), layer1",83.0,150.0,66.0,20200.0,972.0,A32 (PrL),,7.0,23856.0,23856.0,0.47712,Isocortex,1,False,1146.0,12514770.0,34032.0,1146.0,12514770.0,34032.0,10920.392670157067,29.69633507853403
195,A32 (PrL)-2,"Cingulate cortex, area 32 (Prelimbic cortex), layer2",101.0,156.0,78.0,20300.0,972.0,A32 (PrL),,7.0,,0.0,0.0,Isocortex,2,False,,0.0,0.0,0.0,0.0,0.0,,
304,A32 (PrL)-2/3,"Cingulate cortex, area 32 (Prelimbic cortex), layer2/3",121.0,163.0,95.0,20400.0,972.0,A32 (PrL),,7.0,29784.0,29784.0,0.59568,Isocortex,2.3,False,5314.0,58409286.0,156614.0,5314.0,58409286.0,156614.0,10991.58562288295,29.471960858110652
363,A32 (PrL)-5,"Cingulate cortex, area 32 (Prelimbic cortex), layer5",140.0,178.0,114.0,20500.0,972.0,A32 (PrL),,7.0,36902.0,36902.0,0.73804,Isocortex,5,False,4243.0,46436744.0,136880.0,4243.0,46436744.0,136880.0,10944.31864246995,32.260193259486215
84,A32 (PrL)-6a,"Cingulate cortex, area 32 (Prelimbic cortex), layer6a",150.0,182.0,127.0,20600.0,972.0,A32 (PrL),,7.0,11848.0,11848.0,0.23696,Isocortex,6a,False,1760.0,17617414.0,60346.0,1760.0,17617414.0,60346.0,10009.894318181818,34.2875
132,A32 (PrL)-6b,"Cingulate cortex, area 32 (Prelimbic cortex), layer6b",160.0,187.0,142.0,20700.0,972.0,A32 (PrL),,7.0,,0.0,0.0,Isocortex,6b,False,,0.0,0.0,0.0,0.0,0.0,,
714,O,Orbital cortex,128.0,255.0,128.0,20800.0,315.0,Isocortex,,6.0,,275026.0,5.50052,Isocortex,O,True,,0.0,0.0,37767.0,489038911.0,1145215.0,12948.841872534224,30.323165726692615
723,LO,Lateral orbital cortex,127.0,255.0,128.0,21400.0,714.0,O,,7.0,,140762.0,2.81524,Isocortex,L,False,,0.0,0.0,19679.0,258562199.0,569720.0,13138.99075156258,28.95065806189339
480,LO_leaf,"Lateral orbital cortex, leaf",127.0,255.0,128.0,21400.0,723.0,LO,,8.0,2364.0,2364.0,0.04728,Isocortex,misc,False,181.0,2283396.0,5019.0,181.0,2283396.0,5019.0,12615.447513812154,27.7292817679558
448,LO-1,"Lateral orbital cortex, layer1",37.0,143.0,69.0,21500.0,723.0,LO,,8.0,33296.0,33296.0,0.66592,Isocortex,1,False,1905.0,24559378.0,55094.0,1905.0,24559378.0,55094.0,12892.061942257218,28.920734908136485
412,LO-2/3,"Lateral orbital cortex, layer2/3",63.0,148.0,87.0,21600.0,723.0,LO,,8.0,62110.0,62110.0,1.2422,Isocortex,2.3,False,12312.0,164307334.0,355450.0,12312.0,164307334.0,355450.0,13345.300032488629,28.870207927225472
630,LO-5,"Lateral orbital cortex, layer5",82.0,152.0,98.0,21700.0,723.0,LO,,8.0,38424.0,38424.0,0.76848,Isocortex,5,False,4464.0,57212044.0,130710.0,4464.0,57212044.0,130710.0,12816.318100358423,29.280913978494624
440,LO-6a,"Lateral orbital cortex, layer6a",107.0,168.0,116.0,21800.0,723.0,LO,,8.0,4568.0,4568.0,0.09136,Isocortex,6a,False,817.0,10200047.0,23447.0,817.0,10200047.0,23447.0,12484.7576499388,28.69889840881273
488,LO-6b,"Lateral orbital cortex, layer6b",128.0,175.0,128.0,21900.0,723.0,LO,,8.0,,0.0,0.0,Isocortex,6b,False,,0.0,0.0,0.0,0.0,0.0,,
731,MO,Medial orbital cortex,126.0,255.0,128.0,22000.0,714.0,O,,7.0,,71346.0,1.42692,Isocortex,M,False,,0.0,0.0,9739.0,127569443.0,310658.0,13098.82359585173,31.898346852859635
635,MO_leaf,"Medial orbital cortex, leaf",126.0,255.0,128.0,22000.0,731.0,MO,,8.0,1572.0,1572.0,0.03144,Isocortex,misc,False,242.0,3311497.0,7148.0,242.0,3311497.0,7148.0,13683.871900826447,29.537190082644628
484,MO-1,"Medial orbital cortex, layer1",102.0,155.0,63.0,22100.0,731.0,MO,,8.0,23110.0,23110.0,0.4622,Isocortex,1,False,1976.0,27393349.0,65531.0,1976.0,27393349.0,65531.0,13863.030870445344,33.16346153846154
524,MO-2/3,"Medial orbital cortex, layer2/3",121.0,162.0,82.0,22200.0,731.0,MO,,8.0,,0.0,0.0,Isocortex,2.3,False,,0.0,0.0,0.0,0.0,0.0,,
582,MO-5,"Medial orbital cortex, layer5",131.0,166.0,95.0,22300.0,731.0,MO,,8.0,28014.0,28014.0,0.56028,Isocortex,5,False,5663.0,74709051.0,176016.0,5663.0,74709051.0,176016.0,13192.48649125905,31.081758785096238
620,MO-6a,"Medial orbital cortex, layer6a",150.0,181.0,113.0,22400.0,731.0,MO,,8.0,18182.0,18182.0,0.36364,Isocortex,6a,False,1800.0,21607746.0,60080.0,1800.0,21607746.0,60080.0,12004.303333333333,33.37777777777778
910,MO-6b,"Medial orbital cortex, layer6b",161.0,186.0,127.0,22500.0,731.0,MO,,8.0,468.0,468.0,0.00936,Isocortex,6b,False,58.0,547800.0,1883.0,58.0,547800.0,1883.0,9444.827586206897,32.46551724137931
2510,VO_leaf,"Ventral orbital cortex, leaf",125.0,255.0,128.0,22600.0,738.0,VO,,8.0,1622.0,1622.0,0.03244,Isocortex,misc,False,98.0,1319964.0,2868.0,98.0,1319964.0,2868.0,13469.020408163266,29.26530612244898
738,VO,Ventral orbital cortex,125.0,255.0,128.0,22600.0,714.0,O,,7.0,,62918.0,1.25836,Isocortex,V,False,,0.0,0.0,8349.0,102907269.0,264837.0,12325.699964067553,31.720804886812793
2320,VO-1,"Orbital cortex, ventral part, layer 1",125.0,255.0,128.0,22610.0,738.0,VO,,8.0,19340.0,19340.0,0.3868,Isocortex,1,False,1966.0,24972192.0,64730.0,1966.0,24972192.0,64730.0,12702.030518819938,32.924720244150556
2321,VO-2/3,"Orbital cortex, ventral part, layer 2/3",125.0,255.0,128.0,22620.0,738.0,VO,,8.0,29916.0,29916.0,0.59832,Isocortex,2.3,False,4814.0,60648023.0,149669.0,4814.0,60648023.0,149669.0,12598.259867054425,31.09036144578313
2322,VO-5,"Orbital cortex, ventral part, layer 5",125.0,255.0,128.0,22630.0,738.0,VO,,8.0,9032.0,9032.0,0.18064,Isocortex,5,False,965.0,10463090.0,31207.0,965.0,10463090.0,31207.0,10842.580310880829,32.33886010362694
2323,VO-6a,"Orbital cortex, ventral part, layer 6a",125.0,255.0,128.0,22640.0,738.0,VO,,8.0,2636.0,2636.0,0.05272,Isocortex,6a,False,450.0,4914728.0,14554.0,450.0,4914728.0,14554.0,10921.617777777778,32.34222222222222
2324,VO-6b,"Orbital cortex, ventral part, layer 6b",125.0,255.0,128.0,22650.0,738.0,VO,,8.0,372.0,372.0,0.00744,Isocortex,6b,False,56.0,589272.0,1809.0,56.0,589272.0,1809.0,10522.714285714286,32.30357142857143
95,AI,Agranular insular cortex,112.0,255.0,114.0,23300.0,315.0,Isocortex,,6.0,,283750.0,5.675,Isocortex,AI,True,,0.0,0.0,47277.0,832386721.0,1435855.0,17606.5892717389,30.371110688072424
2331,AI1,"Agranular insular cortex, layer 1",112.0,255.0,114.0,23310.0,95.0,AI,,7.0,2372.0,2372.0,0.04744,Isocortex,1,False,370.0,5593200.0,10935.0,370.0,5593200.0,10935.0,15116.756756756757,29.554054054054053
2332,AI2/3,"Agranular insular cortex, layer 2/3",112.0,255.0,114.0,23320.0,95.0,AI,,7.0,3432.0,3432.0,0.06864,Isocortex,2.3,False,930.0,15771355.0,27747.0,930.0,15771355.0,27747.0,16958.44623655914,29.835483870967742
2333,AI5,"Agranular insular cortex, layer 5",112.0,255.0,114.0,23330.0,95.0,AI,,7.0,2462.0,2462.0,0.04924,Isocortex,5,False,312.0,4454096.0,9344.0,312.0,4454096.0,9344.0,14275.948717948719,29.94871794871795
104,AID,"Agranular insular cortex, dorsal part",113.0,255.0,114.0,23400.0,95.0,AI,,7.0,,135634.0,2.71268,Isocortex,D,False,,0.0,0.0,25653.0,431319160.0,774423.0,16813.595290999103,30.188399017658753
996,AID-1,"Agranular insular cortex, dorsal part, layer1",74.0,165.0,77.0,23500.0,104.0,AID,,8.0,18686.0,18686.0,0.37372,Isocortex,1,False,2788.0,41944506.0,82883.0,2788.0,41944506.0,82883.0,15044.657819225251,29.72847919655667
328,AID-2/3,"Agranular insular cortex, dorsal part, layer2/3",95.0,171.0,97.0,23600.0,104.0,AID,,8.0,38910.0,38910.0,0.7782,Isocortex,2.3,False,7706.0,133159172.0,243407.0,7706.0,133159172.0,243407.0,17279.934077342332,31.58668569945497
1101,AID-5,"Agranular insular cortex, dorsal part, layer5",114.0,177.0,110.0,23700.0,104.0,AID,,8.0,29348.0,29348.0,0.58696,Isocortex,5,False,4722.0,79149230.0,147287.0,4722.0,79149230.0,147287.0,16761.802202456587,31.19165607793308
783,AID-6a,"Agranular insular cortex, dorsal part, layer6a",144.0,195.0,129.0,23800.0,104.0,AID,,8.0,11524.0,11524.0,0.23048,Isocortex,6a,False,3755.0,82892731.0,112024.0,3755.0,82892731.0,112024.0,22075.294540612518,29.833288948069242
831,AID-6b,"Agranular insular cortex, dorsal part, layer6b",156.0,200.0,143.0,23900.0,104.0,AID,,8.0,48.0,48.0,0.00096,Isocortex,6b,False,5.0,51674.0,135.0,5.0,51674.0,135.0,10334.8,27.0
2020,DLO,Dorsolateral orbital cortex,156.0,200.0,143.0,23910.0,104.0,AID,,8.0,,37118.0,0.74236,Isocortex,DLO,False,,0.0,0.0,6677.0,94121847.0,188687.0,14096.427587239777,28.259248165343717
2326,DLO-1,"Dorsolateral orbital cortex, layer 1",156.0,200.0,143.0,23920.0,2020.0,DLO,,9.0,11712.0,11712.0,0.23424,Isocortex,1,False,1442.0,20555697.0,41934.0,1442.0,20555697.0,41934.0,14254.990984743412,29.080443828016644
2327,DLO-2/3,"Dorsolateral orbital cortex, layer 2/3",156.0,200.0,143.0,23930.0,2020.0,DLO,,9.0,18360.0,18360.0,0.3672,Isocortex,2.3,False,4476.0,64499629.0,124626.0,4476.0,64499629.0,124626.0,14410.104781054513,27.843163538873995
2328,DLO-5,Dorsolateral orbital cortex layer 5,156.0,200.0,143.0,23940.0,2020.0,DLO,,9.0,7046.0,7046.0,0.14092,Isocortex,5,False,759.0,9066521.0,22127.0,759.0,9066521.0,22127.0,11945.35046113307,29.152832674571805
2329,DLO-6a,Dorsolateral orbital cortex layer 6a,156.0,200.0,143.0,23950.0,2020.0,DLO,,9.0,,0.0,0.0,Isocortex,6a,False,,0.0,0.0,0.0,0.0,0.0,,
2330,DLO-6b,Dorsolateral orbital cortex layer 6b,156.0,200.0,143.0,23960.0,2020.0,DLO,,9.0,,0.0,0.0,Isocortex,6b,False,,0.0,0.0,0.0,0.0,0.0,,
111,AIP,"Agranular insular cortex, posterior part",111.0,255.0,114.0,24000.0,95.0,AI,,7.0,,59508.0,1.19016,Isocortex,P,False,,0.0,0.0,8444.0,175416737.0,252651.0,20774.128019895783,29.920772145902415
120,AIP-1,"Agranular insular cortex, posterior part, layer1",0.0,154.0,82.0,24100.0,111.0,AIP,,8.0,13484.0,13484.0,0.26968,Isocortex,1,False,993.0,16370228.0,29311.0,993.0,16370228.0,29311.0,16485.627391742197,29.517623363544814
163,AIP-2/3,"Agranular insular cortex, posterior part, layer2/3",20.0,160.0,94.0,24200.0,111.0,AIP,,8.0,28316.0,28316.0,0.56632,Isocortex,2.3,False,2846.0,56028533.0,86425.0,2846.0,56028533.0,86425.0,19686.764933239636,30.36718200983837
344,AIP-5,"Agranular insular cortex, posterior part, layer5",59.0,165.0,106.0,24300.0,111.0,AIP,,8.0,11962.0,11962.0,0.23924,Isocortex,5,False,2896.0,64002674.0,86765.0,2896.0,64002674.0,86765.0,22100.37085635359,29.96029005524862
314,AIP-6a,"Agranular insular cortex, posterior part, layer6a",87.0,180.0,124.0,24400.0,111.0,AIP,,8.0,5746.0,5746.0,0.11492,Isocortex,6a,False,1709.0,39015302.0,50150.0,1709.0,39015302.0,50150.0,22829.316559391456,29.344645991808076
355,AIP-6b,"Agranular insular cortex, posterior part, layer6b",108.0,186.0,137.0,24500.0,111.0,AIP,,8.0,,0.0,0.0,Isocortex,6b,False,,0.0,0.0,0.0,0.0,0.0,,
119,AIV,"Agranular insular cortex, ventral part",110.0,255.0,114.0,24600.0,95.0,AI,,7.0,,80342.0,1.60684,Isocortex,V,False,,0.0,0.0,11568.0,199832173.0,360755.0,17274.56543914246,31.185598201936376
704,AIV-1,"Agranular insular cortex, ventral part, layer1",84.0,186.0,88.0,24700.0,119.0,AIV,,8.0,16248.0,16248.0,0.32496,Isocortex,1,False,980.0,12506857.0,30118.0,980.0,12506857.0,30118.0,12762.098979591838,30.73265306122449
694,AIV-2/3,"Agranular insular cortex, ventral part, layer2/3",107.0,192.0,110.0,24800.0,119.0,AIV,,8.0,27804.0,27804.0,0.55608,Isocortex,2.3,False,4259.0,67814186.0,134093.0,4259.0,67814186.0,134093.0,15922.560694998827,31.4846208030054
800,AIV-5,"Agranular insular cortex, ventral part, layer5",129.0,199.0,124.0,24900.0,119.0,AIV,,8.0,26560.0,26560.0,0.5312,Isocortex,5,False,3832.0,69230860.0,120310.0,3832.0,69230860.0,120310.0,18066.508350730688,31.396137787056368
675,AIV-6a,"Agranular insular cortex, ventral part, layer6a",153.0,207.0,137.0,25000.0,119.0,AIV,,8.0,9730.0,9730.0,0.1946,Isocortex,6a,False,2497.0,50280270.0,76234.0,2497.0,50280270.0,76234.0,20136.271525830998,30.530236283540248
699,AIV-6b,"Agranular insular cortex, ventral part, layer6b",166.0,213.0,152.0,25100.0,119.0,AIV,,8.0,,0.0,0.0,Isocortex,6b,False,,0.0,0.0,0.0,0.0,0.0,,
254,A29-30 (RS),"Cingulate cortex, area 29 and 30 (retrosplenial cortex)",112.0,255.0,120.0,25200.0,315.0,Isocortex,,6.0,,370028.0,7.40056,Isocortex,RS,True,,0.0,0.0,49095.0,395898565.0,1346399.0,8063.928404114472,27.42436093288522
879,A30 (RSD),"Cingulate cortex, area 30 (Retrosplenial dysgranular cortex)",112.0,255.0,120.0,25900.0,254.0,A29-30 (RS),,7.0,,176668.0,3.53336,Isocortex,RSD,False,,0.0,0.0,24302.0,188037177.0,667731.0,7737.51859929224,27.476380544811125
442,A30 (RSD)-1,"Cingulate cortex, area 30 (Retrosplenial dysgranular cortex), layer1",0.0,139.0,89.0,26000.0,879.0,A30 (RSD),,8.0,38158.0,38158.0,0.76316,Isocortex,1,False,2683.0,16525109.0,72329.0,2683.0,16525109.0,72329.0,6159.190831159151,26.958255683935892
434,A30 (RSD)-2/3,"Cingulate cortex, area 30 (Retrosplenial dysgranular cortex), layer2/3",34.0,145.0,99.0,26100.0,879.0,A30 (RSD),,8.0,51104.0,51104.0,1.02208,Isocortex,2.3,False,6363.0,45372969.0,171609.0,6363.0,45372969.0,171609.0,7130.7510608203675,26.96982555398397
545,A30 (RSD)-4,"Cingulate cortex, area 30 (Retrosplenial dysgranular cortex), layer4",35.0,145.0,99.0,26200.0,879.0,A30 (RSD),,8.0,64.0,64.0,0.00128,Isocortex,4,False,3.0,20759.0,90.0,3.0,20759.0,90.0,6919.666666666667,30.0
610,A30 (RSD)-5,"Cingulate cortex, area 30 (Retrosplenial dysgranular cortex), layer5",60.0,149.0,109.0,26300.0,879.0,A30 (RSD),,8.0,47220.0,47220.0,0.9444,Isocortex,5,False,8605.0,76217499.0,245733.0,8605.0,76217499.0,245733.0,8857.350261475885,28.557001743172574
274,A30 (RSD)-6a,"Cingulate cortex, area 30 (Retrosplenial dysgranular cortex), layer6a",86.0,164.0,129.0,26400.0,879.0,A30 (RSD),,8.0,34202.0,34202.0,0.68404,Isocortex,6a,False,5844.0,44316343.0,157203.0,5844.0,44316343.0,157203.0,7583.220910335387,26.899897330595483
330,A30 (RSD)-6b,"Cingulate cortex, area 30 (Retrosplenial dysgranular cortex), layer6b",104.0,170.0,142.0,26500.0,879.0,A30 (RSD),,8.0,5920.0,5920.0,0.1184,Isocortex,6b,False,804.0,5584498.0,20767.0,804.0,5584498.0,20767.0,6945.893034825871,25.829601990049753
886,A29 (RSG),"Cingulate cortex, area 29 (Retrosplenial granular cortex)",112.0,255.0,120.0,26600.0,254.0,A29-30 (RS),,7.0,,193360.0,3.8672,Isocortex,RSG,False,,0.0,0.0,24793.0,207861388.0,678668.0,8383.873996692615,27.373371516153753
2132,A29c (RSGc),"Cingulate cortex, area 29c (Retrosplenial granular cortex c)",112.0,255.0,120.0,26610.0,886.0,A29 (RSG),,8.0,,118512.0,2.37024,Isocortex,c,False,,0.0,0.0,15884.0,133311252.0,433171.0,8392.801057668094,27.270901536136993
542,A29c (RSGc)-1,"Cingulate cortex, area 29c (Retrosplenial granular cortex c), layer1",0.0,138.0,79.0,26700.0,2132.0,A29c (RSGc),,9.0,26412.0,26412.0,0.52824,Isocortex,1,False,526.0,2924689.0,13938.0,526.0,2924689.0,13938.0,5560.245247148289,26.49809885931559
606,A29c (RSGc)-2,"Cingulate cortex, area 29c (Retrosplenial granular cortex c), layer2",35.0,145.0,94.0,26800.0,2132.0,A29c (RSGc),,9.0,,0.0,0.0,Isocortex,2,False,,0.0,0.0,0.0,0.0,0.0,,
430,A29c (RSGc)-2/3,"Cingulate cortex, area 29c (Retrosplenial granular cortex c), layer2/3",61.0,149.0,104.0,26900.0,2132.0,A29c (RSGc),,9.0,45666.0,45666.0,0.91332,Isocortex,2.3,False,7226.0,64458128.0,197079.0,7226.0,64458128.0,197079.0,8920.30556324384,27.273595350124552
687,A29c (RSGc)-5,"Cingulate cortex, area 29c (Retrosplenial granular cortex c), layer5",87.0,163.0,123.0,27000.0,2132.0,A29c (RSGc),,9.0,26896.0,26896.0,0.53792,Isocortex,5,False,4984.0,45597087.0,139994.0,4984.0,45597087.0,139994.0,9148.693218298555,28.08868378812199
590,A29c (RSGc)-6a,"Cingulate cortex, area 29c (Retrosplenial granular cortex c), layer6a",96.0,166.0,129.0,27100.0,2132.0,A29c (RSGc),,9.0,16630.0,16630.0,0.3326,Isocortex,6a,False,2806.0,18434297.0,73674.0,2806.0,18434297.0,73674.0,6569.599786172487,26.255880256593016
622,A29c (RSGc)-6b,"Cingulate cortex, area 29c (Retrosplenial granular cortex c), layer6b",105.0,169.0,135.0,27200.0,2132.0,A29c (RSGc),,9.0,2908.0,2908.0,0.05816,Isocortex,6b,False,342.0,1897051.0,8486.0,342.0,1897051.0,8486.0,5546.932748538012,24.81286549707602
2066,A29b (RSGb),"Cingulate cortex, area 29b (Retrosplenial granular cortex b)",112.0,255.0,120.0,27210.0,886.0,A29 (RSG),,8.0,,36622.0,0.73244,Isocortex,b,False,,0.0,0.0,4271.0,36973457.0,122149.0,8656.861859049402,28.599625380472958
2416,A29b (RSGb)-1,"Cingulate cortex, area 29b (Retrosplenial granular cortex b), layer1",112.0,255.0,120.0,27220.0,2066.0,A29b (RSGb),,9.0,10548.0,10548.0,0.21096,Isocortex,1,False,36.0,216678.0,977.0,36.0,216678.0,977.0,6018.833333333333,27.13888888888889
2417,A29b (RSGb)-2/3,"Cingulate cortex, area 29b (Retrosplenial granular cortex b), layer2/3",112.0,255.0,120.0,27230.0,2066.0,A29b (RSGb),,9.0,10716.0,10716.0,0.21432,Isocortex,2.3,False,850.0,6785272.0,24136.0,850.0,6785272.0,24136.0,7982.672941176471,28.395294117647058
2418,A29b (RSGb)-5,"Cingulate cortex, area 29b (Retrosplenial granular cortex b), layer5",112.0,255.0,120.0,27240.0,2066.0,A29b (RSGb),,9.0,11976.0,11976.0,0.23952,Isocortex,5,False,2792.0,25634008.0,81819.0,2792.0,25634008.0,81819.0,9181.234957020057,29.304799426934096
2419,A29b (RSGb)-6a,"Cingulate cortex, area 29b (Retrosplenial granular cortex b), layer6a",112.0,255.0,120.0,27250.0,2066.0,A29b (RSGb),,9.0,2700.0,2700.0,0.054,Isocortex,6a,False,517.0,3895842.0,13264.0,517.0,3895842.0,13264.0,7535.477756286267,25.655705996131527
2420,A29b (RSGb)-6b,"Cingulate cortex, area 29b (Retrosplenial granular cortex b), layer6b",112.0,255.0,120.0,27260.0,2066.0,A29b (RSGb),,9.0,682.0,682.0,0.01364,Isocortex,6b,False,76.0,441657.0,1953.0,76.0,441657.0,1953.0,5811.276315789473,25.69736842105263
2067,A29a (RSGa),"Cingulate cortex, area 29a (Retrosplenial granular cortex a)",112.0,255.0,120.0,27270.0,886.0,A29 (RSG),,8.0,,38226.0,0.76452,Isocortex,a,False,,0.0,0.0,4638.0,37576679.0,123348.0,8101.91440275981,26.595084087968953
2421,A29a (RSGa)-1,"Cingulate cortex, area 29a (Retrosplenial granular cortex a), layer1",112.0,255.0,120.0,27280.0,2067.0,A29a (RSGa),,9.0,7486.0,7486.0,0.14972,Isocortex,1,False,43.0,157587.0,1020.0,43.0,157587.0,1020.0,3664.813953488372,23.72093023255814
2422,A29a (RSGa)-2/3,"Cingulate cortex, area 29a (Retrosplenial granular cortex a), layer2/3",112.0,255.0,120.0,27290.0,2067.0,A29a (RSGa),,9.0,10818.0,10818.0,0.21636,Isocortex,2.3,False,131.0,1102219.0,3846.0,131.0,1102219.0,3846.0,8413.885496183206,29.358778625954198
2423,A29a (RSGa)-5,"Cingulate cortex, area 29a (Retrosplenial granular cortex a), layer5",112.0,255.0,120.0,27291.0,2067.0,A29a (RSGa),,9.0,15060.0,15060.0,0.3012,Isocortex,5,False,3267.0,27943885.0,88294.0,3267.0,27943885.0,88294.0,8553.377716559535,27.026017753290482
2424,A29a (RSGa)-6a,"Cingulate cortex, area 29a (Retrosplenial granular cortex a), layer6a",112.0,255.0,120.0,27292.0,2067.0,A29a (RSGa),,9.0,3358.0,3358.0,0.06716,Isocortex,6a,False,883.0,6320366.0,22486.0,883.0,6320366.0,22486.0,7157.8323895809735,25.465458663646658
2425,A29a (RSGa)-6b,"Cingulate cortex, area 29a (Retrosplenial granular cortex a), layer6b",112.0,255.0,120.0,27293.0,2067.0,A29a (RSGa),,9.0,1504.0,1504.0,0.03008,Isocortex,6b,False,314.0,2052622.0,7702.0,314.0,2052622.0,7702.0,6537.012738853503,24.528662420382165
22,PtA,parietal association cortex,112.0,255.0,119.0,27300.0,315.0,Isocortex,,6.0,,72090.0,1.4418,Isocortex,PtA,True,,0.0,0.0,13622.0,99967849.0,344008.0,7338.705696667156,25.253854059609456
2056,MPtA,Medial parietal association cortex,105.0,169.0,135.0,27910.0,22.0,PtA,,7.0,,29632.0,0.59264,Isocortex,M,False,,0.0,0.0,6269.0,48957955.0,157634.0,7809.531823257298,25.14499920242463
2381,MPtA-1,"Medial parietal association cortex, layer 1",105.0,169.0,135.0,27911.0,2056.0,MPtA,,8.0,4058.0,4058.0,0.08116,Isocortex,1,False,355.0,2425144.0,9134.0,355.0,2425144.0,9134.0,6831.391549295775,25.729577464788733
2382,MPtA-2,"Medial parietal association cortex, layer 2/3",105.0,169.0,135.0,27912.0,2056.0,MPtA,,8.0,7940.0,7940.0,0.1588,Isocortex,2,False,2722.0,20458441.0,66847.0,2722.0,20458441.0,66847.0,7515.9592211609115,24.558045554739163
2383,MPtA-4,"Medial parietal association cortex, layer 4",105.0,169.0,135.0,27913.0,2056.0,MPtA,,8.0,2384.0,2384.0,0.04768,Isocortex,4,False,670.0,5758156.0,16352.0,670.0,5758156.0,16352.0,8594.262686567165,24.405970149253733
2384,MPtA-5,"Medial parietal association cortex, layer 5",105.0,169.0,135.0,27914.0,2056.0,MPtA,,8.0,7082.0,7082.0,0.14164,Isocortex,5,False,978.0,7662532.0,26113.0,978.0,7662532.0,26113.0,7834.899795501023,26.70040899795501
2385,MPtA-6a,"Medial parietal association cortex, layer 6a",105.0,169.0,135.0,27915.0,2056.0,MPtA,,8.0,5648.0,5648.0,0.11296,Isocortex,6a,False,1132.0,9502783.0,28814.0,1132.0,9502783.0,28814.0,8394.684628975265,25.454063604240282
2386,MPtA-6b,"Medial parietal association cortex, layer 6b",105.0,169.0,135.0,27916.0,2056.0,MPtA,,8.0,2520.0,2520.0,0.0504,Isocortex,6b,False,412.0,3150899.0,10374.0,412.0,3150899.0,10374.0,7647.813106796117,25.179611650485437
2057,LPtA,Lateral parietal association cortex,105.0,169.0,135.0,27920.0,22.0,PtA,,7.0,,30970.0,0.6194,Isocortex,L,False,,0.0,0.0,5651.0,40086471.0,141627.0,7093.6950982127055,25.062289860201734
2387,LPtA-1,"Lateral parietal association cortex, layer 1",105.0,169.0,135.0,27921.0,2057.0,LPtA,,8.0,4354.0,4354.0,0.08708,Isocortex,1,False,200.0,1128013.0,5175.0,200.0,1128013.0,5175.0,5640.065,25.875
2388,LPtA-2/3,"Lateral parietal association cortex, layer 2/3",105.0,169.0,135.0,27922.0,2057.0,LPtA,,8.0,7838.0,7838.0,0.15676,Isocortex,2.3,False,1927.0,12476819.0,47745.0,1927.0,12476819.0,47745.0,6474.737415672029,24.776855215360666
2389,LPtA-4,"Lateral parietal association cortex, layer 4",105.0,169.0,135.0,27923.0,2057.0,LPtA,,8.0,5786.0,5786.0,0.11572,Isocortex,4,False,1485.0,10437857.0,36593.0,1485.0,10437857.0,36593.0,7028.859932659932,24.64175084175084
2390,LPtA-5,"Lateral parietal association cortex, layer 5",105.0,169.0,135.0,27924.0,2057.0,LPtA,,8.0,6030.0,6030.0,0.1206,Isocortex,5,False,571.0,4230772.0,15010.0,571.0,4230772.0,15010.0,7409.408056042032,26.28721541155867
2391,LPtA-6a,"Lateral parietal association cortex, layer 6a",105.0,169.0,135.0,27925.0,2057.0,LPtA,,8.0,5010.0,5010.0,0.1002,Isocortex,6a,False,1153.0,9397328.0,29178.0,1153.0,9397328.0,29178.0,8150.327840416306,25.30615784908933
2392,LPtA-6b,"Lateral parietal association cortex, layer 6b",105.0,169.0,135.0,27926.0,2057.0,LPtA,,8.0,1952.0,1952.0,0.03904,Isocortex,6b,False,315.0,2415682.0,7926.0,315.0,2415682.0,7926.0,7668.831746031746,25.16190476190476
2082,PtPD,"parietal cortex, posterior area, dorsal part",112.0,255.0,119.0,27940.0,22.0,PtA,,7.0,,2256.0,0.04512,Isocortex,PD,False,,0.0,0.0,297.0,2057728.0,7831.0,6928.377104377104,26.367003367003367
2402,PtPD-1,"Parietal cortex, posterior area, dorsal part, layer1",112.0,255.0,119.0,27941.0,2082.0,PtPD,,8.0,266.0,266.0,0.00532,Isocortex,1,False,8.0,34008.0,200.0,8.0,34008.0,200.0,4251.0,25.0
2403,PtPD-2/3,"Parietal cortex, posterior area, dorsal part, layer2/3",112.0,255.0,119.0,27942.0,2082.0,PtPD,,8.0,584.0,584.0,0.01168,Isocortex,2.3,False,44.0,239171.0,1093.0,44.0,239171.0,1093.0,5435.704545454545,24.84090909090909
2404,PtPD-4,"Parietal cortex, posterior area, dorsal part, layer4",112.0,255.0,119.0,27943.0,2082.0,PtPD,,8.0,558.0,558.0,0.01116,Isocortex,4,False,126.0,906071.0,3354.0,126.0,906071.0,3354.0,7191.039682539683,26.61904761904762
2405,PtPD-5,"Parietal cortex, posterior area, dorsal part, layer5",112.0,255.0,119.0,27944.0,2082.0,PtPD,,8.0,408.0,408.0,0.00816,Isocortex,5,False,55.0,390923.0,1492.0,55.0,390923.0,1492.0,7107.690909090909,27.12727272727273
2406,PtPD-6a,"Parietal cortex, posterior area, dorsal part, layer6a",112.0,255.0,119.0,27945.0,2082.0,PtPD,,8.0,314.0,314.0,0.00628,Isocortex,6a,False,53.0,426469.0,1407.0,53.0,426469.0,1407.0,8046.584905660377,26.547169811320753
2407,PtPD-6b,"Parietal cortex, posterior area, dorsal part, layer6b",112.0,255.0,119.0,27946.0,2082.0,PtPD,,8.0,126.0,126.0,0.00252,Isocortex,6b,False,11.0,61086.0,285.0,11.0,61086.0,285.0,5553.272727272727,25.90909090909091
539,TeA _leaf,"Temporal association cortex, leaf",112.0,255.0,122.0,28000.0,541.0,TeA ,,7.0,664.0,664.0,0.01328,Isocortex,misc,False,122.0,1837874.0,3619.0,122.0,1837874.0,3619.0,15064.540983606557,29.66393442622951
541,TeA ,Temporal association cortex,112.0,255.0,122.0,28000.0,315.0,Isocortex,,6.0,,164404.0,3.28808,Isocortex,TeA ,True,,0.0,0.0,24555.0,303083465.0,775076.0,12343.044797393606,31.56489513337406
97,TeA-1,"Temporal association cortex, layer1",0.0,140.0,110.0,28100.0,541.0,TeA ,,7.0,25552.0,25552.0,0.51104,Isocortex,1,False,1895.0,17431597.0,62056.0,1895.0,17431597.0,62056.0,9198.731926121372,32.747229551451184
1127,TeA-2/3,"Temporal association cortex, layer2/3",0.0,145.0,121.0,28200.0,541.0,TeA ,,7.0,38178.0,38178.0,0.76356,Isocortex,2.3,False,6056.0,66561454.0,192098.0,6056.0,66561454.0,192098.0,10990.993064729195,31.72027741083223
234,TeA-4,"Temporal association cortex, layer4",56.0,151.0,133.0,28300.0,541.0,TeA ,,7.0,26544.0,26544.0,0.53088,Isocortex,4,False,4370.0,52678259.0,139011.0,4370.0,52678259.0,139011.0,12054.521510297483,31.81029748283753
289,TeA-5,"Temporal association cortex, layer5",82.0,165.0,150.0,28400.0,541.0,TeA ,,7.0,36936.0,36936.0,0.73872,Isocortex,5,False,6575.0,86746410.0,208739.0,6575.0,86746410.0,208739.0,13193.370342205324,31.747376425855514
729,TeA-6a,"Temporal association cortex, layer6a",102.0,170.0,157.0,28500.0,541.0,TeA ,,7.0,28536.0,28536.0,0.57072,Isocortex,6a,False,4435.0,61959686.0,135622.0,4435.0,61959686.0,135622.0,13970.616910935738,30.579932356257046
786,TeA-6b,"Temporal association cortex, layer6b",124.0,177.0,165.0,28600.0,541.0,TeA ,,7.0,7994.0,7994.0,0.15988,Isocortex,6b,False,1102.0,15868185.0,33931.0,1102.0,15868185.0,33931.0,14399.441923774955,30.79038112522686
922,PRh,Perihinal cortex,112.0,255.0,117.0,28700.0,315.0,Isocortex,,6.0,,144806.0,2.89612,Isocortex,PRh,True,,0.0,0.0,20348.0,341383278.0,641082.0,16777.239925299782,31.505897385492432
563,PRh_leaf,"Perihinal cortex, leaf",112.0,255.0,117.0,28700.0,922.0,PRh,,7.0,1392.0,1392.0,0.02784,Isocortex,misc,False,432.0,8456930.0,12047.0,432.0,8456930.0,12047.0,19576.22685185185,27.886574074074073
335,PRh-6a,"Perihinal cortex, layer6a",79.0,166.0,164.0,28800.0,922.0,PRh,,7.0,24098.0,24098.0,0.48196,Isocortex,6a,False,4510.0,70612806.0,133016.0,4510.0,70612806.0,133016.0,15656.941463414634,29.493569844789356
368,PRh-6b,"Perihinal cortex, layer6b",99.0,171.0,173.0,28900.0,922.0,PRh,,7.0,4706.0,4706.0,0.09412,Isocortex,6b,False,747.0,9880443.0,21571.0,747.0,9880443.0,21571.0,13226.831325301206,28.876840696117803
2286,PtPR,"Parietal cortex, posterior area, rostral part",112.0,255.0,119.0,28930.0,22.0,PtA,,7.0,,9232.0,0.18464,Isocortex,PtPR,False,,0.0,0.0,1405.0,8865695.0,36916.0,6310.103202846975,26.27473309608541
2396,PtPR-1,"Parietal cortex, posterior area, rostral part, layer1",112.0,255.0,119.0,28931.0,2286.0,PtPR,,8.0,1188.0,1188.0,0.02376,Isocortex,1,False,44.0,217109.0,1227.0,44.0,217109.0,1227.0,4934.295454545455,27.886363636363637
2397,PtPR-2/3,"Parietal cortex, posterior area, rostral part, layer2/3",112.0,255.0,119.0,28932.0,2286.0,PtPR,,8.0,2310.0,2310.0,0.0462,Isocortex,2.3,False,361.0,1875576.0,9185.0,361.0,1875576.0,9185.0,5195.501385041552,25.44321329639889
2398,PtPR-4,"Parietal cortex, posterior area, rostral part, layer4",112.0,255.0,119.0,28933.0,2286.0,PtPR,,8.0,1956.0,1956.0,0.03912,Isocortex,4,False,444.0,2698004.0,11609.0,444.0,2698004.0,11609.0,6076.585585585585,26.146396396396398
2399,PtPR-5,"Parietal cortex, posterior area, rostral part, layer5",112.0,255.0,119.0,28934.0,2286.0,PtPR,,8.0,1818.0,1818.0,0.03636,Isocortex,5,False,233.0,1677197.0,6399.0,233.0,1677197.0,6399.0,7198.270386266095,27.463519313304722
2400,PtPR-6a,"Parietal cortex, posterior area, rostral part, layer6a",112.0,255.0,119.0,28935.0,2286.0,PtPR,,8.0,1414.0,1414.0,0.02828,Isocortex,6a,False,283.0,2121656.0,7440.0,283.0,2121656.0,7440.0,7497.017667844523,26.289752650176677
2401,PtPR-6b,"Parietal cortex, posterior area, rostral part, layer6b",112.0,255.0,119.0,28936.0,2286.0,PtPR,,8.0,546.0,546.0,0.01092,Isocortex,6b,False,40.0,276153.0,1056.0,40.0,276153.0,1056.0,6903.825,26.4
540,PRh-1,"Perihinal cortex, layer1",0.0,141.0,133.0,29000.0,922.0,PRh,,7.0,27490.0,27490.0,0.5498,Isocortex,1,False,2729.0,41613579.0,91635.0,2729.0,41613579.0,91635.0,15248.654818614878,33.578233785269326
692,PRh-5,"Perihinal cortex, layer5",52.0,151.0,146.0,29100.0,922.0,PRh,,7.0,35338.0,35338.0,0.70676,Isocortex,5,False,5057.0,88224259.0,158399.0,5057.0,88224259.0,158399.0,17445.967767451057,31.322720980818666
888,PRh-2/3,"Perihinal cortex, layer2/3",0.0,146.0,139.0,29200.0,922.0,PRh,,7.0,51782.0,51782.0,1.03564,Isocortex,2.3,False,6873.0,122595261.0,224414.0,6873.0,122595261.0,224414.0,17837.226975120037,32.65153499199767
858,Ect_leaf,"Ectorhinal cortex, leaf",112.0,255.0,115.0,29300.0,895.0,Ect,,7.0,8364.0,8364.0,0.16728,Isocortex,misc,False,1878.0,27613373.0,51400.0,1878.0,27613373.0,51400.0,14703.60649627263,27.369542066027687
895,Ect,Ectorhinal cortex,112.0,255.0,115.0,29300.0,315.0,Isocortex,,6.0,,163864.0,3.27728,Isocortex,Ect,True,,0.0,0.0,24020.0,362986609.0,742834.0,15111.848834304747,30.92564529558701
836,Ect-1,"Ectorhinal cortex, layer1",0.0,140.0,121.0,29400.0,895.0,Ect,,7.0,26414.0,26414.0,0.52828,Isocortex,1,False,2541.0,34361709.0,79371.0,2541.0,34361709.0,79371.0,13522.907910271546,31.236127508854782
427,Ect-2/3,"Ectorhinal cortex, layer2/3",19.0,147.0,133.0,29500.0,895.0,Ect,,7.0,59750.0,59750.0,1.195,Isocortex,2.3,False,8764.0,127229633.0,279502.0,8764.0,127229633.0,279502.0,14517.301802829757,31.892058420812415
988,Ect-5,"Ectorhinal cortex, layer5",54.0,151.0,140.0,29600.0,895.0,Ect,,7.0,35756.0,35756.0,0.71512,Isocortex,5,False,5144.0,81976768.0,163967.0,5144.0,81976768.0,163967.0,15936.385692068428,31.875388802488335
977,Ect-6a,"Ectorhinal cortex, layer6a",80.0,165.0,156.0,29700.0,895.0,Ect,,7.0,26702.0,26702.0,0.53404,Isocortex,6a,False,4546.0,75627794.0,136002.0,4546.0,75627794.0,136002.0,16636.118345798503,29.916849978002638
1045,Ect-6b,"Ectorhinal cortex, layer6b",101.0,171.0,165.0,29800.0,895.0,Ect,,7.0,6878.0,6878.0,0.13756,Isocortex,6b,False,1147.0,16177332.0,32592.0,1147.0,16177332.0,32592.0,14104.038360941588,28.414995640802093
572,OLF_leaf,"Olfactory areas, leaf",144.0,255.0,144.0,29900.0,698.0,OLF,,6.0,3836.0,3836.0,0.07672,Isocortex,misc,False,370.0,7160798.0,10694.0,370.0,7160798.0,10694.0,19353.508108108108,28.9027027027027
698,OLF,Olfactory areas,144.0,255.0,144.0,29900.0,695.0,CTXpl,,5.0,,1860244.0,37.20488,OLF,OLF,False,,0.0,0.0,124568.0,1908741782.0,3668454.0,15322.890164408194,29.449409158050223
507,MOB,Main olfactory bulb,160.0,255.0,171.0,30000.0,698.0,OLF,,6.0,,611960.0,12.2392,OLF,MOB,True,,0.0,0.0,12967.0,144464052.0,324994.0,11140.900131102027,25.063160330068637
212,Gl,Glomerular layer of the olfactory bulb,140.0,235.0,151.0,30100.0,507.0,MOB,,7.0,144886.0,144886.0,2.89772,OLF,Gl,False,3103.0,25291322.0,71321.0,3103.0,25291322.0,71321.0,8150.603287141476,22.984531098936515
220,GrO,Granule cell layer of the olfactory bulb,110.0,205.0,121.0,30200.0,507.0,MOB,,7.0,169848.0,169848.0,3.39696,OLF,GrO,False,3818.0,46147373.0,99848.0,3818.0,46147373.0,99848.0,12086.792299633316,26.151911995809325
228,IPl,Internal plxiform layer of the olfactory bulb,160.0,255.0,171.0,30300.0,507.0,MOB,,7.0,43150.0,43150.0,0.863,OLF,IPl,False,953.0,11309716.0,24323.0,953.0,11309716.0,24323.0,11867.487932843651,25.52256033578174
236,Mi,Mitral cell layer of the olfactory bulb,130.0,225.0,141.0,30400.0,507.0,MOB,,7.0,42726.0,42726.0,0.85452,OLF,Mi,False,962.0,11934871.0,24683.0,962.0,11934871.0,24683.0,12406.31081081081,25.658004158004157
244,EPl,External plexiform layer of the olfactory bulb,160.0,255.0,171.0,30500.0,507.0,MOB,,7.0,211350.0,211350.0,4.227,OLF,EPl,False,4131.0,49780770.0,104819.0,4131.0,49780770.0,104819.0,12050.537400145244,25.37375938029533
151,AOB,Accessory olfactory bulb,160.0,255.0,176.0,30600.0,698.0,OLF,,6.0,,28296.0,0.56592,OLF,AOB,True,,0.0,0.0,3971.0,44326551.0,98872.0,11162.566356081592,24.898514228154117
188,GlA,Glomerular layer of the accessory olfactory bulb,140.0,235.0,156.0,30700.0,151.0,AOB,,7.0,7358.0,7358.0,0.14716,OLF,GlA,False,545.0,5246460.0,13594.0,545.0,5246460.0,13594.0,9626.532110091743,24.943119266055046
196,GrA,Granule cell layer of the accessory olfactory bulb,110.0,205.0,126.0,30800.0,151.0,AOB,,7.0,6530.0,6530.0,0.1306,OLF,GrA,False,725.0,8455827.0,17953.0,725.0,8455827.0,17953.0,11663.209655172413,24.762758620689656
204,MiA,Mitral cell layer of the accessory olfactory bulb,130.0,225.0,146.0,30900.0,151.0,AOB,,7.0,5922.0,5922.0,0.11844,OLF,MiA,False,1094.0,13025673.0,27440.0,1094.0,13025673.0,27440.0,11906.465265082266,25.082266910420476
2021,EPIA,External plexiform layer of the accessory olfactory b,130.0,225.0,146.0,30910.0,151.0,AOB,,7.0,8486.0,8486.0,0.16972,OLF,EPIA,False,1607.0,17598591.0,39885.0,1607.0,17598591.0,39885.0,10951.20784069695,24.81953951462352
179,AO_leaf,"Anterior olfactory area, leaf",144.0,255.0,184.0,31000.0,159.0,AO,,7.0,3166.0,3166.0,0.06332,OLF,misc,False,751.0,11361866.0,19996.0,751.0,11361866.0,19996.0,15128.982689747005,26.62583222370173
159,AO,Anterior olfactory area,144.0,255.0,184.0,31000.0,698.0,OLF,,6.0,,170980.0,3.4196,OLF,AO,True,,0.0,0.0,19666.0,318549432.0,542523.0,16197.977829756941,27.58685040170853
167,AOD,Anterior olfactory area dorsal part,192.0,255.0,200.0,31100.0,159.0,AO,,7.0,17474.0,17474.0,0.34948,OLF,AOD,False,1223.0,13814964.0,32052.0,1223.0,13814964.0,32052.0,11295.96402289452,26.207686017988554
175,AOE,Anterior olfactory area external part,192.0,255.0,201.0,31200.0,159.0,AO,,7.0,8540.0,8540.0,0.1708,OLF,AOE,False,1070.0,15731882.0,26477.0,1070.0,15731882.0,26477.0,14702.693457943926,24.744859813084112
160,AOOL,"Anterior olfactory area, outer layer",192.0,255.0,202.0,31250.0,159.0,AO,,7.0,51966.0,51966.0,1.03932,OLF,AOOL,False,3964.0,55394515.0,101091.0,3964.0,55394515.0,101091.0,13974.398335015136,25.502270433905146
183,AOL,Anterior olfactory area lateral part,192.0,255.0,202.0,31300.0,159.0,AO,,7.0,35472.0,35472.0,0.70944,OLF,AOL,False,1315.0,17810155.0,35407.0,1315.0,17810155.0,35407.0,13543.84410646388,26.925475285171103
191,AOM,Anterior olfactory area medial part,192.0,255.0,203.0,31400.0,159.0,AO,,7.0,30084.0,30084.0,0.60168,OLF,AOM,False,6736.0,117244076.0,199513.0,6736.0,117244076.0,199513.0,17405.5932304038,29.618913301662708
199,AOP/AOV,"Anterior olfactory area, posteroventral part",192.0,255.0,204.0,31500.0,159.0,AO,,7.0,,24278.0,0.48556,OLF,AOP/AOV,False,,0.0,0.0,4607.0,87191974.0,127987.0,18925.976557412632,27.780985456913392
2318,AOV,"Anterior olfactory area, ventral part",192.0,255.0,204.0,31510.0,199.0,AOP/AOV,,8.0,7620.0,7620.0,0.1524,OLF,AOV,False,359.0,5728079.0,9598.0,359.0,5728079.0,9598.0,15955.65181058496,26.735376044568245
2319,AOP,"Anterior olfactory area, posterior part",192.0,255.0,204.0,31520.0,199.0,AOP/AOV,,8.0,16658.0,16658.0,0.33316,OLF,AOP,False,4248.0,81463895.0,118389.0,4248.0,81463895.0,118389.0,19176.999764595104,27.869350282485875
589,TT,Taenia tecta,160.0,255.0,160.0,31800.0,698.0,OLF,,6.0,,90870.0,1.8174,OLF,TT,True,,0.0,0.0,10612.0,162853839.0,311686.0,15346.196664153787,29.371089332830756
597,DTT,Dorsal tenia tecta,160.0,255.0,162.0,31900.0,589.0,TT,,7.0,4146.0,4146.0,0.08292,OLF,DTT,False,176.0,1432558.0,5173.0,176.0,1432558.0,5173.0,8139.534090909091,29.392045454545453
1034,DTT1,"Dorsal tenia tecta, layer 1",160.0,255.0,162.0,32100.0,589.0,TT,,7.0,17330.0,17330.0,0.3466,OLF,1,False,622.0,8828343.0,20447.0,622.0,8828343.0,20447.0,14193.477491961416,32.87299035369775
1042,DTT2,"Dorsal tenia tecta, layer 2",160.0,255.0,162.0,32200.0,589.0,TT,,7.0,9186.0,9186.0,0.18372,OLF,2,False,887.0,11023360.0,28007.0,887.0,11023360.0,28007.0,12427.688838782413,31.5749718151071
1050,DTT3,"Dorsal tenia tecta, layer 3",160.0,255.0,162.0,32300.0,589.0,TT,,7.0,22668.0,22668.0,0.45336,OLF,3,False,2730.0,36468941.0,89080.0,2730.0,36468941.0,89080.0,13358.586446886447,32.63003663003663
1059,DTT4,"Dorsal tenia tecta, layer 4",160.0,255.0,162.0,32400.0,589.0,TT,,7.0,3890.0,3890.0,0.0778,OLF,4,False,600.0,7030140.0,19248.0,600.0,7030140.0,19248.0,11716.9,32.08
605,VTT,Ventral tenia tecta,160.0,255.0,161.0,32500.0,589.0,TT,,7.0,864.0,864.0,0.01728,OLF,VTT,False,124.0,2302035.0,3201.0,124.0,2302035.0,3201.0,18564.798387096773,25.81451612903226
1067,VTT1,"Ventral tenia tecta, layer 1",160.0,255.0,161.0,32700.0,589.0,TT,,7.0,16316.0,16316.0,0.32632,OLF,1,False,1307.0,18008630.0,34418.0,1307.0,18008630.0,34418.0,13778.599846977811,26.333588370313695
1075,VTT2,"Ventral tenia tecta, layer 2",160.0,255.0,161.0,32800.0,589.0,TT,,7.0,5768.0,5768.0,0.11536,OLF,2,False,1009.0,16919388.0,26614.0,1009.0,16919388.0,26614.0,16768.471754212092,26.37661050545094
1082,VTT3,"Ventral tenia tecta, layer 3",160.0,255.0,161.0,32900.0,589.0,TT,,7.0,10702.0,10702.0,0.21404,OLF,3,False,3157.0,60840444.0,85498.0,3157.0,60840444.0,85498.0,19271.60088691796,27.082039911308204
814,A25 (DP),"Cingulate cortex, area 25 (dorsal peduncular cortex)",112.0,255.0,125.0,33000.0,698.0,OLF,,6.0,,35378.0,0.70756,OLF,DP,True,,0.0,0.0,1810.0,17320709.0,60684.0,9569.452486187845,33.52707182320442
496,A25 (DP)-1,"Cingulate cortex, area 25 (dorsal peduncular cortex), layer1",0.0,158.0,81.0,33100.0,814.0,A25 (DP),,7.0,7432.0,7432.0,0.14864,OLF,1,False,47.0,411625.0,1518.0,47.0,411625.0,1518.0,8757.978723404256,32.297872340425535
535,A25 (DP)-2,"Cingulate cortex, area 25 (dorsal peduncular cortex), layer2",60.0,164.0,99.0,33200.0,814.0,A25 (DP),,7.0,,0.0,0.0,OLF,2,False,,0.0,0.0,0.0,0.0,0.0,,
360,A25 (DP)-2/3,"Cingulate cortex, area 25 (dorsal peduncular cortex), layer2/3",83.0,169.0,111.0,33300.0,814.0,A25 (DP),,7.0,7804.0,7804.0,0.15608,OLF,2.3,False,421.0,3702615.0,13687.0,421.0,3702615.0,13687.0,8794.80997624703,32.510688836104514
646,A25 (DP)-5,"Cingulate cortex, area 25 (dorsal peduncular cortex), layer5",109.0,185.0,130.0,33400.0,814.0,A25 (DP),,7.0,15264.0,15264.0,0.30528,OLF,5,False,880.0,8550876.0,30598.0,880.0,8550876.0,30598.0,9716.904545454545,34.77045454545455
267,A25 (DP)-6a,"Cingulate cortex, area 25 (dorsal peduncular cortex), layer6a",130.0,192.0,143.0,33500.0,814.0,A25 (DP),,7.0,4878.0,4878.0,0.09756,OLF,6a,False,462.0,4655593.0,14881.0,462.0,4655593.0,14881.0,10077.041125541125,32.20995670995671
2019,DTr,Dorsal transition zone,130.0,192.0,143.0,33510.0,814.0,A25 (DP),,7.0,,0.0,0.0,OLF,DTr,False,,0.0,0.0,0.0,0.0,0.0,,
961,PIR,Piriform cortex,160.0,255.0,167.0,33600.0,698.0,OLF,,6.0,,658728.0,13.17456,OLF,PIR,True,,0.0,0.0,48293.0,769767303.0,1521991.0,15939.521317789327,31.51576833081399
276,Pir1,Piriform cortex 1,160.0,255.0,167.0,33800.0,961.0,PIR,,7.0,188464.0,188464.0,3.76928,OLF,1,False,9433.0,125529821.0,283143.0,9433.0,125529821.0,283143.0,13307.518392876073,30.01621965440475
284,Pir2,Piriform cortex 2,160.0,255.0,167.0,33900.0,961.0,PIR,,7.0,109184.0,109184.0,2.18368,OLF,2,False,5883.0,81795694.0,187860.0,5883.0,81795694.0,187860.0,13903.738568757437,31.93268740438552
291,Pir3,Piriform cortex 3,160.0,255.0,167.0,34000.0,961.0,PIR,,7.0,308760.0,308760.0,6.1752,OLF,3,False,31733.0,546403536.0,1015193.0,31733.0,546403536.0,1015193.0,17218.779693064003,31.991712097816155
2024,CxA,Cortex-amygdala transition zone,160.0,255.0,170.0,34010.0,961.0,PIR,,7.0,,52320.0,1.0464,OLF,CxA,False,,0.0,0.0,1244.0,16038252.0,35795.0,12892.485530546624,28.774115755627008
2303,CxA1,Cortex-amygdala transition zone Layer1,160.0,255.0,170.0,34020.0,2024.0,CxA,,8.0,15746.0,15746.0,0.31492,OLF,1,False,22.0,219067.0,570.0,22.0,219067.0,570.0,9957.59090909091,25.90909090909091
2304,CxA2,Cortex-amygdala transition zone Layer2,160.0,255.0,170.0,34030.0,2024.0,CxA,,8.0,9678.0,9678.0,0.19356,OLF,2,False,46.0,388640.0,1239.0,46.0,388640.0,1239.0,8448.695652173914,26.934782608695652
2305,CxA3,Cortex-amygdala transition zone Layer3,160.0,255.0,170.0,34040.0,2024.0,CxA,,8.0,26896.0,26896.0,0.53792,OLF,3,False,1176.0,15430545.0,33986.0,1176.0,15430545.0,33986.0,13121.211734693878,28.89965986394558
619,LOT,Nucleus of the lateral olfactory tract,160.0,255.0,170.0,34100.0,698.0,OLF,,6.0,,17388.0,0.34776,OLF,LOT,True,,0.0,0.0,636.0,6856333.0,16909.0,10780.397798742139,26.586477987421382
555,LOT_leaf,"Nucleus of the lateral olfactory tract, leaf",160.0,255.0,170.0,34100.0,619.0,LOT,,7.0,1568.0,1568.0,0.03136,OLF,misc,False,,0.0,0.0,0.0,0.0,0.0,,
260,LOT1,Nucleus of the lateral olfactory tract 1,160.0,255.0,170.0,34300.0,619.0,LOT,,7.0,5732.0,5732.0,0.11464,OLF,1,False,,0.0,0.0,0.0,0.0,0.0,,
268,LOT2,Nucleus of the lateral olfactory tract 2,160.0,255.0,170.0,34400.0,619.0,LOT,,7.0,4294.0,4294.0,0.08588,OLF,2,False,129.0,1407691.0,3440.0,129.0,1407691.0,3440.0,10912.333333333334,26.666666666666668
1139,LOT3,Nucleus of the lateral olfactory tract 3,160.0,255.0,170.0,34500.0,619.0,LOT,,7.0,5794.0,5794.0,0.11588,OLF,3,False,507.0,5448642.0,13469.0,507.0,5448642.0,13469.0,10746.828402366864,26.566074950690336
631,CO,cortical amygdaloid nucleus,160.0,255.0,177.0,34600.0,698.0,OLF,,6.0,,172814.0,3.45628,OLF,CO,True,,0.0,0.0,20509.0,354129812.0,595711.0,17267.044322004975,29.046321127309962
639,ACo ,Anterior cortical amygdaloid nucleus,160.0,255.0,178.0,34700.0,631.0,CO,,7.0,,38824.0,0.77648,OLF,A,False,,0.0,0.0,1038.0,14041870.0,27281.0,13527.81310211946,26.282273603082853
192,ACo-1,"Anterior cortical amygdaloid nucleus, layer1",160.0,255.0,178.0,34800.0,639.0,ACo ,,8.0,12524.0,12524.0,0.25048,OLF,1,False,1.0,14001.0,27.0,1.0,14001.0,27.0,14001.0,27.0
200,ACo-2,"Anterior cortical amygdaloid nucleus, layer2",160.0,255.0,178.0,34900.0,639.0,ACo ,,8.0,7268.0,7268.0,0.14536,OLF,2,False,41.0,596454.0,1024.0,41.0,596454.0,1024.0,14547.658536585366,24.975609756097562
208,ACo-3,"Anterior cortical amygdaloid nucleus, layer3",160.0,255.0,178.0,35000.0,639.0,ACo ,,8.0,19032.0,19032.0,0.38064,OLF,3,False,996.0,13431415.0,26230.0,996.0,13431415.0,26230.0,13485.356425702812,26.335341365461847
647,PCO,Posterior cortical amygdaloid area,160.0,255.0,179.0,35100.0,631.0,CO,,7.0,,133990.0,2.6798,OLF,P,False,,0.0,0.0,19471.0,340087942.0,568430.0,17466.382928457708,29.19367264136408
655,PLCo,Posterolateral cortical amygdaloid area,160.0,255.0,180.0,35200.0,647.0,PCO,,8.0,,64988.0,1.29976,OLF,PLCo,True,,0.0,0.0,3962.0,67769436.0,121858.0,17104.85512367491,30.75668854114084
216,PLCo1,Posterolateral cortical amygdaloid area 1,160.0,255.0,180.0,35500.0,655.0,PLCo,,9.0,21118.0,21118.0,0.42236,OLF,1,False,88.0,1195280.0,3061.0,88.0,1195280.0,3061.0,13582.727272727272,34.78409090909091
224,PLCo2,Posterolateral cortical amygdaloid area 2,160.0,255.0,180.0,35600.0,655.0,PLCo,,9.0,12218.0,12218.0,0.24436,OLF,2,False,422.0,5984265.0,13105.0,422.0,5984265.0,13105.0,14180.722748815166,31.054502369668246
232,PLCo3,Posterolateral cortical amygdaloid area 3,160.0,255.0,180.0,35700.0,655.0,PLCo,,9.0,31652.0,31652.0,0.63304,OLF,3,False,3452.0,60589891.0,105692.0,3452.0,60589891.0,105692.0,17552.112108922363,30.61761297798378
249,PMCo_leaf,"Posteromedial cortical amygdaloid area, leaf",160.0,255.0,181.0,35800.0,663.0,PMCo,,9.0,6726.0,6726.0,0.13452,OLF,misc,False,772.0,9638041.0,24949.0,772.0,9638041.0,24949.0,12484.509067357512,32.317357512953365
663,PMCo,Posteromedial cortical amygdaloid area,160.0,255.0,181.0,35800.0,647.0,PCO,,8.0,,69002.0,1.38004,OLF,PMCo,True,,0.0,0.0,15509.0,272318506.0,446572.0,17558.74047327358,28.794377458250047
240,PMCo1,Posteromedial cortical amygdaloid area 1,160.0,255.0,181.0,36100.0,663.0,PMCo,,9.0,18032.0,18032.0,0.36064,OLF,1,False,1873.0,26280954.0,51553.0,1873.0,26280954.0,51553.0,14031.475707421248,27.524292578750668
248,PMCo2,Posteromedial cortical amygdaloid area 2,160.0,255.0,181.0,36200.0,663.0,PMCo,,9.0,12926.0,12926.0,0.25852,OLF,2,False,2512.0,38047901.0,70347.0,2512.0,38047901.0,70347.0,15146.457404458599,28.00437898089172
256,PMCo3,Posteromedial cortical amygdaloid area 3,160.0,255.0,181.0,36300.0,663.0,PMCo,,9.0,31318.0,31318.0,0.62636,OLF,3,False,10352.0,198351610.0,299723.0,10352.0,198351610.0,299723.0,19160.70421174652,28.95314914992272
788,RAPir,Rostral amygdalopiriform area,160.0,255.0,169.0,36400.0,698.0,OLF,,6.0,,34200.0,0.684,OLF,RAPir,True,,0.0,0.0,1383.0,19459256.0,46806.0,14070.322487346348,33.84381778741866
408,RAPir1,Rostral amygdalopiriform area 1,160.0,255.0,169.0,36600.0,788.0,RAPir,,7.0,9890.0,9890.0,0.1978,OLF,1,False,23.0,242606.0,696.0,23.0,242606.0,696.0,10548.08695652174,30.26086956521739
416,RAPir2,Rostral amygdalopiriform area 2,160.0,255.0,169.0,36700.0,788.0,RAPir,,7.0,6112.0,6112.0,0.12224,OLF,2,False,136.0,1500266.0,4472.0,136.0,1500266.0,4472.0,11031.367647058823,32.88235294117647
424,RAPir3,Rostral amygdalopiriform area 3,160.0,255.0,169.0,36800.0,788.0,RAPir,,7.0,18198.0,18198.0,0.36396,OLF,3,False,1224.0,17716384.0,41638.0,1224.0,17716384.0,41638.0,14474.169934640522,34.01797385620915
1143,Apir_leaf,"Amygdalopiriform transition area, leaf",160.0,255.0,166.0,36900.0,566.0,Apir,,7.0,3402.0,3402.0,0.06804,OLF,misc,False,329.0,3617920.0,10237.0,329.0,3617920.0,10237.0,10996.717325227963,31.11550151975684
566,Apir,Amygdalopiriform transition area,160.0,255.0,166.0,36900.0,698.0,OLF,,6.0,,35794.0,0.71588,OLF,Apir,True,,0.0,0.0,4351.0,63853697.0,137584.0,14675.637094920708,31.62123649735693
1140,APir1,"Postpiriform transition area, layers 1",160.0,255.0,166.0,37100.0,566.0,Apir,,7.0,5514.0,5514.0,0.11028,OLF,1,False,370.0,5812124.0,11940.0,370.0,5812124.0,11940.0,15708.443243243244,32.270270270270274
1141,APir2,"Postpiriform transition area, layers 2",160.0,255.0,166.0,37200.0,566.0,Apir,,7.0,3288.0,3288.0,0.06576,OLF,2,False,254.0,3905377.0,8649.0,254.0,3905377.0,8649.0,15375.5,34.05118110236221
1142,APir3,"Postpiriform transition area, layers 3",160.0,255.0,166.0,37300.0,566.0,Apir,,7.0,23590.0,23590.0,0.4718,OLF,3,False,3398.0,50518276.0,106758.0,3398.0,50518276.0,106758.0,14867.061801059446,31.417892878163627
1089,HPF,Hippocampal formation,144.0,255.0,176.0,37400.0,695.0,CTXpl,,5.0,,2101284.0,42.02568,HPF,HPF,False,,0.0,0.0,249566.0,4412675925.0,7312239.0,17681.398607983458,29.299820488367807
1080,HIP,Hippocampal region,121.0,255.0,128.0,37500.0,1089.0,HPF,,6.0,,1174896.0,23.49792,HPF,HIP,False,,0.0,0.0,91018.0,1729583799.0,2646354.0,19002.65660638555,29.07506207563339
375,CA,Ammon's horn,122.0,255.0,122.0,37600.0,1080.0,HIP,,7.0,,826014.0,16.52028,HPF,CA,False,,0.0,0.0,80413.0,1580862712.0,2330805.0,19659.292800915275,28.98542524218721
382,CA1,Field CA1 of the hippocampus,122.0,255.0,121.0,37700.0,375.0,CA,,8.0,,442318.0,8.84636,HPF,CA1,True,,0.0,0.0,24889.0,398866131.0,737879.0,16025.79979107236,29.64679175539395
391,CA1_LMol ,Field CA1 of the hippocampus- lacunosum moleculare layer of the hippocampus,123.0,255.0,121.0,37800.0,382.0,CA1,,9.0,106146.0,106146.0,2.12292,HPF,LMol,False,421.0,4043626.0,11686.0,421.0,4043626.0,11686.0,9604.812351543944,27.75771971496437
399,CA1_Or,Field CA1 of the hippocampus- oriens layer of the hippocampus,124.0,255.0,121.0,37900.0,382.0,CA1,,9.0,102142.0,102142.0,2.04284,HPF,Or,False,11498.0,181741969.0,342815.0,11498.0,181741969.0,342815.0,15806.398417116021,29.81518524960863
407,CA1_Py,Field CA1 of the hippocampus- pyramidal layer of the hippocampus,75.0,230.0,70.0,38000.0,382.0,CA1,,9.0,45548.0,45548.0,0.91096,HPF,Py,False,7194.0,126685039.0,213563.0,7194.0,126685039.0,213563.0,17609.819154851266,29.686266333055325
415,CA1_Rad,Field CA1 of the hippocampus- radiatum layer of the hippocampus,126.0,255.0,121.0,38100.0,382.0,CA1,,9.0,188482.0,188482.0,3.76964,HPF,Rad,False,5776.0,86395497.0,169815.0,5776.0,86395497.0,169815.0,14957.669148199446,29.400103878116344
423,CA2,Field CA2 of the hippocampus,122.0,255.0,120.0,38200.0,375.0,CA,,8.0,,67700.0,1.354,HPF,CA2,True,,0.0,0.0,3004.0,52584909.0,89687.0,17504.963049267644,29.855858854860188
431,CA2_LMol ,Field CA2 of the hippocampus- lacunosum moleculare layer of the hippocampus,123.0,255.0,120.0,38300.0,423.0,CA2,,9.0,17904.0,17904.0,0.35808,HPF,LMol,False,46.0,608603.0,1381.0,46.0,608603.0,1381.0,13230.5,30.02173913043478
438,CA2_Or,Field CA2 of the hippocampus- oriens layer of the hippocampus,124.0,255.0,120.0,38400.0,423.0,CA2,,9.0,18706.0,18706.0,0.37412,HPF,Or,False,1572.0,27299526.0,46464.0,1572.0,27299526.0,46464.0,17366.1106870229,29.557251908396946
446,CA2_Py,Field CA2 of the hippocampus- pyramidal layer of the hippocampus,75.0,230.0,70.0,38500.0,423.0,CA2,,9.0,9584.0,9584.0,0.19168,HPF,Py,False,1026.0,19416590.0,30844.0,1026.0,19416590.0,30844.0,18924.551656920077,30.062378167641327
454,CA2_Rad,Field CA2 of the hippocampus- radiatum layer of the hippocampus,126.0,255.0,120.0,38600.0,423.0,CA2,,9.0,21506.0,21506.0,0.43012,HPF,Rad,False,360.0,5260190.0,10998.0,360.0,5260190.0,10998.0,14611.638888888889,30.55
463,CA3,Field CA3 of the hippocampus,122.0,255.0,119.0,38700.0,375.0,CA,,8.0,,315996.0,6.31992,HPF,CA3,True,,0.0,0.0,52520.0,1129411672.0,1503239.0,21504.411119573495,28.62222010662605
471,CA3_LMol ,Field CA3 of the hippocampus- lacunosum moleculare layer of the hippocampus,123.0,255.0,119.0,38800.0,463.0,CA3,,9.0,9930.0,9930.0,0.1986,HPF,LMol,False,60.0,550280.0,1612.0,60.0,550280.0,1612.0,9171.333333333334,26.866666666666667
479,SLu ,Field CA3 of the hippocampus- stratum lucidum of the hippocampus,124.0,255.0,119.0,38900.0,463.0,CA3,,9.0,18950.0,18950.0,0.379,HPF,SLu ,False,3094.0,68818241.0,90167.0,3094.0,68818241.0,90167.0,22242.4825468649,29.142533936651585
486,CA3_Or,Field CA3 of the hippocampus- oriens layer of the hippocampus,125.0,255.0,119.0,39000.0,463.0,CA3,,9.0,146058.0,146058.0,2.92116,HPF,Or,False,27189.0,569568983.0,770906.0,27189.0,569568983.0,770906.0,20948.507962779066,28.35359888190077
495,CA3_Py,Field CA3 of the hippocampus- pyramidal layer of the hippocampus,75.0,230.0,70.0,39100.0,463.0,CA3,,9.0,68304.0,68304.0,1.36608,HPF,Py,False,13817.0,315825678.0,398044.0,13817.0,315825678.0,398044.0,22857.760584786858,28.80827965549685
504,CA3_Rad,Field CA3 of the hippocampus- radiatum layer of the hippocampus,127.0,255.0,119.0,39200.0,463.0,CA3,,9.0,72754.0,72754.0,1.45508,HPF,Rad,False,8360.0,174648490.0,242510.0,8360.0,174648490.0,242510.0,20890.96770334928,29.008373205741627
7346,DG_leaf,"Dentate gyrus, leaf",114.0,250.0,114.0,39300.0,726.0,DG,,8.0,6292.0,6292.0,0.12584,HPF,misc,False,494.0,8642312.0,13026.0,494.0,8642312.0,13026.0,17494.55870445344,26.36842105263158
726,DG,Dentate gyrus,114.0,250.0,114.0,39300.0,1080.0,HIP,,7.0,,346166.0,6.92332,HPF,DG,True,,0.0,0.0,10578.0,148558373.0,314780.0,14044.088958215163,29.757988277557192
10703,MoDG,Molecular layer of the dentate gyrus,114.0,250.0,114.0,39400.0,726.0,DG,,8.0,215388.0,215388.0,4.30776,HPF,MoDG,False,3504.0,38120890.0,101160.0,3504.0,38120890.0,101160.0,10879.249429223744,28.86986301369863
10704,PoDG,Polymorph layer of the dentate gyrus,94.0,230.0,94.0,39500.0,726.0,DG,,8.0,44896.0,44896.0,0.89792,HPF,PoDG,False,4389.0,70201534.0,135179.0,4389.0,70201534.0,135179.0,15994.881294144452,30.79949874686717
632,GrDG,Granule cell layer of the dentate gyrus,64.0,200.0,64.0,39600.0,726.0,DG,,8.0,79590.0,79590.0,1.5918,HPF,GrDG,False,2191.0,31593637.0,65415.0,2191.0,31593637.0,65415.0,14419.733911455956,29.856230031948883
982,FC,Fasciola cinereum,114.0,253.0,114.0,41000.0,1080.0,HIP,,7.0,1306.0,1306.0,0.02612,HPF,FC,True,5.0,16391.0,121.0,5.0,16391.0,121.0,3278.2,24.2
19,IG,Induseum griseum,114.0,254.0,114.0,41100.0,1080.0,HIP,,7.0,1410.0,1410.0,0.0282,HPF,IG,True,22.0,146323.0,648.0,22.0,146323.0,648.0,6651.045454545455,29.454545454545453
822,RHP,Retrohippocampal region,144.0,255.0,176.0,41200.0,1089.0,HPF,,6.0,,926388.0,18.52776,HPF,RHP,False,,0.0,0.0,158548.0,2683092126.0,4665885.0,16922.901115119712,29.42884804601761
909,ENT,Entorhinal area,128.0,255.0,144.0,41300.0,822.0,RHP,,7.0,,533704.0,10.67408,HPF,ENT,False,,0.0,0.0,82655.0,1581894852.0,2543914.0,19138.52582420906,30.77749682414857
918,DLEnt,Dorsolateral entorhinal cortex,128.0,255.0,145.0,41350.0,909.0,ENT,,8.0,,181520.0,3.6304,HPF,DLEnt,True,,0.0,0.0,26061.0,460779517.0,837062.0,17680.807221518746,32.119335405395034
389,DLEnt_leaf,"Dorsolateral entorhinal cortex, leaf",128.0,255.0,145.0,41350.0,918.0,DLEnt,,9.0,398.0,398.0,0.00796,HPF,misc,False,53.0,453213.0,1403.0,53.0,453213.0,1403.0,8551.188679245282,26.471698113207548
1121,DLEnt1,"Dorsolateral entorhinal cortex, layer 1",0.0,104.0,101.0,41400.0,918.0,DLEnt,,9.0,31436.0,31436.0,0.62872,HPF,1,False,2425.0,36640512.0,79092.0,2425.0,36640512.0,79092.0,15109.489484536083,32.61525773195876
20,DLEnt2,"Dorsolateral entorhinal cortex, layer 2",0.0,114.0,116.0,41500.0,918.0,DLEnt,,9.0,26106.0,26106.0,0.52212,HPF,2,False,4064.0,71961378.0,137182.0,4064.0,71961378.0,137182.0,17707.031988188977,33.75541338582677
999,DLEnt2/3,"Dorsolateral entorhinal cortex, layer 2/3",50.0,133.0,139.0,41600.0,918.0,DLEnt,,9.0,21244.0,21244.0,0.42488,HPF,2.3,False,1795.0,31620335.0,58119.0,1795.0,31620335.0,58119.0,17615.785515320335,32.37827298050139
715,DLEnta,"Dorsolateral entorhinal cortex, layer 2a",0.0,115.0,122.0,41700.0,918.0,DLEnt,,9.0,,0.0,0.0,HPF,a,False,,0.0,0.0,0.0,0.0,0.0,,
764,DLEntb,"Dorsolateral entorhinal cortex, layer 2b",0.0,128.0,132.0,41800.0,918.0,DLEnt,,9.0,,0.0,0.0,HPF,b,False,,0.0,0.0,0.0,0.0,0.0,,
52,DLEnt3,"Dorsolateral entorhinal cortex, layer 3",86.0,151.0,158.0,41900.0,918.0,DLEnt,,9.0,35812.0,35812.0,0.71624,HPF,3,False,6289.0,131404111.0,210733.0,6289.0,131404111.0,210733.0,20894.277468595963,33.50818890125616
92,DLEnt4,"Dorsolateral entorhinal cortex, layer 4",117.0,161.0,167.0,42000.0,918.0,DLEnt,,9.0,,0.0,0.0,HPF,4,False,,0.0,0.0,0.0,0.0,0.0,,
312,DLEnt4/5,"Dorsolateral entorhinal cortex, layer 4/5",157.0,184.0,189.0,42100.0,918.0,DLEnt,,9.0,,0.0,0.0,HPF,4.5,False,,0.0,0.0,0.0,0.0,0.0,,
139,DLEnt5,"Dorsolateral entorhinal cortex, layer 5",190.0,204.0,206.0,42200.0,918.0,DLEnt,,9.0,44566.0,44566.0,0.89132,HPF,5,False,7273.0,127736896.0,228799.0,7273.0,127736896.0,228799.0,17563.1645813282,31.458682799395024
387,DLEnt5/6,"Dorsolateral entorhinal cortex, layer 5/6",138.0,168.0,168.0,42300.0,918.0,DLEnt,,9.0,,0.0,0.0,HPF,5.6,False,,0.0,0.0,0.0,0.0,0.0,,
28,DLEnt6a,"Dorsolateral entorhinal cortex, layer 6a",148.0,179.0,173.0,42400.0,918.0,DLEnt,,9.0,18788.0,18788.0,0.37576,HPF,6a,False,3621.0,53514634.0,105837.0,3621.0,53514634.0,105837.0,14778.965479149407,29.228666114333056
60,DLEnt6b,"Dorsolateral entorhinal cortex, layer 6b",180.0,199.0,193.0,42500.0,918.0,DLEnt,,9.0,3170.0,3170.0,0.0634,HPF,6b,False,541.0,7448438.0,15897.0,541.0,7448438.0,15897.0,13767.907578558226,29.384473197781887
926,DIEnt,Dorsal intermediate entorhinal cortex,128.0,255.0,146.0,42700.0,909.0,ENT,,8.0,,70732.0,1.41464,HPF,DIEnt,True,,0.0,0.0,8249.0,143993312.0,277429.0,17455.85064856346,33.63183416171657
526,DIEnt1,"Dorsal intermediate entorhinal cortex, layer 1",0.0,104.0,87.0,42800.0,926.0,DIEnt,,9.0,11422.0,11422.0,0.22844,HPF,1,False,577.0,9492587.0,18193.0,577.0,9492587.0,18193.0,16451.62391681109,31.530329289428078
543,DIEnt2,"Dorsal intermediate entorhinal cortex, layer 2",0.0,118.0,106.0,42900.0,926.0,DIEnt,,9.0,13472.0,13472.0,0.26944,HPF,2,False,1694.0,28355759.0,57451.0,1694.0,28355759.0,57451.0,16738.93683589138,33.91440377804014
468,DIEnt2a,"Dorsal intermediate entorhinal cortex, layer 2a",1.0,118.0,106.0,43000.0,926.0,DIEnt,,9.0,,0.0,0.0,HPF,2a,False,,0.0,0.0,0.0,0.0,0.0,,
508,DIEnt2b,"Dorsal intermediate entorhinal cortex, layer 2b",2.0,118.0,106.0,43100.0,926.0,DIEnt,,9.0,,0.0,0.0,HPF,2b,False,,0.0,0.0,0.0,0.0,0.0,,
2408,DIEnt2/3,"Dorsal intermediate entorhinal cortex, layer 2/3",2.0,118.0,106.0,43110.0,926.0,DIEnt,,9.0,,0.0,0.0,HPF,2.3,False,,0.0,0.0,0.0,0.0,0.0,,
664,DIEnt3,"Dorsal intermediate entorhinal cortex, layer 3",36.0,122.0,111.0,43200.0,926.0,DIEnt,,9.0,21068.0,21068.0,0.42136,HPF,3,False,2707.0,49759205.0,94045.0,2707.0,49759205.0,94045.0,18381.67898042113,34.74141115626154
712,DIEnt4,"Dorsal intermediate entorhinal cortex, layer 4",63.0,135.0,126.0,43300.0,926.0,DIEnt,,9.0,,0.0,0.0,HPF,4,False,,0.0,0.0,0.0,0.0,0.0,,
727,DIEnt5,"Dorsal intermediate entorhinal cortex, layer 5",64.0,135.0,126.0,43400.0,926.0,DIEnt,,9.0,21546.0,21546.0,0.43092,HPF,5,False,2838.0,50003171.0,94334.0,2838.0,50003171.0,94334.0,17619.15821000705,33.23960535588443
550,DIEnt5/6,"Dorsal intermediate entorhinal cortex, layer 5/6",81.0,139.0,133.0,43500.0,926.0,DIEnt,,9.0,,0.0,0.0,HPF,5.6,False,,0.0,0.0,0.0,0.0,0.0,,
743,DIEnt6,"Dorsal intermediate entorhinal cortex, layer 6",108.0,156.0,152.0,43600.0,926.0,DIEnt,,9.0,3224.0,3224.0,0.06448,HPF,6,False,433.0,6382590.0,13406.0,433.0,6382590.0,13406.0,14740.39260969977,30.960739030023095
934,VIEnt,Ventral intermediate entorhinal cortex,128.0,255.0,147.0,43700.0,909.0,ENT,,8.0,,49880.0,0.9976,HPF,VIEnt,True,,0.0,0.0,4053.0,74033801.0,132907.0,18266.420182580805,32.79225265235628
259,VIEnt1,"Ventral intermediate entorhinal cortex, layer 1",0.0,104.0,96.0,43800.0,934.0,VIEnt,,9.0,10872.0,10872.0,0.21744,HPF,1,False,75.0,631952.0,2211.0,75.0,631952.0,2211.0,8426.026666666667,29.48
324,VIEnt2,"Ventral intermediate entorhinal cortex, layer 2",0.0,117.0,111.0,43900.0,934.0,VIEnt,,9.0,11284.0,11284.0,0.22568,HPF,2,False,498.0,8483203.0,16720.0,498.0,8483203.0,16720.0,17034.544176706826,33.57429718875502
371,VIEnt3,"Ventral intermediate entorhinal cortex, layer 3",35.0,122.0,117.0,44000.0,934.0,VIEnt,,9.0,12194.0,12194.0,0.24388,HPF,3,False,1541.0,32889249.0,53109.0,1541.0,32889249.0,53109.0,21342.79623621025,34.463984425697596
419,VIEnt4,"Ventral intermediate entorhinal cortex, layer 4",62.0,135.0,133.0,44100.0,934.0,VIEnt,,9.0,,0.0,0.0,HPF,4,False,,0.0,0.0,0.0,0.0,0.0,,
1133,VIEnt5/6,"Ventral intermediate entorhinal cortex, layer 5/6",80.0,140.0,140.0,44200.0,934.0,VIEnt,,9.0,15530.0,15530.0,0.3106,HPF,5.6,False,1939.0,32029397.0,60867.0,1939.0,32029397.0,60867.0,16518.51315110882,31.390923156266116
2518,MEnt_leaf,"Medial entorhinal cortex, leaf",80.0,140.0,140.0,44220.0,2159.0,MEnt,,9.0,27534.0,27534.0,0.55068,HPF,misc,False,2485.0,52541886.0,77824.0,2485.0,52541886.0,77824.0,21143.616096579477,31.317505030181085
2159,MEnt,Medial entorhinal cortex,80.0,140.0,140.0,44220.0,909.0,ENT,,8.0,,71928.0,1.43856,HPF,MEnt,True,,0.0,0.0,11067.0,239339018.0,337503.0,21626.368302159575,30.49634047167254
2164,MEnt1,"Medial entorhinal cortex, layer 1",80.0,140.0,140.0,44230.0,2159.0,MEnt,,9.0,6088.0,6088.0,0.12176,HPF,1,False,106.0,1724955.0,3469.0,106.0,1724955.0,3469.0,16273.16037735849,32.72641509433962
2444,MEnt2,"Medial entorhinal cortex, layer 2",80.0,140.0,140.0,44240.0,2159.0,MEnt,,9.0,7846.0,7846.0,0.15692,HPF,2,False,763.0,16721238.0,24878.0,763.0,16721238.0,24878.0,21915.121887287023,32.60550458715596
2445,MEnt3,"Medial entorhinal cortex, layer 3",80.0,140.0,140.0,44250.0,2159.0,MEnt,,9.0,15494.0,15494.0,0.30988,HPF,3,False,3505.0,87922661.0,109822.0,3505.0,87922661.0,109822.0,25084.92467902996,31.332952924393723
2446,MEnt5,"Medial entorhinal cortex, layer 5",80.0,140.0,140.0,44260.0,2159.0,MEnt,,9.0,8606.0,8606.0,0.17212,HPF,5,False,2544.0,52535953.0,74117.0,2544.0,52535953.0,74117.0,20650.92492138365,29.134040880503143
2447,MEnt6,"Medial entorhinal cortex, layer 6",80.0,140.0,140.0,44270.0,2159.0,MEnt,,9.0,6360.0,6360.0,0.1272,HPF,6,False,1664.0,27892325.0,47393.0,1664.0,27892325.0,47393.0,16762.21454326923,28.481370192307693
2161,CEnt,Caudomedial entothinal cortex,80.0,140.0,140.0,44280.0,909.0,ENT,,8.0,,159644.0,3.19288,HPF,CEnt,True,,0.0,0.0,33225.0,663749204.0,959013.0,19977.402678705796,28.864198645598194
2520,CEnt_leaf,"Caudomedial entothinal cortex, leaf",80.0,140.0,140.0,44280.0,2161.0,CEnt,,9.0,17168.0,17168.0,0.34336,HPF,misc,False,1637.0,33375766.0,49698.0,1637.0,33375766.0,49698.0,20388.372632864997,30.359193646915088
2448,CEnt1,"Caudomedial entothinal cortex, layer 1",80.0,140.0,140.0,44290.0,2161.0,CEnt,,9.0,34518.0,34518.0,0.69036,HPF,1,False,2551.0,48185487.0,75475.0,2551.0,48185487.0,75475.0,18888.86201489612,29.58643669149353
2449,CEnt2,"Caudomedial entothinal cortex, layer 2",80.0,140.0,140.0,44291.0,2161.0,CEnt,,9.0,39032.0,39032.0,0.78064,HPF,2,False,9271.0,197323917.0,272867.0,9271.0,197323917.0,272867.0,21283.994930428216,29.432315823535756
2450,CEnt3,"Caudomedial entothinal cortex, layer 3",80.0,140.0,140.0,44292.0,2161.0,CEnt,,9.0,42816.0,42816.0,0.85632,HPF,3,False,11949.0,237561340.0,343842.0,11949.0,237561340.0,343842.0,19881.27374675705,28.775797137835802
2451,CEnt5,"Caudomedial entothinal cortex, layer 5",80.0,140.0,140.0,44293.0,2161.0,CEnt,,9.0,23190.0,23190.0,0.4638,HPF,5,False,7142.0,136513806.0,198192.0,7142.0,136513806.0,198192.0,19114.226547185663,27.750210025203025
2452,CEnt6,"Caudomedial entothinal cortex, layer 6",80.0,140.0,140.0,44294.0,2161.0,CEnt,,9.0,2920.0,2920.0,0.0584,HPF,6,False,675.0,10788888.0,18939.0,675.0,10788888.0,18939.0,15983.537777777778,28.057777777777776
10691,PaS_leaf,"Parasubiculum, leaf",129.0,255.0,160.0,44300.0,843.0,PaS,,8.0,2006.0,2006.0,0.04012,HPF,misc,False,252.0,3975308.0,6885.0,252.0,3975308.0,6885.0,15775.031746031746,27.321428571428573
843,PaS,Parasubiculum,129.0,255.0,160.0,44300.0,822.0,RHP,,7.0,,65178.0,1.30356,HPF,PaS,True,,0.0,0.0,20307.0,397923179.0,556386.0,19595.370020190083,27.398729502142118
10693,PaS1,"Parasubiculum, layer 1",129.0,255.0,160.0,44400.0,843.0,PaS,,8.0,16230.0,16230.0,0.3246,HPF,1,False,2324.0,51976273.0,67293.0,2324.0,51976273.0,67293.0,22365.005593803788,28.95567986230637
10694,PaS2,"Parasubiculum, layer 2",129.0,255.0,160.0,44500.0,843.0,PaS,,8.0,37264.0,37264.0,0.74528,HPF,2,False,14019.0,286968768.0,383490.0,14019.0,286968768.0,383490.0,20469.988444254228,27.35501818959983
10695,PaS3,"Parasubiculum, layer 3",129.0,255.0,160.0,44600.0,843.0,PaS,,8.0,9678.0,9678.0,0.19356,HPF,3,False,3712.0,55002830.0,98718.0,3712.0,55002830.0,98718.0,14817.572737068966,26.59428879310345
1037,Post,Postsubiculum,128.0,255.0,160.0,44700.0,822.0,RHP,,7.0,,57546.0,1.15092,HPF,Post,True,,0.0,0.0,7781.0,71749147.0,210446.0,9221.070170929186,27.046138028531036
10696,Post1,"Postsubiculum, layer 1",128.0,255.0,160.0,44800.0,1037.0,Post,,8.0,14652.0,14652.0,0.29304,HPF,1,False,164.0,842644.0,4091.0,164.0,842644.0,4091.0,5138.073170731707,24.945121951219512
10697,Post2,"Postsubiculum, layer 2",128.0,255.0,160.0,44900.0,1037.0,Post,,8.0,28540.0,28540.0,0.5708,HPF,2,False,4879.0,48713836.0,132212.0,4879.0,48713836.0,132212.0,9984.389424062309,27.09817585570814
10698,Post3,"Postsubiculum, layer 3",128.0,255.0,160.0,45000.0,1037.0,Post,,8.0,14354.0,14354.0,0.28708,HPF,3,False,2738.0,22192667.0,74143.0,2738.0,22192667.0,74143.0,8105.429875821767,27.079254930606282
1084,PsS,Presubiculum,129.0,255.0,161.0,45190.0,822.0,RHP,,7.0,,29192.0,0.58384,HPF,PsS,True,,0.0,0.0,6680.0,96301818.0,179518.0,14416.439820359281,26.873952095808384
10699,PsS1,"Presubiculum, layer 1",129.0,255.0,161.0,45200.0,1084.0,PsS,,8.0,7336.0,7336.0,0.14672,HPF,1,False,279.0,5927724.0,7995.0,279.0,5927724.0,7995.0,21246.322580645163,28.655913978494624
10700,PsS2,"Presubiculum, layer 2",129.0,255.0,161.0,45300.0,1084.0,PsS,,8.0,15864.0,15864.0,0.31728,HPF,2,False,4316.0,66255798.0,115295.0,4316.0,66255798.0,115295.0,15351.204355885078,26.71339202965709
10701,PsS3,"Presubiculum, layer 3",129.0,255.0,161.0,45400.0,1084.0,PsS,,8.0,5992.0,5992.0,0.11984,HPF,3,False,2085.0,24118296.0,56228.0,2085.0,24118296.0,56228.0,11567.528057553956,26.967865707434054
1155,SUB_leaf,"Subiculum, leaf",128.0,255.0,151.0,45500.0,502.0,SUB,,8.0,2216.0,2216.0,0.04432,HPF,misc,False,157.0,783047.0,3627.0,157.0,783047.0,3627.0,4987.5605095541405,23.101910828025478
502,SUB,Subiculum,128.0,255.0,151.0,45500.0,822.0,RHP,,7.0,,240768.0,4.81536,HPF,SUB,False,,0.0,0.0,41125.0,535223130.0,1175621.0,13014.544194528875,28.58652887537994
833,DS_leaf,"Dorsal subiculum, leaf",129.0,255.0,151.0,45600.0,509.0,DS,,9.0,40636.0,40636.0,0.81272,HPF,misc,False,5139.0,38824927.0,148423.0,5139.0,38824927.0,148423.0,7554.957579295583,28.8816890445612
509,DS,Dorsal subiculum,129.0,255.0,151.0,45600.0,502.0,SUB,,8.0,,64836.0,1.29672,HPF,DS,True,,0.0,0.0,7926.0,62971204.0,234251.0,7944.8907393388845,29.554756497602828
829,DS-m,"Dorsal subiculum, molecular layer",129.0,255.0,151.0,45700.0,509.0,DS,,9.0,3190.0,3190.0,0.0638,HPF,m,False,155.0,1387926.0,4384.0,155.0,1387926.0,4384.0,8954.36129032258,28.283870967741937
845,DS-sp,"Dorsal subiculum, pyramidal layer",100.0,230.0,121.0,45800.0,509.0,DS,,9.0,16134.0,16134.0,0.32268,HPF,sp,False,2311.0,19821493.0,71816.0,2311.0,19821493.0,71816.0,8577.019904803115,31.075724794461273
837,DS-sr,"Dorsal subiculum, stratum radiatum",129.0,255.0,151.0,45900.0,509.0,DS,,9.0,4876.0,4876.0,0.09752,HPF,sr,False,321.0,2936858.0,9628.0,321.0,2936858.0,9628.0,9149.090342679128,29.993769470404985
876,VeS_leaf,"Ventral subiculum, leaf",130.0,255.0,151.0,46000.0,518.0,VeS,,9.0,30234.0,30234.0,0.60468,HPF,misc,False,7950.0,141070621.0,233679.0,7950.0,141070621.0,233679.0,17744.732201257862,29.393584905660376
518,VeS,Ventral subiculum,130.0,255.0,151.0,46000.0,502.0,SUB,,8.0,,54150.0,1.083,HPF,VeS,True,,0.0,0.0,10937.0,180137636.0,321008.0,16470.479656212854,29.35064460089604
853,VeS-m,"Ventral subiculum, molecular layer",130.0,255.0,151.0,46100.0,518.0,VeS,,9.0,4364.0,4364.0,0.08728,HPF,m,False,90.0,1317964.0,2771.0,90.0,1317964.0,2771.0,14644.044444444444,30.788888888888888
870,VeS-sp,"Ventral subiculum, pyramidal layer",100.0,230.0,121.0,46200.0,518.0,VeS,,9.0,13988.0,13988.0,0.27976,HPF,sp,False,2327.0,29427765.0,67816.0,2327.0,29427765.0,67816.0,12646.22475290073,29.14310270734852
861,VeS-sr,"Ventral subiculum, stratum radiatum",130.0,255.0,151.0,46300.0,518.0,VeS,,9.0,5564.0,5564.0,0.11128,HPF,sr,False,570.0,8321286.0,16742.0,570.0,8321286.0,16742.0,14598.747368421053,29.371929824561402
2440,STr,"Subiculum, transition area",130.0,255.0,151.0,46310.0,502.0,SUB,,8.0,,119566.0,2.39132,HPF,STr,True,,0.0,0.0,22105.0,291331243.0,616735.0,13179.427414612079,27.900248812485863
2441,STr-m,"Subiculum, transition area, molecular layer",130.0,255.0,151.0,46320.0,2440.0,STr,,9.0,18390.0,18390.0,0.3678,HPF,m,False,1743.0,23121127.0,49796.0,1743.0,23121127.0,49796.0,13265.133103843948,28.56913367756741
2442,STr-sp,"Subiculum, transition area, pyramidal layer",130.0,255.0,151.0,46330.0,2440.0,STr,,9.0,84826.0,84826.0,1.69652,HPF,sp,False,19293.0,250832617.0,532869.0,19293.0,250832617.0,532869.0,13001.224122738817,27.619810293888975
2443,STr-sr,"Subiculum, transition area, stratum radiatum",130.0,255.0,151.0,46340.0,2440.0,STr,,9.0,16350.0,16350.0,0.327,HPF,sr,False,1069.0,17377499.0,34070.0,1069.0,17377499.0,34070.0,16255.845650140318,31.87090739008419
703,CTXsp,Cortical subplate,80.0,255.0,80.0,46400.0,688.0,CTX,,4.0,,472980.0,9.4596,CTXsp,CTXsp,False,,0.0,0.0,101759.0,1938938774.0,2978752.0,19054.22394087992,29.27261470729862
447,CTXsp_leaf,"Cortical subplate, leaf",80.0,255.0,80.0,46400.0,703.0,CTXsp,,5.0,16570.0,16570.0,0.3314,CTXsp,misc,False,4674.0,89830565.0,133564.0,4674.0,89830565.0,133564.0,19219.205177578093,28.575952075310227
16,6b,"Layer 6b, isocortex",80.0,255.0,81.0,46500.0,703.0,CTXsp,,5.0,,0.0,0.0,CTXsp,6b,False,,0.0,0.0,0.0,0.0,0.0,,
1999,Cl_leaf,"Claustrum, leaf",80.0,255.0,85.0,46600.0,583.0,Cl,,6.0,11404.0,11404.0,0.22808,CTXsp,misc,False,1969.0,32057433.0,58186.0,1969.0,32057433.0,58186.0,16281.07313357034,29.551041137633316
583,Cl,Claustrum,80.0,255.0,85.0,46600.0,703.0,CTXsp,,5.0,,40500.0,0.81,CTXsp,Cl,True,,0.0,0.0,7029.0,146954595.0,202414.0,20906.899274434487,28.796983923744488
2002,DCl,Dorsal claustrum,80.0,255.0,85.0,46610.0,583.0,Cl,,6.0,11412.0,11412.0,0.22824,CTXsp,DCl,False,1937.0,42527014.0,53357.0,1937.0,42527014.0,53357.0,21955.09241094476,27.54620547237997
2003,VCl,Ventral claustrum,80.0,255.0,85.0,46620.0,583.0,Cl,,6.0,17684.0,17684.0,0.35368,CTXsp,VCl,False,3123.0,72370148.0,90871.0,3123.0,72370148.0,90871.0,23173.278258085174,29.097342299071407
942,En,Endopiriform nucleus,80.0,255.0,87.0,46700.0,703.0,CTXsp,,5.0,,171026.0,3.42052,CTXsp,En,False,,0.0,0.0,26103.0,419694646.0,762377.0,16078.406543309198,29.206489675516224
952,DEn ,Dorsal endopiriform nucleus,81.0,255.0,87.0,46800.0,942.0,En,,6.0,115964.0,115964.0,2.31928,CTXsp,DEn ,True,16892.0,267956672.0,487519.0,16892.0,267956672.0,487519.0,15862.933459625858,28.860940089983423
966,VEn,Ventral endopiriform nucleus,82.0,255.0,87.0,46900.0,942.0,En,,6.0,20032.0,20032.0,0.40064,CTXsp,VEn,True,3504.0,61154696.0,110603.0,3504.0,61154696.0,110603.0,17452.82420091324,31.56478310502283
2085,IEn,Intermediate endopiriform claustrum,82.0,255.0,87.0,46910.0,942.0,En,,6.0,33774.0,33774.0,0.67548,CTXsp,IEn,True,5417.0,84249943.0,155214.0,5417.0,84249943.0,155214.0,15552.878530551967,28.653129038213034
2426,REn,Retroendopiriform nucleus ,82.0,255.0,87.0,46920.0,942.0,En,,6.0,1256.0,1256.0,0.02512,CTXsp,REn,True,290.0,6333335.0,9041.0,290.0,6333335.0,9041.0,21839.08620689655,31.175862068965518
131,La,Lateral amygdaloid nucleus,80.0,255.0,88.0,47000.0,703.0,CTXsp,,5.0,,38074.0,0.76148,CTXsp,La,True,,0.0,0.0,9007.0,187106704.0,266185.0,20773.476629288332,29.55312534695237
2045,La_leaf,"Lateral amygdaloid nucleus, leaf",80.0,255.0,88.0,47000.0,131.0,La,,6.0,498.0,498.0,0.00996,CTXsp,misc,False,136.0,2592912.0,3763.0,136.0,2592912.0,3763.0,19065.529411764706,27.669117647058822
2068,LaDL,"Lateral amygdaloid nucleus, dorsolateral part",80.0,255.0,88.0,47010.0,131.0,La,,6.0,20644.0,20644.0,0.41288,CTXsp,LaDL,False,5086.0,100829383.0,147800.0,5086.0,100829383.0,147800.0,19824.888517499017,29.060165159260716
2052,LaVL,"Lateral amygdaloid nucleus, ventrolateral part",80.0,255.0,88.0,47020.0,131.0,La,,6.0,8326.0,8326.0,0.16652,CTXsp,LaVL,False,1712.0,37024196.0,51622.0,1712.0,37024196.0,51622.0,21626.282710280375,30.15303738317757
2060,LaVM,"Lateral amygdaloid nucleus, ventromedial part",80.0,255.0,88.0,47030.0,131.0,La,,6.0,8606.0,8606.0,0.17212,CTXsp,LaVM,False,2073.0,46660213.0,63000.0,2073.0,46660213.0,63000.0,22508.544621321755,30.390738060781477
295,BL,Basolateral amygdalar nucleus,80.0,255.0,83.0,47100.0,703.0,CTXsp,,5.0,,92194.0,1.84388,CTXsp,BL,True,,0.0,0.0,21287.0,447995017.0,657136.0,21045.474561939212,30.870296425048153
303,BLA,"Basolateral amygdaloid nucleus, anterior part",81.0,255.0,83.0,47200.0,295.0,BL,,6.0,33198.0,33198.0,0.66396,CTXsp,BLA,False,8928.0,192449427.0,268801.0,8928.0,192449427.0,268801.0,21555.715389784946,30.10763888888889
311,BLP,"Basolateral amygdaloid nucleus, posterior part",82.0,255.0,83.0,47300.0,295.0,BL,,6.0,46618.0,46618.0,0.93236,CTXsp,BLP,False,10087.0,214828603.0,315632.0,10087.0,214828603.0,315632.0,21297.571428571428,31.290968573411323
451,BLV,"Basolateral amygdaloid nucleus, ventral part",73.0,255.0,83.0,47400.0,295.0,BL,,6.0,12378.0,12378.0,0.24756,CTXsp,BLV,False,2272.0,40716987.0,72703.0,2272.0,40716987.0,72703.0,17921.209066901407,31.999559859154928
319,BM,Basomedial amygdalar nucleus,80.0,255.0,84.0,47500.0,703.0,CTXsp,,5.0,,61772.0,1.23544,CTXsp,BM,True,,0.0,0.0,15714.0,242796013.0,442101.0,15450.936298841798,28.134211531118748
327,BMA,"Basomedial amygdaloid nucleus, anterior part",81.0,255.0,84.0,47600.0,319.0,BM,,6.0,27930.0,27930.0,0.5586,CTXsp,BMA,False,6728.0,87188446.0,179880.0,6728.0,87188446.0,179880.0,12959.043697978597,26.73602853745541
334,BMP,"Basomedial amygdaloid nucleus, posterior part",82.0,255.0,84.0,47700.0,319.0,BM,,6.0,33842.0,33842.0,0.67684,CTXsp,BMP,False,8986.0,155607567.0,262221.0,8986.0,155607567.0,262221.0,17316.666703761406,29.181059425773427
780,AHi,Amygdalohippocampal area,80.0,255.0,89.0,47800.0,703.0,CTXsp,,5.0,,52844.0,1.05688,CTXsp,AHi,True,,0.0,0.0,17945.0,404561234.0,514975.0,22544.51011423795,28.69740874895514
2086,AHiAL,"Amygdalohippocampal area, anterolateral part",80.0,255.0,89.0,47810.0,780.0,AHi,,6.0,29598.0,29598.0,0.59196,CTXsp,AHiAL,False,11990.0,305051140.0,349680.0,11990.0,305051140.0,349680.0,25442.130108423687,29.164303586321935
2087,AHiPM,"Amygdalohippocampal area, posteromedial part",80.0,255.0,89.0,47820.0,780.0,AHi,,6.0,20290.0,20290.0,0.4058,CTXsp,AHiPM,False,4992.0,80177793.0,136148.0,4992.0,80177793.0,136148.0,16061.256610576924,27.27323717948718
2088,AHiPL,"Amygdalohippocampal area, posterolateral",80.0,255.0,89.0,47830.0,780.0,AHi,,6.0,2956.0,2956.0,0.05912,CTXsp,AHiPL,False,963.0,19332301.0,29147.0,963.0,19332301.0,29147.0,20075.07892004154,30.2668743509865
623,CNU,Cerebral nuclei,176.0,216.0,255.0,47900.0,567.0,CH,,3.0,,2722700.0,54.454,,CNU,False,,0.0,0.0,539457.0,6920245615.0,14506318.0,12828.169094107594,26.890591835864583
477,STR,Striatum,160.0,200.0,232.0,48000.0,623.0,CNU,,4.0,,2226160.0,44.5232,STR,STR,False,,0.0,0.0,429556.0,5346716508.0,11556842.0,12447.076767639144,26.904156850329176
485,STRd,Striatum dorsal region,160.0,216.0,232.0,48100.0,477.0,STR,,5.0,,1299864.0,25.99728,STR,STRd,False,,0.0,0.0,241248.0,2773567929.0,6468815.0,11496.749937823319,26.813963224565594
672,CP,Caudate Putamen ,160.0,216.0,248.0,48200.0,485.0,STRd,,6.0,,1299864.0,25.99728,STR,CP,False,,0.0,0.0,241248.0,2773567929.0,6468815.0,11496.749937823319,26.813963224565594
2376,CPre,Caudoputamen- rostral extreme,160.0,216.0,248.0,48210.0,672.0,CP,,7.0,46138.0,46138.0,0.92276,STR,CPre,True,10330.0,117473064.0,283967.0,10330.0,117473064.0,283967.0,11372.029428848016,27.489545014520814
2491,CPr,Caudoputamen- rostral,160.0,216.0,248.0,48220.0,672.0,CP,,7.0,,220448.0,4.40896,STR,CPr,True,,0.0,0.0,45767.0,551951467.0,1255438.0,12060.03161666703,27.43107479188061
2294,"CPr, m","Caudoputamen- rostral, medial",160.0,216.0,248.0,48221.0,2491.0,CPr,,8.0,27506.0,27506.0,0.55012,STR,m,False,6509.0,74055469.0,193346.0,6509.0,74055469.0,193346.0,11377.395759717314,29.70440927945921
2295,"CPr, imd","Caudoputamen- rostral, intermediate, dorsal",160.0,216.0,248.0,48222.0,2491.0,CPr,,8.0,39962.0,39962.0,0.79924,STR,imd,False,7208.0,75739199.0,200769.0,7208.0,75739199.0,200769.0,10507.658018867925,27.853634850166483
2296,"CPr, imv","Caudoputamen- rostral, intermediate, ventral",160.0,216.0,248.0,48223.0,2491.0,CPr,,8.0,42298.0,42298.0,0.84596,STR,imv,False,10322.0,131468862.0,280019.0,10322.0,131468862.0,280019.0,12736.762449137765,27.128366595621003
2497,"CPr, l","Caudoputamen- rostral, lateral",160.0,216.0,248.0,48224.0,2491.0,CPr,,8.0,,110682.0,2.21364,STR,l,False,,0.0,0.0,21728.0,270687937.0,581304.0,12458.023610088365,26.753681885125186
2395,"CPr, l, ls","Caudoputamen- rostral, lateral, lateral strip",160.0,216.0,248.0,48225.0,2497.0,"CPr, l",,9.0,65890.0,65890.0,1.3178,STR,ls,False,9348.0,103006853.0,252532.0,9348.0,103006853.0,252532.0,11019.132755669661,27.0145485665383
2297,"CPr, l, vm","Caudoputamen- rostra,l lateral, ventromedial",160.0,216.0,248.0,48226.0,2497.0,"CPr, l",,9.0,44792.0,44792.0,0.89584,STR,vm,False,12380.0,167681084.0,328772.0,12380.0,167681084.0,328772.0,13544.514054927302,26.55670436187399
2492,CPi,Caudoputamen- intermediate,160.0,216.0,248.0,48230.0,672.0,CP,,7.0,,609790.0,12.1958,STR,CPi,True,,0.0,0.0,105341.0,1193073889.0,2840117.0,11325.826496805612,26.961173712039948
2498,"CPi, dm","Caudoputamen- intermediate, dorsomedial",160.0,216.0,248.0,48231.0,2492.0,CPi,,8.0,,169426.0,3.38852,STR,dm,False,,0.0,0.0,34064.0,328473868.0,962709.0,9642.844880225459,28.261771958666042
2299,"CPi, dm, dl","Caudoputamen- intermediate, dorsomedial, dorsolateral",160.0,216.0,248.0,48232.0,2498.0,"CPi, dm",,9.0,43396.0,43396.0,0.86792,STR,dl,False,7778.0,72037093.0,218039.0,7778.0,72037093.0,218039.0,9261.647338647466,28.032784777577785
2298,"CPi, dm, im","Caudoputamen- intermediate, dorsomedial, intermedial",160.0,216.0,248.0,48233.0,2498.0,"CPi, dm",,9.0,40010.0,40010.0,0.8002,STR,im,False,9177.0,97432253.0,251067.0,9177.0,97432253.0,251067.0,10617.004794595183,27.358287021902584
2374,"CPi, dm, cd","Caudoputamen- intermediate, dorsomedial, central dorsal",160.0,216.0,248.0,48234.0,2498.0,"CPi, dm",,9.0,39176.0,39176.0,0.78352,STR,cd,False,6613.0,67001995.0,187998.0,6613.0,67001995.0,187998.0,10131.860728867383,28.428549826100106
2380,"CPi, dm, dt","Caudoputamen- intermediate, dorsomedial, dorsal tip ",160.0,216.0,248.0,48235.0,2498.0,"CPi, dm",,9.0,46844.0,46844.0,0.93688,STR,dt,False,10496.0,92002527.0,305605.0,10496.0,92002527.0,305605.0,8765.484660823171,29.116330030487806
2500,"CPi, vm","Caudoputamen- intermediate, ventromedial",160.0,216.0,248.0,48236.0,2492.0,CPi,,8.0,,93184.0,1.86368,STR,vm,False,,0.0,0.0,22894.0,330508229.0,613641.0,14436.456233074168,26.803572988555953
2302,"CPi, vm, vm","Caudoputamen- intermediate, ventromedial, ventromedial",160.0,216.0,248.0,48237.0,2500.0,"CPi, vm",,9.0,39420.0,39420.0,0.7884,STR,vm,False,9924.0,141727622.0,262319.0,9924.0,141727622.0,262319.0,14281.300080612657,26.43278919790407
2480,"CPi, vm, v","Caudoputamen- intermediate, ventromedial, ventral",160.0,216.0,248.0,48238.0,2500.0,"CPi, vm",,9.0,39188.0,39188.0,0.78376,STR,v,False,10604.0,163916461.0,286790.0,10604.0,163916461.0,286790.0,15457.983874009808,27.045454545454547
2483,"CPi, vm, cvm","Caudoputamen- intermediate, ventromedial, central ventromedial",160.0,216.0,248.0,48239.0,2500.0,"CPi, vm",,9.0,14576.0,14576.0,0.29152,STR,cvm,False,2366.0,24864146.0,64532.0,2366.0,24864146.0,64532.0,10508.937447168217,27.274725274725274
2499,"CPi, dl","Caudoputamen- intermediate, dorsolateral, ",160.0,216.0,248.0,48240.0,2492.0,CPi,,8.0,,103382.0,2.06764,STR,dl,False,,0.0,0.0,14236.0,140481833.0,378049.0,9868.069190783928,26.555844338297273
2300,"CPi, dl, d","Caudoputamen- intermediate, dorsolateral, dorsal",160.0,216.0,248.0,48241.0,2499.0,"CPi, dl",,9.0,53216.0,53216.0,1.06432,STR,d,False,8074.0,78899753.0,214752.0,8074.0,78899753.0,214752.0,9772.077408967054,26.597968788704485
2301,"CPi, dl, imd","Caudoputamen- intermediate, dorsolateral, intermedial dorsal",160.0,216.0,248.0,48242.0,2499.0,"CPi, dl",,9.0,50166.0,50166.0,1.00332,STR,imd,False,6162.0,61582080.0,163297.0,6162.0,61582080.0,163297.0,9993.846153846154,26.500649139889646
2501,"CPi, vl","Caudoputamen- intermediate, ventrolateral",160.0,216.0,248.0,48243.0,2492.0,CPi,,8.0,,243798.0,4.87596,STR,vl,False,,0.0,0.0,34147.0,393609959.0,885718.0,11526.926494274754,25.93838404545055
2479,"CPi, vl, imv","Caudoputamen- intermediate, ventrolateral, intermedial ventral",160.0,216.0,248.0,48244.0,2501.0,"CPi, vl",,9.0,47738.0,47738.0,0.95476,STR,imv,False,5209.0,56778149.0,136729.0,5209.0,56778149.0,136729.0,10900.00940679593,26.248608178153198
2482,"CPi, vl, v","Caudoputamen- intermediate, ventrolateral, ventral",160.0,216.0,248.0,48245.0,2501.0,"CPi, vl",,9.0,59872.0,59872.0,1.19744,STR,v,False,5355.0,61144394.0,135475.0,5355.0,61144394.0,135475.0,11418.187488328665,25.29878618113912
2481,"CPi, vl, vt","Caudoputamen- intermediate, ventrolateral, ventral tip",160.0,216.0,248.0,48246.0,2501.0,"CPi, vl",,9.0,96368.0,96368.0,1.92736,STR,vt,False,17066.0,204552878.0,440623.0,17066.0,204552878.0,440623.0,11985.988397984296,25.81876245165827
2370,"CPi, vl, cvl","Caudoputamen- intermediate, ventrolateral, central ventrolateral",160.0,216.0,248.0,48247.0,2501.0,"CPi, vl",,9.0,39820.0,39820.0,0.7964,STR,cvl,False,6517.0,71134538.0,172891.0,6517.0,71134538.0,172891.0,10915.22755869265,26.529231241368727
2496,CPc,Caudoputamen- caudal,160.0,216.0,248.0,48250.0,672.0,CP,,7.0,,366526.0,7.33052,STR,CPc,True,,0.0,0.0,68676.0,776856870.0,1797586.0,11311.912021666958,26.174879142640805
2493,"CPc, d","Caudoputamen- caudal, dorsal",160.0,216.0,248.0,48251.0,2496.0,CPc,,8.0,,109450.0,2.189,STR,d,False,,0.0,0.0,18268.0,159836212.0,511535.0,8749.51894022334,28.00169695642654
2519,"CPc, d_leaf","Caudoputamen- caudal, dorsal, leaf",160.0,216.0,248.0,48251.0,2493.0,"CPc, d",,9.0,18592.0,18592.0,0.37184,STR,misc,False,2886.0,25877196.0,78418.0,2886.0,25877196.0,78418.0,8966.457380457381,27.171864171864172
2484,"CPc, d, dm","Caudoputamen- caudal, dorsal, dorsomedial",160.0,216.0,248.0,48252.0,2493.0,"CPc, d",,9.0,32876.0,32876.0,0.65752,STR,dm,False,5311.0,40398057.0,153300.0,5311.0,40398057.0,153300.0,7606.4878553944645,28.864620598757295
2485,"CPc, d, dl","Caudoputamen- caudal, dorsal, dorsolateral",160.0,216.0,248.0,48253.0,2493.0,"CPc, d",,9.0,38318.0,38318.0,0.76636,STR,dl,False,7427.0,67240391.0,206902.0,7427.0,67240391.0,206902.0,9053.506260939814,27.85808536421166
2486,"CPc, d, vm","Caudoputamen- caudal, dorsal, ventromedial",160.0,216.0,248.0,48254.0,2493.0,"CPc, d",,9.0,19664.0,19664.0,0.39328,STR,vm,False,2644.0,26320568.0,72915.0,2644.0,26320568.0,72915.0,9954.829046898638,27.577534039334342
2494,"CPc, i","Caudoputamen- caudal, intermediate",160.0,216.0,248.0,48255.0,2496.0,CPc,,8.0,,176034.0,3.52068,STR,i,False,,0.0,0.0,34224.0,398343084.0,876214.0,11639.29067321178,25.60232585320243
2517,"CPc, i_leaf","Caudoputamen- caudal, intermediate, leaf",160.0,216.0,248.0,48255.0,2494.0,"CPc, i",,9.0,49130.0,49130.0,0.9826,STR,misc,False,10504.0,126143400.0,266337.0,10504.0,126143400.0,266337.0,12009.082254379284,25.35576923076923
2487,"CPc, i, d","Caudoputamen- caudal, intermediate, dorsal",160.0,216.0,248.0,48256.0,2494.0,"CPc, i",,9.0,48506.0,48506.0,0.97012,STR,d,False,9238.0,97735968.0,240149.0,9238.0,97735968.0,240149.0,10579.775709027928,25.995778306992854
2489,"CPc, i, vm","Caudoputamen- caudal, intermediate, ventromedial",160.0,216.0,248.0,48257.0,2494.0,"CPc, i",,9.0,37282.0,37282.0,0.74564,STR,vm,False,6979.0,88827898.0,180647.0,6979.0,88827898.0,180647.0,12727.883364378851,25.88436738787792
2488,"CPc, i, vl","Caudoputamen- caudal, intermediate, ventrolateral",160.0,216.0,248.0,48258.0,2494.0,"CPc, i",,9.0,41116.0,41116.0,0.82232,STR,vl,False,7503.0,85635818.0,189081.0,7503.0,85635818.0,189081.0,11413.543649206984,25.200719712115156
2490,"CPc, v","Caudoputamen- caudal, ventral",160.0,216.0,248.0,48259.0,2496.0,CPc,,8.0,81042.0,81042.0,1.62084,STR,v,False,16184.0,218677574.0,409837.0,16184.0,218677574.0,409837.0,13511.960825506674,25.323591201186357
2495,CPce,Caudoputamen- caudal extreme,160.0,216.0,248.0,48260.0,672.0,CP,,7.0,36356.0,36356.0,0.72712,STR,CPce,True,6967.0,74295803.0,178023.0,6967.0,74295803.0,178023.0,10663.95909286637,25.5523180709057
2001,LSS,Lateral stripe of the striatum ,160.0,216.0,248.0,48296.0,672.0,CP,,7.0,5190.0,5190.0,0.1038,STR,LSS,True,1286.0,17829446.0,37741.0,1286.0,17829446.0,37741.0,13864.265940902022,29.347589424572316
2050,ASt ,Amygdalostriatal transition area,160.0,216.0,248.0,48297.0,672.0,CP,,7.0,15416.0,15416.0,0.30832,STR,ASt ,True,2881.0,42087390.0,75943.0,2881.0,42087390.0,75943.0,14608.60465116279,26.35994446372787
493,STRv,Striatum ventral region,160.0,232.0,232.0,48300.0,477.0,STR,,5.0,,535002.0,10.70004,STR,STRv,False,,0.0,0.0,110827.0,1551000709.0,2967935.0,13994.791061744882,26.77989118175174
602,STRv_leaf,"Striatum ventral region, leaf",160.0,232.0,232.0,48300.0,493.0,STRv,,6.0,15208.0,15208.0,0.30416,STR,misc,False,3891.0,62223502.0,106145.0,3891.0,62223502.0,106145.0,15991.647905422771,27.279619635055255
56,Acb,Accumbens nucleus,160.0,232.0,224.0,48400.0,493.0,STRv,,6.0,,240196.0,4.80392,STR,Acb,False,,0.0,0.0,78121.0,1096221460.0,2081946.0,14032.353144480998,26.65027329399265
2074,AcbC,"Accumbens nucleus, core region",160.0,232.0,224.0,48410.0,56.0,Acb,,7.0,102788.0,102788.0,2.05576,STR,AcbC,True,37604.0,563503633.0,986938.0,37604.0,563503633.0,986938.0,14985.204579300074,26.245558983086905
2006,AcbSh,"Accumbens nucleus, shell region",160.0,232.0,224.0,48420.0,56.0,Acb,,7.0,86994.0,86994.0,1.73988,STR,AcbSh,True,27927.0,375610191.0,734787.0,27927.0,375610191.0,734787.0,13449.71500698249,26.310989365130517
2007,LAcbSh,"Lateral accumbens, shell region",160.0,232.0,224.0,48430.0,56.0,Acb,,7.0,50414.0,50414.0,1.00828,STR,LAcbSh,True,12590.0,157107636.0,360221.0,12590.0,157107636.0,360221.0,12478.763780778396,28.61167593328038
998,IPAC,Interstitial nucleus of the posterior limb of the anterior commissure,160.0,228.0,224.0,48500.0,493.0,STRv,,6.0,,53556.0,1.07112,STR,IPAC,True,,0.0,0.0,12595.0,174853251.0,348123.0,13882.751171099642,27.63977768955935
1987,IPAC_leaf,"Interstitial nucleus of the posterior limb of the anterior commissure, leaf",160.0,228.0,224.0,48500.0,998.0,IPAC,,7.0,2826.0,2826.0,0.05652,STR,misc,False,842.0,13087292.0,22206.0,842.0,13087292.0,22206.0,15543.10213776722,26.3729216152019
2012,IPACM,"Interstitial nucleus of the posterior limb of the anterior commissure, medial part",160.0,228.0,224.0,48510.0,998.0,IPAC,,7.0,16792.0,16792.0,0.33584,STR,M,False,3957.0,58113257.0,112582.0,3957.0,58113257.0,112582.0,14686.190801111954,28.45135203436947
2372,IPACL,"Interstitial nucleus of the posterior limb of the anterior commissure, lateral part",160.0,228.0,224.0,48520.0,998.0,IPAC,,7.0,33938.0,33938.0,0.67876,STR,L,False,7796.0,103652702.0,213335.0,7796.0,103652702.0,213335.0,13295.626218573627,27.36467419189328
730,Tu_leaf,"Olfactory tubercle, leaf",160.0,224.0,224.0,48600.0,754.0,Tu,,7.0,17418.0,17418.0,0.34836,STR,Main,False,1594.0,18430713.0,41607.0,1594.0,18430713.0,41607.0,11562.55520702635,26.102258469259723
754,Tu,Olfactory tubercle,160.0,224.0,224.0,48600.0,493.0,STRv,,6.0,,226042.0,4.52084,STR,Tu,True,,0.0,0.0,16220.0,217702496.0,431721.0,13421.85548705302,26.616584463625156
481,ICj,Island of Calleja,160.0,224.0,224.0,48700.0,754.0,Tu,,7.0,2320.0,2320.0,0.0464,STR,ICj,False,379.0,6242730.0,10097.0,379.0,6242730.0,10097.0,16471.583113456465,26.641160949868073
489,ICjM,"Island of Calleja, major island",160.0,224.0,224.0,48800.0,754.0,Tu,,7.0,2586.0,2586.0,0.05172,STR,ICjM,False,620.0,6453969.0,15583.0,620.0,6453969.0,15583.0,10409.627419354838,25.133870967741935
458,Tu1,Olfactory tubercle 1 ,160.0,224.0,224.0,49000.0,754.0,Tu,,7.0,66470.0,66470.0,1.3294,STR,1,False,1946.0,23452184.0,50678.0,1946.0,23452184.0,50678.0,12051.48201438849,26.04213771839671
465,Tu2,Olfactory tubercle 2,160.0,224.0,224.0,49100.0,754.0,Tu,,7.0,45804.0,45804.0,0.91608,STR,2,False,2950.0,44996984.0,80300.0,2950.0,44996984.0,80300.0,15253.214915254237,27.220338983050848
473,Tu3,Olfactory tubercle 3,160.0,224.0,224.0,49200.0,754.0,Tu,,7.0,85950.0,85950.0,1.719,STR,3,False,7592.0,101943310.0,202886.0,7592.0,101943310.0,202886.0,13427.727871443625,26.723656480505795
2018,Nv,Navicular nucleus of the basal forebrain,160.0,224.0,224.0,49210.0,754.0,Tu,,7.0,5494.0,5494.0,0.10988,STR,Nv,False,1139.0,16182606.0,30570.0,1139.0,16182606.0,30570.0,14207.731343283582,26.83933274802458
275,LSX,Lateral septal complex,160.0,239.0,232.0,49300.0,477.0,STR,,5.0,,217560.0,4.3512,STR,LSX,False,,0.0,0.0,35009.0,373321276.0,986167.0,10663.580107972235,28.168956554028963
242,LS,Lateral septal nucleus,153.0,239.0,232.0,49400.0,275.0,LSX,,6.0,,172912.0,3.45824,STR,LS,True,,0.0,0.0,29455.0,322588964.0,834288.0,10951.925445594976,28.3241554914276
250,LSD,"Lateral septal nucleus, dorsal part",153.0,237.0,232.0,49500.0,242.0,LS,,7.0,32840.0,32840.0,0.6568,STR,D,False,3477.0,37454708.0,108646.0,3477.0,37454708.0,108646.0,10772.133448375036,31.247052056370435
258,LSI,"Lateral septal nucleus, intermediate part",153.0,237.0,233.0,49600.0,242.0,LS,,7.0,111374.0,111374.0,2.22748,STR,I,False,19901.0,216246377.0,559553.0,19901.0,216246377.0,559553.0,10866.106075071604,28.116828300085423
266,LSV,"Lateral septal nucleus, ventral part",153.0,237.0,234.0,49700.0,242.0,LS,,7.0,27276.0,27276.0,0.54552,STR,V,False,5853.0,66489765.0,160362.0,5853.0,66489765.0,160362.0,11359.946181445413,27.398257303946693
2008,ZL,Zona limitans,153.0,237.0,234.0,49710.0,242.0,LS,,7.0,1422.0,1422.0,0.02844,STR,ZL,False,224.0,2398114.0,5727.0,224.0,2398114.0,5727.0,10705.86607142857,25.566964285714285
310,SFi ,Septofimbrial nucleus,147.0,239.0,232.0,49800.0,275.0,LSX,,6.0,20678.0,20678.0,0.41356,STR,SFi ,True,1854.0,15956752.0,55142.0,1854.0,15956752.0,55142.0,8606.662351672061,29.74217907227616
333,SHi ,Septohippocampal nucleus,139.0,239.0,232.0,49900.0,275.0,LSX,,6.0,5224.0,5224.0,0.10448,STR,SHi ,True,725.0,7250817.0,21044.0,725.0,7250817.0,21044.0,10001.126896551725,29.026206896551724
2009,SHy ,Septohypothalamic nucleus,139.0,239.0,232.0,49910.0,275.0,LSX,,6.0,18746.0,18746.0,0.37492,STR,SHy ,True,2975.0,27524743.0,75693.0,2975.0,27524743.0,75693.0,9252.014453781512,25.443025210084034
278,sAMY,Striatum-like amygdalar nuclei,160.0,208.0,232.0,50000.0,477.0,STR,,5.0,,173734.0,3.47468,STR,sAMY,False,,0.0,0.0,42472.0,648826594.0,1133925.0,15276.572659634583,26.698177622904502
23,AA,Anterior amygdaloid area,186.0,208.0,248.0,50100.0,278.0,sAMY,,6.0,44786.0,44786.0,0.89572,STR,AA,True,8826.0,129323182.0,251663.0,8826.0,129323182.0,251663.0,14652.524586449128,28.51382279628371
292,BAOT,Bed nucleus of the accessory olfactory tract,160.0,208.0,232.0,50200.0,278.0,sAMY,,6.0,1400.0,1400.0,0.028,STR,BAOT,True,,0.0,0.0,0.0,0.0,0.0,,
536,Ce,Central amygdalar nucleus,171.0,208.0,248.0,50300.0,278.0,sAMY,,6.0,,51888.0,1.03776,STR,Ce,True,,0.0,0.0,16303.0,267920686.0,428022.0,16433.827271054408,26.254186346071275
544,CeC,"Central amygdaloid nucleus, capsular part",171.0,209.0,248.0,50400.0,536.0,Ce,,7.0,11330.0,11330.0,0.2266,STR,CeC,False,3231.0,49142331.0,84982.0,3231.0,49142331.0,84982.0,15209.635097493036,26.30207366140514
551,CeL,"Central amygdaloid nucleus, lateral part",171.0,209.0,249.0,50500.0,536.0,Ce,,7.0,17114.0,17114.0,0.34228,STR,CeL,False,4570.0,70343161.0,117837.0,4570.0,70343161.0,117837.0,15392.37658643326,25.784901531728664
559,CeM,"Central amygdaloid nucleus, medial part",171.0,209.0,250.0,50600.0,536.0,Ce,,7.0,23444.0,23444.0,0.46888,STR,CeM,False,8502.0,148435194.0,225203.0,8502.0,148435194.0,225203.0,17458.85603387438,26.488238061632558
2507,I_leaf,"Intercalated nuclei of the amygdala, leaf",184.0,208.0,248.0,50700.0,1105.0,I,,7.0,4580.0,4580.0,0.0916,STR,misc,False,1505.0,22115378.0,40298.0,1505.0,22115378.0,40298.0,14694.603322259136,26.77607973421927
1105,I,Intercalated nuclei of the amygdala,184.0,208.0,248.0,50700.0,278.0,sAMY,,6.0,,6778.0,0.13556,STR,I,True,,0.0,0.0,2251.0,33505099.0,61589.0,14884.53976010662,27.360728565082187
2375,IM,"Intercalated amygdalar nucleus, main part",184.0,208.0,248.0,50710.0,1105.0,I,,7.0,2198.0,2198.0,0.04396,STR,IM,False,746.0,11389721.0,21291.0,746.0,11389721.0,21291.0,15267.722520107238,28.540214477211798
403,Me,Medial amygdaloid nucleus,176.0,208.0,248.0,50800.0,278.0,sAMY,,6.0,,68882.0,1.37764,STR,Me,True,,0.0,0.0,15092.0,218077627.0,392651.0,14449.882520540685,26.017161410018552
411,MeAD,"Medial amygdaloid nucleus, anterodorsal part",176.0,209.0,248.0,50900.0,403.0,Me,,7.0,11918.0,11918.0,0.23836,STR,AD,False,2969.0,39223354.0,78798.0,2969.0,39223354.0,78798.0,13210.964634557089,26.54024924216908
418,MeAV,"Medial amygdaloid nucleus, anterventral part",176.0,208.0,249.0,51000.0,403.0,Me,,7.0,4002.0,4002.0,0.08004,STR,AV,False,148.0,1336591.0,3898.0,148.0,1336591.0,3898.0,9031.02027027027,26.33783783783784
426,MePD,"Medial amygdaloid nucleus, posterodorsal part",176.0,208.0,250.0,51100.0,403.0,Me,,7.0,28136.0,28136.0,0.56272,STR,PD,False,8357.0,126711189.0,213670.0,8357.0,126711189.0,213670.0,15162.281799688884,25.567787483546727
435,MePV ,"Medial amygdaloid nucleus, posteroventral part",176.0,208.0,251.0,51500.0,403.0,Me,,7.0,24826.0,24826.0,0.49652,STR,PV,False,3618.0,50806493.0,96285.0,3618.0,50806493.0,96285.0,14042.701216141515,26.612769485903815
803,PAL,Pallidum,160.0,200.0,176.0,51600.0,623.0,CNU,,4.0,,496540.0,9.9308,PAL,PAL,False,,0.0,0.0,109901.0,1573529107.0,2949476.0,14317.695990027389,26.837571996615136
1022,GP,Globus pallidus,160.0,216.0,177.0,51800.0,803.0,PAL,,5.0,110072.0,110072.0,2.20144,PAL,GP,True,14370.0,214269046.0,388391.0,14370.0,214269046.0,388391.0,14910.859151009046,27.027905358385524
1031,EP,Entopeduncular nucleus,160.0,216.0,178.0,51900.0,803.0,PAL,,5.0,10818.0,10818.0,0.21636,PAL,EP,True,1163.0,12412666.0,29097.0,1163.0,12412666.0,29097.0,10672.97162510748,25.018916595012897
835,VeP,Ventral pallidum,160.0,208.0,176.0,52000.0,803.0,PAL,,5.0,,110352.0,2.20704,PAL,VeP,True,,0.0,0.0,25281.0,377918126.0,705259.0,14948.70163363791,27.896799968355683
1163,VeP_leaf,"Ventral pallidum, leaf",160.0,208.0,176.0,52000.0,835.0,VeP,,6.0,107228.0,107228.0,2.14456,PAL,misc,False,24473.0,365871938.0,683482.0,24473.0,365871938.0,683482.0,14950.024026478159,27.928002288236016
342,SI,Substantia innominata,152.0,208.0,176.0,52100.0,803.0,PAL,,5.0,,74182.0,1.48364,PAL,SI,True,,0.0,0.0,22500.0,349496677.0,609274.0,15533.185644444444,27.078844444444446
2371,SIB,"Substantia innominata, basal part",152.0,208.0,176.0,52110.0,342.0,SI,,6.0,12268.0,12268.0,0.24536,PAL,SIB,False,3398.0,49608585.0,99309.0,3398.0,49608585.0,99309.0,14599.348145968217,29.22572101236021
2027,EA,Extension of the amygdala,152.0,208.0,176.0,52120.0,342.0,SI,,6.0,55530.0,55530.0,1.1106,PAL,EA,False,17587.0,282066662.0,467078.0,17587.0,282066662.0,467078.0,16038.361403309262,26.558139534883722
2013,CB,Cell bridges of the ventral striatum,160.0,228.0,224.0,52130.0,342.0,SI,,6.0,6384.0,6384.0,0.12768,PAL,CB,False,1515.0,17821430.0,42887.0,1515.0,17821430.0,42887.0,11763.320132013201,28.30825082508251
298,MCPO,Magnocellular nucleus,162.0,208.0,176.0,52200.0,835.0,VeP,,6.0,,0.0,0.0,PAL,MCPO,False,,0.0,0.0,0.0,0.0,0.0,,
2028,B,Basal nucleus (Meynert),162.0,208.0,176.0,52210.0,835.0,VeP,,6.0,3124.0,3124.0,0.06248,PAL,B,False,808.0,12046188.0,21777.0,808.0,12046188.0,21777.0,14908.648514851486,26.951732673267326
826,PALm,"Pallidum, medial region",160.0,224.0,176.0,52300.0,803.0,PAL,,5.0,,95750.0,1.915,PAL,PALm,False,,0.0,0.0,21525.0,300462273.0,591311.0,13958.758327526133,27.47089430894309
904,MSC,Medial septal complex,160.0,224.0,176.0,52400.0,826.0,PALm,,6.0,,84720.0,1.6944,PAL,MSC,True,,0.0,0.0,20752.0,293463229.0,568669.0,14141.443186198921,27.40309367771781
1965,MS_leaf,"Medial septal nucleus, leaf",118.0,224.0,176.0,52500.0,564.0,MS,,8.0,13320.0,13320.0,0.2664,PAL,misc,False,4722.0,68572304.0,124262.0,4722.0,68572304.0,124262.0,14521.877170690386,26.315544260906396
564,MS,Medial septal nucleus,118.0,224.0,176.0,52500.0,904.0,MSC,,7.0,,16126.0,0.32252,PAL,MS,False,,0.0,0.0,5408.0,75929186.0,143243.0,14040.160133136094,26.487241124260354
2005,Ld,Lambdoid septal zone,118.0,224.0,176.0,52510.0,564.0,MS,,8.0,2806.0,2806.0,0.05612,PAL,Ld,False,686.0,7356882.0,18981.0,686.0,7356882.0,18981.0,10724.31778425656,27.669096209912535
2280,NDB,Diagonal band nucleus,138.0,224.0,176.0,52600.0,904.0,MSC,,7.0,,68594.0,1.37188,PAL,NDB,False,,0.0,0.0,15344.0,217534043.0,425426.0,14177.140445776851,27.725886339937436
596,VDB,Nucleus of the vertical limb of the diagonal band,138.0,224.0,176.0,52610.0,2280.0,NDB,,8.0,14574.0,14574.0,0.29148,PAL,VDB,False,5402.0,89219053.0,139872.0,5402.0,89219053.0,139872.0,16515.929840799705,25.892632358385782
2293,LDB,Lateral nucleus of the diagnoal band,138.0,224.0,176.0,52620.0,2280.0,NDB,,8.0,19524.0,19524.0,0.39048,PAL,LDB,False,4310.0,60625134.0,120874.0,4310.0,60625134.0,120874.0,14066.156380510442,28.045011600928074
2004,HDB,Nucleus of the horizontal limb of the diagonal band,138.0,224.0,176.0,52630.0,2280.0,NDB,,8.0,34496.0,34496.0,0.68992,PAL,HDB,False,5632.0,67689856.0,164680.0,5632.0,67689856.0,164680.0,12018.795454545454,29.240056818181817
581,TS,Triangular septal nucleus,128.0,224.0,176.0,52700.0,826.0,PALm,,6.0,11030.0,11030.0,0.2206,PAL,TS,True,773.0,6999044.0,22642.0,773.0,6999044.0,22642.0,9054.390685640363,29.291073738680467
809,PALc,"Pallidum, caudal region",160.0,190.0,176.0,52800.0,803.0,PAL,,5.0,,95366.0,1.90732,PAL,PALc,False,,0.0,0.0,25062.0,318970319.0,626144.0,12727.249182028569,24.9838001755646
2308,SM,Nucleus of stria medullaris,160.0,190.0,176.0,52810.0,809.0,PALc,,6.0,1582.0,1582.0,0.03164,PAL,SM,True,442.0,5132121.0,10483.0,442.0,5132121.0,10483.0,11611.133484162896,23.717194570135746
351,ST,Bed nuclei of the stria terminalis,160.0,190.0,160.0,52900.0,809.0,PALc,,6.0,,92844.0,1.85688,PAL,ST,True,,0.0,0.0,24507.0,312798232.0,612935.0,12763.62802464602,25.010609213694046
359,STa,"Bed nuclei of the stria terminalis, anterior division",160.0,190.0,161.0,53000.0,351.0,ST,,7.0,,20538.0,0.41076,PAL,STa,False,,0.0,0.0,4495.0,53089224.0,110649.0,11810.728364849832,24.616017797552836
537,STMAL,"Bed nucleus of the stria terminalis, medial division, anterolateral part",160.0,190.0,161.0,53100.0,359.0,STa,,8.0,1662.0,1662.0,0.03324,PAL,STMAL,False,286.0,3199171.0,7071.0,286.0,3199171.0,7071.0,11185.912587412588,24.723776223776223
498,STMA,"Bed nucleus of the stria terminalis, medial division, anterior part",160.0,190.0,161.0,53200.0,359.0,STa,,8.0,6574.0,6574.0,0.13148,PAL,STMA,False,1373.0,15344911.0,33854.0,1373.0,15344911.0,33854.0,11176.191551347414,24.656955571740713
513,Fu,"Bed nuclei of the stria terminalis, fusiform nucleus",160.0,190.0,161.0,53400.0,359.0,STa,,8.0,622.0,622.0,0.01244,PAL,Fu,False,163.0,1805910.0,3844.0,163.0,1805910.0,3844.0,11079.20245398773,23.58282208588957
546,STLJ,"Bed nucleus of the stria terminalis, lateral division, juxtacapsular part",160.0,190.0,161.0,53500.0,359.0,STa,,8.0,942.0,942.0,0.01884,PAL,J,False,161.0,1779081.0,3849.0,161.0,1779081.0,3849.0,11050.19254658385,23.906832298136646
554,STLD,"Bed nucleus of the stria terminalis, lateral division, dorsal part",160.0,190.0,161.0,53700.0,359.0,STa,,8.0,3264.0,3264.0,0.06528,PAL,D,False,403.0,3751662.0,9892.0,403.0,3751662.0,9892.0,9309.334987593053,24.54590570719603
529,STMPL,"Bed nucleus of the stria terminalis, medial division, posterolateral part",160.0,190.0,161.0,53900.0,359.0,STa,,8.0,7474.0,7474.0,0.14948,PAL,PL,False,2109.0,27208489.0,52139.0,2109.0,27208489.0,52139.0,12901.13276434329,24.722143195827407
2359,STm,"Bed nuclei of the stria terminalis, medial division",160.0,190.0,161.0,53910.0,351.0,ST,,7.0,,19284.0,0.38568,PAL,STm,False,,0.0,0.0,4971.0,57539645.0,121376.0,11575.06437336552,24.416817541742105
2010,STMV,"Bed nucleus of the stria terminalis, medial division, ventral part",160.0,190.0,161.0,53920.0,2359.0,STm,,8.0,7820.0,7820.0,0.1564,PAL,V,False,1956.0,24774538.0,47656.0,1956.0,24774538.0,47656.0,12665.919222903885,24.3640081799591
2025,STMPM,"Bed nucleus of the stria terminalis, medial division, posteromedial part",160.0,190.0,168.0,53930.0,2359.0,STm,,8.0,11464.0,11464.0,0.22928,PAL,PM,False,3015.0,32765107.0,73720.0,3015.0,32765107.0,73720.0,10867.365505804311,24.451077943615257
367,STp,"Bed nuclei of the stria terminalis, posterior division",160.0,190.0,168.0,54000.0,351.0,ST,,7.0,,10486.0,0.20972,PAL,STp,False,,0.0,0.0,2851.0,35013240.0,69752.0,12281.03823219923,24.46580147316731
578,STMAM,"Bed nucleus of the stria terminalis, medial division, anteromedial part",160.0,190.0,168.0,54200.0,367.0,STp,,8.0,612.0,612.0,0.01224,PAL,AM,False,81.0,840529.0,2016.0,81.0,840529.0,2016.0,10376.901234567902,24.88888888888889
585,STMPI,"Bed nucleus of the stria terminalis, medial division, posterointermediate part",160.0,190.0,168.0,54300.0,367.0,STp,,8.0,9874.0,9874.0,0.19748,PAL,PI,False,2770.0,34172711.0,67736.0,2770.0,34172711.0,67736.0,12336.718772563177,24.453429602888086
2360,STl,"Bed nuclei of the stria terminialis, lateral division",160.0,190.0,168.0,54510.0,351.0,ST,,7.0,,19566.0,0.39132,PAL,STl,False,,0.0,0.0,5049.0,70148282.0,126936.0,13893.50009902951,25.140819964349376
2015,STLP,"Bed nuclus of the stria terminalis, lateral division, posterior part",160.0,190.0,168.0,54520.0,2360.0,STl,,8.0,9732.0,9732.0,0.19464,PAL,LP,False,2177.0,30508513.0,55072.0,2177.0,30508513.0,55072.0,14014.016077170418,25.297197978870006
2014,STLV,"Bed nucleus of the stria terminalis, lateral division, ventral part ",160.0,190.0,168.0,54530.0,2360.0,STl,,8.0,7750.0,7750.0,0.155,PAL,LV,False,2440.0,34099539.0,61019.0,2440.0,34099539.0,61019.0,13975.220901639344,25.007786885245903
2022,STLI,"Bed nucleus of the stria terminalis, lateral division, intermediate part",160.0,190.0,168.0,54540.0,2360.0,STl,,8.0,2084.0,2084.0,0.04168,PAL,LI,False,432.0,5540230.0,10845.0,432.0,5540230.0,10845.0,12824.606481481482,25.104166666666668
2049,STIA,"Bed nucleus of the stria terminalis, intraamygdaloid",160.0,190.0,168.0,54550.0,351.0,ST,,7.0,22970.0,22970.0,0.4594,PAL,STIA,False,7141.0,97007841.0,184222.0,7141.0,97007841.0,184222.0,13584.62974373337,25.79778742473043
287,BAC,Bed nucleus of the anterior commissure,160.0,190.0,152.0,54600.0,809.0,PALc,,6.0,940.0,940.0,0.0188,PAL,BAC,True,113.0,1039966.0,2726.0,113.0,1039966.0,2726.0,9203.238938053097,24.123893805309734
512,CBL,Cerebellum,240.0,255.0,160.0,54700.0,8.0,grey,,2.0,,2660406.0,53.20812,,CBL,False,,0.0,0.0,281331.0,1950801770.0,6717710.0,6934.187025247839,23.878314156634
528,CBX,Cerebellar cortex,240.0,240.0,128.0,54800.0,512.0,CBL,,3.0,,2567686.0,51.35372,,CBX,False,,0.0,0.0,267163.0,1838246674.0,6372616.0,6880.6184763608735,23.85291376425628
645,VERM,Vermal regions,240.0,242.0,128.0,54900.0,528.0,CBX,,4.0,,1030764.0,20.61528,VERM,VERM,False,,0.0,0.0,66516.0,363357396.0,1624244.0,5462.7066570449215,24.41884659330086
912,1Cb,Lobule 1 of the cerebellar vermis,240.0,242.0,128.0,55000.0,645.0,VERM,,5.0,,7706.0,0.15412,VERM,1Cb,False,,0.0,0.0,243.0,1003439.0,5364.0,4129.378600823045,22.074074074074073
10707,1Cb-mo,"Lobule 1 of the cerebellar vermis, molecular layer",240.0,242.0,128.0,55100.0,912.0,1Cb,,6.0,3414.0,3414.0,0.06828,VERM,mo,False,87.0,364362.0,1937.0,87.0,364362.0,1937.0,4188.068965517241,22.264367816091955
10705,1Cb-gr,"Lobule 1 of the cerebellar vermis, granular layer",227.0,219.0,97.0,55300.0,912.0,1Cb,,6.0,4292.0,4292.0,0.08584,VERM,gr,False,156.0,639077.0,3427.0,156.0,639077.0,3427.0,4096.647435897436,21.96794871794872
976,2Cb,Lobule 2 of the cerebellar vermis,240.0,242.0,128.0,55500.0,645.0,VERM,,5.0,,84094.0,1.68188,VERM,2Cb,False,,0.0,0.0,6032.0,33340969.0,141689.0,5527.348972148541,23.489555702917773
10710,2Cb-mo,"Lobule 2 of the cerebellar vermis, molecular layer",240.0,242.0,128.0,55600.0,976.0,2Cb,,6.0,48924.0,48924.0,0.97848,VERM,mo,False,3724.0,20070948.0,86770.0,3724.0,20070948.0,86770.0,5389.620837808808,23.300214822771213
10708,2Cb-gr,"Lobule 2 of the cerebellar vermis, granular layer",227.0,219.0,97.0,55800.0,976.0,2Cb,,6.0,35170.0,35170.0,0.7034,VERM,gr,False,2308.0,13270021.0,54919.0,2308.0,13270021.0,54919.0,5749.57582322357,23.795060658578855
984,3Cb,Lobule 3 of the cerebellar vermis,240.0,242.0,128.0,55900.0,645.0,VERM,,5.0,,110064.0,2.20128,VERM,3Cb,False,,0.0,0.0,6120.0,29860468.0,142195.0,4879.161437908497,23.234477124183005
10713,3Cb-mo,"Lobule 3 of the cerebellar vermis, molecular layer",240.0,242.0,128.0,56000.0,984.0,3Cb,,6.0,69064.0,69064.0,1.38128,VERM,mo,False,4524.0,21687890.0,104772.0,4524.0,21687890.0,104772.0,4793.963306808135,23.159151193633953
10711,3Cb-gr,"Lobule 3 of the cerebellar vermis, granular layer",227.0,219.0,97.0,56200.0,984.0,3Cb,,6.0,41000.0,41000.0,0.82,VERM,gr,False,1596.0,8172578.0,37423.0,1596.0,8172578.0,37423.0,5120.662907268171,23.44799498746867
928,CUL,Culmen,240.0,242.0,128.0,56300.0,645.0,VERM,,5.0,,316188.0,6.32376,VERM,CUL,False,,0.0,0.0,19326.0,104279574.0,446975.0,5395.817758460105,23.128169305598675
992,4Cb,Lobule 4 of the cerebellar vermis,240.0,242.0,128.0,56400.0,928.0,CUL,,6.0,304.0,304.0,0.00608,VERM,4,False,2.0,5155.0,39.0,2.0,5155.0,39.0,2577.5,19.5
1001,5Cb,Lobule 5 of the cerebellar vermis,240.0,242.0,128.0,56800.0,928.0,CUL,,6.0,,0.0,0.0,VERM,5,False,,0.0,0.0,0.0,0.0,0.0,,
1091,4/5Cb,Lobules 4 and 5 of the cerebellar vermis,240.0,242.0,128.0,57200.0,928.0,CUL,,6.0,,315884.0,6.31768,VERM,4.5,False,,0.0,0.0,19324.0,104274419.0,446936.0,5396.109449389361,23.12854481473815
10722,4/5Cb-mo,"Lobules 4 and 5 of the cerebellar vermis, molecular layer",240.0,242.0,128.0,57300.0,1091.0,4/5Cb,,7.0,187076.0,187076.0,3.74152,VERM,mo,False,12981.0,69640007.0,299525.0,12981.0,69640007.0,299525.0,5364.764424928742,23.074108312148525
10720,4/5Cb-gr,"Lobules 4 and 5 of the cerebellar vermis, granular layer",227.0,219.0,97.0,57500.0,1091.0,4/5Cb,,7.0,128808.0,128808.0,2.57616,VERM,gr,False,6343.0,34634412.0,147411.0,6343.0,34634412.0,147411.0,5460.257291502444,23.239949550685797
936,6Cb,Lobule 6 of the cerebellar vermis,240.0,242.0,128.0,57600.0,645.0,VERM,,5.0,,219424.0,4.38848,VERM,6Cb,False,,0.0,0.0,10601.0,51137279.0,264653.0,4823.81652674276,24.964908970851805
10725,6Cb-mo,"Lobule 6 of the cerebellar vermis, molecular layer",240.0,242.0,128.0,57700.0,936.0,6Cb,,6.0,152494.0,152494.0,3.04988,VERM,mo,False,8711.0,41866382.0,216192.0,8711.0,41866382.0,216192.0,4806.151073355528,24.818275743313052
10723,6Cb-gr,"Lobule 6 of the cerebellar vermis, granular layer",227.0,219.0,97.0,57900.0,936.0,6Cb,,6.0,66930.0,66930.0,1.3386,VERM,gr,False,1890.0,9270897.0,48461.0,1890.0,9270897.0,48461.0,4905.236507936508,25.64074074074074
944,7Cb,Lobule 7 of the cerebellar vermis,240.0,242.0,128.0,58000.0,645.0,VERM,,5.0,,46130.0,0.9226,VERM,7Cb,False,,0.0,0.0,3912.0,21266256.0,103441.0,5436.159509202454,26.441973415132924
10728,7Cb-mo,"Lobule 7 of the cerebellar vermis, molecular layer",240.0,242.0,128.0,58100.0,944.0,7Cb,,6.0,28854.0,28854.0,0.57708,VERM,mo,False,2237.0,12102711.0,59876.0,2237.0,12102711.0,59876.0,5410.241841752347,26.766204738489048
10726,7Cb-gr,"Lobule 7 of the cerebellar vermis, granular layer",227.0,219.0,97.0,58300.0,944.0,7Cb,,6.0,17276.0,17276.0,0.34552,VERM,gr,False,1675.0,9163545.0,43565.0,1675.0,9163545.0,43565.0,5470.7731343283585,26.008955223880598
951,8Cb,Lobule 8 of the cerebellar vermis,240.0,242.0,128.0,58400.0,645.0,VERM,,5.0,,66714.0,1.33428,VERM,8Cb,False,,0.0,0.0,6229.0,38213049.0,171194.0,6134.7004334564135,27.483384170813935
10731,8Cb-mo,"Lobule 8 of the cerebellar vermis, molecular layer",240.0,242.0,128.0,58500.0,951.0,8Cb,,6.0,37274.0,37274.0,0.74548,VERM,mo,False,4026.0,23953605.0,109261.0,4026.0,23953605.0,109261.0,5949.7280178837555,27.138847491306507
10729,8Cb-gr,"Lobule 8 of the cerebellar vermis, granular layer",227.0,219.0,97.0,58700.0,951.0,8Cb,,6.0,29440.0,29440.0,0.5888,VERM,gr,False,2203.0,14259444.0,61933.0,2203.0,14259444.0,61933.0,6472.73899228325,28.113027689514297
957,9Cb,Lobule 9 of the cerebellar vermis,240.0,242.0,128.0,58800.0,645.0,VERM,,5.0,,111286.0,2.22572,VERM,9Cb,False,,0.0,0.0,9756.0,61915209.0,249027.0,6346.372386223862,25.525522755227552
10734,9Cb-mo,"Lobule 9 of the cerebellar vermis, molecular layer",240.0,242.0,128.0,58900.0,957.0,9Cb,,6.0,60420.0,60420.0,1.2084,VERM,mo,False,7711.0,48497166.0,194077.0,7711.0,48497166.0,194077.0,6289.348463234341,25.168849695240567
10732,9Cb-gr,"Lobule 9 of the cerebellar vermis, granular layer",227.0,219.0,97.0,59100.0,957.0,9Cb,,6.0,50866.0,50866.0,1.01732,VERM,gr,False,2045.0,13418043.0,54950.0,2045.0,13418043.0,54950.0,6561.3902200489,26.87041564792176
968,10Cb,Lobule 10 of the cerebellar vermis,240.0,242.0,128.0,59200.0,645.0,VERM,,5.0,,69158.0,1.38316,VERM,10Cb,False,,0.0,0.0,4297.0,22341153.0,99706.0,5199.24435652781,23.20363043984175
10737,10Cb-mo,"Lobule 10 of the cerebellar vermis, molecular layer",240.0,242.0,128.0,59300.0,968.0,10Cb,,6.0,34412.0,34412.0,0.68824,VERM,mo,False,2665.0,13156785.0,60850.0,2665.0,13156785.0,60850.0,4936.879924953096,22.833020637898688
10735,10Cb-gr,"Lobule 10 of the cerebellar vermis, granular layer",227.0,219.0,97.0,59500.0,968.0,10Cb,,6.0,34746.0,34746.0,0.69492,VERM,gr,False,1632.0,9184368.0,38856.0,1632.0,9184368.0,38856.0,5627.676470588235,23.808823529411764
1073,HEM,Hemispheric regions,240.0,241.0,128.0,59600.0,528.0,CBX,,4.0,,1536922.0,30.73844,HEM,HEM,False,,0.0,0.0,200647.0,1474889278.0,4748372.0,7350.66698231222,23.665302745617925
1007,Sim,Simple lobule,240.0,241.0,128.0,59700.0,1073.0,HEM,,5.0,,267154.0,5.34308,HEM,Sim,False,,0.0,0.0,33712.0,224797884.0,792089.0,6668.185927859516,23.49575818699573
10674,Sim-mo,"Simple lobule, molecular layer",240.0,241.0,128.0,59800.0,1007.0,Sim,,6.0,172092.0,172092.0,3.44184,HEM,mo,False,23674.0,155763609.0,556706.0,23674.0,155763609.0,556706.0,6579.522218467517,23.515502238742926
10672,Sim-gr,"Simple lobule, granular layer",227.0,219.0,97.0,60000.0,1007.0,Sim,,6.0,95062.0,95062.0,1.90124,HEM,gr,False,10038.0,69034275.0,235383.0,10038.0,69034275.0,235383.0,6877.293783622235,23.449193066347878
1056,Crus1,Crus 1 of the ansiform lobule,240.0,241.0,128.0,60200.0,1073.0,HEM,,5.0,,265348.0,5.30696,HEM,Crus1,False,,0.0,0.0,42999.0,316149288.0,1024926.0,7352.48001116305,23.83604269866741
10677,Crus1-mo,"Crus 1 of the ansiform lobule, molecular layer",240.0,241.0,128.0,60300.0,1056.0,Crus1,,6.0,189680.0,189680.0,3.7936,HEM,mo,False,36066.0,263265851.0,859450.0,36066.0,263265851.0,859450.0,7299.557782953474,23.829922919092773
10675,Crus1-gr,"Crus 1 of the ansiform lobule, granular layer",227.0,219.0,97.0,60500.0,1056.0,Crus1,,6.0,75668.0,75668.0,1.51336,HEM,gr,False,6933.0,52883437.0,165476.0,6933.0,52883437.0,165476.0,7627.785518534545,23.867878263378046
1064,Crus2,Crus 2 of the ansiform lobule,240.0,241.0,128.0,60600.0,1073.0,HEM,,5.0,,308184.0,6.16368,HEM,Crus2,False,,0.0,0.0,48379.0,349719293.0,1153552.0,7228.741664771906,23.84406457347196
10680,Crus2-mo,"Crus 2 of the ansiform lobule, molecular layer",240.0,241.0,128.0,60700.0,1064.0,Crus2,,6.0,220886.0,220886.0,4.41772,HEM,mo,False,41222.0,292011547.0,981839.0,41222.0,292011547.0,981839.0,7083.876255397603,23.818325166173402
10678,Crus2-gr,"Crus 2 of the ansiform lobule, granular layer",227.0,219.0,97.0,60900.0,1064.0,Crus2,,6.0,87298.0,87298.0,1.74596,HEM,gr,False,7157.0,57707746.0,171713.0,7157.0,57707746.0,171713.0,8063.119463462344,23.992315215872573
1025,PM,Paramedian lobule,240.0,241.0,128.0,61000.0,1073.0,HEM,,5.0,,240934.0,4.81868,HEM,PM,False,,0.0,0.0,34487.0,246499688.0,825236.0,7147.611795749123,23.928900745208338
10683,PM-mo,"Paramedian lobule, molecular layer",240.0,241.0,128.0,61100.0,1025.0,PM,,6.0,165148.0,165148.0,3.30296,HEM,mo,False,26431.0,190759073.0,628259.0,26431.0,190759073.0,628259.0,7217.247663728198,23.76977791229995
10681,PM-gr,"Paramedian lobule, granular layer",227.0,219.0,97.0,61300.0,1025.0,PM,,6.0,75786.0,75786.0,1.51572,HEM,gr,False,8056.0,55740615.0,196977.0,8056.0,55740615.0,196977.0,6919.142874875869,24.4509682224429
1033,Cop,Copula of the pyramis,240.0,241.0,128.0,61400.0,1073.0,HEM,,5.0,,101466.0,2.02932,HEM,Cop,False,,0.0,0.0,9231.0,60050996.0,219321.0,6505.361932618352,23.75918102047449
10686,Cop-mo,"Copula of the pyramis, molecular layer",240.0,241.0,128.0,61500.0,1033.0,Cop,,6.0,64568.0,64568.0,1.29136,HEM,mo,False,7673.0,49741680.0,180674.0,7673.0,49741680.0,180674.0,6482.689951778965,23.54672227290499
10684,Cop-gr,"Copula of the pyramis, granular layer",227.0,219.0,97.0,61700.0,1033.0,Cop,,6.0,36898.0,36898.0,0.73796,HEM,gr,False,1558.0,10309316.0,38647.0,1558.0,10309316.0,38647.0,6617.0192554557125,24.805519897304237
1041,PFl,Paraflocculus,240.0,241.0,128.0,61800.0,1073.0,HEM,,5.0,,288372.0,5.76744,HEM,PFl,False,,0.0,0.0,23182.0,205108401.0,539882.0,8847.743982400138,23.28884479337417
10689,PFl-mo,"Paraflocculus, molecular layer",240.0,241.0,128.0,61900.0,1041.0,PFl,,6.0,152646.0,152646.0,3.05292,HEM,mo,False,14460.0,122859321.0,333034.0,14460.0,122859321.0,333034.0,8496.495228215768,23.0313969571231
10687,PFl-gr,"Paraflocculus, granular layer",227.0,219.0,97.0,62100.0,1041.0,PFl,,6.0,135726.0,135726.0,2.71452,HEM,gr,False,8722.0,82249080.0,206848.0,8722.0,82249080.0,206848.0,9430.07108461362,23.715661545517083
1049,Fl,Flocculus,240.0,241.0,128.0,62200.0,1073.0,HEM,,5.0,,65464.0,1.30928,HEM,Fl,False,,0.0,0.0,8657.0,72563728.0,193366.0,8382.087097146818,22.33637518770937
10692,Fl-mo,"Flocculus, molecular layer",240.0,241.0,128.0,62300.0,1049.0,Fl,,6.0,35672.0,35672.0,0.71344,HEM,mo,False,4072.0,33961263.0,91601.0,4072.0,33961263.0,91601.0,8340.192288801572,22.49533398821218
10690,Fl-gr,"Flocculus, granular layer",227.0,219.0,97.0,62500.0,1049.0,Fl,,6.0,29792.0,29792.0,0.59584,HEM,gr,False,4585.0,38602465.0,101765.0,4585.0,38602465.0,101765.0,8419.294438386041,22.195201744820064
519,CBN,Cerebellar nuclei,240.0,240.0,144.0,62900.0,512.0,CBL,,3.0,,92720.0,1.8544,,CBN,False,,0.0,0.0,14168.0,112555096.0,345094.0,7944.317899491813,24.357284020327498
989,Med,Medial cerebellar nucleus,240.0,240.0,82.0,63000.0,519.0,CBN,,4.0,,25178.0,0.50356,Med,Med,False,,0.0,0.0,1434.0,10859378.0,37050.0,7572.788005578801,25.83682008368201
2196,Med_leaf,"Medial cerebellar nucleus, leaf",240.0,240.0,82.0,63000.0,989.0,Med,,5.0,16030.0,16030.0,0.3206,Med,misc,False,989.0,7573936.0,25370.0,989.0,7573936.0,25370.0,7658.17593528817,25.652173913043477
2244,MedDL,"Medial cerebellar nucleus, dorsolateral protuberance",240.0,240.0,82.0,63010.0,989.0,Med,,5.0,6976.0,6976.0,0.13952,Med,MedDL,False,155.0,1008603.0,4058.0,155.0,1008603.0,4058.0,6507.116129032258,26.18064516129032
2245,MedL,"Medial cerebellar nucleus, lateral part",240.0,240.0,82.0,63020.0,989.0,Med,,5.0,2172.0,2172.0,0.04344,Med,MedL,False,290.0,2276839.0,7622.0,290.0,2276839.0,7622.0,7851.168965517241,26.282758620689656
91,Int,Interposed cerebellar nucleus,240.0,240.0,82.0,63100.0,519.0,CBN,,4.0,,46518.0,0.93036,Int,Int,False,,0.0,0.0,8523.0,68049190.0,207891.0,7984.1827994837495,24.391763463569166
2239,IntA,"Interposed cerebellar nucleus, anterior part",240.0,240.0,82.0,63110.0,91.0,Int,,5.0,19562.0,19562.0,0.39124,Int,IntA,False,2992.0,22866084.0,72353.0,2992.0,22866084.0,72353.0,7642.4077540106955,24.182152406417114
2240,IntDL,"Interposed cerebellar nucleus, dorsolateral hump",240.0,240.0,82.0,63120.0,91.0,Int,,5.0,4464.0,4464.0,0.08928,Int,IntDL,False,805.0,5784473.0,19726.0,805.0,5784473.0,19726.0,7185.680745341615,24.504347826086956
2241,IntP,"Interposed cerebellar nucleus, posterior part",240.0,240.0,82.0,63130.0,91.0,Int,,5.0,18432.0,18432.0,0.36864,Int,IntP,False,3965.0,32184186.0,97236.0,3965.0,32184186.0,97236.0,8117.070870113493,24.52358133669609
2242,IntPPC,"Interposed cerebellar nucleus, posterior parvicellular",240.0,240.0,82.0,63140.0,91.0,Int,,5.0,4060.0,4060.0,0.0812,Int,IntPPC,False,761.0,7214447.0,18576.0,761.0,7214447.0,18576.0,9480.219448094613,24.40998685939553
2281,DN,Dentate nucleus ,240.0,240.0,82.0,63200.0,519.0,CBN,,4.0,,21024.0,0.42048,DN,DN,False,,0.0,0.0,4211.0,33646528.0,100153.0,7990.151507955355,23.78366183804322
846,Lat,Lateral (dentate) cerebellar nucleus,240.0,240.0,82.0,63210.0,2281.0,DN,,5.0,18326.0,18326.0,0.36652,DN,Lat,False,3562.0,27115712.0,84482.0,3562.0,27115712.0,84482.0,7612.496350364963,23.717574396406512
2247,LatPC,"Lateral cerebellar nucleus, parvicellular part",240.0,240.0,82.0,63220.0,2281.0,DN,,5.0,2698.0,2698.0,0.05396,DN,LatPC,False,649.0,6530816.0,15671.0,649.0,6530816.0,15671.0,10062.890600924498,24.146379044684128
343,BS,Brain stem,144.0,96.0,128.0,63300.0,8.0,grey,,2.0,,5635768.0,112.71536,,BS,False,,0.0,0.0,1013381.0,10626654668.0,26230927.0,10486.336992700672,25.884565627340557
1129,IB,Interbrain,255.0,95.0,95.0,63400.0,343.0,BS,,3.0,,1827428.0,36.54856,,IB,False,,0.0,0.0,336832.0,3552450982.0,8525092.0,10546.655252470075,25.309626163784912
549,TH,Thalamus,255.0,112.0,128.0,63500.0,1129.0,IB,,4.0,,1034512.0,20.69024,TH,TH,False,,0.0,0.0,143594.0,1316616835.0,3664155.0,9169.024019109434,25.51746591083193
1378,TH_leaf,"Thalamus, leaf",255.0,112.0,128.0,63500.0,549.0,TH,,5.0,850.0,850.0,0.017,TH,misc,False,213.0,2160473.0,5180.0,213.0,2160473.0,5180.0,10143.06572769953,24.31924882629108
2414,PVG,Periventricular gray ,255.0,112.0,128.0,63510.0,549.0,TH,,5.0,15074.0,15074.0,0.30148,TH,PVG,True,2599.0,19621985.0,68157.0,2599.0,19621985.0,68157.0,7549.821085032705,26.224317045017315
864,DORsm,"Thalamus, sensory-motor cortex related",255.0,128.0,176.0,63600.0,549.0,TH,,5.0,,357508.0,7.15016,TH,DORsm,False,,0.0,0.0,32454.0,292563598.0,824231.0,9014.716152092193,25.39690022801504
2115,Eth,Ethmoid thalamic nucleus,255.0,131.0,130.0,63610.0,864.0,DORsm,,6.0,4078.0,4078.0,0.08156,TH,Eth,True,956.0,8320457.0,23759.0,956.0,8320457.0,23759.0,8703.40690376569,24.852510460251047
2116,REth,Retroethmoid nucleus,255.0,131.0,130.0,63620.0,864.0,DORsm,,6.0,2536.0,2536.0,0.05072,TH,REth,True,796.0,9020982.0,20209.0,796.0,9020982.0,20209.0,11332.891959798995,25.38819095477387
2117,Sc,Scaphoid thalamic nucleus,255.0,131.0,130.0,63630.0,864.0,DORsm,,6.0,404.0,404.0,0.00808,TH,Sc,True,59.0,336624.0,1347.0,59.0,336624.0,1347.0,5705.4915254237285,22.83050847457627
2120,PIL,Posterior intralaminar thalamic nucleus,255.0,108.0,144.0,63640.0,864.0,DORsm,,6.0,6248.0,6248.0,0.12496,TH,PIL,True,1972.0,21569099.0,50634.0,1972.0,21569099.0,50634.0,10937.676977687626,25.676470588235293
637,VENT,Ventral group thalamic nucleus,255.0,108.0,160.0,63700.0,864.0,DORsm,,6.0,,253340.0,5.0668,TH,VENT,False,,0.0,0.0,19007.0,170046515.0,472114.0,8946.52049245015,24.838954069553324
629,VL,Ventrolateral thalamic nucleus,255.0,108.0,161.0,63800.0,637.0,VENT,,7.0,55346.0,55346.0,1.10692,TH,VL,True,2820.0,22832977.0,69442.0,2820.0,22832977.0,69442.0,8096.800354609929,24.624822695035462
2316,VA,Ventral anterior thalamic nucleus,255.0,108.0,161.0,63810.0,637.0,VENT,,7.0,10374.0,10374.0,0.20748,TH,VA,True,1677.0,15569235.0,41150.0,1677.0,15569235.0,41150.0,9283.980322003577,24.537865235539655
685,VM,Ventromedial thalamic nucleus,255.0,108.0,162.0,63900.0,637.0,VENT,,7.0,46512.0,46512.0,0.93024,TH,VM,True,6827.0,71677982.0,172723.0,6827.0,71677982.0,172723.0,10499.191738684634,25.29998535227772
709,VP,Ventral posterior thalamic nucleus,255.0,108.0,144.0,64000.0,637.0,VENT,,7.0,,141108.0,2.82216,TH,VP,True,,0.0,0.0,7683.0,59966321.0,188799.0,7805.065859690225,24.573604060913706
718,VPL,Ventral posterolateral thalamic nucleus,255.0,108.0,145.0,64100.0,709.0,VP,,8.0,33916.0,33916.0,0.67832,TH,L,False,1660.0,18071132.0,40901.0,1660.0,18071132.0,40901.0,10886.224096385542,24.639156626506026
2515,VPM_leaf,"Ventral posteromedial thalamic nucleus, leaf",255.0,108.0,147.0,64200.0,733.0,VPM,,9.0,56248.0,56248.0,1.12496,TH,misc,False,2549.0,17124837.0,62352.0,2549.0,17124837.0,62352.0,6718.256963515104,24.461357395056886
733,VPM,Ventral posteromedial thalamic nucleus,255.0,108.0,147.0,64200.0,709.0,VP,,8.0,,95230.0,1.9046,TH,M,False,,0.0,0.0,4161.0,27376450.0,101299.0,6579.29584234559,24.344869021869744
2362,VPMd,"Ventral posteromedial nucleus of the thalamus, dorsal part",255.0,108.0,147.0,64210.0,733.0,VPM,,9.0,20988.0,20988.0,0.41976,TH,d,False,678.0,3857926.0,16249.0,678.0,3857926.0,16249.0,5690.1563421828905,23.966076696165192
2363,VPMv,"Ventral posteromedial nucleus of the thalamus, ventral part",255.0,108.0,147.0,64220.0,733.0,VPM,,9.0,17994.0,17994.0,0.35988,TH,v,False,934.0,6393687.0,22698.0,934.0,6393687.0,22698.0,6845.489293361884,24.301927194860813
2361,VPPC,"Ventral posterior nucleus of the thalamus, parvicellular",255.0,108.0,147.0,64230.0,709.0,VP,,8.0,11962.0,11962.0,0.23924,TH,PC,False,1862.0,14518739.0,46599.0,1862.0,14518739.0,46599.0,7797.389366272825,25.026315789473685
420,SPF_leaf,"Subparafascicular thalamic nucleus, leaf",255.0,112.0,165.0,64500.0,406.0,SPF,,7.0,2000.0,2000.0,0.04,TH,misc,False,509.0,5020591.0,13617.0,509.0,5020591.0,13617.0,9863.636542239685,26.7524557956778
406,SPF,Subparafascicular thalamic nucleus,255.0,112.0,165.0,64500.0,864.0,DORsm,,6.0,,4122.0,0.08244,TH,SPF,True,,0.0,0.0,1085.0,11383637.0,28296.0,10491.83133640553,26.07926267281106
422,SPFPC,"Subparafascicular thalamic nucleus, parvicellular part",255.0,110.0,165.0,64700.0,406.0,SPF,,7.0,2122.0,2122.0,0.04244,TH,SPFPC,False,576.0,6363046.0,14679.0,576.0,6363046.0,14679.0,11046.954861111111,25.484375
1044,PP,Peripeduncular nucleus,255.0,112.0,163.0,64900.0,864.0,DORsm,,6.0,4780.0,4780.0,0.0956,TH,PP,True,1355.0,15416732.0,35522.0,1355.0,15416732.0,35522.0,11377.661992619926,26.21549815498155
2158,SubB,Subbrachial nucleus,255.0,112.0,160.0,64910.0,864.0,DORsm,,6.0,14066.0,14066.0,0.28132,TH,SubB,True,3251.0,29789191.0,88845.0,3251.0,29789191.0,88845.0,9163.085512150108,27.328514303291296
1008,GENd,Geniculate group of the thalamus,255.0,112.0,160.0,65000.0,864.0,DORsm,,6.0,,67934.0,1.35868,TH,GENd,False,,0.0,0.0,3973.0,26680361.0,103505.0,6715.419330480745,26.052101686383086
1341,MG_leaf,"Medial geniculate nucleus, leaf",255.0,112.0,162.0,65100.0,475.0,MG,,8.0,1678.0,1678.0,0.03356,TH,misc,False,141.0,996390.0,3962.0,141.0,996390.0,3962.0,7066.595744680851,28.099290780141843
475,MG,Medial geniculate nucleus,255.0,112.0,162.0,65100.0,1008.0,GENd,,7.0,,31066.0,0.62132,TH,MG,True,,0.0,0.0,2868.0,19076611.0,75146.0,6651.538005578801,26.201534170153415
1072,MGD,"Medial geniculate nucleus, dorsal part",255.0,112.0,162.0,65200.0,475.0,MG,,8.0,4958.0,4958.0,0.09916,TH,D,False,494.0,3285995.0,12645.0,494.0,3285995.0,12645.0,6651.811740890688,25.597165991902834
1079,MGV,"Medial geniculate nucleus, ventral part",255.0,112.0,162.0,65300.0,475.0,MG,,8.0,15732.0,15732.0,0.31464,TH,V,False,1097.0,6356040.0,28554.0,1097.0,6356040.0,28554.0,5794.020054694622,26.029170464904283
1088,MGM,"Medial geniculate nucleus, medial part",255.0,112.0,162.0,65400.0,475.0,MG,,8.0,2986.0,2986.0,0.05972,TH,M,False,381.0,2685566.0,9659.0,381.0,2685566.0,9659.0,7048.729658792651,25.35170603674541
2126,MZMG,Marginal zone of the medial geniculate,255.0,112.0,162.0,65410.0,475.0,MG,,8.0,5712.0,5712.0,0.11424,TH,MG,False,755.0,5752620.0,20326.0,755.0,5752620.0,20326.0,7619.364238410596,26.92185430463576
170,DLG,Dorsal lateral geniculate nucleus,255.0,112.0,161.0,65500.0,1008.0,GENd,,7.0,36868.0,36868.0,0.73736,TH,DLG,True,1105.0,7603750.0,28359.0,1105.0,7603750.0,28359.0,6881.221719457014,25.66425339366516
856,DORpm,"Thalamus, polymodal association cortex related",255.0,136.0,176.0,65600.0,549.0,TH,,5.0,,661080.0,13.2216,TH,DORpm,False,,0.0,0.0,108328.0,1002270779.0,2766587.0,9252.185759914335,25.538983457647145
138,LAT,Lateral group of the dorsal thalamus,255.0,130.0,130.0,65700.0,856.0,DORpm,,6.0,,154236.0,3.08472,TH,LAT,False,,0.0,0.0,15206.0,109848096.0,370814.0,7223.996843351309,24.386031829540972
218,LP,Lateral posterior thalamic nucleus,255.0,135.0,130.0,65800.0,138.0,LAT,,7.0,,53846.0,1.07692,TH,LP,True,,0.0,0.0,4387.0,29259672.0,105929.0,6669.631183040802,24.146113517209937
2069,LPMR,"Lateral posterior thalamic nucleus, mediorostral part",255.0,135.0,130.0,65810.0,218.0,LP,,8.0,29720.0,29720.0,0.5944,TH,MR,False,3012.0,20629117.0,72786.0,3012.0,20629117.0,72786.0,6848.976427622842,24.165338645418327
2070,LPMC,"Lateral posterior thalamic nucleus, mediocaudal part",255.0,135.0,130.0,65820.0,218.0,LP,,8.0,3642.0,3642.0,0.07284,TH,MC,False,388.0,2753963.0,9478.0,388.0,2753963.0,9478.0,7097.842783505154,24.427835051546392
2071,LPLR,"Lateral posterior thalamic nucleus, laterorostral part",255.0,135.0,130.0,65830.0,218.0,LP,,8.0,19124.0,19124.0,0.38248,TH,LR,False,879.0,5107307.0,20901.0,879.0,5107307.0,20901.0,5810.3606370876,23.77815699658703
2127,LPLC,"Lateral posterior thalamic nucleus, laterocaudal part",255.0,135.0,130.0,65840.0,218.0,LP,,8.0,1360.0,1360.0,0.0272,TH,LC,False,108.0,769285.0,2764.0,108.0,769285.0,2764.0,7123.009259259259,25.59259259259259
2094,IMA,Intramedullary thalamic area,255.0,135.0,130.0,65850.0,138.0,LAT,,7.0,1948.0,1948.0,0.03896,TH,IMA,True,50.0,235868.0,1182.0,50.0,235868.0,1182.0,4717.36,23.64
1969,Po_leaf,"Posterior thalamic nuclear group, leaf",255.0,134.0,130.0,65900.0,1020.0,Po,,8.0,81990.0,81990.0,1.6398,TH,misc,False,7328.0,51705777.0,177840.0,7328.0,51705777.0,177840.0,7055.919350436681,24.268558951965066
1020,Po,Posterior thalamic nuclear group,255.0,134.0,130.0,65900.0,138.0,LAT,,7.0,,94406.0,1.88812,TH,Po,True,,0.0,0.0,10056.0,75263612.0,245992.0,7484.448289578361,24.462211614956246
2055,Ang,Angular thalamic nucleus,255.0,134.0,130.0,65910.0,1020.0,Po,,8.0,2580.0,2580.0,0.0516,TH,Ang,False,197.0,1223868.0,4811.0,197.0,1223868.0,4811.0,6212.527918781726,24.421319796954315
2128,PoT,"Posterior thalamic nuclear group, triangular part",255.0,134.0,130.0,65920.0,1020.0,Po,,8.0,9836.0,9836.0,0.19672,TH,PoT,False,2531.0,22333967.0,63341.0,2531.0,22333967.0,63341.0,8824.167127617542,25.026076649545633
1029,PLi,Posterior limitans thalamic nucleus,255.0,133.0,130.0,66000.0,138.0,LAT,,7.0,1628.0,1628.0,0.03256,TH,PLi,True,289.0,2021251.0,6963.0,289.0,2021251.0,6963.0,6993.948096885813,24.093425605536332
325,SG,Suprageniculate thalamic nucleus,255.0,131.0,130.0,66100.0,138.0,LAT,,7.0,2408.0,2408.0,0.04816,TH,SG,True,424.0,3067693.0,10748.0,424.0,3067693.0,10748.0,7235.125,25.349056603773583
239,ATN,Anterior group of the dorsal thalamus,255.0,136.0,136.0,66200.0,856.0,DORpm,,6.0,,113590.0,2.2718,TH,ATN,False,,0.0,0.0,24173.0,259184130.0,602243.0,10722.050635005999,24.913870847639927
1960,AV_leaf,"Anteroventral thalamic nucleus, leaf",255.0,136.0,133.0,66300.0,255.0,AV,,8.0,9728.0,9728.0,0.19456,TH,misc,False,3524.0,45533855.0,86407.0,3524.0,45533855.0,86407.0,12921.071225879683,24.519580022701476
255,AV,Anteroventral thalamic nucleus,255.0,136.0,133.0,66300.0,239.0,ATN,,7.0,,21698.0,0.43396,TH,AV,True,,0.0,0.0,9254.0,118914508.0,224311.0,12850.065701318348,24.239355954181974
2035,AVVL,"Anteroventral thalamic nucleus, ventrolateral part",255.0,136.0,133.0,66310.0,255.0,AV,,8.0,7172.0,7172.0,0.14344,TH,VL,False,3633.0,48311012.0,86952.0,3633.0,48311012.0,86952.0,13297.82879163226,23.933938893476466
2036,AVDM,"Anterovent thalamic nucleus, dorsomedial part",255.0,136.0,133.0,66320.0,255.0,AV,,8.0,4798.0,4798.0,0.09596,TH,DM,False,2097.0,25069641.0,50952.0,2097.0,25069641.0,50952.0,11955.002861230329,24.297567954220316
1096,AM,Anteromedial thalamic nucleus,255.0,136.0,134.0,66400.0,239.0,ATN,,7.0,,23324.0,0.46648,TH,AM,True,,0.0,0.0,5337.0,54148937.0,138571.0,10145.950346636688,25.964212104178376
1124,AM_leaf,"Anteromedial thalamic nucleus, leaf",255.0,136.0,134.0,66400.0,1096.0,AM,,8.0,22044.0,22044.0,0.44088,TH,misc,False,5091.0,51450487.0,132086.0,5091.0,51450487.0,132086.0,10106.165193478688,25.94500098212532
1104,AMV,"Anteromedial thalamic nucleus, ventral part",255.0,136.0,134.0,66600.0,1096.0,AM,,8.0,1280.0,1280.0,0.0256,TH,V,False,246.0,2698450.0,6485.0,246.0,2698450.0,6485.0,10969.30894308943,26.36178861788618
64,AD,Anterodorsal thalamic nucleus,255.0,136.0,135.0,66700.0,239.0,ATN,,7.0,9882.0,9882.0,0.19764,TH,AD,True,2547.0,29443621.0,64461.0,2547.0,29443621.0,64461.0,11560.11817824892,25.308598351001176
1120,IAM,Interanteromedial thalamic nucleus,255.0,136.0,129.0,66800.0,239.0,ATN,,7.0,4290.0,4290.0,0.0858,TH,IAM,True,799.0,5957870.0,20601.0,799.0,5957870.0,20601.0,7456.65832290363,25.783479349186482
1113,IAD,Interanterodorsal thalamic nucleus,255.0,144.0,159.0,66900.0,239.0,ATN,,7.0,4888.0,4888.0,0.09776,TH,IAD,True,1607.0,16561535.0,42311.0,1607.0,16561535.0,42311.0,10305.871188550092,26.32918481642813
2282,LD,Lateral dorsal nucleus of thalamus,255.0,136.0,128.0,67000.0,239.0,ATN,,7.0,,49508.0,0.99016,TH,LD,True,,0.0,0.0,4629.0,34157659.0,111988.0,7379.057895873839,24.192698206956145
155,LDVL,"Laterodorsal thalamic nucleus, ventrolateral part",255.0,136.0,128.0,67010.0,2282.0,LD,,8.0,30004.0,30004.0,0.60008,TH,VL,False,2132.0,16184648.0,51965.0,2132.0,16184648.0,51965.0,7591.298311444653,24.373827392120074
2046,LDDM,"Laterodorsal thalamic nucleus, dorsomedial part",255.0,136.0,128.0,67020.0,2282.0,LD,,8.0,19504.0,19504.0,0.39008,TH,DM,False,2497.0,17973011.0,60023.0,2497.0,17973011.0,60023.0,7197.841810172206,24.038045654785744
444,MED,Medial group of the dorsal thalamus,255.0,144.0,176.0,67100.0,856.0,DORpm,,6.0,,79386.0,1.58772,TH,MED,False,,0.0,0.0,10504.0,81444826.0,287603.0,7753.6963061690785,27.380331302361004
59,IMD,Intermediodorsal thalamic nucleus,255.0,144.0,164.0,67200.0,444.0,MED,,7.0,5482.0,5482.0,0.10964,TH,IMD,True,845.0,5758747.0,23569.0,845.0,5758747.0,23569.0,6815.085207100592,27.892307692307693
2091,PoMn,Posteromedian thalamic nucleus,255.0,144.0,164.0,67210.0,444.0,MED,,7.0,1140.0,1140.0,0.0228,TH,PoMn,True,207.0,1483642.0,5930.0,207.0,1483642.0,5930.0,7167.352657004831,28.647342995169083
362,MD,Mediodorsal thalamic nucleus,255.0,144.0,163.0,67300.0,444.0,MED,,7.0,,57842.0,1.15684,TH,MD,True,,0.0,0.0,8282.0,66359644.0,227629.0,8012.514368510022,27.4847862835064
641,MD_leaf,"Mediodorsal thalamic nucleus, leaf",255.0,144.0,163.0,67300.0,362.0,MD,,8.0,7722.0,7722.0,0.15444,TH,misc,False,1461.0,12402214.0,38216.0,1461.0,12402214.0,38216.0,8488.852840520192,26.157426420260094
617,MDC,"Mediodorsal thalamic nucleus, central part",255.0,144.0,163.0,67400.0,362.0,MD,,8.0,9784.0,9784.0,0.19568,TH,C,False,1412.0,11519990.0,39538.0,1412.0,11519990.0,39538.0,8158.633144475921,28.0014164305949
626,MDL,"Mediodorsal thalamic nucleus, lateral part ",255.0,144.0,163.0,67500.0,362.0,MD,,8.0,17184.0,17184.0,0.34368,TH,L,False,2402.0,18976207.0,66233.0,2402.0,18976207.0,66233.0,7900.169442131557,27.574104912572857
636,MDM,"Mediodorsal thalamic nucleus, medial part",255.0,144.0,163.0,67600.0,362.0,MD,,8.0,23152.0,23152.0,0.46304,TH,M,False,3007.0,23461233.0,83642.0,3007.0,23461233.0,83642.0,7802.205853009644,27.815763219155304
366,Sub,Submedius thalamic nucleus,255.0,144.0,161.0,67700.0,444.0,MED,,7.0,,14922.0,0.29844,TH,Sub,True,,0.0,0.0,1170.0,7842793.0,30475.0,6703.2418803418805,26.04700854700855
2514,Sub_leaf,"Submedius thalamic nucleus, leaf",255.0,144.0,161.0,67700.0,366.0,Sub,,8.0,3290.0,3290.0,0.0658,TH,misc,False,265.0,1981714.0,7096.0,265.0,1981714.0,7096.0,7478.166037735849,26.777358490566037
2377,SubD,"Submedius thalamic nucleus, dorsal part",255.0,144.0,161.0,67710.0,366.0,Sub,,8.0,4422.0,4422.0,0.08844,TH,D,False,271.0,1571059.0,6934.0,271.0,1571059.0,6934.0,5797.265682656826,25.58671586715867
2378,SubV,"Submedius thalamic nucleus, ventral part",255.0,144.0,161.0,67720.0,366.0,Sub,,8.0,7210.0,7210.0,0.1442,TH,V,False,634.0,4290020.0,16445.0,634.0,4290020.0,16445.0,6766.5930599369085,25.938485804416406
571,MTN,Midline group of the dorsal thalamus,255.0,134.0,134.0,67900.0,856.0,DORpm,,6.0,,72766.0,1.45532,TH,MTN,False,,0.0,0.0,16150.0,149993211.0,413487.0,9287.5053250774,25.602910216718268
884,MTN_leaf,"Midline group of the dorsal thalamus, leaf",255.0,134.0,134.0,67900.0,571.0,MTN,,7.0,1796.0,1796.0,0.03592,TH,misc,False,473.0,4435816.0,11858.0,473.0,4435816.0,11858.0,9378.046511627907,25.069767441860463
149,PVT,Paraventricular nucleus of the thalamus,255.0,133.0,133.0,68000.0,571.0,MTN,,7.0,,23238.0,0.46476,TH,PVT,True,,0.0,0.0,6753.0,69008770.0,173936.0,10218.979712720273,25.756848807937214
3001,PVA,"Paraventricular thalamic nucleus, anterior part",255.0,133.0,133.0,68010.0,149.0,PVT,,8.0,11120.0,11120.0,0.2224,TH,PVA,False,3886.0,40712201.0,97739.0,3886.0,40712201.0,97739.0,10476.634328358208,25.1515697375193
2089,PV,"Paraventricular thalamic nucleus, intermediate part",255.0,133.0,133.0,68020.0,149.0,PVT,,8.0,7846.0,7846.0,0.15692,TH,PV,False,2211.0,22230167.0,58083.0,2211.0,22230167.0,58083.0,10054.34961555857,26.27001356852103
2090,PVP,"Paraventricular thalamic nucleus, posterior part",255.0,133.0,133.0,68030.0,149.0,PVT,,8.0,4272.0,4272.0,0.08544,TH,PVP,False,656.0,6066402.0,18114.0,656.0,6066402.0,18114.0,9247.564024390244,27.61280487804878
15,PT,Parataenial thalamic nucleus,255.0,133.0,134.0,68100.0,571.0,MTN,,7.0,7216.0,7216.0,0.14432,TH,PT,True,2164.0,26262187.0,57763.0,2164.0,26262187.0,57763.0,12135.945933456562,26.692698706099815
2038,Xi,Xiphoid thalamic nucleus,255.0,133.0,134.0,68110.0,571.0,MTN,,7.0,,9736.0,0.19472,TH,Xi,True,,0.0,0.0,2084.0,16856564.0,53139.0,8088.562380038387,25.49856046065259
1970,Xi_leaf,"Xiphoid thalamic nucleus, leaf",255.0,133.0,134.0,68110.0,2038.0,Xi,,8.0,2218.0,2218.0,0.04436,TH,misc,False,418.0,3017127.0,10998.0,418.0,3017127.0,10998.0,7218.007177033493,26.311004784688997
2039,PaXi,Paraxiphoid nucleus of thalamus,255.0,133.0,134.0,68120.0,2038.0,Xi,,8.0,7518.0,7518.0,0.15036,TH,PaXi,False,1666.0,13839437.0,42141.0,1666.0,13839437.0,42141.0,8306.9849939976,25.294717887154864
2032,ANS,Accessory neuosecretory nuclei,255.0,133.0,134.0,68130.0,571.0,MTN,,7.0,926.0,926.0,0.01852,TH,ANS,True,243.0,2135775.0,5664.0,243.0,2135775.0,5664.0,8789.197530864198,23.308641975308642
181,RE,Reuniens area,255.0,133.0,132.0,68200.0,571.0,MTN,,7.0,,29854.0,0.59708,TH,RE,True,,0.0,0.0,4433.0,31294099.0,111127.0,7059.350101511392,25.068125422964133
2092,Re,Reuniens thalamic nucleus,255.0,133.0,132.0,68210.0,181.0,RE,,8.0,18620.0,18620.0,0.3724,TH,Re,False,2777.0,19132167.0,68687.0,2777.0,19132167.0,68687.0,6889.50918257112,24.734245588764853
2093,RRe,Retrouniens area,255.0,133.0,132.0,68220.0,181.0,RE,,8.0,4284.0,4284.0,0.08568,TH,RRe,False,704.0,5149239.0,18889.0,704.0,5149239.0,18889.0,7314.259943181818,26.83096590909091
2037,VRe ,Ventral reuniens thalamic nucleus,255.0,133.0,132.0,68230.0,181.0,RE,,8.0,6950.0,6950.0,0.139,TH,VRe ,False,952.0,7012693.0,23551.0,952.0,7012693.0,23551.0,7366.274159663865,24.738445378151262
51,ILM,Intralaminar nuclei of the dorsal thalamus,255.0,136.0,132.0,68300.0,856.0,DORpm,,6.0,,103332.0,2.06664,TH,ILM,False,,0.0,0.0,17878.0,148221416.0,469492.0,8290.715740015661,26.26087929298579
189,Rh,Rhomboid thalamic nucleus,255.0,128.0,132.0,68400.0,51.0,ILM,,7.0,7488.0,7488.0,0.14976,TH,Rh,True,892.0,5886896.0,23614.0,892.0,5886896.0,23614.0,6599.659192825112,26.473094170403588
599,CM,Central medial thalamic nucleus,255.0,134.0,132.0,68500.0,51.0,ILM,,7.0,23648.0,23648.0,0.47296,TH,CM,True,3914.0,28990921.0,102479.0,3914.0,28990921.0,102479.0,7406.98032703117,26.18267756770567
1967,PC_leaf,"Paracentral thalamic nucleus, leaf",255.0,132.0,132.0,68600.0,907.0,PC,,8.0,24426.0,24426.0,0.48852,TH,misc,False,2909.0,23998032.0,76311.0,2909.0,23998032.0,76311.0,8249.581299415608,26.232726022688208
907,PC,Paracentral thalamic nucleus,255.0,132.0,132.0,68600.0,51.0,ILM,,7.0,,27682.0,0.55364,TH,PC,True,,0.0,0.0,3025.0,24724687.0,79261.0,8173.450247933884,26.20198347107438
2064,OPC,Oval paracentral thalamic nucleus,255.0,132.0,132.0,68610.0,907.0,PC,,8.0,3256.0,3256.0,0.06512,TH,OPC,False,116.0,726655.0,2950.0,116.0,726655.0,2950.0,6264.267241379311,25.43103448275862
575,CL,Centrolateral thalamic nucleus,255.0,135.0,132.0,68700.0,51.0,ILM,,7.0,16350.0,16350.0,0.327,TH,CL,True,3543.0,28573861.0,89922.0,3543.0,28573861.0,89922.0,8064.877504939317,25.380186282811177
930,PaF,Parafascicular thalamic nucleus,255.0,130.0,132.0,68800.0,51.0,ILM,,7.0,28164.0,28164.0,0.56328,TH,PaF,True,6504.0,60045051.0,174216.0,6504.0,60045051.0,174216.0,9232.018911439114,26.785977859778598
262,Rt,Reticular nucleus (prethalamus),255.0,128.0,128.0,68900.0,856.0,DORpm,,6.0,79596.0,79596.0,1.59192,TH,Rt,True,13916.0,157513695.0,347006.0,13916.0,157513695.0,347006.0,11318.891563667721,24.93575740155217
1014,GENv,"Geniculate group, ventral thalamus",255.0,135.0,133.0,69000.0,856.0,DORpm,,6.0,,25608.0,0.51216,TH,GENv,False,,0.0,0.0,7470.0,73141485.0,195717.0,9791.363453815262,26.200401606425704
27,IGL,Intergeniculate childlet,255.0,135.0,134.0,69100.0,1014.0,GENv,,7.0,3346.0,3346.0,0.06692,TH,IGL,True,819.0,8166218.0,22462.0,819.0,8166218.0,22462.0,9970.96214896215,27.426129426129425
1968,PrG_leaf,"Pregeniculate nucleus of the prethalamus, leaf",255.0,135.0,135.0,69200.0,178.0,PrG,,8.0,2162.0,2162.0,0.04324,TH,misc,False,346.0,2897443.0,9046.0,346.0,2897443.0,9046.0,8374.112716763006,26.14450867052023
178,PrG,Pregeniculate nucleus of the prethalamus,255.0,135.0,135.0,69200.0,1014.0,GENv,,7.0,,19980.0,0.3996,TH,PrG,True,,0.0,0.0,6130.0,60364005.0,160605.0,9847.309135399673,26.19983686786297
2072,PrGMC,"Pregeniculate nucleus, magnocellular part",255.0,135.0,135.0,69210.0,178.0,PrG,,8.0,11072.0,11072.0,0.22144,TH,MC,False,3579.0,33757692.0,96034.0,3579.0,33757692.0,96034.0,9432.157585917854,26.83263481419391
2073,PrGPC,"Pregeniculate nucleus, parvicellular part",255.0,135.0,135.0,69220.0,178.0,PrG,,8.0,6746.0,6746.0,0.13492,TH,PC,False,2205.0,23708870.0,55525.0,2205.0,23708870.0,55525.0,10752.321995464852,25.18140589569161
321,SubG,Subgeniculate nucleus of the prethalamus,255.0,135.0,133.0,69500.0,1014.0,GENv,,7.0,2282.0,2282.0,0.04564,TH,SubG,True,521.0,4611262.0,12650.0,521.0,4611262.0,12650.0,8850.790786948177,24.280230326295584
958,EPI,Epithalamus,255.0,136.0,144.0,69600.0,856.0,DORpm,,6.0,,32566.0,0.65132,TH,EPI,False,,0.0,0.0,3031.0,22923920.0,80225.0,7563.154074562851,26.468162322665787
483,MHb,Medial habenular nucleus,255.0,134.0,144.0,69700.0,958.0,EPI,,7.0,12494.0,12494.0,0.24988,TH,MHb,True,241.0,1772084.0,6386.0,241.0,1772084.0,6386.0,7353.045643153527,26.497925311203318
1961,LHb_leaf,"Lateral habenular nucleus, leaf",255.0,135.0,144.0,69800.0,186.0,LHb,,8.0,9684.0,9684.0,0.19368,TH,misc,False,1748.0,13451470.0,46243.0,1748.0,13451470.0,46243.0,7695.348970251716,26.454805491990847
186,LHb,Lateral habenular nucleus,255.0,135.0,144.0,69800.0,958.0,EPI,,7.0,,20072.0,0.40144,TH,LHb,True,,0.0,0.0,2790.0,21151836.0,73839.0,7581.303225806451,26.46559139784946
2058,LHbM,"Lateral habenular nucleus, medial part",255.0,135.0,144.0,69810.0,186.0,LHb,,8.0,3780.0,3780.0,0.0756,TH,M,False,275.0,1733391.0,7419.0,275.0,1733391.0,7419.0,6303.24,26.978181818181817
2059,LHbL,"Lateral habenular nucleus, lateral part",255.0,135.0,144.0,69820.0,186.0,LHb,,8.0,6608.0,6608.0,0.13216,TH,L,False,767.0,5966975.0,20177.0,767.0,5966975.0,20177.0,7779.628422425033,26.30638852672751
953,Pi,Pineal gland,255.0,132.0,144.0,69900.0,958.0,EPI,,7.0,,0.0,0.0,TH,Pi,False,,0.0,0.0,0.0,0.0,0.0,,
1097,HY,Hypothalamus,255.0,105.0,110.0,70000.0,1129.0,IB,,4.0,,792916.0,15.85832,HY,HY,False,,0.0,0.0,193238.0,2235834147.0,4860937.0,11570.364767799294,25.15518169304174
157,PVZ,Periventricular zone,255.0,76.0,80.0,70100.0,1097.0,HY,,5.0,,26240.0,0.5248,HY,PVZ,False,,0.0,0.0,2751.0,21816258.0,66284.0,7930.300981461287,24.0945110868775
1985,SO_leaf,"Supraoptic nucleus, leaf",255.0,76.0,60.0,70200.0,390.0,SO,,7.0,1774.0,1774.0,0.03548,HY,misc,False,118.0,795553.0,2989.0,118.0,795553.0,2989.0,6741.974576271186,25.33050847457627
390,SO,Supraoptic nucleus,255.0,76.0,60.0,70200.0,157.0,PVZ,,6.0,,4014.0,0.08028,HY,SO,False,,0.0,0.0,258.0,1886800.0,7157.0,7313.178294573643,27.74031007751938
2051,SOR,"Supraoptic nucleus, retrochiasmatic part",255.0,76.0,60.0,70210.0,390.0,SO,,7.0,946.0,946.0,0.01892,HY,SOR,True,71.0,597017.0,2332.0,71.0,597017.0,2332.0,8408.69014084507,32.84507042253521
2034,ESO,Episupraoptic nucleus,255.0,76.0,60.0,70220.0,390.0,SO,,7.0,1294.0,1294.0,0.02588,HY,ESO,True,69.0,494230.0,1836.0,69.0,494230.0,1836.0,7162.753623188406,26.608695652173914
332,ASO,Accessory supraoptic group,255.0,76.0,62.0,70300.0,157.0,PVZ,,6.0,,210.0,0.0042,HY,ASO,True,,0.0,0.0,60.0,468430.0,1414.0,7807.166666666667,23.566666666666666
432,Cir,Circulur nucleus,255.0,76.0,62.0,70400.0,332.0,ASO,,7.0,210.0,210.0,0.0042,HY,Cir,False,60.0,468430.0,1414.0,60.0,468430.0,1414.0,7807.166666666667,23.566666666666666
38,PVH,"Paraventricular hypothalamic nucleus, anterior part",255.0,76.0,77.0,70500.0,157.0,PVZ,,6.0,,8704.0,0.17408,HY,PVH,True,,0.0,0.0,2019.0,17172983.0,48270.0,8505.687469044082,23.907875185735513
71,PVHm,"Paraventricular hypothalamic nucleus, magnocellular division",255.0,76.0,76.0,70600.0,38.0,PVH,,7.0,,4304.0,0.08608,HY,m,False,,0.0,0.0,1105.0,9194576.0,25693.0,8320.883257918553,23.25158371040724
79,PaMM,"Paraventricular hypothalamic nucleus, medial magnocellular part",255.0,76.0,74.0,70800.0,71.0,PVHm,,8.0,380.0,380.0,0.0076,HY,PaMM,False,76.0,566501.0,1785.0,76.0,566501.0,1785.0,7453.960526315789,23.486842105263158
652,PaLM,"Paraventricular hypothalamic nucleus, lateral magnocellular part",255.0,76.0,73.0,71000.0,71.0,PVHm,,8.0,1666.0,1666.0,0.03332,HY,PaLM,False,334.0,2609989.0,7838.0,334.0,2609989.0,7838.0,7814.338323353293,23.46706586826347
660,PaPo,"Paraventricular hypothalamic nucleus, posterior part",255.0,76.0,73.0,71100.0,71.0,PVHm,,8.0,2258.0,2258.0,0.04516,HY,PaPo,False,695.0,6018086.0,16070.0,695.0,6018086.0,16070.0,8659.11654676259,23.12230215827338
94,PVAp,"Paraventricular hypothalamic nucleus, parvicellular division",255.0,76.0,72.0,71200.0,38.0,PVH,,7.0,,4400.0,0.088,HY,p,False,,0.0,0.0,914.0,7978407.0,22577.0,8729.110503282276,24.701312910284464
55,PaAP,"Paraventricular hypothalamic nucleus, anterior parivcellular part",255.0,76.0,69.0,71300.0,94.0,PVAp,,8.0,,2534.0,0.05068,HY,PaAP,False,,0.0,0.0,545.0,4702955.0,13245.0,8629.275229357798,24.30275229357798
1959,PaAP_leaf,"Paraventricular hypothalamic nucleus, anterior parivcellular part, leaf",255.0,76.0,69.0,71300.0,55.0,PaAP,,9.0,2290.0,2290.0,0.0458,HY,misc,False,483.0,4088644.0,11578.0,483.0,4088644.0,11578.0,8465.101449275362,23.971014492753625
2026,APF,Anterior perifornical nucleus,255.0,76.0,69.0,71310.0,55.0,PaAP,,9.0,244.0,244.0,0.00488,HY,APF,False,62.0,614311.0,1667.0,62.0,614311.0,1667.0,9908.241935483871,26.887096774193548
87,PaMP,"Paraventricular hypothalamic nucleus, medial parvicellular part",255.0,76.0,71.0,71400.0,94.0,PVAp,,8.0,1866.0,1866.0,0.03732,HY,PaMP,False,369.0,3275452.0,9332.0,369.0,3275452.0,9332.0,8876.563685636856,25.289972899728998
30,PaV,"Paraventricular hypothalamic nucleus, ventral part",255.0,76.0,78.0,71600.0,157.0,PVZ,,6.0,1510.0,1510.0,0.0302,HY,PaV,True,213.0,1226396.0,4675.0,213.0,1226396.0,4675.0,5757.7276995305165,21.948356807511736
223,Arc,Arcuate hypothalamic nucleus,255.0,76.0,79.0,71800.0,157.0,PVZ,,6.0,,11802.0,0.23604,HY,Arc,True,,0.0,0.0,201.0,1061649.0,4768.0,5281.835820895522,23.72139303482587
1989,Arc_leaf,"Arcuate hypothalamic nucleus, leaf",255.0,76.0,79.0,71800.0,223.0,Arc,,7.0,3486.0,3486.0,0.06972,HY,misc,False,14.0,55737.0,337.0,14.0,55737.0,337.0,3981.214285714286,24.071428571428573
2061,ArcD,"Arcuate hypothalamic nucleus, dorsal part",255.0,76.0,79.0,71810.0,223.0,Arc,,7.0,1318.0,1318.0,0.02636,HY,D,False,1.0,2267.0,18.0,1.0,2267.0,18.0,2267.0,18.0
2062,ArcL,"Arcuate hypothalamic nucleus, lateral part",255.0,76.0,79.0,71820.0,223.0,Arc,,7.0,1692.0,1692.0,0.03384,HY,L,False,,0.0,0.0,0.0,0.0,0.0,,
2104,ArcLP,"Arcuate hypothalamic nucleus, lateroposterior part",255.0,76.0,79.0,71830.0,223.0,Arc,,7.0,1646.0,1646.0,0.03292,HY,LP,False,107.0,639994.0,2570.0,107.0,639994.0,2570.0,5981.252336448598,24.018691588785046
2095,ArcM,"Arcuate hypothalamic nucleus, medial part",255.0,76.0,79.0,71840.0,223.0,Arc,,7.0,640.0,640.0,0.0128,HY,M,False,,0.0,0.0,0.0,0.0,0.0,,
2103,ArcMP,"Arcuate hypothalamic nucleus, medial posterior part",255.0,76.0,79.0,71850.0,223.0,Arc,,7.0,3020.0,3020.0,0.0604,HY,MP,False,79.0,363651.0,1843.0,79.0,363651.0,1843.0,4603.177215189873,23.329113924050635
141,PVR,Periventricular region,255.0,77.0,80.0,71900.0,1097.0,HY,,5.0,,131616.0,2.63232,HY,PVR,False,,0.0,0.0,26191.0,241122335.0,634063.0,9206.305028444885,24.209193997938222
272,AVPe,Anteroventral periventricular nucleus,255.0,77.0,84.0,72300.0,141.0,PVR,,6.0,3790.0,3790.0,0.0758,HY,AVPe,True,517.0,3834251.0,12776.0,517.0,3834251.0,12776.0,7416.346228239845,24.711798839458414
668,DA,Dorsal hypothalamic area,255.0,77.0,85.0,72350.0,141.0,PVR,,6.0,6484.0,6484.0,0.12968,HY,DA,True,1953.0,20139060.0,47107.0,1953.0,20139060.0,47107.0,10311.858678955454,24.12032770097286
830,DM,Dorsomedial hypothalamic nucleus,255.0,77.0,85.0,72400.0,141.0,PVR,,6.0,,28100.0,0.562,HY,DM,True,,0.0,0.0,7920.0,73160518.0,187545.0,9237.439141414141,23.679924242424242
1979,DM_leaf,"Dorsomedial hypothalamic nucleus, leaf",255.0,77.0,85.0,72400.0,830.0,DM,,7.0,14228.0,14228.0,0.28456,HY,misc,False,3740.0,33754805.0,88292.0,3740.0,33754805.0,88292.0,9025.348930481283,23.607486631016044
2076,DMD,"Dorsomedial hypothalamic nucleus, dorsal part",255.0,77.0,85.0,72500.0,830.0,DM,,7.0,4310.0,4310.0,0.0862,HY,D,False,1109.0,9665650.0,26633.0,1109.0,9665650.0,26633.0,8715.644724977457,24.01532912533814
2077,DMC,"Dorsomedial hypothalamic nucleus, compact part",255.0,77.0,85.0,72600.0,830.0,DM,,7.0,2342.0,2342.0,0.04684,HY,C,False,572.0,4480525.0,13742.0,572.0,4480525.0,13742.0,7833.085664335665,24.024475524475523
2078,DMV,"Dorsomedial hypothalamic nucleus, ventral part",255.0,77.0,85.0,72700.0,830.0,DM,,7.0,7220.0,7220.0,0.1444,HY,V,False,2499.0,25259538.0,58878.0,2499.0,25259538.0,58878.0,10107.858343337335,23.56062424969988
452,MnPO,Median preoptic nucleus,255.0,77.0,86.0,72800.0,141.0,PVR,,6.0,2120.0,2120.0,0.0424,HY,MnPO,True,366.0,2504874.0,8722.0,366.0,2504874.0,8722.0,6843.918032786885,23.830601092896174
2307,DA14,DA14 Dopamine Cells,255.0,77.0,86.0,72810.0,141.0,PVR,,6.0,,0.0,0.0,HY,DA14,False,,0.0,0.0,0.0,0.0,0.0,,
1976,MPA_leaf,"Medial preoptic area, leaf",255.0,77.0,87.0,72900.0,523.0,MPA,,7.0,52084.0,52084.0,1.04168,HY,misc,False,10225.0,93578879.0,251572.0,10225.0,93578879.0,251572.0,9151.968606356968,24.60361858190709
523,MPA,Medial preoptic area,255.0,77.0,87.0,72900.0,141.0,PVR,,6.0,,60936.0,1.21872,HY,MPA,True,,0.0,0.0,12746.0,120640806.0,311470.0,9464.99340969716,24.43668601914326
2016,StA,Strial part of the preoptic area,255.0,77.0,87.0,72910.0,523.0,MPA,,7.0,1592.0,1592.0,0.03184,HY,StA,False,382.0,3204311.0,8707.0,382.0,3204311.0,8707.0,8388.248691099476,22.793193717277486
2023,StHy,Striohypothalamic nucleus,255.0,77.0,87.0,72920.0,523.0,MPA,,7.0,5942.0,5942.0,0.11884,HY,StHy,False,1738.0,18631522.0,41165.0,1738.0,18631522.0,41165.0,10720.093210586881,23.685270425776753
2306,AC,Anterior commissural nucleus,255.0,77.0,87.0,72930.0,523.0,MPA,,7.0,1318.0,1318.0,0.02636,HY,AC,False,401.0,5226094.0,10026.0,401.0,5226094.0,10026.0,13032.653366583541,25.002493765586035
763,VOLT,Vascular organ of the lamina terminalis,255.0,77.0,88.0,73000.0,141.0,PVR,,6.0,1046.0,1046.0,0.02092,HY,VOLT,True,78.0,434996.0,1753.0,78.0,434996.0,1753.0,5576.871794871795,22.474358974358974
914,PDPO,Posterodorsal preoptic nucleus,255.0,77.0,89.0,73100.0,141.0,PVR,,6.0,460.0,460.0,0.0092,HY,PDPO,True,148.0,1799524.0,3690.0,148.0,1799524.0,3690.0,12158.945945945947,24.93243243243243
1109,PS,Parastrial nucleus,255.0,77.0,90.0,73200.0,141.0,PVR,,6.0,2226.0,2226.0,0.04452,HY,PS,True,580.0,6184434.0,13557.0,580.0,6184434.0,13557.0,10662.81724137931,23.374137931034483
133,Pe,Periventricular hypothalamic nucleus,255.0,77.0,93.0,73500.0,141.0,PVR,,6.0,11758.0,11758.0,0.23516,HY,Pe,True,1202.0,7999220.0,29587.0,1202.0,7999220.0,29587.0,6654.925124792013,24.614808652246257
347,SPa ,Subparaventricular zone of the hypothalamus,255.0,77.0,80.0,73600.0,141.0,PVR,,6.0,1378.0,1378.0,0.02756,HY,SPa ,True,178.0,1032014.0,4164.0,178.0,1032014.0,4164.0,5797.831460674157,23.39325842696629
286,SCh,Suprachiasmatic nucleus,255.0,77.0,94.0,73700.0,141.0,PVR,,6.0,,3674.0,0.07348,HY,SCh,True,,0.0,0.0,118.0,629423.0,3196.0,5334.093220338983,27.084745762711865
1986,SCh_leaf,"Suprachiasmatic nucleus, leaf",255.0,77.0,94.0,73700.0,286.0,SCh,,7.0,2712.0,2712.0,0.05424,HY,misc,False,101.0,547372.0,2741.0,101.0,547372.0,2741.0,5419.524752475248,27.138613861386137
2030,SChDL,"Suprachiasmatic nucleus, dorsolateral part",255.0,77.0,94.0,73710.0,286.0,SCh,,7.0,572.0,572.0,0.01144,HY,DLG,False,16.0,76051.0,425.0,16.0,76051.0,425.0,4753.1875,26.5625
2031,SChVM,"Suprachiasmatic nucleus, ventromedial part",255.0,77.0,94.0,73720.0,286.0,SCh,,7.0,390.0,390.0,0.0078,HY,VM,False,1.0,6000.0,30.0,1.0,6000.0,30.0,6000.0,30.0
338,SFO,Subfornical organ,255.0,77.0,80.0,73800.0,141.0,PVR,,6.0,2300.0,2300.0,0.046,HY,SFO,True,117.0,1019934.0,2917.0,117.0,1019934.0,2917.0,8717.384615384615,24.931623931623932
2011,VMPO,Ventromedidal preoptic nucleus,255.0,77.0,80.0,73810.0,141.0,PVR,,6.0,3108.0,3108.0,0.06216,HY,VMPO,True,154.0,943251.0,4176.0,154.0,943251.0,4176.0,6125.006493506494,27.116883116883116
689,VLPO,Ventrolateral preoptic nucleus,255.0,77.0,80.0,73900.0,141.0,PVR,,6.0,4236.0,4236.0,0.08472,HY,VLPO,True,114.0,800030.0,3403.0,114.0,800030.0,3403.0,7017.80701754386,29.850877192982455
467,MEZ ,Hypothalamic medial zone,255.0,78.0,80.0,74000.0,1097.0,HY,,5.0,,166550.0,3.331,HY,MEZ ,False,,0.0,0.0,44321.0,493264718.0,1124250.0,11129.36797454931,25.366079285214685
88,AHN,Anterior hypothalamic nucleus,255.0,78.0,81.0,74100.0,467.0,MEZ ,,6.0,,45682.0,0.91364,HY,AHN,True,,0.0,0.0,14915.0,154464957.0,361351.0,10356.349782098558,24.227355011733156
700,AHA,"Anterior hypothalamic area, anterior part",255.0,78.0,81.0,74200.0,88.0,AHN,,7.0,10232.0,10232.0,0.20464,HY,AHA,False,2985.0,29191197.0,72455.0,2985.0,29191197.0,72455.0,9779.295477386935,24.273031825795645
708,AHC,"Anterior hypothalamic area, central part",255.0,78.0,81.0,74300.0,88.0,AHN,,7.0,20464.0,20464.0,0.40928,HY,AHC,False,7346.0,79571099.0,177412.0,7346.0,79571099.0,177412.0,10831.894772665397,24.150830383882386
1966,AHP_leaf,"Anterior hypothalamic area, posterior part, leaf",255.0,78.0,81.0,74500.0,724.0,AHP,,8.0,8146.0,8146.0,0.16292,HY,misc,False,3358.0,36397809.0,77171.0,3358.0,36397809.0,77171.0,10839.133114949374,22.981238832638475
724,AHP,"Anterior hypothalamic area, posterior part",255.0,78.0,81.0,74500.0,88.0,AHN,,7.0,,8146.0,0.16292,HY,AHP,False,,0.0,0.0,3358.0,36397809.0,77171.0,10839.133114949374,22.981238832638475
2029,LA,Lateroanterior hypothalamic nucleus,255.0,78.0,81.0,74510.0,88.0,AHN,,7.0,6840.0,6840.0,0.1368,HY,LA,False,1226.0,9304852.0,34313.0,1226.0,9304852.0,34313.0,7589.601957585644,27.987765089722675
2047,Stg,Stigmoid hypothalamic nucleus,255.0,78.0,81.0,74520.0,724.0,AHP,,8.0,,0.0,0.0,HY,Stg,False,,0.0,0.0,0.0,0.0,0.0,,
331,MBO,Mammillary body,255.0,78.0,82.0,74600.0,467.0,MEZ ,,6.0,,25154.0,0.50308,HY,MBO,True,,0.0,0.0,2022.0,21172832.0,52924.0,10471.232443125618,26.17408506429278
210,LM,Lateral mamilllary nucleus,255.0,78.0,83.0,74700.0,331.0,MBO,,7.0,2244.0,2244.0,0.04488,HY,LM,False,84.0,726192.0,2039.0,84.0,726192.0,2039.0,8645.142857142857,24.273809523809526
1656,MM_leaf,"Medial mammillary nucleus, medial part, leaf",255.0,78.0,84.0,74800.0,491.0,MM,,8.0,7694.0,7694.0,0.15388,HY,misc,False,60.0,406119.0,1567.0,60.0,406119.0,1567.0,6768.65,26.116666666666667
491,MM,"Medial mammillary nucleus, medial part",255.0,78.0,84.0,74800.0,331.0,MBO,,7.0,,13754.0,0.27508,HY,MM,False,,0.0,0.0,330.0,2401529.0,8101.0,7277.360606060606,24.548484848484847
2118,MRe,Mammillary recess of the 3rd ventricle,255.0,78.0,84.0,74810.0,491.0,MM,,8.0,140.0,140.0,0.0028,HY,MRe,False,1.0,16266.0,32.0,1.0,16266.0,32.0,16266.0,32.0
2119,ML,"Medial mammillary nucleus, lateral part",255.0,78.0,84.0,74820.0,491.0,MM,,8.0,4968.0,4968.0,0.09936,HY,ML,False,200.0,1398919.0,4720.0,200.0,1398919.0,4720.0,6994.595,23.6
732,MnM,"Medial mammillary nucleus, median part",255.0,78.0,84.0,74900.0,491.0,MM,,8.0,952.0,952.0,0.01904,HY,MnM,False,69.0,580225.0,1782.0,69.0,580225.0,1782.0,8409.057971014492,25.82608695652174
525,RM,Retromamillary nucleus,255.0,78.0,85.0,75000.0,331.0,MBO,,7.0,,7640.0,0.1528,HY,RM,False,,0.0,0.0,1531.0,17574486.0,40927.0,11479.089483997388,26.732201175702155
1125,RM_leaf,"Retromamillary nucleus, leaf",255.0,78.0,85.0,75000.0,525.0,RM,,8.0,3362.0,3362.0,0.06724,HY,misc,False,375.0,5035967.0,10548.0,375.0,5035967.0,10548.0,13429.245333333334,28.128
1110,RML,"Retromamillary nucleus, lateral part",255.0,78.0,85.0,75100.0,525.0,RM,,8.0,344.0,344.0,0.00688,HY,L,False,55.0,622317.0,1293.0,55.0,622317.0,1293.0,11314.854545454546,23.509090909090908
1118,RMM,"Retromamillary nucleus, medial part",255.0,78.0,85.0,75200.0,525.0,RM,,8.0,3934.0,3934.0,0.07868,HY,M,False,1101.0,11916202.0,29086.0,1101.0,11916202.0,29086.0,10823.071752951862,26.41780199818347
557,TM,Tuberomammillary nucleus,255.0,78.0,86.0,75300.0,331.0,MBO,,7.0,,1516.0,0.03032,HY,TM,False,,0.0,0.0,77.0,470625.0,1857.0,6112.012987012987,24.116883116883116
1126,DTM,Dorsal tuberomammillary nucleus,255.0,78.0,86.0,75400.0,557.0,TM,,8.0,360.0,360.0,0.0072,HY,D,False,45.0,274909.0,1140.0,45.0,274909.0,1140.0,6109.0888888888885,25.333333333333332
1,VTM,Ventral tuberomammillary nucleus,255.0,78.0,86.0,75500.0,557.0,TM,,8.0,1156.0,1156.0,0.02312,HY,V,False,32.0,195716.0,717.0,32.0,195716.0,717.0,6116.125,22.40625
515,MPO,Medial preoptic nucleus,255.0,78.0,87.0,75600.0,467.0,MEZ ,,6.0,,15154.0,0.30308,HY,MPO,True,,0.0,0.0,3500.0,30482851.0,87515.0,8709.386,25.004285714285714
748,MPOL,"Medial preoptic nucleus, lateral part",255.0,78.0,87.0,75800.0,515.0,MPO,,7.0,6282.0,6282.0,0.12564,HY,L,False,1709.0,16921643.0,43803.0,1709.0,16921643.0,43803.0,9901.4880046811,25.63077823288473
756,MPOM,"Medial preoptic nucleus, medial part",255.0,78.0,87.0,75900.0,515.0,MPO,,7.0,8872.0,8872.0,0.17744,HY,M,False,1791.0,13561208.0,43712.0,1791.0,13561208.0,43712.0,7571.863763260748,24.40647682858738
980,PMD,"Premamillary nucleus, dorsal part",255.0,78.0,88.0,76000.0,467.0,MEZ ,,6.0,1532.0,1532.0,0.03064,HY,PMD,True,388.0,4197065.0,9512.0,388.0,4197065.0,9512.0,10817.177835051547,24.515463917525775
1004,PMV,"Premamillary nucleus, ventral part",255.0,78.0,89.0,76100.0,467.0,MEZ ,,6.0,3008.0,3008.0,0.06016,HY,PMV,True,719.0,6545906.0,17707.0,719.0,6545906.0,17707.0,9104.180806675939,24.627260083449237
63,PVHd,"Paraventricular hypothalamic nucleus, descending division",255.0,78.0,90.0,76200.0,467.0,MEZ ,,6.0,,418.0,0.00836,HY,PVHd,True,,0.0,0.0,105.0,827566.0,2452.0,7881.580952380952,23.35238095238095
439,PaDC,"Paraventricular hypothalamic nucleus, dorsal cap",255.0,78.0,90.0,76300.0,63.0,PVHd,,7.0,418.0,418.0,0.00836,HY,PaDC,False,105.0,827566.0,2452.0,105.0,827566.0,2452.0,7881.580952380952,23.35238095238095
1093,VMH_leaf,"Ventromedial hypothalamic nucleus, leaf",255.0,78.0,91.0,76700.0,693.0,VMH,,7.0,5234.0,5234.0,0.10468,HY,misc,False,1908.0,24926210.0,49500.0,1908.0,24926210.0,49500.0,13064.051362683438,25.943396226415093
693,VMH,Ventromedial hypothalamic nucleus,255.0,78.0,91.0,76700.0,467.0,MEZ ,,6.0,,42776.0,0.85552,HY,VMH,True,,0.0,0.0,13246.0,176892672.0,343146.0,13354.421863203987,25.90563188887211
2044,VMHSh,"Ventromedial hypothalamic nucleus, shell region",255.0,78.0,91.0,76710.0,693.0,VMH,,7.0,15330.0,15330.0,0.3066,HY,Sh,False,3660.0,42148438.0,96106.0,3660.0,42148438.0,96106.0,11515.966666666667,26.25846994535519
769,VMHC,"Ventromedial hypothalamic nucleus, central part",255.0,78.0,91.0,76900.0,693.0,VMH,,7.0,9648.0,9648.0,0.19296,HY,C,False,3882.0,60008078.0,99558.0,3882.0,60008078.0,99558.0,15458.031427099433,25.646058732612055
777,VMHDM,"Ventromedial hypothalamic nucleus, dorsomedial part",255.0,78.0,91.0,77000.0,693.0,VMH,,7.0,6570.0,6570.0,0.1314,HY,DM,False,2105.0,29606577.0,51690.0,2105.0,29606577.0,51690.0,14064.88218527316,24.555819477434678
785,VMHVL,"Ventromedial hypothalamic nucleus, ventrolateral part",255.0,78.0,91.0,77100.0,693.0,VMH,,7.0,5994.0,5994.0,0.11988,HY,VL,False,1691.0,20203369.0,46292.0,1691.0,20203369.0,46292.0,11947.586635127143,27.37551744529864
2474,PHA,Posterior hypothalamic area,255.0,78.0,91.0,77110.0,467.0,MEZ ,,6.0,,32826.0,0.65652,HY,PHA,True,,0.0,0.0,9426.0,98680869.0,249643.0,10469.007956715468,26.484510927222576
1963,PH_leaf,"Posterior hypothalamic nucleus, leaf",255.0,79.0,83.0,77150.0,946.0,PH,,8.0,3178.0,3178.0,0.06356,HY,misc,False,821.0,7715077.0,22759.0,821.0,7715077.0,22759.0,9397.170523751523,27.721071863581
946,PH,Posterior hypothalamic nucleus,255.0,79.0,83.0,77150.0,2474.0,PHA,,7.0,,32826.0,0.65652,HY,PH,False,,0.0,0.0,9426.0,98680869.0,249643.0,10469.007956715468,26.484510927222576
2364,PHnd,"Posterior hypothalamic nucleus, dorsal part",255.0,79.0,83.0,77160.0,946.0,PH,,8.0,10634.0,10634.0,0.21268,HY,nd,False,2947.0,30537346.0,80681.0,2947.0,30537346.0,80681.0,10362.18052256532,27.377332880895825
2365,PHnv,"Posterior hypothalamic nucleus, ventral part",255.0,79.0,83.0,77170.0,946.0,PH,,8.0,12762.0,12762.0,0.25524,HY,nv,False,3987.0,43692865.0,101867.0,3987.0,43692865.0,101867.0,10958.832455480311,25.54978680712315
2075,PHD,"Posterior hypothalamic area, dorsal part",255.0,79.0,83.0,77180.0,946.0,PH,,8.0,5256.0,5256.0,0.10512,HY,D,False,1390.0,12971345.0,37534.0,1390.0,12971345.0,37534.0,9331.902877697841,27.002877697841726
2102,SMT,Submammillothalamic nucleus,255.0,79.0,83.0,77190.0,946.0,PH,,8.0,996.0,996.0,0.01992,HY,SMT,False,281.0,3764236.0,6802.0,281.0,3764236.0,6802.0,13395.857651245551,24.206405693950177
290,LZ,Hypothalamic lateral zone,255.0,79.0,80.0,77200.0,1097.0,HY,,5.0,,466866.0,9.33732,HY,LZ,False,,0.0,0.0,119975.0,1479630836.0,3036340.0,12332.826305480308,25.30810585538654
194,LH,Lateral hypothalamic area,255.0,79.0,81.0,77300.0,290.0,LZ,,6.0,,287824.0,5.75648,HY,LH,True,,0.0,0.0,71163.0,856208842.0,1811080.0,12031.657490549864,25.449742141281284
2309,JPLH,Juxtaparaventricular part of lateral hypothalamus,255.0,79.0,81.0,77300.0,194.0,LH,,7.0,5332.0,5332.0,0.10664,HY,JPLH,False,1560.0,14334657.0,36244.0,1560.0,14334657.0,36244.0,9188.882692307692,23.233333333333334
1982,LH_leaf,"Lateral hypothalamic area, leaf",255.0,79.0,81.0,77300.0,194.0,LH,,7.0,259306.0,259306.0,5.18612,HY,misc,False,64216.0,777768320.0,1637391.0,64216.0,777768320.0,1637391.0,12111.752834184626,25.498178024168432
2065,MCLH,Magnocellular nucleus of the lateral hypothalamus,255.0,79.0,81.0,77310.0,194.0,LH,,7.0,1512.0,1512.0,0.03024,HY,MCLH,False,367.0,4819143.0,9079.0,367.0,4819143.0,9079.0,13131.179836512261,24.73841961852861
2033,VLH,Ventrolateral hypothalamic nucleus ,255.0,79.0,81.0,77320.0,194.0,LH,,7.0,2884.0,2884.0,0.05768,HY,VLH,False,330.0,3537143.0,9253.0,330.0,3537143.0,9253.0,10718.615151515152,28.03939393939394
2105,Gem,Gemini hypothalamic nucleus,255.0,79.0,81.0,77330.0,194.0,LH,,7.0,3340.0,3340.0,0.0668,HY,Gem,False,899.0,11093744.0,22970.0,899.0,11093744.0,22970.0,12340.09343715239,25.550611790878754
2081,PLH,Peduncular lateral hypothalamus,255.0,79.0,81.0,77340.0,194.0,LH,,7.0,15450.0,15450.0,0.309,HY,PLH,False,3791.0,44655835.0,96143.0,3791.0,44655835.0,96143.0,11779.434186230546,25.36085465576365
2048,TuLH,Tuberal region of lateral hypothalamus,255.0,79.0,81.0,77350.0,194.0,LH,,7.0,,0.0,0.0,HY,TuLH,False,,0.0,0.0,0.0,0.0,0.0,,
2473,PeFLH,Perifornical part of lateral hypothalamus,255.0,79.0,81.0,77360.0,194.0,LH,,7.0,,0.0,0.0,HY,PeFLH,False,,0.0,0.0,0.0,0.0,0.0,,
226,LPO,Lateral preoptic area,255.0,79.0,82.0,77400.0,290.0,LZ,,6.0,40596.0,40596.0,0.81192,HY,LPO,True,9470.0,120742831.0,247235.0,9470.0,120742831.0,247235.0,12750.034952481521,26.107180570221754
2379,PTe,Paraterete nucleus,255.0,79.0,80.0,77610.0,290.0,LZ,,6.0,2142.0,2142.0,0.04284,HY,PTe,True,434.0,4674177.0,10744.0,434.0,4674177.0,10744.0,10769.993087557603,24.755760368663594
364,PSTh,Parasubthalamic nucleus,255.0,79.0,80.0,77700.0,290.0,LZ,,6.0,6682.0,6682.0,0.13364,HY,PSTh,True,1874.0,26656195.0,47444.0,1874.0,26656195.0,47444.0,14224.223585912487,25.316969050160086
173,RCh,Retrochiasmatic area,255.0,79.0,84.0,77800.0,290.0,LZ,,6.0,,8898.0,0.17796,HY,RCh,True,,0.0,0.0,104.0,548579.0,2871.0,5274.798076923077,27.60576923076923
1988,RCh_leaf,"Retrochiasmatic area, leaf",255.0,79.0,84.0,77800.0,173.0,RCh,,7.0,1478.0,1478.0,0.02956,HY,misc,False,4.0,26820.0,138.0,4.0,26820.0,138.0,6705.0,34.5
2042,RchL,"Retrochiasmatic area, lateral part",255.0,79.0,84.0,77810.0,173.0,RCh,,7.0,5686.0,5686.0,0.11372,HY,RchL,False,52.0,225216.0,1404.0,52.0,225216.0,1404.0,4331.076923076923,27.0
2283,RChM,"Retrochiasmatic area, medial part",255.0,79.0,84.0,77850.0,173.0,RCh,,7.0,1734.0,1734.0,0.03468,HY,RChM,False,48.0,296543.0,1329.0,48.0,296543.0,1329.0,6177.979166666667,27.6875
470,STh,Subthalamic nucleus,255.0,79.0,85.0,77900.0,290.0,LZ,,6.0,11642.0,11642.0,0.23284,HY,STh,True,4077.0,63978252.0,100813.0,4077.0,63978252.0,100813.0,15692.482707873436,24.727250429237184
2063,SubI,Subincertal nucleus,255.0,79.0,85.0,77910.0,290.0,LZ,,6.0,4416.0,4416.0,0.08832,HY,SubI,True,1784.0,24330091.0,42894.0,1784.0,24330091.0,42894.0,13637.943385650224,24.043721973094172
614,MTu,Medial tuberal nucleus,255.0,79.0,86.0,78000.0,290.0,LZ,,6.0,,8342.0,0.16684,HY,MTu,True,,0.0,0.0,1582.0,14523877.0,42052.0,9180.706068268015,26.581542351453855
1991,MTu_leaf,"Medial tuberal nucleus, leaf",255.0,79.0,86.0,78000.0,614.0,MTu,,7.0,5980.0,5980.0,0.1196,HY,misc,False,1183.0,10736061.0,31836.0,1183.0,10736061.0,31836.0,9075.284023668639,26.911242603550296
2080,Te,Terete hypothalamic nucleus,255.0,79.0,86.0,78010.0,614.0,MTu,,7.0,2362.0,2362.0,0.04724,HY,Te,False,399.0,3787816.0,10216.0,399.0,3787816.0,10216.0,9493.273182957393,25.604010025062657
2079,PeF,Perifornical nucleus,255.0,79.0,86.0,78020.0,290.0,LZ,,6.0,3948.0,3948.0,0.07896,HY,PeF,True,1265.0,13849956.0,30786.0,1265.0,13849956.0,30786.0,10948.581818181818,24.33675889328063
2111,VLi,Ventral linear nucleus of the thalamus,255.0,79.0,87.0,78030.0,290.0,LZ,,6.0,940.0,940.0,0.0188,HY,VLi,True,278.0,2886584.0,6981.0,278.0,2886584.0,6981.0,10383.395683453238,25.111510791366907
1863,ZI_leaf,"Zona incerta, leaf",255.0,79.0,87.0,78100.0,797.0,ZI,,7.0,11982.0,11982.0,0.23964,HY,misc,False,3981.0,49256590.0,95320.0,3981.0,49256590.0,95320.0,12372.918864606883,23.94373273046973
797,ZI,Zona incerta,255.0,79.0,87.0,78100.0,290.0,LZ,,6.0,,91436.0,1.82872,HY,ZI,True,,0.0,0.0,27944.0,351231452.0,693440.0,12569.118665903236,24.815344975665617
2125,ZIC,"Zona incerta, caudal part",255.0,79.0,87.0,78110.0,797.0,ZI,,7.0,3772.0,3772.0,0.07544,HY,C,False,1137.0,14530945.0,29005.0,1137.0,14530945.0,29005.0,12780.074758135444,25.510114335971856
2043,ZIR,"Zona incerta, rostral part",255.0,79.0,87.0,78120.0,797.0,ZI,,7.0,3702.0,3702.0,0.07404,HY,R,False,1141.0,11155773.0,27094.0,1141.0,11155773.0,27094.0,9777.18930762489,23.745836985100787
2053,ZID,"Zona incerta, dosal part",255.0,79.0,87.0,78130.0,797.0,ZI,,7.0,32116.0,32116.0,0.64232,HY,D,False,11030.0,140394384.0,273201.0,11030.0,140394384.0,273201.0,12728.41196736174,24.768902991840434
2054,ZIV,"Zona incerta, ventral part",255.0,79.0,87.0,78140.0,797.0,ZI,,7.0,31504.0,31504.0,0.63008,HY,V,False,8918.0,117591504.0,224745.0,8918.0,117591504.0,224745.0,13185.8605068401,25.20127831352321
796,DA13,DA13 dopamine cells,255.0,79.0,87.0,78200.0,797.0,ZI,,7.0,748.0,748.0,0.01496,HY,DA13,False,224.0,2941977.0,5381.0,224.0,2941977.0,5381.0,13133.825892857143,24.022321428571427
2110,F,Nucleus of the fields of Forel,255.0,79.0,87.0,78300.0,797.0,ZI,,7.0,7612.0,7612.0,0.15224,HY,F,False,1513.0,15360279.0,38694.0,1513.0,15360279.0,38694.0,10152.200264375413,25.5743555849306
2191,A7,A7 noradrenaline cells,255.0,79.0,87.0,78320.0,987.0,P-mot,,6.0,,0.0,0.0,P,A7,False,,0.0,0.0,0.0,0.0,0.0,,
2246,A5,A5 noradrenaline cells,255.0,79.0,87.0,78330.0,354.0,MY,,5.0,,0.0,0.0,MY,A5,False,,0.0,0.0,0.0,0.0,0.0,,
2477,Ad1,Ad1 adrenaline cells,255.0,79.0,87.0,78340.0,370.0,MY-mot,,6.0,,0.0,0.0,MY,Ad1,False,,0.0,0.0,0.0,0.0,0.0,,
2478,Ad2,Ad2 adrenaline cells,255.0,79.0,87.0,78350.0,370.0,MY-mot,,6.0,,0.0,0.0,MY,Ad2,False,,0.0,0.0,0.0,0.0,0.0,,
2266,Ad3,Ad3 adrenaline cells,255.0,79.0,87.0,78360.0,370.0,MY-mot,,6.0,118.0,118.0,0.00236,MY,Ad3,False,11.0,90090.0,322.0,11.0,90090.0,322.0,8190.0,29.272727272727273
10671,ME,Median eminence,255.0,80.0,80.0,78400.0,1097.0,HY,,5.0,1644.0,1644.0,0.03288,HY,ME,False,,0.0,0.0,0.0,0.0,0.0,,
1221,MB_leaf,"Midbrain, leaf",255.0,200.0,255.0,78500.0,313.0,MB,,4.0,12130.0,12130.0,0.2426,MB,misc,False,2056.0,21322339.0,53882.0,2056.0,21322339.0,53882.0,10370.787451361868,26.207198443579767
313,MB,Midbrain,255.0,200.0,255.0,78500.0,343.0,BS,,3.0,,1717004.0,34.34008,MB,MB,False,,0.0,0.0,279318.0,2366493580.0,7462003.0,8472.399129307814,26.71508101876714
2107,PR,Prerubral field,255.0,200.0,255.0,78510.0,313.0,MB,,4.0,14608.0,14608.0,0.29216,MB,PR,False,3631.0,39471088.0,98546.0,3631.0,39471088.0,98546.0,10870.583310382815,27.140181768107958
339,MBsen,"Midbrain, sensory related",255.0,176.0,254.0,78600.0,313.0,MB,,4.0,,746454.0,14.92908,MB,MBsen,False,,0.0,0.0,109559.0,770886150.0,2817358.0,7036.264934875273,25.715440995262828
2476,SC,Superior colliculus,255.0,176.0,254.0,78610.0,339.0,MBsen,,5.0,,429092.0,8.58184,MB,SC,False,,0.0,0.0,53263.0,379246175.0,1419423.0,7120.255618346695,26.64932504740627
302,SCs,"Superior colliculus, sensory related",255.0,152.0,250.0,78700.0,2476.0,SC,,6.0,,121872.0,2.43744,MB,SCs,True,,0.0,0.0,7606.0,54198371.0,210318.0,7125.739021824875,27.651590849329477
851,Op,Optic layer of the superior colliculus,255.0,152.0,250.0,78800.0,302.0,SCs,,7.0,40740.0,40740.0,0.8148,MB,Op,False,5132.0,40187094.0,145566.0,5132.0,40187094.0,145566.0,7830.688620420889,28.364380358534685
842,SuG,Superficial gray layer of the superior colliculus,255.0,152.0,250.0,78900.0,302.0,SCs,,7.0,52588.0,52588.0,1.05176,MB,SuG,False,2097.0,12554718.0,56054.0,2097.0,12554718.0,56054.0,5986.989985693848,26.730567477348593
834,Zo,Zonal layer of superior colliculus,255.0,152.0,250.0,79000.0,302.0,SCs,,7.0,28544.0,28544.0,0.57088,MB,Zo,False,377.0,1456559.0,8698.0,377.0,1456559.0,8698.0,3863.551724137931,23.071618037135277
4,IC,Inferior colliculus,255.0,152.0,255.0,79100.0,339.0,MBsen,,5.0,,280788.0,5.61576,MB,IC,False,,0.0,0.0,51408.0,354029009.0,1270284.0,6886.652058045441,24.70985060690943
811,CIC,Central nucleus of the inferior colliculus,255.0,152.0,255.0,79200.0,4.0,IC,,6.0,93992.0,93992.0,1.87984,MB,CIC,True,18438.0,127883530.0,449917.0,18438.0,127883530.0,449917.0,6935.867773077341,24.401616227356545
820,DCIC,Dorsal cortex of the inferior colliculus,255.0,152.0,255.0,79300.0,4.0,IC,,6.0,74172.0,74172.0,1.48344,MB,DCIC,True,12062.0,75874019.0,298094.0,12062.0,75874019.0,298094.0,6290.334853258166,24.713480351517163
828,ECIC,External cortex of the inferior colliculus,255.0,152.0,255.0,79400.0,4.0,IC,,6.0,,111702.0,2.23404,MB,ECIC,True,,0.0,0.0,20885.0,150161294.0,521662.0,7189.911132391669,24.977830979171653
1972,ECIC_leaf,"External cortex of the inferior colliculus, leaf",255.0,152.0,255.0,79400.0,828.0,ECIC,,7.0,52414.0,52414.0,1.04828,MB,misc,False,9283.0,66393443.0,232788.0,9283.0,66393443.0,232788.0,7152.153721857158,25.07680706668103
2188,ECIC1,"External cortex of the inferior colliculus, layer 1",255.0,152.0,255.0,79410.0,828.0,ECIC,,7.0,14974.0,14974.0,0.29948,MB,1,False,2848.0,19337216.0,71402.0,2848.0,19337216.0,71402.0,6789.752808988764,25.070926966292134
2189,ECIC2,"External cortex of the inferior colliculus, layer 2",255.0,152.0,255.0,79420.0,828.0,ECIC,,7.0,8700.0,8700.0,0.174,MB,2,False,2138.0,15491841.0,53061.0,2138.0,15491841.0,53061.0,7245.949953227315,24.818054256314312
2190,ECIC3,"External cortex of the inferior colliculus, layer 3",255.0,152.0,255.0,79430.0,828.0,ECIC,,7.0,35614.0,35614.0,0.71228,MB,3,False,6616.0,48938794.0,164411.0,6616.0,48938794.0,164411.0,7397.036577992745,24.850513905683194
2457,Com,Commissural nucleus of the inferior colliculus,255.0,152.0,255.0,79440.0,4.0,IC,,6.0,922.0,922.0,0.01844,MB,Com,True,23.0,110166.0,611.0,23.0,110166.0,611.0,4789.826086956522,26.565217391304348
2475,ReIC,Recess of the inferior colliculus,255.0,152.0,255.0,79450.0,4.0,IC,,6.0,,0.0,0.0,MB,ReIC,False,,0.0,0.0,0.0,0.0,0.0,,
580,BIC,Nucleus of the brachium of the inferior colliculus,255.0,152.0,253.0,79500.0,339.0,MBsen,,5.0,9890.0,9890.0,0.1978,MB,BIC,True,1788.0,13234392.0,48457.0,1788.0,13234392.0,48457.0,7401.785234899329,27.101230425055927
271,Sag,Sagulum nucleus,255.0,152.0,251.0,79600.0,339.0,MBsen,,5.0,2380.0,2380.0,0.0476,MB,Sag,True,179.0,1196027.0,4447.0,179.0,1196027.0,4447.0,6681.715083798883,24.843575418994412
874,PBG,Parabigeminal nucleus,255.0,152.0,252.0,79700.0,339.0,MBsen,,5.0,4182.0,4182.0,0.08364,MB,PBG,True,665.0,5821544.0,17636.0,665.0,5821544.0,17636.0,8754.2015037594,26.5203007518797
2163,MiTg,Microcellular tegmental nucleus,255.0,152.0,252.0,79710.0,339.0,MBsen,,5.0,19718.0,19718.0,0.39436,MB,MiTg,True,2255.0,17355479.0,57089.0,2255.0,17355479.0,57089.0,7696.443015521064,25.316629711751663
460,Me5,Mesencephalic trigeminal nucleus,255.0,152.0,254.0,79800.0,339.0,MBsen,,5.0,,0.0,0.0,MB,Me5,False,,0.0,0.0,0.0,0.0,0.0,,
2108,SCO,Subcommissural organ ,255.0,152.0,254.0,79810.0,339.0,MBsen,,5.0,404.0,404.0,0.00808,MB,SCO,True,1.0,3524.0,22.0,1.0,3524.0,22.0,3524.0,22.0
965,MBmot_leaf,"Midbrain, motor related, leaf",255.0,132.0,255.0,79900.0,323.0,MBmot,,5.0,11112.0,11112.0,0.22224,MB,misc,False,2224.0,26443883.0,63271.0,2224.0,26443883.0,63271.0,11890.235161870503,28.449190647482013
323,MBmot,"Midbrain, motor related",255.0,132.0,255.0,79900.0,313.0,MB,,4.0,,843162.0,16.86324,MB,MBmot,False,,0.0,0.0,144308.0,1308752592.0,3934869.0,9069.161737395016,27.267157745932312
2147,mRt,Mesencephalic reticular formation,255.0,132.0,255.0,79910.0,323.0,MBmot,,5.0,112948.0,112948.0,2.25896,MB,mRt,True,22412.0,200678043.0,621468.0,22412.0,200678043.0,621468.0,8954.04439585936,27.729252186328754
2131,p1Rt,prosomere 1 reticular formation,255.0,132.0,255.0,79920.0,323.0,MBmot,,5.0,115584.0,115584.0,2.31168,MB,p1Rt,True,24482.0,229169487.0,654777.0,24482.0,229169487.0,654777.0,9360.733886120415,26.745241401846254
2181,isRt,Isthmic reticular formation,255.0,132.0,255.0,79930.0,323.0,MBmot,,5.0,39454.0,39454.0,0.78908,MB,isRt,True,8001.0,91440959.0,227558.0,8001.0,91440959.0,227558.0,11428.691288588927,28.44119485064367
2154,PaR,Pararubral nucleus,255.0,132.0,255.0,79940.0,323.0,MBmot,,5.0,7596.0,7596.0,0.15192,MB,PaR,True,1688.0,16247836.0,46276.0,1688.0,16247836.0,46276.0,9625.495260663507,27.414691943127963
381,SNR,"Substantia nigra, reticular part",255.0,178.0,247.0,80000.0,323.0,MBmot,,5.0,76214.0,76214.0,1.52428,MB,SNR,True,11373.0,116069608.0,300507.0,11373.0,116069608.0,300507.0,10205.715994020928,26.42284357689264
1997,VTA_leaf,"Ventral tegmental area, leaf",255.0,178.0,246.0,80100.0,749.0,VTA,,6.0,2072.0,2072.0,0.04144,MB,misc,False,80.0,1349997.0,2484.0,80.0,1349997.0,2484.0,16874.9625,31.05
749,VTA,Ventral tegmental area,255.0,178.0,246.0,80100.0,323.0,MBmot,,5.0,,44500.0,0.89,MB,VTA,True,,0.0,0.0,8632.0,113002053.0,250801.0,13091.06267377201,29.054796107506952
2138,PN,Paranigral nucleus of the VTA,255.0,178.0,246.0,80110.0,749.0,VTA,,6.0,3750.0,3750.0,0.075,MB,PN,False,392.0,3558314.0,10835.0,392.0,3558314.0,10835.0,9077.331632653062,27.64030612244898
2144,PIF,Parainterfascicular nucleus of the VTA,255.0,178.0,246.0,80120.0,749.0,VTA,,6.0,4764.0,4764.0,0.09528,MB,PIF,False,895.0,10004640.0,25884.0,895.0,10004640.0,25884.0,11178.3687150838,28.920670391061453
2124,PBP,Parabranchial pigmented nucleus of the VTA,255.0,178.0,246.0,80130.0,749.0,VTA,,6.0,27716.0,27716.0,0.55432,MB,PBP,False,5862.0,77422753.0,170032.0,5862.0,77422753.0,170032.0,13207.566189013989,29.0058000682361
2427,VTAR,"Ventral tegmental area, rostral part",255.0,178.0,246.0,80140.0,749.0,VTA,,6.0,6198.0,6198.0,0.12396,MB,VTAR,False,1403.0,20666349.0,41566.0,1403.0,20666349.0,41566.0,14730.11332858161,29.626514611546686
2112,RI,Rostral interstitial nucleus of the medial longitudinal fasciculus,255.0,178.0,246.0,80150.0,313.0,MB,,4.0,2166.0,2166.0,0.04332,MB,RI,False,557.0,5109957.0,15340.0,557.0,5109957.0,15340.0,9174.070017953321,27.54039497307002
2101,DA11,DA11 dopamine cells,255.0,178.0,246.0,80160.0,313.0,MB,,4.0,882.0,882.0,0.01764,MB,DA11,False,217.0,2137523.0,5780.0,217.0,2137523.0,5780.0,9850.336405529953,26.63594470046083
2106,RIs_leaf,"Retroisthmic nucleus, leaf",255.0,178.0,249.0,80200.0,246.0,RIs,,6.0,7002.0,7002.0,0.14004,MB,misc,False,1549.0,12520733.0,40963.0,1549.0,12520733.0,40963.0,8083.107165913492,26.444803098773402
246,RIs,Retroisthmic nucleus,255.0,178.0,249.0,80200.0,323.0,MBmot,,5.0,,16344.0,0.32688,MB,RIs,False,,0.0,0.0,3749.0,39899635.0,105413.0,10642.740730861564,28.117631368364897
2153,RRF,Retrorubral field,255.0,178.0,249.0,80210.0,246.0,RIs,,6.0,9342.0,9342.0,0.18684,MB,RRF,True,2200.0,27378902.0,64450.0,2200.0,27378902.0,64450.0,12444.955454545454,29.295454545454547
294,SCm,"Superior colliculus, motor related",255.0,178.0,248.0,80700.0,2476.0,SC,,6.0,,307220.0,6.1444,MB,SCm,True,,0.0,0.0,45657.0,325047804.0,1209105.0,7119.342138116827,26.482357579341613
26,DpG,Deep gray layer of the superior colliculus,255.0,178.0,248.0,80800.0,294.0,SCm,,7.0,70512.0,70512.0,1.41024,MB,DpG,False,11272.0,80705130.0,307644.0,11272.0,80705130.0,307644.0,7159.787970191625,27.292760823278922
42,DpWh,Deep white layer of the superior colliculus,255.0,178.0,248.0,80900.0,294.0,SCm,,7.0,27790.0,27790.0,0.5558,MB,DpWh,False,3850.0,27419304.0,106936.0,3850.0,27419304.0,106936.0,7121.897142857143,27.775584415584415
17,InWh,Intermediate white layer of the superior colliculus,255.0,178.0,248.0,81000.0,294.0,SCm,,7.0,102718.0,102718.0,2.05436,MB,InWh,False,13933.0,95754360.0,365479.0,13933.0,95754360.0,365479.0,6872.486901600517,26.23117777937271
10,InG,Intermediate gray layer of the superior colliculus,255.0,178.0,248.0,81100.0,294.0,SCm,,7.0,106200.0,106200.0,2.124,MB,InG,False,16602.0,121169010.0,429046.0,16602.0,121169010.0,429046.0,7298.4586194434405,25.843030960125287
795,PAG,Periaqueductal gray,255.0,144.0,255.0,81500.0,323.0,MBmot,,5.0,,198442.0,3.96884,MB,PAG,False,,0.0,0.0,29708.0,229819533.0,826825.0,7735.947657196714,27.83172882725192
2083,PAG_leaf,"Periaqueductal gray, leaf",255.0,144.0,255.0,81500.0,795.0,PAG,,6.0,14946.0,14946.0,0.29892,MB,misc,False,2219.0,17540300.0,63832.0,2219.0,17540300.0,63832.0,7904.5966651644885,28.766110860748086
2141,DMPAG,Dorsomedial periaqueductal gray,255.0,144.0,255.0,81510.0,795.0,PAG,,6.0,25416.0,25416.0,0.50832,MB,DM,True,1774.0,10297468.0,46545.0,1774.0,10297468.0,46545.0,5804.660653889515,26.23731679819617
2142,LPAG,Lateral periaqueductal gray,255.0,144.0,255.0,81520.0,795.0,PAG,,6.0,73264.0,73264.0,1.46528,MB,L,True,12314.0,94270920.0,346145.0,12314.0,94270920.0,346145.0,7655.588760760111,28.109874939093714
2143,PlPAG,Pleoglial periaqueductal gray,255.0,144.0,255.0,81530.0,795.0,PAG,,6.0,56.0,56.0,0.00112,MB,Pl,True,2.0,14176.0,78.0,2.0,14176.0,78.0,7088.0,39.0
2148,DLPAG,Dorsolateral periaqueductal gray,255.0,144.0,255.0,81540.0,795.0,PAG,,6.0,23912.0,23912.0,0.47824,MB,DL,True,2700.0,18208831.0,73979.0,2700.0,18208831.0,73979.0,6744.0114814814815,27.39962962962963
2162,VLPAG,Ventrolateral periaqueductal gray,255.0,144.0,255.0,81550.0,795.0,PAG,,6.0,38930.0,38930.0,0.7786,MB,VL,True,6825.0,57672825.0,188002.0,6825.0,57672825.0,188002.0,8450.23076923077,27.546080586080585
2114,p1PAG,prosomere 1 periaqueductal gray,255.0,144.0,255.0,81560.0,795.0,PAG,,6.0,21918.0,21918.0,0.43836,MB,p1,True,3874.0,31815013.0,108244.0,3874.0,31815013.0,108244.0,8212.44527620031,27.94114610221993
2123,Lth,Lithoid nucleus,255.0,144.0,255.0,81570.0,323.0,MBmot,,5.0,1930.0,1930.0,0.0386,MB,Lth,True,307.0,2641077.0,8983.0,307.0,2641077.0,8983.0,8602.85667752443,29.26058631921824
50,PrC,Precommissural nucleus,255.0,144.0,255.0,81600.0,323.0,MBmot,,5.0,5932.0,5932.0,0.11864,MB,PrC,True,582.0,3972108.0,16030.0,582.0,3972108.0,16030.0,6824.927835051546,27.542955326460483
67,InC,Interstitial nucleus of Cajal,255.0,145.0,255.0,81700.0,323.0,MBmot,,5.0,,9242.0,0.18484,MB,InC,True,,0.0,0.0,1113.0,8042922.0,31507.0,7226.345013477089,28.30817610062893
2084,InC_leaf,"Interstitial nucleus of Cajal, leaf",255.0,145.0,255.0,81700.0,67.0,InC,,6.0,4572.0,4572.0,0.09144,MB,misc,False,522.0,3584105.0,14440.0,522.0,3584105.0,14440.0,6866.10153256705,27.662835249042146
2129,InCSh,"Interstitial nucleus of Cajal, shell region",255.0,145.0,255.0,81710.0,67.0,InC,,6.0,4670.0,4670.0,0.0934,MB,InCSh,False,591.0,4458817.0,17067.0,591.0,4458817.0,17067.0,7544.529610829103,28.878172588832488
587,Dk,Nucleus of Darkschewitsch,255.0,146.0,255.0,81800.0,323.0,MBmot,,5.0,4498.0,4498.0,0.08996,MB,Dk,True,698.0,5062897.0,19539.0,698.0,5062897.0,19539.0,7253.434097421204,27.992836676217767
2152,Su3C,Supraoculomotor cap,255.0,146.0,255.0,81810.0,323.0,MBmot,,5.0,5096.0,5096.0,0.10192,MB,Su3C,True,961.0,7565196.0,25915.0,961.0,7565196.0,25915.0,7872.212278876171,26.966701352757543
2156,Su3,Supraoculomotor periaqueductal gray,255.0,146.0,255.0,81820.0,323.0,MBmot,,5.0,3724.0,3724.0,0.07448,MB,Su3,True,643.0,5360682.0,17643.0,643.0,5360682.0,17643.0,8336.98600311042,27.438569206842924
1100,PRT,Pretectal region,255.0,176.0,250.0,81900.0,323.0,MBmot,,5.0,,77288.0,1.54576,MB,PRT,False,,0.0,0.0,11727.0,75254370.0,288494.0,6417.188539268355,24.60083567834911
215,APT,Anterior pretectal nucleus,255.0,176.0,249.0,82000.0,1100.0,PRT,,6.0,,54116.0,1.08232,MB,APT,True,,0.0,0.0,7757.0,44219282.0,184046.0,5700.564909114349,23.726440634265824
1981,APT_leaf,"Anterior pretectal nucleus, leaf",255.0,176.0,249.0,82000.0,215.0,APT,,7.0,16822.0,16822.0,0.33644,MB,misc,False,2457.0,14338795.0,58691.0,2457.0,14338795.0,58691.0,5835.895400895401,23.887260887260886
2099,APTD,"Anterior pretectal nucleus, dorsal part",255.0,176.0,249.0,82010.0,215.0,APT,,7.0,29382.0,29382.0,0.58764,MB,APTD,False,4382.0,24880532.0,103724.0,4382.0,24880532.0,103724.0,5677.894112277499,23.670470104974896
2100,APTV,"Anterior pretectal nucleus, ventral part",255.0,176.0,249.0,82020.0,215.0,APT,,7.0,7912.0,7912.0,0.15824,MB,APTV,False,918.0,4999955.0,21631.0,918.0,4999955.0,21631.0,5446.574074074074,23.56318082788671
531,MPT,Medial pretectal area,255.0,176.0,248.0,82100.0,1100.0,PRT,,6.0,3474.0,3474.0,0.06948,MB,MPT,True,503.0,4113235.0,13356.0,503.0,4113235.0,13356.0,8177.405566600398,26.552683896620277
2415,ReC,Retrocommissural nucleus,255.0,176.0,248.0,82110.0,1100.0,PRT,,6.0,1582.0,1582.0,0.03164,MB,ReC,True,145.0,1032292.0,3997.0,145.0,1032292.0,3997.0,7119.255172413793,27.56551724137931
628,OT,Nucleus of the optic tract,255.0,176.0,247.0,82200.0,1100.0,PRT,,6.0,5314.0,5314.0,0.10628,MB,OT,True,798.0,5322258.0,20299.0,798.0,5322258.0,20299.0,6669.496240601504,25.43734335839599
634,PCom,Nucleus of the posterior commissure,255.0,176.0,246.0,82300.0,1100.0,PRT,,6.0,,5990.0,0.1198,MB,PCom,True,,0.0,0.0,902.0,7211711.0,24913.0,7995.245011086475,27.619733924611975
1984,PCom_leaf,"Nucleus of the posterior commissure, leaf",255.0,176.0,246.0,82300.0,634.0,PCom,,7.0,3894.0,3894.0,0.07788,MB,misc,False,491.0,3749148.0,13309.0,491.0,3749148.0,13309.0,7635.739307535641,27.105906313645622
2121,MCPC,Magnocellular nucleus of the posterior commissure,255.0,176.0,246.0,82310.0,634.0,PCom,,7.0,2096.0,2096.0,0.04192,MB,MCPC,False,411.0,3462563.0,11604.0,411.0,3462563.0,11604.0,8424.727493917275,28.233576642335766
706,OPT,Olivary pretectal nucleus,255.0,176.0,245.0,82400.0,1100.0,PRT,,6.0,3682.0,3682.0,0.07364,MB,OPT,True,753.0,5681418.0,19234.0,753.0,5681418.0,19234.0,7545.043824701195,25.54316069057105
1061,PPT,Posterior pretectal nucleus,255.0,176.0,244.0,82500.0,1100.0,PRT,,6.0,1592.0,1592.0,0.03184,MB,PPT,True,414.0,3126252.0,10093.0,414.0,3126252.0,10093.0,7551.333333333333,24.379227053140095
2122,RPF,Retroparafascicular nucleus,255.0,176.0,244.0,82510.0,1100.0,PRT,,6.0,1538.0,1538.0,0.03076,MB,RPF,True,455.0,4547922.0,12556.0,455.0,4547922.0,12556.0,9995.432967032966,27.595604395604397
1993,CnF_leaf,"Cuneiform nucleus, leaf",255.0,178.0,254.0,82600.0,616.0,CnF,,6.0,23850.0,23850.0,0.477,MB,misc,False,4856.0,39805870.0,121403.0,4856.0,39805870.0,121403.0,8197.254942339374,25.000617792421746
616,CnF,Cuneiform nucleus,255.0,178.0,254.0,82600.0,323.0,MBmot,,5.0,,49460.0,0.9892,MB,CnF,False,,0.0,0.0,8673.0,68888764.0,223523.0,7942.899112187248,25.77228179407356
2192,PrCnF,Precuneiform area,255.0,178.0,254.0,82610.0,616.0,CnF,,6.0,25610.0,25610.0,0.5122,MB,PrCnF,True,3817.0,29082894.0,102120.0,3817.0,29082894.0,102120.0,7619.306785433587,26.75399528425465
214,R,Red nucleus,255.0,134.0,249.0,82700.0,323.0,MBmot,,5.0,,32900.0,0.658,MB,R,False,,0.0,0.0,2836.0,26428021.0,80653.0,9318.766220028208,28.438998589562765
1994,R_leaf,"Red nucleus, leaf",255.0,134.0,249.0,82700.0,214.0,R,,6.0,680.0,680.0,0.0136,MB,misc,False,134.0,1765473.0,4074.0,134.0,1765473.0,4074.0,13175.171641791045,30.402985074626866
2137,RPC,"Red nucleus, parvicellular part",255.0,134.0,249.0,82710.0,214.0,R,,6.0,18820.0,18820.0,0.3764,MB,RPC,True,1925.0,17331316.0,54195.0,1925.0,17331316.0,54195.0,9003.281038961039,28.153246753246755
2139,RMC,"Red nucleus, magnocellular part",255.0,134.0,249.0,82720.0,214.0,R,,6.0,13400.0,13400.0,0.268,MB,RMC,True,777.0,7331232.0,22384.0,777.0,7331232.0,22384.0,9435.305019305019,28.80823680823681
2136,MA3,Medial accessory oculomotor nucleus,255.0,168.0,255.0,82730.0,323.0,MBmot,,5.0,2152.0,2152.0,0.04304,MB,MA3,True,437.0,3451635.0,12277.0,437.0,3451635.0,12277.0,7898.478260869565,28.093821510297484
2113,3N_leaf,"Oculomotor nerve, leaf",255.0,168.0,255.0,82800.0,35.0,3N,,6.0,2910.0,2910.0,0.0582,MB,misc,False,292.0,2242549.0,8281.0,292.0,2242549.0,8281.0,7679.962328767123,28.35958904109589
35,3N,Oculomotor nerve,255.0,168.0,255.0,82800.0,323.0,MBmot,,5.0,,5132.0,0.10264,MB,3N,False,,0.0,0.0,650.0,5111282.0,18323.0,7863.510769230769,28.189230769230768
2157,3PC,"Oculomotor nucleus, parvicellular part",255.0,168.0,255.0,82810.0,35.0,3N,,6.0,2222.0,2222.0,0.04444,MB,3PC,True,358.0,2868733.0,10042.0,358.0,2868733.0,10042.0,8013.2206703910615,28.050279329608937
1995,EW_leaf,"Edinger-Westphal nucleus, leaf",255.0,178.0,253.0,82900.0,975.0,EW,,6.0,688.0,688.0,0.01376,MB,misc,False,72.0,499416.0,2056.0,72.0,499416.0,2056.0,6936.333333333333,28.555555555555557
975,EW,Edinger-Westphal nucleus,255.0,178.0,253.0,82900.0,323.0,MBmot,,5.0,,1472.0,0.02944,MB,EW,False,,0.0,0.0,247.0,1977082.0,6994.0,8004.380566801619,28.31578947368421
2130,PrEW,Pre-Edinger-Westphal nucleus,255.0,178.0,253.0,82910.0,975.0,EW,,6.0,784.0,784.0,0.01568,MB,PrEW,True,175.0,1477666.0,4938.0,175.0,1477666.0,4938.0,8443.805714285714,28.217142857142857
115,4N,Trochlear nucleus,255.0,178.0,255.0,83000.0,323.0,MBmot,,5.0,,5072.0,0.10144,MB,4N,False,,0.0,0.0,873.0,9466202.0,26196.0,10843.30126002291,30.006872852233677
1998,4N_leaf,"Trochlear nucleus, leaf",255.0,178.0,255.0,83000.0,115.0,4N,,6.0,630.0,630.0,0.0126,MB,misc,False,75.0,679904.0,2063.0,75.0,679904.0,2063.0,9065.386666666667,27.506666666666668
2180,4Sh,Trochlear nucleus shell region,255.0,178.0,255.0,83010.0,115.0,4N,,6.0,674.0,674.0,0.01348,MB,4Sh,True,131.0,1207805.0,3728.0,131.0,1207805.0,3728.0,9219.885496183206,28.458015267175572
2179,Pa4,Paratrochlear nucleus,255.0,178.0,255.0,83020.0,115.0,4N,,6.0,3768.0,3768.0,0.07536,MB,Pa4,True,667.0,7578493.0,20405.0,667.0,7578493.0,20405.0,11362.058470764618,30.592203898050975
757,VTg,Ventral tegmental nucleus,255.0,177.0,250.0,83100.0,323.0,MBmot,,5.0,2896.0,2896.0,0.05792,MB,VTg,True,242.0,1754919.0,6629.0,242.0,1754919.0,6629.0,7251.731404958678,27.392561983471076
231,ATg,Anterior tegmental nucleus,255.0,177.0,252.0,83200.0,323.0,MBmot,,5.0,3152.0,3152.0,0.06304,MB,ATg,True,475.0,4099551.0,13470.0,475.0,4099551.0,13470.0,8630.633684210527,28.357894736842105
2168,Rbd,Rhabdoid nucleus,255.0,177.0,252.0,83210.0,323.0,MBmot,,5.0,590.0,590.0,0.0118,MB,Rbd,False,60.0,519583.0,1658.0,60.0,519583.0,1658.0,8659.716666666667,27.633333333333333
66,LT,Lateral terminal nucleus of the accessory optic tract,255.0,177.0,253.0,83300.0,323.0,MBmot,,5.0,750.0,750.0,0.015,MB,LT,False,196.0,1727891.0,4902.0,196.0,1727891.0,4902.0,8815.770408163266,25.010204081632654
75,DT,Dorsal terminal nucleus,255.0,177.0,253.0,83400.0,323.0,MBmot,,5.0,846.0,846.0,0.01692,MB,DT,True,164.0,1376286.0,4405.0,164.0,1376286.0,4405.0,8391.987804878048,26.859756097560975
58,MT,Medial terminal nucleus,255.0,177.0,253.0,83500.0,323.0,MBmot,,5.0,1312.0,1312.0,0.02624,MB,MT,True,373.0,5945462.0,10610.0,373.0,5945462.0,10610.0,15939.576407506702,28.445040214477213
615,SNL,"Substantia nigra, lateral part",255.0,178.0,247.0,83600.0,323.0,MBmot,,5.0,7524.0,7524.0,0.15048,MB,SNL,True,782.0,7335625.0,20222.0,782.0,7335625.0,20222.0,9380.59462915601,25.85933503836317
348,MBsta,"Midbrain, behavioral state related",255.0,176.0,253.0,83700.0,313.0,MB,,4.0,,97602.0,1.95204,MB,MBsta,False,,0.0,0.0,18990.0,218813931.0,536228.0,11522.587203791469,28.237388098999475
1996,SNC_leaf,"Substantia nigra, compact part, leaf",255.0,158.0,248.0,83800.0,374.0,SNC,,6.0,188.0,188.0,0.00376,MB,misc,False,49.0,597263.0,1386.0,49.0,597263.0,1386.0,12189.040816326531,28.285714285714285
374,SNC,"Substantia nigra, compact part",255.0,158.0,248.0,83800.0,348.0,MBsta,,5.0,,13610.0,0.2722,MB,SNC,True,,0.0,0.0,3021.0,43138917.0,84604.0,14279.681231380338,28.005296259516715
2134,SNCD,"Substantia nigra, compact part, dorsal tier",255.0,158.0,248.0,83810.0,374.0,SNC,,6.0,12968.0,12968.0,0.25936,MB,SNCD,False,2845.0,40351211.0,79535.0,2845.0,40351211.0,79535.0,14183.202460456941,27.956063268892795
2135,SNCM,"Substantia nigra, compact part, medial tier",255.0,158.0,248.0,83820.0,374.0,SNC,,6.0,454.0,454.0,0.00908,MB,SNCM,False,127.0,2190443.0,3683.0,127.0,2190443.0,3683.0,17247.582677165356,29.0
1052,PTg,Pedunculotegmental nucleus,255.0,158.0,255.0,83900.0,348.0,MBsta,,5.0,,32156.0,0.64312,MB,PTg,False,,0.0,0.0,8238.0,109079577.0,235282.0,13241.026584122359,28.56057295460063
1992,PTg_leaf,"Pedunculotegmental nucleus, leaf",255.0,158.0,255.0,83900.0,1052.0,PTg,,6.0,23884.0,23884.0,0.47768,MB,misc,False,6183.0,83455342.0,176032.0,6183.0,83455342.0,176032.0,13497.548439268963,28.470321850234512
2183,SPTg,Subpeduncular tegmental nucleus,255.0,158.0,255.0,83910.0,1052.0,PTg,,6.0,8272.0,8272.0,0.16544,MB,SPTg,True,2055.0,25624235.0,59250.0,2055.0,25624235.0,59250.0,12469.214111922141,28.83211678832117
165,RAmb,Midbrain raphÈ nuclei,255.0,158.0,254.0,84000.0,348.0,MBsta,,5.0,,51836.0,1.03672,MB,RAmb,False,,0.0,0.0,7731.0,66595437.0,216342.0,8614.077997671711,27.983701979045403
12,IF,Interfascicular nucleus,255.0,158.0,251.0,84100.0,165.0,RAmb,,6.0,2028.0,2028.0,0.04056,MB,IF,True,229.0,2084327.0,6631.0,229.0,2084327.0,6631.0,9101.86462882096,28.95633187772926
100,IP,Interpeduncular nucleus,255.0,158.0,247.0,84200.0,165.0,RAmb,,6.0,,17740.0,0.3548,MB,IP,True,,0.0,0.0,1580.0,12252132.0,43271.0,7754.513924050633,27.386708860759494
2140,IPR,"Interpeduncular nucleus, rostral subnucleus",255.0,158.0,247.0,84210.0,100.0,IP,,7.0,4672.0,4672.0,0.09344,MB,R,False,224.0,1647042.0,6407.0,224.0,1647042.0,6407.0,7352.866071428572,28.602678571428573
2145,IPL,"Interpeduncular nucleus, lateral subnucleus",255.0,158.0,247.0,84220.0,100.0,IP,,7.0,2996.0,2996.0,0.05992,MB,L,False,323.0,2603254.0,8711.0,323.0,2603254.0,8711.0,8059.609907120743,26.96904024767802
2146,IPC,"Interpeduncular nucleus, caudal subnucleus",255.0,158.0,247.0,84230.0,100.0,IP,,7.0,3508.0,3508.0,0.07016,MB,C,False,347.0,2523805.0,9221.0,347.0,2523805.0,9221.0,7273.2132564841495,26.57348703170029
2149,IPDM,"Interpeduncular nucleus, dorsomedial subnucleus",255.0,158.0,247.0,84240.0,100.0,IP,,7.0,1266.0,1266.0,0.02532,MB,DM,False,97.0,862393.0,3127.0,97.0,862393.0,3127.0,8890.649484536083,32.23711340206186
2151,IPDL,"Interpeduncular nucleus, dorsolateral subnucleus",255.0,158.0,247.0,84250.0,100.0,IP,,7.0,1270.0,1270.0,0.0254,MB,DL,False,97.0,755669.0,2767.0,97.0,755669.0,2767.0,7790.40206185567,28.52577319587629
2150,IPI,"Interpeduncular nucleus, intermediate subnucleus",255.0,158.0,247.0,84260.0,100.0,IP,,7.0,3798.0,3798.0,0.07596,MB,I,False,446.0,3388562.0,11733.0,446.0,3388562.0,11733.0,7597.67264573991,26.307174887892376
2160,IPA,"Interpeduncular nucleus, apical subnucleus",255.0,158.0,247.0,84270.0,100.0,IP,,7.0,230.0,230.0,0.0046,MB,A,False,46.0,471407.0,1305.0,46.0,471407.0,1305.0,10247.978260869566,28.369565217391305
197,RLi ,Rostral linear nucleus (midbrain),255.0,158.0,249.0,84300.0,165.0,RAmb,,6.0,4748.0,4748.0,0.09496,MB,RLi ,True,771.0,6733084.0,22370.0,771.0,6733084.0,22370.0,8732.923476005188,29.01426718547341
591,CLi,Caudal linear nucleus of the raphÈ,255.0,158.0,253.0,84400.0,165.0,RAmb,,6.0,2348.0,2348.0,0.04696,MB,CLi,True,439.0,4263989.0,12154.0,439.0,4263989.0,12154.0,9712.958997722095,27.685649202733487
1990,DR_leaf,"Dorsal raphÈ nucleus, leaf",255.0,158.0,252.0,84500.0,872.0,DR,,7.0,1178.0,1178.0,0.02356,MB,misc,False,140.0,1098061.0,3736.0,140.0,1098061.0,3736.0,7843.292857142857,26.685714285714287
872,DR,Dorsal raphÈ nucleus,255.0,158.0,252.0,84500.0,165.0,RAmb,,6.0,,24972.0,0.49944,MB,DR,True,,0.0,0.0,4712.0,41261905.0,131916.0,8756.771010186758,27.995755517826826
2173,DRC,"Dorsal raphÈ nucleus, caudal part",255.0,158.0,252.0,84510.0,872.0,DR,,7.0,1798.0,1798.0,0.03596,MB,C,False,312.0,2393888.0,8105.0,312.0,2393888.0,8105.0,7672.717948717948,25.977564102564102
2174,DRD,"Dorsal raphÈ nucleus, dorsal part",255.0,158.0,252.0,84520.0,872.0,DR,,7.0,2554.0,2554.0,0.05108,MB,D,False,368.0,2692377.0,9856.0,368.0,2692377.0,9856.0,7316.241847826087,26.782608695652176
2175,DRI,Dorsal raphÈ interfascicular part,255.0,158.0,252.0,84530.0,872.0,DR,,7.0,748.0,748.0,0.01496,MB,I,False,105.0,766472.0,2837.0,105.0,766472.0,2837.0,7299.733333333334,27.01904761904762
2176,DRL,"Dorsal raphÈ nucleus, lateral part",255.0,158.0,252.0,84540.0,872.0,DR,,7.0,7078.0,7078.0,0.14156,MB,L,False,1344.0,12270252.0,39139.0,1344.0,12270252.0,39139.0,9129.651785714286,29.121279761904763
2177,DRV,"Dorsal raphÈ nucleus, ventral part",255.0,158.0,252.0,84550.0,872.0,DR,,7.0,2856.0,2856.0,0.05712,MB,V,False,518.0,3964947.0,13968.0,518.0,3964947.0,13968.0,7654.3378378378375,26.965250965250966
2178,PDR,Posterodorsal raphÈ nucleus,255.0,158.0,252.0,84560.0,872.0,DR,,7.0,8760.0,8760.0,0.1752,MB,P,False,1925.0,18075908.0,54275.0,1925.0,18075908.0,54275.0,9390.082077922078,28.194805194805195
1065,HB,Hindbrain,255.0,155.0,168.0,84600.0,343.0,BS,,3.0,,2091336.0,41.82672,,HB,False,,0.0,0.0,397231.0,4707710106.0,10243832.0,11851.316000010069,25.788098109160664
1350,P_leaf,"Pons, leaf",255.0,155.0,136.0,84700.0,771.0,P,,5.0,20684.0,20684.0,0.41368,P,misc,False,4310.0,68722251.0,114785.0,4310.0,68722251.0,114785.0,15944.837819025523,26.632250580046403
771,P,Pons,255.0,155.0,136.0,84700.0,1065.0,HB,,4.0,,680660.0,13.6132,P,P,False,,0.0,0.0,127586.0,1531622533.0,3359457.0,12004.628509397582,26.33092188798144
1132,P-sen,"Pons, sensory related",255.0,170.0,98.0,84800.0,771.0,P,,5.0,,184076.0,3.68152,P,P-sen,False,,0.0,0.0,27752.0,347840802.0,720710.0,12533.900331507639,25.969659844335542
1134,PL_leaf,"Paralemniscal nucleus, leaf",255.0,170.0,97.0,84900.0,612.0,PL,,7.0,9498.0,9498.0,0.18996,P,misc,False,1316.0,15251576.0,36247.0,1316.0,15251576.0,36247.0,11589.343465045593,27.543313069908816
612,PL,Paralemniscal nucleus,255.0,170.0,97.0,84900.0,1132.0,P-sen,,6.0,,45924.0,0.91848,P,PL,False,,0.0,0.0,4643.0,52574142.0,125452.0,11323.312944217101,27.019599396941633
82,DLL,Dorsal nucleus of the lateral lemniscus,255.0,170.0,97.0,85000.0,612.0,PL,,7.0,5042.0,5042.0,0.10084,P,DLL,False,529.0,4357109.0,13555.0,529.0,4357109.0,13555.0,8236.500945179585,25.623818525519848
99,VLL,Ventral nucleus of the lateral lemniscus,255.0,170.0,97.0,85200.0,612.0,PL,,7.0,15558.0,15558.0,0.31116,P,VLL,False,842.0,11210953.0,22647.0,842.0,11210953.0,22647.0,13314.671021377671,26.89667458432304
2172,ILL,Intermediate nucleus of the lateral lemniscus,255.0,170.0,97.0,85210.0,612.0,PL,,7.0,13536.0,13536.0,0.27072,P,ILL,False,1509.0,17003963.0,40768.0,1509.0,17003963.0,40768.0,11268.365142478462,27.016567263088138
2184,TrLL,"Triangular nucleus, lateral lemniscus",255.0,170.0,97.0,85220.0,612.0,PL,,7.0,2290.0,2290.0,0.0458,P,TrLL,False,447.0,4750541.0,12235.0,447.0,4750541.0,12235.0,10627.608501118568,27.371364653243848
1980,Pr5_leaf,"Principal sensory trigeminal nucleus, leaf",255.0,170.0,95.0,85300.0,7.0,Pr5,,7.0,14612.0,14612.0,0.29224,P,misc,False,2174.0,26038976.0,54002.0,2174.0,26038976.0,54002.0,11977.44986200552,24.83992640294388
7,Pr5,Principal sensory trigeminal nucleus,255.0,170.0,95.0,85300.0,1132.0,P-sen,,6.0,,58890.0,1.1778,P,Pr5,False,,0.0,0.0,8049.0,98653048.0,201640.0,12256.559572617716,25.05155919990061
2203,Pr5DM,"Principal sensory trigeminal nucleus, dorsomedial part",255.0,170.0,95.0,85310.0,7.0,Pr5,,7.0,16850.0,16850.0,0.337,P,DM,False,2661.0,39968044.0,69132.0,2661.0,39968044.0,69132.0,15019.933859451334,25.979706877113866
2202,Pr5VL,"Principal sensory trigeminal nucleus, ventrolateral part",255.0,170.0,95.0,85320.0,7.0,Pr5,,7.0,27428.0,27428.0,0.54856,P,VL,False,3214.0,32646028.0,78506.0,3214.0,32646028.0,78506.0,10157.444928438083,24.426260112009956
627,PB_leaf,"Parabrachial nucleus, leaf",255.0,170.0,96.0,85400.0,867.0,PB,,7.0,488.0,488.0,0.00976,P,misc,False,179.0,2685241.0,4714.0,179.0,2685241.0,4714.0,15001.346368715083,26.335195530726256
867,PB,Parabrachial nucleus,255.0,170.0,96.0,85400.0,1132.0,P-sen,,6.0,,39660.0,0.7932,P,PB,False,,0.0,0.0,13057.0,175560905.0,336739.0,13445.730642567205,25.78992111511067
123,KF,Kolliker-Fuse nucleus,255.0,165.0,96.0,85500.0,867.0,PB,,7.0,1598.0,1598.0,0.03196,P,KF,False,613.0,9838908.0,16129.0,613.0,9838908.0,16129.0,16050.42088091354,26.3115823817292
1292,LPB_leaf,"Lateral parabrachial nucleus, leaf",255.0,169.0,96.0,85600.0,881.0,LPB,,8.0,6484.0,6484.0,0.12968,P,misc,False,1976.0,24591509.0,49828.0,1976.0,24591509.0,49828.0,12445.09564777328,25.2165991902834
881,LPB,Lateral parabrachial nucleus,255.0,169.0,96.0,85600.0,867.0,PB,,7.0,,21418.0,0.42836,P,LPB,False,,0.0,0.0,7418.0,97577433.0,187621.0,13154.143030466434,25.2926664869237
860,LPBC,"Lateral parabrachial nucleus, central part",255.0,169.0,96.0,85700.0,881.0,LPB,,8.0,1814.0,1814.0,0.03628,P,C,False,680.0,9492915.0,17561.0,680.0,9492915.0,17561.0,13960.16911764706,25.825
2458,LPBCr,"Lateral parabrachial nucleus, crescent part",255.0,169.0,96.0,85710.0,881.0,LPB,,8.0,2156.0,2156.0,0.04312,P,Cr,False,810.0,11863266.0,20824.0,810.0,11863266.0,20824.0,14646.007407407407,25.70864197530864
868,LPBD,"Lateral parabrachial nucleus, dorsal part",255.0,169.0,96.0,85800.0,881.0,LPB,,8.0,2084.0,2084.0,0.04168,P,D,False,825.0,9934756.0,19909.0,825.0,9934756.0,19909.0,12042.128484848485,24.132121212121213
875,LPBE,"Lateral parabrachial nucleus, external part",255.0,169.0,96.0,85900.0,881.0,LPB,,8.0,3416.0,3416.0,0.06832,P,E,False,1194.0,17122693.0,31106.0,1194.0,17122693.0,31106.0,14340.613902847572,26.051926298157454
883,LPBS,"Lateral parabrachial nucleus, superior part",255.0,169.0,96.0,86000.0,881.0,LPB,,8.0,1354.0,1354.0,0.02708,P,S,False,536.0,7152442.0,13599.0,536.0,7152442.0,13599.0,13344.108208955224,25.371268656716417
891,LPBV,"Lateral parabrachial nucleus, ventral part",255.0,169.0,96.0,86100.0,881.0,LPB,,8.0,2380.0,2380.0,0.0476,P,V,False,882.0,11813605.0,22271.0,882.0,11813605.0,22271.0,13394.109977324262,25.250566893424036
2213,LPBI,"Lateral parabrachial nucleus, internal part",255.0,169.0,96.0,86110.0,881.0,LPB,,8.0,1730.0,1730.0,0.0346,P,I,False,515.0,5606247.0,12523.0,515.0,5606247.0,12523.0,10885.91650485437,24.316504854368933
894,MPB_leaf,"Medial parabrachial nucleus, leaf",255.0,168.0,96.0,86200.0,890.0,MPB,,8.0,13950.0,13950.0,0.279,P,misc,False,4196.0,55485798.0,110306.0,4196.0,55485798.0,110306.0,13223.498093422308,26.28836987607245
890,MPB,Medial parabrachial nucleus,255.0,168.0,96.0,86200.0,867.0,PB,,7.0,,16156.0,0.32312,P,MPB,False,,0.0,0.0,4847.0,65459323.0,128275.0,13505.121312151847,26.464823602228183
899,MPBE,"Medial parabrachial nucleus, external part",255.0,168.0,96.0,86300.0,890.0,MPB,,8.0,2206.0,2206.0,0.04412,P,E,False,651.0,9973525.0,17969.0,651.0,9973525.0,17969.0,15320.31490015361,27.602150537634408
398,SOC,Superior olivary complex,255.0,170.0,94.0,86600.0,1132.0,P-sen,,6.0,,39602.0,0.79204,P,SOC,False,,0.0,0.0,2003.0,21052707.0,56879.0,10510.587618572143,28.396904643035448
122,POR,"Superior olivary complex, periolivary nucleus",255.0,170.0,94.0,86700.0,398.0,SOC,,7.0,,10460.0,0.2092,P,POR,False,,0.0,0.0,496.0,6078095.0,13593.0,12254.223790322581,27.405241935483872
2207,LVPO,Lateroventral periolivary nucleus,255.0,170.0,94.0,86710.0,122.0,POR,,8.0,2688.0,2688.0,0.05376,P,LVPO,False,67.0,618986.0,1984.0,67.0,618986.0,1984.0,9238.597014925374,29.611940298507463
2208,MVPO,Medioventral periolivary nucleus,255.0,170.0,94.0,86720.0,122.0,POR,,8.0,4770.0,4770.0,0.0954,P,MVPO,False,126.0,1389408.0,3706.0,126.0,1389408.0,3706.0,11027.047619047618,29.41269841269841
2209,DPO,Dorsal periolivary region,255.0,170.0,94.0,86730.0,122.0,POR,,8.0,3002.0,3002.0,0.06004,P,DPO,False,303.0,4069701.0,7903.0,303.0,4069701.0,7903.0,13431.356435643564,26.082508250825082
2227,CPO,Caudal periolivary nucleus,255.0,170.0,94.0,86740.0,122.0,POR,,8.0,,0.0,0.0,P,CPO,False,,0.0,0.0,0.0,0.0,0.0,,
2456,SPO,Superior paraolivary nucleus,255.0,170.0,94.0,86750.0,398.0,SOC,,7.0,8588.0,8588.0,0.17176,P,SPO,False,754.0,6783512.0,21634.0,754.0,6783512.0,21634.0,8996.70026525199,28.692307692307693
105,MSO,Medial superior olive,255.0,170.0,94.0,86800.0,398.0,SOC,,7.0,848.0,848.0,0.01696,P,MSO,False,28.0,398745.0,867.0,28.0,398745.0,867.0,14240.892857142857,30.964285714285715
114,LSO,Lateral superior olive,255.0,170.0,94.0,86900.0,398.0,SOC,,7.0,13210.0,13210.0,0.2642,P,LSO,False,433.0,4548563.0,12580.0,433.0,4548563.0,12580.0,10504.764434180139,29.05311778290993
2187,CAT,Nucleus of the central acoustic tract,255.0,170.0,94.0,86910.0,398.0,SOC,,7.0,6496.0,6496.0,0.12992,P,CAT,False,292.0,3243792.0,8205.0,292.0,3243792.0,8205.0,11108.876712328767,28.09931506849315
987,P-mot,"Pons, motor related",255.0,174.0,92.0,87000.0,771.0,P,,5.0,,240302.0,4.80604,P,P-mot,False,,0.0,0.0,43606.0,501068586.0,1120839.0,11490.81745631335,25.703779296427097
2505,Bar_leaf,"Barrington's nucleus, leaf",255.0,174.0,80.0,87100.0,280.0,Bar,,7.0,898.0,898.0,0.01796,P,misc,False,280.0,2688813.0,6834.0,280.0,2688813.0,6834.0,9602.903571428571,24.40714285714286
280,Bar,Barrington's nucleus,255.0,174.0,80.0,87100.0,987.0,P-mot,,6.0,,5908.0,0.11816,P,Bar,False,,0.0,0.0,2020.0,21895287.0,51500.0,10839.25099009901,25.495049504950494
2459,Bard,"Barrington's nucleus, dorsal part",255.0,174.0,80.0,87110.0,280.0,Bar,,7.0,2188.0,2188.0,0.04376,P,d,False,765.0,8273546.0,19461.0,765.0,8273546.0,19461.0,10815.092810457516,25.43921568627451
2460,Barv,"Barrington's nucleus, ventral part",255.0,174.0,80.0,87120.0,280.0,Bar,,7.0,2822.0,2822.0,0.05644,P,b,False,975.0,10932928.0,25205.0,975.0,10932928.0,25205.0,11213.259487179486,25.851282051282052
880,DTg,Dorsal tegmental nucleus,255.0,174.0,87.0,87200.0,987.0,P-mot,,6.0,,14104.0,0.28208,P,DTg,False,,0.0,0.0,2556.0,19726542.0,64151.0,7717.739436619719,25.098200312989047
2210,DTgC,"Dorsal tegmental nucleus, central part",255.0,174.0,87.0,87210.0,880.0,DTg,,7.0,3452.0,3452.0,0.06904,P,DTgC,False,627.0,4680571.0,16018.0,627.0,4680571.0,16018.0,7465.025518341307,25.547049441786285
2201,DTgP,"Dorsal tegmental nucleus, pericentral part",255.0,174.0,87.0,87220.0,880.0,DTg,,7.0,3986.0,3986.0,0.07972,P,DTgP,False,763.0,5608994.0,18958.0,763.0,5608994.0,18958.0,7351.237221494102,24.846657929226737
2230,PDTg,Posterodorsal tegmental nucleus,255.0,174.0,87.0,87230.0,880.0,DTg,,7.0,6666.0,6666.0,0.13332,P,PDTg,False,1166.0,9436977.0,29175.0,1166.0,9436977.0,29175.0,8093.462264150943,25.021440823327616
898,CG,Central gray,255.0,174.0,120.0,87400.0,987.0,P-mot,,6.0,,23974.0,0.47948,P,CG,False,,0.0,0.0,6626.0,63444082.0,170389.0,9575.01992152128,25.715212798068215
1978,CG_leaf,"Central gray, leaf",255.0,174.0,120.0,87400.0,898.0,CG,,7.0,13782.0,13782.0,0.27564,P,misc,False,3644.0,34568853.0,93636.0,3644.0,34568853.0,93636.0,9486.51289791438,25.695938529088913
2215,CGA,"Central gray, alpha part",255.0,174.0,120.0,87410.0,898.0,CG,,7.0,4936.0,4936.0,0.09872,P,A,False,1490.0,13970674.0,38411.0,1490.0,13970674.0,38411.0,9376.291275167785,25.77919463087248
2216,CGB,"Central gray, beta part",255.0,174.0,120.0,87420.0,898.0,CG,,7.0,3648.0,3648.0,0.07296,P,B,False,1190.0,12196668.0,30423.0,1190.0,12196668.0,30423.0,10249.300840336135,25.565546218487395
2231,CGG,"Central gray, gamma part",255.0,174.0,120.0,87430.0,898.0,CG,,7.0,904.0,904.0,0.01808,P,G,False,144.0,1237077.0,3510.0,144.0,1237077.0,3510.0,8590.8125,24.375
2221,CGO,"Central gray, nucleus O",255.0,174.0,120.0,87440.0,898.0,CG,,7.0,704.0,704.0,0.01408,P,O,False,158.0,1470810.0,4409.0,158.0,1470810.0,4409.0,9308.924050632912,27.90506329113924
931,Pn,Pontine nuclei,255.0,174.0,92.0,87500.0,987.0,P-mot,,6.0,44750.0,44750.0,0.895,P,Pn,False,6822.0,74760569.0,169774.0,6822.0,74760569.0,169774.0,10958.746555262387,24.886250366461447
2206,PnC,"Pontine reticular nucleus, caudal part",255.0,174.0,85.0,87600.0,987.0,P-mot,,6.0,89472.0,89472.0,1.78944,P,PnC,False,16275.0,188048082.0,419208.0,16275.0,188048082.0,419208.0,11554.413640552995,25.757788018433178
2197,DMTg,Dorsomedial tegmental area,255.0,174.0,85.0,87610.0,1117.0,P-sat,,6.0,22320.0,22320.0,0.4464,P,DMTg,False,5280.0,57372608.0,139775.0,5280.0,57372608.0,139775.0,10866.024242424242,26.47253787878788
2220,Sph,Sphenoid nucleus,255.0,174.0,92.0,87710.0,987.0,P-mot,,6.0,734.0,734.0,0.01468,P,Sph,False,143.0,946453.0,3501.0,143.0,946453.0,3501.0,6618.552447552447,24.482517482517483
318,SGe,Supragenual nucleus,255.0,174.0,84.0,87800.0,987.0,P-mot,,6.0,316.0,316.0,0.00632,P,SGe,False,94.0,827809.0,2362.0,94.0,827809.0,2362.0,8806.478723404256,25.127659574468087
462,SuS,Superior salivatory nucleus,255.0,174.0,83.0,87900.0,987.0,P-mot,,6.0,1938.0,1938.0,0.03876,P,SuS,False,321.0,5420568.0,8497.0,321.0,5420568.0,8497.0,16886.504672897197,26.470404984423677
534,Su5,Supratrigeminal nucleus,255.0,174.0,82.0,88000.0,987.0,P-mot,,6.0,6570.0,6570.0,0.1314,P,Su5,False,2163.0,34623441.0,58892.0,2163.0,34623441.0,58892.0,16007.1386962552,27.22699953767915
1977,RtTg_leaf,"Reticulotegmental nucleus of the pons, leaf",255.0,174.0,81.0,88100.0,574.0,RtTg,,7.0,13606.0,13606.0,0.27212,P,misc,False,1836.0,16851022.0,46221.0,1836.0,16851022.0,46221.0,9178.116557734205,25.174836601307188
574,RtTg,Reticulotegmental nucleus of the pons,255.0,174.0,81.0,88100.0,987.0,P-mot,,6.0,,18806.0,0.37612,P,RtTg,False,,0.0,0.0,2661.0,25885547.0,67859.0,9727.751597143932,25.50131529500188
2165,RtTgP,"Reticulotegmental nucleus of the pons, pericentral part",255.0,174.0,81.0,88110.0,574.0,RtTg,,7.0,5200.0,5200.0,0.104,P,RtTgP,False,825.0,9034525.0,21638.0,825.0,9034525.0,21638.0,10950.939393939394,26.227878787878787
2166,B9,B9 serotonin cells,255.0,174.0,81.0,88120.0,771.0,P,,5.0,396.0,396.0,0.00792,P,B9,False,50.0,508697.0,1285.0,50.0,508697.0,1285.0,10173.94,25.7
621,5N,Motor trigeminal nucleus,255.0,174.0,104.0,88200.0,987.0,P-mot,,6.0,,22404.0,0.44808,P,5N,False,,0.0,0.0,2155.0,36564171.0,57565.0,16967.132714617168,26.7122969837587
2506,5N_leaf,"Motor trigeminal nucleus, leaf",255.0,174.0,104.0,88200.0,621.0,5N,,7.0,996.0,996.0,0.01992,P,misc,False,175.0,3115031.0,4717.0,175.0,3115031.0,4717.0,17800.177142857145,26.954285714285714
2453,5Te,"Motor trigeminal nucleus, temporalis part",255.0,174.0,104.0,88210.0,621.0,5N,,7.0,3998.0,3998.0,0.07996,P,5Te,False,262.0,4681601.0,7281.0,262.0,4681601.0,7281.0,17868.706106870228,27.790076335877863
2204,5ADi,"Motor trigeminal nucleus, anterior digastric part",255.0,174.0,104.0,88210.0,621.0,5N,,7.0,1458.0,1458.0,0.02916,P,5ADi,False,210.0,3094042.0,5538.0,210.0,3094042.0,5538.0,14733.533333333333,26.37142857142857
2454,5Ma,"Motor trigeminal nucleus, masseter part",255.0,174.0,104.0,88220.0,621.0,5N,,7.0,7214.0,7214.0,0.14428,P,5Ma,False,276.0,4531485.0,7323.0,276.0,4531485.0,7323.0,16418.42391304348,26.532608695652176
2194,IF5/5TT,Interfascicular trigeminar nucleus,255.0,174.0,104.0,88220.0,621.0,5N,,7.0,4364.0,4364.0,0.08728,P,IF5/5TT,False,942.0,16512111.0,24796.0,942.0,16512111.0,24796.0,17528.78025477707,26.32271762208068
2455,5MPt,"Motor trigeminal nucleus, medial pterygoid part",255.0,174.0,104.0,88230.0,621.0,5N,,7.0,4374.0,4374.0,0.08748,P,5MPt,False,290.0,4629901.0,7910.0,290.0,4629901.0,7910.0,15965.175862068965,27.275862068965516
2193,P5,Peritrigeminal zone,255.0,174.0,104.0,88230.0,987.0,P-mot,,6.0,11326.0,11326.0,0.22652,P,P5,False,1770.0,28926035.0,47141.0,1770.0,28926035.0,47141.0,16342.392655367232,26.633333333333333
1117,P-sat,"Pons, behavioral state related",255.0,172.0,120.0,88300.0,771.0,P,,5.0,,235202.0,4.70404,P,P-sat,False,,0.0,0.0,51868.0,613482197.0,1401838.0,11827.758868666615,27.02703015346649
679,NR,Nucleus raphÈ,255.0,172.0,119.0,88400.0,1117.0,P-sat,,6.0,,35352.0,0.70704,P,NR,False,,0.0,0.0,7992.0,74387659.0,217388.0,9307.76514014014,27.2007007007007
137,PMnR,Paramedian raphÈ nucleus,255.0,172.0,119.0,88500.0,679.0,NR,,7.0,24278.0,24278.0,0.48556,P,PMnR,False,5747.0,54372922.0,155645.0,5747.0,54372922.0,155645.0,9461.096572124587,27.082825822168086
130,MnR,Median raphÈ nucleus,255.0,172.0,119.0,88600.0,679.0,NR,,7.0,11074.0,11074.0,0.22148,P,MnR,False,2245.0,20014737.0,61743.0,2245.0,20014737.0,61743.0,8915.250334075723,27.502449888641426
147,LC,Locus coeruleus,255.0,172.0,118.0,88700.0,1117.0,P-sat,,6.0,4216.0,4216.0,0.08432,P,LC,False,1348.0,15764916.0,34643.0,1348.0,15764916.0,34643.0,11695.041543026706,25.699554896142434
2284,LDT,Laterodorsal tegmental nucleus,255.0,172.0,117.0,88800.0,1117.0,P-sat,,6.0,,28192.0,0.56384,P,LDT,False,,0.0,0.0,8266.0,84433047.0,219787.0,10214.498790225018,26.58928139366078
2513,LDTg_leaf,"Laterodorsal tegmental nucleus, dorsal part, leaf",255.0,172.0,117.0,88810.0,162.0,LDTg,,8.0,4096.0,4096.0,0.08192,P,misc,False,1223.0,11748178.0,30738.0,1223.0,11748178.0,30738.0,9606.032706459526,25.13327882256746
162,LDTg,"Laterodorsal tegmental nucleus, dorsal part",255.0,172.0,117.0,88810.0,2284.0,LDT,,7.0,,21014.0,0.42028,P,LDTg,False,,0.0,0.0,6513.0,63380225.0,170718.0,9731.341163826193,26.211883924458775
2366,LDTdl,"Laterodorsal tegmental nucleus, dorsal part, lateral division",255.0,172.0,117.0,88820.0,162.0,LDTg,,8.0,9518.0,9518.0,0.19036,P,dl,False,3295.0,33289756.0,87003.0,3295.0,33289756.0,87003.0,10103.112594840668,26.404552352048558
2367,LDTdm,"Laterodorsal tegmental nucleus, dorsal part, medial division",255.0,172.0,117.0,88830.0,162.0,LDTg,,8.0,7400.0,7400.0,0.148,P,dm,False,1995.0,18342291.0,52977.0,1995.0,18342291.0,52977.0,9194.130827067669,26.554887218045113
2195,LDTgV,"Laterodorsal tegmental nucleus, ventral part",255.0,172.0,117.0,88840.0,2284.0,LDT,,7.0,7178.0,7178.0,0.14356,P,LDTgV,False,1753.0,21052822.0,49069.0,1753.0,21052822.0,49069.0,12009.59612093554,27.991443240159725
146,PRNr,Pontine reticular nucleus,255.0,172.0,120.0,89000.0,1117.0,P-sat,,6.0,,135354.0,2.70708,P,PRNr,False,,0.0,0.0,27445.0,362071147.0,749087.0,13192.608744762252,27.29411550373474
2205,PnO,"Pontine reticular nucleus, oral part",255.0,172.0,120.0,89010.0,146.0,PRNr,,7.0,123986.0,123986.0,2.47972,P,PnO,False,25606.0,342378994.0,700686.0,25606.0,342378994.0,700686.0,13371.045614309147,27.364133406232913
2217,PnV,"Pontine reticular nucleus, ventral part",255.0,172.0,120.0,89020.0,146.0,PRNr,,7.0,11128.0,11128.0,0.22256,P,PnV,False,1802.0,19198477.0,47384.0,1802.0,19198477.0,47384.0,10653.982796892342,26.295227524972255
2182,ERS,Epirubrospinal nucleus,255.0,172.0,120.0,89030.0,146.0,PRNr,,7.0,240.0,240.0,0.0048,P,ERS,False,37.0,493676.0,1017.0,37.0,493676.0,1017.0,13342.594594594595,27.486486486486488
2185,MPL,Medial paralemniscial nucleus,255.0,172.0,120.0,89040.0,1117.0,P-sat,,6.0,5218.0,5218.0,0.10436,P,MPL,False,1073.0,14004811.0,28446.0,1073.0,14004811.0,28446.0,13052.013979496738,26.51071761416589
2186,PLV,"Perilemniscal nucleus, ventral part",255.0,172.0,120.0,89050.0,1117.0,P-sat,,6.0,3022.0,3022.0,0.06044,P,PLV,False,194.0,3103871.0,5344.0,194.0,3103871.0,5344.0,15999.335051546392,27.54639175257732
238,PnR,Pontine raphÈ nucleus,255.0,172.0,115.0,89100.0,1117.0,P-sat,,6.0,1528.0,1528.0,0.03056,P,PnR,False,270.0,2344138.0,7368.0,270.0,2344138.0,7368.0,8681.992592592593,27.288888888888888
855,MY_leaf,"Medulla, leaf",255.0,160.0,176.0,89400.0,354.0,MY,,5.0,46252.0,46252.0,0.92504,MY,misc,False,1801.0,18353363.0,47318.0,1801.0,18353363.0,47318.0,10190.65130483065,26.27318156579678
354,MY,Medulla,255.0,160.0,176.0,89400.0,1065.0,HB,,4.0,,1410676.0,28.21352,MY,MY,False,,0.0,0.0,269645.0,3176087573.0,6884375.0,11778.774214244655,25.531254056259154
386,MY-sen,"Medulla, sensory related",255.0,176.0,176.0,89500.0,354.0,MY,,5.0,,327194.0,6.54388,MY,MY-sen,False,,0.0,0.0,52507.0,556534902.0,1293733.0,10599.251566457806,24.6392481002533
207,AP,Area postrema,255.0,176.0,178.0,89600.0,386.0,MY-sen,,6.0,3328.0,3328.0,0.06656,MY,AP,False,160.0,704254.0,3889.0,160.0,704254.0,3889.0,4401.5875,24.30625
2274,SubP,Area subpostrema,255.0,176.0,178.0,89610.0,386.0,MY-sen,,6.0,686.0,686.0,0.01372,MY,SubP,False,2.0,7503.0,49.0,2.0,7503.0,49.0,3751.5,24.5
607,CN,Cochlear nuclei,255.0,176.0,177.0,89700.0,386.0,MY-sen,,6.0,,65934.0,1.31868,MY,CN,False,,0.0,0.0,4629.0,37041150.0,108438.0,8001.97666882696,23.425793907971485
112,GrC (VCCap in 81),Granule cell layer of the cochlear nuclei,255.0,176.0,177.0,89800.0,607.0,CN,,7.0,8900.0,8900.0,0.178,MY,GrC (VCCap in 81),False,832.0,6459121.0,19201.0,832.0,6459121.0,19201.0,7763.366586538462,23.078125
560,VCAGr,"Ventral cochlear nucleus, granule cell layer",255.0,176.0,177.0,89900.0,607.0,CN,,7.0,,0.0,0.0,MY,VCAGr,False,,0.0,0.0,0.0,0.0,0.0,,
96,DC,Dorsal cochlear nucleus,255.0,155.0,205.0,90000.0,607.0,CN,,7.0,,23030.0,0.4606,MY,DC,False,,0.0,0.0,2106.0,16289240.0,49492.0,7734.681861348528,23.500474833808166
1964,DC_leaf,"Dorsal cochlear nucleus, leaf",255.0,155.0,205.0,90000.0,96.0,DC,,8.0,5182.0,5182.0,0.10364,MY,misc,False,466.0,3625218.0,10978.0,466.0,3625218.0,10978.0,7779.437768240344,23.55793991416309
2234,DCMo,"Dorsal cochlear nucleus, molecular layer",255.0,155.0,205.0,90010.0,96.0,DC,,8.0,7094.0,7094.0,0.14188,MY,o,False,777.0,6157736.0,17992.0,777.0,6157736.0,17992.0,7925.014157014157,23.155727155727156
2235,DCFu,"Dorsal cochlear nucleus, fusiform layer",255.0,155.0,205.0,90020.0,96.0,DC,,8.0,4648.0,4648.0,0.09296,MY,u,False,471.0,3551208.0,11128.0,471.0,3551208.0,11128.0,7539.71974522293,23.626326963906582
2236,DCDp,"Dorsal cochlear nucleus, deep layer",255.0,155.0,205.0,90030.0,96.0,DC,,8.0,6106.0,6106.0,0.12212,MY,p,False,392.0,2955078.0,9394.0,392.0,2955078.0,9394.0,7538.464285714285,23.964285714285715
101,VC,Ventral cochlear nucleus,255.0,155.0,205.0,90100.0,607.0,CN,,7.0,,34004.0,0.68008,MY,VC,False,,0.0,0.0,1691.0,14292789.0,39745.0,8452.270254287403,23.503843879361323
2238,VCA,"Ventral cochlear nucleus, anterior part",255.0,155.0,205.0,90110.0,101.0,VC,,8.0,26312.0,26312.0,0.52624,MY,A,False,1167.0,9385439.0,27297.0,1167.0,9385439.0,27297.0,8042.364181662382,23.39074550128535
2237,VCP,"Ventral cochlear nucleus, posterior part",255.0,155.0,205.0,90120.0,101.0,VC,,8.0,3314.0,3314.0,0.06628,MY,P,False,214.0,1832686.0,4987.0,214.0,1832686.0,4987.0,8563.953271028038,23.30373831775701
2243,VCPO,"Ventral cochlear nucleus, posterior part, octopus cell area",255.0,155.0,205.0,90130.0,101.0,VC,,8.0,4378.0,4378.0,0.08756,MY,PO,False,310.0,3074664.0,7461.0,310.0,3074664.0,7461.0,9918.270967741935,24.06774193548387
720,DCN,Dorsal column nuclei,255.0,177.0,176.0,90200.0,386.0,MY-sen,,6.0,,18310.0,0.3662,MY,DCN,False,,0.0,0.0,1164.0,7343479.0,29604.0,6308.8307560137455,25.432989690721648
2512,Cu_leaf,"Cuneate nucleus, leaf",255.0,177.0,177.0,90300.0,711.0,Cu,,8.0,12946.0,12946.0,0.25892,MY,misc,False,885.0,5805172.0,22603.0,885.0,5805172.0,22603.0,6559.516384180791,25.54011299435028
711,Cu,Cuneate nucleus,255.0,177.0,177.0,90300.0,720.0,DCN,,7.0,,16578.0,0.33156,MY,Cu,False,,0.0,0.0,1061.0,6854962.0,27065.0,6460.8501413760605,25.50895381715363
2285,CuD,"Cuneate nucleus, dorsal part",255.0,177.0,177.0,90310.0,711.0,Cu,,8.0,706.0,706.0,0.01412,MY,D,False,42.0,181631.0,927.0,42.0,181631.0,927.0,4324.547619047619,22.071428571428573
2278,CuR,"Cuneate nucleus, rotundus part",255.0,177.0,177.0,90320.0,711.0,Cu,,8.0,2926.0,2926.0,0.05852,MY,R,False,134.0,868159.0,3535.0,134.0,868159.0,3535.0,6478.798507462687,26.380597014925375
1039,Gr,Gracile nucleus,255.0,177.0,178.0,90400.0,720.0,DCN,,7.0,1732.0,1732.0,0.03464,MY,Gr,False,103.0,488517.0,2539.0,103.0,488517.0,2539.0,4742.883495145631,24.650485436893202
903,ECu,External cuneate nucleus,255.0,176.0,179.0,90500.0,386.0,MY-sen,,6.0,9868.0,9868.0,0.19736,MY,ECu,False,751.0,6291978.0,18751.0,751.0,6291978.0,18751.0,8378.133155792277,24.96804260985353
642,Tz,Nucleus of the trapezoid body,255.0,176.0,181.0,90600.0,386.0,MY-sen,,6.0,8278.0,8278.0,0.16556,MY,Tz,False,185.0,2116597.0,5054.0,185.0,2116597.0,5054.0,11441.064864864866,27.318918918918918
2249,5Sol,Trigeminal-solitary transition zone,255.0,176.0,181.0,90610.0,386.0,MY-sen,,6.0,5032.0,5032.0,0.10064,MY,5Sol,False,1802.0,25516692.0,45879.0,1802.0,25516692.0,45879.0,14160.206437291898,25.460044395116537
1619,Sol_leaf,"Solitary nucleus, leaf",255.0,178.0,176.0,90700.0,651.0,Sol,,7.0,234.0,234.0,0.00468,MY,misc,False,,0.0,0.0,0.0,0.0,0.0,,
651,Sol,Solitary nucleus,255.0,178.0,176.0,90700.0,386.0,MY-sen,,6.0,,34920.0,0.6984,MY,Sol,False,,0.0,0.0,7325.0,70539460.0,186421.0,9629.960409556314,25.449965870307167
659,SolCe,"Solitary nucleus, central part",255.0,178.0,177.0,90800.0,651.0,Sol,,7.0,718.0,718.0,0.01436,MY,Ce,False,101.0,592068.0,2390.0,101.0,592068.0,2390.0,5862.059405940594,23.663366336633665
666,SolC,"Solitary nucleus, commissural part",255.0,178.0,178.0,90900.0,651.0,Sol,,7.0,2686.0,2686.0,0.05372,MY,C,False,103.0,640908.0,2932.0,103.0,640908.0,2932.0,6222.407766990291,28.466019417475728
674,SolG,"Solitary nucleus, gelatinous part",255.0,178.0,179.0,91000.0,651.0,Sol,,7.0,870.0,870.0,0.0174,MY,G,False,8.0,38439.0,172.0,8.0,38439.0,172.0,4804.875,21.5
2250,SolIM,"Solitary nucleus, intermediate part",255.0,178.0,179.0,91010.0,651.0,Sol,,7.0,3168.0,3168.0,0.06336,MY,IM,False,763.0,7022266.0,19669.0,763.0,7022266.0,19669.0,9203.494102228047,25.778505897771954
682,SolL,"Solitary nucleus, lateral part",255.0,178.0,180.0,91100.0,651.0,Sol,,7.0,4752.0,4752.0,0.09504,MY,L,False,1407.0,14176442.0,35716.0,1407.0,14176442.0,35716.0,10075.651741293532,25.38450604122246
691,SolM,"Solitary nucleus, medial part",255.0,178.0,181.0,91200.0,651.0,Sol,,7.0,8338.0,8338.0,0.16676,MY,M,False,1582.0,14942160.0,39769.0,1582.0,14942160.0,39769.0,9445.10745891277,25.13843236409608
2263,SolV,"Solitary nucleus, ventral part",255.0,178.0,181.0,91210.0,651.0,Sol,,7.0,4764.0,4764.0,0.09528,MY,V,False,1538.0,16052025.0,39054.0,1538.0,16052025.0,39054.0,10436.94733420026,25.392717815344604
2273,SolVL,"Solitary nucleus, ventrolateral part",255.0,178.0,181.0,91220.0,651.0,Sol,,7.0,1880.0,1880.0,0.0376,MY,VL,False,296.0,2671670.0,7808.0,296.0,2671670.0,7808.0,9025.912162162162,26.37837837837838
2271,SolDL,"Solitary nucleus, dorsolateral part",255.0,178.0,181.0,91230.0,651.0,Sol,,7.0,2580.0,2580.0,0.0516,MY,DL,False,239.0,1668181.0,6099.0,239.0,1668181.0,6099.0,6979.836820083682,25.518828451882847
2264,SolDM,"Solitary nucleus, dorsomedial part",255.0,178.0,181.0,91240.0,651.0,Sol,,7.0,4052.0,4052.0,0.08104,MY,DM,False,1089.0,10672256.0,27790.0,1089.0,10672256.0,27790.0,9800.05142332415,25.518824609733702
2265,SolI,"Solitary nucleus, interstitial part",255.0,178.0,181.0,91250.0,651.0,Sol,,7.0,598.0,598.0,0.01196,MY,I,False,92.0,620948.0,2369.0,92.0,620948.0,2369.0,6749.434782608696,25.75
2470,SolRL,"Soltary nucleus, rostrolateral part",255.0,178.0,181.0,91260.0,651.0,Sol,,7.0,280.0,280.0,0.0056,MY,RL,False,107.0,1442097.0,2653.0,107.0,1442097.0,2653.0,13477.542056074766,24.794392523364486
429,Sp5C,"Spinal trigeminal nucleus, caudal part",255.0,176.0,183.0,91300.0,386.0,MY-sen,,6.0,35906.0,35906.0,0.71812,MY,Sp5C,False,8082.0,81550173.0,196857.0,8082.0,81550173.0,196857.0,10090.345582776541,24.357461024498885
437,Sp5I,"Spinal trigeminal nucleus, interpolar part",255.0,176.0,184.0,91400.0,386.0,MY-sen,,6.0,90494.0,90494.0,1.80988,MY,Sp5I,False,16859.0,169197291.0,407769.0,16859.0,169197291.0,407769.0,10036.021768788185,24.187021768788185
445,Sp5O,"Spinal trigeminal nucleus, oral part",255.0,176.0,182.0,91500.0,386.0,MY-sen,,6.0,,54144.0,1.08288,MY,Sp5O,False,,0.0,0.0,11543.0,156208943.0,290925.0,13532.785497704237,25.203586589274884
47,Sp5O_leaf,"Spinal trigeminal nucleus, oral part, leaf",255.0,176.0,182.0,91500.0,445.0,Sp5O,,7.0,27724.0,27724.0,0.55448,MY,misc,False,3371.0,41443169.0,84842.0,3371.0,41443169.0,84842.0,12294.028181548501,25.168199347374667
45,DMSp5,Dorsomedial spinal trigeminal nucleus,255.0,176.0,182.0,91900.0,445.0,Sp5O,,7.0,26420.0,26420.0,0.5284,MY,DMSp5,False,8172.0,114765774.0,206083.0,8172.0,114765774.0,206083.0,14043.78046989721,25.21818404307391
2270,Pa5,Paratrigeminal nucleus,255.0,176.0,182.0,92010.0,386.0,MY-sen,,6.0,294.0,294.0,0.00588,MY,Pa5,False,5.0,17382.0,97.0,5.0,17382.0,97.0,3476.4,19.4
370,MY-mot,"Medulla, motor related",255.0,212.0,219.0,92200.0,354.0,MY,,5.0,,1018320.0,20.3664,MY,MY-mot,False,,0.0,0.0,213086.0,2581064137.0,5483389.0,12112.781398120946,25.733220389889528
1310,MY-mot_leaf,"Medulla, motor related, leaf",255.0,212.0,219.0,92200.0,370.0,MY-mot,,6.0,1584.0,1584.0,0.03168,MY,misc,False,412.0,5972317.0,10967.0,412.0,5972317.0,10967.0,14495.91504854369,26.618932038834952
2198,SubCA,"Subcoeruleus nucleus, alpha part",255.0,212.0,219.0,92210.0,370.0,MY-mot,,6.0,2656.0,2656.0,0.05312,MY,SubCA,False,527.0,7160195.0,14327.0,527.0,7160195.0,14327.0,13586.707779886148,27.18595825426945
2199,SubCD,"Subcoeruleus nucleus, dorsal part",255.0,212.0,219.0,92220.0,370.0,MY-mot,,6.0,11980.0,11980.0,0.2396,MY,SubCD,False,2279.0,30975876.0,60794.0,2279.0,30975876.0,60794.0,13591.871873628785,26.675734971478718
2200,SubCV,"Subcoeruleus nucleus, ventral part",255.0,212.0,219.0,92230.0,370.0,MY-mot,,6.0,24284.0,24284.0,0.48568,MY,SubCV,False,5802.0,101073359.0,155299.0,5802.0,101073359.0,155299.0,17420.434160634264,26.76645984143399
653,6N,Abducens nucleus,255.0,212.0,225.0,92300.0,370.0,MY-mot,,6.0,,2160.0,0.0432,MY,6N,False,,0.0,0.0,321.0,2266514.0,8088.0,7060.791277258567,25.19626168224299
1983,6N_leaf,"Abducens nucleus, leaf",255.0,212.0,225.0,92300.0,653.0,6N,,7.0,766.0,766.0,0.01532,MY,misc,False,110.0,693655.0,2778.0,110.0,693655.0,2778.0,6305.954545454545,25.254545454545454
2229,Pa6,Paraabducens nucleus,255.0,212.0,225.0,92310.0,653.0,6N,,7.0,1394.0,1394.0,0.02788,MY,Pa6,False,211.0,1572859.0,5310.0,211.0,1572859.0,5310.0,7454.308056872038,25.165876777251185
2228,6RB,"Abducens nucleus, retractor bulbi part",255.0,212.0,226.0,92400.0,370.0,MY-mot,,6.0,592.0,592.0,0.01184,MY,6RB,False,56.0,850506.0,1561.0,56.0,850506.0,1561.0,15187.607142857143,27.875
2509,7N_leaf,"Facial nucleus, leaf",255.0,212.0,234.0,92500.0,661.0,7N,,7.0,13428.0,13428.0,0.26856,MY,misc,False,2663.0,36359682.0,73941.0,2663.0,36359682.0,73941.0,13653.654524971837,27.766053323319564
661,7N,Facial nucleus,255.0,212.0,234.0,92500.0,370.0,MY-mot,,6.0,,38610.0,0.7722,MY,7N,False,,0.0,0.0,5994.0,76991067.0,166046.0,12844.68918918919,27.702035368702035
2226,P7,Perifacial zone,255.0,212.0,234.0,92510.0,661.0,7N,,7.0,8758.0,8758.0,0.17516,MY,P7,False,953.0,12780127.0,26347.0,953.0,12780127.0,26347.0,13410.416579223505,27.64637985309549
2462,7L,"Facial nucleus, lateral subnucleus",255.0,212.0,234.0,92520.0,661.0,7N,,7.0,3994.0,3994.0,0.07988,MY,L,False,211.0,2054241.0,6001.0,211.0,2054241.0,6001.0,9735.73933649289,28.44075829383886
2463,7DL,"Facial nucleus, dorsolateral subnucleus",255.0,212.0,234.0,92530.0,661.0,7N,,7.0,2076.0,2076.0,0.04152,MY,DL,False,259.0,3171293.0,6803.0,259.0,3171293.0,6803.0,12244.374517374517,26.266409266409266
2464,7VI,"Facial nucleus, ventral intermediate subnucleus",255.0,212.0,234.0,92540.0,661.0,7N,,7.0,2106.0,2106.0,0.04212,MY,VI,False,297.0,3305273.0,8369.0,297.0,3305273.0,8369.0,11128.86531986532,28.17845117845118
2465,7DI,"Facial nucleus, dorsal intermediate subnucleus",255.0,212.0,234.0,92550.0,661.0,7N,,7.0,3838.0,3838.0,0.07676,MY,DI,False,531.0,5858456.0,14055.0,531.0,5858456.0,14055.0,11032.873822975518,26.468926553672315
2466,7DM,"Facial nucleus, dorsomedial subnucleus",255.0,212.0,234.0,92560.0,661.0,7N,,7.0,2352.0,2352.0,0.04704,MY,DM,False,532.0,6996932.0,14758.0,532.0,6996932.0,14758.0,13152.127819548872,27.7406015037594
2467,7VM ,"Facial nucleus, ventromedial subnucleus",255.0,212.0,234.0,92570.0,661.0,7N,,7.0,2058.0,2058.0,0.04116,MY,VM,False,548.0,6465063.0,15772.0,548.0,6465063.0,15772.0,11797.560218978102,28.78102189781022
576,7SH,"Facial motor nucleus, stylohyoid part",255.0,212.0,235.0,92600.0,370.0,MY-mot,,6.0,1152.0,1152.0,0.02304,MY,7SH,False,240.0,3457792.0,6586.0,240.0,3457792.0,6586.0,14407.466666666667,27.441666666666666
640,EVe,Nucleus of the origin of efferents of the vestibular nerve,255.0,212.0,230.0,92700.0,370.0,MY-mot,,6.0,784.0,784.0,0.01568,MY,EVe,False,214.0,1926670.0,5173.0,214.0,1926670.0,5173.0,9003.130841121496,24.172897196261683
2472,Amb,Ambiguus nucleus,255.0,212.0,216.0,92800.0,370.0,MY-mot,,6.0,,5330.0,0.1066,MY,Amb,False,,0.0,0.0,1394.0,16967409.0,34532.0,12171.742467718796,24.77187948350072
135,AmbC,"Ambiguus nucleus, compact part",255.0,212.0,216.0,92810.0,2472.0,Amb,,7.0,3504.0,3504.0,0.07008,MY,AmbC,False,1009.0,12682799.0,24821.0,1009.0,12682799.0,24821.0,12569.671952428147,24.599603567888998
2277,AmbL,"Ambiguus nucleus, loose part",255.0,212.0,216.0,92820.0,2472.0,Amb,,7.0,872.0,872.0,0.01744,MY,AmbL,False,184.0,2203773.0,4668.0,184.0,2203773.0,4668.0,11977.027173913044,25.369565217391305
2471,Rambn,Retroambiguus nucleus,255.0,212.0,216.0,92830.0,2472.0,Amb,,7.0,954.0,954.0,0.01908,MY,Rambn,False,201.0,2080837.0,5043.0,201.0,2080837.0,5043.0,10352.42288557214,25.08955223880597
839,10N,Vagus nerve nucleus,255.0,212.0,184.0,93100.0,370.0,MY-mot,,6.0,5148.0,5148.0,0.10296,MY,10N,False,861.0,6381501.0,22766.0,861.0,6381501.0,22766.0,7411.731707317073,26.441347270615562
1974,Gi_leaf,"Gigantocellular reticular nucleus, leaf",255.0,212.0,187.0,93300.0,1048.0,Gi,,7.0,112484.0,112484.0,2.24968,MY,misc,False,18809.0,204490740.0,490194.0,18809.0,204490740.0,490194.0,10871.962358445426,26.06167260354086
1048,Gi,Gigantocellular reticular nucleus,255.0,212.0,187.0,93300.0,370.0,MY-mot,,6.0,,132536.0,2.65072,MY,Gi,False,,0.0,0.0,22484.0,242774358.0,590338.0,10797.649795410069,26.255915317559154
2223,GiA,"Gigantocellular reticular nucleus, alpha part",255.0,212.0,187.0,93310.0,1048.0,Gi,,7.0,9492.0,9492.0,0.18984,MY,A,False,1825.0,18757628.0,50153.0,1825.0,18757628.0,50153.0,10278.152328767123,27.48109589041096
2224,GiV,"Gigantocellular reticular nucleus, ventral part",255.0,212.0,187.0,93320.0,1048.0,Gi,,7.0,10560.0,10560.0,0.2112,MY,V,False,1850.0,19525990.0,49991.0,1850.0,19525990.0,49991.0,10554.58918918919,27.02216216216216
83,IO,Inferior olivary nucleus,255.0,212.0,189.0,93500.0,370.0,MY-mot,,6.0,,38930.0,0.7786,MY,IO,False,,0.0,0.0,578.0,4232835.0,14630.0,7323.243944636678,25.311418685121108
2508,IO_leaf,"Inferior olivary nucleus, leaf",255.0,212.0,189.0,93500.0,83.0,IO,,7.0,13862.0,13862.0,0.27724,MY,misc,False,276.0,2103097.0,6987.0,276.0,2103097.0,6987.0,7619.916666666667,25.315217391304348
2253,IOA,"Inferior olive, subnucleus A of medial nucleus",255.0,212.0,189.0,93510.0,83.0,IO,,7.0,1196.0,1196.0,0.02392,MY,A,False,7.0,55052.0,177.0,7.0,55052.0,177.0,7864.571428571428,25.285714285714285
2254,IOB,"Inferior olive, subnucleus B of medial nucleus",255.0,212.0,189.0,93520.0,83.0,IO,,7.0,4058.0,4058.0,0.08116,MY,B,False,50.0,300818.0,1190.0,50.0,300818.0,1190.0,6016.36,23.8
2255,IOC,"Inferior olive, subnucleus C of medial nucleus",255.0,212.0,189.0,93530.0,83.0,IO,,7.0,3670.0,3670.0,0.0734,MY,C,False,51.0,351357.0,1240.0,51.0,351357.0,1240.0,6889.35294117647,24.313725490196077
2256,IOD,"Inferior olive, dorsal nucleus",255.0,212.0,189.0,93540.0,83.0,IO,,7.0,6334.0,6334.0,0.12668,MY,D,False,129.0,974331.0,3413.0,129.0,974331.0,3413.0,7552.953488372093,26.45736434108527
2257,IODM,"Inferior olive, dorsomedial cell group",255.0,212.0,189.0,93550.0,83.0,IO,,7.0,1080.0,1080.0,0.0216,MY,DM,False,9.0,54604.0,246.0,9.0,54604.0,246.0,6067.111111111111,27.333333333333332
2258,IOPr,"Inferior olive, principal nucleus",255.0,212.0,189.0,93560.0,83.0,IO,,7.0,4726.0,4726.0,0.09452,MY,Pr,False,11.0,88004.0,275.0,11.0,88004.0,275.0,8000.363636363636,25.0
2259,IOVL,"Inferior olive, ventrolateral protrusion",255.0,212.0,189.0,93570.0,83.0,IO,,7.0,126.0,126.0,0.00252,MY,VL,False,1.0,11785.0,47.0,1.0,11785.0,47.0,11785.0,47.0
2260,IOK,"Inferior olive, cap of Kooy of the medial nucleus",255.0,212.0,189.0,93580.0,83.0,IO,,7.0,920.0,920.0,0.0184,MY,K,False,26.0,203390.0,641.0,26.0,203390.0,641.0,7822.692307692308,24.653846153846153
2261,IOBe,"Inferior olive, beta subnucleus of the medial nucleus",255.0,212.0,189.0,93590.0,83.0,IO,,7.0,1274.0,1274.0,0.02548,MY,Be,False,15.0,74701.0,341.0,15.0,74701.0,341.0,4980.066666666667,22.733333333333334
2262,IOM,"Inferior olive, medial nucleus",255.0,212.0,189.0,93595.0,83.0,IO,,7.0,1684.0,1684.0,0.03368,MY,M,False,3.0,15696.0,73.0,3.0,15696.0,73.0,5232.0,24.333333333333332
136,IRt,Intermediate reticular nucleus,255.0,212.0,187.0,93600.0,370.0,MY-mot,,6.0,,172238.0,3.44476,MY,IRt,False,,0.0,0.0,43379.0,588235267.0,1117085.0,13560.369464487425,25.751746236658292
1975,IRt_leaf,"Intermediate reticular nucleus, leaf",255.0,212.0,187.0,93600.0,136.0,IRt,,7.0,145866.0,145866.0,2.91732,MY,misc,False,39128.0,524512983.0,1003973.0,39128.0,524512983.0,1003973.0,13405.054768963402,25.65868431813535
2225,IRtA,"Intermediate reticular nucleus, alpha part",255.0,212.0,187.0,93610.0,136.0,IRt,,7.0,26372.0,26372.0,0.52744,MY,A,False,4251.0,63722284.0,113112.0,4251.0,63722284.0,113112.0,14989.951540813927,26.60832745236415
106,IS,Inferior salivatory nucleus,255.0,212.0,190.0,93700.0,370.0,MY-mot,,6.0,3046.0,3046.0,0.06092,MY,IS,False,868.0,12631212.0,22450.0,868.0,12631212.0,22450.0,14552.087557603687,25.86405529953917
203,Li,Linear nucleus of the hindbrain,255.0,212.0,191.0,93800.0,370.0,MY-mot,,6.0,1392.0,1392.0,0.02784,MY,Li,False,365.0,3891694.0,9168.0,365.0,3891694.0,9168.0,10662.175342465753,25.117808219178084
964,LRt_leaf,"Lateral reticular nucleus, leaf",255.0,212.0,193.0,93900.0,235.0,LRt,,7.0,19450.0,19450.0,0.389,MY,misc,False,2863.0,28811964.0,74769.0,2863.0,28811964.0,74769.0,10063.557107928746,26.115612993363605
235,LRt,Lateral reticular nucleus,255.0,212.0,193.0,93900.0,370.0,MY-mot,,6.0,,19614.0,0.39228,MY,LRt,False,,0.0,0.0,2867.0,28854289.0,74869.0,10064.279386117892,26.11405650505755
963,LRtPC,"Lateral reticular nucleus, parvicellular part",255.0,212.0,193.0,94100.0,235.0,LRt,,7.0,164.0,164.0,0.00328,MY,PC,False,4.0,42325.0,100.0,4.0,42325.0,100.0,10581.25,25.0
1115,PMn_leaf,"Paramedian reticular nucleus, leaf",255.0,212.0,195.0,94300.0,395.0,PMn,,7.0,25282.0,25282.0,0.50564,MY,misc,False,2892.0,26673727.0,72564.0,2892.0,26673727.0,72564.0,9223.280428769018,25.09128630705394
395,PMn,Paramedian reticular nucleus,255.0,212.0,195.0,94300.0,370.0,MY-mot,,6.0,,124952.0,2.49904,MY,PMn,False,,0.0,0.0,24950.0,261021892.0,632088.0,10461.799278557115,25.334188376753506
1098,MdD,"Medullary reticular nucleus, dorsal part",255.0,212.0,195.0,94400.0,395.0,PMn,,7.0,54744.0,54744.0,1.09488,MY,D,False,13396.0,138237306.0,336486.0,13396.0,138237306.0,336486.0,10319.297252911318,25.118393550313527
1107,MdV,"Medullary reticular nucleus, ventral part",255.0,212.0,195.0,94500.0,395.0,PMn,,7.0,44926.0,44926.0,0.89852,MY,V,False,8662.0,96110859.0,223038.0,8662.0,96110859.0,223038.0,11095.689101824059,25.749018702378205
1973,PCRt_leaf,"Parvicellular reticular nucleus, leaf",255.0,212.0,196.0,94600.0,852.0,PCRt,,7.0,59544.0,59544.0,1.19088,MY,misc,False,19760.0,252497278.0,496762.0,19760.0,252497278.0,496762.0,12778.202327935223,25.139777327935224
852,PCRt,Parvicellular reticular nucleus,255.0,212.0,196.0,94600.0,370.0,MY-mot,,6.0,,151634.0,3.03268,MY,PCRt,False,,0.0,0.0,43012.0,626108467.0,1098536.0,14556.599716358225,25.540221333581325
2214,PCRtA,"Parvicellular reticular nucleus, alpha part",255.0,212.0,196.0,94610.0,852.0,PCRt,,7.0,92090.0,92090.0,1.8418,MY,A,False,23252.0,373611189.0,601774.0,23252.0,373611189.0,601774.0,16067.916265267504,25.880526406330638
2211,5Tr,Trigeminal transition zone,255.0,212.0,196.0,94620.0,370.0,MY-mot,,6.0,4520.0,4520.0,0.0904,MY,5Tr,False,1030.0,16692934.0,27198.0,1030.0,16692934.0,27198.0,16206.73203883495,26.405825242718446
859,PSol,Parasolitary nucleus,255.0,212.0,197.0,94700.0,370.0,MY-mot,,6.0,1006.0,1006.0,0.02012,MY,PSol,False,181.0,1333631.0,4589.0,181.0,1333631.0,4589.0,7368.1270718232045,25.353591160220994
938,LPGi,Lateral paragigantocellular nucleus,255.0,212.0,198.0,94800.0,370.0,MY-mot,,6.0,,39812.0,0.79624,MY,LPGi,False,,0.0,0.0,7596.0,79459805.0,201269.0,10460.743154291733,26.496708794102158
1398,LPGi_leaf,"Lateral paragigantocellular nucleus, leaf",255.0,212.0,198.0,94800.0,938.0,LPGi,,7.0,19162.0,19162.0,0.38324,MY,misc,False,3790.0,44924240.0,103468.0,3790.0,44924240.0,103468.0,11853.36147757256,27.300263852242743
2248,LPGiE,"Lateral paragigantocellular nucleus, external part",255.0,212.0,198.0,94810.0,938.0,LPGi,,7.0,3958.0,3958.0,0.07916,MY,E,False,604.0,6466737.0,16698.0,604.0,6466737.0,16698.0,10706.51821192053,27.64569536423841
970,DPGi,Dorsal paragigantocellular nucleus,255.0,212.0,198.0,94900.0,938.0,LPGi,,7.0,16692.0,16692.0,0.33384,MY,DPGi,False,3202.0,28068828.0,81103.0,3202.0,28068828.0,81103.0,8766.029981261712,25.32885696439725
978,PGRNl,"Paragigantocellular reticular nucleus, lateral part",255.0,212.0,198.0,95000.0,938.0,LPGi,,7.0,,0.0,0.0,MY,PGRNl,False,,0.0,0.0,0.0,0.0,0.0,,
2252,CVL,Caudoventrolateral reticular nucleus,255.0,212.0,198.0,95010.0,370.0,MY-mot,,6.0,5256.0,5256.0,0.10512,MY,CVL,False,1228.0,14193687.0,33364.0,1228.0,14193687.0,33364.0,11558.37703583062,27.169381107491855
2469,RVL,Rostroventrolateral reticular nucleus,255.0,212.0,198.0,95020.0,370.0,MY-mot,,6.0,498.0,498.0,0.00996,MY,RVL,False,175.0,2743653.0,4994.0,175.0,2743653.0,4994.0,15678.017142857143,28.537142857142857
2269,RVRG,Rostral ventral respiratory group,255.0,212.0,198.0,95030.0,370.0,MY-mot,,6.0,2160.0,2160.0,0.0432,MY,RVRG,False,607.0,6426853.0,15336.0,607.0,6426853.0,15336.0,10587.896210873147,25.26523887973641
2504,Bo_leaf,"Botzinger complex, leaf",255.0,212.0,198.0,95040.0,2468.0,Bo,,7.0,338.0,338.0,0.00676,MY,misc,False,137.0,2282964.0,3726.0,137.0,2282964.0,3726.0,16663.970802919706,27.197080291970803
2468,Bo,Botzinger complex,255.0,212.0,198.0,95040.0,370.0,MY-mot,,6.0,,1892.0,0.03784,MY,Bo,False,,0.0,0.0,564.0,8266490.0,14838.0,14656.897163120568,26.30851063829787
2251,PrBo,Pre-Botzinger complex,255.0,212.0,198.0,95050.0,2468.0,Bo,,7.0,1554.0,1554.0,0.03108,MY,PrBo,False,427.0,5983526.0,11112.0,427.0,5983526.0,11112.0,14012.941451990633,26.02341920374707
154,PHY,Perihypoglossal nuclei,255.0,212.0,219.0,95100.0,370.0,MY-mot,,6.0,,22400.0,0.448,MY,PHY,False,,0.0,0.0,4666.0,36636924.0,117697.0,7851.8911273039,25.224389198456922
2511,In_leaf,"Intercalated nucleus, leaf",255.0,212.0,219.0,95200.0,161.0,In,,8.0,2702.0,2702.0,0.05404,MY,misc,False,345.0,3008278.0,9058.0,345.0,3008278.0,9058.0,8719.646376811594,26.255072463768116
161,In,Intercalated nucleus,255.0,212.0,219.0,95200.0,154.0,PHY,,7.0,,4118.0,0.08236,MY,In,False,,0.0,0.0,675.0,6142607.0,17816.0,9100.158518518518,26.394074074074073
2276,InM,Intermedius nucleus of the medulla,255.0,212.0,219.0,95210.0,161.0,In,,8.0,1416.0,1416.0,0.02832,MY,M,False,330.0,3134329.0,8758.0,330.0,3134329.0,8758.0,9497.966666666667,26.53939393939394
177,Ro,Nucleus of Roller,255.0,212.0,221.0,95300.0,154.0,PHY,,7.0,2078.0,2078.0,0.04156,MY,Ro,False,267.0,3139338.0,7087.0,267.0,3139338.0,7087.0,11757.8202247191,26.54307116104869
169,Pr,Prepositus nucleus,255.0,212.0,219.0,95400.0,154.0,PHY,,7.0,16204.0,16204.0,0.32408,MY,Pr,False,3724.0,27354979.0,92794.0,3724.0,27354979.0,92794.0,7345.590494092374,24.91783029001074
1069,PPy,Parapyramidal nucleus,255.0,212.0,200.0,95600.0,370.0,MY-mot,,6.0,1586.0,1586.0,0.03172,MY,PPy,False,215.0,1861898.0,5635.0,215.0,1861898.0,5635.0,8659.990697674419,26.209302325581394
701,VeCb,Vestibulocerebellar nucleus,255.0,212.0,201.0,95900.0,370.0,MY-mot,,6.0,,167178.0,3.34356,MY,VeCb,False,,0.0,0.0,35547.0,347523751.0,892656.0,9776.45795707092,25.11199257321293
889,VeCb_leaf,"Vestibulocerebellar nucleus, leaf",255.0,212.0,201.0,95900.0,701.0,VeCb,,7.0,6004.0,6004.0,0.12008,MY,misc,False,825.0,7306672.0,20369.0,825.0,7306672.0,20369.0,8856.57212121212,24.68969696969697
217,SuVe,Superior vestibular nucleus,255.0,214.0,201.0,96000.0,701.0,VeCb,,7.0,17792.0,17792.0,0.35584,MY,SuVe,False,3397.0,37702623.0,87236.0,3397.0,37702623.0,87236.0,11098.799823373565,25.68030615248749
209,LVe,Lateral vestibular nucleus,255.0,214.0,201.0,96050.0,701.0,VeCb,,7.0,16074.0,16074.0,0.32148,MY,LVe,False,1556.0,15907139.0,39652.0,1556.0,15907139.0,39652.0,10223.097043701799,25.483290488431876
202,MVe,Medial vestibular nucleus,255.0,216.0,201.0,96100.0,701.0,VeCb,,7.0,,92432.0,1.84864,MY,MVe,False,,0.0,0.0,23454.0,220417851.0,586250.0,9397.87886927603,24.995736334953527
1962,MVe_leaf,"Medial vestibular nucleus, leaf",255.0,216.0,201.0,96100.0,202.0,MVe,,8.0,16414.0,16414.0,0.32828,MY,misc,False,4684.0,51773057.0,120412.0,4684.0,51773057.0,120412.0,11053.171861656703,25.707087959009392
2232,MVeMC,"Medial vestibular nucleus, magnocellular part",255.0,216.0,201.0,96110.0,202.0,MVe,,8.0,27718.0,27718.0,0.55436,MY,MC,False,5533.0,54412620.0,138078.0,5533.0,54412620.0,138078.0,9834.198445689499,24.9553587565516
2516,MVePC_leaf,"Medial vestibular nucleus, parvicellular part, leaf",255.0,216.0,201.0,96120.0,2233.0,MVePC,,9.0,25296.0,25296.0,0.50592,MY,misc,False,7581.0,65791551.0,187582.0,7581.0,65791551.0,187582.0,8678.479224376732,24.74370135865981
2233,MVePC,"Medial vestibular nucleus, parvicellular part",255.0,216.0,201.0,96120.0,202.0,MVe,,8.0,,48300.0,0.966,MY,PC,False,,0.0,0.0,13237.0,114232174.0,327760.0,8629.763088313062,24.760897484324243
2368,MVePd,"Medial vestibular nucleus, parvicellular part, dorsal",255.0,216.0,201.0,96130.0,2233.0,MVePC,,9.0,14752.0,14752.0,0.29504,MY,d,False,3939.0,33926807.0,97809.0,3939.0,33926807.0,97809.0,8613.0507743082,24.83092155369383
2369,MVePv,"Medial vestibular nucleus, parvicellular part, ventral",255.0,216.0,201.0,96140.0,2233.0,MVePC,,9.0,8252.0,8252.0,0.16504,MY,v,False,1717.0,14513816.0,42369.0,1717.0,14513816.0,42369.0,8453.008736167734,24.676179382644147
225,SpVe,Spinal vestibular nucleus,255.0,212.0,201.0,96200.0,701.0,VeCb,,7.0,32980.0,32980.0,0.6596,MY,SpVe,False,5814.0,59206516.0,146335.0,5814.0,59206516.0,146335.0,10183.439284485725,25.169418644650843
2268,FVe,F cell group of the vestibular complex,255.0,212.0,201.0,96310.0,701.0,VeCb,,7.0,580.0,580.0,0.0116,MY,FVe,False,126.0,1220533.0,3107.0,126.0,1220533.0,3107.0,9686.769841269841,24.658730158730158
2218,PCGS,Paracochlear glial substance,255.0,212.0,201.0,96320.0,701.0,VeCb,,7.0,1316.0,1316.0,0.02632,MY,PCGS,False,375.0,5762417.0,9707.0,375.0,5762417.0,9707.0,15366.445333333333,25.88533333333333
765,X,Nucleus X,255.0,212.0,202.0,96400.0,370.0,MY-mot,,6.0,5370.0,5370.0,0.1074,MY,X,False,934.0,10996871.0,23677.0,934.0,10996871.0,23677.0,11773.951820128479,25.350107066381156
2267,Mx,Matrix region of the medulla,255.0,212.0,202.0,96410.0,370.0,MY-mot,,6.0,9226.0,9226.0,0.18452,MY,Mx,False,1675.0,17098745.0,42623.0,1675.0,17098745.0,42623.0,10208.205970149254,25.446567164179104
773,12N,Hypoglossal nucleus,255.0,212.0,192.0,96500.0,370.0,MY-mot,,6.0,17134.0,17134.0,0.34268,MY,12N,False,1783.0,13050349.0,46890.0,1783.0,13050349.0,46890.0,7319.320807627594,26.298373527762198
2272,CeCv,Central cervical nucleus of the spinal cord,255.0,212.0,192.0,96510.0,370.0,MY-mot,,6.0,414.0,414.0,0.00828,MY,CeCv,False,82.0,788578.0,2153.0,82.0,788578.0,2153.0,9616.80487804878,26.25609756097561
781,Y,Nucleus Y of the vestibular complex,255.0,212.0,203.0,96600.0,370.0,MY-mot,,6.0,1128.0,1128.0,0.02256,MY,Y,False,189.0,2126658.0,4845.0,189.0,2126658.0,4845.0,11252.15873015873,25.634920634920636
379,MY-sat,"Medulla, behavioral state related",255.0,176.0,192.0,96800.0,354.0,MY,,5.0,,18910.0,0.3782,MY,MY-sat,False,,0.0,0.0,2251.0,20135171.0,59935.0,8944.989338071968,26.625944024877832
206,RMg,RaphÈ magnus nucleus,255.0,176.0,193.0,96900.0,379.0,MY-sat,,6.0,,14722.0,0.29444,MY,RMg,False,,0.0,0.0,2078.0,18415882.0,55358.0,8862.310875842157,26.640038498556304
1971,RMg_leaf,"RaphÈ magnus nucleus, leaf",255.0,176.0,193.0,96900.0,206.0,RMg,,7.0,12250.0,12250.0,0.245,MY,misc,False,1681.0,14794244.0,45379.0,1681.0,14794244.0,45379.0,8800.859012492563,26.995240928019037
2212,RIP,RaphÈ interpositus nucleus,255.0,176.0,193.0,96910.0,206.0,RMg,,7.0,2472.0,2472.0,0.04944,MY,RIP,False,397.0,3621638.0,9979.0,397.0,3621638.0,9979.0,9122.513853904282,25.1360201511335
230,RPa,RaphÈ pallidus nucleus,255.0,176.0,195.0,97000.0,379.0,MY-sat,,6.0,2886.0,2886.0,0.05772,MY,RPa,False,47.0,343801.0,1257.0,47.0,343801.0,1257.0,7314.914893617021,26.74468085106383
222,ROb,RaphÈ obscurus nucleus,255.0,176.0,194.0,97100.0,379.0,MY-sat,,6.0,1302.0,1302.0,0.02604,MY,ROb,False,126.0,1375488.0,3320.0,126.0,1375488.0,3320.0,10916.57142857143,26.349206349206348
0,,,,,,,,,,,,,,,,,,811563111.0,2463549.0,0.0,811563111.0,2463549.0,inf,inf
6,,,,,,,,,,,,,,,,,,149038293.0,307839.0,0.0,149038293.0,307839.0,inf,inf
62,,,,,,,,,,,,,,,,,,40882856.0,108496.0,0.0,40882856.0,108496.0,inf,inf
85,,,,,,,,,,,,,,,,,,54154899.0,126218.0,0.0,54154899.0,126218.0,inf,inf
86,,,,,,,,,,,,,,,,,,39440174.0,96949.0,0.0,39440174.0,96949.0,inf,inf
93,,,,,,,,,,,,,,,,,,7885017.0,14550.0,0.0,7885017.0,14550.0,inf,inf
98,,,,,,,,,,,,,,,,,,5170441.0,10388.0,0.0,5170441.0,10388.0,inf,inf
102,,,,,,,,,,,,,,,,,,33518037.0,62227.0,0.0,33518037.0,62227.0,inf,inf
103,,,,,,,,,,,,,,,,,,122188705.0,254481.0,0.0,122188705.0,254481.0,inf,inf
117,,,,,,,,,,,,,,,,,,10228.0,71.0,0.0,10228.0,71.0,inf,inf
125,,,,,,,,,,,,,,,,,,30381022.0,73697.0,0.0,30381022.0,73697.0,inf,inf
140,,,,,,,,,,,,,,,,,,3565778.0,15713.0,0.0,3565778.0,15713.0,inf,inf
153,,,,,,,,,,,,,,,,,,14518510.0,38856.0,0.0,14518510.0,38856.0,inf,inf
158,,,,,,,,,,,,,,,,,,1957282.0,7858.0,0.0,1957282.0,7858.0,inf,inf
164,,,,,,,,,,,,,,,,,,73954.0,325.0,0.0,73954.0,325.0,inf,inf
190,,,,,,,,,,,,,,,,,,77804.0,351.0,0.0,77804.0,351.0,inf,inf
198,,,,,,,,,,,,,,,,,,2434090.0,7049.0,0.0,2434090.0,7049.0,inf,inf
237,,,,,,,,,,,,,,,,,,4234386.0,10672.0,0.0,4234386.0,10672.0,inf,inf
293,,,,,,,,,,,,,,,,,,4141918.0,9208.0,0.0,4141918.0,9208.0,inf,inf
336,,,,,,,,,,,,,,,,,,1016361.0,4335.0,0.0,1016361.0,4335.0,inf,inf
341,,,,,,,,,,,,,,,,,,1516990.0,5349.0,0.0,1516990.0,5349.0,inf,inf
396,,,,,,,,,,,,,,,,,,19549087.0,41928.0,0.0,19549087.0,41928.0,inf,inf
397,,,,,,,,,,,,,,,,,,1424449.0,4913.0,0.0,1424449.0,4913.0,inf,inf
413,,,,,,,,,,,,,,,,,,11619042.0,25796.0,0.0,11619042.0,25796.0,inf,inf
436,,,,,,,,,,,,,,,,,,26217350.0,66409.0,0.0,26217350.0,66409.0,inf,inf
443,,,,,,,,,,,,,,,,,,54125215.0,132203.0,0.0,54125215.0,132203.0,inf,inf
449,,,,,,,,,,,,,,,,,,3691336.0,8743.0,0.0,3691336.0,8743.0,inf,inf
466,,,,,,,,,,,,,,,,,,90661554.0,218588.0,0.0,90661554.0,218588.0,inf,inf
482,,,,,,,,,,,,,,,,,,8626995.0,32074.0,0.0,8626995.0,32074.0,inf,inf
506,,,,,,,,,,,,,,,,,,532232.0,1576.0,0.0,532232.0,1576.0,inf,inf
521,,,,,,,,,,,,,,,,,,13390258.0,34486.0,0.0,13390258.0,34486.0,inf,inf
530,,,,,,,,,,,,,,,,,,1825898.0,7225.0,0.0,1825898.0,7225.0,inf,inf
579,,,,,,,,,,,,,,,,,,356825000.0,821532.0,0.0,356825000.0,821532.0,inf,inf
584,,,,,,,,,,,,,,,,,,83124099.0,242288.0,0.0,83124099.0,242288.0,inf,inf
595,,,,,,,,,,,,,,,,,,13814969.0,40082.0,0.0,13814969.0,40082.0,inf,inf
603,,,,,,,,,,,,,,,,,,39271907.0,93473.0,0.0,39271907.0,93473.0,inf,inf
611,,,,,,,,,,,,,,,,,,120576.0,497.0,0.0,120576.0,497.0,inf,inf
624,,,,,,,,,,,,,,,,,,128996.0,574.0,0.0,128996.0,574.0,inf,inf
658,,,,,,,,,,,,,,,,,,69970069.0,116275.0,0.0,69970069.0,116275.0,inf,inf
665,,,,,,,,,,,,,,,,,,39056051.0,82535.0,0.0,39056051.0,82535.0,inf,inf
673,,,,,,,,,,,,,,,,,,89863.0,165.0,0.0,89863.0,165.0,inf,inf
681,,,,,,,,,,,,,,,,,,1639693.0,5145.0,0.0,1639693.0,5145.0,inf,inf
690,,,,,,,,,,,,,,,,,,16014753.0,39555.0,0.0,16014753.0,39555.0,inf,inf
697,,,,,,,,,,,,,,,,,,78261127.0,186119.0,0.0,78261127.0,186119.0,inf,inf
705,,,,,,,,,,,,,,,,,,8249781.0,17196.0,0.0,8249781.0,17196.0,inf,inf
728,,,,,,,,,,,,,,,,,,83410998.0,281772.0,0.0,83410998.0,281772.0,inf,inf
744,,,,,,,,,,,,,,,,,,578125.0,2543.0,0.0,578125.0,2543.0,inf,inf
751,,,,,,,,,,,,,,,,,,9979317.0,24293.0,0.0,9979317.0,24293.0,inf,inf
794,,,,,,,,,,,,,,,,,,38632806.0,92060.0,0.0,38632806.0,92060.0,inf,inf
802,,,,,,,,,,,,,,,,,,38477939.0,84740.0,0.0,38477939.0,84740.0,inf,inf
838,,,,,,,,,,,,,,,,,,84978461.0,193026.0,0.0,84978461.0,193026.0,inf,inf
850,,,,,,,,,,,,,,,,,,9474561.0,20606.0,0.0,9474561.0,20606.0,inf,inf
900,,,,,,,,,,,,,,,,,,60882208.0,106410.0,0.0,60882208.0,106410.0,inf,inf
908,,,,,,,,,,,,,,,,,,33639834.0,68168.0,0.0,33639834.0,68168.0,inf,inf
916,,,,,,,,,,,,,,,,,,15453547.0,51586.0,0.0,15453547.0,51586.0,inf,inf
924,,,,,,,,,,,,,,,,,,82659088.0,163542.0,0.0,82659088.0,163542.0,inf,inf
940,,,,,,,,,,,,,,,,,,22543932.0,100375.0,0.0,22543932.0,100375.0,inf,inf
941,,,,,,,,,,,,,,,,,,3937058.0,9441.0,0.0,3937058.0,9441.0,inf,inf
949,,,,,,,,,,,,,,,,,,154664.0,446.0,0.0,154664.0,446.0,inf,inf
971,,,,,,,,,,,,,,,,,,1029565.0,4699.0,0.0,1029565.0,4699.0,inf,inf
986,,,,,,,,,,,,,,,,,,539982.0,2320.0,0.0,539982.0,2320.0,inf,inf
1003,,,,,,,,,,,,,,,,,,17838833.0,67777.0,0.0,17838833.0,67777.0,inf,inf
1016,,,,,,,,,,,,,,,,,,10008683.0,34259.0,0.0,10008683.0,34259.0,inf,inf
1055,,,,,,,,,,,,,,,,,,31093767.0,77675.0,0.0,31093767.0,77675.0,inf,inf
1060,,,,,,,,,,,,,,,,,,1626832.0,6052.0,0.0,1626832.0,6052.0,inf,inf
1092,,,,,,,,,,,,,,,,,,4780194.0,9586.0,0.0,4780194.0,9586.0,inf,inf
1108,,,,,,,,,,,,,,,,,,14125380.0,42821.0,0.0,14125380.0,42821.0,inf,inf
1116,,,,,,,,,,,,,,,,,,2657226.0,7512.0,0.0,2657226.0,7512.0,inf,inf
1122,,,,,,,,,,,,,,,,,,20923047.0,41210.0,0.0,20923047.0,41210.0,inf,inf
1131,,,,,,,,,,,,,,,,,,942427.0,2883.0,0.0,942427.0,2883.0,inf,inf
1186,,,,,,,,,,,,,,,,,,7427126.0,26828.0,0.0,7427126.0,26828.0,inf,inf
1274,,,,,,,,,,,,,,,,,,3672677.0,9077.0,0.0,3672677.0,9077.0,inf,inf
2040,,,,,,,,,,,,,,,,,,6886632.0,16066.0,0.0,6886632.0,16066.0,inf,inf
2109,,,,,,,,,,,,,,,,,,1381892.0,4546.0,0.0,1381892.0,4546.0,inf,inf
2155,,,,,,,,,,,,,,,,,,102779.0,382.0,0.0,102779.0,382.0,inf,inf
2167,,,,,,,,,,,,,,,,,,25668264.0,80759.0,0.0,25668264.0,80759.0,inf,inf
2169,,,,,,,,,,,,,,,,,,11524328.0,22721.0,0.0,11524328.0,22721.0,inf,inf
2171,,,,,,,,,,,,,,,,,,57024589.0,159905.0,0.0,57024589.0,159905.0,inf,inf
2219,,,,,,,,,,,,,,,,,,436480.0,2005.0,0.0,436480.0,2005.0,inf,inf
2222,,,,,,,,,,,,,,,,,,1342407.0,4405.0,0.0,1342407.0,4405.0,inf,inf
2275,,,,,,,,,,,,,,,,,,6742792.0,27174.0,0.0,6742792.0,27174.0,inf,inf
2279,,,,,,,,,,,,,,,,,,19900567.0,32563.0,0.0,19900567.0,32563.0,inf,inf
2317,,,,,,,,,,,,,,,,,,52093659.0,100446.0,0.0,52093659.0,100446.0,inf,inf
2373,,,,,,,,,,,,,,,,,,38389066.0,90406.0,0.0,38389066.0,90406.0,inf,inf
2394,,,,,,,,,,,,,,,,,,580676.0,798.0,0.0,580676.0,798.0,inf,inf
2502,,,,,,,,,,,,,,,,,,4671408.0,18200.0,0.0,4671408.0,18200.0,inf,inf
2503,,,,,,,,,,,,,,,,,,29663444.0,70504.0,0.0,29663444.0,70504.0,inf,inf
