id,name,acronym,red,green,blue,structure_order,parent_id,parent_acronym,collapse,depth,counts,raw_cell_intensity,raw_cell_size,newcounts,newcellintensity,newcellsize,normalized_cellintensity,normalized_cellsize
0,background,background,0,0,0,0,,,,0,46205.0,1156742266.0,3490901.0,46205.0,1156742266.0,3490901.0,25035.001969483823,75.55245103343793
997,root,root,255,255,255,0,,,,0,,0.0,0.0,264269.0,5259052084.0,17980348.0,19900.3745577423,68.03805213627024
8,Basic cell groups and regions,grey,176,255,255,100,997.0,root,,1,,0.0,0.0,222782.0,4374027818.0,15061106.0,19633.667971380095,67.60468080904202
567,Cerebrum,CH,176,240,255,200,8.0,grey,,2,,0.0,0.0,149234.0,2855473902.0,10056231.0,19134.204685259392,67.38565608373428
688,Cerebral cortex,CTX,176,255,184,300,567.0,CH,,3,,0.0,0.0,122116.0,2308550637.0,8207499.0,18904.571366569493,67.21067673359757
695,Cortical plate,CTXpl,112,255,112,400,688.0,CTX,,4,,0.0,0.0,114404.0,2170318273.0,7709843.0,18970.650265724973,67.3913761756582
315,Isocortex,Isocortex,112,255,113,500,695.0,CTXpl,,5,,0.0,0.0,62845.0,1200162103.0,4243689.0,19097.1772296921,67.52627894024982
184,Frontal association cortex,FrA,112,255,113,600,315.0,Isocortex,,6,,0.0,0.0,3177.0,58118864.0,210682.0,18293.630468995907,66.31476235442241
68,"Frontal pole, layer 1",FrA-1,121,161,59,700,184.0,FrA,,7,876.0,17354344.0,59196.0,876.0,17354344.0,59196.0,19810.89497716895,67.57534246575342
667,"Frontal pole, layer 2/3",FrA-2/3,132,165,74,800,184.0,FrA,,7,1226.0,24060203.0,84631.0,1226.0,24060203.0,84631.0,19624.961663947797,69.03017944535074
2325,"Frontal pole, layer 5",FrA-5,132,165,74,810,184.0,FrA,,7,886.0,14090372.0,55469.0,886.0,14090372.0,55469.0,15903.35440180587,62.606094808126414
500,motor cortex,M,112,255,116,900,315.0,Isocortex,,6,,0.0,0.0,10456.0,173555289.0,653771.0,16598.631312165264,62.5259181331293
985,Primary motor cortex,M1,112,255,116,1500,500.0,M,,7,,0.0,0.0,3006.0,50482389.0,189380.0,16793.875249500998,63.000665335994675
320,"Primary motor cortex, layer 1",M1-1,112,255,116,1510,985.0,M1,,8,760.0,11066050.0,44906.0,760.0,11066050.0,44906.0,14560.592105263158,59.08684210526316
943,"Primary motor cortex, layer 2/3",M1-2/3,112,255,116,1520,985.0,M1,,8,274.0,4046793.0,16497.0,274.0,4046793.0,16497.0,14769.317518248175,60.20802919708029
648,"Primary motor cortex, layer 5",M1-5,112,255,116,1530,985.0,M1,,8,629.0,12023433.0,40922.0,629.0,12023433.0,40922.0,19115.155802861686,65.05882352941177
844,"Primary motor cortex, layer 6a",M1-6a,112,255,116,1540,985.0,M1,,8,668.0,10426034.0,40970.0,668.0,10426034.0,40970.0,15607.835329341317,61.33233532934132
882,"Primary motor cortex, layer 6b",M1-6b,112,255,116,1540,985.0,M1,,8,181.0,3469681.0,11668.0,181.0,3469681.0,11668.0,19169.508287292818,64.46408839779005
2017,"Frontal cortex, area 3",FrC3,132,165,74,2010,985.0,M1,,8,,0.0,0.0,494.0,9450398.0,34417.0,19130.360323886638,69.67004048582996
2334,"Frontal cortex, area 3, layer1",FrC3-1,132,165,74,2020,2017.0,FrC3,,9,64.0,865009.0,4028.0,64.0,865009.0,4028.0,13515.765625,62.9375
2335,"Frontal cortex, area 3, layer2/3",FrC3-2/3,132,165,74,2020,2017.0,FrC3,,9,159.0,2379788.0,10107.0,159.0,2379788.0,10107.0,14967.220125786163,63.56603773584906
2336,"Frontal cortex, area 3, layer5",FrC3-5,132,165,74,2040,2017.0,FrC3,,9,194.0,4960371.0,15630.0,194.0,4960371.0,15630.0,25568.922680412372,80.56701030927834
2337,"Frontal cortex, area 3, layer6a",FrC3-6a,132,165,74,2050,2017.0,FrC3,,9,68.0,1201826.0,4376.0,68.0,1201826.0,4376.0,17673.91176470588,64.3529411764706
2351,"Frontal cortex, area 3, layer6b",FrC3-6b,132,165,74,2060,2017.0,FrC3,,9,9.0,43404.0,276.0,9.0,43404.0,276.0,4822.666666666667,30.666666666666668
993,Secondary motor cortex,M2,112,255,116,2100,500.0,M,,7,,0.0,0.0,7450.0,123072900.0,464391.0,16519.85234899329,62.33436241610738
656,"Secondary motor cortex, layer 1",M2-1,63,147,68,2200,993.0,M2,,8,1212.0,23316332.0,80905.0,1212.0,23316332.0,80905.0,19237.897689768975,66.753300330033
962,"Secondary motor cortex, layer 2/3",M2-2/3,83,152,86,2300,993.0,M2,,8,1319.0,19054700.0,75524.0,1319.0,19054700.0,75524.0,14446.322971948446,57.25852918877938
767,"Secondary motor cortex, layer 5",M2-5,101,157,97,2400,993.0,M2,,8,3153.0,50530498.0,196336.0,3153.0,50530498.0,196336.0,16026.164922296226,62.269584522676816
1021,"Secondary motor cortex, layer 6a",M2-6a,129,174,115,2500,993.0,M2,,8,1733.0,29832763.0,109982.0,1733.0,29832763.0,109982.0,17214.519907674552,63.46335833814195
1085,"Secondary motor cortex, layer 6b",M2-6b,139,178,127,2600,993.0,M2,,8,33.0,338607.0,1644.0,33.0,338607.0,1644.0,10260.818181818182,49.81818181818182
453,Somatosensory cortex,S,112,255,121,2700,315.0,Isocortex,,6,,0.0,0.0,13519.0,229191338.0,857225.0,16953.275981951327,63.408905984170424
322,Primary somatosensory cortex,S1,112,255,121,2800,453.0,S,,7,,0.0,0.0,10118.0,165422051.0,628562.0,16349.283554062067,62.123146866969755
2338,"Primary somatosensory area, jaw",S1J,163,213,170,3410,322.0,S1,,8,,0.0,0.0,1769.0,30296918.0,109281.0,17126.578858111927,61.77557942340305
2339,"Primary somatosensory area, jaw, layer 1",S1J-1,163,213,170,3420,2338.0,S1J,,9,326.0,4390295.0,18205.0,326.0,4390295.0,18205.0,13467.162576687117,55.84355828220859
2340,"Primary somatosensory area, jaw, layer 2/3",S1J-2/3,163,213,170,3430,2338.0,S1J,,9,113.0,1555458.0,6823.0,113.0,1555458.0,6823.0,13765.115044247788,60.38053097345133
2341,"Primary somatosensory area, jaw, layer 4",S1J-4,163,213,170,3440,2338.0,S1J,,9,85.0,1671337.0,5353.0,85.0,1671337.0,5353.0,19662.788235294116,62.976470588235294
2342,"Primary somatosensory area, jaw, layer 5",S1J-5,163,213,170,3450,2338.0,S1J,,9,626.0,11395841.0,40502.0,626.0,11395841.0,40502.0,18204.218849840254,64.69968051118211
2343,"Primary somatosensory area, jaw, layer 6a",S1J-6a,163,213,170,3460,2338.0,S1J,,9,511.0,9389073.0,31689.0,511.0,9389073.0,31689.0,18373.91976516634,62.013698630136986
2344,"Primary somatosensory area, jaw, layer 6b",S1J-6b,163,213,170,3470,2338.0,S1J,,9,108.0,1894914.0,6709.0,108.0,1894914.0,6709.0,17545.5,62.120370370370374
793,"Primary somatosensory area, undefined, layer 1",S1-1,0,177,92,2900,322.0,S1,,8,,0.0,0.0,469.0,8187730.0,29929.0,17457.84648187633,63.814498933901916
346,"Primary somatosensory area, undefined, layer 2/3",S1-2/3,67,185,112,3000,793.0,S1-1,,9,33.0,554623.0,2044.0,33.0,554623.0,2044.0,16806.757575757576,61.93939393939394
865,"Primary somatosensory area, undefined, layer 4",S1-4,93,191,126,3100,793.0,S1-1,,9,5.0,106426.0,357.0,5.0,106426.0,357.0,21285.2,71.4
921,"Primary somatosensory area, undefined, layer 5",S1-5,116,197,139,3200,793.0,S1-1,,9,93.0,1192153.0,5274.0,93.0,1192153.0,5274.0,12818.849462365592,56.70967741935484
686,"Primary somatosensory area, undefined, layer 6a",S1-6a,138,204,153,3300,793.0,S1-1,,9,120.0,1889872.0,6974.0,120.0,1889872.0,6974.0,15748.933333333332,58.11666666666667
719,"Primary somatosensory area,, undefined, layer 6b",S1-6b,163,213,170,3400,793.0,S1-1,,9,47.0,933712.0,3294.0,47.0,933712.0,3294.0,19866.212765957447,70.08510638297872
329,"Primary somatosensory cortex, barrel field",S1BF,112,255,121,4200,322.0,S1,,8,,0.0,0.0,3292.0,61850768.0,224426.0,18788.204131227216,68.17314702308627
981,"Primary somatosensory cortex, barrel field, layer 1",S1BF-1,0,178,156,4300,329.0,S1BF,,9,1740.0,38692723.0,131790.0,1740.0,38692723.0,131790.0,22237.197126436782,75.74137931034483
201,"Primary somatosensory cortex, barrel field, layer 2/3",S1BF-2/3,19,186,171,4400,329.0,S1BF,,9,236.0,4472438.0,15990.0,236.0,4472438.0,15990.0,18951.008474576272,67.7542372881356
1047,"Primary somatosensory cortex, barrel field, layer 4",S1BF-4,66,191,179,4500,329.0,S1BF,,9,59.0,1339000.0,4393.0,59.0,1339000.0,4393.0,22694.915254237287,74.45762711864407
1070,"Primary somatosensory cortex, barrel field, layer 5 ",S1BF-5,93,197,188,4600,329.0,S1BF,,9,211.0,2614997.0,11180.0,211.0,2614997.0,11180.0,12393.350710900473,52.985781990521325
1038,"Primary somatosensory cortex, barrel field, layer 6a",S1BF-6a,117,203,197,4700,329.0,S1BF,,9,552.0,7393195.0,31297.0,552.0,7393195.0,31297.0,13393.46920289855,56.697463768115945
1062,"Primary somatosensory cortex, barrel field, layer 6b",S1BF-6b,143,211,208,4800,329.0,S1BF,,9,494.0,7338415.0,29776.0,494.0,7338415.0,29776.0,14855.09109311741,60.2753036437247
337,"Primary somatosensory cortex, hindlimb region",S1HL,112,255,121,4900,322.0,S1,,8,,0.0,0.0,268.0,3131973.0,14180.0,11686.466417910447,52.91044776119403
1030,"Primary somatosensory cortex, hindlimb region, layer 1",S1HL-1,0,177,142,5000,337.0,S1HL,,9,191.0,2056895.0,9654.0,191.0,2056895.0,9654.0,10769.083769633507,50.544502617801044
113,"Primary somatosensory cortex, hindlimb region, layer 2/3",S1HL-2/3,0,183,155,5100,337.0,S1HL,,9,15.0,195042.0,883.0,15.0,195042.0,883.0,13002.8,58.86666666666667
1094,"Primary somatosensory cortex, hindlimb region, layer 4",S1HL-4,69,191,171,5200,337.0,S1HL,,9,3.0,11114.0,79.0,3.0,11114.0,79.0,3704.6666666666665,26.333333333333332
1128,"Primary somatosensory cortex, hindlimb region, layer 5",S1HL-5,96,196,179,5300,337.0,S1HL,,9,14.0,112707.0,621.0,14.0,112707.0,621.0,8050.5,44.357142857142854
478,"Primary somatosensory cortex, hindlimb region, layer 6a",S1HL-6a,119,202,188,5400,337.0,S1HL,,9,13.0,282047.0,1018.0,13.0,282047.0,1018.0,21695.923076923078,78.3076923076923
510,"Primary somatosensory cortex, hindlimb region, layer 6b",S1HL-6b,145,211,198,5500,337.0,S1HL,,9,32.0,474168.0,1925.0,32.0,474168.0,1925.0,14817.75,60.15625
345,"Primary somatosensory cortex, upper lip region",S1ULp,112,255,121,5600,322.0,S1,,8,,0.0,0.0,2946.0,43604455.0,174711.0,14801.240665308893,59.30448065173116
878,"Primary somatosensory cortex, upper lip region, layer 1",S1ULp-1,0,173,94,5700,345.0,S1ULp,,9,743.0,15279016.0,51253.0,743.0,15279016.0,51253.0,20563.951547779274,68.98115746971736
657,"Primary somatosensory cortex, upper lip region, layer 2/3",S1ULp-2/3,20,180,107,5800,345.0,S1ULp,,9,326.0,4761450.0,18752.0,326.0,4761450.0,18752.0,14605.674846625767,57.52147239263804
950,"Primary somatosensory cortex, upper lip region, layer 4",S1ULp-4,66,185,120,5900,345.0,S1ULp,,9,167.0,2196351.0,9830.0,167.0,2196351.0,9830.0,13151.802395209581,58.862275449101794
974,"Primary somatosensory cortex, upper lip region, layer 5",S1ULp-5,92,191,133,6000,345.0,S1ULp,,9,293.0,3376612.0,15995.0,293.0,3376612.0,15995.0,11524.273037542662,54.59044368600683
1102,"Primary somatosensory cortex, upper lip region, layer 6a",S1ULp-6a,115,197,146,6100,345.0,S1ULp,,9,924.0,12495406.0,52944.0,924.0,12495406.0,52944.0,13523.166666666666,57.298701298701296
2,"Primary somatosensory cortex, upper lip region, layer 6b",S1ULp-6b,137,205,161,6200,345.0,S1ULp,,9,493.0,5495620.0,25937.0,493.0,5495620.0,25937.0,11147.302231237323,52.6105476673428
2000,"Primary somatosensory cortex, dysgranular zone ",S1DZ,112,255,121,6210,322.0,S1,,8,,0.0,0.0,413.0,5156217.0,22169.0,12484.786924939468,53.67796610169491
2287,"Primary somatosensory cortex, dysgranular zone 1",S1DZ-1,112,255,121,6211,2000.0,S1DZ,,9,208.0,2753201.0,11722.0,208.0,2753201.0,11722.0,13236.54326923077,56.35576923076923
2288,"Primary somatosensory cortex, dysgranular zone 2/3",S1DZ-2/3,112,255,121,6212,2000.0,S1DZ,,9,63.0,895646.0,3705.0,63.0,895646.0,3705.0,14216.603174603175,58.80952380952381
2289,"Primary somatosensory cortex, dysgranular zone 4",S1DZ-4,112,255,121,6213,2000.0,S1DZ,,9,7.0,36646.0,226.0,7.0,36646.0,226.0,5235.142857142857,32.285714285714285
2290,"Primary somatosensory cortex, dysgranular zone 5",S1DZ-5,112,255,121,6214,2000.0,S1DZ,,9,23.0,177410.0,879.0,23.0,177410.0,879.0,7713.478260869565,38.21739130434783
2291,"Primary somatosensory cortex, dysgranular zone 6a",S1DZ-6a,112,255,121,6215,2000.0,S1DZ,,9,61.0,785418.0,3225.0,61.0,785418.0,3225.0,12875.704918032787,52.868852459016395
2292,"Primary somatosensory cortex, dysgranular zone 6b",S1DZ-6b,112,255,121,6216,2000.0,S1DZ,,9,51.0,507896.0,2412.0,51.0,507896.0,2412.0,9958.745098039215,47.294117647058826
2352,"Primary somatosensory cortex, oral dysgranular zone ",S1DZO,112,255,121,6220,322.0,S1,,8,,0.0,0.0,36.0,786362.0,2839.0,21843.38888888889,78.86111111111111
2353,"Primary somatosensory cortex, oral dysgranular zone 1",S1DZO-1,112,255,121,6221,2352.0,S1DZO,,9,9.0,126733.0,569.0,9.0,126733.0,569.0,14081.444444444445,63.22222222222222
2354,"Primary somatosensory cortex, oral dysgranular zone 2/3",S1DZO-2/3,112,255,121,6222,2352.0,S1DZO,,9,1.0,4552.0,32.0,1.0,4552.0,32.0,4552.0,32.0
2355,"Primary somatosensory cortex, oral dysgranular zone 4",S1DZO-4,112,255,121,6223,2352.0,S1DZO,,9,,0.0,0.0,0.0,0.0,0.0,,
2356,"Primary somatosensory cortex, oral dysgranular zone 5",S1DZO-5,112,255,121,6224,2352.0,S1DZO,,9,2.0,49803.0,231.0,2.0,49803.0,231.0,24901.5,115.5
2357,"Primary somatosensory cortex, oral dysgranular zone 6a",S1DZO-6a,112,255,121,6225,2352.0,S1DZO,,9,17.0,525662.0,1611.0,17.0,525662.0,1611.0,30921.29411764706,94.76470588235294
2358,"Primary somatosensory cortex, oral dysgranular zone 6b",S1DZO-6b,112,255,121,6226,2352.0,S1DZO,,9,7.0,79612.0,396.0,7.0,79612.0,396.0,11373.142857142857,56.57142857142857
2041,"Primary somatosensory cortex, shoulder region",S1Sh,112,255,121,6230,322.0,S1,,8,,0.0,0.0,73.0,910018.0,4016.0,12466.0,55.013698630136986
2310,"Primary somatosensory cortex, shoulder region 1",S1Sh-1,112,255,121,6231,2041.0,S1Sh,,9,57.0,749301.0,3228.0,57.0,749301.0,3228.0,13145.631578947368,56.63157894736842
2311,"Primary somatosensory cortex, shoulder region 2/3",S1Sh-2/3,112,255,121,6232,2041.0,S1Sh,,9,6.0,111001.0,481.0,6.0,111001.0,481.0,18500.166666666668,80.16666666666667
2312,"Primary somatosensory cortex, shoulder region 4",S1Sh-4,112,255,121,6233,2041.0,S1Sh,,9,1.0,3070.0,24.0,1.0,3070.0,24.0,3070.0,24.0
2313,"Primary somatosensory cortex, shoulder region 5",S1Sh-5,112,255,121,6234,2041.0,S1Sh,,9,6.0,28598.0,182.0,6.0,28598.0,182.0,4766.333333333333,30.333333333333332
2314,"Primary somatosensory cortex, shoulder region 6a",S1Sh-6a,112,255,121,6235,2041.0,S1Sh,,9,,0.0,0.0,0.0,0.0,0.0,,
2315,"Primary somatosensory cortex, shoulder region 6b",S1Sh-6b,112,255,121,6236,2041.0,S1Sh,,9,3.0,18048.0,101.0,3.0,18048.0,101.0,6016.0,33.666666666666664
369,"Primary somatosensory cortex, forelimb region",S1FL,112,255,121,6300,322.0,S1,,8,,0.0,0.0,720.0,10071981.0,40267.0,13988.8625,55.92638888888889
450,"Primary somatosensory cortex, forelimb region, layer 1",S1FL-1,0,174,103,6400,369.0,S1FL,,9,332.0,4680945.0,18851.0,332.0,4680945.0,18851.0,14099.231927710844,56.78012048192771
854,"Primary somatosensory cortex, forelimb region, layer 2/3",S1FL-2/3,46,183,120,6500,369.0,S1FL,,9,58.0,638643.0,2896.0,58.0,638643.0,2896.0,11011.086206896553,49.93103448275862
577,"Primary somatosensory cortex, forelimb region, layer 4",S1FL-4,79,188,133,6600,369.0,S1FL,,9,15.0,263293.0,969.0,15.0,263293.0,969.0,17552.866666666665,64.6
625,"Primary somatosensory cortex, forelimb region, layer 5",S1FL-5,103,194,147,6700,369.0,S1FL,,9,42.0,402213.0,2090.0,42.0,402213.0,2090.0,9576.5,49.76190476190476
945,"Primary somatosensory cortex, forelimb region, layer 6a",S1FL-6a,114,198,154,6800,369.0,S1FL,,9,139.0,1928470.0,7628.0,139.0,1928470.0,7628.0,13873.884892086331,54.87769784172662
1026,"Primary somatosensory cortex, forelimb region, layer 6b",S1FL-6b,124,201,162,6900,369.0,S1FL,,9,134.0,2158417.0,7833.0,134.0,2158417.0,7833.0,16107.589552238805,58.45522388059702
361,"Primary somatosensory cortex, trunk region",S1Tr,112,255,121,7000,322.0,S1,,8,,0.0,0.0,132.0,1425629.0,6744.0,10800.219696969696,51.09090909090909
1006,"Primary somatosensory cortex, trunk region, layer 1",S1Tr-1,0,179,171,7100,361.0,S1Tr,,9,85.0,927713.0,4401.0,85.0,927713.0,4401.0,10914.270588235295,51.77647058823529
670,"Primary somatosensory cortex, trunk region, layer 2/3",S1Tr-2/3,0,185,179,7200,361.0,S1Tr,,9,16.0,113396.0,604.0,16.0,113396.0,604.0,7087.25,37.75
1086,"Primary somatosensory cortex, trunk region, layer 4",S1Tr-4,63,192,187,7300,361.0,S1Tr,,9,9.0,115541.0,496.0,9.0,115541.0,496.0,12837.888888888889,55.111111111111114
1111,"Primary somatosensory cortex, trunk region, layer 5",S1Tr-5,91,197,197,7400,361.0,S1Tr,,9,15.0,101222.0,608.0,15.0,101222.0,608.0,6748.133333333333,40.53333333333333
9,"Primary somatosensory cortex, trunk region, layer 6a",S1Tr-6a,115,203,207,7500,361.0,S1Tr,,9,4.0,125640.0,436.0,4.0,125640.0,436.0,31410.0,109.0
461,"Primary somatosensory cortex, trunk region, layer 6b",S1Tr-6b,156,216,218,7600,361.0,S1Tr,,9,3.0,42117.0,199.0,3.0,42117.0,199.0,14039.0,66.33333333333333
378,Secondary somatosensory cortex,S2,112,255,121,7700,453.0,S,,7,,0.0,0.0,3401.0,63769287.0,228663.0,18750.157894736843,67.23404880917377
873,"Secondary somatosensory cortex, layer 1",S2-1,0,176,129,7800,378.0,S2,,8,1037.0,26260488.0,82007.0,1037.0,26260488.0,82007.0,25323.517839922853,79.08100289296047
806,"Secondary somatosensory cortex, layer 2/3",S2-2/3,0,180,135,7900,378.0,S2,,8,420.0,8318993.0,29068.0,420.0,8318993.0,29068.0,19807.126190476192,69.20952380952382
1035,"Secondary somatosensory cortex, layer 4",S2-4,40,184,141,8000,378.0,S2,,8,200.0,2984691.0,12326.0,200.0,2984691.0,12326.0,14923.455,61.63
1090,"Secondary somatosensory cortex, layer 5",S2-5,74,190,155,8100,378.0,S2,,8,302.0,4319036.0,18574.0,302.0,4319036.0,18574.0,14301.443708609271,61.503311258278146
862,"Secondary somatosensory cortex, layer 6a",S2-6a,98,196,170,8200,378.0,S2,,8,765.0,12012678.0,47141.0,765.0,12012678.0,47141.0,15702.847058823529,61.62222222222222
893,"Secondary somatosensory cortex, layer 6b",S2-6b,121,202,179,8300,378.0,S2,,8,677.0,9873401.0,39547.0,677.0,9873401.0,39547.0,14584.048744460857,58.41506646971935
44,"Cingulate cortex, area 24a (infralimbic)",A24a (IL),112,255,104,8400,315.0,Isocortex,,6,,0.0,0.0,2248.0,59267089.0,188248.0,26364.3634341637,83.74021352313167
707,"Cingulate cortex, area 24a (infralimbic), layer 1",A24a (IL)-1,0,137,72,8500,44.0,A24a (IL),,7,207.0,8870625.0,21683.0,207.0,8870625.0,21683.0,42853.260869565216,104.7487922705314
747,"Cingulate cortex, area 24a (infralimbic), layer 2/3",A24a (IL)-2,13,142,83,8600,44.0,A24a (IL),,7,,0.0,0.0,0.0,0.0,0.0,,
556,"Cingulate cortex, area 24a (infralimbic), layer 4",A24a (IL)-2/3,50,146,93,8700,44.0,A24a (IL),,7,813.0,23467485.0,74598.0,813.0,23467485.0,74598.0,28865.29520295203,91.75645756457564
827,"Cingulate cortex, area 24a (infralimbic), layer 5",A24a (IL)-5,77,160,111,8800,44.0,A24a (IL),,7,733.0,15166290.0,54141.0,733.0,15166290.0,54141.0,20690.709413369714,73.86221009549796
1054,"Cingulate cortex, area 24a (infralimbic), layer 6a",A24a (IL)-6a,97,166,122,8900,44.0,A24a (IL),,7,376.0,8158594.0,26789.0,376.0,8158594.0,26789.0,21698.38829787234,71.24734042553192
1081,"Cingulate cortex, area 24a (infralimbic), layer 6b",A24a (IL)-6b,116,172,135,9000,44.0,A24a (IL),,7,119.0,3604095.0,11037.0,119.0,3604095.0,11037.0,30286.51260504202,92.74789915966386
1057,Dysgranular insular cortex,DI,112,255,105,9100,315.0,Isocortex,,6,,0.0,0.0,823.0,16501014.0,55698.0,20049.8347509113,67.67679222357229
36,"Dysgranular insular cortex, layer 1",DI-1,51,181,90,9200,1057.0,DI,,7,136.0,3723708.0,10448.0,136.0,3723708.0,10448.0,27380.20588235294,76.82352941176471
180,"Dysgranular insular cortex, layer 2/3",DI-2/3,82,187,112,9300,1057.0,DI,,7,35.0,332840.0,1567.0,35.0,332840.0,1567.0,9509.714285714286,44.77142857142857
148,"Dysgranular insular cortex, layer 4",DI-4,106,193,125,9400,1057.0,DI,,7,45.0,1052829.0,3053.0,45.0,1052829.0,3053.0,23396.2,67.84444444444445
187,"Dysgranular insular cortex, layer 5",DI-5,127,200,138,9500,1057.0,DI,,7,208.0,3739501.0,13385.0,208.0,3739501.0,13385.0,17978.37019230769,64.35096153846153
638,"Dysgranular insular cortex, layer 6a",DI-6a,152,208,152,9600,1057.0,DI,,7,383.0,7333972.0,26128.0,383.0,7333972.0,26128.0,19148.751958224544,68.21932114882506
662,"Dysgranular insular cortex, layer 6b",DI-6b,175,218,179,9700,1057.0,DI,,7,16.0,318164.0,1117.0,16.0,318164.0,1117.0,19885.25,69.8125
677,Granular insular cortex,GI,112,255,100,9800,315.0,Isocortex,,6,,0.0,0.0,982.0,20498569.0,67105.0,20874.30651731161,68.33503054989816
897,"Granular insular cortex, layer 1",GI-1,0,155,91,9900,677.0,GI,,7,221.0,5547966.0,15732.0,221.0,5547966.0,15732.0,25103.9185520362,71.18552036199095
1106,"Granular insular cortex, layer 2/3",GI-2/3,42,163,106,10000,677.0,GI,,7,33.0,998112.0,2802.0,33.0,998112.0,2802.0,30245.81818181818,84.9090909090909
1010,"Granular insular cortex, layer 4",GI-4,70,168,118,10100,677.0,GI,,7,45.0,493584.0,2455.0,45.0,493584.0,2455.0,10968.533333333333,54.55555555555556
1058,"Granular insular cortex, layer 5",GI-5,97,183,138,10200,677.0,GI,,7,221.0,4502154.0,15284.0,221.0,4502154.0,15284.0,20371.737556561086,69.15837104072398
857,"Granular insular cortex, layer 6a",GI-6a,108,186,144,10300,677.0,GI,,7,379.0,6916959.0,24324.0,379.0,6916959.0,24324.0,18250.551451187333,64.17941952506597
849,"Granular insular cortex, layer 6b",GI-6b,117,189,152,10400,677.0,GI,,7,83.0,2039794.0,6508.0,83.0,2039794.0,6508.0,24575.831325301206,78.40963855421687
247,Auditory cortex,Au,120,255,120,10500,315.0,Isocortex,,6,,0.0,0.0,3280.0,69496111.0,239126.0,21187.838719512194,72.90426829268293
1011,"Secondary auditory cortex, dorsal area",AuD,120,255,120,10600,247.0,Au,,7,,0.0,0.0,626.0,12229942.0,42579.0,19536.64856230032,68.01757188498402
527,"Secondary auditory cortex, dorsal area, layer 1",AuD-1,0,157,125,10700,1011.0,AuD,,8,242.0,6247621.0,20125.0,242.0,6247621.0,20125.0,25816.61570247934,83.16115702479338
600,"Secondary auditory cortex, dorsal area, layer 2/3",AuD-2/3,0,163,137,10800,1011.0,AuD,,8,78.0,1122175.0,4898.0,78.0,1122175.0,4898.0,14386.858974358975,62.794871794871796
678,"Secondary auditory cortex, dorsal area, layer 4",AuD-4,63,170,151,10900,1011.0,AuD,,8,35.0,654042.0,2267.0,35.0,654042.0,2267.0,18686.914285714287,64.77142857142857
252,"Secondary auditory cortex, dorsal area, layer 5",AuD-5,91,185,168,11000,1011.0,AuD,,8,73.0,1135425.0,4096.0,73.0,1135425.0,4096.0,15553.767123287671,56.10958904109589
156,"Secondary auditory cortex, dorsal area, layer 6a",AuD-6a,113,190,176,11100,1011.0,AuD,,8,119.0,2238428.0,7332.0,119.0,2238428.0,7332.0,18810.319327731093,61.61344537815126
243,"Secondary auditory cortex, dorsal area, layer 6b",AuD-16b,137,198,186,11200,1011.0,AuD,,8,79.0,832251.0,3861.0,79.0,832251.0,3861.0,10534.822784810127,48.87341772151899
1002,Primary auditory cortex,Au1,120,255,120,11300,247.0,Au,,7,,0.0,0.0,1110.0,25531268.0,85389.0,23001.142342342344,76.92702702702702
735,"Primary auditory cortex, layer 1",Au1-1,0,157,114,11400,1002.0,Au1,,8,208.0,7009659.0,20217.0,208.0,7009659.0,20217.0,33700.283653846156,97.19711538461539
251,"Primary auditory cortex, layer 2/3",Au1-2/3,0,160,119,11500,1002.0,Au1,,8,201.0,6528959.0,20309.0,201.0,6528959.0,20309.0,32482.383084577115,101.03980099502488
816,"Primary auditory cortex, layer 4",Au1-4,37,164,125,11600,1002.0,Au1,,8,149.0,3442851.0,12166.0,149.0,3442851.0,12166.0,23106.38255033557,81.6510067114094
847,"Primary auditory cortex, layer 5",Au1-5,71,178,145,11700,1002.0,Au1,,8,192.0,3310854.0,11835.0,192.0,3310854.0,11835.0,17244.03125,61.640625
954,"Primary auditory cortex, layer 6a",Au1-6a,93,184,160,11800,1002.0,Au1,,8,254.0,4026123.0,15404.0,254.0,4026123.0,15404.0,15850.877952755905,60.645669291338585
1005,"Primary auditory cortex, layer 6b",Au1-6b,115,190,168,11900,1002.0,Au1,,8,106.0,1212822.0,5458.0,106.0,1212822.0,5458.0,11441.716981132075,51.490566037735846
1018,"Secondary auditory cortex, ventral area",AuV,120,255,120,12700,247.0,Au,,7,,0.0,0.0,1544.0,31734901.0,111158.0,20553.692357512955,71.99352331606218
959,"Secondary auditory cortex, ventral area, layer 1",AuV-1,0,156,102,12800,1018.0,AuV,,8,246.0,10938739.0,28365.0,246.0,10938739.0,28365.0,44466.418699186994,115.3048780487805
755,"Secondary auditory cortex, ventral area, layer 2/3",AuV-2/3,41,163,113,12900,1018.0,AuV,,8,259.0,5692146.0,20374.0,259.0,5692146.0,20374.0,21977.397683397685,78.66409266409266
990,"Secondary auditory cortex, ventral area, layer 4",AuV-4,70,168,124,13000,1018.0,AuV,,8,160.0,3493400.0,11099.0,160.0,3493400.0,11099.0,21833.75,69.36875
1023,"Secondary auditory cortex, ventral area, layer 5",AuV-5,96,183,144,13100,1018.0,AuV,,8,299.0,3741554.0,16706.0,299.0,3741554.0,16706.0,12513.558528428093,55.87290969899666
520,"Secondary auditory cortex, ventral area, layer 6a",AuV-6a,116,190,160,13200,1018.0,AuV,,8,419.0,6029737.0,26302.0,419.0,6029737.0,26302.0,14390.780429594271,62.77326968973747
598,"Secondary auditory cortex, ventral area, layer 6b",AuV-6b,127,193,168,13300,1018.0,AuV,,8,161.0,1839325.0,8312.0,161.0,1839325.0,8312.0,11424.378881987577,51.62732919254658
669,Visual cortex,V,112,255,98,13400,315.0,Isocortex,,6,,0.0,0.0,3209.0,54405802.0,196498.0,16954.129635400437,61.23340604549704
2170,"Secondary visual cortex, lateral area",V2L,108,173,178,14010,669.0,V,,7,,0.0,0.0,1216.0,21729783.0,76979.0,17869.887335526317,63.30509868421053
402,"Secondary visual cortex, lateral area, anterior region",V2La,112,255,98,14100,2170.0,V2L,,8,,0.0,0.0,935.0,18029902.0,61307.0,19283.317647058822,65.56898395721925
1074,"Secondary visual cortex, lateral area, anterior region, layer1",V2La-1,0,160,181,14200,402.0,V2La,,9,373.0,10497359.0,31169.0,373.0,10497359.0,31169.0,28143.053619302947,83.56300268096514
905,"Secondary visual cortex, lateral area, anterior region, layer2/3",V2La-2/3,0,161,189,14300,402.0,V2La,,9,168.0,2515797.0,9909.0,168.0,2515797.0,9909.0,14974.982142857143,58.982142857142854
1114,"Secondary visual cortex, lateral area, anterior region, layer4",V2La-4,0,161,197,14400,402.0,V2La,,9,49.0,726660.0,2832.0,49.0,726660.0,2832.0,14829.795918367347,57.795918367346935
233,"Secondary visual cortex, lateral area, anterior region, layer5",V2La-5,16,179,202,14500,402.0,V2La,,9,148.0,2424397.0,8746.0,148.0,2424397.0,8746.0,16381.06081081081,59.0945945945946
601,"Secondary visual cortex, lateral area, anterior region, layer6a",V2La-6a,105,193,212,14600,402.0,V2La,,9,115.0,1166266.0,5026.0,115.0,1166266.0,5026.0,10141.44347826087,43.70434782608696
649,"Secondary visual cortex, lateral area, anterior region, layer6b",V2La-6b,103,193,221,14700,402.0,V2La,,9,82.0,699423.0,3625.0,82.0,699423.0,3625.0,8529.548780487805,44.207317073170735
409,"Secondary visual cortex, lateral area, intermediate region",V2Li,112,255,98,14800,2170.0,V2L,,8,,0.0,0.0,172.0,2072558.0,9262.0,12049.755813953489,53.848837209302324
421,"Secondary visual cortex, lateral area, intermediate region, layer1",V2Li-1,0,159,158,14900,409.0,V2Li,,9,30.0,382747.0,1578.0,30.0,382747.0,1578.0,12758.233333333334,52.6
973,"Secondary visual cortex, lateral area, intermediate region, layer2/3",V2Li-2/3,0,159,165,15000,409.0,V2Li,,9,16.0,180882.0,800.0,16.0,180882.0,800.0,11305.125,50.0
573,"Secondary visual cortex, lateral area, intermediate region, layer4",V2Li-4,0,161,173,15100,409.0,V2Li,,9,2.0,178196.0,449.0,2.0,178196.0,449.0,89098.0,224.5
613,"Secondary visual cortex, lateral area, intermediate region, layer5",V2Li-5,0,176,184,15200,409.0,V2Li,,9,12.0,110965.0,544.0,12.0,110965.0,544.0,9247.083333333334,45.333333333333336
74,"Secondary visual cortex, lateral area, intermediate region, layer6a",V2Li-6a,69,183,193,15300,409.0,V2Li,,9,82.0,946952.0,4515.0,82.0,946952.0,4515.0,11548.19512195122,55.0609756097561
121,"Secondary visual cortex, lateral area, intermediate region, layer6b",V2Li-6b,107,192,203,15400,409.0,V2Li,,9,30.0,272816.0,1376.0,30.0,272816.0,1376.0,9093.866666666667,45.86666666666667
425,"Secondary visual cortex, lateral area, posterior region",V2Lp,112,255,98,15500,2170.0,V2L,,8,,0.0,0.0,109.0,1627323.0,6410.0,14929.56880733945,58.80733944954128
750,"Secondary visual cortex, lateral area, posterior region, layer1",V2Lp-1,0,180,205,15600,425.0,V2Lp,,9,42.0,846339.0,2923.0,42.0,846339.0,2923.0,20150.928571428572,69.5952380952381
269,"Secondary visual cortex, lateral area, posterior region, layer2/3",V2Lp-2/3,0,181,214,15700,425.0,V2Lp,,9,6.0,155198.0,537.0,6.0,155198.0,537.0,25866.333333333332,89.5
869,"Secondary visual cortex, lateral area, posterior region, layer4",V2Lp-4,0,181,223,15800,425.0,V2Lp,,9,25.0,249660.0,1183.0,25.0,249660.0,1183.0,9986.4,47.32
902,"Secondary visual cortex, lateral area, posterior region, layer15",V2Lp-5,2,190,215,15900,425.0,V2Lp,,9,16.0,185683.0,801.0,16.0,185683.0,801.0,11605.1875,50.0625
377,"Secondary visual cortex, lateral area, posterior region, layer6a",V2Lp-6a,110,205,226,16000,425.0,V2Lp,,9,17.0,176928.0,873.0,17.0,176928.0,873.0,10407.529411764706,51.35294117647059
393,"Secondary visual cortex, lateral area, posterior region, layer6b",V2Lp-6b,107,205,236,16100,425.0,V2Lp,,9,3.0,13515.0,93.0,3.0,13515.0,93.0,4505.0,31.0
2096,"Secondary Visual Cortex, Medial area",V2M,107,205,236,16110,669.0,V,,7,,0.0,0.0,559.0,6267719.0,27008.0,11212.377459749552,48.314847942754916
2097,"Secondary visual cortex, mediolateral area",V2ML,107,205,236,16120,2096.0,V2M,,8,,0.0,0.0,218.0,2133330.0,9765.0,9785.91743119266,44.793577981651374
2393,"Secondary visual cortex, mediolateral area, layer1",V2ML-1,107,205,236,16130,2097.0,V2ML,,9,71.0,982367.0,3889.0,71.0,982367.0,3889.0,13836.154929577464,54.774647887323944
2409,"Secondary visual cortex, mediolateral area, layer2/3",V2ML-2/3,107,205,236,16140,2097.0,V2ML,,9,74.0,479914.0,2661.0,74.0,479914.0,2661.0,6485.324324324324,35.95945945945946
2410,"Secondary visual cortex, mediolateral area, layer4",V2ML-4,107,205,236,16150,2097.0,V2ML,,9,2.0,31896.0,130.0,2.0,31896.0,130.0,15948.0,65.0
2411,"Secondary visual cortex, mediolateral area, layer5",V2ML-5,107,205,236,16160,2097.0,V2ML,,9,21.0,174793.0,900.0,21.0,174793.0,900.0,8323.47619047619,42.857142857142854
2412,"Secondary visual cortex, mediolateral area, layer6a",V2ML-6a,107,205,236,16170,2097.0,V2ML,,9,32.0,265358.0,1375.0,32.0,265358.0,1375.0,8292.4375,42.96875
2413,"Secondary visual cortex, mediolateral area, layer6b",V2ML-6b,107,205,236,16180,2097.0,V2ML,,9,18.0,199002.0,810.0,18.0,199002.0,810.0,11055.666666666666,45.0
394,"Secondary visual cortex, mediomedial area, anterior region",V2MMa,112,255,98,16200,2096.0,V2M,,8,,0.0,0.0,145.0,2113883.0,7945.0,14578.503448275862,54.793103448275865
281,"Secondary visual cortex, mediomedial area, anterior region, layer1",V2MMa-1,0,141,139,16300,394.0,V2MMa,,9,47.0,1446280.0,4207.0,47.0,1446280.0,4207.0,30771.91489361702,89.51063829787235
1066,"Secondary visual cortex, mediomedial area, anterior region, layer2/3",V2MMa-2/3,0,142,145,16400,394.0,V2MMa,,9,46.0,279946.0,1612.0,46.0,279946.0,1612.0,6085.782608695652,35.04347826086956
401,"Secondary visual cortex, mediomedial area, anterior region, layer4",V2MMa-4,0,143,152,16500,394.0,V2MMa,,9,2.0,14534.0,73.0,2.0,14534.0,73.0,7267.0,36.5
433,"Secondary visual cortex, mediomedial area, anterior region, layer5",V2MMa-5,0,158,163,16600,394.0,V2MMa,,9,9.0,49972.0,276.0,9.0,49972.0,276.0,5552.444444444444,30.666666666666668
1046,"Secondary visual cortex, mediomedial area, anterior region, layer6a",V2MMa-6a,64,164,172,16700,394.0,V2MMa,,9,28.0,229340.0,1207.0,28.0,229340.0,1207.0,8190.714285714285,43.107142857142854
441,"Secondary visual cortex, mediomedial area, anterior region, layer6b",V2MMa-6b,98,172,181,16800,394.0,V2MMa,,9,13.0,93811.0,570.0,13.0,93811.0,570.0,7216.2307692307695,43.84615384615385
533,"Secondary visual cortex, mediomedial area, posterior region",V2MMp,112,255,98,16900,2096.0,V2M,,8,,0.0,0.0,196.0,2020506.0,9298.0,10308.704081632653,47.43877551020408
805,"Secondary visual cortex, mediomedial area, posterior region, layer1",V2MMp-1,0,174,184,17000,533.0,V2MMp,,9,128.0,1391064.0,6136.0,128.0,1391064.0,6136.0,10867.6875,47.9375
41,"Secondary visual cortex, mediomedial area, posterior region, layer2/3",V2MMp-2/3,0,175,191,17100,533.0,V2MMp,,9,62.0,584854.0,2921.0,62.0,584854.0,2921.0,9433.129032258064,47.11290322580645
501,"Secondary visual cortex, mediomedial area, posterior region, layer4",V2MMp-4,0,179,200,17200,533.0,V2MMp,,9,,0.0,0.0,0.0,0.0,0.0,,
565,"Secondary visual cortex, mediomedial area, posterior region, layer5",V2MMp-5,63,184,201,17300,533.0,V2MMp,,9,5.0,40556.0,212.0,5.0,40556.0,212.0,8111.2,42.4
257,"Secondary visual cortex, mediomedial area, posterior region, layer6a",V2MMp-6a,93,188,201,17400,533.0,V2MMp,,9,,0.0,0.0,0.0,0.0,0.0,,
469,"Secondary visual cortex, mediomedial area, posterior region, layer6b",V2MMp-6b,119,194,202,17500,533.0,V2MMp,,9,1.0,4032.0,29.0,1.0,4032.0,29.0,4032.0,29.0
385,Primary visual cortex,V1,112,255,98,17600,669.0,V,,7,,0.0,0.0,1434.0,26408300.0,92511.0,18415.829846582983,64.51255230125523
593,"Primary visual cortex, layer1",V1-1,0,147,153,17700,385.0,V1,,8,266.0,6887977.0,21643.0,266.0,6887977.0,21643.0,25894.65037593985,81.36466165413533
821,"Primary visual cortex, layer2/3",V1-2/3,0,148,159,17800,385.0,V1,,8,124.0,1493293.0,6079.0,124.0,1493293.0,6079.0,12042.685483870968,49.024193548387096
721,"Primary visual cortex, layer4",V1-4,17,151,167,17900,385.0,V1,,8,31.0,287671.0,1545.0,31.0,287671.0,1545.0,9279.709677419354,49.83870967741935
778,"Primary visual cortex, layer5",V1-5,60,163,177,18000,385.0,V1,,8,22.0,206992.0,1012.0,22.0,206992.0,1012.0,9408.727272727272,46.0
33,"Primary visual cortex, layer6a",V1-6a,85,168,178,18100,385.0,V1,,8,21.0,217877.0,1123.0,21.0,217877.0,1123.0,10375.095238095239,53.476190476190474
305,"Primary visual cortex, layer6b",V1-6b,107,173,178,18200,385.0,V1,,8,11.0,64444.0,355.0,11.0,64444.0,355.0,5858.545454545455,32.27272727272727
2098,"Primary visual cortex, monocular area",V1M,112,255,98,18210,385.0,V1,,8,,0.0,0.0,332.0,4153062.0,18026.0,12509.222891566265,54.295180722891565
2428,"Primary visual cortex, monocular area, layer1",V1M-1,112,255,98,18220,2098.0,V1M,,9,141.0,1937150.0,8077.0,141.0,1937150.0,8077.0,13738.652482269503,57.283687943262414
2429,"Primary visual cortex, monocular area, layer2/3",V1M-2/3,112,255,98,18230,2098.0,V1M,,9,103.0,1147710.0,5319.0,103.0,1147710.0,5319.0,11142.815533980582,51.640776699029125
2430,"Primary visual cortex, monocular area, layer4",V1M-4,112,255,98,18240,2098.0,V1M,,9,18.0,293457.0,1171.0,18.0,293457.0,1171.0,16303.166666666666,65.05555555555556
2431,"Primary visual cortex, monocular area, layer5",V1M-5,112,255,98,18250,2098.0,V1M,,9,21.0,293131.0,1194.0,21.0,293131.0,1194.0,13958.619047619048,56.857142857142854
2432,"Primary visual cortex, monocular area, layer6a",V1M-6a,112,255,98,18260,2098.0,V1M,,9,33.0,244455.0,1292.0,33.0,244455.0,1292.0,7407.727272727273,39.15151515151515
2433,"Primary visual cortex, monocular area, layer16b",V1M-6b,112,255,98,18270,2098.0,V1M,,9,16.0,237159.0,973.0,16.0,237159.0,973.0,14822.4375,60.8125
2133,"Primary visual cortex, binocular area",V1B,112,255,98,18280,385.0,V1,,8,,0.0,0.0,574.0,11964163.0,38995.0,20843.489547038327,67.93554006968641
2434,"Primary visual cortex, binocular area, layer1",V1B-1,112,255,98,18290,2133.0,V1B,,9,201.0,7273681.0,19979.0,201.0,7273681.0,19979.0,36187.467661691546,99.39800995024876
2435,"Primary visual cortex, binocular area, layer2/3",V1B-2/3,112,255,98,18291,2133.0,V1B,,9,163.0,2841789.0,10030.0,163.0,2841789.0,10030.0,17434.28834355828,61.533742331288344
2436,"Primary visual cortex, binocular area, layer4",V1B-4,112,255,98,18292,2133.0,V1B,,9,20.0,224684.0,991.0,20.0,224684.0,991.0,11234.2,49.55
2437,"Primary visual cortex, binocular area, layer5",V1B-5,112,255,98,18293,2133.0,V1B,,9,68.0,449968.0,2463.0,68.0,449968.0,2463.0,6617.176470588235,36.220588235294116
2438,"Primary visual cortex, binocular area, layer6a",V1B-6a,112,255,98,18294,2133.0,V1B,,9,72.0,651099.0,3125.0,72.0,651099.0,3125.0,9043.041666666666,43.40277777777778
2439,"Primary visual cortex, binocular area, layer6b",V1B-6b,112,255,98,18295,2133.0,V1B,,9,50.0,522942.0,2407.0,50.0,522942.0,2407.0,10458.84,48.14
31,Cingulate cortex,A24 (Cg),112,255,113,18300,315.0,Isocortex,,6,,0.0,0.0,867.0,17486042.0,62270.0,20168.44521337947,71.82237600922723
2345,"Cingulate cortex, area 24b ",A24b (Cg1),169,203,142,18810,31.0,A24 (Cg),,7,,0.0,0.0,703.0,13607544.0,49903.0,19356.392603129447,70.98577524893314
2346,"Cingulate cortex, area 24b, layer1",A24b (Cg1)-1,169,203,142,18820,2345.0,A24b (Cg1),,8,97.0,3195882.0,9114.0,97.0,3195882.0,9114.0,32947.237113402065,93.95876288659794
2347,"Cingulate cortex, area 24b, layer2/3",A24b (Cg1)-2/3,169,203,142,18830,2345.0,A24b (Cg1),,8,132.0,2833038.0,10138.0,132.0,2833038.0,10138.0,21462.409090909092,76.8030303030303
2348,"Cingulate cortex, area 24b, layer5",A24b (Cg1)-5,169,203,142,18840,2345.0,A24b (Cg1),,8,226.0,3060100.0,13642.0,226.0,3060100.0,13642.0,13540.265486725664,60.36283185840708
2349,"Cingulate cortex, area 24b, layer6a",A24b (Cg1)-6a,169,203,142,18850,2345.0,A24b (Cg1),,8,234.0,4203768.0,15819.0,234.0,4203768.0,15819.0,17964.82051282051,67.6025641025641
2350,"Cingulate cortex, area 24b, layer6b",A24b (Cg1)-6b,169,203,142,18860,2345.0,A24b (Cg1),,8,14.0,314756.0,1190.0,14.0,314756.0,1190.0,22482.571428571428,85.0
39,"Cingulate cortex, area 24b'",A24b' (Cg1),113,255,113,18900,31.0,A24 (Cg),,7,,0.0,0.0,59.0,1091616.0,3853.0,18501.966101694914,65.30508474576271
935,"Cingulate cortex, area 24b', layer1",A24b' (Cg1)-1,96,170,75,19000,39.0,A24b' (Cg1),,8,36.0,795312.0,2641.0,36.0,795312.0,2641.0,22092.0,73.36111111111111
211,"Cingulate cortex, area 24b', layer2/3",A24b' (Cg1)-2/3,116,175,88,19100,39.0,A24b' (Cg1),,8,,0.0,0.0,0.0,0.0,0.0,,
1015,"Cingulate cortex, area 24b', layer5",A24b' (Cg1)-5,137,183,108,19200,39.0,A24b' (Cg1),,8,6.0,118846.0,374.0,6.0,118846.0,374.0,19807.666666666668,62.333333333333336
919,"Cingulate cortex, area 24b', layer6a",A24b' (Cg1)-6a,157,199,128,19300,39.0,A24b' (Cg1),,8,14.0,157452.0,727.0,14.0,157452.0,727.0,11246.57142857143,51.92857142857143
927,"Cingulate cortex, area 24b', layer6b",A24b' (Cg1)-6b,168,203,142,19400,39.0,A24b' (Cg1),,8,3.0,20006.0,111.0,3.0,20006.0,111.0,6668.666666666667,37.0
48,"Cingulate cortex, area 24a'",A24a' (Cg2),114,255,113,19500,31.0,A24 (Cg),,7,,0.0,0.0,105.0,2786882.0,8514.0,26541.733333333334,81.08571428571429
588,"Cingulate cortex, area 24a', layer1",A24a' (Cg2)-1,109,191,85,19600,48.0,A24a' (Cg2),,8,55.0,2302602.0,6211.0,55.0,2302602.0,6211.0,41865.490909090906,112.92727272727272
296,"Cingulate cortex, area 24a', layer2/3",A24a' (Cg2)-2/3,131,198,100,19700,48.0,A24a' (Cg2),,8,13.0,142428.0,612.0,13.0,142428.0,612.0,10956.0,47.07692307692308
772,"Cingulate cortex, area 24a', layer5",A24a' (Cg2)-5,155,207,122,19800,48.0,A24a' (Cg2),,8,3.0,9778.0,72.0,3.0,9778.0,72.0,3259.3333333333335,24.0
810,"Cingulate cortex, area 24a', layer6a",A24a' (Cg2)-6a,167,212,136,19900,48.0,A24a' (Cg2),,8,28.0,290957.0,1381.0,28.0,290957.0,1381.0,10391.32142857143,49.32142857142857
819,"Cingulate cortex, area 24a', layer6b",A24a' (Cg2)-6b,178,217,152,20000,48.0,A24a' (Cg2),,8,6.0,41117.0,238.0,6.0,41117.0,238.0,6852.833333333333,39.666666666666664
972,"Cingulate cortex, area 32 (Prelimbic cortex)",A32 (PrL),112,255,118,20100,315.0,Isocortex,,6,,0.0,0.0,3866.0,87120016.0,293521.0,22534.92395240559,75.92369374030005
171,"Cingulate cortex, area 32 (Prelimbic cortex), layer1",A32 (PrL)-1,83,150,66,20200,972.0,A32 (PrL),,7,224.0,7644756.0,20141.0,224.0,7644756.0,20141.0,34128.375,89.91517857142857
195,"Cingulate cortex, area 32 (Prelimbic cortex), layer2",A32 (PrL)-2,101,156,78,20300,972.0,A32 (PrL),,7,,0.0,0.0,0.0,0.0,0.0,,
304,"Cingulate cortex, area 32 (Prelimbic cortex), layer2/3",A32 (PrL)-2/3,121,163,95,20400,972.0,A32 (PrL),,7,1309.0,33901583.0,111364.0,1309.0,33901583.0,111364.0,25898.841100076395,85.07563025210084
363,"Cingulate cortex, area 32 (Prelimbic cortex), layer5",A32 (PrL)-5,140,178,114,20500,972.0,A32 (PrL),,7,1869.0,35933563.0,129893.0,1869.0,35933563.0,129893.0,19226.090422685927,69.49866238630284
84,"Cingulate cortex, area 32 (Prelimbic cortex), layer6a",A32 (PrL)-6a,150,182,127,20600,972.0,A32 (PrL),,7,464.0,9640114.0,32123.0,464.0,9640114.0,32123.0,20776.10775862069,69.23060344827586
132,"Cingulate cortex, area 32 (Prelimbic cortex), layer6b",A32 (PrL)-6b,160,187,142,20700,972.0,A32 (PrL),,7,,0.0,0.0,0.0,0.0,0.0,,
714,Orbital cortex,O,128,255,128,20800,315.0,Isocortex,,6,,0.0,0.0,9065.0,169840972.0,603963.0,18735.90424710425,66.62581356867071
723,Lateral orbital cortex,LO,127,255,128,21400,714.0,O,,7,,0.0,0.0,3818.0,62348442.0,229361.0,16330.131482451545,60.07359874279727
448,"Lateral orbital cortex, layer1",LO-1,37,143,69,21500,723.0,LO,,8,344.0,4657778.0,18409.0,344.0,4657778.0,18409.0,13540.052325581395,53.51453488372093
412,"Lateral orbital cortex, layer2/3",LO-2/3,63,148,87,21600,723.0,LO,,8,2016.0,33434614.0,122920.0,2016.0,33434614.0,122920.0,16584.62996031746,60.97222222222222
630,"Lateral orbital cortex, layer5",LO-5,82,152,98,21700,723.0,LO,,8,1192.0,19353953.0,71055.0,1192.0,19353953.0,71055.0,16236.537751677852,59.60989932885906
440,"Lateral orbital cortex, layer6a",LO-6a,107,168,116,21800,723.0,LO,,8,230.0,4171871.0,14487.0,230.0,4171871.0,14487.0,18138.569565217393,62.98695652173913
488,"Lateral orbital cortex, layer6b",LO-6b,128,175,128,21900,723.0,LO,,8,,0.0,0.0,0.0,0.0,0.0,,
731,Medial orbital cortex,MO,126,255,128,22000,714.0,O,,7,,0.0,0.0,2346.0,57297845.0,190334.0,24423.633844842283,81.1312872975277
484,"Medial orbital cortex, layer1",MO-1,102,155,63,22100,731.0,MO,,8,288.0,8300071.0,24216.0,288.0,8300071.0,24216.0,28819.690972222223,84.08333333333333
524,"Medial orbital cortex, layer2/3",MO-2/3,121,162,82,22200,731.0,MO,,8,,0.0,0.0,0.0,0.0,0.0,,
582,"Medial orbital cortex, layer5",MO-5,131,166,95,22300,731.0,MO,,8,1182.0,31428214.0,103448.0,1182.0,31428214.0,103448.0,26589.013536379018,87.51945854483925
620,"Medial orbital cortex, layer6a",MO-6a,150,181,113,22400,731.0,MO,,8,821.0,15772664.0,57417.0,821.0,15772664.0,57417.0,19211.527405602923,69.93544457978075
910,"Medial orbital cortex, layer6b",MO-6b,161,186,127,22500,731.0,MO,,8,33.0,862941.0,2665.0,33.0,862941.0,2665.0,26149.727272727272,80.75757575757575
738,Ventral orbital cortex,VO,125,255,128,22600,714.0,O,,7,,0.0,0.0,2901.0,50194685.0,184268.0,17302.545673905548,63.51878662530162
2320,"Orbital cortex, ventral part, layer 1",VO-1,125,255,128,22610,738.0,VO,,8,437.0,9763133.0,32646.0,437.0,9763133.0,32646.0,22341.265446224257,74.70480549199085
2321,"Orbital cortex, ventral part, layer 2/3",VO-2/3,125,255,128,22620,738.0,VO,,8,1620.0,27716374.0,103282.0,1620.0,27716374.0,103282.0,17108.872839506173,63.754320987654324
2322,"Orbital cortex, ventral part, layer 5",VO-5,125,255,128,22630,738.0,VO,,8,631.0,9981324.0,36984.0,631.0,9981324.0,36984.0,15818.263074484945,58.61172741679873
2323,"Orbital cortex, ventral part, layer 6a",VO-6a,125,255,128,22640,738.0,VO,,8,145.0,1838892.0,7359.0,145.0,1838892.0,7359.0,12682.013793103448,50.751724137931035
2324,"Orbital cortex, ventral part, layer 6b",VO-6b,125,255,128,22650,738.0,VO,,8,26.0,298498.0,1269.0,26.0,298498.0,1269.0,11480.692307692309,48.80769230769231
95,Agranular insular cortex,AI,112,255,114,23300,315.0,Isocortex,,6,,0.0,0.0,2788.0,59097805.0,192006.0,21197.204088952654,68.8687230989957
2331,"Agranular insular cortex, layer 1",AI1,112,255,114,23310,95.0,AI,,7,28.0,775161.0,2148.0,28.0,775161.0,2148.0,27684.321428571428,76.71428571428571
2332,"Agranular insular cortex, layer 2/3",AI2/3,112,255,114,23320,95.0,AI,,7,40.0,536347.0,2163.0,40.0,536347.0,2163.0,13408.675,54.075
2333,"Agranular insular cortex, layer 5",AI5,112,255,114,23330,95.0,AI,,7,51.0,996071.0,3162.0,51.0,996071.0,3162.0,19530.803921568626,62.0
104,"Agranular insular cortex, dorsal part",AID,113,255,114,23400,95.0,AI,,7,,0.0,0.0,1705.0,37470266.0,118900.0,21976.69560117302,69.73607038123167
996,"Agranular insular cortex, dorsal part, layer1",AID-1,74,165,77,23500,104.0,AID,,8,94.0,2609603.0,8261.0,94.0,2609603.0,8261.0,27761.73404255319,87.88297872340425
328,"Agranular insular cortex, dorsal part, layer2/3",AID-2/3,95,171,97,23600,104.0,AID,,8,310.0,6735666.0,20987.0,310.0,6735666.0,20987.0,21727.954838709677,67.7
1101,"Agranular insular cortex, dorsal part, layer5",AID-5,114,177,110,23700,104.0,AID,,8,382.0,7943478.0,26700.0,382.0,7943478.0,26700.0,20794.44502617801,69.89528795811518
783,"Agranular insular cortex, dorsal part, layer6a",AID-6a,144,195,129,23800,104.0,AID,,8,210.0,4442878.0,14069.0,210.0,4442878.0,14069.0,21156.561904761904,66.9952380952381
831,"Agranular insular cortex, dorsal part, layer6b",AID-6b,156,200,143,23900,104.0,AID,,8,3.0,20135.0,105.0,3.0,20135.0,105.0,6711.666666666667,35.0
2020,Dorsolateral orbital cortex,DLO,156,200,143,23910,104.0,AID,,8,,0.0,0.0,706.0,15718506.0,48778.0,22264.172804532576,69.09065155807366
2326,"Dorsolateral orbital cortex, layer 1",DLO-1,156,200,143,23920,2020.0,DLO,,9,152.0,3680739.0,10533.0,152.0,3680739.0,10533.0,24215.388157894737,69.29605263157895
2327,"Dorsolateral orbital cortex, layer 2/3",DLO-2/3,156,200,143,23930,2020.0,DLO,,9,383.0,8691481.0,27326.0,383.0,8691481.0,27326.0,22693.16187989556,71.34725848563968
2328,Dorsolateral orbital cortex layer 5,DLO-5,156,200,143,23940,2020.0,DLO,,9,171.0,3346286.0,10919.0,171.0,3346286.0,10919.0,19568.92397660819,63.853801169590646
2329,Dorsolateral orbital cortex layer 6a,DLO-6a,156,200,143,23950,2020.0,DLO,,9,,0.0,0.0,0.0,0.0,0.0,,
2330,Dorsolateral orbital cortex layer 6b,DLO-6b,156,200,143,23960,2020.0,DLO,,9,,0.0,0.0,0.0,0.0,0.0,,
111,"Agranular insular cortex, posterior part",AIP,111,255,114,24000,95.0,AI,,7,,0.0,0.0,280.0,4902970.0,18050.0,17510.60714285714,64.46428571428571
120,"Agranular insular cortex, posterior part, layer1",AIP-1,0,154,82,24100,111.0,AIP,,8,142.0,3031561.0,9954.0,142.0,3031561.0,9954.0,21349.021126760563,70.09859154929578
163,"Agranular insular cortex, posterior part, layer2/3",AIP-2/3,20,160,94,24200,111.0,AIP,,8,51.0,855102.0,3341.0,51.0,855102.0,3341.0,16766.70588235294,65.50980392156863
344,"Agranular insular cortex, posterior part, layer5",AIP-5,59,165,106,24300,111.0,AIP,,8,34.0,308064.0,1535.0,34.0,308064.0,1535.0,9060.70588235294,45.14705882352941
314,"Agranular insular cortex, posterior part, layer6a",AIP-6a,87,180,124,24400,111.0,AIP,,8,53.0,708243.0,3220.0,53.0,708243.0,3220.0,13363.075471698114,60.75471698113208
355,"Agranular insular cortex, posterior part, layer6b",AIP-6b,108,186,137,24500,111.0,AIP,,8,,0.0,0.0,0.0,0.0,0.0,,
119,"Agranular insular cortex, ventral part",AIV,110,255,114,24600,95.0,AI,,7,,0.0,0.0,684.0,14416990.0,47583.0,21077.47076023392,69.5657894736842
704,"Agranular insular cortex, ventral part, layer1",AIV-1,84,186,88,24700,119.0,AIV,,8,194.0,4650185.0,14664.0,194.0,4650185.0,14664.0,23970.025773195877,75.58762886597938
694,"Agranular insular cortex, ventral part, layer2/3",AIV-2/3,107,192,110,24800,119.0,AIV,,8,188.0,4488114.0,14061.0,188.0,4488114.0,14061.0,23872.94680851064,74.79255319148936
800,"Agranular insular cortex, ventral part, layer5",AIV-5,129,199,124,24900,119.0,AIV,,8,176.0,2912744.0,10640.0,176.0,2912744.0,10640.0,16549.68181818182,60.45454545454545
675,"Agranular insular cortex, ventral part, layer6a",AIV-6a,153,207,137,25000,119.0,AIV,,8,126.0,2365947.0,8218.0,126.0,2365947.0,8218.0,18777.35714285714,65.22222222222223
699,"Agranular insular cortex, ventral part, layer6b",AIV-6b,166,213,152,25100,119.0,AIV,,8,,0.0,0.0,0.0,0.0,0.0,,
254,"Cingulate cortex, area 29 and 30 (retrosplenial cortex)",A29-30 (RS),112,255,120,25200,315.0,Isocortex,,6,,0.0,0.0,583.0,14183740.0,43170.0,24328.885077186966,74.04802744425386
879,"Cingulate cortex, area 30 (Retrosplenial dysgranular cortex)",A30 (RSD),112,255,120,25900,254.0,A29-30 (RS),,7,,0.0,0.0,211.0,2988956.0,11268.0,14165.668246445497,53.40284360189573
442,"Cingulate cortex, area 30 (Retrosplenial dysgranular cortex), layer1",A30 (RSD)-1,0,139,89,26000,879.0,A30 (RSD),,8,115.0,1685637.0,6060.0,115.0,1685637.0,6060.0,14657.713043478261,52.69565217391305
434,"Cingulate cortex, area 30 (Retrosplenial dysgranular cortex), layer2/3",A30 (RSD)-2/3,34,145,99,26100,879.0,A30 (RSD),,8,17.0,327905.0,1095.0,17.0,327905.0,1095.0,19288.529411764706,64.41176470588235
545,"Cingulate cortex, area 30 (Retrosplenial dysgranular cortex), layer4",A30 (RSD)-4,35,145,99,26200,879.0,A30 (RSD),,8,,0.0,0.0,0.0,0.0,0.0,,
610,"Cingulate cortex, area 30 (Retrosplenial dysgranular cortex), layer5",A30 (RSD)-5,60,149,109,26300,879.0,A30 (RSD),,8,18.0,182737.0,801.0,18.0,182737.0,801.0,10152.055555555555,44.5
274,"Cingulate cortex, area 30 (Retrosplenial dysgranular cortex), layer6a",A30 (RSD)-6a,86,164,129,26400,879.0,A30 (RSD),,8,48.0,679393.0,2770.0,48.0,679393.0,2770.0,14154.020833333334,57.708333333333336
330,"Cingulate cortex, area 30 (Retrosplenial dysgranular cortex), layer6b",A30 (RSD)-6b,104,170,142,26500,879.0,A30 (RSD),,8,13.0,113284.0,542.0,13.0,113284.0,542.0,8714.153846153846,41.69230769230769
886,"Cingulate cortex, area 29 (Retrosplenial granular cortex)",A29 (RSG),112,255,120,26600,254.0,A29-30 (RS),,7,,0.0,0.0,372.0,11194784.0,31902.0,30093.505376344085,85.75806451612904
2132,"Cingulate cortex, area 29c (Retrosplenial granular cortex c)",A29c (RSGc),112,255,120,26610,886.0,A29 (RSG),,8,,0.0,0.0,219.0,8591092.0,22841.0,39228.7305936073,104.29680365296804
542,"Cingulate cortex, area 29c (Retrosplenial granular cortex c), layer1",A29c (RSGc)-1,0,138,79,26700,2132.0,A29c (RSGc),,9,204.0,8413707.0,22057.0,204.0,8413707.0,22057.0,41243.66176470588,108.12254901960785
606,"Cingulate cortex, area 29c (Retrosplenial granular cortex c), layer2",A29c (RSGc)-2,35,145,94,26800,2132.0,A29c (RSGc),,9,,0.0,0.0,0.0,0.0,0.0,,
430,"Cingulate cortex, area 29c (Retrosplenial granular cortex c), layer2/3",A29c (RSGc)-2/3,61,149,104,26900,2132.0,A29c (RSGc),,9,1.0,6410.0,46.0,1.0,6410.0,46.0,6410.0,46.0
687,"Cingulate cortex, area 29c (Retrosplenial granular cortex c), layer5",A29c (RSGc)-5,87,163,123,27000,2132.0,A29c (RSGc),,9,3.0,61189.0,259.0,3.0,61189.0,259.0,20396.333333333332,86.33333333333333
590,"Cingulate cortex, area 29c (Retrosplenial granular cortex c), layer6a",A29c (RSGc)-6a,96,166,129,27100,2132.0,A29c (RSGc),,9,6.0,43267.0,194.0,6.0,43267.0,194.0,7211.166666666667,32.333333333333336
622,"Cingulate cortex, area 29c (Retrosplenial granular cortex c), layer6b",A29c (RSGc)-6b,105,169,135,27200,2132.0,A29c (RSGc),,9,5.0,66519.0,285.0,5.0,66519.0,285.0,13303.8,57.0
2066,"Cingulate cortex, area 29b (Retrosplenial granular cortex b)",A29b (RSGb),112,255,120,27210,886.0,A29 (RSG),,8,,0.0,0.0,23.0,324794.0,1295.0,14121.478260869566,56.30434782608695
2416,"Cingulate cortex, area 29b (Retrosplenial granular cortex b), layer1",A29b (RSGb)-1,112,255,120,27220,2066.0,A29b (RSGb),,9,10.0,182976.0,689.0,10.0,182976.0,689.0,18297.6,68.9
2417,"Cingulate cortex, area 29b (Retrosplenial granular cortex b), layer2/3",A29b (RSGb)-2/3,112,255,120,27230,2066.0,A29b (RSGb),,9,1.0,33458.0,107.0,1.0,33458.0,107.0,33458.0,107.0
2418,"Cingulate cortex, area 29b (Retrosplenial granular cortex b), layer5",A29b (RSGb)-5,112,255,120,27240,2066.0,A29b (RSGb),,9,10.0,99599.0,454.0,10.0,99599.0,454.0,9959.9,45.4
2419,"Cingulate cortex, area 29b (Retrosplenial granular cortex b), layer6a",A29b (RSGb)-6a,112,255,120,27250,2066.0,A29b (RSGb),,9,1.0,4887.0,20.0,1.0,4887.0,20.0,4887.0,20.0
2420,"Cingulate cortex, area 29b (Retrosplenial granular cortex b), layer6b",A29b (RSGb)-6b,112,255,120,27260,2066.0,A29b (RSGb),,9,1.0,3874.0,25.0,1.0,3874.0,25.0,3874.0,25.0
2067,"Cingulate cortex, area 29a (Retrosplenial granular cortex a)",A29a (RSGa),112,255,120,27270,886.0,A29 (RSG),,8,,0.0,0.0,130.0,2278898.0,7766.0,17529.984615384616,59.738461538461536
2421,"Cingulate cortex, area 29a (Retrosplenial granular cortex a), layer1",A29a (RSGa)-1,112,255,120,27280,2067.0,A29a (RSGa),,9,18.0,350885.0,1332.0,18.0,350885.0,1332.0,19493.61111111111,74.0
2422,"Cingulate cortex, area 29a (Retrosplenial granular cortex a), layer2/3",A29a (RSGa)-2/3,112,255,120,27290,2067.0,A29a (RSGa),,9,17.0,154696.0,680.0,17.0,154696.0,680.0,9099.764705882353,40.0
2423,"Cingulate cortex, area 29a (Retrosplenial granular cortex a), layer5",A29a (RSGa)-5,112,255,120,27291,2067.0,A29a (RSGa),,9,75.0,1566937.0,4818.0,75.0,1566937.0,4818.0,20892.493333333332,64.24
2424,"Cingulate cortex, area 29a (Retrosplenial granular cortex a), layer6a",A29a (RSGa)-6a,112,255,120,27292,2067.0,A29a (RSGa),,9,9.0,79554.0,397.0,9.0,79554.0,397.0,8839.333333333334,44.111111111111114
2425,"Cingulate cortex, area 29a (Retrosplenial granular cortex a), layer6b",A29a (RSGa)-6b,112,255,120,27293,2067.0,A29a (RSGa),,9,11.0,126826.0,539.0,11.0,126826.0,539.0,11529.636363636364,49.0
22,parietal association cortex,PtA,112,255,119,27300,315.0,Isocortex,,6,,0.0,0.0,198.0,2290868.0,9913.0,11570.040404040405,50.06565656565657
2056,Medial parietal association cortex,MPtA,105,169,135,27910,22.0,PtA,,7,,0.0,0.0,109.0,1064322.0,4858.0,9764.422018348623,44.56880733944954
2381,"Medial parietal association cortex, layer 1",MPtA-1,105,169,135,27911,2056.0,MPtA,,8,72.0,790213.0,3448.0,72.0,790213.0,3448.0,10975.180555555555,47.888888888888886
2382,"Medial parietal association cortex, layer 2/3",MPtA-2,105,169,135,27912,2056.0,MPtA,,8,33.0,247877.0,1271.0,33.0,247877.0,1271.0,7511.424242424242,38.515151515151516
2383,"Medial parietal association cortex, layer 4",MPtA-4,105,169,135,27913,2056.0,MPtA,,8,2.0,19194.0,93.0,2.0,19194.0,93.0,9597.0,46.5
2384,"Medial parietal association cortex, layer 5",MPtA-5,105,169,135,27914,2056.0,MPtA,,8,2.0,7038.0,46.0,2.0,7038.0,46.0,3519.0,23.0
2385,"Medial parietal association cortex, layer 6a",MPtA-6a,105,169,135,27915,2056.0,MPtA,,8,,0.0,0.0,0.0,0.0,0.0,,
2386,"Medial parietal association cortex, layer 6b",MPtA-6b,105,169,135,27916,2056.0,MPtA,,8,,0.0,0.0,0.0,0.0,0.0,,
2057,Lateral parietal association cortex,LPtA,105,169,135,27920,22.0,PtA,,7,,0.0,0.0,75.0,1132809.0,4545.0,15104.12,60.6
2387,"Lateral parietal association cortex, layer 1",LPtA-1,105,169,135,27921,2057.0,LPtA,,8,43.0,735999.0,2877.0,43.0,735999.0,2877.0,17116.25581395349,66.90697674418605
2388,"Lateral parietal association cortex, layer 2/3",LPtA-2/3,105,169,135,27922,2057.0,LPtA,,8,12.0,203838.0,724.0,12.0,203838.0,724.0,16986.5,60.333333333333336
2389,"Lateral parietal association cortex, layer 4",LPtA-4,105,169,135,27923,2057.0,LPtA,,8,1.0,8438.0,49.0,1.0,8438.0,49.0,8438.0,49.0
2390,"Lateral parietal association cortex, layer 5",LPtA-5,105,169,135,27924,2057.0,LPtA,,8,11.0,142182.0,654.0,11.0,142182.0,654.0,12925.636363636364,59.45454545454545
2391,"Lateral parietal association cortex, layer 6a",LPtA-6a,105,169,135,27925,2057.0,LPtA,,8,5.0,27530.0,142.0,5.0,27530.0,142.0,5506.0,28.4
2392,"Lateral parietal association cortex, layer 6b",LPtA-6b,105,169,135,27926,2057.0,LPtA,,8,3.0,14822.0,99.0,3.0,14822.0,99.0,4940.666666666667,33.0
2082,"parietal cortex, posterior area, dorsal part",PtPD,112,255,119,27940,22.0,PtA,,7,,0.0,0.0,3.0,15020.0,85.0,5006.666666666667,28.333333333333332
2402,"Parietal cortex, posterior area, dorsal part, layer1",PtPD-1,112,255,119,27941,2082.0,PtPD,,8,2.0,9146.0,54.0,2.0,9146.0,54.0,4573.0,27.0
2403,"Parietal cortex, posterior area, dorsal part, layer2/3",PtPD-2/3,112,255,119,27942,2082.0,PtPD,,8,,0.0,0.0,0.0,0.0,0.0,,
2404,"Parietal cortex, posterior area, dorsal part, layer4",PtPD-4,112,255,119,27943,2082.0,PtPD,,8,,0.0,0.0,0.0,0.0,0.0,,
2405,"Parietal cortex, posterior area, dorsal part, layer5",PtPD-5,112,255,119,27944,2082.0,PtPD,,8,1.0,5874.0,31.0,1.0,5874.0,31.0,5874.0,31.0
2406,"Parietal cortex, posterior area, dorsal part, layer6a",PtPD-6a,112,255,119,27945,2082.0,PtPD,,8,,0.0,0.0,0.0,0.0,0.0,,
2407,"Parietal cortex, posterior area, dorsal part, layer6b",PtPD-6b,112,255,119,27946,2082.0,PtPD,,8,,0.0,0.0,0.0,0.0,0.0,,
541,Temporal association cortex,TeA ,112,255,122,28000,315.0,Isocortex,,6,,0.0,0.0,3154.0,63370838.0,225162.0,20092.212428662016,71.38934686112873
97,"Temporal association cortex, layer1",TeA-1,0,140,110,28100,541.0,TeA ,,7,400.0,15432430.0,41450.0,400.0,15432430.0,41450.0,38581.075,103.625
1127,"Temporal association cortex, layer2/3",TeA-2/3,0,145,121,28200,541.0,TeA ,,7,512.0,12322162.0,37697.0,512.0,12322162.0,37697.0,24066.72265625,73.626953125
234,"Temporal association cortex, layer4",TeA-4,56,151,133,28300,541.0,TeA ,,7,258.0,4604355.0,16553.0,258.0,4604355.0,16553.0,17846.337209302324,64.15891472868218
289,"Temporal association cortex, layer5",TeA-5,82,165,150,28400,541.0,TeA ,,7,644.0,10674136.0,40610.0,644.0,10674136.0,40610.0,16574.745341614907,63.059006211180126
729,"Temporal association cortex, layer6a",TeA-6a,102,170,157,28500,541.0,TeA ,,7,1057.0,15845137.0,69381.0,1057.0,15845137.0,69381.0,14990.668874172185,65.639545884579
786,"Temporal association cortex, layer6b",TeA-6b,124,177,165,28600,541.0,TeA ,,7,281.0,4388162.0,19161.0,281.0,4388162.0,19161.0,15616.23487544484,68.18861209964413
922,Perihinal cortex,PRh,112,255,117,28700,315.0,Isocortex,,6,,0.0,0.0,1559.0,34609942.0,112944.0,22200.091084028223,72.44644002565747
335,"Perihinal cortex, layer6a",PRh-6a,79,166,164,28800,922.0,PRh,,7,423.0,6894101.0,28265.0,423.0,6894101.0,28265.0,16298.111111111111,66.82033096926713
368,"Perihinal cortex, layer6b",PRh-6b,99,171,173,28900,922.0,PRh,,7,79.0,1002036.0,4685.0,79.0,1002036.0,4685.0,12684.0,59.30379746835443
2286,"Parietal cortex, posterior area, rostral part",PtPR,112,255,119,28930,22.0,PtA,,7,,0.0,0.0,11.0,78717.0,425.0,7156.090909090909,38.63636363636363
2396,"Parietal cortex, posterior area, rostral part, layer1",PtPR-1,112,255,119,28931,2286.0,PtPR,,8,3.0,16244.0,91.0,3.0,16244.0,91.0,5414.666666666667,30.333333333333332
2397,"Parietal cortex, posterior area, rostral part, layer2/3",PtPR-2/3,112,255,119,28932,2286.0,PtPR,,8,7.0,58638.0,313.0,7.0,58638.0,313.0,8376.857142857143,44.714285714285715
2398,"Parietal cortex, posterior area, rostral part, layer4",PtPR-4,112,255,119,28933,2286.0,PtPR,,8,,0.0,0.0,0.0,0.0,0.0,,
2399,"Parietal cortex, posterior area, rostral part, layer5",PtPR-5,112,255,119,28934,2286.0,PtPR,,8,1.0,3835.0,21.0,1.0,3835.0,21.0,3835.0,21.0
2400,"Parietal cortex, posterior area, rostral part, layer6a",PtPR-6a,112,255,119,28935,2286.0,PtPR,,8,,0.0,0.0,0.0,0.0,0.0,,
2401,"Parietal cortex, posterior area, rostral part, layer6b",PtPR-6b,112,255,119,28936,2286.0,PtPR,,8,,0.0,0.0,0.0,0.0,0.0,,
540,"Perihinal cortex, layer1",PRh-1,0,141,133,29000,922.0,PRh,,7,352.0,13597761.0,34164.0,352.0,13597761.0,34164.0,38630.00284090909,97.05681818181819
692,"Perihinal cortex, layer5",PRh-5,52,151,146,29100,922.0,PRh,,7,353.0,4986925.0,20856.0,353.0,4986925.0,20856.0,14127.266288951841,59.08215297450425
888,"Perihinal cortex, layer2/3",PRh-2/3,0,146,139,29200,922.0,PRh,,7,344.0,8065990.0,24601.0,344.0,8065990.0,24601.0,23447.64534883721,71.51453488372093
895,Ectorhinal cortex,Ect,112,255,115,29300,315.0,Isocortex,,6,,0.0,0.0,3071.0,71127804.0,232387.0,23161.121458808208,75.67144252686421
836,"Ectorhinal cortex, layer1",Ect-1,0,140,121,29400,895.0,Ect,,7,525.0,22526288.0,55603.0,525.0,22526288.0,55603.0,42907.21523809524,105.91047619047619
427,"Ectorhinal cortex, layer2/3",Ect-2/3,19,147,133,29500,895.0,Ect,,7,740.0,19478956.0,58995.0,740.0,19478956.0,58995.0,26322.913513513515,79.72297297297297
988,"Ectorhinal cortex, layer5",Ect-5,54,151,140,29600,895.0,Ect,,7,632.0,10339276.0,41161.0,632.0,10339276.0,41161.0,16359.613924050633,65.12816455696202
977,"Ectorhinal cortex, layer6a",Ect-6a,80,165,156,29700,895.0,Ect,,7,885.0,15126444.0,60384.0,885.0,15126444.0,60384.0,17092.02711864407,68.23050847457627
1045,"Ectorhinal cortex, layer6b",Ect-6b,101,171,165,29800,895.0,Ect,,7,225.0,2961657.0,13238.0,225.0,2961657.0,13238.0,13162.92,58.83555555555556
698,Olfactory areas,OLF,144,255,144,29900,695.0,CTXpl,,5,,0.0,0.0,28267.0,541761090.0,1912538.0,19165.850284784377,67.65974457848374
507,Main olfactory bulb,MOB,160,255,171,30000,698.0,OLF,,6,,0.0,0.0,5088.0,97385687.0,337515.0,19140.26867138365,66.33549528301887
212,Glomerular layer of the olfactory bulb,Gl,140,235,151,30100,507.0,MOB,,7,1413.0,36346327.0,112669.0,1413.0,36346327.0,112669.0,25722.807501769286,79.73743807501769
220,Granule cell layer of the olfactory bulb,GrO,110,205,121,30200,507.0,MOB,,7,1751.0,27062054.0,102558.0,1751.0,27062054.0,102558.0,15455.199314677327,58.57110222729869
228,Internal plxiform layer of the olfactory bulb,IPl,160,255,171,30300,507.0,MOB,,7,333.0,4211868.0,17569.0,333.0,4211868.0,17569.0,12648.252252252252,52.75975975975976
236,Mitral cell layer of the olfactory bulb,Mi,130,225,141,30400,507.0,MOB,,7,249.0,3534307.0,13827.0,249.0,3534307.0,13827.0,14194.004016064257,55.53012048192771
244,External plexiform layer of the olfactory bulb,EPl,160,255,171,30500,507.0,MOB,,7,1342.0,26231131.0,90892.0,1342.0,26231131.0,90892.0,19546.297317436663,67.72876304023845
151,Accessory olfactory bulb,AOB,160,255,176,30600,698.0,OLF,,6,,0.0,0.0,1057.0,15116319.0,56993.0,14301.153263954588,53.91958372753075
188,Glomerular layer of the accessory olfactory bulb,GlA,140,235,156,30700,151.0,AOB,,7,120.0,1935285.0,7429.0,120.0,1935285.0,7429.0,16127.375,61.90833333333333
196,Granule cell layer of the accessory olfactory bulb,GrA,110,205,126,30800,151.0,AOB,,7,412.0,6579708.0,22970.0,412.0,6579708.0,22970.0,15970.16504854369,55.75242718446602
204,Mitral cell layer of the accessory olfactory bulb,MiA,130,225,146,30900,151.0,AOB,,7,288.0,3831371.0,15133.0,288.0,3831371.0,15133.0,13303.371527777777,52.545138888888886
2021,External plexiform layer of the accessory olfactory b,EPIA,130,225,146,30910,151.0,AOB,,7,237.0,2769955.0,11461.0,237.0,2769955.0,11461.0,11687.573839662447,48.358649789029535
159,Anterior olfactory area,AO,144,255,184,31000,698.0,OLF,,6,,0.0,0.0,3897.0,68422848.0,239564.0,17557.826020015396,61.47395432383885
167,Anterior olfactory area dorsal part,AOD,192,255,200,31100,159.0,AO,,7,461.0,9477826.0,32051.0,461.0,9477826.0,32051.0,20559.275488069416,69.52494577006507
175,Anterior olfactory area external part,AOE,192,255,201,31200,159.0,AO,,7,318.0,4235557.0,16231.0,318.0,4235557.0,16231.0,13319.361635220126,51.040880503144656
160,"Anterior olfactory area, outer layer",AOOL,192,255,202,31250,159.0,AO,,7,666.0,13487805.0,44968.0,666.0,13487805.0,44968.0,20251.95945945946,67.51951951951952
183,Anterior olfactory area lateral part,AOL,192,255,202,31300,159.0,AO,,7,843.0,14394350.0,49939.0,843.0,14394350.0,49939.0,17075.14827995255,59.239620403321474
191,Anterior olfactory area medial part,AOM,192,255,203,31400,159.0,AO,,7,954.0,13126021.0,51314.0,954.0,13126021.0,51314.0,13758.931865828092,53.78825995807128
199,"Anterior olfactory area, posteroventral part",AOP/AOV,192,255,204,31500,159.0,AO,,7,,0.0,0.0,568.0,11678771.0,38737.0,20561.216549295776,68.19894366197182
2318,"Anterior olfactory area, ventral part",AOV,192,255,204,31510,199.0,AOP/AOV,,8,134.0,2914646.0,10080.0,134.0,2914646.0,10080.0,21751.089552238805,75.22388059701493
2319,"Anterior olfactory area, posterior part",AOP,192,255,204,31520,199.0,AOP/AOV,,8,434.0,8764125.0,28657.0,434.0,8764125.0,28657.0,20193.836405529953,66.02995391705069
589,Taenia tecta,TT,160,255,160,31800,698.0,OLF,,6,,0.0,0.0,1800.0,37645988.0,119902.0,20914.437777777777,66.61222222222223
597,Dorsal tenia tecta,DTT,160,255,162,31900,589.0,TT,,7,14.0,240699.0,859.0,14.0,240699.0,859.0,17192.785714285714,61.357142857142854
1034,"Dorsal tenia tecta, layer 1",DTT1,160,255,162,32100,589.0,TT,,7,181.0,5498251.0,14496.0,181.0,5498251.0,14496.0,30377.077348066297,80.08839779005525
1042,"Dorsal tenia tecta, layer 2",DTT2,160,255,162,32200,589.0,TT,,7,144.0,4134204.0,11704.0,144.0,4134204.0,11704.0,28709.75,81.27777777777777
1050,"Dorsal tenia tecta, layer 3",DTT3,160,255,162,32300,589.0,TT,,7,624.0,9333913.0,35105.0,624.0,9333913.0,35105.0,14958.19391025641,56.25801282051282
1059,"Dorsal tenia tecta, layer 4",DTT4,160,255,162,32400,589.0,TT,,7,28.0,376621.0,1631.0,28.0,376621.0,1631.0,13450.75,58.25
605,Ventral tenia tecta,VTT,160,255,161,32500,589.0,TT,,7,2.0,24176.0,92.0,2.0,24176.0,92.0,12088.0,46.0
1067,"Ventral tenia tecta, layer 1",VTT1,160,255,161,32700,589.0,TT,,7,413.0,9145973.0,27695.0,413.0,9145973.0,27695.0,22145.213075060532,67.05811138014528
1075,"Ventral tenia tecta, layer 2",VTT2,160,255,161,32800,589.0,TT,,7,211.0,4927695.0,15659.0,211.0,4927695.0,15659.0,23354.00473933649,74.2132701421801
1082,"Ventral tenia tecta, layer 3",VTT3,160,255,161,32900,589.0,TT,,7,183.0,3964456.0,12661.0,183.0,3964456.0,12661.0,21663.69398907104,69.18579234972678
814,"Cingulate cortex, area 25 (dorsal peduncular cortex)",A25 (DP),112,255,125,33000,698.0,OLF,,6,,0.0,0.0,425.0,11237027.0,34459.0,26440.063529411764,81.08
496,"Cingulate cortex, area 25 (dorsal peduncular cortex), layer1",A25 (DP)-1,0,158,81,33100,814.0,A25 (DP),,7,44.0,1241829.0,3378.0,44.0,1241829.0,3378.0,28223.386363636364,76.77272727272727
535,"Cingulate cortex, area 25 (dorsal peduncular cortex), layer2",A25 (DP)-2,60,164,99,33200,814.0,A25 (DP),,7,,0.0,0.0,0.0,0.0,0.0,,
360,"Cingulate cortex, area 25 (dorsal peduncular cortex), layer2/3",A25 (DP)-2/3,83,169,111,33300,814.0,A25 (DP),,7,145.0,4957525.0,14365.0,145.0,4957525.0,14365.0,34189.8275862069,99.06896551724138
646,"Cingulate cortex, area 25 (dorsal peduncular cortex), layer5",A25 (DP)-5,109,185,130,33400,814.0,A25 (DP),,7,201.0,4181056.0,13903.0,201.0,4181056.0,13903.0,20801.273631840795,69.16915422885572
267,"Cingulate cortex, area 25 (dorsal peduncular cortex), layer6a",A25 (DP)-6a,130,192,143,33500,814.0,A25 (DP),,7,35.0,856617.0,2813.0,35.0,856617.0,2813.0,24474.77142857143,80.37142857142857
2019,Dorsal transition zone,DTr,130,192,143,33510,814.0,A25 (DP),,7,,0.0,0.0,0.0,0.0,0.0,,
961,Piriform cortex,PIR,160,255,167,33600,698.0,OLF,,6,,0.0,0.0,9533.0,199851258.0,694558.0,20964.151683625303,72.85828175810343
276,Piriform cortex 1,Pir1,160,255,167,33800,961.0,PIR,,7,2743.0,68146918.0,218020.0,2743.0,68146918.0,218020.0,24843.936565803866,79.48231862923807
284,Piriform cortex 2,Pir2,160,255,167,33900,961.0,PIR,,7,854.0,20959661.0,68718.0,854.0,20959661.0,68718.0,24542.928571428572,80.46604215456675
291,Piriform cortex 3,Pir3,160,255,167,34000,961.0,PIR,,7,4378.0,79987346.0,293474.0,4378.0,79987346.0,293474.0,18270.293741434445,67.03380539058931
2024,Cortex-amygdala transition zone,CxA,160,255,170,34010,961.0,PIR,,7,,0.0,0.0,1558.0,30757333.0,114346.0,19741.548780487807,73.39281129653402
2303,Cortex-amygdala transition zone Layer1,CxA1,160,255,170,34020,2024.0,CxA,,8,427.0,10547629.0,36753.0,427.0,10547629.0,36753.0,24701.70725995316,86.07259953161592
2304,Cortex-amygdala transition zone Layer2,CxA2,160,255,170,34030,2024.0,CxA,,8,160.0,3257120.0,11791.0,160.0,3257120.0,11791.0,20357.0,73.69375
2305,Cortex-amygdala transition zone Layer3,CxA3,160,255,170,34040,2024.0,CxA,,8,971.0,16952584.0,65802.0,971.0,16952584.0,65802.0,17458.891864057674,67.76725025746653
619,Nucleus of the lateral olfactory tract,LOT,160,255,170,34100,698.0,OLF,,6,,0.0,0.0,697.0,14505103.0,50519.0,20810.764705882353,72.48063127690101
260,Nucleus of the lateral olfactory tract 1,LOT1,160,255,170,34300,619.0,LOT,,7,235.0,4820657.0,16572.0,235.0,4820657.0,16572.0,20513.434042553192,70.51914893617021
268,Nucleus of the lateral olfactory tract 2,LOT2,160,255,170,34400,619.0,LOT,,7,138.0,2973036.0,10511.0,138.0,2973036.0,10511.0,21543.739130434784,76.16666666666667
1139,Nucleus of the lateral olfactory tract 3,LOT3,160,255,170,34500,619.0,LOT,,7,251.0,4682803.0,17058.0,251.0,4682803.0,17058.0,18656.585657370517,67.9601593625498
631,cortical amygdaloid nucleus,CO,160,255,177,34600,698.0,OLF,,6,,0.0,0.0,4683.0,76706939.0,301470.0,16379.871663463591,64.37540038436899
639,Anterior cortical amygdaloid nucleus,ACo ,160,255,178,34700,631.0,CO,,7,,0.0,0.0,1388.0,24826215.0,94150.0,17886.32204610951,67.8314121037464
192,"Anterior cortical amygdaloid nucleus, layer1",ACo-1,160,255,178,34800,639.0,ACo ,,8,316.0,7975051.0,25997.0,316.0,7975051.0,25997.0,25237.50316455696,82.26898734177215
200,"Anterior cortical amygdaloid nucleus, layer2",ACo-2,160,255,178,34900,639.0,ACo ,,8,172.0,3179782.0,12481.0,172.0,3179782.0,12481.0,18487.10465116279,72.56395348837209
208,"Anterior cortical amygdaloid nucleus, layer3",ACo-3,160,255,178,35000,639.0,ACo ,,8,900.0,13671382.0,55672.0,900.0,13671382.0,55672.0,15190.424444444445,61.85777777777778
647,Posterior cortical amygdaloid area,PCO,160,255,179,35100,631.0,CO,,7,,0.0,0.0,3295.0,51880724.0,207320.0,15745.288012139605,62.919575113808804
655,Posterolateral cortical amygdaloid area,PLCo,160,255,180,35200,647.0,PCO,,8,,0.0,0.0,1270.0,22454275.0,86922.0,17680.53149606299,68.44251968503937
216,Posterolateral cortical amygdaloid area 1,PLCo1,160,255,180,35500,655.0,PLCo,,9,378.0,7498157.0,27172.0,378.0,7498157.0,27172.0,19836.39417989418,71.88359788359789
224,Posterolateral cortical amygdaloid area 2,PLCo2,160,255,180,35600,655.0,PLCo,,9,154.0,3736673.0,13335.0,154.0,3736673.0,13335.0,24264.11038961039,86.5909090909091
232,Posterolateral cortical amygdaloid area 3,PLCo3,160,255,180,35700,655.0,PLCo,,9,738.0,11219445.0,46415.0,738.0,11219445.0,46415.0,15202.5,62.892953929539296
663,Posteromedial cortical amygdaloid area,PMCo,160,255,181,35800,647.0,PCO,,8,,0.0,0.0,2025.0,29426449.0,120398.0,14531.57975308642,59.455802469135804
240,Posteromedial cortical amygdaloid area 1,PMCo1,160,255,181,36100,663.0,PMCo,,9,571.0,10264398.0,36645.0,571.0,10264398.0,36645.0,17976.17863397548,64.1768826619965
248,Posteromedial cortical amygdaloid area 2,PMCo2,160,255,181,36200,663.0,PMCo,,9,275.0,3897819.0,16367.0,275.0,3897819.0,16367.0,14173.887272727272,59.516363636363636
256,Posteromedial cortical amygdaloid area 3,PMCo3,160,255,181,36300,663.0,PMCo,,9,996.0,13006320.0,56531.0,996.0,13006320.0,56531.0,13058.55421686747,56.75803212851405
788,Rostral amygdalopiriform area,RAPir,160,255,169,36400,698.0,OLF,,6,,0.0,0.0,495.0,10249888.0,38341.0,20706.844444444443,77.45656565656566
408,Rostral amygdalopiriform area 1,RAPir1,160,255,169,36600,788.0,RAPir,,7,148.0,2610310.0,10273.0,148.0,2610310.0,10273.0,17637.22972972973,69.41216216216216
416,Rostral amygdalopiriform area 2,RAPir2,160,255,169,36700,788.0,RAPir,,7,39.0,1034221.0,3579.0,39.0,1034221.0,3579.0,26518.48717948718,91.76923076923077
424,Rostral amygdalopiriform area 3,RAPir3,160,255,169,36800,788.0,RAPir,,7,308.0,6605357.0,24489.0,308.0,6605357.0,24489.0,21445.964285714286,79.50974025974025
566,Amygdalopiriform transition area,Apir,160,255,166,36900,698.0,OLF,,6,,0.0,0.0,555.0,10098045.0,37226.0,18194.675675675677,67.07387387387388
1140,"Postpiriform transition area, layers 1",APir1,160,255,166,37100,566.0,Apir,,7,91.0,2514456.0,7797.0,91.0,2514456.0,7797.0,27631.384615384617,85.68131868131869
1141,"Postpiriform transition area, layers 2",APir2,160,255,166,37200,566.0,Apir,,7,23.0,674351.0,2091.0,23.0,674351.0,2091.0,29319.608695652172,90.91304347826087
1142,"Postpiriform transition area, layers 3",APir3,160,255,166,37300,566.0,Apir,,7,397.0,6303434.0,24925.0,397.0,6303434.0,24925.0,15877.66750629723,62.78337531486146
1089,Hippocampal formation,HPF,144,255,176,37400,695.0,CTXpl,,5,,0.0,0.0,23292.0,428395080.0,1553616.0,18392.36991241628,66.7017001545595
1080,Hippocampal region,HIP,121,255,128,37500,1089.0,HPF,,6,,0.0,0.0,11638.0,220038122.0,790770.0,18906.867331156554,67.9472417941227
375,Ammon's horn,CA,122,255,122,37600,1080.0,HIP,,7,,0.0,0.0,9075.0,163369692.0,601862.0,18002.16991735537,66.32088154269972
382,Field CA1 of the hippocampus,CA1,122,255,121,37700,375.0,CA,,8,,0.0,0.0,4114.0,68373320.0,264052.0,16619.669421487604,64.18376276130287
391,Field CA1 of the hippocampus- lacunosum moleculare layer of the hippocampus,CA1_LMol ,123,255,121,37800,382.0,CA1,,9,395.0,6278055.0,24785.0,395.0,6278055.0,24785.0,15893.810126582279,62.74683544303797
399,Field CA1 of the hippocampus- oriens layer of the hippocampus,CA1_Or,124,255,121,37900,382.0,CA1,,9,526.0,8867885.0,33101.0,526.0,8867885.0,33101.0,16859.096958174905,62.92965779467681
407,Field CA1 of the hippocampus- pyramidal layer of the hippocampus,CA1_Py,75,230,70,38000,382.0,CA1,,9,589.0,11233855.0,39033.0,589.0,11233855.0,39033.0,19072.758913412563,66.26994906621393
415,Field CA1 of the hippocampus- radiatum layer of the hippocampus,CA1_Rad,126,255,121,38100,382.0,CA1,,9,2604.0,41993525.0,167133.0,2604.0,41993525.0,167133.0,16126.54569892473,64.1831797235023
423,Field CA2 of the hippocampus,CA2,122,255,120,38200,375.0,CA,,8,,0.0,0.0,504.0,9605266.0,35187.0,19058.06746031746,69.81547619047619
431,Field CA2 of the hippocampus- lacunosum moleculare layer of the hippocampus,CA2_LMol ,123,255,120,38300,423.0,CA2,,9,32.0,355790.0,1531.0,32.0,355790.0,1531.0,11118.4375,47.84375
438,Field CA2 of the hippocampus- oriens layer of the hippocampus,CA2_Or,124,255,120,38400,423.0,CA2,,9,91.0,1512013.0,5783.0,91.0,1512013.0,5783.0,16615.527472527472,63.54945054945055
446,Field CA2 of the hippocampus- pyramidal layer of the hippocampus,CA2_Py,75,230,70,38500,423.0,CA2,,9,87.0,2277550.0,6771.0,87.0,2277550.0,6771.0,26178.735632183907,77.82758620689656
454,Field CA2 of the hippocampus- radiatum layer of the hippocampus,CA2_Rad,126,255,120,38600,423.0,CA2,,9,294.0,5459913.0,21102.0,294.0,5459913.0,21102.0,18571.132653061224,71.77551020408163
463,Field CA3 of the hippocampus,CA3,122,255,119,38700,375.0,CA,,8,,0.0,0.0,4457.0,85391106.0,302623.0,19158.87502804577,67.89836212699124
471,Field CA3 of the hippocampus- lacunosum moleculare layer of the hippocampus,CA3_LMol ,123,255,119,38800,463.0,CA3,,9,35.0,972378.0,2956.0,35.0,972378.0,2956.0,27782.22857142857,84.45714285714286
479,Field CA3 of the hippocampus- stratum lucidum of the hippocampus,SLu ,124,255,119,38900,463.0,CA3,,9,163.0,2441002.0,10308.0,163.0,2441002.0,10308.0,14975.472392638037,63.239263803680984
486,Field CA3 of the hippocampus- oriens layer of the hippocampus,CA3_Or,125,255,119,39000,463.0,CA3,,9,2646.0,51589948.0,182014.0,2646.0,51589948.0,182014.0,19497.334845049132,68.78835978835978
495,Field CA3 of the hippocampus- pyramidal layer of the hippocampus,CA3_Py,75,230,70,39100,463.0,CA3,,9,1044.0,21358546.0,71965.0,1044.0,21358546.0,71965.0,20458.377394636016,68.93199233716476
504,Field CA3 of the hippocampus- radiatum layer of the hippocampus,CA3_Rad,127,255,119,39200,463.0,CA3,,9,569.0,9029232.0,35380.0,569.0,9029232.0,35380.0,15868.597539543058,62.1792618629174
726,Dentate gyrus,DG,114,250,114,39300,1080.0,HIP,,7,,0.0,0.0,2550.0,56492220.0,188240.0,22153.811764705883,73.81960784313725
10703,Molecular layer of the dentate gyrus,MoDG,114,250,114,39400,726.0,DG,,8,1259.0,33010286.0,100847.0,1259.0,33010286.0,100847.0,26219.44876886418,80.10087370929308
10704,Polymorph layer of the dentate gyrus,PoDG,94,230,94,39500,726.0,DG,,8,510.0,9145497.0,34465.0,510.0,9145497.0,34465.0,17932.34705882353,67.57843137254902
632,Granule cell layer of the dentate gyrus,GrDG,64,200,64,39600,726.0,DG,,8,546.0,9415896.0,36406.0,546.0,9415896.0,36406.0,17245.23076923077,66.67765567765568
982,Fasciola cinereum,FC,114,253,114,41000,1080.0,HIP,,7,5.0,35337.0,157.0,5.0,35337.0,157.0,7067.4,31.4
19,Induseum griseum,IG,114,254,114,41100,1080.0,HIP,,7,8.0,140873.0,511.0,8.0,140873.0,511.0,17609.125,63.875
822,Retrohippocampal region,RHP,144,255,176,41200,1089.0,HPF,,6,,0.0,0.0,11654.0,208356958.0,762846.0,17878.57885704479,65.45786854298953
909,Entorhinal area,ENT,128,255,144,41300,822.0,RHP,,7,,0.0,0.0,7847.0,144322710.0,512149.0,18392.087421944692,65.2668535746145
918,Dorsolateral entorhinal cortex,DLEnt,128,255,145,41350,909.0,ENT,,8,,0.0,0.0,2141.0,42751201.0,143209.0,19967.865950490424,66.88883699205978
1121,"Dorsolateral entorhinal cortex, layer 1",DLEnt1,0,104,101,41400,918.0,DLEnt,,9,490.0,15438294.0,43502.0,490.0,15438294.0,43502.0,31506.72244897959,88.7795918367347
20,"Dorsolateral entorhinal cortex, layer 2",DLEnt2,0,114,116,41500,918.0,DLEnt,,9,181.0,3816795.0,11974.0,181.0,3816795.0,11974.0,21087.265193370167,66.15469613259668
999,"Dorsolateral entorhinal cortex, layer 2/3",DLEnt2/3,50,133,139,41600,918.0,DLEnt,,9,198.0,4543161.0,13835.0,198.0,4543161.0,13835.0,22945.257575757576,69.87373737373737
715,"Dorsolateral entorhinal cortex, layer 2a",DLEnta,0,115,122,41700,918.0,DLEnt,,9,,0.0,0.0,0.0,0.0,0.0,,
764,"Dorsolateral entorhinal cortex, layer 2b",DLEntb,0,128,132,41800,918.0,DLEnt,,9,,0.0,0.0,0.0,0.0,0.0,,
52,"Dorsolateral entorhinal cortex, layer 3",DLEnt3,86,151,158,41900,918.0,DLEnt,,9,467.0,8192065.0,28403.0,467.0,8192065.0,28403.0,17541.895074946468,60.820128479657384
92,"Dorsolateral entorhinal cortex, layer 4",DLEnt4,117,161,167,42000,918.0,DLEnt,,9,,0.0,0.0,0.0,0.0,0.0,,
312,"Dorsolateral entorhinal cortex, layer 4/5",DLEnt4/5,157,184,189,42100,918.0,DLEnt,,9,,0.0,0.0,0.0,0.0,0.0,,
139,"Dorsolateral entorhinal cortex, layer 5",DLEnt5,190,204,206,42200,918.0,DLEnt,,9,434.0,5687087.0,23838.0,434.0,5687087.0,23838.0,13103.887096774193,54.92626728110599
387,"Dorsolateral entorhinal cortex, layer 5/6",DLEnt5/6,138,168,168,42300,918.0,DLEnt,,9,,0.0,0.0,0.0,0.0,0.0,,
28,"Dorsolateral entorhinal cortex, layer 6a",DLEnt6a,148,179,173,42400,918.0,DLEnt,,9,331.0,4235576.0,18768.0,331.0,4235576.0,18768.0,12796.302114803626,56.700906344410875
60,"Dorsolateral entorhinal cortex, layer 6b",DLEnt6b,180,199,193,42500,918.0,DLEnt,,9,38.0,414564.0,2165.0,38.0,414564.0,2165.0,10909.578947368422,56.973684210526315
926,Dorsal intermediate entorhinal cortex,DIEnt,128,255,146,42700,909.0,ENT,,8,,0.0,0.0,1153.0,24423599.0,79256.0,21182.653078924544,68.73894189071986
526,"Dorsal intermediate entorhinal cortex, layer 1",DIEnt1,0,104,87,42800,926.0,DIEnt,,9,194.0,5275091.0,15851.0,194.0,5275091.0,15851.0,27191.190721649484,81.70618556701031
543,"Dorsal intermediate entorhinal cortex, layer 2",DIEnt2,0,118,106,42900,926.0,DIEnt,,9,194.0,3352231.0,11722.0,194.0,3352231.0,11722.0,17279.5412371134,60.422680412371136
468,"Dorsal intermediate entorhinal cortex, layer 2a",DIEnt2a,1,118,106,43000,926.0,DIEnt,,9,,0.0,0.0,0.0,0.0,0.0,,
508,"Dorsal intermediate entorhinal cortex, layer 2b",DIEnt2b,2,118,106,43100,926.0,DIEnt,,9,,0.0,0.0,0.0,0.0,0.0,,
2408,"Dorsal intermediate entorhinal cortex, layer 2/3",DIEnt2/3,2,118,106,43110,926.0,DIEnt,,9,,0.0,0.0,0.0,0.0,0.0,,
664,"Dorsal intermediate entorhinal cortex, layer 3",DIEnt3,36,122,111,43200,926.0,DIEnt,,9,394.0,9080926.0,27794.0,394.0,9080926.0,27794.0,23048.035532994923,70.54314720812182
712,"Dorsal intermediate entorhinal cortex, layer 4",DIEnt4,63,135,126,43300,926.0,DIEnt,,9,,0.0,0.0,0.0,0.0,0.0,,
727,"Dorsal intermediate entorhinal cortex, layer 5",DIEnt5,64,135,126,43400,926.0,DIEnt,,9,306.0,5413319.0,19420.0,306.0,5413319.0,19420.0,17690.58496732026,63.4640522875817
550,"Dorsal intermediate entorhinal cortex, layer 5/6",DIEnt5/6,81,139,133,43500,926.0,DIEnt,,9,,0.0,0.0,0.0,0.0,0.0,,
743,"Dorsal intermediate entorhinal cortex, layer 6",DIEnt6,108,156,152,43600,926.0,DIEnt,,9,65.0,1302032.0,4469.0,65.0,1302032.0,4469.0,20031.26153846154,68.75384615384615
934,Ventral intermediate entorhinal cortex,VIEnt,128,255,147,43700,909.0,ENT,,8,,0.0,0.0,1021.0,16131575.0,63018.0,15799.779627815868,61.721841332027424
259,"Ventral intermediate entorhinal cortex, layer 1",VIEnt1,0,104,96,43800,934.0,VIEnt,,9,302.0,5776922.0,21223.0,302.0,5776922.0,21223.0,19128.880794701985,70.2748344370861
324,"Ventral intermediate entorhinal cortex, layer 2",VIEnt2,0,117,111,43900,934.0,VIEnt,,9,82.0,1345906.0,5095.0,82.0,1345906.0,5095.0,16413.48780487805,62.13414634146341
371,"Ventral intermediate entorhinal cortex, layer 3",VIEnt3,35,122,117,44000,934.0,VIEnt,,9,255.0,4126580.0,15502.0,255.0,4126580.0,15502.0,16182.666666666666,60.792156862745095
419,"Ventral intermediate entorhinal cortex, layer 4",VIEnt4,62,135,133,44100,934.0,VIEnt,,9,,0.0,0.0,0.0,0.0,0.0,,
1133,"Ventral intermediate entorhinal cortex, layer 5/6",VIEnt5/6,80,140,140,44200,934.0,VIEnt,,9,382.0,4882167.0,21198.0,382.0,4882167.0,21198.0,12780.541884816754,55.49214659685864
2159,Medial entorhinal cortex,MEnt,80,140,140,44220,909.0,ENT,,8,,0.0,0.0,1655.0,28679769.0,105491.0,17329.165558912387,63.74078549848942
2164,"Medial entorhinal cortex, layer 1",MEnt1,80,140,140,44230,2159.0,MEnt,,9,117.0,3292569.0,9028.0,117.0,3292569.0,9028.0,28141.615384615383,77.16239316239316
2444,"Medial entorhinal cortex, layer 2",MEnt2,80,140,140,44240,2159.0,MEnt,,9,157.0,4025576.0,12057.0,157.0,4025576.0,12057.0,25640.61146496815,76.79617834394904
2445,"Medial entorhinal cortex, layer 3",MEnt3,80,140,140,44250,2159.0,MEnt,,9,455.0,8071286.0,29776.0,455.0,8071286.0,29776.0,17739.09010989011,65.44175824175824
2446,"Medial entorhinal cortex, layer 5",MEnt5,80,140,140,44260,2159.0,MEnt,,9,233.0,3010547.0,13798.0,233.0,3010547.0,13798.0,12920.802575107296,59.21888412017167
2447,"Medial entorhinal cortex, layer 6",MEnt6,80,140,140,44270,2159.0,MEnt,,9,66.0,931967.0,3884.0,66.0,931967.0,3884.0,14120.712121212122,58.84848484848485
2161,Caudomedial entothinal cortex,CEnt,80,140,140,44280,909.0,ENT,,8,,0.0,0.0,1877.0,32336566.0,121175.0,17227.79222163026,64.55780500799148
2448,"Caudomedial entothinal cortex, layer 1",CEnt1,80,140,140,44290,2161.0,CEnt,,9,606.0,11992506.0,41508.0,606.0,11992506.0,41508.0,19789.61386138614,68.4950495049505
2449,"Caudomedial entothinal cortex, layer 2",CEnt2,80,140,140,44291,2161.0,CEnt,,9,425.0,7085732.0,27126.0,425.0,7085732.0,27126.0,16672.310588235294,63.82588235294118
2450,"Caudomedial entothinal cortex, layer 3",CEnt3,80,140,140,44292,2161.0,CEnt,,9,423.0,6955131.0,26860.0,423.0,6955131.0,26860.0,16442.390070921985,63.498817966903076
2451,"Caudomedial entothinal cortex, layer 5",CEnt5,80,140,140,44293,2161.0,CEnt,,9,169.0,2198185.0,9455.0,169.0,2198185.0,9455.0,13007.011834319526,55.946745562130175
2452,"Caudomedial entothinal cortex, layer 6",CEnt6,80,140,140,44294,2161.0,CEnt,,9,27.0,525326.0,1958.0,27.0,525326.0,1958.0,19456.51851851852,72.51851851851852
1084,Presubiculum,PsS,129,255,161,45190,822.0,RHP,,7,,0.0,0.0,135.0,2346391.0,8374.0,17380.674074074075,62.02962962962963
10699,"Presubiculum, layer 1",PsS1,129,255,161,45200,1084.0,PsS,,8,66.0,1723649.0,5130.0,66.0,1723649.0,5130.0,26115.89393939394,77.72727272727273
10700,"Presubiculum, layer 2",PsS2,129,255,161,45300,1084.0,PsS,,8,34.0,367844.0,1837.0,34.0,367844.0,1837.0,10818.941176470587,54.029411764705884
10701,"Presubiculum, layer 3",PsS3,129,255,161,45400,1084.0,PsS,,8,35.0,254898.0,1407.0,35.0,254898.0,1407.0,7282.8,40.2
843,Parasubiculum,PaS,129,255,160,44300,822.0,RHP,,7,,0.0,0.0,341.0,6976882.0,23743.0,20460.064516129034,69.62756598240469
10693,"Parasubiculum, layer 1",PaS1,129,255,160,44400,843.0,PaS,,8,185.0,5055727.0,15502.0,185.0,5055727.0,15502.0,27328.254054054054,83.7945945945946
10694,"Parasubiculum, layer 2",PaS2,129,255,160,44500,843.0,PaS,,8,107.0,1266681.0,5474.0,107.0,1266681.0,5474.0,11838.140186915887,51.1588785046729
10695,"Parasubiculum, layer 3",PaS3,129,255,160,44600,843.0,PaS,,8,42.0,565852.0,2351.0,42.0,565852.0,2351.0,13472.666666666666,55.976190476190474
1037,Postsubiculum,Post,128,255,160,44700,822.0,RHP,,7,,0.0,0.0,124.0,1786972.0,7422.0,14411.064516129032,59.854838709677416
10696,"Postsubiculum, layer 1",Post1,128,255,160,44800,1037.0,Post,,8,56.0,846279.0,3427.0,56.0,846279.0,3427.0,15112.125,61.19642857142857
10697,"Postsubiculum, layer 2",Post2,128,255,160,44900,1037.0,Post,,8,43.0,592762.0,2478.0,43.0,592762.0,2478.0,13785.162790697674,57.627906976744185
10698,"Postsubiculum, layer 3",Post3,128,255,160,45000,1037.0,Post,,8,25.0,347931.0,1517.0,25.0,347931.0,1517.0,13917.24,60.68
502,Subiculum,SUB,128,255,151,45500,822.0,RHP,,7,,0.0,0.0,3207.0,52924003.0,211158.0,16502.65138758965,65.84284377923292
509,Dorsal subiculum,DS,129,255,151,45600,502.0,SUB,,8,,0.0,0.0,367.0,5542962.0,23436.0,15103.438692098092,63.858310626702995
829,"Dorsal subiculum, molecular layer",DS-m,129,255,151,45700,509.0,DS,,9,9.0,125955.0,481.0,9.0,125955.0,481.0,13995.0,53.44444444444444
845,"Dorsal subiculum, pyramidal layer",DS-sp,100,230,121,45800,509.0,DS,,9,140.0,1831123.0,8331.0,140.0,1831123.0,8331.0,13079.45,59.50714285714286
837,"Dorsal subiculum, stratum radiatum",DS-sr,129,255,151,45900,509.0,DS,,9,44.0,602350.0,2890.0,44.0,602350.0,2890.0,13689.772727272728,65.68181818181819
518,Ventral subiculum,VeS,130,255,151,46000,502.0,SUB,,8,,0.0,0.0,1434.0,25155118.0,95762.0,17541.92329149233,66.77963737796374
853,"Ventral subiculum, molecular layer",VeS-m,130,255,151,46100,518.0,VeS,,9,56.0,2618488.0,7220.0,56.0,2618488.0,7220.0,46758.71428571428,128.92857142857142
870,"Ventral subiculum, pyramidal layer",VeS-sp,100,230,121,46200,518.0,VeS,,9,359.0,4811247.0,20869.0,359.0,4811247.0,20869.0,13401.802228412256,58.13091922005571
861,"Ventral subiculum, stratum radiatum",VeS-sr,130,255,151,46300,518.0,VeS,,9,143.0,2732635.0,9762.0,143.0,2732635.0,9762.0,19109.335664335664,68.26573426573427
2440,"Subiculum, transition area",STr,130,255,151,46310,502.0,SUB,,8,,0.0,0.0,1378.0,21762977.0,90224.0,15793.1618287373,65.47460087082729
2441,"Subiculum, transition area, molecular layer",STr-m,130,255,151,46320,2440.0,STr,,9,76.0,1469424.0,5276.0,76.0,1469424.0,5276.0,19334.526315789473,69.42105263157895
2442,"Subiculum, transition area, pyramidal layer",STr-sp,130,255,151,46330,2440.0,STr,,9,1059.0,16851316.0,69549.0,1059.0,16851316.0,69549.0,15912.47969782814,65.6742209631728
2443,"Subiculum, transition area, stratum radiatum",STr-sr,130,255,151,46340,2440.0,STr,,9,243.0,3442237.0,15399.0,243.0,3442237.0,15399.0,14165.584362139918,63.370370370370374
703,Cortical subplate,CTXsp,80,255,80,46400,688.0,CTX,,4,,0.0,0.0,7712.0,138232364.0,497656.0,17924.321058091286,64.53008298755186
16,"Layer 6b, isocortex",6b,80,255,81,46500,703.0,CTXsp,,5,,0.0,0.0,0.0,0.0,0.0,,
583,Claustrum,Cl,80,255,85,46600,703.0,CTXsp,,5,,0.0,0.0,966.0,20133184.0,67792.0,20841.805383022773,70.17805383022774
2002,Dorsal claustrum,DCl,80,255,85,46610,583.0,Cl,,6,413.0,7203293.0,26724.0,413.0,7203293.0,26724.0,17441.38740920097,64.70702179176756
2003,Ventral claustrum,VCl,80,255,85,46620,583.0,Cl,,6,355.0,6479662.0,23920.0,355.0,6479662.0,23920.0,18252.569014084507,67.38028169014085
942,Endopiriform nucleus,En,80,255,87,46700,703.0,CTXsp,,5,,0.0,0.0,1263.0,25063888.0,83690.0,19844.725257323833,66.26286619160729
952,Dorsal endopiriform nucleus,DEn ,81,255,87,46800,942.0,En,,6,722.0,13539547.0,46790.0,722.0,13539547.0,46790.0,18752.8351800554,64.80609418282549
966,Ventral endopiriform nucleus,VEn,82,255,87,46900,942.0,En,,6,152.0,2737253.0,10832.0,152.0,2737253.0,10832.0,18008.24342105263,71.26315789473684
2085,Intermediate endopiriform claustrum,IEn,82,255,87,46910,942.0,En,,6,367.0,8609484.0,25249.0,367.0,8609484.0,25249.0,23459.08446866485,68.7983651226158
2426,Retroendopiriform nucleus ,REn,82,255,87,46920,942.0,En,,6,22.0,177604.0,819.0,22.0,177604.0,819.0,8072.909090909091,37.22727272727273
131,Lateral amygdaloid nucleus,La,80,255,88,47000,703.0,CTXsp,,5,,0.0,0.0,432.0,10041806.0,32905.0,23244.921296296296,76.16898148148148
2068,"Lateral amygdaloid nucleus, dorsolateral part",LaDL,80,255,88,47010,131.0,La,,6,267.0,5740660.0,19663.0,267.0,5740660.0,19663.0,21500.59925093633,73.64419475655431
2052,"Lateral amygdaloid nucleus, ventrolateral part",LaVL,80,255,88,47020,131.0,La,,6,34.0,891862.0,2848.0,34.0,891862.0,2848.0,26231.235294117647,83.76470588235294
2060,"Lateral amygdaloid nucleus, ventromedial part",LaVM,80,255,88,47030,131.0,La,,6,129.0,3373256.0,10263.0,129.0,3373256.0,10263.0,26149.271317829458,79.55813953488372
295,Basolateral amygdalar nucleus,BL,80,255,83,47100,703.0,CTXsp,,5,,0.0,0.0,1519.0,24750413.0,94883.0,16293.886109282423,62.464121132323896
303,"Basolateral amygdaloid nucleus, anterior part",BLA,81,255,83,47200,295.0,BL,,6,700.0,11941462.0,44771.0,700.0,11941462.0,44771.0,17059.231428571427,63.95857142857143
311,"Basolateral amygdaloid nucleus, posterior part",BLP,82,255,83,47300,295.0,BL,,6,674.0,10611676.0,40810.0,674.0,10611676.0,40810.0,15744.326409495548,60.54896142433235
451,"Basolateral amygdaloid nucleus, ventral part",BLV,73,255,83,47400,295.0,BL,,6,145.0,2197275.0,9302.0,145.0,2197275.0,9302.0,15153.620689655172,64.15172413793104
319,Basomedial amygdalar nucleus,BM,80,255,84,47500,703.0,CTXsp,,5,,0.0,0.0,1926.0,28962617.0,113101.0,15037.703530633436,58.72326064382139
327,"Basomedial amygdaloid nucleus, anterior part",BMA,81,255,84,47600,319.0,BM,,6,1097.0,16243349.0,64527.0,1097.0,16243349.0,64527.0,14807.063810391977,58.821330902461256
334,"Basomedial amygdaloid nucleus, posterior part",BMP,82,255,84,47700,319.0,BM,,6,829.0,12719268.0,48574.0,829.0,12719268.0,48574.0,15342.904704463208,58.5934861278649
780,Amygdalohippocampal area,AHi,80,255,89,47800,703.0,CTXsp,,5,,0.0,0.0,1240.0,22562515.0,81917.0,18195.576612903227,66.06209677419355
2086,"Amygdalohippocampal area, anterolateral part",AHiAL,80,255,89,47810,780.0,AHi,,6,761.0,14199427.0,50438.0,761.0,14199427.0,50438.0,18658.905387647832,66.27858081471747
2087,"Amygdalohippocampal area, posteromedial part",AHiPM,80,255,89,47820,780.0,AHi,,6,396.0,7169379.0,26854.0,396.0,7169379.0,26854.0,18104.492424242424,67.81313131313131
2088,"Amygdalohippocampal area, posterolateral",AHiPL,80,255,89,47830,780.0,AHi,,6,83.0,1193709.0,4625.0,83.0,1193709.0,4625.0,14382.036144578313,55.72289156626506
623,Cerebral nuclei,CNU,176,216,255,47900,567.0,CH,,3,,0.0,0.0,27118.0,546923265.0,1848732.0,20168.274393391843,68.17361162327606
477,Striatum,STR,160,200,232,48000,623.0,CNU,,4,,0.0,0.0,22178.0,445402827.0,1512911.0,20083.092569212735,68.21674632518712
485,Striatum dorsal region,STRd,160,216,232,48100,477.0,STR,,5,,0.0,0.0,7892.0,150004435.0,534768.0,19007.15091231627,67.76077040040548
672,Caudate Putamen ,CP,160,216,248,48200,485.0,STRd,,6,,0.0,0.0,7892.0,150004435.0,534768.0,19007.15091231627,67.76077040040548
2376,Caudoputamen- rostral extreme,CPre,160,216,248,48210,672.0,CP,,7,776.0,16521713.0,53867.0,776.0,16521713.0,53867.0,21290.86726804124,69.41623711340206
2491,Caudoputamen- rostral,CPr,160,216,248,48220,672.0,CP,,7,,0.0,0.0,367.0,7234242.0,23923.0,19711.8310626703,65.18528610354224
2294,"Caudoputamen- rostral, medial","CPr, m",160,216,248,48221,2491.0,CPr,,8,37.0,1525589.0,4035.0,37.0,1525589.0,4035.0,41232.13513513513,109.05405405405405
2295,"Caudoputamen- rostral, intermediate, dorsal","CPr, imd",160,216,248,48222,2491.0,CPr,,8,120.0,1857012.0,7045.0,120.0,1857012.0,7045.0,15475.1,58.708333333333336
2296,"Caudoputamen- rostral, intermediate, ventral","CPr, imv",160,216,248,48223,2491.0,CPr,,8,88.0,1065806.0,4367.0,88.0,1065806.0,4367.0,12111.431818181818,49.625
2497,"Caudoputamen- rostral, lateral","CPr, l",160,216,248,48224,2491.0,CPr,,8,,0.0,0.0,122.0,2785835.0,8476.0,22834.713114754097,69.47540983606558
2395,"Caudoputamen- rostral, lateral, lateral strip","CPr, l, ls",160,216,248,48225,2497.0,"CPr, l",,9,59.0,1162899.0,3960.0,59.0,1162899.0,3960.0,19710.15254237288,67.11864406779661
2297,"Caudoputamen- rostra,l lateral, ventromedial","CPr, l, vm",160,216,248,48226,2497.0,"CPr, l",,9,63.0,1622936.0,4516.0,63.0,1622936.0,4516.0,25760.88888888889,71.68253968253968
2492,Caudoputamen- intermediate,CPi,160,216,248,48230,672.0,CP,,7,,0.0,0.0,1798.0,36636807.0,124943.0,20376.42213570634,69.48998887652948
2498,"Caudoputamen- intermediate, dorsomedial","CPi, dm",160,216,248,48231,2492.0,CPi,,8,,0.0,0.0,727.0,11716002.0,44299.0,16115.546079779917,60.93397524071527
2299,"Caudoputamen- intermediate, dorsomedial, dorsolateral","CPi, dm, dl",160,216,248,48232,2498.0,"CPi, dm",,9,96.0,1471832.0,5672.0,96.0,1471832.0,5672.0,15331.583333333334,59.083333333333336
2298,"Caudoputamen- intermediate, dorsomedial, intermedial","CPi, dm, im",160,216,248,48233,2498.0,"CPi, dm",,9,381.0,5657112.0,21596.0,381.0,5657112.0,21596.0,14848.062992125984,56.68241469816273
2374,"Caudoputamen- intermediate, dorsomedial, central dorsal","CPi, dm, cd",160,216,248,48234,2498.0,"CPi, dm",,9,96.0,1535171.0,6070.0,96.0,1535171.0,6070.0,15991.364583333334,63.229166666666664
2380,"Caudoputamen- intermediate, dorsomedial, dorsal tip ","CPi, dm, dt",160,216,248,48235,2498.0,"CPi, dm",,9,154.0,3051887.0,10961.0,154.0,3051887.0,10961.0,19817.448051948053,71.17532467532467
2500,"Caudoputamen- intermediate, ventromedial","CPi, vm",160,216,248,48236,2492.0,CPi,,8,,0.0,0.0,171.0,4096561.0,12449.0,23956.497076023392,72.80116959064327
2302,"Caudoputamen- intermediate, ventromedial, ventromedial","CPi, vm, vm",160,216,248,48237,2500.0,"CPi, vm",,9,82.0,1618422.0,5736.0,82.0,1618422.0,5736.0,19736.853658536584,69.95121951219512
2480,"Caudoputamen- intermediate, ventromedial, ventral","CPi, vm, v",160,216,248,48238,2500.0,"CPi, vm",,9,81.0,2351774.0,6206.0,81.0,2351774.0,6206.0,29034.246913580246,76.61728395061728
2483,"Caudoputamen- intermediate, ventromedial, central ventromedial","CPi, vm, cvm",160,216,248,48239,2500.0,"CPi, vm",,9,8.0,126365.0,507.0,8.0,126365.0,507.0,15795.625,63.375
2499,"Caudoputamen- intermediate, dorsolateral, ","CPi, dl",160,216,248,48240,2492.0,CPi,,8,,0.0,0.0,369.0,7884443.0,28222.0,21367.054200542007,76.48238482384824
2300,"Caudoputamen- intermediate, dorsolateral, dorsal","CPi, dl, d",160,216,248,48241,2499.0,"CPi, dl",,9,221.0,5225047.0,17775.0,221.0,5225047.0,17775.0,23642.74660633484,80.42986425339366
2301,"Caudoputamen- intermediate, dorsolateral, intermedial dorsal","CPi, dl, imd",160,216,248,48242,2499.0,"CPi, dl",,9,148.0,2659396.0,10447.0,148.0,2659396.0,10447.0,17968.891891891893,70.58783783783784
2501,"Caudoputamen- intermediate, ventrolateral","CPi, vl",160,216,248,48243,2492.0,CPi,,8,,0.0,0.0,531.0,12939801.0,39973.0,24368.74011299435,75.27871939736346
2479,"Caudoputamen- intermediate, ventrolateral, intermedial ventral","CPi, vl, imv",160,216,248,48244,2501.0,"CPi, vl",,9,88.0,1841635.0,5942.0,88.0,1841635.0,5942.0,20927.670454545456,67.52272727272727
2482,"Caudoputamen- intermediate, ventrolateral, ventral","CPi, vl, v",160,216,248,48245,2501.0,"CPi, vl",,9,261.0,6482573.0,20526.0,261.0,6482573.0,20526.0,24837.444444444445,78.64367816091954
2481,"Caudoputamen- intermediate, ventrolateral, ventral tip","CPi, vl, vt",160,216,248,48246,2501.0,"CPi, vl",,9,101.0,2597103.0,7573.0,101.0,2597103.0,7573.0,25713.89108910891,74.98019801980197
2370,"Caudoputamen- intermediate, ventrolateral, central ventrolateral","CPi, vl, cvl",160,216,248,48247,2501.0,"CPi, vl",,9,81.0,2018490.0,5932.0,81.0,2018490.0,5932.0,24919.62962962963,73.23456790123457
2496,Caudoputamen- caudal,CPc,160,216,248,48250,672.0,CP,,7,,0.0,0.0,3278.0,59193475.0,219092.0,18057.802013422817,66.83709579011592
2493,"Caudoputamen- caudal, dorsal","CPc, d",160,216,248,48251,2496.0,CPc,,8,,0.0,0.0,1296.0,24559216.0,88764.0,18950.012345679013,68.49074074074075
2484,"Caudoputamen- caudal, dorsal, dorsomedial","CPc, d, dm",160,216,248,48252,2493.0,"CPc, d",,9,496.0,9616457.0,33821.0,496.0,9616457.0,33821.0,19388.01814516129,68.1875
2485,"Caudoputamen- caudal, dorsal, dorsolateral","CPc, d, dl",160,216,248,48253,2493.0,"CPc, d",,9,268.0,5758659.0,21070.0,268.0,5758659.0,21070.0,21487.533582089553,78.61940298507463
2486,"Caudoputamen- caudal, dorsal, ventromedial","CPc, d, vm",160,216,248,48254,2493.0,"CPc, d",,9,211.0,2629562.0,10766.0,211.0,2629562.0,10766.0,12462.379146919431,51.023696682464454
2494,"Caudoputamen- caudal, intermediate","CPc, i",160,216,248,48255,2496.0,CPc,,8,,0.0,0.0,1523.0,25276315.0,96970.0,16596.3985554826,63.67038739330269
2487,"Caudoputamen- caudal, intermediate, dorsal","CPc, i, d",160,216,248,48256,2494.0,"CPc, i",,9,358.0,5795663.0,23829.0,358.0,5795663.0,23829.0,16189.00279329609,66.56145251396649
2489,"Caudoputamen- caudal, intermediate, ventromedial","CPc, i, vm",160,216,248,48257,2494.0,"CPc, i",,9,126.0,2755310.0,8715.0,126.0,2755310.0,8715.0,21867.539682539682,69.16666666666667
2488,"Caudoputamen- caudal, intermediate, ventrolateral","CPc, i, vl",160,216,248,48258,2494.0,"CPc, i",,9,343.0,5092645.0,20758.0,343.0,5092645.0,20758.0,14847.361516034985,60.518950437317784
2490,"Caudoputamen- caudal, ventral","CPc, v",160,216,248,48259,2496.0,CPc,,8,459.0,9357944.0,33358.0,459.0,9357944.0,33358.0,20387.677559912852,72.67538126361656
2495,Caudoputamen- caudal extreme,CPce,160,216,248,48260,672.0,CP,,7,1134.0,20238538.0,75979.0,1134.0,20238538.0,75979.0,17847.035273368605,67.00088183421516
2001,Lateral stripe of the striatum ,LSS,160,216,248,48296,672.0,CP,,7,15.0,148997.0,688.0,15.0,148997.0,688.0,9933.133333333333,45.86666666666667
2050,Amygdalostriatal transition area,ASt ,160,216,248,48297,672.0,CP,,7,524.0,10030663.0,36276.0,524.0,10030663.0,36276.0,19142.486641221374,69.22900763358778
493,Striatum ventral region,STRv,160,232,232,48300,477.0,STR,,5,,0.0,0.0,8387.0,165960356.0,563070.0,19787.80922856802,67.13604387742936
56,Accumbens nucleus,Acb,160,232,224,48400,493.0,STRv,,6,,0.0,0.0,3900.0,67750627.0,239603.0,17371.95564102564,61.43666666666667
2074,"Accumbens nucleus, core region",AcbC,160,232,224,48410,56.0,Acb,,7,1747.0,28657962.0,103909.0,1747.0,28657962.0,103909.0,16404.099599313107,59.47853463079565
2006,"Accumbens nucleus, shell region",AcbSh,160,232,224,48420,56.0,Acb,,7,1945.0,34067755.0,120017.0,1945.0,34067755.0,120017.0,17515.55526992288,61.70539845758355
2007,"Lateral accumbens, shell region",LAcbSh,160,232,224,48430,56.0,Acb,,7,208.0,5024910.0,15677.0,208.0,5024910.0,15677.0,24158.221153846152,75.3701923076923
998,Interstitial nucleus of the posterior limb of the anterior commissure,IPAC,160,228,224,48500,493.0,STRv,,6,,0.0,0.0,260.0,5877337.0,18962.0,22605.14230769231,72.93076923076923
2012,"Interstitial nucleus of the posterior limb of the anterior commissure, medial part",IPACM,160,228,224,48510,998.0,IPAC,,7,79.0,1578940.0,5095.0,79.0,1578940.0,5095.0,19986.58227848101,64.49367088607595
2372,"Interstitial nucleus of the posterior limb of the anterior commissure, lateral part",IPACL,160,228,224,48520,998.0,IPAC,,7,158.0,3689799.0,12311.0,158.0,3689799.0,12311.0,23353.1582278481,77.91772151898734
754,Olfactory tubercle,Tu,160,224,224,48600,493.0,STRv,,6,,0.0,0.0,4148.0,90537164.0,298465.0,21826.702989392477,71.9539537126326
481,Island of Calleja,ICj,160,224,224,48700,754.0,Tu,,7,15.0,597023.0,1572.0,15.0,597023.0,1572.0,39801.53333333333,104.8
489,"Island of Calleja, major island",ICjM,160,224,224,48800,754.0,Tu,,7,15.0,208436.0,810.0,15.0,208436.0,810.0,13895.733333333334,54.0
458,Olfactory tubercle 1 ,Tu1,160,224,224,49000,754.0,Tu,,7,1682.0,37520976.0,122746.0,1682.0,37520976.0,122746.0,22307.35790725327,72.97621878715815
465,Olfactory tubercle 2,Tu2,160,224,224,49100,754.0,Tu,,7,763.0,17865798.0,57702.0,763.0,17865798.0,57702.0,23415.200524246397,75.62516382699869
473,Olfactory tubercle 3,Tu3,160,224,224,49200,754.0,Tu,,7,1000.0,20540266.0,69580.0,1000.0,20540266.0,69580.0,20540.266,69.58
2018,Navicular nucleus of the basal forebrain,Nv,160,224,224,49210,754.0,Tu,,7,89.0,2463050.0,6250.0,89.0,2463050.0,6250.0,27674.719101123595,70.2247191011236
275,Lateral septal complex,LSX,160,239,232,49300,477.0,STR,,5,,0.0,0.0,1147.0,22778742.0,75459.0,19859.40889276373,65.78814298169137
242,Lateral septal nucleus,LS,153,239,232,49400,275.0,LSX,,6,,0.0,0.0,806.0,15930682.0,52869.0,19765.114143920597,65.59429280397022
250,"Lateral septal nucleus, dorsal part",LSD,153,237,232,49500,242.0,LS,,7,73.0,1366353.0,4933.0,73.0,1366353.0,4933.0,18717.164383561645,67.57534246575342
258,"Lateral septal nucleus, intermediate part",LSI,153,237,233,49600,242.0,LS,,7,413.0,7854385.0,25881.0,413.0,7854385.0,25881.0,19017.881355932204,62.66585956416465
266,"Lateral septal nucleus, ventral part",LSV,153,237,234,49700,242.0,LS,,7,311.0,6548549.0,21363.0,311.0,6548549.0,21363.0,21056.42765273312,68.69131832797427
2008,Zona limitans,ZL,153,237,234,49710,242.0,LS,,7,9.0,161395.0,692.0,9.0,161395.0,692.0,17932.777777777777,76.88888888888889
310,Septofimbrial nucleus,SFi ,147,239,232,49800,275.0,LSX,,6,31.0,632530.0,2366.0,31.0,632530.0,2366.0,20404.1935483871,76.3225806451613
333,Septohippocampal nucleus,SHi ,139,239,232,49900,275.0,LSX,,6,30.0,472945.0,1636.0,30.0,472945.0,1636.0,15764.833333333334,54.53333333333333
2009,Septohypothalamic nucleus,SHy ,139,239,232,49910,275.0,LSX,,6,280.0,5742585.0,18588.0,280.0,5742585.0,18588.0,20509.23214285714,66.38571428571429
278,Striatum-like amygdalar nuclei,sAMY,160,208,232,50000,477.0,STR,,5,,0.0,0.0,4752.0,106659294.0,339614.0,22445.137626262625,71.4675925925926
23,Anterior amygdaloid area,AA,186,208,248,50100,278.0,sAMY,,6,1135.0,21792151.0,74948.0,1135.0,21792151.0,74948.0,19200.13303964758,66.03348017621146
292,Bed nucleus of the accessory olfactory tract,BAOT,160,208,232,50200,278.0,sAMY,,6,45.0,711767.0,2875.0,45.0,711767.0,2875.0,15817.044444444444,63.888888888888886
536,Central amygdalar nucleus,Ce,171,208,248,50300,278.0,sAMY,,6,,0.0,0.0,1107.0,27467962.0,83493.0,24812.973803071363,75.42276422764228
544,"Central amygdaloid nucleus, capsular part",CeC,171,209,248,50400,536.0,Ce,,7,193.0,3919647.0,13541.0,193.0,3919647.0,13541.0,20309.051813471502,70.16062176165804
551,"Central amygdaloid nucleus, lateral part",CeL,171,209,249,50500,536.0,Ce,,7,558.0,14365817.0,41593.0,558.0,14365817.0,41593.0,25745.1917562724,74.5394265232975
559,"Central amygdaloid nucleus, medial part",CeM,171,209,250,50600,536.0,Ce,,7,356.0,9182498.0,28359.0,356.0,9182498.0,28359.0,25793.53370786517,79.66011235955057
1105,Intercalated nuclei of the amygdala,I,184,208,248,50700,278.0,sAMY,,6,,0.0,0.0,140.0,3139694.0,9913.0,22426.385714285716,70.80714285714286
2375,"Intercalated amygdalar nucleus, main part",IM,184,208,248,50710,1105.0,I,,7,41.0,837459.0,2748.0,41.0,837459.0,2748.0,20425.829268292684,67.02439024390245
403,Medial amygdaloid nucleus,Me,176,208,248,50800,278.0,sAMY,,6,,0.0,0.0,2325.0,53547720.0,168385.0,23031.27741935484,72.4236559139785
411,"Medial amygdaloid nucleus, anterodorsal part",MeAD,176,209,248,50900,403.0,Me,,7,501.0,12002591.0,37638.0,501.0,12002591.0,37638.0,23957.26746506986,75.12574850299401
418,"Medial amygdaloid nucleus, anterventral part",MeAV,176,208,249,51000,403.0,Me,,7,250.0,5656450.0,18887.0,250.0,5656450.0,18887.0,22625.8,75.548
426,"Medial amygdaloid nucleus, posterodorsal part",MePD,176,208,250,51100,403.0,Me,,7,670.0,15637408.0,47397.0,670.0,15637408.0,47397.0,23339.414925373134,70.74179104477612
435,"Medial amygdaloid nucleus, posteroventral part",MePV ,176,208,251,51500,403.0,Me,,7,904.0,20251271.0,64463.0,904.0,20251271.0,64463.0,22401.848451327434,71.30862831858407
803,Pallidum,PAL,160,200,176,51600,623.0,CNU,,4,,0.0,0.0,4940.0,101520438.0,335821.0,20550.695951417005,67.97995951417003
1022,Globus pallidus,GP,160,216,177,51800,803.0,PAL,,5,406.0,8015369.0,27479.0,406.0,8015369.0,27479.0,19742.288177339902,67.68226600985221
1031,Entopeduncular nucleus,EP,160,216,178,51900,803.0,PAL,,5,32.0,683608.0,2113.0,32.0,683608.0,2113.0,21362.75,66.03125
835,Ventral pallidum,VeP,160,208,176,52000,803.0,PAL,,5,,0.0,0.0,795.0,17053670.0,54028.0,21451.1572327044,67.95974842767295
342,Substantia innominata,SI,152,208,176,52100,803.0,PAL,,5,,0.0,0.0,979.0,21612810.0,69732.0,22076.41470888662,71.22778345250255
2371,"Substantia innominata, basal part",SIB,152,208,176,52110,342.0,SI,,6,145.0,3391403.0,10879.0,145.0,3391403.0,10879.0,23388.986206896552,75.02758620689656
2027,Extension of the amygdala,EA,152,208,176,52120,342.0,SI,,6,814.0,17608183.0,57133.0,814.0,17608183.0,57133.0,21631.674447174446,70.18796068796068
2013,Cell bridges of the ventral striatum,CB,160,228,224,52130,342.0,SI,,6,20.0,613224.0,1720.0,20.0,613224.0,1720.0,30661.2,86.0
298,Magnocellular nucleus,MCPO,162,208,176,52200,835.0,VeP,,6,,0.0,0.0,0.0,0.0,0.0,,
2028,Basal nucleus (Meynert),B,162,208,176,52210,835.0,VeP,,6,13.0,145542.0,573.0,13.0,145542.0,573.0,11195.538461538461,44.07692307692308
826,"Pallidum, medial region",PALm,160,224,176,52300,803.0,PAL,,5,,0.0,0.0,917.0,20015584.0,64921.0,21827.2453653217,70.79716466739367
904,Medial septal complex,MSC,160,224,176,52400,826.0,PALm,,6,,0.0,0.0,885.0,19429773.0,62698.0,21954.545762711863,70.845197740113
564,Medial septal nucleus,MS,118,224,176,52500,904.0,MSC,,7,,0.0,0.0,19.0,284518.0,1042.0,14974.631578947368,54.8421052631579
2005,Lambdoid septal zone,Ld,118,224,176,52510,564.0,MS,,8,3.0,24105.0,84.0,3.0,24105.0,84.0,8035.0,28.0
2280,Diagonal band nucleus,NDB,138,224,176,52600,904.0,MSC,,7,,0.0,0.0,866.0,19145255.0,61656.0,22107.684757505773,71.19630484988453
596,Nucleus of the vertical limb of the diagonal band,VDB,138,224,176,52610,2280.0,NDB,,8,35.0,1907343.0,3967.0,35.0,1907343.0,3967.0,54495.514285714286,113.34285714285714
2293,Lateral nucleus of the diagnoal band,LDB,138,224,176,52620,2280.0,NDB,,8,196.0,3773691.0,12951.0,196.0,3773691.0,12951.0,19253.525510204083,66.0765306122449
2004,Nucleus of the horizontal limb of the diagonal band,HDB,138,224,176,52630,2280.0,NDB,,8,635.0,13464221.0,44738.0,635.0,13464221.0,44738.0,21203.497637795277,70.45354330708662
581,Triangular septal nucleus,TS,128,224,176,52700,826.0,PALm,,6,32.0,585811.0,2223.0,32.0,585811.0,2223.0,18306.59375,69.46875
809,"Pallidum, caudal region",PALc,160,190,176,52800,803.0,PAL,,5,,0.0,0.0,1811.0,34139397.0,117548.0,18851.130314743237,64.90778575372723
2308,Nucleus of stria medullaris,SM,160,190,176,52810,809.0,PALc,,6,42.0,909107.0,3094.0,42.0,909107.0,3094.0,21645.404761904763,73.66666666666667
351,Bed nuclei of the stria terminalis,ST,160,190,160,52900,809.0,PALc,,6,,0.0,0.0,1767.0,33215418.0,114386.0,18797.63327674024,64.73457838143746
359,"Bed nuclei of the stria terminalis, anterior division",STa,160,190,161,53000,351.0,ST,,7,,0.0,0.0,461.0,7849172.0,27985.0,17026.403470715835,60.70498915401301
537,"Bed nucleus of the stria terminalis, medial division, anterolateral part",STMAL,160,190,161,53100,359.0,STa,,8,22.0,409741.0,1632.0,22.0,409741.0,1632.0,18624.590909090908,74.18181818181819
498,"Bed nucleus of the stria terminalis, medial division, anterior part",STMA,160,190,161,53200,359.0,STa,,8,52.0,636923.0,2743.0,52.0,636923.0,2743.0,12248.51923076923,52.75
513,"Bed nuclei of the stria terminalis, fusiform nucleus",Fu,160,190,161,53400,359.0,STa,,8,23.0,696474.0,1737.0,23.0,696474.0,1737.0,30281.478260869564,75.52173913043478
546,"Bed nucleus of the stria terminalis, lateral division, juxtacapsular part",STLJ,160,190,161,53500,359.0,STa,,8,40.0,459429.0,2022.0,40.0,459429.0,2022.0,11485.725,50.55
554,"Bed nucleus of the stria terminalis, lateral division, dorsal part",STLD,160,190,161,53700,359.0,STa,,8,156.0,2690557.0,9366.0,156.0,2690557.0,9366.0,17247.160256410258,60.03846153846154
529,"Bed nucleus of the stria terminalis, medial division, posterolateral part",STMPL,160,190,161,53900,359.0,STa,,8,168.0,2956048.0,10485.0,168.0,2956048.0,10485.0,17595.52380952381,62.410714285714285
2359,"Bed nuclei of the stria terminalis, medial division",STm,160,190,161,53910,351.0,ST,,7,,0.0,0.0,304.0,5920576.0,20396.0,19475.57894736842,67.09210526315789
2010,"Bed nucleus of the stria terminalis, medial division, ventral part",STMV,160,190,161,53920,2359.0,STm,,8,125.0,2630208.0,8825.0,125.0,2630208.0,8825.0,21041.664,70.6
2025,"Bed nucleus of the stria terminalis, medial division, posteromedial part",STMPM,160,190,168,53930,2359.0,STm,,8,179.0,3290368.0,11571.0,179.0,3290368.0,11571.0,18381.94413407821,64.64245810055866
367,"Bed nuclei of the stria terminalis, posterior division",STp,160,190,168,54000,351.0,ST,,7,,0.0,0.0,201.0,3087130.0,11392.0,15358.855721393034,56.67661691542288
578,"Bed nucleus of the stria terminalis, medial division, anteromedial part",STMAM,160,190,168,54200,367.0,STp,,8,2.0,16101.0,84.0,2.0,16101.0,84.0,8050.5,42.0
585,"Bed nucleus of the stria terminalis, medial division, posterointermediate part",STMPI,160,190,168,54300,367.0,STp,,8,199.0,3071029.0,11308.0,199.0,3071029.0,11308.0,15432.306532663317,56.824120603015075
2360,"Bed nuclei of the stria terminialis, lateral division",STl,160,190,168,54510,351.0,ST,,7,,0.0,0.0,322.0,6034742.0,21063.0,18741.434782608696,65.41304347826087
2015,"Bed nuclus of the stria terminalis, lateral division, posterior part",STLP,160,190,168,54520,2360.0,STl,,8,108.0,2313742.0,7744.0,108.0,2313742.0,7744.0,21423.537037037036,71.70370370370371
2014,"Bed nucleus of the stria terminalis, lateral division, ventral part ",STLV,160,190,168,54530,2360.0,STl,,8,199.0,3389788.0,12150.0,199.0,3389788.0,12150.0,17034.110552763817,61.05527638190955
2022,"Bed nucleus of the stria terminalis, lateral division, intermediate part",STLI,160,190,168,54540,2360.0,STl,,8,15.0,331212.0,1169.0,15.0,331212.0,1169.0,22080.8,77.93333333333334
2049,"Bed nucleus of the stria terminalis, intraamygdaloid",STIA,160,190,168,54550,351.0,ST,,7,479.0,10323798.0,33550.0,479.0,10323798.0,33550.0,21552.814196242172,70.04175365344467
287,Bed nucleus of the anterior commissure,BAC,160,190,152,54600,809.0,PALc,,6,2.0,14872.0,68.0,2.0,14872.0,68.0,7436.0,34.0
512,Cerebellum,CBL,240,255,160,54700,8.0,grey,,2,,0.0,0.0,14146.0,282748754.0,969267.0,19987.894387105895,68.51880390216316
528,Cerebellar cortex,CBX,240,240,128,54800,512.0,CBL,,3,,0.0,0.0,13893.0,277010189.0,951070.0,19938.831713812713,68.45677679406896
645,Vermal regions,VERM,240,242,128,54900,528.0,CBX,,4,,0.0,0.0,3612.0,68315445.0,241014.0,18913.467607973424,66.72591362126246
912,Lobule 1 of the cerebellar vermis,1Cb,240,242,128,55000,645.0,VERM,,5,,0.0,0.0,79.0,2342031.0,6718.0,29645.962025316454,85.0379746835443
10707,"Lobule 1 of the cerebellar vermis, molecular layer",1Cb-mo,240,242,128,55100,912.0,1Cb,,6,75.0,2296784.0,6516.0,75.0,2296784.0,6516.0,30623.786666666667,86.88
10705,"Lobule 1 of the cerebellar vermis, granular layer",1Cb-gr,227,219,97,55300,912.0,1Cb,,6,4.0,45247.0,202.0,4.0,45247.0,202.0,11311.75,50.5
976,Lobule 2 of the cerebellar vermis,2Cb,240,242,128,55500,645.0,VERM,,5,,0.0,0.0,361.0,9596936.0,30244.0,26584.31024930748,83.77839335180056
10710,"Lobule 2 of the cerebellar vermis, molecular layer",2Cb-mo,240,242,128,55600,976.0,2Cb,,6,339.0,9315416.0,28914.0,339.0,9315416.0,28914.0,27479.10324483776,85.29203539823008
10708,"Lobule 2 of the cerebellar vermis, granular layer",2Cb-gr,227,219,97,55800,976.0,2Cb,,6,22.0,281520.0,1330.0,22.0,281520.0,1330.0,12796.363636363636,60.45454545454545
984,Lobule 3 of the cerebellar vermis,3Cb,240,242,128,55900,645.0,VERM,,5,,0.0,0.0,53.0,1106146.0,3895.0,20870.67924528302,73.49056603773585
10713,"Lobule 3 of the cerebellar vermis, molecular layer",3Cb-mo,240,242,128,56000,984.0,3Cb,,6,44.0,1038576.0,3530.0,44.0,1038576.0,3530.0,23604.0,80.22727272727273
10711,"Lobule 3 of the cerebellar vermis, granular layer",3Cb-gr,227,219,97,56200,984.0,3Cb,,6,9.0,67570.0,365.0,9.0,67570.0,365.0,7507.777777777777,40.55555555555556
928,Culmen,CUL,240,242,128,56300,645.0,VERM,,5,,0.0,0.0,846.0,14609322.0,54836.0,17268.702127659573,64.81796690307328
992,Lobule 4 of the cerebellar vermis,4Cb,240,242,128,56400,928.0,CUL,,6,2.0,16910.0,95.0,2.0,16910.0,95.0,8455.0,47.5
1001,Lobule 5 of the cerebellar vermis,5Cb,240,242,128,56800,928.0,CUL,,6,,0.0,0.0,0.0,0.0,0.0,,
1091,Lobules 4 and 5 of the cerebellar vermis,4/5Cb,240,242,128,57200,928.0,CUL,,6,,0.0,0.0,844.0,14592412.0,54741.0,17289.587677725118,64.8590047393365
10722,"Lobules 4 and 5 of the cerebellar vermis, molecular layer",4/5Cb-mo,240,242,128,57300,1091.0,4/5Cb,,7,744.0,12978070.0,48662.0,744.0,12978070.0,48662.0,17443.642473118278,65.40591397849462
10720,"Lobules 4 and 5 of the cerebellar vermis, granular layer",4/5Cb-gr,227,219,97,57500,1091.0,4/5Cb,,7,100.0,1614342.0,6079.0,100.0,1614342.0,6079.0,16143.42,60.79
936,Lobule 6 of the cerebellar vermis,6Cb,240,242,128,57600,645.0,VERM,,5,,0.0,0.0,884.0,15599960.0,57879.0,17647.013574660632,65.47398190045249
10725,"Lobule 6 of the cerebellar vermis, molecular layer",6Cb-mo,240,242,128,57700,936.0,6Cb,,6,852.0,15207582.0,56063.0,852.0,15207582.0,56063.0,17849.274647887323,65.80164319248826
10723,"Lobule 6 of the cerebellar vermis, granular layer",6Cb-gr,227,219,97,57900,936.0,6Cb,,6,32.0,392378.0,1816.0,32.0,392378.0,1816.0,12261.8125,56.75
944,Lobule 7 of the cerebellar vermis,7Cb,240,242,128,58000,645.0,VERM,,5,,0.0,0.0,254.0,5365475.0,18721.0,21123.917322834644,73.70472440944881
10728,"Lobule 7 of the cerebellar vermis, molecular layer",7Cb-mo,240,242,128,58100,944.0,7Cb,,6,136.0,2809622.0,9751.0,136.0,2809622.0,9751.0,20658.985294117647,71.69852941176471
10726,"Lobule 7 of the cerebellar vermis, granular layer",7Cb-gr,227,219,97,58300,944.0,7Cb,,6,118.0,2555853.0,8970.0,118.0,2555853.0,8970.0,21659.771186440677,76.01694915254237
951,Lobule 8 of the cerebellar vermis,8Cb,240,242,128,58400,645.0,VERM,,5,,0.0,0.0,248.0,3458802.0,13389.0,13946.782258064517,53.98790322580645
10731,"Lobule 8 of the cerebellar vermis, molecular layer",8Cb-mo,240,242,128,58500,951.0,8Cb,,6,178.0,2570416.0,10155.0,178.0,2570416.0,10155.0,14440.539325842698,57.050561797752806
10729,"Lobule 8 of the cerebellar vermis, granular layer",8Cb-gr,227,219,97,58700,951.0,8Cb,,6,70.0,888386.0,3234.0,70.0,888386.0,3234.0,12691.228571428572,46.2
957,Lobule 9 of the cerebellar vermis,9Cb,240,242,128,58800,645.0,VERM,,5,,0.0,0.0,447.0,6578824.0,24563.0,14717.727069351231,54.950782997762865
10734,"Lobule 9 of the cerebellar vermis, molecular layer",9Cb-mo,240,242,128,58900,957.0,9Cb,,6,362.0,5629603.0,20649.0,362.0,5629603.0,20649.0,15551.389502762431,57.0414364640884
10732,"Lobule 9 of the cerebellar vermis, granular layer",9Cb-gr,227,219,97,59100,957.0,9Cb,,6,85.0,949221.0,3914.0,85.0,949221.0,3914.0,11167.30588235294,46.04705882352941
968,Lobule 10 of the cerebellar vermis,10Cb,240,242,128,59200,645.0,VERM,,5,,0.0,0.0,440.0,9657949.0,30769.0,21949.88409090909,69.92954545454545
10737,"Lobule 10 of the cerebellar vermis, molecular layer",10Cb-mo,240,242,128,59300,968.0,10Cb,,6,182.0,3706224.0,12215.0,182.0,3706224.0,12215.0,20363.86813186813,67.11538461538461
10735,"Lobule 10 of the cerebellar vermis, granular layer",10Cb-gr,227,219,97,59500,968.0,10Cb,,6,258.0,5951725.0,18554.0,258.0,5951725.0,18554.0,23068.701550387595,71.91472868217055
1073,Hemispheric regions,HEM,240,241,128,59600,528.0,CBX,,4,,0.0,0.0,10281.0,208694744.0,710056.0,20299.070518432058,69.0648769574944
1007,Simple lobule,Sim,240,241,128,59700,1073.0,HEM,,5,,0.0,0.0,683.0,12702903.0,45045.0,18598.686676427526,65.95168374816984
10674,"Simple lobule, molecular layer",Sim-mo,240,241,128,59800,1007.0,Sim,,6,631.0,11928635.0,42114.0,631.0,11928635.0,42114.0,18904.33438985737,66.74167987321711
10672,"Simple lobule, granular layer",Sim-gr,227,219,97,60000,1007.0,Sim,,6,52.0,774268.0,2931.0,52.0,774268.0,2931.0,14889.76923076923,56.36538461538461
1056,Crus 1 of the ansiform lobule,Crus1,240,241,128,60200,1073.0,HEM,,5,,0.0,0.0,1471.0,22938894.0,89917.0,15594.081577158395,61.126444595513256
10677,"Crus 1 of the ansiform lobule, molecular layer",Crus1-mo,240,241,128,60300,1056.0,Crus1,,6,1408.0,21947238.0,85939.0,1408.0,21947238.0,85939.0,15587.526988636364,61.03622159090909
10675,"Crus 1 of the ansiform lobule, granular layer",Crus1-gr,227,219,97,60500,1056.0,Crus1,,6,63.0,991656.0,3978.0,63.0,991656.0,3978.0,15740.57142857143,63.142857142857146
1064,Crus 2 of the ansiform lobule,Crus2,240,241,128,60600,1073.0,HEM,,5,,0.0,0.0,1990.0,34720129.0,128218.0,17447.301005025125,64.43115577889448
10680,"Crus 2 of the ansiform lobule, molecular layer",Crus2-mo,240,241,128,60700,1064.0,Crus2,,6,1792.0,31455436.0,115584.0,1792.0,31455436.0,115584.0,17553.256696428572,64.5
10678,"Crus 2 of the ansiform lobule, granular layer",Crus2-gr,227,219,97,60900,1064.0,Crus2,,6,198.0,3264693.0,12634.0,198.0,3264693.0,12634.0,16488.348484848484,63.80808080808081
1025,Paramedian lobule,PM,240,241,128,61000,1073.0,HEM,,5,,0.0,0.0,1992.0,41826713.0,144101.0,20997.345883534137,72.339859437751
10683,"Paramedian lobule, molecular layer",PM-mo,240,241,128,61100,1025.0,PM,,6,1836.0,37824958.0,132045.0,1836.0,37824958.0,132045.0,20601.82897603486,71.91993464052288
10681,"Paramedian lobule, granular layer",PM-gr,227,219,97,61300,1025.0,PM,,6,156.0,4001755.0,12056.0,156.0,4001755.0,12056.0,25652.27564102564,77.28205128205128
1033,Copula of the pyramis,Cop,240,241,128,61400,1073.0,HEM,,5,,0.0,0.0,1033.0,23490530.0,72846.0,22740.106485963213,70.5188770571152
10686,"Copula of the pyramis, molecular layer",Cop-mo,240,241,128,61500,1033.0,Cop,,6,767.0,18259095.0,55411.0,767.0,18259095.0,55411.0,23805.860495436766,72.24380704041721
10684,"Copula of the pyramis, granular layer",Cop-gr,227,219,97,61700,1033.0,Cop,,6,266.0,5231435.0,17435.0,266.0,5231435.0,17435.0,19667.04887218045,65.54511278195488
1041,Paraflocculus,PFl,240,241,128,61800,1073.0,HEM,,5,,0.0,0.0,2461.0,58178292.0,184940.0,23640.10239739943,75.14831369362048
10689,"Paraflocculus, molecular layer",PFl-mo,240,241,128,61900,1041.0,PFl,,6,1437.0,33697691.0,107607.0,1437.0,33697691.0,107607.0,23450.02853166319,74.8830897703549
10687,"Paraflocculus, granular layer",PFl-gr,227,219,97,62100,1041.0,PFl,,6,1024.0,24480601.0,77333.0,1024.0,24480601.0,77333.0,23906.8369140625,75.5205078125
1049,Flocculus,Fl,240,241,128,62200,1073.0,HEM,,5,,0.0,0.0,651.0,14837283.0,44989.0,22791.525345622118,69.10752688172043
10692,"Flocculus, molecular layer",Fl-mo,240,241,128,62300,1049.0,Fl,,6,376.0,9463899.0,26536.0,376.0,9463899.0,26536.0,25169.94414893617,70.57446808510639
10690,"Flocculus, granular layer",Fl-gr,227,219,97,62500,1049.0,Fl,,6,275.0,5373384.0,18453.0,275.0,5373384.0,18453.0,19539.578181818182,67.10181818181819
519,Cerebellar nuclei,CBN,240,240,144,62900,512.0,CBL,,3,,0.0,0.0,253.0,5738565.0,18197.0,22682.075098814228,71.92490118577075
989,Medial cerebellar nucleus,Med,240,240,82,63000,519.0,CBN,,4,,0.0,0.0,25.0,370972.0,1477.0,14838.88,59.08
2244,"Medial cerebellar nucleus, dorsolateral protuberance",MedDL,240,240,82,63010,989.0,Med,,5,3.0,34512.0,166.0,3.0,34512.0,166.0,11504.0,55.333333333333336
2245,"Medial cerebellar nucleus, lateral part",MedL,240,240,82,63020,989.0,Med,,5,,0.0,0.0,0.0,0.0,0.0,,
91,Interposed cerebellar nucleus,Int,240,240,82,63100,519.0,CBN,,4,,0.0,0.0,164.0,4327215.0,12970.0,26385.45731707317,79.08536585365853
2239,"Interposed cerebellar nucleus, anterior part",IntA,240,240,82,63110,91.0,Int,,5,9.0,311918.0,1021.0,9.0,311918.0,1021.0,34657.555555555555,113.44444444444444
2240,"Interposed cerebellar nucleus, dorsolateral hump",IntDL,240,240,82,63120,91.0,Int,,5,1.0,61950.0,141.0,1.0,61950.0,141.0,61950.0,141.0
2241,"Interposed cerebellar nucleus, posterior part",IntP,240,240,82,63130,91.0,Int,,5,89.0,2731497.0,7747.0,89.0,2731497.0,7747.0,30690.977528089887,87.04494382022472
2242,"Interposed cerebellar nucleus, posterior parvicellular",IntPPC,240,240,82,63140,91.0,Int,,5,65.0,1221850.0,4061.0,65.0,1221850.0,4061.0,18797.69230769231,62.47692307692308
2281,Dentate nucleus ,DN,240,240,82,63200,519.0,CBN,,4,,0.0,0.0,64.0,1040378.0,3750.0,16255.90625,58.59375
846,Lateral (dentate) cerebellar nucleus,Lat,240,240,82,63210,2281.0,DN,,5,24.0,544733.0,1889.0,24.0,544733.0,1889.0,22697.208333333332,78.70833333333333
2247,"Lateral cerebellar nucleus, parvicellular part",LatPC,240,240,82,63220,2281.0,DN,,5,40.0,495645.0,1861.0,40.0,495645.0,1861.0,12391.125,46.525
343,Brain stem,BS,144,96,128,63300,8.0,grey,,2,,0.0,0.0,59402.0,1235805162.0,4035608.0,20804.10023231541,67.93724117033096
1129,Interbrain,IB,255,95,95,63400,343.0,BS,,3,,0.0,0.0,33979.0,707676070.0,2273905.0,20826.86571117455,66.92089231584214
549,Thalamus,TH,255,112,128,63500,1129.0,IB,,4,,0.0,0.0,11472.0,259971015.0,828353.0,22661.35067991632,72.20650278940028
2414,Periventricular gray ,PVG,255,112,128,63510,549.0,TH,,5,244.0,4749564.0,16738.0,244.0,4749564.0,16738.0,19465.426229508197,68.59836065573771
864,"Thalamus, sensory-motor cortex related",DORsm,255,128,176,63600,549.0,TH,,5,,0.0,0.0,2204.0,44908709.0,147636.0,20376.00226860254,66.98548094373865
2115,Ethmoid thalamic nucleus,Eth,255,131,130,63610,864.0,DORsm,,6,64.0,596932.0,2451.0,64.0,596932.0,2451.0,9327.0625,38.296875
2116,Retroethmoid nucleus,REth,255,131,130,63620,864.0,DORsm,,6,17.0,555531.0,1613.0,17.0,555531.0,1613.0,32678.29411764706,94.88235294117646
2117,Scaphoid thalamic nucleus,Sc,255,131,130,63630,864.0,DORsm,,6,2.0,9569.0,55.0,2.0,9569.0,55.0,4784.5,27.5
2120,Posterior intralaminar thalamic nucleus,PIL,255,108,144,63640,864.0,DORsm,,6,121.0,2075656.0,7396.0,121.0,2075656.0,7396.0,17154.18181818182,61.12396694214876
637,Ventral group thalamic nucleus,VENT,255,108,160,63700,864.0,DORsm,,6,,0.0,0.0,1026.0,19417242.0,64660.0,18925.187134502925,63.021442495126706
629,Ventrolateral thalamic nucleus,VL,255,108,161,63800,637.0,VENT,,7,274.0,5501602.0,18691.0,274.0,5501602.0,18691.0,20078.839416058396,68.21532846715328
2316,Ventral anterior thalamic nucleus,VA,255,108,161,63810,637.0,VENT,,7,86.0,1056618.0,4110.0,86.0,1056618.0,4110.0,12286.255813953489,47.7906976744186
685,Ventromedial thalamic nucleus,VM,255,108,162,63900,637.0,VENT,,7,374.0,7602852.0,23745.0,374.0,7602852.0,23745.0,20328.48128342246,63.48930481283423
709,Ventral posterior thalamic nucleus,VP,255,108,144,64000,637.0,VENT,,7,,0.0,0.0,292.0,5256170.0,18114.0,18000.58219178082,62.034246575342465
718,Ventral posterolateral thalamic nucleus,VPL,255,108,145,64100,709.0,VP,,8,36.0,429773.0,1848.0,36.0,429773.0,1848.0,11938.138888888889,51.333333333333336
733,Ventral posteromedial thalamic nucleus,VPM,255,108,147,64200,709.0,VP,,8,,0.0,0.0,204.0,3147362.0,11736.0,15428.245098039215,57.529411764705884
2362,"Ventral posteromedial nucleus of the thalamus, dorsal part",VPMd,255,108,147,64210,733.0,VPM,,9,61.0,1249165.0,3799.0,61.0,1249165.0,3799.0,20478.114754098362,62.278688524590166
2363,"Ventral posteromedial nucleus of the thalamus, ventral part",VPMv,255,108,147,64220,733.0,VPM,,9,32.0,554910.0,2037.0,32.0,554910.0,2037.0,17340.9375,63.65625
2361,"Ventral posterior nucleus of the thalamus, parvicellular",VPPC,255,108,147,64230,709.0,VP,,8,52.0,1679035.0,4530.0,52.0,1679035.0,4530.0,32289.134615384617,87.11538461538461
406,Subparafascicular thalamic nucleus,SPF,255,112,165,64500,864.0,DORsm,,6,,0.0,0.0,76.0,1616179.0,5135.0,21265.513157894737,67.5657894736842
422,"Subparafascicular thalamic nucleus, parvicellular part",SPFPC,255,110,165,64700,406.0,SPF,,7,17.0,187549.0,786.0,17.0,187549.0,786.0,11032.29411764706,46.23529411764706
1044,Peripeduncular nucleus,PP,255,112,163,64900,864.0,DORsm,,6,83.0,2024039.0,6594.0,83.0,2024039.0,6594.0,24386.01204819277,79.44578313253012
2158,Subbrachial nucleus,SubB,255,112,160,64910,864.0,DORsm,,6,231.0,4168226.0,14726.0,231.0,4168226.0,14726.0,18044.2683982684,63.74891774891775
1008,Geniculate group of the thalamus,GENd,255,112,160,65000,864.0,DORsm,,6,,0.0,0.0,584.0,14445335.0,45006.0,24735.162671232876,77.06506849315069
475,Medial geniculate nucleus,MG,255,112,162,65100,1008.0,GENd,,7,,0.0,0.0,315.0,8013709.0,23861.0,25440.34603174603,75.74920634920635
1072,"Medial geniculate nucleus, dorsal part",MGD,255,112,162,65200,475.0,MG,,8,12.0,156896.0,674.0,12.0,156896.0,674.0,13074.666666666666,56.166666666666664
1079,"Medial geniculate nucleus, ventral part",MGV,255,112,162,65300,475.0,MG,,8,85.0,1986155.0,6115.0,85.0,1986155.0,6115.0,23366.529411764706,71.94117647058823
1088,"Medial geniculate nucleus, medial part",MGM,255,112,162,65400,475.0,MG,,8,46.0,1408149.0,4459.0,46.0,1408149.0,4459.0,30611.934782608696,96.93478260869566
2126,Marginal zone of the medial geniculate,MZMG,255,112,162,65410,475.0,MG,,8,109.0,2494648.0,7731.0,109.0,2494648.0,7731.0,22886.67889908257,70.92660550458716
170,Dorsal lateral geniculate nucleus,DLG,255,112,161,65500,1008.0,GENd,,7,269.0,6431626.0,21145.0,269.0,6431626.0,21145.0,23909.39033457249,78.60594795539033
856,"Thalamus, polymodal association cortex related",DORpm,255,136,176,65600,549.0,TH,,5,,0.0,0.0,9018.0,210199074.0,663550.0,23308.83499667332,73.5806165446884
138,Lateral group of the dorsal thalamus,LAT,255,130,130,65700,856.0,DORpm,,6,,0.0,0.0,1300.0,19696346.0,75445.0,15151.035384615385,58.034615384615385
218,Lateral posterior thalamic nucleus,LP,255,135,130,65800,138.0,LAT,,7,,0.0,0.0,491.0,8464445.0,32096.0,17239.195519348268,65.36863543788188
2069,"Lateral posterior thalamic nucleus, mediorostral part",LPMR,255,135,130,65810,218.0,LP,,8,332.0,5113831.0,20120.0,332.0,5113831.0,20120.0,15403.105421686747,60.602409638554214
2070,"Lateral posterior thalamic nucleus, mediocaudal part",LPMC,255,135,130,65820,218.0,LP,,8,37.0,462872.0,2186.0,37.0,462872.0,2186.0,12510.054054054053,59.08108108108108
2071,"Lateral posterior thalamic nucleus, laterorostral part",LPLR,255,135,130,65830,218.0,LP,,8,116.0,2848479.0,9582.0,116.0,2848479.0,9582.0,24555.853448275862,82.60344827586206
2127,"Lateral posterior thalamic nucleus, laterocaudal part",LPLC,255,135,130,65840,218.0,LP,,8,6.0,39263.0,208.0,6.0,39263.0,208.0,6543.833333333333,34.666666666666664
2094,Intramedullary thalamic area,IMA,255,135,130,65850,138.0,LAT,,7,4.0,50598.0,209.0,4.0,50598.0,209.0,12649.5,52.25
1020,Posterior thalamic nuclear group,Po,255,134,130,65900,138.0,LAT,,7,,0.0,0.0,759.0,10784748.0,41276.0,14209.154150197628,54.382081686429515
2055,Angular thalamic nucleus,Ang,255,134,130,65910,1020.0,Po,,8,25.0,451745.0,1469.0,25.0,451745.0,1469.0,18069.8,58.76
2128,"Posterior thalamic nuclear group, triangular part",PoT,255,134,130,65920,1020.0,Po,,8,247.0,3135451.0,12232.0,247.0,3135451.0,12232.0,12694.133603238866,49.522267206477736
1029,Posterior limitans thalamic nucleus,PLi,255,133,130,66000,138.0,LAT,,7,34.0,296678.0,1360.0,34.0,296678.0,1360.0,8725.823529411764,40.0
325,Suprageniculate thalamic nucleus,SG,255,131,130,66100,138.0,LAT,,7,12.0,99877.0,504.0,12.0,99877.0,504.0,8323.083333333334,42.0
239,Anterior group of the dorsal thalamus,ATN,255,136,136,66200,856.0,DORpm,,6,,0.0,0.0,1219.0,23021521.0,78907.0,18885.579163248563,64.73092698933552
255,Anteroventral thalamic nucleus,AV,255,136,133,66300,239.0,ATN,,7,,0.0,0.0,217.0,2922277.0,11420.0,13466.714285714286,52.62672811059908
2035,"Anteroventral thalamic nucleus, ventrolateral part",AVVL,255,136,133,66310,255.0,AV,,8,74.0,1236446.0,4500.0,74.0,1236446.0,4500.0,16708.72972972973,60.810810810810814
2036,"Anterovent thalamic nucleus, dorsomedial part",AVDM,255,136,133,66320,255.0,AV,,8,64.0,632453.0,2721.0,64.0,632453.0,2721.0,9882.078125,42.515625
1096,Anteromedial thalamic nucleus,AM,255,136,134,66400,239.0,ATN,,7,,0.0,0.0,163.0,3190293.0,10870.0,19572.349693251534,66.68711656441718
1104,"Anteromedial thalamic nucleus, ventral part",AMV,255,136,134,66600,1096.0,AM,,8,6.0,84743.0,345.0,6.0,84743.0,345.0,14123.833333333334,57.5
64,Anterodorsal thalamic nucleus,AD,255,136,135,66700,239.0,ATN,,7,119.0,1621230.0,6122.0,119.0,1621230.0,6122.0,13623.781512605043,51.445378151260506
1120,Interanteromedial thalamic nucleus,IAM,255,136,129,66800,239.0,ATN,,7,116.0,3165490.0,8616.0,116.0,3165490.0,8616.0,27288.706896551725,74.27586206896552
1113,Interanterodorsal thalamic nucleus,IAD,255,144,159,66900,239.0,ATN,,7,193.0,4012297.0,13127.0,193.0,4012297.0,13127.0,20789.103626943004,68.01554404145078
2282,Lateral dorsal nucleus of thalamus,LD,255,136,128,67000,239.0,ATN,,7,,0.0,0.0,411.0,8109934.0,28752.0,19732.199513381995,69.95620437956204
155,"Laterodorsal thalamic nucleus, ventrolateral part",LDVL,255,136,128,67010,2282.0,LD,,8,188.0,3937891.0,13684.0,188.0,3937891.0,13684.0,20946.228723404256,72.7872340425532
2046,"Laterodorsal thalamic nucleus, dorsomedial part",LDDM,255,136,128,67020,2282.0,LD,,8,223.0,4172043.0,15068.0,223.0,4172043.0,15068.0,18708.713004484303,67.5695067264574
444,Medial group of the dorsal thalamus,MED,255,144,176,67100,856.0,DORpm,,6,,0.0,0.0,910.0,23969007.0,75971.0,26339.56813186813,83.48461538461538
59,Intermediodorsal thalamic nucleus,IMD,255,144,164,67200,444.0,MED,,7,66.0,1592029.0,4943.0,66.0,1592029.0,4943.0,24121.651515151516,74.89393939393939
2091,Posteromedian thalamic nucleus,PoMn,255,144,164,67210,444.0,MED,,7,31.0,1707886.0,4475.0,31.0,1707886.0,4475.0,55093.096774193546,144.3548387096774
362,Mediodorsal thalamic nucleus,MD,255,144,163,67300,444.0,MED,,7,,0.0,0.0,758.0,19265959.0,62436.0,25416.832453825857,82.36939313984169
617,"Mediodorsal thalamic nucleus, central part",MDC,255,144,163,67400,362.0,MD,,8,103.0,2178630.0,7307.0,103.0,2178630.0,7307.0,21151.747572815533,70.94174757281553
626,"Mediodorsal thalamic nucleus, lateral part ",MDL,255,144,163,67500,362.0,MD,,8,157.0,2712188.0,10568.0,157.0,2712188.0,10568.0,17275.08280254777,67.31210191082802
636,"Mediodorsal thalamic nucleus, medial part",MDM,255,144,163,67600,362.0,MD,,8,226.0,7247199.0,21527.0,226.0,7247199.0,21527.0,32067.25221238938,95.25221238938053
366,Submedius thalamic nucleus,Sub,255,144,161,67700,444.0,MED,,7,,0.0,0.0,55.0,1403133.0,4117.0,25511.50909090909,74.85454545454546
2377,"Submedius thalamic nucleus, dorsal part",SubD,255,144,161,67710,366.0,Sub,,8,3.0,40708.0,115.0,3.0,40708.0,115.0,13569.333333333334,38.333333333333336
2378,"Submedius thalamic nucleus, ventral part",SubV,255,144,161,67720,366.0,Sub,,8,11.0,587511.0,1517.0,11.0,587511.0,1517.0,53410.09090909091,137.9090909090909
571,Midline group of the dorsal thalamus,MTN,255,134,134,67900,856.0,DORpm,,6,,0.0,0.0,2606.0,78075422.0,223312.0,29959.870299309285,85.69148119723714
149,Paraventricular nucleus of the thalamus,PVT,255,133,133,68000,571.0,MTN,,7,,0.0,0.0,1523.0,45125875.0,133582.0,29629.596191726854,87.70978332239002
3001,"Paraventricular thalamic nucleus, anterior part",PVA,255,133,133,68010,149.0,PVT,,8,703.0,22075665.0,60424.0,703.0,22075665.0,60424.0,31402.083926031293,85.95163584637268
2089,"Paraventricular thalamic nucleus, intermediate part",PV,255,133,133,68020,149.0,PVT,,8,641.0,18852838.0,58518.0,641.0,18852838.0,58518.0,29411.603744149765,91.29173166926677
2090,"Paraventricular thalamic nucleus, posterior part",PVP,255,133,133,68030,149.0,PVT,,8,179.0,4197372.0,14640.0,179.0,4197372.0,14640.0,23449.00558659218,81.7877094972067
15,Parataenial thalamic nucleus,PT,255,133,134,68100,571.0,MTN,,7,332.0,11078112.0,29975.0,332.0,11078112.0,29975.0,33367.80722891566,90.28614457831326
2038,Xiphoid thalamic nucleus,Xi,255,133,134,68110,571.0,MTN,,7,,0.0,0.0,280.0,7686664.0,21458.0,27452.371428571427,76.63571428571429
2039,Paraxiphoid nucleus of thalamus,PaXi,255,133,134,68120,2038.0,Xi,,8,221.0,5899330.0,16982.0,221.0,5899330.0,16982.0,26693.800904977375,76.84162895927602
2032,Accessory neuosecretory nuclei,ANS,255,133,134,68130,571.0,MTN,,7,8.0,103881.0,471.0,8.0,103881.0,471.0,12985.125,58.875
181,Reuniens area,RE,255,133,132,68200,571.0,MTN,,7,,0.0,0.0,436.0,13457734.0,35854.0,30866.3623853211,82.23394495412845
2092,Reuniens thalamic nucleus,Re,255,133,132,68210,181.0,RE,,8,255.0,7516352.0,20330.0,255.0,7516352.0,20330.0,29475.89019607843,79.72549019607843
2093,Retrouniens area,RRe,255,133,132,68220,181.0,RE,,8,93.0,4418470.0,10017.0,93.0,4418470.0,10017.0,47510.43010752688,107.70967741935483
2037,Ventral reuniens thalamic nucleus,VRe ,255,133,132,68230,181.0,RE,,8,88.0,1522912.0,5507.0,88.0,1522912.0,5507.0,17305.81818181818,62.57954545454545
51,Intralaminar nuclei of the dorsal thalamus,ILM,255,136,132,68300,856.0,DORpm,,6,,0.0,0.0,1696.0,41269360.0,125706.0,24333.349056603773,74.11910377358491
189,Rhomboid thalamic nucleus,Rh,255,128,132,68400,51.0,ILM,,7,68.0,2753976.0,6797.0,68.0,2753976.0,6797.0,40499.64705882353,99.95588235294117
599,Central medial thalamic nucleus,CM,255,134,132,68500,51.0,ILM,,7,520.0,17466910.0,46078.0,520.0,17466910.0,46078.0,33590.21153846154,88.61153846153846
907,Paracentral thalamic nucleus,PC,255,132,132,68600,51.0,ILM,,7,,0.0,0.0,485.0,10552094.0,34917.0,21756.894845360825,71.9938144329897
2064,Oval paracentral thalamic nucleus,OPC,255,132,132,68610,907.0,PC,,8,12.0,165626.0,648.0,12.0,165626.0,648.0,13802.166666666666,54.0
575,Centrolateral thalamic nucleus,CL,255,135,132,68700,51.0,ILM,,7,357.0,4528273.0,18542.0,357.0,4528273.0,18542.0,12684.238095238095,51.938375350140056
930,Parafascicular thalamic nucleus,PaF,255,130,132,68800,51.0,ILM,,7,266.0,5968107.0,19372.0,266.0,5968107.0,19372.0,22436.492481203008,72.82706766917293
262,Reticular nucleus (prethalamus),Rt,255,128,128,68900,856.0,DORpm,,6,415.0,7150880.0,25526.0,415.0,7150880.0,25526.0,17231.036144578313,61.50843373493976
1014,"Geniculate group, ventral thalamus",GENv,255,135,133,69000,856.0,DORpm,,6,,0.0,0.0,466.0,7140020.0,26939.0,15321.931330472104,57.80901287553648
27,Intergeniculate childlet,IGL,255,135,134,69100,1014.0,GENv,,7,50.0,689423.0,2924.0,50.0,689423.0,2924.0,13788.46,58.48
178,Pregeniculate nucleus of the prethalamus,PrG,255,135,135,69200,1014.0,GENv,,7,,0.0,0.0,383.0,5783222.0,21773.0,15099.796344647519,56.84856396866841
2072,"Pregeniculate nucleus, magnocellular part",PrGMC,255,135,135,69210,178.0,PrG,,8,240.0,2938109.0,12552.0,240.0,2938109.0,12552.0,12242.120833333332,52.3
2073,"Pregeniculate nucleus, parvicellular part",PrGPC,255,135,135,69220,178.0,PrG,,8,124.0,2579532.0,8134.0,124.0,2579532.0,8134.0,20802.677419354837,65.59677419354838
321,Subgeniculate nucleus of the prethalamus,SubG,255,135,133,69500,1014.0,GENv,,7,33.0,667375.0,2242.0,33.0,667375.0,2242.0,20223.484848484848,67.93939393939394
958,Epithalamus,EPI,255,136,144,69600,856.0,DORpm,,6,,0.0,0.0,406.0,9876518.0,31744.0,24326.399014778326,78.1871921182266
483,Medial habenular nucleus,MHb,255,134,144,69700,958.0,EPI,,7,202.0,6916194.0,19732.0,202.0,6916194.0,19732.0,34238.58415841584,97.68316831683168
186,Lateral habenular nucleus,LHb,255,135,144,69800,958.0,EPI,,7,,0.0,0.0,204.0,2960324.0,12012.0,14511.392156862745,58.88235294117647
2058,"Lateral habenular nucleus, medial part",LHbM,255,135,144,69810,186.0,LHb,,8,31.0,487671.0,1894.0,31.0,487671.0,1894.0,15731.322580645161,61.096774193548384
2059,"Lateral habenular nucleus, lateral part",LHbL,255,135,144,69820,186.0,LHb,,8,70.0,1166198.0,4627.0,70.0,1166198.0,4627.0,16659.97142857143,66.1
953,Pineal gland,Pi,255,132,144,69900,958.0,EPI,,7,,0.0,0.0,0.0,0.0,0.0,,
1097,Hypothalamus,HY,255,105,110,70000,1129.0,IB,,4,,0.0,0.0,22507.0,447705055.0,1445552.0,19891.81388012618,64.22677389256675
157,Periventricular zone,PVZ,255,76,80,70100,1097.0,HY,,5,,0.0,0.0,865.0,22250912.0,62982.0,25723.59768786127,72.81156069364162
390,Supraoptic nucleus,SO,255,76,60,70200,157.0,PVZ,,6,,0.0,0.0,158.0,2712906.0,9791.0,17170.291139240508,61.96835443037975
2051,"Supraoptic nucleus, retrochiasmatic part",SOR,255,76,60,70210,390.0,SO,,7,37.0,686287.0,2833.0,37.0,686287.0,2833.0,18548.297297297297,76.56756756756756
2034,Episupraoptic nucleus,ESO,255,76,60,70220,390.0,SO,,7,51.0,858198.0,3009.0,51.0,858198.0,3009.0,16827.41176470588,59.0
332,Accessory supraoptic group,ASO,255,76,62,70300,157.0,PVZ,,6,,0.0,0.0,9.0,132993.0,412.0,14777.0,45.77777777777778
432,Circulur nucleus,Cir,255,76,62,70400,332.0,ASO,,7,9.0,132993.0,412.0,9.0,132993.0,412.0,14777.0,45.77777777777778
38,"Paraventricular hypothalamic nucleus, anterior part",PVH,255,76,77,70500,157.0,PVZ,,6,,0.0,0.0,378.0,8662190.0,25789.0,22915.84656084656,68.22486772486772
71,"Paraventricular hypothalamic nucleus, magnocellular division",PVHm,255,76,76,70600,38.0,PVH,,7,,0.0,0.0,277.0,6320099.0,18570.0,22816.241877256318,67.03971119133574
79,"Paraventricular hypothalamic nucleus, medial magnocellular part",PaMM,255,76,74,70800,71.0,PVHm,,8,13.0,185667.0,670.0,13.0,185667.0,670.0,14282.076923076924,51.53846153846154
652,"Paraventricular hypothalamic nucleus, lateral magnocellular part",PaLM,255,76,73,71000,71.0,PVHm,,8,96.0,3235521.0,8310.0,96.0,3235521.0,8310.0,33703.34375,86.5625
660,"Paraventricular hypothalamic nucleus, posterior part",PaPo,255,76,73,71100,71.0,PVHm,,8,168.0,2898911.0,9590.0,168.0,2898911.0,9590.0,17255.42261904762,57.083333333333336
94,"Paraventricular hypothalamic nucleus, parvicellular division",PVAp,255,76,72,71200,38.0,PVH,,7,,0.0,0.0,101.0,2342091.0,7219.0,23189.019801980197,71.47524752475248
55,"Paraventricular hypothalamic nucleus, anterior parivcellular part",PaAP,255,76,69,71300,94.0,PVAp,,8,,0.0,0.0,47.0,1162257.0,3507.0,24728.872340425532,74.61702127659575
2026,Anterior perifornical nucleus,APF,255,76,69,71310,55.0,PaAP,,9,1.0,12973.0,58.0,1.0,12973.0,58.0,12973.0,58.0
87,"Paraventricular hypothalamic nucleus, medial parvicellular part",PaMP,255,76,71,71400,94.0,PVAp,,8,54.0,1179834.0,3712.0,54.0,1179834.0,3712.0,21848.777777777777,68.74074074074075
30,"Paraventricular hypothalamic nucleus, ventral part",PaV,255,76,78,71600,157.0,PVZ,,6,38.0,965062.0,2767.0,38.0,965062.0,2767.0,25396.36842105263,72.8157894736842
223,Arcuate hypothalamic nucleus,Arc,255,76,79,71800,157.0,PVZ,,6,,0.0,0.0,282.0,9777761.0,24223.0,34672.91134751773,85.89716312056737
2061,"Arcuate hypothalamic nucleus, dorsal part",ArcD,255,76,79,71810,223.0,Arc,,7,21.0,843720.0,1993.0,21.0,843720.0,1993.0,40177.142857142855,94.9047619047619
2062,"Arcuate hypothalamic nucleus, lateral part",ArcL,255,76,79,71820,223.0,Arc,,7,52.0,2121860.0,4581.0,52.0,2121860.0,4581.0,40805.0,88.09615384615384
2104,"Arcuate hypothalamic nucleus, lateroposterior part",ArcLP,255,76,79,71830,223.0,Arc,,7,59.0,1634160.0,4799.0,59.0,1634160.0,4799.0,27697.627118644068,81.33898305084746
2095,"Arcuate hypothalamic nucleus, medial part",ArcM,255,76,79,71840,223.0,Arc,,7,28.0,1045161.0,2518.0,28.0,1045161.0,2518.0,37327.17857142857,89.92857142857143
2103,"Arcuate hypothalamic nucleus, medial posterior part",ArcMP,255,76,79,71850,223.0,Arc,,7,51.0,2010667.0,4392.0,51.0,2010667.0,4392.0,39424.8431372549,86.11764705882354
141,Periventricular region,PVR,255,77,80,71900,1097.0,HY,,5,,0.0,0.0,4158.0,91470705.0,278619.0,21998.72655122655,67.0079365079365
272,Anteroventral periventricular nucleus,AVPe,255,77,84,72300,141.0,PVR,,6,91.0,4446984.0,8691.0,91.0,4446984.0,8691.0,48867.956043956045,95.50549450549451
668,Dorsal hypothalamic area,DA,255,77,85,72350,141.0,PVR,,6,204.0,3349705.0,12331.0,204.0,3349705.0,12331.0,16420.12254901961,60.44607843137255
830,Dorsomedial hypothalamic nucleus,DM,255,77,85,72400,141.0,PVR,,6,,0.0,0.0,1469.0,24506646.0,86380.0,16682.53641933288,58.801906058543224
2076,"Dorsomedial hypothalamic nucleus, dorsal part",DMD,255,77,85,72500,830.0,DM,,7,124.0,1947964.0,7234.0,124.0,1947964.0,7234.0,15709.387096774193,58.33870967741935
2077,"Dorsomedial hypothalamic nucleus, compact part",DMC,255,77,85,72600,830.0,DM,,7,155.0,2684577.0,9071.0,155.0,2684577.0,9071.0,17319.851612903225,58.52258064516129
2078,"Dorsomedial hypothalamic nucleus, ventral part",DMV,255,77,85,72700,830.0,DM,,7,576.0,10375804.0,35935.0,576.0,10375804.0,35935.0,18013.54861111111,62.38715277777778
452,Median preoptic nucleus,MnPO,255,77,86,72800,141.0,PVR,,6,20.0,1661238.0,2499.0,20.0,1661238.0,2499.0,83061.9,124.95
2307,DA14 Dopamine Cells,DA14,255,77,86,72810,141.0,PVR,,6,,0.0,0.0,0.0,0.0,0.0,,
523,Medial preoptic area,MPA,255,77,87,72900,141.0,PVR,,6,,0.0,0.0,1544.0,34971507.0,106441.0,22649.93976683938,68.93847150259067
2016,Strial part of the preoptic area,StA,255,77,87,72910,523.0,MPA,,7,50.0,792247.0,2926.0,50.0,792247.0,2926.0,15844.94,58.52
2023,Striohypothalamic nucleus,StHy,255,77,87,72920,523.0,MPA,,7,144.0,2181257.0,8225.0,144.0,2181257.0,8225.0,15147.618055555555,57.11805555555556
2306,Anterior commissural nucleus,AC,255,77,87,72930,523.0,MPA,,7,40.0,563197.0,2223.0,40.0,563197.0,2223.0,14079.925,55.575
763,Vascular organ of the lamina terminalis,VOLT,255,77,88,73000,141.0,PVR,,6,17.0,265619.0,938.0,17.0,265619.0,938.0,15624.64705882353,55.1764705882353
914,Posterodorsal preoptic nucleus,PDPO,255,77,89,73100,141.0,PVR,,6,8.0,95079.0,401.0,8.0,95079.0,401.0,11884.875,50.125
1109,Parastrial nucleus,PS,255,77,90,73200,141.0,PVR,,6,71.0,1008981.0,3796.0,71.0,1008981.0,3796.0,14211.0,53.46478873239437
133,Periventricular hypothalamic nucleus,Pe,255,77,93,73500,141.0,PVR,,6,214.0,7273324.0,18007.0,214.0,7273324.0,18007.0,33987.495327102806,84.14485981308411
347,Subparaventricular zone of the hypothalamus,SPa ,255,77,80,73600,141.0,PVR,,6,27.0,679245.0,1863.0,27.0,679245.0,1863.0,25157.222222222223,69.0
286,Suprachiasmatic nucleus,SCh,255,77,94,73700,141.0,PVR,,6,,0.0,0.0,58.0,1742371.0,4504.0,30040.879310344826,77.65517241379311
2030,"Suprachiasmatic nucleus, dorsolateral part",SChDL,255,77,94,73710,286.0,SCh,,7,4.0,52519.0,179.0,4.0,52519.0,179.0,13129.75,44.75
2031,"Suprachiasmatic nucleus, ventromedial part",SChVM,255,77,94,73720,286.0,SCh,,7,1.0,30063.0,84.0,1.0,30063.0,84.0,30063.0,84.0
338,Subfornical organ,SFO,255,77,80,73800,141.0,PVR,,6,25.0,395341.0,1431.0,25.0,395341.0,1431.0,15813.64,57.24
2011,Ventromedidal preoptic nucleus,VMPO,255,77,80,73810,141.0,PVR,,6,183.0,5797015.0,15467.0,183.0,5797015.0,15467.0,31677.677595628415,84.51912568306011
689,Ventrolateral preoptic nucleus,VLPO,255,77,80,73900,141.0,PVR,,6,227.0,5277650.0,15870.0,227.0,5277650.0,15870.0,23249.55947136564,69.91189427312776
467,Hypothalamic medial zone,MEZ ,255,78,80,74000,1097.0,HY,,5,,0.0,0.0,5376.0,115390632.0,357515.0,21464.03125,66.50204613095238
88,Anterior hypothalamic nucleus,AHN,255,78,81,74100,467.0,MEZ ,,6,,0.0,0.0,2441.0,49742660.0,159080.0,20377.984432609584,65.17001229004507
700,"Anterior hypothalamic area, anterior part",AHA,255,78,81,74200,88.0,AHN,,7,545.0,11537442.0,37375.0,545.0,11537442.0,37375.0,21169.61834862385,68.57798165137615
708,"Anterior hypothalamic area, central part",AHC,255,78,81,74300,88.0,AHN,,7,1195.0,20879712.0,70932.0,1195.0,20879712.0,70932.0,17472.562343096233,59.357322175732214
724,"Anterior hypothalamic area, posterior part",AHP,255,78,81,74500,88.0,AHN,,7,,0.0,0.0,380.0,8842850.0,26005.0,23270.657894736843,68.4342105263158
2029,Lateroanterior hypothalamic nucleus,LA,255,78,81,74510,88.0,AHN,,7,321.0,8482656.0,24768.0,321.0,8482656.0,24768.0,26425.719626168226,77.1588785046729
2047,Stigmoid hypothalamic nucleus,Stg,255,78,81,74520,724.0,AHP,,8,,0.0,0.0,0.0,0.0,0.0,,
331,Mammillary body,MBO,255,78,82,74600,467.0,MEZ ,,6,,0.0,0.0,396.0,6250234.0,22176.0,15783.419191919193,56.0
210,Lateral mamilllary nucleus,LM,255,78,83,74700,331.0,MBO,,7,71.0,666249.0,2880.0,71.0,666249.0,2880.0,9383.788732394367,40.563380281690144
491,"Medial mammillary nucleus, medial part",MM,255,78,84,74800,331.0,MBO,,7,,0.0,0.0,166.0,2276711.0,8949.0,13715.126506024097,53.90963855421687
2118,Mammillary recess of the 3rd ventricle,MRe,255,78,84,74810,491.0,MM,,8,,0.0,0.0,0.0,0.0,0.0,,
2119,"Medial mammillary nucleus, lateral part",ML,255,78,84,74820,491.0,MM,,8,60.0,559511.0,2594.0,60.0,559511.0,2594.0,9325.183333333332,43.233333333333334
732,"Medial mammillary nucleus, median part",MnM,255,78,84,74900,491.0,MM,,8,1.0,34851.0,79.0,1.0,34851.0,79.0,34851.0,79.0
525,Retromamillary nucleus,RM,255,78,85,75000,331.0,MBO,,7,,0.0,0.0,111.0,2233181.0,7112.0,20118.747747747748,64.07207207207207
1110,"Retromamillary nucleus, lateral part",RML,255,78,85,75100,525.0,RM,,8,,0.0,0.0,0.0,0.0,0.0,,
1118,"Retromamillary nucleus, medial part",RMM,255,78,85,75200,525.0,RM,,8,69.0,1580429.0,4871.0,69.0,1580429.0,4871.0,22904.768115942028,70.59420289855072
557,Tuberomammillary nucleus,TM,255,78,86,75300,331.0,MBO,,7,,0.0,0.0,48.0,1074093.0,3235.0,22376.9375,67.39583333333333
1126,Dorsal tuberomammillary nucleus,DTM,255,78,86,75400,557.0,TM,,8,20.0,788662.0,1983.0,20.0,788662.0,1983.0,39433.1,99.15
1,Ventral tuberomammillary nucleus,VTM,255,78,86,75500,557.0,TM,,8,28.0,285431.0,1252.0,28.0,285431.0,1252.0,10193.964285714286,44.714285714285715
515,Medial preoptic nucleus,MPO,255,78,87,75600,467.0,MEZ ,,6,,0.0,0.0,563.0,15209917.0,44013.0,27015.83836589698,78.17584369449378
748,"Medial preoptic nucleus, lateral part",MPOL,255,78,87,75800,515.0,MPO,,7,224.0,6153246.0,17923.0,224.0,6153246.0,17923.0,27469.848214285714,80.01339285714286
756,"Medial preoptic nucleus, medial part",MPOM,255,78,87,75900,515.0,MPO,,7,339.0,9056671.0,26090.0,339.0,9056671.0,26090.0,26715.84365781711,76.96165191740413
980,"Premamillary nucleus, dorsal part",PMD,255,78,88,76000,467.0,MEZ ,,6,11.0,97710.0,514.0,11.0,97710.0,514.0,8882.727272727272,46.72727272727273
1004,"Premamillary nucleus, ventral part",PMV,255,78,89,76100,467.0,MEZ ,,6,102.0,1684056.0,6150.0,102.0,1684056.0,6150.0,16510.352941176472,60.294117647058826
63,"Paraventricular hypothalamic nucleus, descending division",PVHd,255,78,90,76200,467.0,MEZ ,,6,,0.0,0.0,16.0,176458.0,667.0,11028.625,41.6875
439,"Paraventricular hypothalamic nucleus, dorsal cap",PaDC,255,78,90,76300,63.0,PVHd,,7,16.0,176458.0,667.0,16.0,176458.0,667.0,11028.625,41.6875
693,Ventromedial hypothalamic nucleus,VMH,255,78,91,76700,467.0,MEZ ,,6,,0.0,0.0,876.0,19445762.0,59346.0,22198.358447488583,67.74657534246575
2044,"Ventromedial hypothalamic nucleus, shell region",VMHSh,255,78,91,76710,693.0,VMH,,7,396.0,9349876.0,27623.0,396.0,9349876.0,27623.0,23610.79797979798,69.7550505050505
769,"Ventromedial hypothalamic nucleus, central part",VMHC,255,78,91,76900,693.0,VMH,,7,95.0,1595610.0,5244.0,95.0,1595610.0,5244.0,16795.894736842107,55.2
777,"Ventromedial hypothalamic nucleus, dorsomedial part",VMHDM,255,78,91,77000,693.0,VMH,,7,137.0,3470334.0,10225.0,137.0,3470334.0,10225.0,25330.905109489053,74.63503649635037
785,"Ventromedial hypothalamic nucleus, ventrolateral part",VMHVL,255,78,91,77100,693.0,VMH,,7,107.0,2718651.0,8080.0,107.0,2718651.0,8080.0,25407.953271028036,75.51401869158879
2474,Posterior hypothalamic area,PHA,255,78,91,77110,467.0,MEZ ,,6,,0.0,0.0,971.0,22783835.0,65569.0,23464.299691040163,67.52729145211123
946,Posterior hypothalamic nucleus,PH,255,79,83,77150,2474.0,PHA,,7,,0.0,0.0,971.0,22783835.0,65569.0,23464.299691040163,67.52729145211123
2364,"Posterior hypothalamic nucleus, dorsal part",PHnd,255,79,83,77160,946.0,PH,,8,442.0,10955364.0,31615.0,442.0,10955364.0,31615.0,24785.891402714933,71.52714932126698
2365,"Posterior hypothalamic nucleus, ventral part",PHnv,255,79,83,77170,946.0,PH,,8,279.0,6589132.0,18467.0,279.0,6589132.0,18467.0,23616.960573476703,66.18996415770609
2075,"Posterior hypothalamic area, dorsal part",PHD,255,79,83,77180,946.0,PH,,8,171.0,3209575.0,10559.0,171.0,3209575.0,10559.0,18769.444444444445,61.748538011695906
2102,Submammillothalamic nucleus,SMT,255,79,83,77190,946.0,PH,,8,16.0,154297.0,721.0,16.0,154297.0,721.0,9643.5625,45.0625
290,Hypothalamic lateral zone,LZ,255,79,80,77200,1097.0,HY,,5,,0.0,0.0,12022.0,214540660.0,736648.0,17845.671269339546,61.27499584095824
2309,Juxtaparaventricular part of lateral hypothalamus,JPLH,255,79,81,77300,194.0,LH,,7,149.0,3317145.0,10864.0,149.0,3317145.0,10864.0,22262.71812080537,72.91275167785236
194,Lateral hypothalamic area,LH,255,79,81,77300,290.0,LZ,,6,,0.0,0.0,8836.0,157179416.0,539843.0,17788.526029877772,61.09585785423268
2065,Magnocellular nucleus of the lateral hypothalamus,MCLH,255,79,81,77310,194.0,LH,,7,34.0,365844.0,1445.0,34.0,365844.0,1445.0,10760.117647058823,42.5
2033,Ventrolateral hypothalamic nucleus ,VLH,255,79,81,77320,194.0,LH,,7,126.0,2899486.0,9247.0,126.0,2899486.0,9247.0,23011.79365079365,73.38888888888889
2105,Gemini hypothalamic nucleus,Gem,255,79,81,77330,194.0,LH,,7,39.0,629382.0,2539.0,39.0,629382.0,2539.0,16138.0,65.1025641025641
2081,Peduncular lateral hypothalamus,PLH,255,79,81,77340,194.0,LH,,7,447.0,10577964.0,30713.0,447.0,10577964.0,30713.0,23664.34899328859,68.70917225950782
2048,Tuberal region of lateral hypothalamus,TuLH,255,79,81,77350,194.0,LH,,7,,0.0,0.0,0.0,0.0,0.0,,
2473,Perifornical part of lateral hypothalamus,PeFLH,255,79,81,77360,194.0,LH,,7,,0.0,0.0,0.0,0.0,0.0,,
226,Lateral preoptic area,LPO,255,79,82,77400,290.0,LZ,,6,1021.0,22311859.0,70299.0,1021.0,22311859.0,70299.0,21852.947110675806,68.85308521057786
2379,Paraterete nucleus,PTe,255,79,80,77610,290.0,LZ,,6,45.0,809639.0,2509.0,45.0,809639.0,2509.0,17991.977777777778,55.75555555555555
364,Parasubthalamic nucleus,PSTh,255,79,80,77700,290.0,LZ,,6,65.0,1004718.0,4074.0,65.0,1004718.0,4074.0,15457.2,62.676923076923075
173,Retrochiasmatic area,RCh,255,79,84,77800,290.0,LZ,,6,,0.0,0.0,92.0,2516339.0,7250.0,27351.510869565216,78.80434782608695
2283,"Retrochiasmatic area, medial part",RChM,255,79,84,77850,173.0,RCh,,7,6.0,397225.0,798.0,6.0,397225.0,798.0,66204.16666666667,133.0
2042,"Retrochiasmatic area, lateral part",RchL,255,79,84,77810,173.0,RCh,,7,58.0,1390850.0,4530.0,58.0,1390850.0,4530.0,23980.172413793105,78.10344827586206
470,Subthalamic nucleus,STh,255,79,85,77900,290.0,LZ,,6,30.0,969415.0,2564.0,30.0,969415.0,2564.0,32313.833333333332,85.46666666666667
2063,Subincertal nucleus,SubI,255,79,85,77910,290.0,LZ,,6,371.0,4913437.0,19625.0,371.0,4913437.0,19625.0,13243.76549865229,52.897574123989216
614,Medial tuberal nucleus,MTu,255,79,86,78000,290.0,LZ,,6,,0.0,0.0,333.0,5855346.0,20366.0,17583.62162162162,61.15915915915916
2080,Terete hypothalamic nucleus,Te,255,79,86,78010,614.0,MTu,,7,81.0,791430.0,3562.0,81.0,791430.0,3562.0,9770.74074074074,43.97530864197531
2079,Perifornical nucleus,PeF,255,79,86,78020,290.0,LZ,,6,113.0,1326864.0,5647.0,113.0,1326864.0,5647.0,11742.159292035398,49.97345132743363
2111,Ventral linear nucleus of the thalamus,VLi,255,79,87,78030,290.0,LZ,,6,4.0,43744.0,176.0,4.0,43744.0,176.0,10936.0,44.0
797,Zona incerta,ZI,255,79,87,78100,290.0,LZ,,6,,0.0,0.0,1112.0,17609883.0,64295.0,15836.225719424461,57.819244604316545
2125,"Zona incerta, caudal part",ZIC,255,79,87,78110,797.0,ZI,,7,20.0,740749.0,1964.0,20.0,740749.0,1964.0,37037.45,98.2
2043,"Zona incerta, rostral part",ZIR,255,79,87,78120,797.0,ZI,,7,157.0,2729473.0,9692.0,157.0,2729473.0,9692.0,17385.178343949046,61.732484076433124
2053,"Zona incerta, dosal part",ZID,255,79,87,78130,797.0,ZI,,7,147.0,2254538.0,8419.0,147.0,2254538.0,8419.0,15336.99319727891,57.27210884353742
2054,"Zona incerta, ventral part",ZIV,255,79,87,78140,797.0,ZI,,7,294.0,5286056.0,18240.0,294.0,5286056.0,18240.0,17979.78231292517,62.04081632653061
796,DA13 dopamine cells,DA13,255,79,87,78200,797.0,ZI,,7,33.0,318281.0,1493.0,33.0,318281.0,1493.0,9644.878787878788,45.24242424242424
2110,Nucleus of the fields of Forel,F,255,79,87,78300,797.0,ZI,,7,34.0,815366.0,2698.0,34.0,815366.0,2698.0,23981.352941176472,79.3529411764706
10671,Median eminence,ME,255,80,80,78400,1097.0,HY,,5,86.0,4052146.0,9788.0,86.0,4052146.0,9788.0,47117.976744186046,113.81395348837209
313,Midbrain,MB,255,200,255,78500,343.0,BS,,3,,0.0,0.0,6344.0,119398736.0,415643.0,18820.73392181589,65.51749684741488
2107,Prerubral field,PR,255,200,255,78510,313.0,MB,,4,97.0,1815086.0,6191.0,97.0,1815086.0,6191.0,18712.22680412371,63.824742268041234
339,"Midbrain, sensory related",MBsen,255,176,254,78600,313.0,MB,,4,,0.0,0.0,1642.0,28844842.0,105468.0,17566.89524969549,64.23142509135201
2476,Superior colliculus,SC,255,176,254,78610,339.0,MBsen,,5,,0.0,0.0,553.0,10094990.0,36238.0,18254.954792043398,65.52983725135624
302,"Superior colliculus, sensory related",SCs,255,152,250,78700,2476.0,SC,,6,,0.0,0.0,232.0,3962674.0,14631.0,17080.491379310344,63.064655172413794
851,Optic layer of the superior colliculus,Op,255,152,250,78800,302.0,SCs,,7,84.0,1467329.0,5064.0,84.0,1467329.0,5064.0,17468.20238095238,60.285714285714285
842,Superficial gray layer of the superior colliculus,SuG,255,152,250,78900,302.0,SCs,,7,35.0,501524.0,2101.0,35.0,501524.0,2101.0,14329.257142857143,60.02857142857143
834,Zonal layer of superior colliculus,Zo,255,152,250,79000,302.0,SCs,,7,113.0,1993821.0,7466.0,113.0,1993821.0,7466.0,17644.433628318584,66.070796460177
4,Inferior colliculus,IC,255,152,255,79100,339.0,MBsen,,5,,0.0,0.0,990.0,16904507.0,62682.0,17075.259595959596,63.31515151515151
811,Central nucleus of the inferior colliculus,CIC,255,152,255,79200,4.0,IC,,6,221.0,3063191.0,12089.0,221.0,3063191.0,12089.0,13860.592760180996,54.70135746606335
820,Dorsal cortex of the inferior colliculus,DCIC,255,152,255,79300,4.0,IC,,6,367.0,7290794.0,24157.0,367.0,7290794.0,24157.0,19865.92370572207,65.82288828337875
828,External cortex of the inferior colliculus,ECIC,255,152,255,79400,4.0,IC,,6,,0.0,0.0,402.0,6550522.0,26436.0,16294.830845771145,65.76119402985074
2188,"External cortex of the inferior colliculus, layer 1",ECIC1,255,152,255,79410,828.0,ECIC,,7,58.0,704573.0,3010.0,58.0,704573.0,3010.0,12147.810344827587,51.89655172413793
2189,"External cortex of the inferior colliculus, layer 2",ECIC2,255,152,255,79420,828.0,ECIC,,7,13.0,170097.0,764.0,13.0,170097.0,764.0,13084.384615384615,58.76923076923077
2190,"External cortex of the inferior colliculus, layer 3",ECIC3,255,152,255,79430,828.0,ECIC,,7,62.0,1143408.0,4487.0,62.0,1143408.0,4487.0,18442.064516129034,72.37096774193549
2457,Commissural nucleus of the inferior colliculus,Com,255,152,255,79440,4.0,IC,,6,,0.0,0.0,0.0,0.0,0.0,,
2475,Recess of the inferior colliculus,ReIC,255,152,255,79450,4.0,IC,,6,,0.0,0.0,0.0,0.0,0.0,,
580,Nucleus of the brachium of the inferior colliculus,BIC,255,152,253,79500,339.0,MBsen,,5,29.0,486386.0,1910.0,29.0,486386.0,1910.0,16771.931034482757,65.86206896551724
271,Sagulum nucleus,Sag,255,152,251,79600,339.0,MBsen,,5,14.0,429223.0,1310.0,14.0,429223.0,1310.0,30658.785714285714,93.57142857142857
874,Parabigeminal nucleus,PBG,255,152,252,79700,339.0,MBsen,,5,31.0,590121.0,2032.0,31.0,590121.0,2032.0,19036.16129032258,65.54838709677419
2163,Microcellular tegmental nucleus,MiTg,255,152,252,79710,339.0,MBsen,,5,22.0,293222.0,1146.0,22.0,293222.0,1146.0,13328.272727272728,52.09090909090909
460,Mesencephalic trigeminal nucleus,Me5,255,152,254,79800,339.0,MBsen,,5,,0.0,0.0,0.0,0.0,0.0,,
2108,Subcommissural organ ,SCO,255,152,254,79810,339.0,MBsen,,5,3.0,46393.0,150.0,3.0,46393.0,150.0,15464.333333333334,50.0
323,"Midbrain, motor related",MBmot,255,132,255,79900,313.0,MB,,4,,0.0,0.0,4031.0,78486345.0,269525.0,19470.688414785414,66.86306127511784
2147,Mesencephalic reticular formation,mRt,255,132,255,79910,323.0,MBmot,,5,681.0,11215752.0,40653.0,681.0,11215752.0,40653.0,16469.533039647577,59.69603524229075
2131,prosomere 1 reticular formation,p1Rt,255,132,255,79920,323.0,MBmot,,5,710.0,13700864.0,46990.0,710.0,13700864.0,46990.0,19296.991549295773,66.1830985915493
2181,Isthmic reticular formation,isRt,255,132,255,79930,323.0,MBmot,,5,100.0,1869084.0,6111.0,100.0,1869084.0,6111.0,18690.84,61.11
2154,Pararubral nucleus,PaR,255,132,255,79940,323.0,MBmot,,5,13.0,97846.0,461.0,13.0,97846.0,461.0,7526.615384615385,35.46153846153846
381,"Substantia nigra, reticular part",SNR,255,178,247,80000,323.0,MBmot,,5,186.0,4155939.0,13504.0,186.0,4155939.0,13504.0,22343.75806451613,72.60215053763442
749,Ventral tegmental area,VTA,255,178,246,80100,323.0,MBmot,,5,,0.0,0.0,330.0,5923259.0,20737.0,17949.269696969695,62.839393939393936
2138,Paranigral nucleus of the VTA,PN,255,178,246,80110,749.0,VTA,,6,45.0,437983.0,2137.0,45.0,437983.0,2137.0,9732.955555555556,47.48888888888889
2144,Parainterfascicular nucleus of the VTA,PIF,255,178,246,80120,749.0,VTA,,6,43.0,723970.0,2739.0,43.0,723970.0,2739.0,16836.511627906977,63.69767441860465
2124,Parabranchial pigmented nucleus of the VTA,PBP,255,178,246,80130,749.0,VTA,,6,163.0,3713339.0,11438.0,163.0,3713339.0,11438.0,22781.220858895704,70.1717791411043
2427,"Ventral tegmental area, rostral part",VTAR,255,178,246,80140,749.0,VTA,,6,41.0,464874.0,1966.0,41.0,464874.0,1966.0,11338.390243902439,47.951219512195124
2112,Rostral interstitial nucleus of the medial longitudinal fasciculus,RI,255,178,246,80150,313.0,MB,,4,18.0,252426.0,933.0,18.0,252426.0,933.0,14023.666666666666,51.833333333333336
2101,DA11 dopamine cells,DA11,255,178,246,80160,313.0,MB,,4,25.0,617771.0,1822.0,25.0,617771.0,1822.0,24710.84,72.88
246,Retroisthmic nucleus,RIs,255,178,249,80200,323.0,MBmot,,5,,0.0,0.0,52.0,953267.0,3348.0,18332.05769230769,64.38461538461539
2153,Retrorubral field,RRF,255,178,249,80210,246.0,RIs,,6,45.0,841404.0,2858.0,45.0,841404.0,2858.0,18697.866666666665,63.51111111111111
294,"Superior colliculus, motor related",SCm,255,178,248,80700,2476.0,SC,,6,,0.0,0.0,321.0,6132316.0,21607.0,19103.78816199377,67.31152647975078
26,Deep gray layer of the superior colliculus,DpG,255,178,248,80800,294.0,SCm,,7,84.0,1697748.0,5611.0,84.0,1697748.0,5611.0,20211.285714285714,66.79761904761905
42,Deep white layer of the superior colliculus,DpWh,255,178,248,80900,294.0,SCm,,7,25.0,528352.0,1885.0,25.0,528352.0,1885.0,21134.08,75.4
17,Intermediate white layer of the superior colliculus,InWh,255,178,248,81000,294.0,SCm,,7,80.0,1485318.0,5745.0,80.0,1485318.0,5745.0,18566.475,71.8125
10,Intermediate gray layer of the superior colliculus,InG,255,178,248,81100,294.0,SCm,,7,132.0,2420898.0,8366.0,132.0,2420898.0,8366.0,18340.136363636364,63.378787878787875
795,Periaqueductal gray,PAG,255,144,255,81500,323.0,MBmot,,5,,0.0,0.0,828.0,19681792.0,62293.0,23770.280193236715,75.23309178743962
2141,Dorsomedial periaqueductal gray,DMPAG,255,144,255,81510,795.0,PAG,,6,18.0,708459.0,1975.0,18.0,708459.0,1975.0,39358.833333333336,109.72222222222223
2142,Lateral periaqueductal gray,LPAG,255,144,255,81520,795.0,PAG,,6,296.0,7039450.0,21683.0,296.0,7039450.0,21683.0,23781.925675675677,73.25337837837837
2143,Pleoglial periaqueductal gray,PlPAG,255,144,255,81530,795.0,PAG,,6,,0.0,0.0,0.0,0.0,0.0,,
2148,Dorsolateral periaqueductal gray,DLPAG,255,144,255,81540,795.0,PAG,,6,19.0,498191.0,1727.0,19.0,498191.0,1727.0,26220.57894736842,90.89473684210526
2162,Ventrolateral periaqueductal gray,VLPAG,255,144,255,81550,795.0,PAG,,6,242.0,6742509.0,20649.0,242.0,6742509.0,20649.0,27861.60743801653,85.32644628099173
2114,prosomere 1 periaqueductal gray,p1PAG,255,144,255,81560,795.0,PAG,,6,149.0,2637355.0,9350.0,149.0,2637355.0,9350.0,17700.36912751678,62.75167785234899
2123,Lithoid nucleus,Lth,255,144,255,81570,323.0,MBmot,,5,9.0,108626.0,407.0,9.0,108626.0,407.0,12069.555555555555,45.22222222222222
50,Precommissural nucleus,PrC,255,144,255,81600,323.0,MBmot,,5,69.0,1699742.0,5432.0,69.0,1699742.0,5432.0,24633.942028985508,78.72463768115942
67,Interstitial nucleus of Cajal,InC,255,145,255,81700,323.0,MBmot,,5,,0.0,0.0,24.0,436161.0,1522.0,18173.375,63.416666666666664
2129,"Interstitial nucleus of Cajal, shell region",InCSh,255,145,255,81710,67.0,InC,,6,15.0,320904.0,1026.0,15.0,320904.0,1026.0,21393.6,68.4
587,Nucleus of Darkschewitsch,Dk,255,146,255,81800,323.0,MBmot,,5,28.0,564142.0,1923.0,28.0,564142.0,1923.0,20147.928571428572,68.67857142857143
2152,Supraoculomotor cap,Su3C,255,146,255,81810,323.0,MBmot,,5,22.0,428089.0,1722.0,22.0,428089.0,1722.0,19458.590909090908,78.27272727272727
2156,Supraoculomotor periaqueductal gray,Su3,255,146,255,81820,323.0,MBmot,,5,16.0,268280.0,913.0,16.0,268280.0,913.0,16767.5,57.0625
1100,Pretectal region,PRT,255,176,250,81900,323.0,MBmot,,5,,0.0,0.0,545.0,9091156.0,35214.0,16681.02018348624,64.61284403669725
215,Anterior pretectal nucleus,APT,255,176,249,82000,1100.0,PRT,,6,,0.0,0.0,299.0,4308244.0,17176.0,14408.842809364549,57.44481605351171
2099,"Anterior pretectal nucleus, dorsal part",APTD,255,176,249,82010,215.0,APT,,7,168.0,2977159.0,10880.0,168.0,2977159.0,10880.0,17721.184523809523,64.76190476190476
2100,"Anterior pretectal nucleus, ventral part",APTV,255,176,249,82020,215.0,APT,,7,22.0,202177.0,946.0,22.0,202177.0,946.0,9189.863636363636,43.0
531,Medial pretectal area,MPT,255,176,248,82100,1100.0,PRT,,6,39.0,666968.0,2610.0,39.0,666968.0,2610.0,17101.74358974359,66.92307692307692
2415,Retrocommissural nucleus,ReC,255,176,248,82110,1100.0,PRT,,6,38.0,879315.0,3200.0,38.0,879315.0,3200.0,23139.86842105263,84.21052631578948
628,Nucleus of the optic tract,OT,255,176,247,82200,1100.0,PRT,,6,54.0,1410734.0,4929.0,54.0,1410734.0,4929.0,26124.703703703704,91.27777777777777
634,Nucleus of the posterior commissure,PCom,255,176,246,82300,1100.0,PRT,,6,,0.0,0.0,8.0,426750.0,1140.0,53343.75,142.5
2121,Magnocellular nucleus of the posterior commissure,MCPC,255,176,246,82310,634.0,PCom,,7,1.0,14237.0,74.0,1.0,14237.0,74.0,14237.0,74.0
706,Olivary pretectal nucleus,OPT,255,176,245,82400,1100.0,PRT,,6,44.0,443117.0,2247.0,44.0,443117.0,2247.0,10070.84090909091,51.06818181818182
1061,Posterior pretectal nucleus,PPT,255,176,244,82500,1100.0,PRT,,6,48.0,748535.0,3062.0,48.0,748535.0,3062.0,15594.479166666666,63.791666666666664
2122,Retroparafascicular nucleus,RPF,255,176,244,82510,1100.0,PRT,,6,15.0,207493.0,850.0,15.0,207493.0,850.0,13832.866666666667,56.666666666666664
616,Cuneiform nucleus,CnF,255,178,254,82600,323.0,MBmot,,5,,0.0,0.0,139.0,2303341.0,8197.0,16570.798561151078,58.97122302158273
2192,Precuneiform area,PrCnF,255,178,254,82610,616.0,CnF,,6,40.0,421638.0,1721.0,40.0,421638.0,1721.0,10540.95,43.025
214,Red nucleus,R,255,134,249,82700,323.0,MBmot,,5,,0.0,0.0,37.0,830654.0,2831.0,22450.108108108107,76.51351351351352
2137,"Red nucleus, parvicellular part",RPC,255,134,249,82710,214.0,R,,6,23.0,533507.0,1889.0,23.0,533507.0,1889.0,23195.956521739132,82.1304347826087
2139,"Red nucleus, magnocellular part",RMC,255,134,249,82720,214.0,R,,6,14.0,297147.0,942.0,14.0,297147.0,942.0,21224.785714285714,67.28571428571429
2136,Medial accessory oculomotor nucleus,MA3,255,168,255,82730,323.0,MBmot,,5,25.0,611497.0,2089.0,25.0,611497.0,2089.0,24459.88,83.56
35,Oculomotor nerve,3N,255,168,255,82800,323.0,MBmot,,5,,0.0,0.0,25.0,503014.0,1782.0,20120.56,71.28
2157,"Oculomotor nucleus, parvicellular part",3PC,255,168,255,82810,35.0,3N,,6,14.0,235955.0,903.0,14.0,235955.0,903.0,16853.928571428572,64.5
975,Edinger-Westphal nucleus,EW,255,178,253,82900,323.0,MBmot,,5,,0.0,0.0,14.0,427627.0,1234.0,30544.785714285714,88.14285714285714
2130,Pre-Edinger-Westphal nucleus,PrEW,255,178,253,82910,975.0,EW,,6,10.0,277016.0,828.0,10.0,277016.0,828.0,27701.6,82.8
115,Trochlear nucleus,4N,255,178,255,83000,323.0,MBmot,,5,,0.0,0.0,5.0,53956.0,234.0,10791.2,46.8
2180,Trochlear nucleus shell region,4Sh,255,178,255,83010,115.0,4N,,6,,0.0,0.0,0.0,0.0,0.0,,
2179,Paratrochlear nucleus,Pa4,255,178,255,83020,115.0,4N,,6,2.0,14007.0,75.0,2.0,14007.0,75.0,7003.5,37.5
757,Ventral tegmental nucleus,VTg,255,177,250,83100,323.0,MBmot,,5,,0.0,0.0,0.0,0.0,0.0,,
231,Anterior tegmental nucleus,ATg,255,177,252,83200,323.0,MBmot,,5,14.0,711693.0,1537.0,14.0,711693.0,1537.0,50835.21428571428,109.78571428571429
2168,Rhabdoid nucleus,Rbd,255,177,252,83210,323.0,MBmot,,5,1.0,38622.0,133.0,1.0,38622.0,133.0,38622.0,133.0
66,Lateral terminal nucleus of the accessory optic tract,LT,255,177,253,83300,323.0,MBmot,,5,11.0,296338.0,979.0,11.0,296338.0,979.0,26939.81818181818,89.0
75,Dorsal terminal nucleus,DT,255,177,253,83400,323.0,MBmot,,5,27.0,482779.0,1964.0,27.0,482779.0,1964.0,17880.703703703704,72.74074074074075
58,Medial terminal nucleus,MT,255,177,253,83500,323.0,MBmot,,5,8.0,89031.0,391.0,8.0,89031.0,391.0,11128.875,48.875
615,"Substantia nigra, lateral part",SNL,255,178,247,83600,323.0,MBmot,,5,18.0,416650.0,1107.0,18.0,416650.0,1107.0,23147.222222222223,61.5
348,"Midbrain, behavioral state related",MBsta,255,176,253,83700,313.0,MB,,4,,0.0,0.0,459.0,8407521.0,27706.0,18317.039215686276,60.36165577342048
374,"Substantia nigra, compact part",SNC,255,158,248,83800,348.0,MBsta,,5,,0.0,0.0,33.0,295193.0,1300.0,8945.242424242424,39.39393939393939
2134,"Substantia nigra, compact part, dorsal tier",SNCD,255,158,248,83810,374.0,SNC,,6,25.0,193842.0,881.0,25.0,193842.0,881.0,7753.68,35.24
2135,"Substantia nigra, compact part, medial tier",SNCM,255,158,248,83820,374.0,SNC,,6,7.0,97710.0,399.0,7.0,97710.0,399.0,13958.57142857143,57.0
1052,Pedunculotegmental nucleus,PTg,255,158,255,83900,348.0,MBsta,,5,,0.0,0.0,136.0,2001774.0,7814.0,14718.926470588236,57.455882352941174
2183,Subpeduncular tegmental nucleus,SPTg,255,158,255,83910,1052.0,PTg,,6,18.0,591493.0,1740.0,18.0,591493.0,1740.0,32860.72222222222,96.66666666666667
165,Midbrain raphÈ nuclei,RAmb,255,158,254,84000,348.0,MBsta,,5,,0.0,0.0,290.0,6110554.0,18592.0,21070.875862068966,64.1103448275862
12,Interfascicular nucleus,IF,255,158,251,84100,165.0,RAmb,,6,26.0,508931.0,1524.0,26.0,508931.0,1524.0,19574.26923076923,58.61538461538461
100,Interpeduncular nucleus,IP,255,158,247,84200,165.0,RAmb,,6,,0.0,0.0,161.0,2243530.0,8178.0,13934.968944099379,50.79503105590062
2140,"Interpeduncular nucleus, rostral subnucleus",IPR,255,158,247,84210,100.0,IP,,7,27.0,371658.0,1364.0,27.0,371658.0,1364.0,13765.111111111111,50.51851851851852
2145,"Interpeduncular nucleus, lateral subnucleus",IPL,255,158,247,84220,100.0,IP,,7,53.0,529819.0,2265.0,53.0,529819.0,2265.0,9996.584905660377,42.735849056603776
2146,"Interpeduncular nucleus, caudal subnucleus",IPC,255,158,247,84230,100.0,IP,,7,32.0,459495.0,1697.0,32.0,459495.0,1697.0,14359.21875,53.03125
2149,"Interpeduncular nucleus, dorsomedial subnucleus",IPDM,255,158,247,84240,100.0,IP,,7,,0.0,0.0,0.0,0.0,0.0,,
2151,"Interpeduncular nucleus, dorsolateral subnucleus",IPDL,255,158,247,84250,100.0,IP,,7,4.0,61389.0,259.0,4.0,61389.0,259.0,15347.25,64.75
2150,"Interpeduncular nucleus, intermediate subnucleus",IPI,255,158,247,84260,100.0,IP,,7,41.0,757846.0,2314.0,41.0,757846.0,2314.0,18484.048780487807,56.4390243902439
2160,"Interpeduncular nucleus, apical subnucleus",IPA,255,158,247,84270,100.0,IP,,7,4.0,63323.0,279.0,4.0,63323.0,279.0,15830.75,69.75
197,Rostral linear nucleus (midbrain),RLi ,255,158,249,84300,165.0,RAmb,,6,45.0,1134795.0,3381.0,45.0,1134795.0,3381.0,25217.666666666668,75.13333333333334
591,Caudal linear nucleus of the raphÈ,CLi,255,158,253,84400,165.0,RAmb,,6,12.0,423845.0,966.0,12.0,423845.0,966.0,35320.416666666664,80.5
872,Dorsal raphÈ nucleus,DR,255,158,252,84500,165.0,RAmb,,6,,0.0,0.0,46.0,1799453.0,4543.0,39118.54347826087,98.76086956521739
2173,"Dorsal raphÈ nucleus, caudal part",DRC,255,158,252,84510,872.0,DR,,7,6.0,62663.0,236.0,6.0,62663.0,236.0,10443.833333333334,39.333333333333336
2174,"Dorsal raphÈ nucleus, dorsal part",DRD,255,158,252,84520,872.0,DR,,7,6.0,648794.0,1227.0,6.0,648794.0,1227.0,108132.33333333333,204.5
2175,Dorsal raphÈ interfascicular part,DRI,255,158,252,84530,872.0,DR,,7,,0.0,0.0,0.0,0.0,0.0,,
2176,"Dorsal raphÈ nucleus, lateral part",DRL,255,158,252,84540,872.0,DR,,7,18.0,292399.0,1054.0,18.0,292399.0,1054.0,16244.388888888889,58.55555555555556
2177,"Dorsal raphÈ nucleus, ventral part",DRV,255,158,252,84550,872.0,DR,,7,2.0,391915.0,802.0,2.0,391915.0,802.0,195957.5,401.0
2178,Posterodorsal raphÈ nucleus,PDR,255,158,252,84560,872.0,DR,,7,7.0,54067.0,226.0,7.0,54067.0,226.0,7723.857142857143,32.285714285714285
1065,Hindbrain,HB,255,155,168,84600,343.0,BS,,3,,0.0,0.0,19079.0,408730356.0,1346060.0,21423.049216415955,70.5519157188532
771,Pons,P,255,155,136,84700,1065.0,HB,,4,,0.0,0.0,4412.0,89472254.0,296804.0,20279.29601087942,67.27198549410699
1132,"Pons, sensory related",P-sen,255,170,98,84800,771.0,P,,5,,0.0,0.0,1453.0,29387877.0,100443.0,20225.655196145904,69.12801101169993
612,Paralemniscal nucleus,PL,255,170,97,84900,1132.0,P-sen,,6,,0.0,0.0,249.0,4242258.0,14832.0,17037.180722891568,59.566265060240966
82,Dorsal nucleus of the lateral lemniscus,DLL,255,170,97,85000,612.0,PL,,7,,0.0,0.0,0.0,0.0,0.0,,
99,Ventral nucleus of the lateral lemniscus,VLL,255,170,97,85200,612.0,PL,,7,141.0,2108593.0,7816.0,141.0,2108593.0,7816.0,14954.560283687943,55.43262411347518
2172,Intermediate nucleus of the lateral lemniscus,ILL,255,170,97,85210,612.0,PL,,7,19.0,268003.0,859.0,19.0,268003.0,859.0,14105.421052631578,45.21052631578947
2184,"Triangular nucleus, lateral lemniscus",TrLL,255,170,97,85220,612.0,PL,,7,7.0,110964.0,356.0,7.0,110964.0,356.0,15852.0,50.857142857142854
7,Principal sensory trigeminal nucleus,Pr5,255,170,95,85300,1132.0,P-sen,,6,,0.0,0.0,111.0,1879132.0,6829.0,16929.117117117115,61.52252252252252
2203,"Principal sensory trigeminal nucleus, dorsomedial part",Pr5DM,255,170,95,85310,7.0,Pr5,,7,6.0,67323.0,226.0,6.0,67323.0,226.0,11220.5,37.666666666666664
2202,"Principal sensory trigeminal nucleus, ventrolateral part",Pr5VL,255,170,95,85320,7.0,Pr5,,7,57.0,814212.0,3190.0,57.0,814212.0,3190.0,14284.421052631578,55.96491228070175
867,Parabrachial nucleus,PB,255,170,96,85400,1132.0,P-sen,,6,,0.0,0.0,475.0,9636876.0,32221.0,20288.16,67.83368421052631
123,Kolliker-Fuse nucleus,KF,255,165,96,85500,867.0,PB,,7,9.0,295849.0,890.0,9.0,295849.0,890.0,32872.11111111111,98.88888888888889
881,Lateral parabrachial nucleus,LPB,255,169,96,85600,867.0,PB,,7,,0.0,0.0,309.0,6684169.0,21846.0,21631.614886731393,70.69902912621359
860,"Lateral parabrachial nucleus, central part",LPBC,255,169,96,85700,881.0,LPB,,8,27.0,477975.0,1834.0,27.0,477975.0,1834.0,17702.777777777777,67.92592592592592
2458,"Lateral parabrachial nucleus, crescent part",LPBCr,255,169,96,85710,881.0,LPB,,8,93.0,2570139.0,7442.0,93.0,2570139.0,7442.0,27635.90322580645,80.02150537634408
868,"Lateral parabrachial nucleus, dorsal part",LPBD,255,169,96,85800,881.0,LPB,,8,17.0,142769.0,698.0,17.0,142769.0,698.0,8398.176470588236,41.05882352941177
875,"Lateral parabrachial nucleus, external part",LPBE,255,169,96,85900,881.0,LPB,,8,95.0,2555339.0,7953.0,95.0,2555339.0,7953.0,26898.305263157894,83.71578947368421
883,"Lateral parabrachial nucleus, superior part",LPBS,255,169,96,86000,881.0,LPB,,8,10.0,215212.0,756.0,10.0,215212.0,756.0,21521.2,75.6
891,"Lateral parabrachial nucleus, ventral part",LPBV,255,169,96,86100,881.0,LPB,,8,14.0,236385.0,799.0,14.0,236385.0,799.0,16884.64285714286,57.07142857142857
2213,"Lateral parabrachial nucleus, internal part",LPBI,255,169,96,86110,881.0,LPB,,8,14.0,94052.0,475.0,14.0,94052.0,475.0,6718.0,33.92857142857143
890,Medial parabrachial nucleus,MPB,255,168,96,86200,867.0,PB,,7,,0.0,0.0,155.0,2596103.0,9294.0,16749.051612903226,59.961290322580645
899,"Medial parabrachial nucleus, external part",MPBE,255,168,96,86300,890.0,MPB,,8,23.0,659583.0,1944.0,23.0,659583.0,1944.0,28677.521739130436,84.52173913043478
398,Superior olivary complex,SOC,255,170,94,86600,1132.0,P-sen,,6,,0.0,0.0,618.0,13629611.0,46561.0,22054.386731391587,75.34142394822007
122,"Superior olivary complex, periolivary nucleus",POR,255,170,94,86700,398.0,SOC,,7,,0.0,0.0,189.0,4683414.0,15362.0,24779.968253968254,81.28042328042328
2207,Lateroventral periolivary nucleus,LVPO,255,170,94,86710,122.0,POR,,8,64.0,1247819.0,4421.0,64.0,1247819.0,4421.0,19497.171875,69.078125
2208,Medioventral periolivary nucleus,MVPO,255,170,94,86720,122.0,POR,,8,114.0,3347128.0,10511.0,114.0,3347128.0,10511.0,29360.77192982456,92.20175438596492
2209,Dorsal periolivary region,DPO,255,170,94,86730,122.0,POR,,8,11.0,88467.0,430.0,11.0,88467.0,430.0,8042.454545454545,39.09090909090909
2227,Caudal periolivary nucleus,CPO,255,170,94,86740,122.0,POR,,8,,0.0,0.0,0.0,0.0,0.0,,
2456,Superior paraolivary nucleus,SPO,255,170,94,86750,398.0,SOC,,7,185.0,3900143.0,13694.0,185.0,3900143.0,13694.0,21081.854054054053,74.02162162162162
105,Medial superior olive,MSO,255,170,94,86800,398.0,SOC,,7,17.0,306966.0,1287.0,17.0,306966.0,1287.0,18056.823529411766,75.70588235294117
114,Lateral superior olive,LSO,255,170,94,86900,398.0,SOC,,7,204.0,4458428.0,15103.0,204.0,4458428.0,15103.0,21855.039215686276,74.0343137254902
2187,Nucleus of the central acoustic tract,CAT,255,170,94,86910,398.0,SOC,,7,23.0,280660.0,1115.0,23.0,280660.0,1115.0,12202.608695652174,48.47826086956522
987,"Pons, motor related",P-mot,255,174,92,87000,771.0,P,,5,,0.0,0.0,1907.0,36508204.0,121647.0,19144.31253277399,63.78972207656004
2191,A7 noradrenaline cells,A7,255,79,87,78320,987.0,P-mot,,6,,0.0,0.0,0.0,0.0,0.0,,
280,Barrington's nucleus,Bar,255,174,80,87100,987.0,P-mot,,6,,0.0,0.0,81.0,2271105.0,6256.0,28038.333333333332,77.23456790123457
2459,"Barrington's nucleus, dorsal part",Bard,255,174,80,87110,280.0,Bar,,7,36.0,1287995.0,3114.0,36.0,1287995.0,3114.0,35777.63888888889,86.5
2460,"Barrington's nucleus, ventral part",Barv,255,174,80,87120,280.0,Bar,,7,29.0,636712.0,1992.0,29.0,636712.0,1992.0,21955.58620689655,68.6896551724138
880,Dorsal tegmental nucleus,DTg,255,174,87,87200,987.0,P-mot,,6,,0.0,0.0,59.0,1706027.0,4854.0,28915.71186440678,82.27118644067797
2210,"Dorsal tegmental nucleus, central part",DTgC,255,174,87,87210,880.0,DTg,,7,,0.0,0.0,0.0,0.0,0.0,,
2201,"Dorsal tegmental nucleus, pericentral part",DTgP,255,174,87,87220,880.0,DTg,,7,2.0,24727.0,92.0,2.0,24727.0,92.0,12363.5,46.0
2230,Posterodorsal tegmental nucleus,PDTg,255,174,87,87230,880.0,DTg,,7,57.0,1681300.0,4762.0,57.0,1681300.0,4762.0,29496.491228070176,83.54385964912281
898,Central gray,CG,255,174,120,87400,987.0,P-mot,,6,,0.0,0.0,144.0,5411414.0,13541.0,37579.26388888889,94.03472222222223
2215,"Central gray, alpha part",CGA,255,174,120,87410,898.0,CG,,7,15.0,885607.0,1685.0,15.0,885607.0,1685.0,59040.46666666667,112.33333333333333
2216,"Central gray, beta part",CGB,255,174,120,87420,898.0,CG,,7,16.0,385797.0,1261.0,16.0,385797.0,1261.0,24112.3125,78.8125
2231,"Central gray, gamma part",CGG,255,174,120,87430,898.0,CG,,7,,0.0,0.0,0.0,0.0,0.0,,
2221,"Central gray, nucleus O",CGO,255,174,120,87440,898.0,CG,,7,8.0,327872.0,1000.0,8.0,327872.0,1000.0,40984.0,125.0
931,Pontine nuclei,Pn,255,174,92,87500,987.0,P-mot,,6,1220.0,20871676.0,73908.0,1220.0,20871676.0,73908.0,17107.931147540985,60.58032786885246
2206,"Pontine reticular nucleus, caudal part",PnC,255,174,85,87600,987.0,P-mot,,6,165.0,2067274.0,8791.0,165.0,2067274.0,8791.0,12528.933333333332,53.27878787878788
2197,Dorsomedial tegmental area,DMTg,255,174,85,87610,1117.0,P-sat,,6,72.0,1469562.0,5235.0,72.0,1469562.0,5235.0,20410.583333333332,72.70833333333333
2220,Sphenoid nucleus,Sph,255,174,92,87710,987.0,P-mot,,6,,0.0,0.0,0.0,0.0,0.0,,
318,Supragenual nucleus,SGe,255,174,84,87800,987.0,P-mot,,6,1.0,9176.0,47.0,1.0,9176.0,47.0,9176.0,47.0
462,Superior salivatory nucleus,SuS,255,174,83,87900,987.0,P-mot,,6,14.0,220650.0,892.0,14.0,220650.0,892.0,15760.714285714286,63.714285714285715
534,Supratrigeminal nucleus,Su5,255,174,82,88000,987.0,P-mot,,6,79.0,834973.0,3360.0,79.0,834973.0,3360.0,10569.278481012658,42.53164556962025
574,Reticulotegmental nucleus of the pons,RtTg,255,174,81,88100,987.0,P-mot,,6,,0.0,0.0,68.0,1674471.0,5129.0,24624.573529411766,75.42647058823529
2165,"Reticulotegmental nucleus of the pons, pericentral part",RtTgP,255,174,81,88110,574.0,RtTg,,7,20.0,404857.0,1204.0,20.0,404857.0,1204.0,20242.85,60.2
2166,B9 serotonin cells,B9,255,174,81,88120,771.0,P,,5,2.0,24333.0,114.0,2.0,24333.0,114.0,12166.5,57.0
621,Motor trigeminal nucleus,5N,255,174,104,88200,987.0,P-mot,,6,,0.0,0.0,50.0,1199547.0,3881.0,23990.94,77.62
2204,"Motor trigeminal nucleus, anterior digastric part",5ADi,255,174,104,88210,621.0,5N,,7,5.0,103524.0,468.0,5.0,103524.0,468.0,20704.8,93.6
2453,"Motor trigeminal nucleus, temporalis part",5Te,255,174,104,88210,621.0,5N,,7,6.0,85933.0,369.0,6.0,85933.0,369.0,14322.166666666666,61.5
2194,Interfascicular trigeminar nucleus,IF5/5TT,255,174,104,88220,621.0,5N,,7,5.0,47434.0,198.0,5.0,47434.0,198.0,9486.8,39.6
2454,"Motor trigeminal nucleus, masseter part",5Ma,255,174,104,88220,621.0,5N,,7,11.0,328189.0,1068.0,11.0,328189.0,1068.0,29835.363636363636,97.0909090909091
2455,"Motor trigeminal nucleus, medial pterygoid part",5MPt,255,174,104,88230,621.0,5N,,7,21.0,226732.0,936.0,21.0,226732.0,936.0,10796.761904761905,44.57142857142857
2193,Peritrigeminal zone,P5,255,174,104,88230,987.0,P-mot,,6,26.0,241891.0,988.0,26.0,241891.0,988.0,9303.5,38.0
1117,"Pons, behavioral state related",P-sat,255,172,120,88300,771.0,P,,5,,0.0,0.0,840.0,16656854.0,57001.0,19829.588095238094,67.85833333333333
679,Nucleus raphÈ,NR,255,172,119,88400,1117.0,P-sat,,6,,0.0,0.0,118.0,3410840.0,9338.0,28905.42372881356,79.13559322033899
137,Paramedian raphÈ nucleus,PMnR,255,172,119,88500,679.0,NR,,7,83.0,1999949.0,6050.0,83.0,1999949.0,6050.0,24095.77108433735,72.89156626506023
130,Median raphÈ nucleus,MnR,255,172,119,88600,679.0,NR,,7,35.0,1410891.0,3288.0,35.0,1410891.0,3288.0,40311.171428571426,93.94285714285714
147,Locus coeruleus,LC,255,172,118,88700,1117.0,P-sat,,6,103.0,2306640.0,7609.0,103.0,2306640.0,7609.0,22394.563106796115,73.87378640776699
2284,Laterodorsal tegmental nucleus,LDT,255,172,117,88800,1117.0,P-sat,,6,,0.0,0.0,67.0,1954770.0,5486.0,29175.671641791047,81.88059701492537
162,"Laterodorsal tegmental nucleus, dorsal part",LDTg,255,172,117,88810,2284.0,LDT,,7,,0.0,0.0,42.0,958316.0,2772.0,22817.04761904762,66.0
2366,"Laterodorsal tegmental nucleus, dorsal part, lateral division",LDTdl,255,172,117,88820,162.0,LDTg,,8,22.0,722907.0,1778.0,22.0,722907.0,1778.0,32859.40909090909,80.81818181818181
2367,"Laterodorsal tegmental nucleus, dorsal part, medial division",LDTdm,255,172,117,88830,162.0,LDTg,,8,9.0,143040.0,580.0,9.0,143040.0,580.0,15893.333333333334,64.44444444444444
2195,"Laterodorsal tegmental nucleus, ventral part",LDTgV,255,172,117,88840,2284.0,LDT,,7,25.0,996454.0,2714.0,25.0,996454.0,2714.0,39858.16,108.56
146,Pontine reticular nucleus,PRNr,255,172,120,89000,1117.0,P-sat,,6,,0.0,0.0,427.0,6248513.0,25238.0,14633.519906323185,59.105386416861826
2205,"Pontine reticular nucleus, oral part",PnO,255,172,120,89010,146.0,PRNr,,7,379.0,5680058.0,22982.0,379.0,5680058.0,22982.0,14986.96042216359,60.638522427440634
2217,"Pontine reticular nucleus, ventral part",PnV,255,172,120,89020,146.0,PRNr,,7,48.0,568455.0,2256.0,48.0,568455.0,2256.0,11842.8125,47.0
2182,Epirubrospinal nucleus,ERS,255,172,120,89030,146.0,PRNr,,7,,0.0,0.0,0.0,0.0,0.0,,
2185,Medial paralemniscial nucleus,MPL,255,172,120,89040,1117.0,P-sat,,6,29.0,647632.0,2088.0,29.0,647632.0,2088.0,22332.137931034482,72.0
2186,"Perilemniscal nucleus, ventral part",PLV,255,172,120,89050,1117.0,P-sat,,6,17.0,525577.0,1688.0,17.0,525577.0,1688.0,30916.29411764706,99.29411764705883
238,Pontine raphÈ nucleus,PnR,255,172,115,89100,1117.0,P-sat,,6,7.0,93320.0,319.0,7.0,93320.0,319.0,13331.42857142857,45.57142857142857
354,Medulla,MY,255,160,176,89400,1065.0,HB,,4,,0.0,0.0,14667.0,319258102.0,1049256.0,21767.103156746438,71.53855594191042
2246,A5 noradrenaline cells,A5,255,79,87,78330,354.0,MY,,5,,0.0,0.0,0.0,0.0,0.0,,
386,"Medulla, sensory related",MY-sen,255,176,176,89500,354.0,MY,,5,,0.0,0.0,4197.0,83913926.0,281699.0,19993.787467238504,67.11913271384321
207,Area postrema,AP,255,176,178,89600,386.0,MY-sen,,6,81.0,1195693.0,4420.0,81.0,1195693.0,4420.0,14761.641975308641,54.5679012345679
2274,Area subpostrema,SubP,255,176,178,89610,386.0,MY-sen,,6,15.0,328132.0,1174.0,15.0,328132.0,1174.0,21875.466666666667,78.26666666666667
607,Cochlear nuclei,CN,255,176,177,89700,386.0,MY-sen,,6,,0.0,0.0,1150.0,27021784.0,85622.0,23497.203478260868,74.45391304347827
112,Granule cell layer of the cochlear nuclei,GrC (VCCap in 81),255,176,177,89800,607.0,CN,,7,178.0,5045093.0,14403.0,178.0,5045093.0,14403.0,28343.219101123595,80.91573033707866
560,"Ventral cochlear nucleus, granule cell layer",VCAGr,255,176,177,89900,607.0,CN,,7,,0.0,0.0,0.0,0.0,0.0,,
96,Dorsal cochlear nucleus,DC,255,155,205,90000,607.0,CN,,7,,0.0,0.0,419.0,10588210.0,33628.0,25270.19093078759,80.25775656324582
2234,"Dorsal cochlear nucleus, molecular layer",DCMo,255,155,205,90010,96.0,DC,,8,188.0,3974858.0,13375.0,188.0,3974858.0,13375.0,21142.86170212766,71.1436170212766
2235,"Dorsal cochlear nucleus, fusiform layer",DCFu,255,155,205,90020,96.0,DC,,8,82.0,1757169.0,6661.0,82.0,1757169.0,6661.0,21428.89024390244,81.23170731707317
2236,"Dorsal cochlear nucleus, deep layer",DCDp,255,155,205,90030,96.0,DC,,8,69.0,2043416.0,6204.0,69.0,2043416.0,6204.0,29614.72463768116,89.91304347826087
101,Ventral cochlear nucleus,VC,255,155,205,90100,607.0,CN,,7,,0.0,0.0,553.0,11388481.0,37591.0,20593.998191681734,67.97649186256781
2238,"Ventral cochlear nucleus, anterior part",VCA,255,155,205,90110,101.0,VC,,8,357.0,8366510.0,26469.0,357.0,8366510.0,26469.0,23435.602240896358,74.14285714285714
2237,"Ventral cochlear nucleus, posterior part",VCP,255,155,205,90120,101.0,VC,,8,67.0,947055.0,3517.0,67.0,947055.0,3517.0,14135.149253731342,52.492537313432834
2243,"Ventral cochlear nucleus, posterior part, octopus cell area",VCPO,255,155,205,90130,101.0,VC,,8,129.0,2074916.0,7605.0,129.0,2074916.0,7605.0,16084.62015503876,58.95348837209303
720,Dorsal column nuclei,DCN,255,177,176,90200,386.0,MY-sen,,6,,0.0,0.0,247.0,3359700.0,13407.0,13602.024291497975,54.27935222672065
711,Cuneate nucleus,Cu,255,177,177,90300,720.0,DCN,,7,,0.0,0.0,223.0,3116799.0,12363.0,13976.677130044844,55.43946188340807
2285,"Cuneate nucleus, dorsal part",CuD,255,177,177,90310,711.0,Cu,,8,13.0,189707.0,719.0,13.0,189707.0,719.0,14592.846153846154,55.30769230769231
2278,"Cuneate nucleus, rotundus part",CuR,255,177,177,90320,711.0,Cu,,8,98.0,1498209.0,5981.0,98.0,1498209.0,5981.0,15287.84693877551,61.03061224489796
1039,Gracile nucleus,Gr,255,177,178,90400,720.0,DCN,,7,24.0,242901.0,1044.0,24.0,242901.0,1044.0,10120.875,43.5
903,External cuneate nucleus,ECu,255,176,179,90500,386.0,MY-sen,,6,272.0,4810051.0,16662.0,272.0,4810051.0,16662.0,17684.011029411766,61.25735294117647
642,Nucleus of the trapezoid body,Tz,255,176,181,90600,386.0,MY-sen,,6,49.0,1086443.0,3431.0,49.0,1086443.0,3431.0,22172.30612244898,70.0204081632653
2249,Trigeminal-solitary transition zone,5Sol,255,176,181,90610,386.0,MY-sen,,6,47.0,680541.0,2400.0,47.0,680541.0,2400.0,14479.595744680852,51.06382978723404
651,Solitary nucleus,Sol,255,178,176,90700,386.0,MY-sen,,6,,0.0,0.0,386.0,5626793.0,21402.0,14577.183937823835,55.44559585492228
659,"Solitary nucleus, central part",SolCe,255,178,177,90800,651.0,Sol,,7,17.0,209933.0,860.0,17.0,209933.0,860.0,12349.0,50.588235294117645
666,"Solitary nucleus, commissural part",SolC,255,178,178,90900,651.0,Sol,,7,48.0,799396.0,2787.0,48.0,799396.0,2787.0,16654.083333333332,58.0625
674,"Solitary nucleus, gelatinous part",SolG,255,178,179,91000,651.0,Sol,,7,35.0,428162.0,1668.0,35.0,428162.0,1668.0,12233.2,47.65714285714286
2250,"Solitary nucleus, intermediate part",SolIM,255,178,179,91010,651.0,Sol,,7,13.0,331424.0,1009.0,13.0,331424.0,1009.0,25494.153846153848,77.61538461538461
682,"Solitary nucleus, lateral part",SolL,255,178,180,91100,651.0,Sol,,7,23.0,289157.0,1265.0,23.0,289157.0,1265.0,12572.04347826087,55.0
691,"Solitary nucleus, medial part",SolM,255,178,181,91200,651.0,Sol,,7,95.0,1528214.0,5116.0,95.0,1528214.0,5116.0,16086.463157894737,53.85263157894737
2263,"Solitary nucleus, ventral part",SolV,255,178,181,91210,651.0,Sol,,7,71.0,904291.0,4048.0,71.0,904291.0,4048.0,12736.492957746479,57.014084507042256
2273,"Solitary nucleus, ventrolateral part",SolVL,255,178,181,91220,651.0,Sol,,7,12.0,204062.0,731.0,12.0,204062.0,731.0,17005.166666666668,60.916666666666664
2271,"Solitary nucleus, dorsolateral part",SolDL,255,178,181,91230,651.0,Sol,,7,11.0,172642.0,740.0,11.0,172642.0,740.0,15694.727272727272,67.27272727272727
2264,"Solitary nucleus, dorsomedial part",SolDM,255,178,181,91240,651.0,Sol,,7,34.0,452145.0,1809.0,34.0,452145.0,1809.0,13298.382352941177,53.205882352941174
2265,"Solitary nucleus, interstitial part",SolI,255,178,181,91250,651.0,Sol,,7,9.0,143291.0,558.0,9.0,143291.0,558.0,15921.222222222223,62.0
2470,"Soltary nucleus, rostrolateral part",SolRL,255,178,181,91260,651.0,Sol,,7,5.0,45625.0,249.0,5.0,45625.0,249.0,9125.0,49.8
429,"Spinal trigeminal nucleus, caudal part",Sp5C,255,176,183,91300,386.0,MY-sen,,6,763.0,15683855.0,53482.0,763.0,15683855.0,53482.0,20555.51114023591,70.09436435124509
437,"Spinal trigeminal nucleus, interpolar part",Sp5I,255,176,184,91400,386.0,MY-sen,,6,992.0,20167599.0,66333.0,992.0,20167599.0,66333.0,20330.240927419356,66.8679435483871
445,"Spinal trigeminal nucleus, oral part",Sp5O,255,176,182,91500,386.0,MY-sen,,6,,0.0,0.0,195.0,3953335.0,13366.0,20273.51282051282,68.54358974358975
45,Dorsomedial spinal trigeminal nucleus,DMSp5,255,176,182,91900,445.0,Sp5O,,7,143.0,2870676.0,9629.0,143.0,2870676.0,9629.0,20074.65734265734,67.33566433566433
2270,Paratrigeminal nucleus,Pa5,255,176,182,92010,386.0,MY-sen,,6,,0.0,0.0,0.0,0.0,0.0,,
370,"Medulla, motor related",MY-mot,255,212,219,92200,354.0,MY,,5,,0.0,0.0,9052.0,194026623.0,650586.0,21434.668912947414,71.87207247017234
2477,Ad1 adrenaline cells,Ad1,255,79,87,78340,370.0,MY-mot,,6,,0.0,0.0,0.0,0.0,0.0,,
2478,Ad2 adrenaline cells,Ad2,255,79,87,78350,370.0,MY-mot,,6,,0.0,0.0,0.0,0.0,0.0,,
2266,Ad3 adrenaline cells,Ad3,255,79,87,78360,370.0,MY-mot,,6,,0.0,0.0,0.0,0.0,0.0,,
2198,"Subcoeruleus nucleus, alpha part",SubCA,255,212,219,92210,370.0,MY-mot,,6,6.0,57456.0,283.0,6.0,57456.0,283.0,9576.0,47.166666666666664
2199,"Subcoeruleus nucleus, dorsal part",SubCD,255,212,219,92220,370.0,MY-mot,,6,32.0,385744.0,1680.0,32.0,385744.0,1680.0,12054.5,52.5
2200,"Subcoeruleus nucleus, ventral part",SubCV,255,212,219,92230,370.0,MY-mot,,6,151.0,2691786.0,10043.0,151.0,2691786.0,10043.0,17826.39735099338,66.50993377483444
653,Abducens nucleus,6N,255,212,225,92300,370.0,MY-mot,,6,,0.0,0.0,0.0,0.0,0.0,,
2229,Paraabducens nucleus,Pa6,255,212,225,92310,653.0,6N,,7,,0.0,0.0,0.0,0.0,0.0,,
2228,"Abducens nucleus, retractor bulbi part",6RB,255,212,226,92400,370.0,MY-mot,,6,,0.0,0.0,0.0,0.0,0.0,,
661,Facial nucleus,7N,255,212,234,92500,370.0,MY-mot,,6,,0.0,0.0,614.0,15195938.0,49821.0,24749.084690553747,81.14169381107492
2226,Perifacial zone,P7,255,212,234,92510,661.0,7N,,7,78.0,1377146.0,4985.0,78.0,1377146.0,4985.0,17655.71794871795,63.91025641025641
2462,"Facial nucleus, lateral subnucleus",7L,255,212,234,92520,661.0,7N,,7,141.0,2889320.0,10336.0,141.0,2889320.0,10336.0,20491.63120567376,73.30496453900709
2463,"Facial nucleus, dorsolateral subnucleus",7DL,255,212,234,92530,661.0,7N,,7,30.0,358901.0,1624.0,30.0,358901.0,1624.0,11963.366666666667,54.13333333333333
2464,"Facial nucleus, ventral intermediate subnucleus",7VI,255,212,234,92540,661.0,7N,,7,36.0,701028.0,2733.0,36.0,701028.0,2733.0,19473.0,75.91666666666667
2465,"Facial nucleus, dorsal intermediate subnucleus",7DI,255,212,234,92550,661.0,7N,,7,20.0,424749.0,1557.0,20.0,424749.0,1557.0,21237.45,77.85
2466,"Facial nucleus, dorsomedial subnucleus",7DM,255,212,234,92560,661.0,7N,,7,23.0,720978.0,2248.0,23.0,720978.0,2248.0,31346.869565217392,97.73913043478261
2467,"Facial nucleus, ventromedial subnucleus",7VM ,255,212,234,92570,661.0,7N,,7,41.0,1300480.0,4056.0,41.0,1300480.0,4056.0,31719.024390243903,98.92682926829268
576,"Facial motor nucleus, stylohyoid part",7SH,255,212,235,92600,370.0,MY-mot,,6,5.0,64801.0,230.0,5.0,64801.0,230.0,12960.2,46.0
640,Nucleus of the origin of efferents of the vestibular nerve,EVe,255,212,230,92700,370.0,MY-mot,,6,,0.0,0.0,0.0,0.0,0.0,,
2472,Ambiguus nucleus,Amb,255,212,216,92800,370.0,MY-mot,,6,,0.0,0.0,64.0,1313239.0,4664.0,20519.359375,72.875
135,"Ambiguus nucleus, compact part",AmbC,255,212,216,92810,2472.0,Amb,,7,45.0,668094.0,2643.0,45.0,668094.0,2643.0,14846.533333333333,58.733333333333334
2277,"Ambiguus nucleus, loose part",AmbL,255,212,216,92820,2472.0,Amb,,7,8.0,384730.0,1036.0,8.0,384730.0,1036.0,48091.25,129.5
2471,Retroambiguus nucleus,Rambn,255,212,216,92830,2472.0,Amb,,7,11.0,260415.0,985.0,11.0,260415.0,985.0,23674.090909090908,89.54545454545455
839,Vagus nerve nucleus,10N,255,212,184,93100,370.0,MY-mot,,6,122.0,1703546.0,6516.0,122.0,1703546.0,6516.0,13963.491803278688,53.40983606557377
1048,Gigantocellular reticular nucleus,Gi,255,212,187,93300,370.0,MY-mot,,6,,0.0,0.0,414.0,8777245.0,27724.0,21201.074879227053,66.96618357487922
2223,"Gigantocellular reticular nucleus, alpha part",GiA,255,212,187,93310,1048.0,Gi,,7,48.0,2413818.0,4984.0,48.0,2413818.0,4984.0,50287.875,103.83333333333333
2224,"Gigantocellular reticular nucleus, ventral part",GiV,255,212,187,93320,1048.0,Gi,,7,32.0,793726.0,2252.0,32.0,793726.0,2252.0,24803.9375,70.375
83,Inferior olivary nucleus,IO,255,212,189,93500,370.0,MY-mot,,6,,0.0,0.0,611.0,19153395.0,56176.0,31347.618657937808,91.94108019639934
2253,"Inferior olive, subnucleus A of medial nucleus",IOA,255,212,189,93510,83.0,IO,,7,7.0,165687.0,543.0,7.0,165687.0,543.0,23669.571428571428,77.57142857142857
2254,"Inferior olive, subnucleus B of medial nucleus",IOB,255,212,189,93520,83.0,IO,,7,11.0,573114.0,1649.0,11.0,573114.0,1649.0,52101.27272727273,149.9090909090909
2255,"Inferior olive, subnucleus C of medial nucleus",IOC,255,212,189,93530,83.0,IO,,7,13.0,570973.0,1620.0,13.0,570973.0,1620.0,43921.0,124.61538461538461
2256,"Inferior olive, dorsal nucleus",IOD,255,212,189,93540,83.0,IO,,7,166.0,4540853.0,14046.0,166.0,4540853.0,14046.0,27354.536144578313,84.6144578313253
2257,"Inferior olive, dorsomedial cell group",IODM,255,212,189,93550,83.0,IO,,7,2.0,40107.0,137.0,2.0,40107.0,137.0,20053.5,68.5
2258,"Inferior olive, principal nucleus",IOPr,255,212,189,93560,83.0,IO,,7,90.0,1595128.0,5620.0,90.0,1595128.0,5620.0,17723.644444444446,62.44444444444444
2259,"Inferior olive, ventrolateral protrusion",IOVL,255,212,189,93570,83.0,IO,,7,,0.0,0.0,0.0,0.0,0.0,,
2260,"Inferior olive, cap of Kooy of the medial nucleus",IOK,255,212,189,93580,83.0,IO,,7,1.0,99515.0,204.0,1.0,99515.0,204.0,99515.0,204.0
2261,"Inferior olive, beta subnucleus of the medial nucleus",IOBe,255,212,189,93590,83.0,IO,,7,6.0,245200.0,558.0,6.0,245200.0,558.0,40866.666666666664,93.0
2262,"Inferior olive, medial nucleus",IOM,255,212,189,93595,83.0,IO,,7,15.0,565826.0,1591.0,15.0,565826.0,1591.0,37721.73333333333,106.06666666666666
136,Intermediate reticular nucleus,IRt,255,212,187,93600,370.0,MY-mot,,6,,0.0,0.0,1263.0,24818832.0,87771.0,19650.69833729216,69.49406175771972
2225,"Intermediate reticular nucleus, alpha part",IRtA,255,212,187,93610,136.0,IRt,,7,67.0,1019039.0,3764.0,67.0,1019039.0,3764.0,15209.537313432837,56.17910447761194
106,Inferior salivatory nucleus,IS,255,212,190,93700,370.0,MY-mot,,6,17.0,190806.0,816.0,17.0,190806.0,816.0,11223.882352941177,48.0
203,Linear nucleus of the hindbrain,Li,255,212,191,93800,370.0,MY-mot,,6,7.0,84584.0,345.0,7.0,84584.0,345.0,12083.42857142857,49.285714285714285
235,Lateral reticular nucleus,LRt,255,212,193,93900,370.0,MY-mot,,6,,0.0,0.0,703.0,13035524.0,47947.0,18542.70839260313,68.20341394025604
963,"Lateral reticular nucleus, parvicellular part",LRtPC,255,212,193,94100,235.0,LRt,,7,5.0,159012.0,459.0,5.0,159012.0,459.0,31802.4,91.8
395,Paramedian reticular nucleus,PMn,255,212,195,94300,370.0,MY-mot,,6,,0.0,0.0,1312.0,29838973.0,98743.0,22743.119664634145,75.26143292682927
1098,"Medullary reticular nucleus, dorsal part",MdD,255,212,195,94400,395.0,PMn,,7,832.0,17709717.0,60642.0,832.0,17709717.0,60642.0,21285.717548076922,72.88701923076923
1107,"Medullary reticular nucleus, ventral part",MdV,255,212,195,94500,395.0,PMn,,7,374.0,7799116.0,26475.0,374.0,7799116.0,26475.0,20853.251336898396,70.78877005347593
852,Parvicellular reticular nucleus,PCRt,255,212,196,94600,370.0,MY-mot,,6,,0.0,0.0,1218.0,25985683.0,89813.0,21334.715106732347,73.73809523809524
2214,"Parvicellular reticular nucleus, alpha part",PCRtA,255,212,196,94610,852.0,PCRt,,7,562.0,10458041.0,38217.0,562.0,10458041.0,38217.0,18608.61387900356,68.0017793594306
2211,Trigeminal transition zone,5Tr,255,212,196,94620,370.0,MY-mot,,6,7.0,192912.0,569.0,7.0,192912.0,569.0,27558.85714285714,81.28571428571429
859,Parasolitary nucleus,PSol,255,212,197,94700,370.0,MY-mot,,6,,0.0,0.0,0.0,0.0,0.0,,
938,Lateral paragigantocellular nucleus,LPGi,255,212,198,94800,370.0,MY-mot,,6,,0.0,0.0,580.0,14600278.0,45751.0,25172.893103448278,78.88103448275862
2248,"Lateral paragigantocellular nucleus, external part",LPGiE,255,212,198,94810,938.0,LPGi,,7,94.0,2258390.0,7078.0,94.0,2258390.0,7078.0,24025.425531914894,75.29787234042553
970,Dorsal paragigantocellular nucleus,DPGi,255,212,198,94900,938.0,LPGi,,7,18.0,444591.0,1388.0,18.0,444591.0,1388.0,24699.5,77.11111111111111
978,"Paragigantocellular reticular nucleus, lateral part",PGRNl,255,212,198,95000,938.0,LPGi,,7,,0.0,0.0,0.0,0.0,0.0,,
2252,Caudoventrolateral reticular nucleus,CVL,255,212,198,95010,370.0,MY-mot,,6,247.0,5903792.0,18676.0,247.0,5903792.0,18676.0,23901.99190283401,75.61133603238866
2469,Rostroventrolateral reticular nucleus,RVL,255,212,198,95020,370.0,MY-mot,,6,6.0,81264.0,402.0,6.0,81264.0,402.0,13544.0,67.0
2269,Rostral ventral respiratory group,RVRG,255,212,198,95030,370.0,MY-mot,,6,68.0,2275422.0,6461.0,68.0,2275422.0,6461.0,33462.08823529412,95.01470588235294
2468,Botzinger complex,Bo,255,212,198,95040,370.0,MY-mot,,6,,0.0,0.0,49.0,1641410.0,5371.0,33498.163265306124,109.61224489795919
2251,Pre-Botzinger complex,PrBo,255,212,198,95050,2468.0,Bo,,7,48.0,1634912.0,5338.0,48.0,1634912.0,5338.0,34060.666666666664,111.20833333333333
154,Perihypoglossal nuclei,PHY,255,212,219,95100,370.0,MY-mot,,6,,0.0,0.0,172.0,3084740.0,10187.0,17934.53488372093,59.22674418604651
161,Intercalated nucleus,In,255,212,219,95200,154.0,PHY,,7,,0.0,0.0,42.0,410466.0,1893.0,9773.0,45.07142857142857
2276,Intermedius nucleus of the medulla,InM,255,212,219,95210,161.0,In,,8,5.0,38421.0,133.0,5.0,38421.0,133.0,7684.2,26.6
177,Nucleus of Roller,Ro,255,212,221,95300,154.0,PHY,,7,,0.0,0.0,0.0,0.0,0.0,,
169,Prepositus nucleus,Pr,255,212,219,95400,154.0,PHY,,7,130.0,2674274.0,8294.0,130.0,2674274.0,8294.0,20571.33846153846,63.8
1069,Parapyramidal nucleus,PPy,255,212,200,95600,370.0,MY-mot,,6,29.0,894426.0,2712.0,29.0,894426.0,2712.0,30842.275862068964,93.51724137931035
701,Vestibulocerebellar nucleus,VeCb,255,212,201,95900,370.0,MY-mot,,6,,0.0,0.0,918.0,15297851.0,53764.0,16664.325708061002,58.56644880174292
217,Superior vestibular nucleus,SuVe,255,214,201,96000,701.0,VeCb,,7,39.0,1117615.0,3248.0,39.0,1117615.0,3248.0,28656.79487179487,83.28205128205128
209,Lateral vestibular nucleus,LVe,255,214,201,96050,701.0,VeCb,,7,31.0,500589.0,1837.0,31.0,500589.0,1837.0,16148.032258064517,59.25806451612903
202,Medial vestibular nucleus,MVe,255,216,201,96100,701.0,VeCb,,7,,0.0,0.0,434.0,6962797.0,24666.0,16043.311059907834,56.83410138248848
2232,"Medial vestibular nucleus, magnocellular part",MVeMC,255,216,201,96110,202.0,MVe,,8,69.0,948224.0,3710.0,69.0,948224.0,3710.0,13742.376811594202,53.768115942028984
2233,"Medial vestibular nucleus, parvicellular part",MVePC,255,216,201,96120,202.0,MVe,,8,,0.0,0.0,226.0,4083913.0,13920.0,18070.411504424777,61.5929203539823
2368,"Medial vestibular nucleus, parvicellular part, dorsal",MVePd,255,216,201,96130,2233.0,MVePC,,9,66.0,1507357.0,4860.0,66.0,1507357.0,4860.0,22838.742424242424,73.63636363636364
2369,"Medial vestibular nucleus, parvicellular part, ventral",MVePv,255,216,201,96140,2233.0,MVePC,,9,1.0,7331.0,39.0,1.0,7331.0,39.0,7331.0,39.0
225,Spinal vestibular nucleus,SpVe,255,212,201,96200,701.0,VeCb,,7,354.0,5196022.0,19252.0,354.0,5196022.0,19252.0,14678.02824858757,54.38418079096045
2268,F cell group of the vestibular complex,FVe,255,212,201,96310,701.0,VeCb,,7,18.0,160007.0,706.0,18.0,160007.0,706.0,8889.277777777777,39.22222222222222
2218,Paracochlear glial substance,PCGS,255,212,201,96320,701.0,VeCb,,7,9.0,821047.0,1817.0,9.0,821047.0,1817.0,91227.44444444444,201.88888888888889
765,Nucleus X,X,255,212,202,96400,370.0,MY-mot,,6,181.0,3130756.0,10423.0,181.0,3130756.0,10423.0,17296.994475138123,57.58563535911602
2267,Matrix region of the medulla,Mx,255,212,202,96410,370.0,MY-mot,,6,144.0,2073334.0,8287.0,144.0,2073334.0,8287.0,14398.152777777777,57.548611111111114
773,Hypoglossal nucleus,12N,255,212,192,96500,370.0,MY-mot,,6,86.0,1062215.0,3911.0,86.0,1062215.0,3911.0,12351.337209302326,45.47674418604651
2272,Central cervical nucleus of the spinal cord,CeCv,255,212,192,96510,370.0,MY-mot,,6,,0.0,0.0,0.0,0.0,0.0,,
781,Nucleus Y of the vestibular complex,Y,255,212,203,96600,370.0,MY-mot,,6,15.0,157600.0,680.0,15.0,157600.0,680.0,10506.666666666666,45.333333333333336
379,"Medulla, behavioral state related",MY-sat,255,176,192,96800,354.0,MY,,5,,0.0,0.0,101.0,4006441.0,9403.0,39667.732673267325,93.0990099009901
206,RaphÈ magnus nucleus,RMg,255,176,193,96900,379.0,MY-sat,,6,,0.0,0.0,71.0,1233853.0,4098.0,17378.211267605635,57.71830985915493
2212,RaphÈ interpositus nucleus,RIP,255,176,193,96910,206.0,RMg,,7,1.0,43583.0,143.0,1.0,43583.0,143.0,43583.0,143.0
230,RaphÈ pallidus nucleus,RPa,255,176,195,97000,379.0,MY-sat,,6,29.0,2766159.0,5273.0,29.0,2766159.0,5273.0,95384.79310344828,181.82758620689654
222,RaphÈ obscurus nucleus,ROb,255,176,194,97100,379.0,MY-sat,,6,1.0,6429.0,32.0,1.0,6429.0,32.0,6429.0,32.0
1009,fiber tracts,fiber_tracts,204,204,204,97200,997.0,root,,1,,0.0,0.0,29826.0,589303417.0,2015573.0,19758.043887883054,67.5777174277476
2155,basilar artery,bas,204,204,204,97210,997.0,root,,1,3.0,84732.0,188.0,3.0,84732.0,188.0,28244.0,62.666666666666664
967,cranial nerves,cm,204,204,204,97300,1009.0,fiber_tracts,,2,,0.0,0.0,9975.0,221447448.0,714756.0,22200.245413533834,71.65473684210527
949,vomeronasal nerve,vn,204,204,204,97500,967.0,cm,,3,5.0,26905.0,164.0,5.0,26905.0,164.0,5381.0,32.8
840,olfactory nerve,on,204,204,204,97600,967.0,cm,,3,,0.0,0.0,3522.0,69463497.0,231290.0,19722.741908006814,65.67007382169221
1016,olfactory nerve layer,onl,204,204,204,97700,840.0,on,,4,1535.0,38135704.0,112443.0,1535.0,38135704.0,112443.0,24844.10684039088,73.25276872964169
21,"lateral olfactory tract, general",lotg,204,204,204,97800,840.0,on,,4,,0.0,0.0,1204.0,20740772.0,76929.0,17226.554817275748,63.89451827242525
2279,dorsal lateral olfactory tract,dlo,204,204,204,97900,21.0,lotg,,5,193.0,3441362.0,12334.0,193.0,3441362.0,12334.0,17830.891191709845,63.90673575129534
665,lateral olfactory tract,lo,204,204,204,97900,21.0,lotg,,5,1011.0,17299410.0,64595.0,1011.0,17299410.0,64595.0,17111.186943620178,63.8921859545005
459,accessory olfactory tract,aot,204,204,204,98100,21.0,lotg,,5,,0.0,0.0,0.0,0.0,0.0,,
900,"anterior commissure, anterior part",aca,204,204,204,98200,840.0,on,,4,61.0,993483.0,3481.0,61.0,993483.0,3481.0,16286.606557377048,57.0655737704918
2317,"anterior commissure, intrabulbar part",aci,204,204,204,98210,840.0,on,,4,722.0,9593538.0,38437.0,722.0,9593538.0,38437.0,13287.448753462604,53.23684210526316
848,optic nerve,2n,204,204,204,98300,967.0,cm,,3,,0.0,0.0,3291.0,81514884.0,258474.0,24769.03190519599,78.53965360072927
916,brachium of the superior colliculus,bsc,204,204,204,98500,848.0,2n,,4,764.0,17691271.0,60877.0,764.0,17691271.0,60877.0,23156.11387434555,79.68193717277487
336,commissure of the superior colliculus,csc,204,204,204,98600,848.0,2n,,4,5.0,703406.0,1179.0,5.0,703406.0,1179.0,140681.2,235.8
117,optic chiasm,och,204,204,204,98700,848.0,2n,,4,51.0,2338233.0,5626.0,51.0,2338233.0,5626.0,45847.705882352944,110.31372549019608
125,optic tract,opt,204,204,204,98800,848.0,2n,,4,2068.0,51287673.0,159989.0,2068.0,51287673.0,159989.0,24800.615570599613,77.36411992263056
2040,supraoptic decussation,sox,204,204,204,98810,848.0,2n,,4,403.0,9494301.0,30803.0,403.0,9494301.0,30803.0,23559.059553349874,76.43424317617865
832,oculomotor nerve,3n,204,204,204,99000,967.0,cm,,3,,0.0,0.0,101.0,2102552.0,6550.0,20817.346534653465,64.85148514851485
62,medial longitudinal fasciculus,mlf,204,204,204,99100,832.0,3n,,4,92.0,1967111.0,6013.0,92.0,1967111.0,6013.0,21381.641304347828,65.3586956521739
158,posterior commissure,pc,204,204,204,99200,832.0,3n,,4,9.0,135441.0,537.0,9.0,135441.0,537.0,15049.0,59.666666666666664
911,trochlear nerve,4n,204,204,204,99300,967.0,cm,,3,,0.0,0.0,0.0,0.0,0.0,,
901,trigeminal nerve,5n,204,204,204,99600,967.0,cm,,3,,0.0,0.0,1661.0,38903433.0,120723.0,23421.693558097533,72.68091511137868
93,motor root of the trigeminal nerve,m5,204,204,204,99700,901.0,5n,,4,25.0,644257.0,2127.0,25.0,644257.0,2127.0,25770.28,85.08
229,sensory root of the trigeminal nerve,s5,204,204,204,99800,901.0,5n,,4,,0.0,0.0,1636.0,38259176.0,118596.0,23385.804400977995,72.49144254278728
705,mesencephalic trigeminal tract,me5,204,204,204,99900,229.0,s5,,5,14.0,230426.0,827.0,14.0,230426.0,827.0,16459.0,59.07142857142857
794,spinal trigeminal tract,sp5,204,204,204,100000,229.0,s5,,5,1229.0,29539747.0,89891.0,1229.0,29539747.0,89891.0,24035.595606183888,73.14157851912124
798,facial nerve,7n,204,204,204,100100,967.0,cm,,3,,0.0,0.0,156.0,3243549.0,11292.0,20791.98076923077,72.38461538461539
1131,ascending fibers of the facial nerve,asc7,204,204,204,100200,798.0,7n,,4,,0.0,0.0,0.0,0.0,0.0,,
1116,genu of the facial nerve,g7,204,204,204,100300,798.0,7n,,4,5.0,75822.0,364.0,5.0,75822.0,364.0,15164.4,72.8
933,vestibulocochlear nerve,8n,204,204,204,100400,967.0,cm,,3,,0.0,0.0,804.0,18876807.0,59892.0,23478.61567164179,74.49253731343283
2461,interstitial nucleus of the vestibular part of the 8th nerve,I8,204,204,204,100410,933.0,8n,,4,,0.0,0.0,0.0,0.0,0.0,,
413,vestibular root of the vestibulocochlear nerve,8vn,204,204,204,100600,933.0,8n,,4,186.0,4895650.0,14302.0,186.0,4895650.0,14302.0,26320.698924731183,76.89247311827957
948,cochlear nerve,8cn,204,204,204,100700,933.0,8n,,4,,0.0,0.0,217.0,3657240.0,13559.0,16853.64055299539,62.483870967741936
2222,olivocochlear bundle,ocb,204,204,204,100710,967.0,cm,,3,5.0,60169.0,188.0,5.0,60169.0,188.0,12033.8,37.6
841,trapezoid body,tz,204,204,204,100800,948.0,8cn,,5,,0.0,0.0,0.0,0.0,0.0,,
506,dorsal acoustic stria,das,204,204,204,101000,948.0,8cn,,5,5.0,57864.0,260.0,5.0,57864.0,260.0,11572.8,52.0
658,lateral lemniscus,ll,204,204,204,101100,948.0,8cn,,5,90.0,1598023.0,5829.0,90.0,1598023.0,5829.0,17755.81111111111,64.76666666666667
633,commissure of the inferior colliculus,cic,204,204,204,101200,948.0,8cn,,5,,0.0,0.0,0.0,0.0,0.0,,
482,brachium of the inferior colliculus,bic,204,204,204,101300,948.0,8cn,,5,122.0,2001353.0,7470.0,122.0,2001353.0,7470.0,16404.532786885247,61.22950819672131
808,glossopharyngeal nerve,9n,204,204,204,101400,967.0,cm,,3,,0.0,0.0,0.0,0.0,0.0,,
917,vagus nerve,10n,204,204,204,101500,967.0,cm,,3,,0.0,0.0,4.0,110291.0,327.0,27572.75,81.75
237,solitary tract,sol,204,204,204,101600,917.0,10n,,4,4.0,110291.0,327.0,4.0,110291.0,327.0,27572.75,81.75
813,hypoglossal nerve,12n,204,204,204,101800,967.0,cm,,3,,0.0,0.0,0.0,0.0,0.0,,
792,dorsal roots,drt,204,204,204,102000,967.0,cm,,3,,0.0,0.0,390.0,6590645.0,23697.0,16899.089743589742,60.761538461538464
932,cervicothalamic tract,cett,204,204,204,102100,792.0,drt,,4,,0.0,0.0,390.0,6590645.0,23697.0,16899.089743589742,60.761538461538464
514,dorsal column,dc,204,204,204,102600,932.0,cett,,5,,0.0,0.0,0.0,0.0,0.0,,
380,cuneate fascicle,cf,204,204,204,102700,514.0,dc,,6,,0.0,0.0,0.0,0.0,0.0,,
388,gracile fasciculus,gr,204,204,204,102800,514.0,dc,,6,,0.0,0.0,0.0,0.0,0.0,,
697,medial lemniscus,ml,204,204,204,103000,932.0,cett,,5,390.0,6590645.0,23697.0,390.0,6590645.0,23697.0,16899.089743589742,60.761538461538464
871,spinothalamic tract,sst,204,204,204,103100,967.0,cm,,3,,0.0,0.0,8.0,110431.0,532.0,13803.875,66.5
293,vestibulospinal tract,vesp,204,204,204,103700,871.0,sst,,4,8.0,110431.0,532.0,8.0,110431.0,532.0,13803.875,66.5
960,cerebellum related fiber tracts,cbf,204,204,204,104200,1009.0,fiber_tracts,,2,,0.0,0.0,4615.0,103918214.0,336299.0,22517.4894907909,72.87085590465873
744,cerebellar commissure,cbc,204,204,204,104300,960.0,cbf,,3,2.0,14021.0,69.0,2.0,14021.0,69.0,7010.5,34.5
752,cerebellar peduncles,cbp,204,204,204,104400,960.0,cbf,,3,,0.0,0.0,4044.0,93237968.0,300115.0,23055.877349159247,74.21241345202769
326,superior cerebellar peduncle,scp,204,204,204,104500,752.0,cbp,,4,,0.0,0.0,1720.0,40964614.0,134006.0,23816.636046511627,77.91046511627907
812,decussation of the superior cerebellar peduncle,xscp,204,204,204,104600,326.0,scp,,5,,0.0,0.0,1594.0,38700335.0,126462.0,24278.754705144293,79.33626097867001
85,ventral spinocerebellar tract,vsct,204,204,204,104700,812.0,xscp,,6,1581.0,38564410.0,125916.0,1581.0,38564410.0,125916.0,24392.416192283366,79.64326375711575
850,uncinate fasciculus of the cerebellum,un,204,204,204,104800,326.0,scp,,5,10.0,112327.0,483.0,10.0,112327.0,483.0,11232.7,48.3
866,ventral spinocerebellar tract-,vsc,204,204,204,104900,326.0,scp,,5,,0.0,0.0,0.0,0.0,0.0,,
78,middle cerebellar peduncle,mcp,204,204,204,105000,752.0,cbp,,4,,0.0,0.0,1413.0,32231861.0,102133.0,22810.941967445153,72.28096249115357
2167,transverse fibers of the pons,tfp,204,204,204,105010,78.0,mcp,,5,858.0,18696256.0,57065.0,858.0,18696256.0,57065.0,21790.508158508157,66.509324009324
1123,inferior cerebellar peduncle,icp,204,204,204,105100,752.0,cbp,,4,,0.0,0.0,911.0,20041493.0,63976.0,21999.443468715697,70.22612513721185
553,dorsal spinocerebellar tract,dsc,204,204,204,105200,1123.0,icp,,5,,0.0,0.0,0.0,0.0,0.0,,
490,bulbocerebellar tract,bct,204,204,204,105500,1123.0,icp,,5,,0.0,0.0,0.0,0.0,0.0,,
404,olivocerebellar tract,oc,204,204,204,105600,490.0,bct,,6,,0.0,0.0,0.0,0.0,0.0,,
2275,cerebellar white matter,cbw,204,204,204,105810,967.0,cm,,3,28.0,444285.0,1627.0,28.0,444285.0,1627.0,15867.32142857143,58.107142857142854
728,middle cerebellar peduncle- ,mcep,204,204,204,105900,960.0,cbf,,3,569.0,10666225.0,36115.0,569.0,10666225.0,36115.0,18745.56239015817,63.471001757469246
983,lateral forebrain bundle system,lfbs,204,204,204,106000,1009.0,fiber_tracts,,2,,0.0,0.0,11143.0,189623972.0,698317.0,17017.317777977205,62.668670914475456
776,corpus callosum,cc,204,204,204,106100,983.0,lfbs,,3,,0.0,0.0,7188.0,103729471.0,418888.0,14430.922509738453,58.27601558152476
956,forceps minor of the corpus callosum,fmi,204,204,204,106200,776.0,cc,,4,,0.0,0.0,6957.0,99086051.0,402483.0,14242.640649705332,57.852953859422165
579,external capsule,ec,204,204,204,106300,956.0,fmi,,5,4689.0,63632968.0,269508.0,4689.0,63632968.0,269508.0,13570.690552356578,57.4766474728087
1108,genu of the corpus callosum,gcc,204,204,204,106500,776.0,cc,,4,27.0,648915.0,2290.0,27.0,648915.0,2290.0,24033.88888888889,84.81481481481481
971,forceps major of the corpus callosum,fmj,204,204,204,106600,776.0,cc,,4,34.0,814224.0,2410.0,34.0,814224.0,2410.0,23947.764705882353,70.88235294117646
986,splenium of the corpus callosum,scc,204,204,204,106800,776.0,cc,,4,7.0,83298.0,352.0,7.0,83298.0,352.0,11899.714285714286,50.285714285714285
784,corticospinal tract,cst,204,204,204,106900,983.0,lfbs,,3,,0.0,0.0,3940.0,85729294.0,278662.0,21758.704060913704,70.72639593908629
6,internal capsule,ic,204,204,204,107000,784.0,cst,,4,1260.0,25096860.0,86377.0,1260.0,25096860.0,86377.0,19918.14285714286,68.5531746031746
924,cerebral peduncle,cp,204,204,204,107100,784.0,cst,,4,2266.0,47076715.0,155334.0,2266.0,47076715.0,155334.0,20775.2493380406,68.54986760812004
190,pyramidal tract,py,204,204,204,107600,784.0,cst,,4,350.0,12671311.0,33841.0,350.0,12671311.0,33841.0,36203.74571428572,96.68857142857142
198,pyramidal decussation,pyx,204,204,204,107700,784.0,cst,,4,36.0,597022.0,1742.0,36.0,597022.0,1742.0,16583.944444444445,48.388888888888886
2169,longitudinal fasciculus of the pons,lfp,204,204,204,107910,784.0,cst,,4,28.0,287386.0,1368.0,28.0,287386.0,1368.0,10263.785714285714,48.857142857142854
896,thalamus related,lfbst,204,204,204,108000,983.0,lfbs,,3,,0.0,0.0,15.0,165207.0,767.0,11013.8,51.13333333333333
1092,External medullary lamina,eml,204,204,204,108100,896.0,lfbst,,4,13.0,149766.0,685.0,13.0,149766.0,685.0,11520.461538461539,52.69230769230769
14,internal medullary lamina,iml,204,204,204,108200,896.0,lfbst,,4,,0.0,0.0,0.0,0.0,0.0,,
2109,superior thalamic radiation,str,204,204,204,108210,896.0,lfbst,,4,2.0,15441.0,82.0,2.0,15441.0,82.0,7720.5,41.0
1000,extrapyramidal fiber systems,eps,204,204,204,108500,1009.0,fiber_tracts,,2,,0.0,0.0,668.0,11010406.0,39847.0,16482.64371257485,59.65119760479042
760,cerebral nuclei related,epsc,204,204,204,108600,1000.0,eps,,3,,0.0,0.0,491.0,6569931.0,25971.0,13380.714867617107,52.89409368635438
102,nigrostriatal bundle,ns,204,204,204,108800,760.0,epsc,,4,491.0,6569931.0,25971.0,491.0,6569931.0,25971.0,13380.714867617107,52.89409368635438
877,tectospinal tract,ts,204,204,204,109300,1000.0,eps,,3,,0.0,0.0,34.0,596303.0,2119.0,17538.323529411766,62.3235294117647
1060,dorsal tegmental decussation,dtgx,204,204,204,109500,877.0,ts,,4,,0.0,0.0,0.0,0.0,0.0,,
863,rubrospinal tract,rs,204,204,204,109700,1000.0,eps,,3,,0.0,0.0,140.0,3789303.0,11526.0,27066.45,82.32857142857142
397,ventral tegmental decussation,vtgx,204,204,204,109800,863.0,rs,,4,17.0,1077644.0,2187.0,17.0,1077644.0,2187.0,63390.82352941176,128.64705882352942
941,vestibulomesencephalic tract,veme,204,204,204,110400,1000.0,eps,,3,3.0,54869.0,231.0,3.0,54869.0,231.0,18289.666666666668,77.0
991,medial forebrain bundle system,mfbs,204,204,204,110500,1009.0,fiber_tracts,,2,,0.0,0.0,3425.0,63303377.0,226354.0,18482.73781021898,66.08875912408759
768,cerebrum related,mfbc,204,204,204,110600,991.0,mfbs,,3,,0.0,0.0,2887.0,50822273.0,186955.0,17603.83546934534,64.75753377208174
908,"anterior commissure, posterior limb",acp,204,204,204,110900,768.0,mfbc,,4,55.0,802029.0,2992.0,55.0,802029.0,2992.0,14582.345454545455,54.4
940,cingulum,cg,204,204,204,111000,768.0,mfbc,,4,331.0,7192475.0,25661.0,331.0,7192475.0,25661.0,21729.53172205438,77.52567975830816
1099,fornix system,fxs,204,204,204,111100,768.0,mfbc,,4,,0.0,0.0,1902.0,29735006.0,115420.0,15633.546792849633,60.683491062039955
466,alveus of the hippocampus,alv,204,204,204,111200,1099.0,fxs,,5,714.0,9685871.0,40498.0,714.0,9685871.0,40498.0,13565.645658263305,56.719887955182074
530,dorsal fornix,df,204,204,204,111300,1099.0,fxs,,5,15.0,588223.0,1480.0,15.0,588223.0,1480.0,39214.86666666667,98.66666666666667
603,fimbria of the hippocampus,fi,204,204,204,111400,1099.0,fxs,,5,877.0,15070918.0,57102.0,877.0,15070918.0,57102.0,17184.627137970354,65.11060433295324
737,postcommissural fornix,fxpo,204,204,204,111700,1099.0,fxs,,5,,0.0,0.0,159.0,2586606.0,8910.0,16267.962264150943,56.0377358490566
436,fornix,f,204,204,204,111900,737.0,fxpo,,6,159.0,2586606.0,8910.0,159.0,2586606.0,8910.0,16267.962264150943,56.0377358490566
618,hippocampal commissures,hc,204,204,204,112000,1099.0,fxs,,5,,0.0,0.0,137.0,1803388.0,7430.0,13163.416058394161,54.23357664233577
443,dorsal hippocampal commissure,dhc,204,204,204,112100,618.0,hc,,6,124.0,1702033.0,6941.0,124.0,1702033.0,6941.0,13726.072580645161,55.975806451612904
449,ventral hippocampal commissure,vhc,204,204,204,112200,618.0,hc,,6,13.0,101355.0,489.0,13.0,101355.0,489.0,7796.538461538462,37.61538461538461
37,longitudinal association bundle,lab,204,204,204,112500,768.0,mfbc,,4,,0.0,0.0,0.0,0.0,0.0,,
301,stria terminalis,st,204,204,204,112600,768.0,mfbc,,4,,0.0,0.0,599.0,13092763.0,42882.0,21857.701168614356,71.58931552587646
2394,commissural stria terminalis,cmst,204,204,204,112610,301.0,st,,5,,0.0,0.0,0.0,0.0,0.0,,
824,hypothalamus related,mfsbshy,204,204,204,112700,991.0,mfbs,,3,,0.0,0.0,538.0,12481104.0,39399.0,23199.0780669145,73.23234200743494
54,medial forebrain bundle,mfb,204,204,204,112800,824.0,mfsbshy,,4,,0.0,0.0,0.0,0.0,0.0,,
341,retromammillary decussation,rmx,204,204,204,113600,824.0,mfsbshy,,4,8.0,239831.0,934.0,8.0,239831.0,934.0,29978.875,116.75
46,mammillary related,mfbsma,204,204,204,114300,824.0,mfsbshy,,4,,0.0,0.0,112.0,1646294.0,6215.0,14699.05357142857,55.49107142857143
753,principal mammillary tract,pm,204,204,204,114400,46.0,mfbsma,,5,,0.0,0.0,0.0,0.0,0.0,,
690,mammilothalmic tract,mt,204,204,204,114500,46.0,mfbsma,,5,101.0,1521297.0,5732.0,101.0,1521297.0,5732.0,15062.346534653465,56.75247524752475
681,mammillotegmental tract,mtg,204,204,204,114600,46.0,mfbsma,,5,6.0,79903.0,283.0,6.0,79903.0,283.0,13317.166666666666,47.166666666666664
673,mammillary peduncle,mp,204,204,204,114700,46.0,mfbsma,,5,5.0,45094.0,200.0,5.0,45094.0,200.0,9018.8,40.0
1083,epithalamus related,mfbse,204,204,204,115000,824.0,mfsbshy,,4,,0.0,0.0,418.0,10594979.0,32250.0,25346.83971291866,77.1531100478469
802,stria medullaris,sm,204,204,204,115100,1083.0,mfbse,,5,248.0,6681794.0,19054.0,248.0,6681794.0,19054.0,26942.717741935485,76.83064516129032
595,fasciculus retroflexus,fr,204,204,204,115200,1083.0,mfbse,,5,133.0,3142832.0,10565.0,133.0,3142832.0,10565.0,23630.315789473683,79.43609022556392
611,habenular commissure,hbc,204,204,204,115300,1083.0,mfbse,,5,37.0,770353.0,2631.0,37.0,770353.0,2631.0,20820.35135135135,71.10810810810811
73,ventricular systems,VS,170,170,170,115800,997.0,root,,1,,0.0,0.0,11643.0,295449604.0,902731.0,25375.728248733143,77.53422657390706
81,lateral ventricle,LV,170,170,170,115900,73.0,VS,,2,,0.0,0.0,5769.0,123957084.0,416226.0,21486.754030161206,72.14872594903797
98,ependymal and subendymal layer/olfacotry ventricle,E/OV,170,170,170,116100,81.0,LV,,3,34.0,1038800.0,2350.0,34.0,1038800.0,2350.0,30552.941176470587,69.11764705882354
108,choroid plexus,chp,170,170,170,116200,81.0,LV,,3,,0.0,0.0,0.0,0.0,0.0,,
124,interventricular foramen,IVF,170,170,170,116400,73.0,VS,,2,,0.0,0.0,0.0,0.0,0.0,,
129,3rd Ventricle,3V,170,170,170,116500,73.0,VS,,2,,0.0,0.0,2248.0,79673619.0,216219.0,35442.00133451957,96.18282918149467
2373,dorsal third ventricle,D3V,170,170,170,116510,129.0,3V,,3,2046.0,69959146.0,195197.0,2046.0,69959146.0,195197.0,34193.13098729228,95.40420332355816
140,aqueduct,Aq,170,170,170,116600,73.0,VS,,2,359.0,12031105.0,34497.0,359.0,12031105.0,34497.0,33512.82729805014,96.09192200557104
145,4th Ventricle,4V,170,170,170,116700,73.0,VS,,2,,0.0,0.0,3267.0,79787796.0,235789.0,24422.343434343435,72.1729415365779
2219,superior medullary velum,SMV,170,170,170,116710,145.0,4V,,3,82.0,2409540.0,7601.0,82.0,2409540.0,7601.0,29384.634146341465,92.6951219512195
153,lateral recess of the 4th ventricle,LR4V,170,170,170,116800,145.0,4V,,3,1266.0,32195482.0,93828.0,1266.0,32195482.0,93828.0,25430.87045813586,74.11374407582939
164,central canal,CC,170,170,170,116900,73.0,VS,,2,,0.0,0.0,0.0,0.0,0.0,,
1024,grooves,grv,170,170,170,117000,997.0,root,,1,,0.0,0.0,15.0,186513.0,750.0,12434.2,50.0
1032,grooves of the cerebral cortex,grv_of_CTX,170,170,170,117100,1024.0,grv,,2,,0.0,0.0,0.0,0.0,0.0,,
1063,hippocampal fissure,hif,170,170,170,117300,1032.0,grv_of_CTX,,3,,0.0,0.0,0.0,0.0,0.0,,
1071,rhinal fissure,rf,170,170,170,117400,1032.0,grv_of_CTX,,3,,0.0,0.0,0.0,0.0,0.0,,
1040,grooves of the cerebellar cortex,grv_of_CBX,170,170,170,117600,1024.0,grv,,2,,0.0,0.0,0.0,0.0,0.0,,
1087,precentral fissure,pcn,170,170,170,117700,1040.0,grv_of_CBX,,3,,0.0,0.0,0.0,0.0,0.0,,
1095,preculminate,pcuf,170,170,170,117800,1040.0,grv_of_CBX,,3,,0.0,0.0,0.0,0.0,0.0,,
1103,primary fissure,prf,170,170,170,117900,1040.0,grv_of_CBX,,3,,0.0,0.0,0.0,0.0,0.0,,
1112,post superior fissure,psf,170,170,170,118000,1040.0,grv_of_CBX,,3,,0.0,0.0,0.0,0.0,0.0,,
1119,prepyramidal fissure,ppf,170,170,170,118100,1040.0,grv_of_CBX,,3,,0.0,0.0,0.0,0.0,0.0,,
3,secondary fissure,sf,170,170,170,118200,1040.0,grv_of_CBX,,3,,0.0,0.0,0.0,0.0,0.0,,
11,posterolateral fissure,plf,170,170,170,118300,1040.0,grv_of_CBX,,3,,0.0,0.0,0.0,0.0,0.0,,
34,intercrural fissure,icf,170,170,170,118600,1040.0,grv_of_CBX,,3,,0.0,0.0,0.0,0.0,0.0,,
43,ansoparamedian fissure,apmf,170,170,170,118700,1040.0,grv_of_CBX,,3,,0.0,0.0,0.0,0.0,0.0,,
65,parafloccular sulcus,pfs,170,170,170,119000,1040.0,grv_of_CBX,,3,,0.0,0.0,0.0,0.0,0.0,,
624,Interpeduncular fossa,IPF,170,170,170,119100,1024.0,grv,,2,15.0,186513.0,750.0,15.0,186513.0,750.0,12434.2,50.0
2502,"3rd Ventricle, leaf",3V_leaf,170,170,170,116500,129.0,3V,,3,202.0,9714473.0,21022.0,202.0,9714473.0,21022.0,48091.4504950495,104.06930693069307
103,"lateral ventricle, leaf",LV_leaf,170,170,170,115900,81.0,LV,,3,5735.0,122918284.0,413876.0,5735.0,122918284.0,413876.0,21433.00505666957,72.16669572798605
1186,"4th Ventricle, leaf",4V_leaf,170,170,170,116700,145.0,4V,,3,1919.0,45182774.0,134360.0,1919.0,45182774.0,134360.0,23544.957790515895,70.01563314226159
396,"rubrospinal tract, leaf",rs_leaf,204,204,204,109700,863.0,rs,,4,123.0,2711659.0,9339.0,123.0,2711659.0,9339.0,22046.0081300813,75.92682926829268
1055,"tectospinal tract, leaf",ts_leaf,204,204,204,109300,877.0,ts,,4,34.0,596303.0,2119.0,34.0,596303.0,2119.0,17538.323529411766,62.3235294117647
1003,"corpus callosum, leaf",cc_leaf,204,204,204,106100,776.0,cc,,4,163.0,3096983.0,11353.0,163.0,3096983.0,11353.0,18999.895705521474,69.65030674846626
1221,"Midbrain, leaf",MB_leaf,255,200,255,78500,313.0,MB,,4,72.0,974745.0,3998.0,72.0,974745.0,3998.0,13538.125,55.52777777777778
1122,"facial nerve, leaf",7n_leaf,204,204,204,100100,798.0,7n,,4,151.0,3167727.0,10928.0,151.0,3167727.0,10928.0,20978.324503311258,72.37086092715232
1274,"vestibulocochlear nerve, leaf",8n_leaf,204,204,204,100400,933.0,8n,,4,401.0,10323917.0,32031.0,401.0,10323917.0,32031.0,25745.428927680798,79.87780548628429
965,"Midbrain, motor related, leaf",MBmot_leaf,255,132,255,79900,323.0,MBmot,,5,94.0,1527144.0,5817.0,94.0,1527144.0,5817.0,16246.212765957447,61.88297872340426
2196,"Medial cerebellar nucleus, leaf",Med_leaf,240,240,82,63000,989.0,Med,,5,22.0,336460.0,1311.0,22.0,336460.0,1311.0,15293.636363636364,59.59090909090909
447,"Cortical subplate, leaf",CTXsp_leaf,80,255,80,46400,703.0,CTXsp,,5,366.0,6717941.0,23368.0,366.0,6717941.0,23368.0,18355.03005464481,63.84699453551912
751,"sensory root of the trigeminal nerve, leaf",s5_leaf,204,204,204,99800,229.0,s5,,5,393.0,8489003.0,27878.0,393.0,8489003.0,27878.0,21600.516539440203,70.93638676844783
2503,"stria terminalis, leaf",st_leaf,204,204,204,112600,301.0,st,,5,599.0,13092763.0,42882.0,599.0,13092763.0,42882.0,21857.701168614356,71.58931552587646
838,"superior cerebellar peduncle, leaf",scp_leaf,204,204,204,104500,326.0,scp,,5,116.0,2151952.0,7061.0,116.0,2151952.0,7061.0,18551.310344827587,60.87068965517241
1378,"Thalamus, leaf",TH_leaf,255,112,128,63500,549.0,TH,,5,6.0,113668.0,429.0,6.0,113668.0,429.0,18944.666666666668,71.5
1350,"Pons, leaf",P_leaf,255,155,136,84700,771.0,P,,5,210.0,6894986.0,17599.0,210.0,6894986.0,17599.0,32833.26666666667,83.8047619047619
2171,"middle cerebellar peduncle, leaf",mcp_leaf,204,204,204,105000,78.0,mcp,,5,555.0,13535605.0,45068.0,555.0,13535605.0,45068.0,24388.477477477478,81.2036036036036
521,"inferior cerebellar peduncle, leaf",icp_leaf,204,204,204,105100,1123.0,icp,,5,911.0,20041493.0,63976.0,911.0,20041493.0,63976.0,21999.443468715697,70.22612513721185
584,"forceps minor of the corpus callosum, leaf",fmi_leaf,204,204,204,106200,956.0,fmi,,5,2268.0,35453083.0,132975.0,2268.0,35453083.0,132975.0,15631.870811287477,58.63095238095238
855,"Medulla, leaf",MY_leaf,255,160,176,89400,354.0,MY,,5,1317.0,37311112.0,107568.0,1317.0,37311112.0,107568.0,28330.38116932422,81.67653758542141
2113,"Oculomotor nerve, leaf",3N_leaf,255,168,255,82800,35.0,3N,,6,11.0,267059.0,879.0,11.0,267059.0,879.0,24278.090909090908,79.9090909090909
2106,"Retroisthmic nucleus, leaf",RIs_leaf,255,178,249,80200,246.0,RIs,,6,7.0,111863.0,490.0,7.0,111863.0,490.0,15980.42857142857,70.0
1999,"Claustrum, leaf",Cl_leaf,80,255,85,46600,583.0,Cl,,6,198.0,6450229.0,17148.0,198.0,6450229.0,17148.0,32576.91414141414,86.60606060606061
1163,"Ventral pallidum, leaf",VeP_leaf,160,208,176,52000,835.0,VeP,,6,782.0,16908128.0,53455.0,782.0,16908128.0,53455.0,21621.647058823528,68.35677749360613
2084,"Interstitial nucleus of Cajal, leaf",InC_leaf,255,145,255,81700,67.0,InC,,6,9.0,115257.0,496.0,9.0,115257.0,496.0,12806.333333333334,55.111111111111114
572,"Olfactory areas, leaf",OLF_leaf,144,255,144,29900,698.0,OLF,,6,37.0,541988.0,1991.0,37.0,541988.0,1991.0,14648.324324324325,53.810810810810814
2083,"Periaqueductal gray, leaf",PAG_leaf,255,144,255,81500,795.0,PAG,,6,104.0,2055828.0,6909.0,104.0,2055828.0,6909.0,19767.576923076922,66.4326923076923
602,"Striatum ventral region, leaf",STRv_leaf,160,232,232,48300,493.0,STRv,,6,79.0,1795228.0,6040.0,79.0,1795228.0,6040.0,22724.40506329114,76.45569620253164
2045,"Lateral amygdaloid nucleus, leaf",La_leaf,80,255,88,47000,131.0,La,,6,2.0,36028.0,131.0,2.0,36028.0,131.0,18014.0,65.5
1998,"Trochlear nucleus, leaf",4N_leaf,255,178,255,83000,115.0,4N,,6,3.0,39949.0,159.0,3.0,39949.0,159.0,13316.333333333334,53.0
86,"decussation of the superior cerebellar peduncle, leaf",xscp_leaf,204,204,204,104600,812.0,xscp,,6,13.0,135925.0,546.0,13.0,135925.0,546.0,10455.76923076923,42.0
1997,"Ventral tegmental area, leaf",VTA_leaf,255,178,246,80100,749.0,VTA,,6,38.0,583093.0,2457.0,38.0,583093.0,2457.0,15344.552631578947,64.65789473684211
1996,"Substantia nigra, compact part, leaf",SNC_leaf,255,158,248,83800,374.0,SNC,,6,1.0,3641.0,20.0,1.0,3641.0,20.0,3641.0,20.0
1995,"Edinger-Westphal nucleus, leaf",EW_leaf,255,178,253,82900,975.0,EW,,6,4.0,150611.0,406.0,4.0,150611.0,406.0,37652.75,101.5
1994,"Red nucleus, leaf",R_leaf,255,134,249,82700,214.0,R,,6,,0.0,0.0,0.0,0.0,0.0,,
1310,"Medulla, motor related, leaf",MY-mot_leaf,255,212,219,92200,370.0,MY-mot,,6,11.0,333071.0,820.0,11.0,333071.0,820.0,30279.18181818182,74.54545454545455
1993,"Cuneiform nucleus, leaf",CnF_leaf,255,178,254,82600,616.0,CnF,,6,99.0,1881703.0,6476.0,99.0,1881703.0,6476.0,19007.10101010101,65.41414141414141
1992,"Pedunculotegmental nucleus, leaf",PTg_leaf,255,158,255,83900,1052.0,PTg,,6,118.0,1410281.0,6074.0,118.0,1410281.0,6074.0,11951.533898305084,51.47457627118644
420,"Subparafascicular thalamic nucleus, leaf",SPF_leaf,255,112,165,64500,406.0,SPF,,7,59.0,1428630.0,4349.0,59.0,1428630.0,4349.0,24214.06779661017,73.71186440677967
2504,"Botzinger complex, leaf",Bo_leaf,255,212,198,95040,2468.0,Bo,,7,1.0,6498.0,33.0,1.0,6498.0,33.0,6498.0,33.0
2505,"Barrington's nucleus, leaf",Bar_leaf,255,174,80,87100,280.0,Bar,,7,16.0,346398.0,1150.0,16.0,346398.0,1150.0,21649.875,71.875
627,"Parabrachial nucleus, leaf",PB_leaf,255,170,96,85400,867.0,PB,,7,2.0,60755.0,191.0,2.0,60755.0,191.0,30377.5,95.5
1019,"Frontal association cortex, leaf",FrA_leaf,112,255,113,600,184.0,FrA,,7,189.0,2613945.0,11386.0,189.0,2613945.0,11386.0,13830.396825396825,60.24338624338624
2506,"Motor trigeminal nucleus, leaf",5N_leaf,255,174,104,88200,621.0,5N,,7,2.0,407735.0,842.0,2.0,407735.0,842.0,203867.5,421.0
889,"Vestibulocerebellar nucleus, leaf",VeCb_leaf,255,212,201,95900,701.0,VeCb,,7,33.0,539774.0,2238.0,33.0,539774.0,2238.0,16356.787878787878,67.81818181818181
1991,"Medial tuberal nucleus, leaf",MTu_leaf,255,79,86,78000,614.0,MTu,,7,252.0,5063916.0,16804.0,252.0,5063916.0,16804.0,20094.904761904763,66.68253968253968
1093,"Ventromedial hypothalamic nucleus, leaf",VMH_leaf,255,78,91,76700,693.0,VMH,,7,141.0,2311291.0,8174.0,141.0,2311291.0,8174.0,16392.13475177305,57.97163120567376
2507,"Intercalated nuclei of the amygdala, leaf",I_leaf,184,208,248,50700,1105.0,I,,7,99.0,2302235.0,7165.0,99.0,2302235.0,7165.0,23254.89898989899,72.37373737373737
1990,"Dorsal raphÈ nucleus, leaf",DR_leaf,255,158,252,84500,872.0,DR,,7,7.0,349615.0,998.0,7.0,349615.0,998.0,49945.0,142.57142857142858
563,"Perihinal cortex, leaf",PRh_leaf,112,255,117,28700,922.0,PRh,,7,8.0,63129.0,373.0,8.0,63129.0,373.0,7891.125,46.625
884,"Midline group of the dorsal thalamus, leaf",MTN_leaf,255,134,134,67900,571.0,MTN,,7,27.0,623156.0,1972.0,27.0,623156.0,1972.0,23079.85185185185,73.03703703703704
1989,"Arcuate hypothalamic nucleus, leaf",Arc_leaf,255,76,79,71800,223.0,Arc,,7,71.0,2122193.0,5940.0,71.0,2122193.0,5940.0,29890.042253521126,83.66197183098592
1143,"Amygdalopiriform transition area, leaf",Apir_leaf,160,255,166,36900,566.0,Apir,,7,44.0,605804.0,2413.0,44.0,605804.0,2413.0,13768.272727272728,54.84090909090909
179,"Anterior olfactory area, leaf",AO_leaf,144,255,184,31000,159.0,AO,,7,87.0,2022518.0,6324.0,87.0,2022518.0,6324.0,23247.333333333332,72.6896551724138
1988,"Retrochiasmatic area, leaf",RCh_leaf,255,79,84,77800,173.0,RCh,,7,28.0,728264.0,1922.0,28.0,728264.0,1922.0,26009.428571428572,68.64285714285714
555,"Nucleus of the lateral olfactory tract, leaf",LOT_leaf,160,255,170,34100,619.0,LOT,,7,73.0,2028607.0,6378.0,73.0,2028607.0,6378.0,27789.13698630137,87.36986301369863
539,"Temporal association cortex, leaf",TeA _leaf,112,255,122,28000,541.0,TeA ,,7,2.0,104456.0,310.0,2.0,104456.0,310.0,52228.0,155.0
1987,"Interstitial nucleus of the posterior limb of the anterior commissure, leaf",IPAC_leaf,160,228,224,48500,998.0,IPAC,,7,23.0,608598.0,1556.0,23.0,608598.0,1556.0,26460.782608695652,67.65217391304348
1986,"Suprachiasmatic nucleus, leaf",SCh_leaf,255,77,94,73700,286.0,SCh,,7,53.0,1659789.0,4241.0,53.0,1659789.0,4241.0,31316.77358490566,80.01886792452831
858,"Ectorhinal cortex, leaf",Ect_leaf,112,255,115,29300,895.0,Ect,,7,64.0,695183.0,3006.0,64.0,695183.0,3006.0,10862.234375,46.96875
1985,"Supraoptic nucleus, leaf",SO_leaf,255,76,60,70200,390.0,SO,,7,70.0,1168421.0,3949.0,70.0,1168421.0,3949.0,16691.72857142857,56.41428571428571
1984,"Nucleus of the posterior commissure, leaf",PCom_leaf,255,176,246,82300,634.0,PCom,,7,7.0,412513.0,1066.0,7.0,412513.0,1066.0,58930.42857142857,152.28571428571428
1983,"Abducens nucleus, leaf",6N_leaf,255,212,225,92300,653.0,6N,,7,,0.0,0.0,0.0,0.0,0.0,,
1982,"Lateral hypothalamic area, leaf",LH_leaf,255,79,81,77300,194.0,LH,,7,8041.0,139389595.0,485035.0,8041.0,139389595.0,485035.0,17334.858226588734,60.32023380176595
1619,"Solitary nucleus, leaf",Sol_leaf,255,178,176,90700,651.0,Sol,,7,13.0,118451.0,562.0,13.0,118451.0,562.0,9111.615384615385,43.23076923076923
1981,"Anterior pretectal nucleus, leaf",APT_leaf,255,176,249,82000,215.0,APT,,7,109.0,1128908.0,5350.0,109.0,1128908.0,5350.0,10356.954128440368,49.08256880733945
1980,"Principal sensory trigeminal nucleus, leaf",Pr5_leaf,255,170,95,85300,7.0,Pr5,,7,48.0,997597.0,3413.0,48.0,997597.0,3413.0,20783.270833333332,71.10416666666667
730,"Olfactory tubercle, leaf",Tu_leaf,160,224,224,48600,754.0,Tu,,7,584.0,11341615.0,39805.0,584.0,11341615.0,39805.0,19420.573630136987,68.15924657534246
1398,"Lateral paragigantocellular nucleus, leaf",LPGi_leaf,255,212,198,94800,938.0,LPGi,,7,468.0,11897297.0,37285.0,468.0,11897297.0,37285.0,25421.574786324785,79.66880341880342
964,"Lateral reticular nucleus, leaf",LRt_leaf,255,212,193,93900,235.0,LRt,,7,698.0,12876512.0,47488.0,698.0,12876512.0,47488.0,18447.724928366762,68.03438395415473
1979,"Dorsomedial hypothalamic nucleus, leaf",DM_leaf,255,77,85,72400,830.0,DM,,7,614.0,9498301.0,34140.0,614.0,9498301.0,34140.0,15469.545602605864,55.60260586319218
2508,"Inferior olivary nucleus, leaf",IO_leaf,255,212,189,93500,83.0,IO,,7,300.0,10756992.0,30208.0,300.0,10756992.0,30208.0,35856.64,100.69333333333333
1978,"Central gray, leaf",CG_leaf,255,174,120,87400,898.0,CG,,7,105.0,3812138.0,9595.0,105.0,3812138.0,9595.0,36306.07619047619,91.38095238095238
2509,"Facial nucleus, leaf",7N_leaf,255,212,234,92500,661.0,7N,,7,245.0,7423336.0,22282.0,245.0,7423336.0,22282.0,30299.3306122449,90.9469387755102
1977,"Reticulotegmental nucleus of the pons, leaf",RtTg_leaf,255,174,81,88100,574.0,RtTg,,7,48.0,1269614.0,3925.0,48.0,1269614.0,3925.0,26450.291666666668,81.77083333333333
1976,"Medial preoptic area, leaf",MPA_leaf,255,77,87,72900,523.0,MPA,,7,1310.0,31434806.0,93067.0,1310.0,31434806.0,93067.0,23996.03511450382,71.04351145038169
1975,"Intermediate reticular nucleus, leaf",IRt_leaf,255,212,187,93600,136.0,IRt,,7,1196.0,23799793.0,84007.0,1196.0,23799793.0,84007.0,19899.492474916387,70.23996655518394
1974,"Gigantocellular reticular nucleus, leaf",Gi_leaf,255,212,187,93300,1048.0,Gi,,7,334.0,5569701.0,20488.0,334.0,5569701.0,20488.0,16675.75149700599,61.34131736526946
1973,"Parvicellular reticular nucleus, leaf",PCRt_leaf,255,212,196,94600,852.0,PCRt,,7,656.0,15527642.0,51596.0,656.0,15527642.0,51596.0,23670.185975609755,78.65243902439025
1972,"External cortex of the inferior colliculus, leaf",ECIC_leaf,255,152,255,79400,828.0,ECIC,,7,269.0,4532444.0,18175.0,269.0,4532444.0,18175.0,16849.234200743493,67.56505576208178
1971,"RaphÈ magnus nucleus, leaf",RMg_leaf,255,176,193,96900,206.0,RMg,,7,70.0,1190270.0,3955.0,70.0,1190270.0,3955.0,17003.85714285714,56.5
1863,"Zona incerta, leaf",ZI_leaf,255,79,87,78100,797.0,ZI,,7,427.0,5465420.0,21789.0,427.0,5465420.0,21789.0,12799.578454332554,51.02810304449649
1134,"Paralemniscal nucleus, leaf",PL_leaf,255,170,97,84900,612.0,PL,,7,82.0,1754698.0,5801.0,82.0,1754698.0,5801.0,21398.756097560974,70.7439024390244
1115,"Paramedian reticular nucleus, leaf",PMn_leaf,255,212,195,94300,395.0,PMn,,7,106.0,4330140.0,11626.0,106.0,4330140.0,11626.0,40850.377358490565,109.67924528301887
47,"Spinal trigeminal nucleus, oral part, leaf",Sp5O_leaf,255,176,182,91500,445.0,Sp5O,,7,52.0,1082659.0,3737.0,52.0,1082659.0,3737.0,20820.365384615383,71.86538461538461
1341,"Medial geniculate nucleus, leaf",MG_leaf,255,112,162,65100,475.0,MG,,8,63.0,1967861.0,4882.0,63.0,1967861.0,4882.0,31235.88888888889,77.4920634920635
2510,"Ventral orbital cortex, leaf",VO_leaf,125,255,128,22600,738.0,VO,,8,42.0,596464.0,2728.0,42.0,596464.0,2728.0,14201.52380952381,64.95238095238095
1970,"Xiphoid thalamic nucleus, leaf",Xi_leaf,255,133,134,68110,2038.0,Xi,,8,59.0,1787334.0,4476.0,59.0,1787334.0,4476.0,30293.79661016949,75.86440677966101
10691,"Parasubiculum, leaf",PaS_leaf,129,255,160,44300,843.0,PaS,,8,7.0,88622.0,416.0,7.0,88622.0,416.0,12660.285714285714,59.42857142857143
1969,"Posterior thalamic nuclear group, leaf",Po_leaf,255,134,130,65900,1020.0,Po,,8,487.0,7197552.0,27575.0,487.0,7197552.0,27575.0,14779.367556468173,56.62217659137577
1124,"Anteromedial thalamic nucleus, leaf",AM_leaf,255,136,134,66400,1096.0,AM,,8,157.0,3105550.0,10525.0,157.0,3105550.0,10525.0,19780.573248407643,67.03821656050955
1968,"Pregeniculate nucleus of the prethalamus, leaf",PrG_leaf,255,135,135,69200,178.0,PrG,,8,19.0,265581.0,1087.0,19.0,265581.0,1087.0,13977.947368421053,57.21052631578947
635,"Medial orbital cortex, leaf",MO_leaf,126,255,128,22000,731.0,MO,,8,22.0,933955.0,2588.0,22.0,933955.0,2588.0,42452.5,117.63636363636364
1155,"Subiculum, leaf",SUB_leaf,128,255,151,45500,502.0,SUB,,8,28.0,462946.0,1736.0,28.0,462946.0,1736.0,16533.785714285714,62.0
1967,"Paracentral thalamic nucleus, leaf",PC_leaf,255,132,132,68600,907.0,PC,,8,473.0,10386468.0,34269.0,473.0,10386468.0,34269.0,21958.706131078223,72.45031712473573
480,"Lateral orbital cortex, leaf",LO_leaf,127,255,128,21400,723.0,LO,,8,36.0,730226.0,2490.0,36.0,730226.0,2490.0,20284.055555555555,69.16666666666667
2511,"Intercalated nucleus, leaf",In_leaf,255,212,219,95200,161.0,In,,8,37.0,372045.0,1760.0,37.0,372045.0,1760.0,10055.27027027027,47.567567567567565
1656,"Medial mammillary nucleus, medial part, leaf",MM_leaf,255,78,84,74800,491.0,MM,,8,105.0,1682349.0,6276.0,105.0,1682349.0,6276.0,16022.371428571429,59.77142857142857
1292,"Lateral parabrachial nucleus, leaf",LPB_leaf,255,169,96,85600,881.0,LPB,,8,39.0,392298.0,1889.0,39.0,392298.0,1889.0,10058.923076923076,48.43589743589744
641,"Mediodorsal thalamic nucleus, leaf",MD_leaf,255,144,163,67300,362.0,MD,,8,272.0,7127942.0,23034.0,272.0,7127942.0,23034.0,26205.66911764706,84.68382352941177
1966,"Anterior hypothalamic area, posterior part, leaf",AHP_leaf,255,78,81,74500,724.0,AHP,,8,380.0,8842850.0,26005.0,380.0,8842850.0,26005.0,23270.657894736843,68.4342105263158
7346,"Dentate gyrus, leaf",DG_leaf,114,250,114,39300,726.0,DG,,8,235.0,4920541.0,16522.0,235.0,4920541.0,16522.0,20938.47234042553,70.3063829787234
2512,"Cuneate nucleus, leaf",Cu_leaf,255,177,177,90300,711.0,Cu,,8,112.0,1428883.0,5663.0,112.0,1428883.0,5663.0,12757.88392857143,50.5625
1965,"Medial septal nucleus, leaf",MS_leaf,118,224,176,52500,564.0,MS,,8,16.0,260413.0,958.0,16.0,260413.0,958.0,16275.8125,59.875
1964,"Dorsal cochlear nucleus, leaf",DC_leaf,255,155,205,90000,96.0,DC,,8,80.0,2812767.0,7388.0,80.0,2812767.0,7388.0,35159.5875,92.35
2513,"Laterodorsal tegmental nucleus, dorsal part, leaf",LDTg_leaf,255,172,117,88810,162.0,LDTg,,8,11.0,92369.0,414.0,11.0,92369.0,414.0,8397.181818181818,37.63636363636363
894,"Medial parabrachial nucleus, leaf",MPB_leaf,255,168,96,86200,890.0,MPB,,8,132.0,1936520.0,7350.0,132.0,1936520.0,7350.0,14670.60606060606,55.68181818181818
937,"Primary visual cortex, leaf",V1_leaf,112,255,98,17600,385.0,V1,,8,53.0,1132821.0,3733.0,53.0,1132821.0,3733.0,21373.98113207547,70.43396226415095
1125,"Retromamillary nucleus, leaf",RM_leaf,255,78,85,75000,525.0,RM,,8,42.0,652752.0,2241.0,42.0,652752.0,2241.0,15541.714285714286,53.357142857142854
2514,"Submedius thalamic nucleus, leaf",Sub_leaf,255,144,161,67700,366.0,Sub,,8,41.0,774914.0,2485.0,41.0,774914.0,2485.0,18900.341463414636,60.609756097560975
1963,"Posterior hypothalamic nucleus, leaf",PH_leaf,255,79,83,77150,946.0,PH,,8,63.0,1875467.0,4207.0,63.0,1875467.0,4207.0,29769.31746031746,66.77777777777777
1962,"Medial vestibular nucleus, leaf",MVe_leaf,255,216,201,96100,202.0,MVe,,8,139.0,1930660.0,7036.0,139.0,1930660.0,7036.0,13889.640287769784,50.618705035971225
1961,"Lateral habenular nucleus, leaf",LHb_leaf,255,135,144,69800,186.0,LHb,,8,103.0,1306455.0,5491.0,103.0,1306455.0,5491.0,12684.029126213592,53.310679611650485
1960,"Anteroventral thalamic nucleus, leaf",AV_leaf,255,136,133,66300,255.0,AV,,8,79.0,1053378.0,4199.0,79.0,1053378.0,4199.0,13333.898734177215,53.151898734177216
389,"Dorsolateral entorhinal cortex, leaf",DLEnt_leaf,128,255,145,41350,918.0,DLEnt,,9,2.0,423659.0,724.0,2.0,423659.0,724.0,211829.5,362.0
2515,"Ventral posteromedial thalamic nucleus, leaf",VPM_leaf,255,108,147,64200,733.0,VPM,,9,111.0,1343287.0,5900.0,111.0,1343287.0,5900.0,12101.684684684684,53.153153153153156
2516,"Medial vestibular nucleus, parvicellular part, leaf",MVePC_leaf,255,216,201,96120,2233.0,MVePC,,9,159.0,2569225.0,9021.0,159.0,2569225.0,9021.0,16158.647798742139,56.735849056603776
2517,"Caudoputamen- caudal, intermediate, leaf","CPc, i_leaf",160,216,248,48255,2494.0,"CPc, i",,9,696.0,11632697.0,43668.0,696.0,11632697.0,43668.0,16713.64511494253,62.741379310344826
833,"Dorsal subiculum, leaf",DS_leaf,129,255,151,45600,509.0,DS,,9,174.0,2983534.0,11734.0,174.0,2983534.0,11734.0,17146.74712643678,67.4367816091954
876,"Ventral subiculum, leaf",VeS_leaf,130,255,151,46000,518.0,VeS,,9,876.0,14992748.0,57911.0,876.0,14992748.0,57911.0,17115.00913242009,66.10844748858447
2518,"Medial entorhinal cortex, leaf",MEnt_leaf,80,140,140,44220,2159.0,MEnt,,9,627.0,9347824.0,36948.0,627.0,9347824.0,36948.0,14908.810207336523,58.92822966507177
1959,"Paraventricular hypothalamic nucleus, anterior parivcellular part, leaf",PaAP_leaf,255,76,69,71300,55.0,PaAP,,9,46.0,1149284.0,3449.0,46.0,1149284.0,3449.0,24984.434782608696,74.97826086956522
2519,"Caudoputamen- caudal, dorsal, leaf","CPc, d_leaf",160,216,248,48251,2493.0,"CPc, d",,9,321.0,6554538.0,23107.0,321.0,6554538.0,23107.0,20419.1214953271,71.98442367601245
2520,"Caudomedial entothinal cortex, leaf",CEnt_leaf,80,140,140,44280,2161.0,CEnt,,9,227.0,3579686.0,14268.0,227.0,3579686.0,14268.0,15769.541850220265,62.85462555066079
249,"Posteromedial cortical amygdaloid area, leaf",PMCo_leaf,160,255,181,35800,663.0,PMCo,,9,183.0,2257912.0,10855.0,183.0,2257912.0,10855.0,12338.31693989071,59.31693989071038
710,"Primary somatosensory area, undefined, layer 1, leaf",S1-1_leaf,0,177,92,2900,793.0,S1-1,,9,171.0,3510944.0,11986.0,171.0,3510944.0,11986.0,20531.83625730994,70.09356725146199
