id,name,acronym,red,green,blue,structure_order,parent_id,parent_acronym,collapse,depth,size_by_voxel,newsize_by_voxel,newsize,ancestor_default_acronym,cleaned_acronym,counts,raw_cell_intensity,raw_cell_size,newcounts,newcellintensity,newcellsize,normalized_cellintensity,normalized_cellsize
567,Cerebrum,CH,176.0,240.0,255.0,200.0,8.0,grey,,2.0,,13311072.0,266.22144,,CH,,0.0,0.0,218670.0,4566791862.0,10563612.0,20884.400521333515,48.308464809987655
688,Cerebral cortex,CTX,176.0,255.0,184.0,300.0,567.0,CH,,3.0,,10588372.0,211.76744,,CTX,,0.0,0.0,196896.0,4187484433.0,9639966.0,21267.493666707298,48.959684300341294
695,Cortical plate,CTXpl,112.0,255.0,112.0,400.0,688.0,CTX,,4.0,,10115392.0,202.30784,CTXpl,CTXpl,,0.0,0.0,188762.0,4020689800.0,9223423.0,21300.313622445196,48.86271071508037
315,Isocortex,Isocortex,112.0,255.0,113.0,500.0,695.0,CTXpl,,5.0,,6153864.0,123.07728,Isocortex,Isocortex,,0.0,0.0,136974.0,2972272382.0,6804462.0,21699.53700702323,49.67703359761707
184,Frontal association cortex,FrA,112.0,255.0,113.0,600.0,315.0,Isocortex,,6.0,,121402.0,2.42804,Isocortex,FrA,,0.0,0.0,220.0,2789911.0,8159.0,12681.413636363637,37.086363636363636
1019,"Frontal association cortex, leaf",FrA_leaf,112.0,255.0,113.0,600.0,184.0,FrA,,7.0,6638.0,6638.0,0.13276,Isocortex,misc,,0.0,0.0,0.0,0.0,0.0,,
68,"Frontal pole, layer 1",FrA-1,121.0,161.0,59.0,700.0,184.0,FrA,,7.0,35066.0,35066.0,0.70132,Isocortex,1,23.0,196851.0,635.0,23.0,196851.0,635.0,8558.739130434782,27.608695652173914
667,"Frontal pole, layer 2/3",FrA-2/3,132.0,165.0,74.0,800.0,184.0,FrA,,7.0,58110.0,58110.0,1.1622,Isocortex,2.3,112.0,1263669.0,3731.0,112.0,1263669.0,3731.0,11282.75892857143,33.3125
2325,"Frontal pole, layer 5",FrA-5,132.0,165.0,74.0,810.0,184.0,FrA,,7.0,21588.0,21588.0,0.43176,Isocortex,5,85.0,1329391.0,3793.0,85.0,1329391.0,3793.0,15639.894117647058,44.62352941176471
500,motor cortex,M,112.0,255.0,116.0,900.0,315.0,Isocortex,,6.0,,925232.0,18.50464,Isocortex,M,,0.0,0.0,15952.0,341296609.0,806439.0,21395.223733701103,50.554099799398195
985,Primary motor cortex,M1,112.0,255.0,116.0,1500.0,500.0,M,,7.0,,446364.0,8.92728,Isocortex,M1,,0.0,0.0,8193.0,175751551.0,409999.0,21451.428170389358,50.04259733919199
320,"Primary motor cortex, layer 1",M1-1,112.0,255.0,116.0,1510.0,985.0,M1,,8.0,57236.0,57236.0,1.14472,Isocortex,1,238.0,3796573.0,9559.0,238.0,3796573.0,9559.0,15951.987394957983,40.16386554621849
943,"Primary motor cortex, layer 2/3",M1-2/3,112.0,255.0,116.0,1520.0,985.0,M1,,8.0,153782.0,153782.0,3.07564,Isocortex,2.3,2941.0,61269666.0,143051.0,2941.0,61269666.0,143051.0,20832.93641618497,48.64025841550493
648,"Primary motor cortex, layer 5",M1-5,112.0,255.0,116.0,1530.0,985.0,M1,,8.0,103032.0,103032.0,2.06064,Isocortex,5,2015.0,54027834.0,119838.0,2015.0,54027834.0,119838.0,26812.820843672456,59.47295285359802
882,"Primary motor cortex, layer 6b",M1-6b,112.0,255.0,116.0,1540.0,985.0,M1,,8.0,20286.0,20286.0,0.40572,Isocortex,6b,542.0,6282712.0,18265.0,542.0,6282712.0,18265.0,11591.719557195573,33.699261992619924
844,"Primary motor cortex, layer 6a",M1-6a,112.0,255.0,116.0,1540.0,985.0,M1,,8.0,80772.0,80772.0,1.61544,Isocortex,6a,2232.0,42918659.0,105450.0,2232.0,42918659.0,105450.0,19228.78987455197,47.244623655913976
2017,"Frontal cortex, area 3",FrC3,132.0,165.0,74.0,2010.0,985.0,M1,,8.0,,31256.0,0.62512,Isocortex,FrC3,,0.0,0.0,225.0,7456107.0,13836.0,33138.253333333334,61.49333333333333
2335,"Frontal cortex, area 3, layer2/3",FrC3-2/3,132.0,165.0,74.0,2020.0,2017.0,FrC3,,9.0,13038.0,13038.0,0.26076,Isocortex,2.3,121.0,4493318.0,7677.0,121.0,4493318.0,7677.0,37134.85950413223,63.446280991735534
2334,"Frontal cortex, area 3, layer1",FrC3-1,132.0,165.0,74.0,2020.0,2017.0,FrC3,,9.0,5204.0,5204.0,0.10408,Isocortex,1,28.0,537941.0,1248.0,28.0,537941.0,1248.0,19212.178571428572,44.57142857142857
2336,"Frontal cortex, area 3, layer5",FrC3-5,132.0,165.0,74.0,2040.0,2017.0,FrC3,,9.0,9688.0,9688.0,0.19376,Isocortex,5,56.0,2007294.0,3871.0,56.0,2007294.0,3871.0,35844.53571428572,69.125
2337,"Frontal cortex, area 3, layer6a",FrC3-6a,132.0,165.0,74.0,2050.0,2017.0,FrC3,,9.0,3108.0,3108.0,0.06216,Isocortex,6a,17.0,366780.0,886.0,17.0,366780.0,886.0,21575.29411764706,52.11764705882353
2351,"Frontal cortex, area 3, layer6b",FrC3-6b,132.0,165.0,74.0,2060.0,2017.0,FrC3,,9.0,218.0,218.0,0.00436,Isocortex,6b,3.0,50774.0,154.0,3.0,50774.0,154.0,16924.666666666668,51.333333333333336
993,Secondary motor cortex,M2,112.0,255.0,116.0,2100.0,500.0,M,,7.0,,478868.0,9.57736,Isocortex,M2,,0.0,0.0,7759.0,165545058.0,396440.0,21335.875499420028,51.09421317180049
656,"Secondary motor cortex, layer 1",M2-1,63.0,147.0,68.0,2200.0,993.0,M2,,8.0,88822.0,88822.0,1.77644,Isocortex,1,295.0,3804528.0,10827.0,295.0,3804528.0,10827.0,12896.705084745763,36.70169491525424
962,"Secondary motor cortex, layer 2/3",M2-2/3,83.0,152.0,86.0,2300.0,993.0,M2,,8.0,173722.0,173722.0,3.47444,Isocortex,2.3,2561.0,49267707.0,120457.0,2561.0,49267707.0,120457.0,19237.68332682546,47.03514252245217
767,"Secondary motor cortex, layer 5",M2-5,101.0,157.0,97.0,2400.0,993.0,M2,,8.0,139392.0,139392.0,2.78784,Isocortex,5,2599.0,63632853.0,150819.0,2599.0,63632853.0,150819.0,24483.59099653713,58.02962677953059
1021,"Secondary motor cortex, layer 6a",M2-6a,129.0,174.0,115.0,2500.0,993.0,M2,,8.0,72176.0,72176.0,1.44352,Isocortex,6a,2125.0,46587071.0,107925.0,2125.0,46587071.0,107925.0,21923.327529411763,50.78823529411765
1085,"Secondary motor cortex, layer 6b",M2-6b,139.0,178.0,127.0,2600.0,993.0,M2,,8.0,4756.0,4756.0,0.09512,Isocortex,6b,179.0,2252899.0,6412.0,179.0,2252899.0,6412.0,12586.027932960895,35.82122905027933
453,Somatosensory cortex,S,112.0,255.0,121.0,2700.0,315.0,Isocortex,,6.0,,2004460.0,40.0892,Isocortex,S,,0.0,0.0,45185.0,1057430375.0,2343093.0,23402.24355427686,51.85554940798938
322,Primary somatosensory cortex,S1,112.0,255.0,121.0,2800.0,453.0,S,,7.0,,1656534.0,33.13068,Isocortex,S1,,0.0,0.0,38047.0,854978294.0,1927691.0,22471.634925224065,50.66604462901149
793,"Primary somatosensory area, undefined, layer 1",S1-1,0.0,177.0,92.0,2900.0,322.0,S1,,8.0,,70292.0,1.40584,Isocortex,1,,0.0,0.0,2188.0,53625837.0,118299.0,24509.066270566727,54.06718464351005
710,"Primary somatosensory area, undefined, layer 1, leaf",S1-1_leaf,0.0,177.0,92.0,2900.0,793.0,S1-1,,9.0,9556.0,9556.0,0.19112,Isocortex,misc,67.0,945698.0,2606.0,67.0,945698.0,2606.0,14114.89552238806,38.8955223880597
346,"Primary somatosensory area, undefined, layer 2/3",S1-2/3,67.0,185.0,112.0,3000.0,793.0,S1-1,,9.0,14958.0,14958.0,0.29916,Isocortex,2.3,222.0,6108959.0,12659.0,222.0,6108959.0,12659.0,27517.833333333332,57.02252252252252
865,"Primary somatosensory area, undefined, layer 4",S1-4,93.0,191.0,126.0,3100.0,793.0,S1-1,,9.0,15350.0,15350.0,0.307,Isocortex,4,596.0,16169518.0,33476.0,596.0,16169518.0,33476.0,27130.06375838926,56.16778523489933
921,"Primary somatosensory area, undefined, layer 5",S1-5,116.0,197.0,139.0,3200.0,793.0,S1-1,,9.0,14714.0,14714.0,0.29428,Isocortex,5,498.0,14745591.0,29761.0,498.0,14745591.0,29761.0,29609.62048192771,59.761044176706825
686,"Primary somatosensory area, undefined, layer 6a",S1-6a,138.0,204.0,153.0,3300.0,793.0,S1-1,,9.0,11810.0,11810.0,0.2362,Isocortex,6a,652.0,13248055.0,33000.0,652.0,13248055.0,33000.0,20319.102760736198,50.61349693251534
719,"Primary somatosensory area,, undefined, layer 6b",S1-6b,163.0,213.0,170.0,3400.0,793.0,S1-1,,9.0,3904.0,3904.0,0.07808,Isocortex,6b,153.0,2408016.0,6797.0,153.0,2408016.0,6797.0,15738.666666666666,44.42483660130719
2338,"Primary somatosensory area, jaw",S1J,163.0,213.0,170.0,3410.0,322.0,S1,,8.0,,182110.0,3.6422,Isocortex,J,,0.0,0.0,1645.0,45844853.0,96598.0,27869.211550151977,58.722188449848026
2339,"Primary somatosensory area, jaw, layer 1",S1J-1,163.0,213.0,170.0,3420.0,2338.0,S1J,,9.0,25880.0,25880.0,0.5176,Isocortex,1,121.0,2497133.0,5692.0,121.0,2497133.0,5692.0,20637.462809917357,47.04132231404959
2340,"Primary somatosensory area, jaw, layer 2/3",S1J-2/3,163.0,213.0,170.0,3430.0,2338.0,S1J,,9.0,39900.0,39900.0,0.798,Isocortex,2.3,358.0,11532567.0,21275.0,358.0,11532567.0,21275.0,32213.874301675976,59.427374301675975
2341,"Primary somatosensory area, jaw, layer 4",S1J-4,163.0,213.0,170.0,3440.0,2338.0,S1J,,9.0,32168.0,32168.0,0.64336,Isocortex,4,439.0,12591142.0,26509.0,439.0,12591142.0,26509.0,28681.416856492026,60.38496583143508
2342,"Primary somatosensory area, jaw, layer 5",S1J-5,163.0,213.0,170.0,3450.0,2338.0,S1J,,9.0,48114.0,48114.0,0.96228,Isocortex,5,368.0,12021128.0,25075.0,368.0,12021128.0,25075.0,32666.108695652172,68.13858695652173
2343,"Primary somatosensory area, jaw, layer 6a",S1J-6a,163.0,213.0,170.0,3460.0,2338.0,S1J,,9.0,30470.0,30470.0,0.6094,Isocortex,6a,341.0,6947727.0,17317.0,341.0,6947727.0,17317.0,20374.565982404692,50.78299120234604
2344,"Primary somatosensory area, jaw, layer 6b",S1J-6b,163.0,213.0,170.0,3470.0,2338.0,S1J,,9.0,5578.0,5578.0,0.11156,Isocortex,6b,18.0,255156.0,730.0,18.0,255156.0,730.0,14175.333333333334,40.55555555555556
329,"Primary somatosensory cortex, barrel field",S1BF,112.0,255.0,121.0,4200.0,322.0,S1,,8.0,,529982.0,10.59964,Isocortex,BF,,0.0,0.0,13233.0,309803940.0,692885.0,23411.46678757651,52.3603869115091
981,"Primary somatosensory cortex, barrel field, layer 1",S1BF-1,0.0,178.0,156.0,4300.0,329.0,S1BF,,9.0,62988.0,62988.0,1.25976,Isocortex,1,469.0,7953463.0,20148.0,469.0,7953463.0,20148.0,16958.34328358209,42.95948827292111
201,"Primary somatosensory cortex, barrel field, layer 2/3",S1BF-2/3,19.0,186.0,171.0,4400.0,329.0,S1BF,,9.0,110788.0,110788.0,2.21576,Isocortex,2.3,1821.0,55058107.0,105374.0,1821.0,55058107.0,105374.0,30235.094453596925,57.86600768808347
1047,"Primary somatosensory cortex, barrel field, layer 4",S1BF-4,66.0,191.0,179.0,4500.0,329.0,S1BF,,9.0,122502.0,122502.0,2.45004,Isocortex,4,3894.0,105370666.0,217222.0,3894.0,105370666.0,217222.0,27059.74987159733,55.78376990241397
1070,"Primary somatosensory cortex, barrel field, layer 5 ",S1BF-5,93.0,197.0,188.0,4600.0,329.0,S1BF,,9.0,103690.0,103690.0,2.0738,Isocortex,5,2972.0,72727839.0,165628.0,2972.0,72727839.0,165628.0,24471.009084791385,55.729475100942125
1038,"Primary somatosensory cortex, barrel field, layer 6a",S1BF-6a,117.0,203.0,197.0,4700.0,329.0,S1BF,,9.0,95408.0,95408.0,1.90816,Isocortex,6a,3308.0,58248501.0,153658.0,3308.0,58248501.0,153658.0,17608.37394195889,46.45042321644498
1062,"Primary somatosensory cortex, barrel field, layer 6b",S1BF-6b,143.0,211.0,208.0,4800.0,329.0,S1BF,,9.0,34606.0,34606.0,0.69212,Isocortex,6b,769.0,10445364.0,30855.0,769.0,10445364.0,30855.0,13583.04811443433,40.123537061118334
337,"Primary somatosensory cortex, hindlimb region",S1HL,112.0,255.0,121.0,4900.0,322.0,S1,,8.0,,178654.0,3.57308,Isocortex,HL,,0.0,0.0,6411.0,111392149.0,281453.0,17375.159725471844,43.9015754172516
1030,"Primary somatosensory cortex, hindlimb region, layer 1",S1HL-1,0.0,177.0,142.0,5000.0,337.0,S1HL,,9.0,19716.0,19716.0,0.39432,Isocortex,1,122.0,1610357.0,4487.0,122.0,1610357.0,4487.0,13199.647540983606,36.778688524590166
113,"Primary somatosensory cortex, hindlimb region, layer 2/3",S1HL-2/3,0.0,183.0,155.0,5100.0,337.0,S1HL,,9.0,41652.0,41652.0,0.83304,Isocortex,2.3,1002.0,22245888.0,53701.0,1002.0,22245888.0,53701.0,22201.48502994012,53.5938123752495
1094,"Primary somatosensory cortex, hindlimb region, layer 4",S1HL-4,69.0,191.0,171.0,5200.0,337.0,S1HL,,9.0,29650.0,29650.0,0.593,Isocortex,4,1648.0,25807561.0,67398.0,1648.0,25807561.0,67398.0,15659.927791262136,40.896844660194176
1128,"Primary somatosensory cortex, hindlimb region, layer 5",S1HL-5,96.0,196.0,179.0,5300.0,337.0,S1HL,,9.0,37540.0,37540.0,0.7508,Isocortex,5,1488.0,35081776.0,81286.0,1488.0,35081776.0,81286.0,23576.462365591397,54.62768817204301
478,"Primary somatosensory cortex, hindlimb region, layer 6a",S1HL-6a,119.0,202.0,188.0,5400.0,337.0,S1HL,,9.0,38204.0,38204.0,0.76408,Isocortex,6a,1838.0,23882632.0,65981.0,1838.0,23882632.0,65981.0,12993.815016322089,35.89825897714908
510,"Primary somatosensory cortex, hindlimb region, layer 6b",S1HL-6b,145.0,211.0,198.0,5500.0,337.0,S1HL,,9.0,11892.0,11892.0,0.23784,Isocortex,6b,313.0,2763935.0,8600.0,313.0,2763935.0,8600.0,8830.463258785943,27.476038338658146
345,"Primary somatosensory cortex, upper lip region",S1ULp,112.0,255.0,121.0,5600.0,322.0,S1,,8.0,,314924.0,6.29848,Isocortex,ULp,,0.0,0.0,4025.0,109951449.0,228678.0,27317.130186335402,56.8144099378882
878,"Primary somatosensory cortex, upper lip region, layer 1",S1ULp-1,0.0,173.0,94.0,5700.0,345.0,S1ULp,,9.0,41074.0,41074.0,0.82148,Isocortex,1,204.0,3390529.0,8744.0,204.0,3390529.0,8744.0,16620.24019607843,42.86274509803921
657,"Primary somatosensory cortex, upper lip region, layer 2/3",S1ULp-2/3,20.0,180.0,107.0,5800.0,345.0,S1ULp,,9.0,70064.0,70064.0,1.40128,Isocortex,2.3,570.0,17470340.0,32415.0,570.0,17470340.0,32415.0,30649.719298245614,56.86842105263158
950,"Primary somatosensory cortex, upper lip region, layer 4",S1ULp-4,66.0,185.0,120.0,5900.0,345.0,S1ULp,,9.0,64080.0,64080.0,1.2816,Isocortex,4,945.0,30888235.0,56408.0,945.0,30888235.0,56408.0,32685.962962962964,59.69100529100529
974,"Primary somatosensory cortex, upper lip region, layer 5",S1ULp-5,92.0,191.0,133.0,6000.0,345.0,S1ULp,,9.0,58880.0,58880.0,1.1776,Isocortex,5,805.0,24091979.0,50023.0,805.0,24091979.0,50023.0,29927.924223602484,62.14037267080745
1102,"Primary somatosensory cortex, upper lip region, layer 6a",S1ULp-6a,115.0,197.0,146.0,6100.0,345.0,S1ULp,,9.0,64178.0,64178.0,1.28356,Isocortex,6a,1239.0,29400459.0,67937.0,1239.0,29400459.0,67937.0,23729.18401937046,54.83212267958031
2,"Primary somatosensory cortex, upper lip region, layer 6b",S1ULp-6b,137.0,205.0,161.0,6200.0,345.0,S1ULp,,9.0,16648.0,16648.0,0.33296,Isocortex,6b,262.0,4709907.0,13151.0,262.0,4709907.0,13151.0,17976.74427480916,50.19465648854962
2000,"Primary somatosensory cortex, dysgranular zone ",S1DZ,112.0,255.0,121.0,6210.0,322.0,S1,,8.0,,80224.0,1.60448,Isocortex,DZ,,0.0,0.0,2018.0,46562230.0,101207.0,23073.453914767095,50.15213082259663
2287,"Primary somatosensory cortex, dysgranular zone 1",S1DZ-1,112.0,255.0,121.0,6211.0,2000.0,S1DZ,,9.0,9100.0,9100.0,0.182,Isocortex,1,98.0,1561532.0,3837.0,98.0,1561532.0,3837.0,15934.0,39.1530612244898
2288,"Primary somatosensory cortex, dysgranular zone 2/3",S1DZ-2/3,112.0,255.0,121.0,6212.0,2000.0,S1DZ,,9.0,17520.0,17520.0,0.3504,Isocortex,2.3,315.0,9397579.0,17817.0,315.0,9397579.0,17817.0,29833.584126984126,56.56190476190476
2289,"Primary somatosensory cortex, dysgranular zone 4",S1DZ-4,112.0,255.0,121.0,6213.0,2000.0,S1DZ,,9.0,15512.0,15512.0,0.31024,Isocortex,4,676.0,17892951.0,36615.0,676.0,17892951.0,36615.0,26468.862426035503,54.164201183431956
2290,"Primary somatosensory cortex, dysgranular zone 5",S1DZ-5,112.0,255.0,121.0,6214.0,2000.0,S1DZ,,9.0,15450.0,15450.0,0.309,Isocortex,5,380.0,9788875.0,21383.0,380.0,9788875.0,21383.0,25760.197368421053,56.27105263157895
2291,"Primary somatosensory cortex, dysgranular zone 6a",S1DZ-6a,112.0,255.0,121.0,6215.0,2000.0,S1DZ,,9.0,17356.0,17356.0,0.34712,Isocortex,6a,453.0,6934449.0,18503.0,453.0,6934449.0,18503.0,15307.834437086092,40.845474613686534
2292,"Primary somatosensory cortex, dysgranular zone 6b",S1DZ-6b,112.0,255.0,121.0,6216.0,2000.0,S1DZ,,9.0,5286.0,5286.0,0.10572,Isocortex,6b,96.0,986844.0,3052.0,96.0,986844.0,3052.0,10279.625,31.791666666666668
2352,"Primary somatosensory cortex, oral dysgranular zone ",S1DZO,112.0,255.0,121.0,6220.0,322.0,S1,,8.0,,5700.0,0.114,Isocortex,DZO,,0.0,0.0,74.0,1649327.0,3876.0,22288.202702702703,52.37837837837838
2353,"Primary somatosensory cortex, oral dysgranular zone 1",S1DZO-1,112.0,255.0,121.0,6221.0,2352.0,S1DZO,,9.0,742.0,742.0,0.01484,Isocortex,1,8.0,136494.0,321.0,8.0,136494.0,321.0,17061.75,40.125
2354,"Primary somatosensory cortex, oral dysgranular zone 2/3",S1DZO-2/3,112.0,255.0,121.0,6222.0,2352.0,S1DZO,,9.0,1016.0,1016.0,0.02032,Isocortex,2.3,8.0,196014.0,439.0,8.0,196014.0,439.0,24501.75,54.875
2355,"Primary somatosensory cortex, oral dysgranular zone 4",S1DZO-4,112.0,255.0,121.0,6223.0,2352.0,S1DZO,,9.0,1078.0,1078.0,0.02156,Isocortex,4,27.0,623752.0,1444.0,27.0,623752.0,1444.0,23101.925925925927,53.48148148148148
2356,"Primary somatosensory cortex, oral dysgranular zone 5",S1DZO-5,112.0,255.0,121.0,6224.0,2352.0,S1DZO,,9.0,1342.0,1342.0,0.02684,Isocortex,5,16.0,356458.0,880.0,16.0,356458.0,880.0,22278.625,55.0
2357,"Primary somatosensory cortex, oral dysgranular zone 6a",S1DZO-6a,112.0,255.0,121.0,6225.0,2352.0,S1DZO,,9.0,1166.0,1166.0,0.02332,Isocortex,6a,13.0,326672.0,759.0,13.0,326672.0,759.0,25128.615384615383,58.38461538461539
2358,"Primary somatosensory cortex, oral dysgranular zone 6b",S1DZO-6b,112.0,255.0,121.0,6226.0,2352.0,S1DZO,,9.0,356.0,356.0,0.00712,Isocortex,6b,2.0,9937.0,33.0,2.0,9937.0,33.0,4968.5,16.5
2041,"Primary somatosensory cortex, shoulder region",S1Sh,112.0,255.0,121.0,6230.0,322.0,S1,,8.0,,38706.0,0.77412,Isocortex,Sh,,0.0,0.0,1994.0,40830915.0,91666.0,20476.88816449348,45.97091273821464
2310,"Primary somatosensory cortex, shoulder region 1",S1Sh-1,112.0,255.0,121.0,6231.0,2041.0,S1Sh,,9.0,4546.0,4546.0,0.09092,Isocortex,1,42.0,633065.0,1600.0,42.0,633065.0,1600.0,15072.97619047619,38.095238095238095
2311,"Primary somatosensory cortex, shoulder region 2/3",S1Sh-2/3,112.0,255.0,121.0,6232.0,2041.0,S1Sh,,9.0,8228.0,8228.0,0.16456,Isocortex,2.3,273.0,7918442.0,15852.0,273.0,7918442.0,15852.0,29005.28205128205,58.065934065934066
2312,"Primary somatosensory cortex, shoulder region 4",S1Sh-4,112.0,255.0,121.0,6233.0,2041.0,S1Sh,,9.0,8772.0,8772.0,0.17544,Isocortex,4,834.0,19245279.0,40690.0,834.0,19245279.0,40690.0,23075.874100719426,48.78896882494005
2313,"Primary somatosensory cortex, shoulder region 5",S1Sh-5,112.0,255.0,121.0,6234.0,2041.0,S1Sh,,9.0,7920.0,7920.0,0.1584,Isocortex,5,396.0,7838824.0,18734.0,396.0,7838824.0,18734.0,19795.010101010103,47.30808080808081
2314,"Primary somatosensory cortex, shoulder region 6a",S1Sh-6a,112.0,255.0,121.0,6235.0,2041.0,S1Sh,,9.0,6638.0,6638.0,0.13276,Isocortex,6a,387.0,4741524.0,13305.0,387.0,4741524.0,13305.0,12252.0,34.37984496124031
2315,"Primary somatosensory cortex, shoulder region 6b",S1Sh-6b,112.0,255.0,121.0,6236.0,2041.0,S1Sh,,9.0,2602.0,2602.0,0.05204,Isocortex,6b,62.0,453781.0,1485.0,62.0,453781.0,1485.0,7319.048387096775,23.951612903225808
369,"Primary somatosensory cortex, forelimb region",S1FL,112.0,255.0,121.0,6300.0,322.0,S1,,8.0,,189464.0,3.78928,Isocortex,FL,,0.0,0.0,4286.0,96498657.0,216744.0,22514.85230984601,50.570228651423236
450,"Primary somatosensory cortex, forelimb region, layer 1",S1FL-1,0.0,174.0,103.0,6400.0,369.0,S1FL,,9.0,21398.0,21398.0,0.42796,Isocortex,1,134.0,2212542.0,5639.0,134.0,2212542.0,5639.0,16511.507462686568,42.082089552238806
854,"Primary somatosensory cortex, forelimb region, layer 2/3",S1FL-2/3,46.0,183.0,120.0,6500.0,369.0,S1FL,,9.0,43882.0,43882.0,0.87764,Isocortex,2.3,644.0,21432821.0,39199.0,644.0,21432821.0,39199.0,33280.777950310556,60.86801242236025
577,"Primary somatosensory cortex, forelimb region, layer 4",S1FL-4,79.0,188.0,133.0,6600.0,369.0,S1FL,,9.0,32264.0,32264.0,0.64528,Isocortex,4,1164.0,27411605.0,60879.0,1164.0,27411605.0,60879.0,23549.48883161512,52.30154639175258
625,"Primary somatosensory cortex, forelimb region, layer 5",S1FL-5,103.0,194.0,147.0,6700.0,369.0,S1FL,,9.0,36266.0,36266.0,0.72532,Isocortex,5,938.0,23521241.0,51920.0,938.0,23521241.0,51920.0,25075.949893390192,55.35181236673774
945,"Primary somatosensory cortex, forelimb region, layer 6a",S1FL-6a,114.0,198.0,154.0,6800.0,369.0,S1FL,,9.0,43528.0,43528.0,0.87056,Isocortex,6a,1277.0,20699361.0,55236.0,1277.0,20699361.0,55236.0,16209.366483946751,43.25450274079875
1026,"Primary somatosensory cortex, forelimb region, layer 6b",S1FL-6b,124.0,201.0,162.0,6900.0,369.0,S1FL,,9.0,12126.0,12126.0,0.24252,Isocortex,6b,129.0,1221087.0,3871.0,129.0,1221087.0,3871.0,9465.790697674418,30.007751937984494
361,"Primary somatosensory cortex, trunk region",S1Tr,112.0,255.0,121.0,7000.0,322.0,S1,,8.0,,66478.0,1.32956,Isocortex,Tr,,0.0,0.0,2173.0,38818937.0,96285.0,17864.21398987575,44.30971007823286
1006,"Primary somatosensory cortex, trunk region, layer 1",S1Tr-1,0.0,179.0,171.0,7100.0,361.0,S1Tr,,9.0,8978.0,8978.0,0.17956,Isocortex,1,32.0,487247.0,1225.0,32.0,487247.0,1225.0,15226.46875,38.28125
670,"Primary somatosensory cortex, trunk region, layer 2/3",S1Tr-2/3,0.0,185.0,179.0,7200.0,361.0,S1Tr,,9.0,14808.0,14808.0,0.29616,Isocortex,2.3,287.0,6883541.0,15424.0,287.0,6883541.0,15424.0,23984.463414634145,53.742160278745644
1086,"Primary somatosensory cortex, trunk region, layer 4",S1Tr-4,63.0,192.0,187.0,7300.0,361.0,S1Tr,,9.0,13712.0,13712.0,0.27424,Isocortex,4,593.0,10226311.0,26226.0,593.0,10226311.0,26226.0,17245.04384485666,44.22596964586847
1111,"Primary somatosensory cortex, trunk region, layer 5",S1Tr-5,91.0,197.0,197.0,7400.0,361.0,S1Tr,,9.0,13588.0,13588.0,0.27176,Isocortex,5,531.0,12024065.0,27666.0,531.0,12024065.0,27666.0,22644.19020715631,52.101694915254235
9,"Primary somatosensory cortex, trunk region, layer 6a",S1Tr-6a,115.0,203.0,207.0,7500.0,361.0,S1Tr,,9.0,10406.0,10406.0,0.20812,Isocortex,6a,452.0,6061692.0,16563.0,452.0,6061692.0,16563.0,13410.823008849558,36.64380530973451
461,"Primary somatosensory cortex, trunk region, layer 6b",S1Tr-6b,156.0,216.0,218.0,7600.0,361.0,S1Tr,,9.0,4986.0,4986.0,0.09972,Isocortex,6b,278.0,3136081.0,9181.0,278.0,3136081.0,9181.0,11280.866906474821,33.02517985611511
378,Secondary somatosensory cortex,S2,112.0,255.0,121.0,7700.0,453.0,S,,7.0,,347926.0,6.95852,Isocortex,S2,,0.0,0.0,7138.0,202452081.0,415402.0,28362.577892967216,58.19585318016251
873,"Secondary somatosensory cortex, layer 1",S2-1,0.0,176.0,129.0,7800.0,378.0,S2,,8.0,50398.0,50398.0,1.00796,Isocortex,1,404.0,7003730.0,17345.0,404.0,7003730.0,17345.0,17335.965346534653,42.93316831683168
806,"Secondary somatosensory cortex, layer 2/3",S2-2/3,0.0,180.0,135.0,7900.0,378.0,S2,,8.0,74334.0,74334.0,1.48668,Isocortex,2.3,1167.0,35927747.0,68429.0,1167.0,35927747.0,68429.0,30786.41559554413,58.636675235646955
1035,"Secondary somatosensory cortex, layer 4",S2-4,40.0,184.0,141.0,8000.0,378.0,S2,,8.0,75720.0,75720.0,1.5144,Isocortex,4,1862.0,61666328.0,113017.0,1862.0,61666328.0,113017.0,33118.32867883996,60.69656283566058
1090,"Secondary somatosensory cortex, layer 5",S2-5,74.0,190.0,155.0,8100.0,378.0,S2,,8.0,66510.0,66510.0,1.3302,Isocortex,5,1397.0,43839491.0,87190.0,1397.0,43839491.0,87190.0,31381.16750178955,62.41231209735147
862,"Secondary somatosensory cortex, layer 6a",S2-6a,98.0,196.0,170.0,8200.0,378.0,S2,,8.0,60650.0,60650.0,1.213,Isocortex,6a,1845.0,43949611.0,103091.0,1845.0,43949611.0,103091.0,23820.927371273712,55.87588075880759
893,"Secondary somatosensory cortex, layer 6b",S2-6b,121.0,202.0,179.0,8300.0,378.0,S2,,8.0,20314.0,20314.0,0.40628,Isocortex,6b,463.0,10065174.0,26330.0,463.0,10065174.0,26330.0,21739.036717062634,56.868250539956804
44,"Cingulate cortex, area 24a (infralimbic)",A24a (IL),112.0,255.0,104.0,8400.0,315.0,Isocortex,,6.0,,123764.0,2.47528,Isocortex,IL,,0.0,0.0,1337.0,16342216.0,43375.0,12223.048616305161,32.44203440538519
707,"Cingulate cortex, area 24a (infralimbic), layer 1",A24a (IL)-1,0.0,137.0,72.0,8500.0,44.0,A24a (IL),,7.0,32214.0,32214.0,0.64428,Isocortex,1,14.0,169166.0,477.0,14.0,169166.0,477.0,12083.285714285714,34.07142857142857
747,"Cingulate cortex, area 24a (infralimbic), layer 2/3",A24a (IL)-2,13.0,142.0,83.0,8600.0,44.0,A24a (IL),,7.0,,0.0,0.0,Isocortex,2,,0.0,0.0,0.0,0.0,0.0,,
556,"Cingulate cortex, area 24a (infralimbic), layer 4",A24a (IL)-2/3,50.0,146.0,93.0,8700.0,44.0,A24a (IL),,7.0,32398.0,32398.0,0.64796,Isocortex,2.3,214.0,2469395.0,6794.0,214.0,2469395.0,6794.0,11539.228971962617,31.747663551401867
827,"Cingulate cortex, area 24a (infralimbic), layer 5",A24a (IL)-5,77.0,160.0,111.0,8800.0,44.0,A24a (IL),,7.0,31206.0,31206.0,0.62412,Isocortex,5,458.0,5523160.0,15043.0,458.0,5523160.0,15043.0,12059.301310043667,32.84497816593886
1054,"Cingulate cortex, area 24a (infralimbic), layer 6a",A24a (IL)-6a,97.0,166.0,122.0,8900.0,44.0,A24a (IL),,7.0,20952.0,20952.0,0.41904,Isocortex,6a,508.0,6642704.0,16868.0,508.0,6642704.0,16868.0,13076.188976377953,33.20472440944882
1081,"Cingulate cortex, area 24a (infralimbic), layer 6b",A24a (IL)-6b,116.0,172.0,135.0,9000.0,44.0,A24a (IL),,7.0,6994.0,6994.0,0.13988,Isocortex,6b,143.0,1537791.0,4193.0,143.0,1537791.0,4193.0,10753.783216783217,29.321678321678323
1057,Dysgranular insular cortex,DI,112.0,255.0,105.0,9100.0,315.0,Isocortex,,6.0,,95552.0,1.91104,Isocortex,DI,,0.0,0.0,1231.0,29338685.0,67328.0,23833.21283509342,54.69374492282697
36,"Dysgranular insular cortex, layer 1",DI-1,51.0,181.0,90.0,9200.0,1057.0,DI,,7.0,14430.0,14430.0,0.2886,Isocortex,1,33.0,596833.0,1338.0,33.0,596833.0,1338.0,18085.848484848484,40.54545454545455
180,"Dysgranular insular cortex, layer 2/3",DI-2/3,82.0,187.0,112.0,9300.0,1057.0,DI,,7.0,25436.0,25436.0,0.50872,Isocortex,2.3,189.0,4375408.0,9582.0,189.0,4375408.0,9582.0,23150.306878306877,50.698412698412696
148,"Dysgranular insular cortex, layer 4",DI-4,106.0,193.0,125.0,9400.0,1057.0,DI,,7.0,11048.0,11048.0,0.22096,Isocortex,4,96.0,2515514.0,5466.0,96.0,2515514.0,5466.0,26203.270833333332,56.9375
187,"Dysgranular insular cortex, layer 5",DI-5,127.0,200.0,138.0,9500.0,1057.0,DI,,7.0,23610.0,23610.0,0.4722,Isocortex,5,393.0,9351680.0,21967.0,393.0,9351680.0,21967.0,23795.62340966921,55.895674300254456
638,"Dysgranular insular cortex, layer 6a",DI-6a,152.0,208.0,152.0,9600.0,1057.0,DI,,7.0,20158.0,20158.0,0.40316,Isocortex,6a,509.0,12269240.0,28415.0,509.0,12269240.0,28415.0,24104.597249508843,55.82514734774067
662,"Dysgranular insular cortex, layer 6b",DI-6b,175.0,218.0,179.0,9700.0,1057.0,DI,,7.0,870.0,870.0,0.0174,Isocortex,6b,11.0,230010.0,560.0,11.0,230010.0,560.0,20910.0,50.90909090909091
677,Granular insular cortex,GI,112.0,255.0,100.0,9800.0,315.0,Isocortex,,6.0,,103892.0,2.07784,Isocortex,GI,,0.0,0.0,1417.0,36657314.0,79504.0,25869.664079040227,56.10726887791108
897,"Granular insular cortex, layer 1",GI-1,0.0,155.0,91.0,9900.0,677.0,GI,,7.0,13628.0,13628.0,0.27256,Isocortex,1,73.0,1531834.0,3298.0,73.0,1531834.0,3298.0,20984.027397260274,45.178082191780824
1106,"Granular insular cortex, layer 2/3",GI-2/3,42.0,163.0,106.0,10000.0,677.0,GI,,7.0,20550.0,20550.0,0.411,Isocortex,2.3,186.0,5161917.0,10040.0,186.0,5161917.0,10040.0,27752.24193548387,53.97849462365591
1010,"Granular insular cortex, layer 4",GI-4,70.0,168.0,118.0,10100.0,677.0,GI,,7.0,19194.0,19194.0,0.38388,Isocortex,4,191.0,5852238.0,11636.0,191.0,5852238.0,11636.0,30639.98952879581,60.92146596858639
1058,"Granular insular cortex, layer 5",GI-5,97.0,183.0,138.0,10200.0,677.0,GI,,7.0,23400.0,23400.0,0.468,Isocortex,5,368.0,10039554.0,22177.0,368.0,10039554.0,22177.0,27281.396739130436,60.26358695652174
857,"Granular insular cortex, layer 6a",GI-6a,108.0,186.0,144.0,10300.0,677.0,GI,,7.0,23074.0,23074.0,0.46148,Isocortex,6a,533.0,12540754.0,28440.0,533.0,12540754.0,28440.0,23528.619136960602,53.35834896810506
849,"Granular insular cortex, layer 6b",GI-6b,117.0,189.0,152.0,10400.0,677.0,GI,,7.0,4046.0,4046.0,0.08092,Isocortex,6b,66.0,1531017.0,3913.0,66.0,1531017.0,3913.0,23197.227272727272,59.28787878787879
247,Auditory cortex,Au,120.0,255.0,120.0,10500.0,315.0,Isocortex,,6.0,,257620.0,5.1524,Isocortex,Au,,0.0,0.0,8262.0,211314072.0,459079.0,25576.62454611474,55.56511740498669
1011,"Secondary auditory cortex, dorsal area",AuD,120.0,255.0,120.0,10600.0,247.0,Au,,7.0,,79656.0,1.59312,Isocortex,AuD,,0.0,0.0,2944.0,73973774.0,160057.0,25126.961277173912,54.3671875
527,"Secondary auditory cortex, dorsal area, layer 1",AuD-1,0.0,157.0,125.0,10700.0,1011.0,AuD,,8.0,11174.0,11174.0,0.22348,Isocortex,1,33.0,490686.0,1274.0,33.0,490686.0,1274.0,14869.272727272728,38.60606060606061
600,"Secondary auditory cortex, dorsal area, layer 2/3",AuD-2/3,0.0,163.0,137.0,10800.0,1011.0,AuD,,8.0,17196.0,17196.0,0.34392,Isocortex,2.3,263.0,6488509.0,14510.0,263.0,6488509.0,14510.0,24671.136882129278,55.17110266159696
678,"Secondary auditory cortex, dorsal area, layer 4",AuD-4,63.0,170.0,151.0,10900.0,1011.0,AuD,,8.0,16296.0,16296.0,0.32592,Isocortex,4,849.0,21897830.0,46956.0,849.0,21897830.0,46956.0,25792.497055359247,55.30742049469965
252,"Secondary auditory cortex, dorsal area, layer 5",AuD-5,91.0,185.0,168.0,11000.0,1011.0,AuD,,8.0,17582.0,17582.0,0.35164,Isocortex,5,690.0,20098036.0,41086.0,690.0,20098036.0,41086.0,29127.5884057971,59.54492753623188
156,"Secondary auditory cortex, dorsal area, layer 6a",AuD-6a,113.0,190.0,176.0,11100.0,1011.0,AuD,,8.0,12922.0,12922.0,0.25844,Isocortex,6a,862.0,20228062.0,44354.0,862.0,20228062.0,44354.0,23466.429234338746,51.45475638051044
243,"Secondary auditory cortex, dorsal area, layer 6b",AuD-16b,137.0,198.0,186.0,11200.0,1011.0,AuD,,8.0,4486.0,4486.0,0.08972,Isocortex,6b,247.0,4770651.0,11877.0,247.0,4770651.0,11877.0,19314.376518218625,48.08502024291498
1002,Primary auditory cortex,Au1,120.0,255.0,120.0,11300.0,247.0,Au,,7.0,,84706.0,1.69412,Isocortex,Au1,,0.0,0.0,2856.0,78467071.0,165043.0,27474.464635854343,57.78816526610644
735,"Primary auditory cortex, layer 1",Au1-1,0.0,157.0,114.0,11400.0,1002.0,Au1,,8.0,11640.0,11640.0,0.2328,Isocortex,1,39.0,666723.0,1754.0,39.0,666723.0,1754.0,17095.46153846154,44.97435897435897
251,"Primary auditory cortex, layer 2/3",Au1-2/3,0.0,160.0,119.0,11500.0,1002.0,Au1,,8.0,16080.0,16080.0,0.3216,Isocortex,2.3,242.0,6924132.0,14584.0,242.0,6924132.0,14584.0,28612.11570247934,60.264462809917354
816,"Primary auditory cortex, layer 4",Au1-4,37.0,164.0,125.0,11600.0,1002.0,Au1,,8.0,17582.0,17582.0,0.35164,Isocortex,4,815.0,25516724.0,50671.0,815.0,25516724.0,50671.0,31308.863803680983,62.17300613496933
847,"Primary auditory cortex, layer 5",Au1-5,71.0,178.0,145.0,11700.0,1002.0,Au1,,8.0,19838.0,19838.0,0.39676,Isocortex,5,739.0,22290147.0,45703.0,739.0,22290147.0,45703.0,30162.58051420839,61.844384303112314
954,"Primary auditory cortex, layer 6a",Au1-6a,93.0,184.0,160.0,11800.0,1002.0,Au1,,8.0,14694.0,14694.0,0.29388,Isocortex,6a,834.0,19662711.0,43353.0,834.0,19662711.0,43353.0,23576.392086330936,51.98201438848921
1005,"Primary auditory cortex, layer 6b",Au1-6b,115.0,190.0,168.0,11900.0,1002.0,Au1,,8.0,4872.0,4872.0,0.09744,Isocortex,6b,187.0,3406634.0,8978.0,187.0,3406634.0,8978.0,18217.29411764706,48.01069518716577
1018,"Secondary auditory cortex, ventral area",AuV,120.0,255.0,120.0,12700.0,247.0,Au,,7.0,,93258.0,1.86516,Isocortex,AuV,,0.0,0.0,2462.0,58873227.0,133979.0,23912.764825345246,54.41876523151909
959,"Secondary auditory cortex, ventral area, layer 1",AuV-1,0.0,156.0,102.0,12800.0,1018.0,AuV,,8.0,13140.0,13140.0,0.2628,Isocortex,1,55.0,1528244.0,3160.0,55.0,1528244.0,3160.0,27786.254545454547,57.45454545454545
755,"Secondary auditory cortex, ventral area, layer 2/3",AuV-2/3,41.0,163.0,113.0,12900.0,1018.0,AuV,,8.0,19038.0,19038.0,0.38076,Isocortex,2.3,318.0,8268219.0,17848.0,318.0,8268219.0,17848.0,26000.688679245282,56.125786163522015
990,"Secondary auditory cortex, ventral area, layer 4",AuV-4,70.0,168.0,124.0,13000.0,1018.0,AuV,,8.0,19802.0,19802.0,0.39604,Isocortex,4,648.0,18304386.0,37386.0,648.0,18304386.0,37386.0,28247.50925925926,57.69444444444444
1023,"Secondary auditory cortex, ventral area, layer 5",AuV-5,96.0,183.0,144.0,13100.0,1018.0,AuV,,8.0,20722.0,20722.0,0.41444,Isocortex,5,574.0,13711300.0,30878.0,574.0,13711300.0,30878.0,23887.282229965156,53.79442508710802
520,"Secondary auditory cortex, ventral area, layer 6a",AuV-6a,116.0,190.0,160.0,13200.0,1018.0,AuV,,8.0,15552.0,15552.0,0.31104,Isocortex,6a,731.0,14388566.0,37481.0,731.0,14388566.0,37481.0,19683.400820793435,51.27359781121751
598,"Secondary auditory cortex, ventral area, layer 6b",AuV-6b,127.0,193.0,168.0,13300.0,1018.0,AuV,,8.0,5004.0,5004.0,0.10008,Isocortex,6b,136.0,2672512.0,7226.0,136.0,2672512.0,7226.0,19650.823529411766,53.13235294117647
669,Visual cortex,V,112.0,255.0,98.0,13400.0,315.0,Isocortex,,6.0,,760978.0,15.21956,Isocortex,V,,0.0,0.0,30845.0,664282635.0,1504275.0,21536.15286107959,48.768844221105525
2170,"Secondary visual cortex, lateral area",V2L,108.0,173.0,178.0,14010.0,669.0,V,,7.0,,171600.0,3.432,Isocortex,V2L,,0.0,0.0,6054.0,137460289.0,315316.0,22705.696894615132,52.08391146349521
402,"Secondary visual cortex, lateral area, anterior region",V2La,112.0,255.0,98.0,14100.0,2170.0,V2L,,8.0,,108524.0,2.17048,Isocortex,La,,0.0,0.0,3975.0,91822578.0,202774.0,23100.01962264151,51.012327044025156
1074,"Secondary visual cortex, lateral area, anterior region, layer1",V2La-1,0.0,160.0,181.0,14200.0,402.0,V2La,,9.0,15940.0,15940.0,0.3188,Isocortex,1,84.0,1402101.0,3561.0,84.0,1402101.0,3561.0,16691.678571428572,42.392857142857146
905,"Secondary visual cortex, lateral area, anterior region, layer2/3",V2La-2/3,0.0,161.0,189.0,14300.0,402.0,V2La,,9.0,22424.0,22424.0,0.44848,Isocortex,2.3,410.0,10309233.0,20869.0,410.0,10309233.0,20869.0,25144.470731707315,50.9
1114,"Secondary visual cortex, lateral area, anterior region, layer4",V2La-4,0.0,161.0,197.0,14400.0,402.0,V2La,,9.0,21546.0,21546.0,0.43092,Isocortex,4,956.0,21593820.0,47611.0,956.0,21593820.0,47611.0,22587.677824267783,49.80230125523013
233,"Secondary visual cortex, lateral area, anterior region, layer5",V2La-5,16.0,179.0,202.0,14500.0,402.0,V2La,,9.0,24488.0,24488.0,0.48976,Isocortex,5,1005.0,26555668.0,56417.0,1005.0,26555668.0,56417.0,26423.55024875622,56.1363184079602
601,"Secondary visual cortex, lateral area, anterior region, layer6a",V2La-6a,105.0,193.0,212.0,14600.0,402.0,V2La,,9.0,17166.0,17166.0,0.34332,Isocortex,6a,1134.0,24654861.0,55960.0,1134.0,24654861.0,55960.0,21741.5,49.34744268077601
649,"Secondary visual cortex, lateral area, anterior region, layer6b",V2La-6b,103.0,193.0,221.0,14700.0,402.0,V2La,,9.0,6960.0,6960.0,0.1392,Isocortex,6b,386.0,7306895.0,18356.0,386.0,7306895.0,18356.0,18929.779792746114,47.55440414507772
409,"Secondary visual cortex, lateral area, intermediate region",V2Li,112.0,255.0,98.0,14800.0,2170.0,V2L,,8.0,,40598.0,0.81196,Isocortex,Li,,0.0,0.0,1355.0,29473026.0,74152.0,21751.31070110701,54.724723247232475
421,"Secondary visual cortex, lateral area, intermediate region, layer1",V2Li-1,0.0,159.0,158.0,14900.0,409.0,V2Li,,9.0,5534.0,5534.0,0.11068,Isocortex,1,28.0,318424.0,937.0,28.0,318424.0,937.0,11372.285714285714,33.464285714285715
973,"Secondary visual cortex, lateral area, intermediate region, layer2/3",V2Li-2/3,0.0,159.0,165.0,15000.0,409.0,V2Li,,9.0,7396.0,7396.0,0.14792,Isocortex,2.3,121.0,2287709.0,5863.0,121.0,2287709.0,5863.0,18906.685950413223,48.45454545454545
573,"Secondary visual cortex, lateral area, intermediate region, layer4",V2Li-4,0.0,161.0,173.0,15100.0,409.0,V2Li,,9.0,7794.0,7794.0,0.15588,Isocortex,4,308.0,7214733.0,17553.0,308.0,7214733.0,17553.0,23424.45779220779,56.99025974025974
613,"Secondary visual cortex, lateral area, intermediate region, layer5",V2Li-5,0.0,176.0,184.0,15200.0,409.0,V2Li,,9.0,8738.0,8738.0,0.17476,Isocortex,5,343.0,8888627.0,21208.0,343.0,8888627.0,21208.0,25914.36443148688,61.83090379008746
74,"Secondary visual cortex, lateral area, intermediate region, layer6a",V2Li-6a,69.0,183.0,193.0,15300.0,409.0,V2Li,,9.0,9030.0,9030.0,0.1806,Isocortex,6a,498.0,9750018.0,25789.0,498.0,9750018.0,25789.0,19578.349397590362,51.785140562249
121,"Secondary visual cortex, lateral area, intermediate region, layer6b",V2Li-6b,107.0,192.0,203.0,15400.0,409.0,V2Li,,9.0,2106.0,2106.0,0.04212,Isocortex,6b,57.0,1013515.0,2802.0,57.0,1013515.0,2802.0,17780.964912280702,49.1578947368421
425,"Secondary visual cortex, lateral area, posterior region",V2Lp,112.0,255.0,98.0,15500.0,2170.0,V2L,,8.0,,22478.0,0.44956,Isocortex,Lp,,0.0,0.0,724.0,16164685.0,38390.0,22326.912983425413,53.02486187845304
750,"Secondary visual cortex, lateral area, posterior region, layer1",V2Lp-1,0.0,180.0,205.0,15600.0,425.0,V2Lp,,9.0,3060.0,3060.0,0.0612,Isocortex,1,36.0,465580.0,1311.0,36.0,465580.0,1311.0,12932.777777777777,36.416666666666664
269,"Secondary visual cortex, lateral area, posterior region, layer2/3",V2Lp-2/3,0.0,181.0,214.0,15700.0,425.0,V2Lp,,9.0,4500.0,4500.0,0.09,Isocortex,2.3,120.0,2152574.0,5584.0,120.0,2152574.0,5584.0,17938.116666666665,46.53333333333333
869,"Secondary visual cortex, lateral area, posterior region, layer4",V2Lp-4,0.0,181.0,223.0,15800.0,425.0,V2Lp,,9.0,4668.0,4668.0,0.09336,Isocortex,4,200.0,4937236.0,11435.0,200.0,4937236.0,11435.0,24686.18,57.175
902,"Secondary visual cortex, lateral area, posterior region, layer15",V2Lp-5,2.0,190.0,215.0,15900.0,425.0,V2Lp,,9.0,6104.0,6104.0,0.12208,Isocortex,5,211.0,5418026.0,12319.0,211.0,5418026.0,12319.0,25677.848341232228,58.38388625592417
377,"Secondary visual cortex, lateral area, posterior region, layer6a",V2Lp-6a,110.0,205.0,226.0,16000.0,425.0,V2Lp,,9.0,3734.0,3734.0,0.07468,Isocortex,6a,141.0,2890751.0,7015.0,141.0,2890751.0,7015.0,20501.78014184397,49.751773049645394
393,"Secondary visual cortex, lateral area, posterior region, layer6b",V2Lp-6b,107.0,205.0,236.0,16100.0,425.0,V2Lp,,9.0,412.0,412.0,0.00824,Isocortex,6b,16.0,300518.0,726.0,16.0,300518.0,726.0,18782.375,45.375
2096,"Secondary Visual Cortex, Medial area",V2M,107.0,205.0,236.0,16110.0,669.0,V,,7.0,,204868.0,4.09736,Isocortex,V2M,,0.0,0.0,7621.0,144089621.0,346387.0,18906.917858548746,45.45164676551634
2097,"Secondary visual cortex, mediolateral area",V2ML,107.0,205.0,236.0,16120.0,2096.0,V2M,,8.0,,74286.0,1.48572,Isocortex,ML,,0.0,0.0,3499.0,73471250.0,167848.0,20997.785081451842,47.970277222063444
2393,"Secondary visual cortex, mediolateral area, layer1",V2ML-1,107.0,205.0,236.0,16130.0,2097.0,V2ML,,9.0,11582.0,11582.0,0.23164,Isocortex,1,105.0,1328248.0,3621.0,105.0,1328248.0,3621.0,12649.980952380953,34.48571428571429
2409,"Secondary visual cortex, mediolateral area, layer2/3",V2ML-2/3,107.0,205.0,236.0,16140.0,2097.0,V2ML,,9.0,20624.0,20624.0,0.41248,Isocortex,2.3,679.0,16082099.0,34184.0,679.0,16082099.0,34184.0,23684.976435935198,50.34462444771723
2410,"Secondary visual cortex, mediolateral area, layer4",V2ML-4,107.0,205.0,236.0,16150.0,2097.0,V2ML,,9.0,9282.0,9282.0,0.18564,Isocortex,4,759.0,13280173.0,32073.0,759.0,13280173.0,32073.0,17496.934123847168,42.25691699604743
2411,"Secondary visual cortex, mediolateral area, layer5",V2ML-5,107.0,205.0,236.0,16160.0,2097.0,V2ML,,9.0,17768.0,17768.0,0.35536,Isocortex,5,869.0,22029311.0,47400.0,869.0,22029311.0,47400.0,25350.185270425776,54.54545454545455
2412,"Secondary visual cortex, mediolateral area, layer6a",V2ML-6a,107.0,205.0,236.0,16170.0,2097.0,V2ML,,9.0,11534.0,11534.0,0.23068,Isocortex,6a,755.0,14103412.0,34588.0,755.0,14103412.0,34588.0,18680.015894039734,45.81192052980133
2413,"Secondary visual cortex, mediolateral area, layer6b",V2ML-6b,107.0,205.0,236.0,16180.0,2097.0,V2ML,,9.0,3496.0,3496.0,0.06992,Isocortex,6b,332.0,6648007.0,15982.0,332.0,6648007.0,15982.0,20024.11746987952,48.13855421686747
394,"Secondary visual cortex, mediomedial area, anterior region",V2MMa,112.0,255.0,98.0,16200.0,2096.0,V2M,,8.0,,70006.0,1.40012,Isocortex,MMa,,0.0,0.0,2542.0,48815509.0,119400.0,19203.583398898507,46.970889063729345
281,"Secondary visual cortex, mediomedial area, anterior region, layer1",V2MMa-1,0.0,141.0,139.0,16300.0,394.0,V2MMa,,9.0,12108.0,12108.0,0.24216,Isocortex,1,137.0,1540971.0,4720.0,137.0,1540971.0,4720.0,11247.963503649635,34.45255474452555
1066,"Secondary visual cortex, mediomedial area, anterior region, layer2/3",V2MMa-2/3,0.0,142.0,145.0,16400.0,394.0,V2MMa,,9.0,19884.0,19884.0,0.39768,Isocortex,2.3,592.0,9811923.0,25335.0,592.0,9811923.0,25335.0,16574.194256756757,42.795608108108105
401,"Secondary visual cortex, mediomedial area, anterior region, layer4",V2MMa-4,0.0,143.0,152.0,16500.0,394.0,V2MMa,,9.0,2462.0,2462.0,0.04924,Isocortex,4,101.0,1552808.0,4158.0,101.0,1552808.0,4158.0,15374.336633663366,41.16831683168317
433,"Secondary visual cortex, mediomedial area, anterior region, layer5",V2MMa-5,0.0,158.0,163.0,16600.0,394.0,V2MMa,,9.0,18274.0,18274.0,0.36548,Isocortex,5,722.0,15995274.0,37287.0,722.0,15995274.0,37287.0,22154.119113573408,51.64404432132964
1046,"Secondary visual cortex, mediomedial area, anterior region, layer6a",V2MMa-6a,64.0,164.0,172.0,16700.0,394.0,V2MMa,,9.0,14214.0,14214.0,0.28428,Isocortex,6a,704.0,14676032.0,34519.0,704.0,14676032.0,34519.0,20846.636363636364,49.03267045454545
441,"Secondary visual cortex, mediomedial area, anterior region, layer6b",V2MMa-6b,98.0,172.0,181.0,16800.0,394.0,V2MMa,,9.0,3064.0,3064.0,0.06128,Isocortex,6b,286.0,5238501.0,13381.0,286.0,5238501.0,13381.0,18316.437062937064,46.78671328671329
533,"Secondary visual cortex, mediomedial area, posterior region",V2MMp,112.0,255.0,98.0,16900.0,2096.0,V2M,,8.0,,60576.0,1.21152,Isocortex,MMp,,0.0,0.0,1580.0,21802862.0,59139.0,13799.279746835444,37.42974683544304
805,"Secondary visual cortex, mediomedial area, posterior region, layer1",V2MMp-1,0.0,174.0,184.0,17000.0,533.0,V2MMp,,9.0,15180.0,15180.0,0.3036,Isocortex,1,117.0,1484536.0,4152.0,117.0,1484536.0,4152.0,12688.34188034188,35.48717948717949
41,"Secondary visual cortex, mediomedial area, posterior region, layer2/3",V2MMp-2/3,0.0,175.0,191.0,17100.0,533.0,V2MMp,,9.0,16506.0,16506.0,0.33012,Isocortex,2.3,398.0,6170166.0,16492.0,398.0,6170166.0,16492.0,15502.929648241206,41.437185929648244
501,"Secondary visual cortex, mediomedial area, posterior region, layer4",V2MMp-4,0.0,179.0,200.0,17200.0,533.0,V2MMp,,9.0,7620.0,7620.0,0.1524,Isocortex,4,324.0,3776760.0,10713.0,324.0,3776760.0,10713.0,11656.666666666666,33.06481481481482
565,"Secondary visual cortex, mediomedial area, posterior region, layer5",V2MMp-5,63.0,184.0,201.0,17300.0,533.0,V2MMp,,9.0,11968.0,11968.0,0.23936,Isocortex,5,362.0,5808849.0,15219.0,362.0,5808849.0,15219.0,16046.544198895028,42.0414364640884
257,"Secondary visual cortex, mediomedial area, posterior region, layer6a",V2MMp-6a,93.0,188.0,201.0,17400.0,533.0,V2MMp,,9.0,8620.0,8620.0,0.1724,Isocortex,6a,346.0,4117401.0,11334.0,346.0,4117401.0,11334.0,11900.002890173411,32.75722543352601
469,"Secondary visual cortex, mediomedial area, posterior region, layer6b",V2MMp-6b,119.0,194.0,202.0,17500.0,533.0,V2MMp,,9.0,682.0,682.0,0.01364,Isocortex,6b,33.0,445150.0,1229.0,33.0,445150.0,1229.0,13489.39393939394,37.24242424242424
937,"Primary visual cortex, leaf",V1_leaf,112.0,255.0,98.0,17600.0,385.0,V1,,8.0,3394.0,3394.0,0.06788,Isocortex,misc,11.0,336067.0,681.0,11.0,336067.0,681.0,30551.545454545456,61.90909090909091
385,Primary visual cortex,V1,112.0,255.0,98.0,17600.0,669.0,V,,7.0,,384510.0,7.6902,Isocortex,V1,,0.0,0.0,17170.0,382732725.0,842572.0,22290.781887012232,49.072335468841004
593,"Primary visual cortex, layer1",V1-1,0.0,147.0,153.0,17700.0,385.0,V1,,8.0,24752.0,24752.0,0.49504,Isocortex,1,208.0,2957858.0,7780.0,208.0,2957858.0,7780.0,14220.471153846154,37.40384615384615
821,"Primary visual cortex, layer2/3",V1-2/3,0.0,148.0,159.0,17800.0,385.0,V1,,8.0,36596.0,36596.0,0.73192,Isocortex,2.3,987.0,23206503.0,49641.0,987.0,23206503.0,49641.0,23512.161094224924,50.29483282674772
721,"Primary visual cortex, layer4",V1-4,17.0,151.0,167.0,17900.0,385.0,V1,,8.0,29418.0,29418.0,0.58836,Isocortex,4,1654.0,34846912.0,77601.0,1654.0,34846912.0,77601.0,21068.266021765416,46.917170495767834
778,"Primary visual cortex, layer5",V1-5,60.0,163.0,177.0,18000.0,385.0,V1,,8.0,23110.0,23110.0,0.4622,Isocortex,5,962.0,24091399.0,51552.0,962.0,24091399.0,51552.0,25043.034303534303,53.58835758835759
33,"Primary visual cortex, layer6a",V1-6a,85.0,168.0,178.0,18100.0,385.0,V1,,8.0,17502.0,17502.0,0.35004,Isocortex,6a,911.0,15973577.0,40922.0,911.0,15973577.0,40922.0,17534.113062568606,44.9198682766191
305,"Primary visual cortex, layer6b",V1-6b,107.0,173.0,178.0,18200.0,385.0,V1,,8.0,3808.0,3808.0,0.07616,Isocortex,6b,296.0,5667006.0,14203.0,296.0,5667006.0,14203.0,19145.29054054054,47.983108108108105
2098,"Primary visual cortex, monocular area",V1M,112.0,255.0,98.0,18210.0,385.0,V1,,8.0,,121062.0,2.42124,Isocortex,M,,0.0,0.0,6877.0,162958218.0,344760.0,23696.120110513304,50.13232514177694
2428,"Primary visual cortex, monocular area, layer1",V1M-1,112.0,255.0,98.0,18220.0,2098.0,V1M,,9.0,16558.0,16558.0,0.33116,Isocortex,1,162.0,2407753.0,6163.0,162.0,2407753.0,6163.0,14862.672839506173,38.04320987654321
2429,"Primary visual cortex, monocular area, layer2/3",V1M-2/3,112.0,255.0,98.0,18230.0,2098.0,V1M,,9.0,27934.0,27934.0,0.55868,Isocortex,2.3,1355.0,36246449.0,73088.0,1355.0,36246449.0,73088.0,26750.146863468635,53.93948339483395
2430,"Primary visual cortex, monocular area, layer4",V1M-4,112.0,255.0,98.0,18240.0,2098.0,V1M,,9.0,21080.0,21080.0,0.4216,Isocortex,4,1936.0,40169442.0,87212.0,1936.0,40169442.0,87212.0,20748.678719008265,45.04752066115702
2431,"Primary visual cortex, monocular area, layer5",V1M-5,112.0,255.0,98.0,18250.0,2098.0,V1M,,9.0,27074.0,27074.0,0.54148,Isocortex,5,1250.0,37736876.0,72608.0,1250.0,37736876.0,72608.0,30189.5008,58.0864
2432,"Primary visual cortex, monocular area, layer6a",V1M-6a,112.0,255.0,98.0,18260.0,2098.0,V1M,,9.0,20956.0,20956.0,0.41912,Isocortex,6a,1532.0,32564905.0,74156.0,1532.0,32564905.0,74156.0,21256.46540469974,48.404699738903396
2433,"Primary visual cortex, monocular area, layer16b",V1M-6b,112.0,255.0,98.0,18270.0,2098.0,V1M,,9.0,7460.0,7460.0,0.1492,Isocortex,6b,642.0,13832793.0,31533.0,642.0,13832793.0,31533.0,21546.406542056076,49.11682242990654
2133,"Primary visual cortex, binocular area",V1B,112.0,255.0,98.0,18280.0,385.0,V1,,8.0,,124868.0,2.49736,Isocortex,B,,0.0,0.0,5264.0,112695185.0,255432.0,21408.65976443769,48.52431610942249
2434,"Primary visual cortex, binocular area, layer1",V1B-1,112.0,255.0,98.0,18290.0,2133.0,V1B,,9.0,16434.0,16434.0,0.32868,Isocortex,1,124.0,2031842.0,5265.0,124.0,2031842.0,5265.0,16385.822580645163,42.45967741935484
2435,"Primary visual cortex, binocular area, layer2/3",V1B-2/3,112.0,255.0,98.0,18291.0,2133.0,V1B,,9.0,26416.0,26416.0,0.52832,Isocortex,2.3,835.0,21319101.0,44351.0,835.0,21319101.0,44351.0,25531.85748502994,53.11497005988024
2436,"Primary visual cortex, binocular area, layer4",V1B-4,112.0,255.0,98.0,18292.0,2133.0,V1B,,9.0,22576.0,22576.0,0.45152,Isocortex,4,1349.0,28680977.0,64320.0,1349.0,28680977.0,64320.0,21260.916975537435,47.679762787249814
2437,"Primary visual cortex, binocular area, layer5",V1B-5,112.0,255.0,98.0,18293.0,2133.0,V1B,,9.0,27720.0,27720.0,0.5544,Isocortex,5,1063.0,26160745.0,56631.0,1063.0,26160745.0,56631.0,24610.29633113829,53.27469426152399
2438,"Primary visual cortex, binocular area, layer6a",V1B-6a,112.0,255.0,98.0,18294.0,2133.0,V1B,,9.0,23728.0,23728.0,0.47456,Isocortex,6a,1596.0,29619472.0,72167.0,1596.0,29619472.0,72167.0,18558.5664160401,45.21741854636591
2439,"Primary visual cortex, binocular area, layer6b",V1B-6b,112.0,255.0,98.0,18295.0,2133.0,V1B,,9.0,7994.0,7994.0,0.15988,Isocortex,6b,297.0,4883048.0,12698.0,297.0,4883048.0,12698.0,16441.239057239058,42.754208754208754
31,Cingulate cortex,A24 (Cg),112.0,255.0,113.0,18300.0,315.0,Isocortex,,6.0,,184606.0,3.69212,Isocortex,Cg,,0.0,0.0,2789.0,40799866.0,108961.0,14628.851201147365,39.06812477590534
2345,"Cingulate cortex, area 24b ",A24b (Cg1),169.0,203.0,142.0,18810.0,31.0,A24 (Cg),,7.0,,107144.0,2.14288,Isocortex,Cg1,,0.0,0.0,1727.0,27977234.0,74369.0,16199.90387955993,43.06253618992473
2346,"Cingulate cortex, area 24b, layer1",A24b (Cg1)-1,169.0,203.0,142.0,18820.0,2345.0,A24b (Cg1),,8.0,26424.0,26424.0,0.52848,Isocortex,1,16.0,236528.0,636.0,16.0,236528.0,636.0,14783.0,39.75
2347,"Cingulate cortex, area 24b, layer2/3",A24b (Cg1)-2/3,169.0,203.0,142.0,18830.0,2345.0,A24b (Cg1),,8.0,33754.0,33754.0,0.67508,Isocortex,2.3,389.0,5120111.0,14626.0,389.0,5120111.0,14626.0,13162.239074550129,37.598971722365036
2348,"Cingulate cortex, area 24b, layer5",A24b (Cg1)-5,169.0,203.0,142.0,18840.0,2345.0,A24b (Cg1),,8.0,27548.0,27548.0,0.55096,Isocortex,5,664.0,13359478.0,34391.0,664.0,13359478.0,34391.0,20119.69578313253,51.79367469879518
2349,"Cingulate cortex, area 24b, layer6a",A24b (Cg1)-6a,169.0,203.0,142.0,18850.0,2345.0,A24b (Cg1),,8.0,16460.0,16460.0,0.3292,Isocortex,6a,584.0,8555344.0,22646.0,584.0,8555344.0,22646.0,14649.561643835616,38.77739726027397
2350,"Cingulate cortex, area 24b, layer6b",A24b (Cg1)-6b,169.0,203.0,142.0,18860.0,2345.0,A24b (Cg1),,8.0,2958.0,2958.0,0.05916,Isocortex,6b,74.0,705773.0,2070.0,74.0,705773.0,2070.0,9537.472972972973,27.972972972972972
39,"Cingulate cortex, area 24b'",A24b' (Cg1),113.0,255.0,113.0,18900.0,31.0,A24 (Cg),,7.0,,36612.0,0.73224,Isocortex,Cg1',,0.0,0.0,552.0,7876074.0,20221.0,14268.25,36.632246376811594
935,"Cingulate cortex, area 24b', layer1",A24b' (Cg1)-1,96.0,170.0,75.0,19000.0,39.0,A24b' (Cg1),,8.0,9082.0,9082.0,0.18164,Isocortex,1,13.0,123098.0,347.0,13.0,123098.0,347.0,9469.076923076924,26.692307692307693
211,"Cingulate cortex, area 24b', layer2/3",A24b' (Cg1)-2/3,116.0,175.0,88.0,19100.0,39.0,A24b' (Cg1),,8.0,12388.0,12388.0,0.24776,Isocortex,2.3,120.0,1183836.0,3486.0,120.0,1183836.0,3486.0,9865.3,29.05
1015,"Cingulate cortex, area 24b', layer5",A24b' (Cg1)-5,137.0,183.0,108.0,19200.0,39.0,A24b' (Cg1),,8.0,9868.0,9868.0,0.19736,Isocortex,5,180.0,2650819.0,7077.0,180.0,2650819.0,7077.0,14726.772222222222,39.31666666666667
919,"Cingulate cortex, area 24b', layer6a",A24b' (Cg1)-6a,157.0,199.0,128.0,19300.0,39.0,A24b' (Cg1),,8.0,4748.0,4748.0,0.09496,Isocortex,6a,219.0,3694127.0,8706.0,219.0,3694127.0,8706.0,16868.1598173516,39.75342465753425
927,"Cingulate cortex, area 24b', layer6b",A24b' (Cg1)-6b,168.0,203.0,142.0,19400.0,39.0,A24b' (Cg1),,8.0,526.0,526.0,0.01052,Isocortex,6b,20.0,224194.0,605.0,20.0,224194.0,605.0,11209.7,30.25
48,"Cingulate cortex, area 24a'",A24a' (Cg2),114.0,255.0,113.0,19500.0,31.0,A24 (Cg),,7.0,,40850.0,0.817,Isocortex,Cg2,,0.0,0.0,510.0,4946558.0,14371.0,9699.133333333333,28.17843137254902
588,"Cingulate cortex, area 24a', layer1",A24a' (Cg2)-1,109.0,191.0,85.0,19600.0,48.0,A24a' (Cg2),,8.0,10338.0,10338.0,0.20676,Isocortex,1,10.0,124446.0,325.0,10.0,124446.0,325.0,12444.6,32.5
296,"Cingulate cortex, area 24a', layer2/3",A24a' (Cg2)-2/3,131.0,198.0,100.0,19700.0,48.0,A24a' (Cg2),,8.0,14234.0,14234.0,0.28468,Isocortex,2.3,109.0,791306.0,2480.0,109.0,791306.0,2480.0,7259.688073394495,22.75229357798165
772,"Cingulate cortex, area 24a', layer5",A24a' (Cg2)-5,155.0,207.0,122.0,19800.0,48.0,A24a' (Cg2),,8.0,7324.0,7324.0,0.14648,Isocortex,5,96.0,860933.0,2688.0,96.0,860933.0,2688.0,8968.052083333334,28.0
810,"Cingulate cortex, area 24a', layer6a",A24a' (Cg2)-6a,167.0,212.0,136.0,19900.0,48.0,A24a' (Cg2),,8.0,7202.0,7202.0,0.14404,Isocortex,6a,218.0,2294922.0,6536.0,218.0,2294922.0,6536.0,10527.165137614678,29.98165137614679
819,"Cingulate cortex, area 24a', layer6b",A24a' (Cg2)-6b,178.0,217.0,152.0,20000.0,48.0,A24a' (Cg2),,8.0,1752.0,1752.0,0.03504,Isocortex,6b,77.0,874951.0,2342.0,77.0,874951.0,2342.0,11363.0,30.415584415584416
972,"Cingulate cortex, area 32 (Prelimbic cortex)",A32 (PrL),112.0,255.0,118.0,20100.0,315.0,Isocortex,,6.0,,102390.0,2.0478,Isocortex,PrL,,0.0,0.0,1249.0,22531640.0,55838.0,18039.74379503603,44.70616493194556
171,"Cingulate cortex, area 32 (Prelimbic cortex), layer1",A32 (PrL)-1,83.0,150.0,66.0,20200.0,972.0,A32 (PrL),,7.0,23856.0,23856.0,0.47712,Isocortex,1,18.0,757649.0,1234.0,18.0,757649.0,1234.0,42091.61111111111,68.55555555555556
195,"Cingulate cortex, area 32 (Prelimbic cortex), layer2",A32 (PrL)-2,101.0,156.0,78.0,20300.0,972.0,A32 (PrL),,7.0,,0.0,0.0,Isocortex,2,,0.0,0.0,0.0,0.0,0.0,,
304,"Cingulate cortex, area 32 (Prelimbic cortex), layer2/3",A32 (PrL)-2/3,121.0,163.0,95.0,20400.0,972.0,A32 (PrL),,7.0,29784.0,29784.0,0.59568,Isocortex,2.3,210.0,2004798.0,6167.0,210.0,2004798.0,6167.0,9546.657142857142,29.366666666666667
363,"Cingulate cortex, area 32 (Prelimbic cortex), layer5",A32 (PrL)-5,140.0,178.0,114.0,20500.0,972.0,A32 (PrL),,7.0,36902.0,36902.0,0.73804,Isocortex,5,642.0,10864373.0,29060.0,642.0,10864373.0,29060.0,16922.69937694704,45.26479750778816
84,"Cingulate cortex, area 32 (Prelimbic cortex), layer6a",A32 (PrL)-6a,150.0,182.0,127.0,20600.0,972.0,A32 (PrL),,7.0,11848.0,11848.0,0.23696,Isocortex,6a,379.0,8904820.0,19377.0,379.0,8904820.0,19377.0,23495.5672823219,51.12664907651715
132,"Cingulate cortex, area 32 (Prelimbic cortex), layer6b",A32 (PrL)-6b,160.0,187.0,142.0,20700.0,972.0,A32 (PrL),,7.0,,0.0,0.0,Isocortex,6b,,0.0,0.0,0.0,0.0,0.0,,
714,Orbital cortex,O,128.0,255.0,128.0,20800.0,315.0,Isocortex,,6.0,,275026.0,5.50052,Isocortex,O,,0.0,0.0,2983.0,62662151.0,144840.0,21006.420046932617,48.55514582634931
723,Lateral orbital cortex,LO,127.0,255.0,128.0,21400.0,714.0,O,,7.0,,140762.0,2.81524,Isocortex,L,,0.0,0.0,1526.0,33405084.0,76309.0,21890.61861074705,50.00589777195282
480,"Lateral orbital cortex, leaf",LO_leaf,127.0,255.0,128.0,21400.0,723.0,LO,,8.0,2364.0,2364.0,0.04728,Isocortex,misc,,0.0,0.0,0.0,0.0,0.0,,
448,"Lateral orbital cortex, layer1",LO-1,37.0,143.0,69.0,21500.0,723.0,LO,,8.0,33296.0,33296.0,0.66592,Isocortex,1,225.0,4384072.0,10352.0,225.0,4384072.0,10352.0,19484.764444444445,46.00888888888889
412,"Lateral orbital cortex, layer2/3",LO-2/3,63.0,148.0,87.0,21600.0,723.0,LO,,8.0,62110.0,62110.0,1.2422,Isocortex,2.3,724.0,14915245.0,35078.0,724.0,14915245.0,35078.0,20601.16712707182,48.450276243093924
630,"Lateral orbital cortex, layer5",LO-5,82.0,152.0,98.0,21700.0,723.0,LO,,8.0,38424.0,38424.0,0.76848,Isocortex,5,486.0,11865675.0,26115.0,486.0,11865675.0,26115.0,24414.96913580247,53.73456790123457
440,"Lateral orbital cortex, layer6a",LO-6a,107.0,168.0,116.0,21800.0,723.0,LO,,8.0,4568.0,4568.0,0.09136,Isocortex,6a,91.0,2240092.0,4764.0,91.0,2240092.0,4764.0,24616.395604395606,52.35164835164835
488,"Lateral orbital cortex, layer6b",LO-6b,128.0,175.0,128.0,21900.0,723.0,LO,,8.0,,0.0,0.0,Isocortex,6b,,0.0,0.0,0.0,0.0,0.0,,
731,Medial orbital cortex,MO,126.0,255.0,128.0,22000.0,714.0,O,,7.0,,71346.0,1.42692,Isocortex,M,,0.0,0.0,386.0,5895400.0,15991.0,15273.056994818653,41.42746113989637
635,"Medial orbital cortex, leaf",MO_leaf,126.0,255.0,128.0,22000.0,731.0,MO,,8.0,1572.0,1572.0,0.03144,Isocortex,misc,,0.0,0.0,0.0,0.0,0.0,,
484,"Medial orbital cortex, layer1",MO-1,102.0,155.0,63.0,22100.0,731.0,MO,,8.0,23110.0,23110.0,0.4622,Isocortex,1,45.0,602435.0,1655.0,45.0,602435.0,1655.0,13387.444444444445,36.77777777777778
524,"Medial orbital cortex, layer2/3",MO-2/3,121.0,162.0,82.0,22200.0,731.0,MO,,8.0,,0.0,0.0,Isocortex,2.3,,0.0,0.0,0.0,0.0,0.0,,
582,"Medial orbital cortex, layer5",MO-5,131.0,166.0,95.0,22300.0,731.0,MO,,8.0,28014.0,28014.0,0.56028,Isocortex,5,118.0,1572465.0,4594.0,118.0,1572465.0,4594.0,13325.974576271186,38.932203389830505
620,"Medial orbital cortex, layer6a",MO-6a,150.0,181.0,113.0,22400.0,731.0,MO,,8.0,18182.0,18182.0,0.36364,Isocortex,6a,211.0,3273644.0,8964.0,211.0,3273644.0,8964.0,15514.900473933649,42.48341232227488
910,"Medial orbital cortex, layer6b",MO-6b,161.0,186.0,127.0,22500.0,731.0,MO,,8.0,468.0,468.0,0.00936,Isocortex,6b,12.0,446856.0,778.0,12.0,446856.0,778.0,37238.0,64.83333333333333
2510,"Ventral orbital cortex, leaf",VO_leaf,125.0,255.0,128.0,22600.0,738.0,VO,,8.0,1622.0,1622.0,0.03244,Isocortex,misc,,0.0,0.0,0.0,0.0,0.0,,
738,Ventral orbital cortex,VO,125.0,255.0,128.0,22600.0,714.0,O,,7.0,,62918.0,1.25836,Isocortex,V,,0.0,0.0,1071.0,23361667.0,52540.0,21812.9477124183,49.05695611577965
2320,"Orbital cortex, ventral part, layer 1",VO-1,125.0,255.0,128.0,22610.0,738.0,VO,,8.0,19340.0,19340.0,0.3868,Isocortex,1,219.0,3756881.0,9467.0,219.0,3756881.0,9467.0,17154.70776255708,43.22831050228311
2321,"Orbital cortex, ventral part, layer 2/3",VO-2/3,125.0,255.0,128.0,22620.0,738.0,VO,,8.0,29916.0,29916.0,0.59832,Isocortex,2.3,490.0,10306415.0,23723.0,490.0,10306415.0,23723.0,21033.5,48.41428571428571
2322,"Orbital cortex, ventral part, layer 5",VO-5,125.0,255.0,128.0,22630.0,738.0,VO,,8.0,9032.0,9032.0,0.18064,Isocortex,5,288.0,7353321.0,15409.0,288.0,7353321.0,15409.0,25532.364583333332,53.50347222222222
2323,"Orbital cortex, ventral part, layer 6a",VO-6a,125.0,255.0,128.0,22640.0,738.0,VO,,8.0,2636.0,2636.0,0.05272,Isocortex,6a,62.0,1586033.0,3282.0,62.0,1586033.0,3282.0,25581.177419354837,52.935483870967744
2324,"Orbital cortex, ventral part, layer 6b",VO-6b,125.0,255.0,128.0,22650.0,738.0,VO,,8.0,372.0,372.0,0.00744,Isocortex,6b,12.0,359017.0,659.0,12.0,359017.0,659.0,29918.083333333332,54.916666666666664
95,Agranular insular cortex,AI,112.0,255.0,114.0,23300.0,315.0,Isocortex,,6.0,,283750.0,5.675,Isocortex,AI,,0.0,0.0,2691.0,71446735.0,151070.0,26550.254552211074,56.13898179115571
2331,"Agranular insular cortex, layer 1",AI1,112.0,255.0,114.0,23310.0,95.0,AI,,7.0,2372.0,2372.0,0.04744,Isocortex,1,12.0,159628.0,420.0,12.0,159628.0,420.0,13302.333333333334,35.0
2332,"Agranular insular cortex, layer 2/3",AI2/3,112.0,255.0,114.0,23320.0,95.0,AI,,7.0,3432.0,3432.0,0.06864,Isocortex,2.3,31.0,899013.0,1730.0,31.0,899013.0,1730.0,29000.41935483871,55.806451612903224
2333,"Agranular insular cortex, layer 5",AI5,112.0,255.0,114.0,23330.0,95.0,AI,,7.0,2462.0,2462.0,0.04924,Isocortex,5,15.0,487408.0,985.0,15.0,487408.0,985.0,32493.866666666665,65.66666666666667
104,"Agranular insular cortex, dorsal part",AID,113.0,255.0,114.0,23400.0,95.0,AI,,7.0,,135634.0,2.71268,Isocortex,D,,0.0,0.0,1194.0,32737410.0,67423.0,27418.26633165829,56.46817420435511
996,"Agranular insular cortex, dorsal part, layer1",AID-1,74.0,165.0,77.0,23500.0,104.0,AID,,8.0,18686.0,18686.0,0.37372,Isocortex,1,83.0,1602813.0,3603.0,83.0,1602813.0,3603.0,19311.0,43.40963855421687
328,"Agranular insular cortex, dorsal part, layer2/3",AID-2/3,95.0,171.0,97.0,23600.0,104.0,AID,,8.0,38910.0,38910.0,0.7782,Isocortex,2.3,300.0,8914874.0,17092.0,300.0,8914874.0,17092.0,29716.246666666666,56.973333333333336
1101,"Agranular insular cortex, dorsal part, layer5",AID-5,114.0,177.0,110.0,23700.0,104.0,AID,,8.0,29348.0,29348.0,0.58696,Isocortex,5,309.0,10001020.0,19820.0,309.0,10001020.0,19820.0,32365.760517799354,64.14239482200647
783,"Agranular insular cortex, dorsal part, layer6a",AID-6a,144.0,195.0,129.0,23800.0,104.0,AID,,8.0,11524.0,11524.0,0.23048,Isocortex,6a,279.0,6962917.0,15443.0,279.0,6962917.0,15443.0,24956.6917562724,55.35125448028674
831,"Agranular insular cortex, dorsal part, layer6b",AID-6b,156.0,200.0,143.0,23900.0,104.0,AID,,8.0,48.0,48.0,0.00096,Isocortex,6b,1.0,53368.0,72.0,1.0,53368.0,72.0,53368.0,72.0
2020,Dorsolateral orbital cortex,DLO,156.0,200.0,143.0,23910.0,104.0,AID,,8.0,,37118.0,0.74236,Isocortex,DLO,,0.0,0.0,222.0,5202418.0,11393.0,23434.315315315314,51.31981981981982
2326,"Dorsolateral orbital cortex, layer 1",DLO-1,156.0,200.0,143.0,23920.0,2020.0,DLO,,9.0,11712.0,11712.0,0.23424,Isocortex,1,63.0,1155030.0,2771.0,63.0,1155030.0,2771.0,18333.809523809523,43.98412698412698
2327,"Dorsolateral orbital cortex, layer 2/3",DLO-2/3,156.0,200.0,143.0,23930.0,2020.0,DLO,,9.0,18360.0,18360.0,0.3672,Isocortex,2.3,123.0,3183158.0,6709.0,123.0,3183158.0,6709.0,25879.333333333332,54.54471544715447
2328,Dorsolateral orbital cortex layer 5,DLO-5,156.0,200.0,143.0,23940.0,2020.0,DLO,,9.0,7046.0,7046.0,0.14092,Isocortex,5,36.0,864230.0,1913.0,36.0,864230.0,1913.0,24006.38888888889,53.138888888888886
2329,Dorsolateral orbital cortex layer 6a,DLO-6a,156.0,200.0,143.0,23950.0,2020.0,DLO,,9.0,,0.0,0.0,Isocortex,6a,,0.0,0.0,0.0,0.0,0.0,,
2330,Dorsolateral orbital cortex layer 6b,DLO-6b,156.0,200.0,143.0,23960.0,2020.0,DLO,,9.0,,0.0,0.0,Isocortex,6b,,0.0,0.0,0.0,0.0,0.0,,
111,"Agranular insular cortex, posterior part",AIP,111.0,255.0,114.0,24000.0,95.0,AI,,7.0,,59508.0,1.19016,Isocortex,P,,0.0,0.0,530.0,11999883.0,29400.0,22641.288679245285,55.471698113207545
120,"Agranular insular cortex, posterior part, layer1",AIP-1,0.0,154.0,82.0,24100.0,111.0,AIP,,8.0,13484.0,13484.0,0.26968,Isocortex,1,11.0,522090.0,839.0,11.0,522090.0,839.0,47462.72727272727,76.27272727272727
163,"Agranular insular cortex, posterior part, layer2/3",AIP-2/3,20.0,160.0,94.0,24200.0,111.0,AIP,,8.0,28316.0,28316.0,0.56632,Isocortex,2.3,216.0,5029760.0,11948.0,216.0,5029760.0,11948.0,23285.925925925927,55.31481481481482
344,"Agranular insular cortex, posterior part, layer5",AIP-5,59.0,165.0,106.0,24300.0,111.0,AIP,,8.0,11962.0,11962.0,0.23924,Isocortex,5,158.0,3287704.0,8419.0,158.0,3287704.0,8419.0,20808.25316455696,53.28481012658228
314,"Agranular insular cortex, posterior part, layer6a",AIP-6a,87.0,180.0,124.0,24400.0,111.0,AIP,,8.0,5746.0,5746.0,0.11492,Isocortex,6a,145.0,3160329.0,8194.0,145.0,3160329.0,8194.0,21795.372413793102,56.51034482758621
355,"Agranular insular cortex, posterior part, layer6b",AIP-6b,108.0,186.0,137.0,24500.0,111.0,AIP,,8.0,,0.0,0.0,Isocortex,6b,,0.0,0.0,0.0,0.0,0.0,,
119,"Agranular insular cortex, ventral part",AIV,110.0,255.0,114.0,24600.0,95.0,AI,,7.0,,80342.0,1.60684,Isocortex,V,,0.0,0.0,909.0,25163393.0,51112.0,27682.500550055007,56.22882288228823
704,"Agranular insular cortex, ventral part, layer1",AIV-1,84.0,186.0,88.0,24700.0,119.0,AIV,,8.0,16248.0,16248.0,0.32496,Isocortex,1,65.0,1609041.0,3118.0,65.0,1609041.0,3118.0,24754.476923076923,47.96923076923077
694,"Agranular insular cortex, ventral part, layer2/3",AIV-2/3,107.0,192.0,110.0,24800.0,119.0,AIV,,8.0,27804.0,27804.0,0.55608,Isocortex,2.3,279.0,10100502.0,17895.0,279.0,10100502.0,17895.0,36202.51612903226,64.13978494623656
800,"Agranular insular cortex, ventral part, layer5",AIV-5,129.0,199.0,124.0,24900.0,119.0,AIV,,8.0,26560.0,26560.0,0.5312,Isocortex,5,309.0,8112300.0,17241.0,309.0,8112300.0,17241.0,26253.398058252427,55.79611650485437
675,"Agranular insular cortex, ventral part, layer6a",AIV-6a,153.0,207.0,137.0,25000.0,119.0,AIV,,8.0,9730.0,9730.0,0.1946,Isocortex,6a,256.0,5341550.0,12858.0,256.0,5341550.0,12858.0,20865.4296875,50.2265625
699,"Agranular insular cortex, ventral part, layer6b",AIV-6b,166.0,213.0,152.0,25100.0,119.0,AIV,,8.0,,0.0,0.0,Isocortex,6b,,0.0,0.0,0.0,0.0,0.0,,
254,"Cingulate cortex, area 29 and 30 (retrosplenial cortex)",A29-30 (RS),112.0,255.0,120.0,25200.0,315.0,Isocortex,,6.0,,370028.0,7.40056,Isocortex,RS,,0.0,0.0,11048.0,143530021.0,397332.0,12991.493573497466,35.96415640839971
879,"Cingulate cortex, area 30 (Retrosplenial dysgranular cortex)",A30 (RSD),112.0,255.0,120.0,25900.0,254.0,A29-30 (RS),,7.0,,176668.0,3.53336,Isocortex,RSD,,0.0,0.0,5818.0,90525158.0,241215.0,15559.497765555174,41.46012375386731
442,"Cingulate cortex, area 30 (Retrosplenial dysgranular cortex), layer1",A30 (RSD)-1,0.0,139.0,89.0,26000.0,879.0,A30 (RSD),,8.0,38158.0,38158.0,0.76316,Isocortex,1,277.0,3055720.0,9015.0,277.0,3055720.0,9015.0,11031.480144404331,32.545126353790614
434,"Cingulate cortex, area 30 (Retrosplenial dysgranular cortex), layer2/3",A30 (RSD)-2/3,34.0,145.0,99.0,26100.0,879.0,A30 (RSD),,8.0,51104.0,51104.0,1.02208,Isocortex,2.3,2036.0,28889953.0,79114.0,2036.0,28889953.0,79114.0,14189.564341846759,38.857563850687626
545,"Cingulate cortex, area 30 (Retrosplenial dysgranular cortex), layer4",A30 (RSD)-4,35.0,145.0,99.0,26200.0,879.0,A30 (RSD),,8.0,64.0,64.0,0.00128,Isocortex,4,2.0,30152.0,89.0,2.0,30152.0,89.0,15076.0,44.5
610,"Cingulate cortex, area 30 (Retrosplenial dysgranular cortex), layer5",A30 (RSD)-5,60.0,149.0,109.0,26300.0,879.0,A30 (RSD),,8.0,47220.0,47220.0,0.9444,Isocortex,5,1656.0,26398169.0,71080.0,1656.0,26398169.0,71080.0,15940.923309178745,42.92270531400966
274,"Cingulate cortex, area 30 (Retrosplenial dysgranular cortex), layer6a",A30 (RSD)-6a,86.0,164.0,129.0,26400.0,879.0,A30 (RSD),,8.0,34202.0,34202.0,0.68404,Isocortex,6a,1454.0,25489971.0,64815.0,1454.0,25489971.0,64815.0,17530.92916093535,44.577028885832185
330,"Cingulate cortex, area 30 (Retrosplenial dysgranular cortex), layer6b",A30 (RSD)-6b,104.0,170.0,142.0,26500.0,879.0,A30 (RSD),,8.0,5920.0,5920.0,0.1184,Isocortex,6b,393.0,6661193.0,17102.0,393.0,6661193.0,17102.0,16949.600508905853,43.51653944020356
886,"Cingulate cortex, area 29 (Retrosplenial granular cortex)",A29 (RSG),112.0,255.0,120.0,26600.0,254.0,A29-30 (RS),,7.0,,193360.0,3.8672,Isocortex,RSG,,0.0,0.0,5230.0,53004863.0,156117.0,10134.773040152964,29.850286806883364
2132,"Cingulate cortex, area 29c (Retrosplenial granular cortex c)",A29c (RSGc),112.0,255.0,120.0,26610.0,886.0,A29 (RSG),,8.0,,118512.0,2.37024,Isocortex,c,,0.0,0.0,3187.0,32222324.0,94978.0,10110.550360840916,29.801694383432697
542,"Cingulate cortex, area 29c (Retrosplenial granular cortex c), layer1",A29c (RSGc)-1,0.0,138.0,79.0,26700.0,2132.0,A29c (RSGc),,9.0,26412.0,26412.0,0.52824,Isocortex,1,401.0,4116968.0,11809.0,401.0,4116968.0,11809.0,10266.753117206983,29.448877805486283
606,"Cingulate cortex, area 29c (Retrosplenial granular cortex c), layer2",A29c (RSGc)-2,35.0,145.0,94.0,26800.0,2132.0,A29c (RSGc),,9.0,,0.0,0.0,Isocortex,2,,0.0,0.0,0.0,0.0,0.0,,
430,"Cingulate cortex, area 29c (Retrosplenial granular cortex c), layer2/3",A29c (RSGc)-2/3,61.0,149.0,104.0,26900.0,2132.0,A29c (RSGc),,9.0,45666.0,45666.0,0.91332,Isocortex,2.3,1127.0,9814820.0,29647.0,1127.0,9814820.0,29647.0,8708.802129547472,26.306122448979593
687,"Cingulate cortex, area 29c (Retrosplenial granular cortex c), layer5",A29c (RSGc)-5,87.0,163.0,123.0,27000.0,2132.0,A29c (RSGc),,9.0,26896.0,26896.0,0.53792,Isocortex,5,603.0,6637929.0,19780.0,603.0,6637929.0,19780.0,11008.174129353234,32.80265339966832
590,"Cingulate cortex, area 29c (Retrosplenial granular cortex c), layer6a",A29c (RSGc)-6a,96.0,166.0,129.0,27100.0,2132.0,A29c (RSGc),,9.0,16630.0,16630.0,0.3326,Isocortex,6a,908.0,9808255.0,28517.0,908.0,9808255.0,28517.0,10802.042951541851,31.40638766519824
622,"Cingulate cortex, area 29c (Retrosplenial granular cortex c), layer6b",A29c (RSGc)-6b,105.0,169.0,135.0,27200.0,2132.0,A29c (RSGc),,9.0,2908.0,2908.0,0.05816,Isocortex,6b,148.0,1844352.0,5225.0,148.0,1844352.0,5225.0,12461.837837837838,35.304054054054056
2066,"Cingulate cortex, area 29b (Retrosplenial granular cortex b)",A29b (RSGb),112.0,255.0,120.0,27210.0,886.0,A29 (RSG),,8.0,,36622.0,0.73244,Isocortex,b,,0.0,0.0,824.0,8162593.0,24230.0,9906.059466019418,29.405339805825243
2416,"Cingulate cortex, area 29b (Retrosplenial granular cortex b), layer1",A29b (RSGb)-1,112.0,255.0,120.0,27220.0,2066.0,A29b (RSGb),,9.0,10548.0,10548.0,0.21096,Isocortex,1,226.0,1767722.0,5252.0,226.0,1767722.0,5252.0,7821.778761061947,23.238938053097346
2417,"Cingulate cortex, area 29b (Retrosplenial granular cortex b), layer2/3",A29b (RSGb)-2/3,112.0,255.0,120.0,27230.0,2066.0,A29b (RSGb),,9.0,10716.0,10716.0,0.21432,Isocortex,2.3,190.0,1681696.0,5034.0,190.0,1681696.0,5034.0,8851.031578947368,26.49473684210526
2418,"Cingulate cortex, area 29b (Retrosplenial granular cortex b), layer5",A29b (RSGb)-5,112.0,255.0,120.0,27240.0,2066.0,A29b (RSGb),,9.0,11976.0,11976.0,0.23952,Isocortex,5,291.0,3443047.0,10186.0,291.0,3443047.0,10186.0,11831.776632302406,35.00343642611684
2419,"Cingulate cortex, area 29b (Retrosplenial granular cortex b), layer6a",A29b (RSGb)-6a,112.0,255.0,120.0,27250.0,2066.0,A29b (RSGb),,9.0,2700.0,2700.0,0.054,Isocortex,6a,92.0,1041149.0,3059.0,92.0,1041149.0,3059.0,11316.83695652174,33.25
2420,"Cingulate cortex, area 29b (Retrosplenial granular cortex b), layer6b",A29b (RSGb)-6b,112.0,255.0,120.0,27260.0,2066.0,A29b (RSGb),,9.0,682.0,682.0,0.01364,Isocortex,6b,25.0,228979.0,699.0,25.0,228979.0,699.0,9159.16,27.96
2067,"Cingulate cortex, area 29a (Retrosplenial granular cortex a)",A29a (RSGa),112.0,255.0,120.0,27270.0,886.0,A29 (RSG),,8.0,,38226.0,0.76452,Isocortex,a,,0.0,0.0,1219.0,12619946.0,36909.0,10352.70385561936,30.278096800656275
2421,"Cingulate cortex, area 29a (Retrosplenial granular cortex a), layer1",A29a (RSGa)-1,112.0,255.0,120.0,27280.0,2067.0,A29a (RSGa),,9.0,7486.0,7486.0,0.14972,Isocortex,1,297.0,2946206.0,8397.0,297.0,2946206.0,8397.0,9919.885521885522,28.272727272727273
2422,"Cingulate cortex, area 29a (Retrosplenial granular cortex a), layer2/3",A29a (RSGa)-2/3,112.0,255.0,120.0,27290.0,2067.0,A29a (RSGa),,9.0,10818.0,10818.0,0.21636,Isocortex,2.3,350.0,3377936.0,9731.0,350.0,3377936.0,9731.0,9651.245714285715,27.802857142857142
2423,"Cingulate cortex, area 29a (Retrosplenial granular cortex a), layer5",A29a (RSGa)-5,112.0,255.0,120.0,27291.0,2067.0,A29a (RSGa),,9.0,15060.0,15060.0,0.3012,Isocortex,5,426.0,4642802.0,13920.0,426.0,4642802.0,13920.0,10898.596244131455,32.67605633802817
2424,"Cingulate cortex, area 29a (Retrosplenial granular cortex a), layer6a",A29a (RSGa)-6a,112.0,255.0,120.0,27292.0,2067.0,A29a (RSGa),,9.0,3358.0,3358.0,0.06716,Isocortex,6a,116.0,1269444.0,3780.0,116.0,1269444.0,3780.0,10943.48275862069,32.58620689655172
2425,"Cingulate cortex, area 29a (Retrosplenial granular cortex a), layer6b",A29a (RSGa)-6b,112.0,255.0,120.0,27293.0,2067.0,A29a (RSGa),,9.0,1504.0,1504.0,0.03008,Isocortex,6b,30.0,383558.0,1081.0,30.0,383558.0,1081.0,12785.266666666666,36.03333333333333
22,parietal association cortex,PtA,112.0,255.0,119.0,27300.0,315.0,Isocortex,,6.0,,72090.0,1.4418,Isocortex,PtA,,0.0,0.0,2552.0,48336898.0,117198.0,18940.7907523511,45.92398119122257
2056,Medial parietal association cortex,MPtA,105.0,169.0,135.0,27910.0,22.0,PtA,,7.0,,29632.0,0.59264,Isocortex,M,,0.0,0.0,975.0,18299251.0,44156.0,18768.462564102563,45.28820512820513
2381,"Medial parietal association cortex, layer 1",MPtA-1,105.0,169.0,135.0,27911.0,2056.0,MPtA,,8.0,4058.0,4058.0,0.08116,Isocortex,1,16.0,175001.0,532.0,16.0,175001.0,532.0,10937.5625,33.25
2382,"Medial parietal association cortex, layer 2/3",MPtA-2,105.0,169.0,135.0,27912.0,2056.0,MPtA,,8.0,7940.0,7940.0,0.1588,Isocortex,2,142.0,2695479.0,6559.0,142.0,2695479.0,6559.0,18982.24647887324,46.190140845070424
2383,"Medial parietal association cortex, layer 4",MPtA-4,105.0,169.0,135.0,27913.0,2056.0,MPtA,,8.0,2384.0,2384.0,0.04768,Isocortex,4,99.0,1176508.0,3401.0,99.0,1176508.0,3401.0,11883.919191919193,34.35353535353536
2384,"Medial parietal association cortex, layer 5",MPtA-5,105.0,169.0,135.0,27914.0,2056.0,MPtA,,8.0,7082.0,7082.0,0.14164,Isocortex,5,303.0,6682048.0,15241.0,303.0,6682048.0,15241.0,22052.963696369636,50.3003300330033
2385,"Medial parietal association cortex, layer 6a",MPtA-6a,105.0,169.0,135.0,27915.0,2056.0,MPtA,,8.0,5648.0,5648.0,0.11296,Isocortex,6a,233.0,4729928.0,10657.0,233.0,4729928.0,10657.0,20300.12017167382,45.738197424892704
2386,"Medial parietal association cortex, layer 6b",MPtA-6b,105.0,169.0,135.0,27916.0,2056.0,MPtA,,8.0,2520.0,2520.0,0.0504,Isocortex,6b,182.0,2840287.0,7766.0,182.0,2840287.0,7766.0,15605.972527472528,42.67032967032967
2057,Lateral parietal association cortex,LPtA,105.0,169.0,135.0,27920.0,22.0,PtA,,7.0,,30970.0,0.6194,Isocortex,L,,0.0,0.0,971.0,17125786.0,43048.0,17637.266735324407,44.333676622039135
2387,"Lateral parietal association cortex, layer 1",LPtA-1,105.0,169.0,135.0,27921.0,2057.0,LPtA,,8.0,4354.0,4354.0,0.08708,Isocortex,1,17.0,176583.0,531.0,17.0,176583.0,531.0,10387.235294117647,31.235294117647058
2388,"Lateral parietal association cortex, layer 2/3",LPtA-2/3,105.0,169.0,135.0,27922.0,2057.0,LPtA,,8.0,7838.0,7838.0,0.15676,Isocortex,2.3,135.0,2675684.0,6632.0,135.0,2675684.0,6632.0,19819.881481481483,49.12592592592593
2389,"Lateral parietal association cortex, layer 4",LPtA-4,105.0,169.0,135.0,27923.0,2057.0,LPtA,,8.0,5786.0,5786.0,0.11572,Isocortex,4,261.0,3461075.0,9591.0,261.0,3461075.0,9591.0,13260.823754789271,36.747126436781606
2390,"Lateral parietal association cortex, layer 5",LPtA-5,105.0,169.0,135.0,27924.0,2057.0,LPtA,,8.0,6030.0,6030.0,0.1206,Isocortex,5,235.0,5415726.0,12464.0,235.0,5415726.0,12464.0,23045.64255319149,53.03829787234042
2391,"Lateral parietal association cortex, layer 6a",LPtA-6a,105.0,169.0,135.0,27925.0,2057.0,LPtA,,8.0,5010.0,5010.0,0.1002,Isocortex,6a,185.0,3492732.0,8424.0,185.0,3492732.0,8424.0,18879.632432432434,45.535135135135135
2392,"Lateral parietal association cortex, layer 6b",LPtA-6b,105.0,169.0,135.0,27926.0,2057.0,LPtA,,8.0,1952.0,1952.0,0.03904,Isocortex,6b,138.0,1903986.0,5406.0,138.0,1903986.0,5406.0,13797.0,39.17391304347826
2082,"parietal cortex, posterior area, dorsal part",PtPD,112.0,255.0,119.0,27940.0,22.0,PtA,,7.0,,2256.0,0.04512,Isocortex,PD,,0.0,0.0,129.0,2840604.0,6461.0,22020.18604651163,50.08527131782946
2402,"Parietal cortex, posterior area, dorsal part, layer1",PtPD-1,112.0,255.0,119.0,27941.0,2082.0,PtPD,,8.0,266.0,266.0,0.00532,Isocortex,1,2.0,29513.0,94.0,2.0,29513.0,94.0,14756.5,47.0
2403,"Parietal cortex, posterior area, dorsal part, layer2/3",PtPD-2/3,112.0,255.0,119.0,27942.0,2082.0,PtPD,,8.0,584.0,584.0,0.01168,Isocortex,2.3,22.0,589838.0,1199.0,22.0,589838.0,1199.0,26810.81818181818,54.5
2404,"Parietal cortex, posterior area, dorsal part, layer4",PtPD-4,112.0,255.0,119.0,27943.0,2082.0,PtPD,,8.0,558.0,558.0,0.01116,Isocortex,4,38.0,701479.0,1723.0,38.0,701479.0,1723.0,18459.973684210527,45.3421052631579
2405,"Parietal cortex, posterior area, dorsal part, layer5",PtPD-5,112.0,255.0,119.0,27944.0,2082.0,PtPD,,8.0,408.0,408.0,0.00816,Isocortex,5,35.0,973312.0,2010.0,35.0,973312.0,2010.0,27808.914285714287,57.42857142857143
2406,"Parietal cortex, posterior area, dorsal part, layer6a",PtPD-6a,112.0,255.0,119.0,27945.0,2082.0,PtPD,,8.0,314.0,314.0,0.00628,Isocortex,6a,23.0,426608.0,1085.0,23.0,426608.0,1085.0,18548.17391304348,47.17391304347826
2407,"Parietal cortex, posterior area, dorsal part, layer6b",PtPD-6b,112.0,255.0,119.0,27946.0,2082.0,PtPD,,8.0,126.0,126.0,0.00252,Isocortex,6b,9.0,119854.0,350.0,9.0,119854.0,350.0,13317.111111111111,38.888888888888886
539,"Temporal association cortex, leaf",TeA _leaf,112.0,255.0,122.0,28000.0,541.0,TeA ,,7.0,664.0,664.0,0.01328,Isocortex,misc,2.0,51770.0,98.0,2.0,51770.0,98.0,25885.0,49.0
541,Temporal association cortex,TeA ,112.0,255.0,122.0,28000.0,315.0,Isocortex,,6.0,,164404.0,3.28808,Isocortex,TeA ,,0.0,0.0,4135.0,90449298.0,222021.0,21874.074486094316,53.69310761789601
97,"Temporal association cortex, layer1",TeA-1,0.0,140.0,110.0,28100.0,541.0,TeA ,,7.0,25552.0,25552.0,0.51104,Isocortex,1,68.0,837357.0,2306.0,68.0,837357.0,2306.0,12314.073529411764,33.911764705882355
1127,"Temporal association cortex, layer2/3",TeA-2/3,0.0,145.0,121.0,28200.0,541.0,TeA ,,7.0,38178.0,38178.0,0.76356,Isocortex,2.3,528.0,10683872.0,26402.0,528.0,10683872.0,26402.0,20234.60606060606,50.003787878787875
234,"Temporal association cortex, layer4",TeA-4,56.0,151.0,133.0,28300.0,541.0,TeA ,,7.0,26544.0,26544.0,0.53088,Isocortex,4,740.0,17111499.0,40590.0,740.0,17111499.0,40590.0,23123.6472972973,54.851351351351354
289,"Temporal association cortex, layer5",TeA-5,82.0,165.0,150.0,28400.0,541.0,TeA ,,7.0,36936.0,36936.0,0.73872,Isocortex,5,1233.0,30831052.0,73252.0,1233.0,30831052.0,73252.0,25004.908353609084,59.409570154095704
729,"Temporal association cortex, layer6a",TeA-6a,102.0,170.0,157.0,28500.0,541.0,TeA ,,7.0,28536.0,28536.0,0.57072,Isocortex,6a,1352.0,26777962.0,68695.0,1352.0,26777962.0,68695.0,19806.184911242603,50.80991124260355
786,"Temporal association cortex, layer6b",TeA-6b,124.0,177.0,165.0,28600.0,541.0,TeA ,,7.0,7994.0,7994.0,0.15988,Isocortex,6b,212.0,4155786.0,10678.0,212.0,4155786.0,10678.0,19602.764150943396,50.367924528301884
922,Perihinal cortex,PRh,112.0,255.0,117.0,28700.0,315.0,Isocortex,,6.0,,144806.0,2.89612,Isocortex,PRh,,0.0,0.0,1827.0,45543817.0,104661.0,24928.19759168035,57.285714285714285
563,"Perihinal cortex, leaf",PRh_leaf,112.0,255.0,117.0,28700.0,922.0,PRh,,7.0,1392.0,1392.0,0.02784,Isocortex,misc,6.0,341096.0,571.0,6.0,341096.0,571.0,56849.333333333336,95.16666666666667
335,"Perihinal cortex, layer6a",PRh-6a,79.0,166.0,164.0,28800.0,922.0,PRh,,7.0,24098.0,24098.0,0.48196,Isocortex,6a,585.0,12975009.0,31682.0,585.0,12975009.0,31682.0,22179.502564102564,54.15726495726496
368,"Perihinal cortex, layer6b",PRh-6b,99.0,171.0,173.0,28900.0,922.0,PRh,,7.0,4706.0,4706.0,0.09412,Isocortex,6b,79.0,1683852.0,4044.0,79.0,1683852.0,4044.0,21314.58227848101,51.18987341772152
2286,"Parietal cortex, posterior area, rostral part",PtPR,112.0,255.0,119.0,28930.0,22.0,PtA,,7.0,,9232.0,0.18464,Isocortex,PtPR,,0.0,0.0,477.0,10071257.0,23533.0,21113.746331236896,49.335429769392036
2396,"Parietal cortex, posterior area, rostral part, layer1",PtPR-1,112.0,255.0,119.0,28931.0,2286.0,PtPR,,8.0,1188.0,1188.0,0.02376,Isocortex,1,8.0,63827.0,207.0,8.0,63827.0,207.0,7978.375,25.875
2397,"Parietal cortex, posterior area, rostral part, layer2/3",PtPR-2/3,112.0,255.0,119.0,28932.0,2286.0,PtPR,,8.0,2310.0,2310.0,0.0462,Isocortex,2.3,68.0,1924619.0,3894.0,68.0,1924619.0,3894.0,28303.220588235294,57.26470588235294
2398,"Parietal cortex, posterior area, rostral part, layer4",PtPR-4,112.0,255.0,119.0,28933.0,2286.0,PtPR,,8.0,1956.0,1956.0,0.03912,Isocortex,4,166.0,2960474.0,7346.0,166.0,2960474.0,7346.0,17834.180722891568,44.25301204819277
2399,"Parietal cortex, posterior area, rostral part, layer5",PtPR-5,112.0,255.0,119.0,28934.0,2286.0,PtPR,,8.0,1818.0,1818.0,0.03636,Isocortex,5,110.0,2979359.0,6432.0,110.0,2979359.0,6432.0,27085.081818181818,58.472727272727276
2400,"Parietal cortex, posterior area, rostral part, layer6a",PtPR-6a,112.0,255.0,119.0,28935.0,2286.0,PtPR,,8.0,1414.0,1414.0,0.02828,Isocortex,6a,84.0,1495064.0,3873.0,84.0,1495064.0,3873.0,17798.380952380954,46.107142857142854
2401,"Parietal cortex, posterior area, rostral part, layer6b",PtPR-6b,112.0,255.0,119.0,28936.0,2286.0,PtPR,,8.0,546.0,546.0,0.01092,Isocortex,6b,41.0,647914.0,1781.0,41.0,647914.0,1781.0,15802.780487804877,43.4390243902439
540,"Perihinal cortex, layer1",PRh-1,0.0,141.0,133.0,29000.0,922.0,PRh,,7.0,27490.0,27490.0,0.5498,Isocortex,1,124.0,2782307.0,6294.0,124.0,2782307.0,6294.0,22437.959677419356,50.75806451612903
692,"Perihinal cortex, layer5",PRh-5,52.0,151.0,146.0,29100.0,922.0,PRh,,7.0,35338.0,35338.0,0.70676,Isocortex,5,514.0,13745001.0,31669.0,514.0,13745001.0,31669.0,26741.247081712063,61.61284046692607
888,"Perihinal cortex, layer2/3",PRh-2/3,0.0,146.0,139.0,29200.0,922.0,PRh,,7.0,51782.0,51782.0,1.03564,Isocortex,2.3,519.0,14016552.0,30401.0,519.0,14016552.0,30401.0,27006.843930635838,58.57610789980732
858,"Ectorhinal cortex, leaf",Ect_leaf,112.0,255.0,115.0,29300.0,895.0,Ect,,7.0,8364.0,8364.0,0.16728,Isocortex,misc,47.0,1373666.0,2652.0,47.0,1373666.0,2652.0,29226.936170212764,56.42553191489362
895,Ectorhinal cortex,Ect,112.0,255.0,115.0,29300.0,315.0,Isocortex,,6.0,,163864.0,3.27728,Isocortex,Ect,,0.0,0.0,3251.0,87520139.0,191289.0,26920.990156874806,58.84004921562596
836,"Ectorhinal cortex, layer1",Ect-1,0.0,140.0,121.0,29400.0,895.0,Ect,,7.0,26414.0,26414.0,0.52828,Isocortex,1,97.0,1816999.0,4242.0,97.0,1816999.0,4242.0,18731.94845360825,43.7319587628866
427,"Ectorhinal cortex, layer2/3",Ect-2/3,19.0,147.0,133.0,29500.0,895.0,Ect,,7.0,59750.0,59750.0,1.195,Isocortex,2.3,931.0,25724990.0,52171.0,931.0,25724990.0,52171.0,27631.568206229862,56.037593984962406
988,"Ectorhinal cortex, layer5",Ect-5,54.0,151.0,140.0,29600.0,895.0,Ect,,7.0,35756.0,35756.0,0.71512,Isocortex,5,972.0,29638770.0,63927.0,972.0,29638770.0,63927.0,30492.561728395063,65.76851851851852
977,"Ectorhinal cortex, layer6a",Ect-6a,80.0,165.0,156.0,29700.0,895.0,Ect,,7.0,26702.0,26702.0,0.53404,Isocortex,6a,1044.0,25548868.0,59973.0,1044.0,25548868.0,59973.0,24472.09578544061,57.445402298850574
1045,"Ectorhinal cortex, layer6b",Ect-6b,101.0,171.0,165.0,29800.0,895.0,Ect,,7.0,6878.0,6878.0,0.13756,Isocortex,6b,160.0,3416846.0,8324.0,160.0,3416846.0,8324.0,21355.2875,52.025
572,"Olfactory areas, leaf",OLF_leaf,144.0,255.0,144.0,29900.0,698.0,OLF,,6.0,3836.0,3836.0,0.07672,Isocortex,misc,48.0,1089828.0,2352.0,48.0,1089828.0,2352.0,22704.75,49.0
698,Olfactory areas,OLF,144.0,255.0,144.0,29900.0,695.0,CTXpl,,5.0,,1860244.0,37.20488,OLF,OLF,,0.0,0.0,30079.0,574488120.0,1334857.0,19099.30915256491,44.378370291565545
507,Main olfactory bulb,MOB,160.0,255.0,171.0,30000.0,698.0,OLF,,6.0,,611960.0,12.2392,OLF,MOB,,0.0,0.0,13859.0,207478561.0,499767.0,14970.673280900497,36.0608268994877
212,Glomerular layer of the olfactory bulb,Gl,140.0,235.0,151.0,30100.0,507.0,MOB,,7.0,144886.0,144886.0,2.89772,OLF,Gl,1585.0,22878941.0,57710.0,1585.0,22878941.0,57710.0,14434.66309148265,36.41009463722398
220,Granule cell layer of the olfactory bulb,GrO,110.0,205.0,121.0,30200.0,507.0,MOB,,7.0,169848.0,169848.0,3.39696,OLF,GrO,6045.0,84596380.0,206822.0,6045.0,84596380.0,206822.0,13994.438378825476,34.21373035566584
228,Internal plxiform layer of the olfactory bulb,IPl,160.0,255.0,171.0,30300.0,507.0,MOB,,7.0,43150.0,43150.0,0.863,OLF,IPl,1488.0,21683117.0,52538.0,1488.0,21683117.0,52538.0,14571.987231182795,35.30779569892473
236,Mitral cell layer of the olfactory bulb,Mi,130.0,225.0,141.0,30400.0,507.0,MOB,,7.0,42726.0,42726.0,0.85452,OLF,Mi,1110.0,17082183.0,41359.0,1110.0,17082183.0,41359.0,15389.354054054054,37.26036036036036
244,External plexiform layer of the olfactory bulb,EPl,160.0,255.0,171.0,30500.0,507.0,MOB,,7.0,211350.0,211350.0,4.227,OLF,EPl,3631.0,61237940.0,141338.0,3631.0,61237940.0,141338.0,16865.309832002204,38.92536491324704
151,Accessory olfactory bulb,AOB,160.0,255.0,176.0,30600.0,698.0,OLF,,6.0,,28296.0,0.56592,OLF,AOB,,0.0,0.0,80.0,928074.0,2427.0,11600.925,30.3375
188,Glomerular layer of the accessory olfactory bulb,GlA,140.0,235.0,156.0,30700.0,151.0,AOB,,7.0,7358.0,7358.0,0.14716,OLF,GlA,,0.0,0.0,0.0,0.0,0.0,,
196,Granule cell layer of the accessory olfactory bulb,GrA,110.0,205.0,126.0,30800.0,151.0,AOB,,7.0,6530.0,6530.0,0.1306,OLF,GrA,67.0,780684.0,2022.0,67.0,780684.0,2022.0,11652.0,30.17910447761194
204,Mitral cell layer of the accessory olfactory bulb,MiA,130.0,225.0,146.0,30900.0,151.0,AOB,,7.0,5922.0,5922.0,0.11844,OLF,MiA,5.0,61864.0,167.0,5.0,61864.0,167.0,12372.8,33.4
2021,External plexiform layer of the accessory olfactory b,EPIA,130.0,225.0,146.0,30910.0,151.0,AOB,,7.0,8486.0,8486.0,0.16972,OLF,EPIA,8.0,85526.0,238.0,8.0,85526.0,238.0,10690.75,29.75
179,"Anterior olfactory area, leaf",AO_leaf,144.0,255.0,184.0,31000.0,159.0,AO,,7.0,3166.0,3166.0,0.06332,OLF,misc,56.0,1731606.0,3506.0,56.0,1731606.0,3506.0,30921.535714285714,62.607142857142854
159,Anterior olfactory area,AO,144.0,255.0,184.0,31000.0,698.0,OLF,,6.0,,170980.0,3.4196,OLF,AO,,0.0,0.0,3875.0,78723653.0,167497.0,20315.78141935484,43.225032258064516
167,Anterior olfactory area dorsal part,AOD,192.0,255.0,200.0,31100.0,159.0,AO,,7.0,17474.0,17474.0,0.34948,OLF,AOD,140.0,2060540.0,5114.0,140.0,2060540.0,5114.0,14718.142857142857,36.52857142857143
175,Anterior olfactory area external part,AOE,192.0,255.0,201.0,31200.0,159.0,AO,,7.0,8540.0,8540.0,0.1708,OLF,AOE,78.0,925533.0,2506.0,78.0,925533.0,2506.0,11865.807692307691,32.12820512820513
160,"Anterior olfactory area, outer layer",AOOL,192.0,255.0,202.0,31250.0,159.0,AO,,7.0,51966.0,51966.0,1.03932,OLF,AOOL,1684.0,36845403.0,75225.0,1684.0,36845403.0,75225.0,21879.69299287411,44.67042755344418
183,Anterior olfactory area lateral part,AOL,192.0,255.0,202.0,31300.0,159.0,AO,,7.0,35472.0,35472.0,0.70944,OLF,AOL,409.0,9696973.0,19508.0,409.0,9696973.0,19508.0,23708.9804400978,47.696821515892424
191,Anterior olfactory area medial part,AOM,192.0,255.0,203.0,31400.0,159.0,AO,,7.0,30084.0,30084.0,0.60168,OLF,AOM,1023.0,18857030.0,42740.0,1023.0,18857030.0,42740.0,18433.069403714566,41.779081133919846
199,"Anterior olfactory area, posteroventral part",AOP/AOV,192.0,255.0,204.0,31500.0,159.0,AO,,7.0,,24278.0,0.48556,OLF,AOP/AOV,,0.0,0.0,485.0,8606568.0,18898.0,17745.501030927837,38.964948453608244
2318,"Anterior olfactory area, ventral part",AOV,192.0,255.0,204.0,31510.0,199.0,AOP/AOV,,8.0,7620.0,7620.0,0.1524,OLF,AOV,238.0,2946918.0,7262.0,238.0,2946918.0,7262.0,12382.008403361344,30.51260504201681
2319,"Anterior olfactory area, posterior part",AOP,192.0,255.0,204.0,31520.0,199.0,AOP/AOV,,8.0,16658.0,16658.0,0.33316,OLF,AOP,247.0,5659650.0,11636.0,247.0,5659650.0,11636.0,22913.562753036436,47.10931174089069
589,Taenia tecta,TT,160.0,255.0,160.0,31800.0,698.0,OLF,,6.0,,90870.0,1.8174,OLF,TT,,0.0,0.0,989.0,22910708.0,49681.0,23165.528816986855,50.23356926188069
597,Dorsal tenia tecta,DTT,160.0,255.0,162.0,31900.0,589.0,TT,,7.0,4146.0,4146.0,0.08292,OLF,DTT,42.0,578079.0,1467.0,42.0,578079.0,1467.0,13763.785714285714,34.92857142857143
1034,"Dorsal tenia tecta, layer 1",DTT1,160.0,255.0,162.0,32100.0,589.0,TT,,7.0,17330.0,17330.0,0.3466,OLF,1,38.0,725634.0,1930.0,38.0,725634.0,1930.0,19095.63157894737,50.78947368421053
1042,"Dorsal tenia tecta, layer 2",DTT2,160.0,255.0,162.0,32200.0,589.0,TT,,7.0,9186.0,9186.0,0.18372,OLF,2,42.0,879504.0,2222.0,42.0,879504.0,2222.0,20940.571428571428,52.904761904761905
1050,"Dorsal tenia tecta, layer 3",DTT3,160.0,255.0,162.0,32300.0,589.0,TT,,7.0,22668.0,22668.0,0.45336,OLF,3,238.0,4676970.0,11413.0,238.0,4676970.0,11413.0,19651.134453781513,47.95378151260504
1059,"Dorsal tenia tecta, layer 4",DTT4,160.0,255.0,162.0,32400.0,589.0,TT,,7.0,3890.0,3890.0,0.0778,OLF,4,30.0,339885.0,952.0,30.0,339885.0,952.0,11329.5,31.733333333333334
605,Ventral tenia tecta,VTT,160.0,255.0,161.0,32500.0,589.0,TT,,7.0,864.0,864.0,0.01728,OLF,VTT,181.0,3202419.0,6948.0,181.0,3202419.0,6948.0,17692.922651933703,38.386740331491715
1067,"Ventral tenia tecta, layer 1",VTT1,160.0,255.0,161.0,32700.0,589.0,TT,,7.0,16316.0,16316.0,0.32632,OLF,1,165.0,4441415.0,9343.0,165.0,4441415.0,9343.0,26917.666666666668,56.624242424242425
1075,"Ventral tenia tecta, layer 2",VTT2,160.0,255.0,161.0,32800.0,589.0,TT,,7.0,5768.0,5768.0,0.11536,OLF,2,68.0,2260247.0,4345.0,68.0,2260247.0,4345.0,33238.92647058824,63.89705882352941
1082,"Ventral tenia tecta, layer 3",VTT3,160.0,255.0,161.0,32900.0,589.0,TT,,7.0,10702.0,10702.0,0.21404,OLF,3,185.0,5806555.0,11061.0,185.0,5806555.0,11061.0,31386.783783783783,59.78918918918919
814,"Cingulate cortex, area 25 (dorsal peduncular cortex)",A25 (DP),112.0,255.0,125.0,33000.0,698.0,OLF,,6.0,,35378.0,0.70756,OLF,DP,,0.0,0.0,180.0,2080277.0,5888.0,11557.094444444445,32.71111111111111
496,"Cingulate cortex, area 25 (dorsal peduncular cortex), layer1",A25 (DP)-1,0.0,158.0,81.0,33100.0,814.0,A25 (DP),,7.0,7432.0,7432.0,0.14864,OLF,1,,0.0,0.0,0.0,0.0,0.0,,
535,"Cingulate cortex, area 25 (dorsal peduncular cortex), layer2",A25 (DP)-2,60.0,164.0,99.0,33200.0,814.0,A25 (DP),,7.0,,0.0,0.0,OLF,2,,0.0,0.0,0.0,0.0,0.0,,
360,"Cingulate cortex, area 25 (dorsal peduncular cortex), layer2/3",A25 (DP)-2/3,83.0,169.0,111.0,33300.0,814.0,A25 (DP),,7.0,7804.0,7804.0,0.15608,OLF,2.3,22.0,304369.0,906.0,22.0,304369.0,906.0,13834.954545454546,41.18181818181818
646,"Cingulate cortex, area 25 (dorsal peduncular cortex), layer5",A25 (DP)-5,109.0,185.0,130.0,33400.0,814.0,A25 (DP),,7.0,15264.0,15264.0,0.30528,OLF,5,91.0,1189871.0,3316.0,91.0,1189871.0,3316.0,13075.505494505494,36.43956043956044
267,"Cingulate cortex, area 25 (dorsal peduncular cortex), layer6a",A25 (DP)-6a,130.0,192.0,143.0,33500.0,814.0,A25 (DP),,7.0,4878.0,4878.0,0.09756,OLF,6a,67.0,586037.0,1666.0,67.0,586037.0,1666.0,8746.820895522387,24.865671641791046
2019,Dorsal transition zone,DTr,130.0,192.0,143.0,33510.0,814.0,A25 (DP),,7.0,,0.0,0.0,OLF,DTr,,0.0,0.0,0.0,0.0,0.0,,
961,Piriform cortex,PIR,160.0,255.0,167.0,33600.0,698.0,OLF,,6.0,,658728.0,13.17456,OLF,PIR,,0.0,0.0,8514.0,216313487.0,490844.0,25406.79903688043,57.651397697909324
276,Piriform cortex 1,Pir1,160.0,255.0,167.0,33800.0,961.0,PIR,,7.0,188464.0,188464.0,3.76928,OLF,1,850.0,20118026.0,45163.0,850.0,20118026.0,45163.0,23668.265882352942,53.13294117647059
284,Piriform cortex 2,Pir2,160.0,255.0,167.0,33900.0,961.0,PIR,,7.0,109184.0,109184.0,2.18368,OLF,2,2287.0,59831008.0,133217.0,2287.0,59831008.0,133217.0,26161.350240489726,58.24967205946655
291,Piriform cortex 3,Pir3,160.0,255.0,167.0,34000.0,961.0,PIR,,7.0,308760.0,308760.0,6.1752,OLF,3,4784.0,122920164.0,281041.0,4784.0,122920164.0,281041.0,25694.014214046823,58.746028428093645
2024,Cortex-amygdala transition zone,CxA,160.0,255.0,170.0,34010.0,961.0,PIR,,7.0,,52320.0,1.0464,OLF,CxA,,0.0,0.0,593.0,13444289.0,31423.0,22671.650927487353,52.989881956155145
2303,Cortex-amygdala transition zone Layer1,CxA1,160.0,255.0,170.0,34020.0,2024.0,CxA,,8.0,15746.0,15746.0,0.31492,OLF,1,65.0,2560548.0,4106.0,65.0,2560548.0,4106.0,39393.04615384615,63.16923076923077
2304,Cortex-amygdala transition zone Layer2,CxA2,160.0,255.0,170.0,34030.0,2024.0,CxA,,8.0,9678.0,9678.0,0.19356,OLF,2,31.0,1128174.0,2133.0,31.0,1128174.0,2133.0,36392.709677419356,68.80645161290323
2305,Cortex-amygdala transition zone Layer3,CxA3,160.0,255.0,170.0,34040.0,2024.0,CxA,,8.0,26896.0,26896.0,0.53792,OLF,3,497.0,9755567.0,25184.0,497.0,9755567.0,25184.0,19628.90744466801,50.672032193158955
619,Nucleus of the lateral olfactory tract,LOT,160.0,255.0,170.0,34100.0,698.0,OLF,,6.0,,17388.0,0.34776,OLF,LOT,,0.0,0.0,254.0,4138725.0,11041.0,16294.192913385827,43.468503937007874
555,"Nucleus of the lateral olfactory tract, leaf",LOT_leaf,160.0,255.0,170.0,34100.0,619.0,LOT,,7.0,1568.0,1568.0,0.03136,OLF,misc,20.0,460983.0,989.0,20.0,460983.0,989.0,23049.15,49.45
260,Nucleus of the lateral olfactory tract 1,LOT1,160.0,255.0,170.0,34300.0,619.0,LOT,,7.0,5732.0,5732.0,0.11464,OLF,1,49.0,1257722.0,2821.0,49.0,1257722.0,2821.0,25667.79591836735,57.57142857142857
268,Nucleus of the lateral olfactory tract 2,LOT2,160.0,255.0,170.0,34400.0,619.0,LOT,,7.0,4294.0,4294.0,0.08588,OLF,2,100.0,1540706.0,4387.0,100.0,1540706.0,4387.0,15407.06,43.87
1139,Nucleus of the lateral olfactory tract 3,LOT3,160.0,255.0,170.0,34500.0,619.0,LOT,,7.0,5794.0,5794.0,0.11588,OLF,3,85.0,879314.0,2844.0,85.0,879314.0,2844.0,10344.870588235293,33.45882352941177
631,cortical amygdaloid nucleus,CO,160.0,255.0,177.0,34600.0,698.0,OLF,,6.0,,172814.0,3.45628,OLF,CO,,0.0,0.0,1863.0,32201250.0,84028.0,17284.62157809984,45.10359634997316
639,Anterior cortical amygdaloid nucleus,ACo ,160.0,255.0,178.0,34700.0,631.0,CO,,7.0,,38824.0,0.77648,OLF,A,,0.0,0.0,693.0,12198925.0,31046.0,17603.066378066378,44.7994227994228
192,"Anterior cortical amygdaloid nucleus, layer1",ACo-1,160.0,255.0,178.0,34800.0,639.0,ACo ,,8.0,12524.0,12524.0,0.25048,OLF,1,61.0,1708532.0,3343.0,61.0,1708532.0,3343.0,28008.72131147541,54.80327868852459
200,"Anterior cortical amygdaloid nucleus, layer2",ACo-2,160.0,255.0,178.0,34900.0,639.0,ACo ,,8.0,7268.0,7268.0,0.14536,OLF,2,95.0,1919964.0,4424.0,95.0,1919964.0,4424.0,20210.147368421054,46.56842105263158
208,"Anterior cortical amygdaloid nucleus, layer3",ACo-3,160.0,255.0,178.0,35000.0,639.0,ACo ,,8.0,19032.0,19032.0,0.38064,OLF,3,537.0,8570429.0,23279.0,537.0,8570429.0,23279.0,15959.830540037245,43.35009310986965
647,Posterior cortical amygdaloid area,PCO,160.0,255.0,179.0,35100.0,631.0,CO,,7.0,,133990.0,2.6798,OLF,P,,0.0,0.0,1170.0,20002325.0,52982.0,17096.004273504273,45.28376068376068
655,Posterolateral cortical amygdaloid area,PLCo,160.0,255.0,180.0,35200.0,647.0,PCO,,8.0,,64988.0,1.29976,OLF,PLCo,,0.0,0.0,701.0,10867633.0,29932.0,15503.042796005706,42.69900142653352
216,Posterolateral cortical amygdaloid area 1,PLCo1,160.0,255.0,180.0,35500.0,655.0,PLCo,,9.0,21118.0,21118.0,0.42236,OLF,1,29.0,1175837.0,2118.0,29.0,1175837.0,2118.0,40546.10344827586,73.03448275862068
224,Posterolateral cortical amygdaloid area 2,PLCo2,160.0,255.0,180.0,35600.0,655.0,PLCo,,9.0,12218.0,12218.0,0.24436,OLF,2,62.0,888005.0,2453.0,62.0,888005.0,2453.0,14322.661290322581,39.564516129032256
232,Posterolateral cortical amygdaloid area 3,PLCo3,160.0,255.0,180.0,35700.0,655.0,PLCo,,9.0,31652.0,31652.0,0.63304,OLF,3,610.0,8803791.0,25361.0,610.0,8803791.0,25361.0,14432.444262295083,41.575409836065575
249,"Posteromedial cortical amygdaloid area, leaf",PMCo_leaf,160.0,255.0,181.0,35800.0,663.0,PMCo,,9.0,6726.0,6726.0,0.13452,OLF,misc,27.0,648492.0,1405.0,27.0,648492.0,1405.0,24018.222222222223,52.03703703703704
663,Posteromedial cortical amygdaloid area,PMCo,160.0,255.0,181.0,35800.0,647.0,PCO,,8.0,,69002.0,1.38004,OLF,PMCo,,0.0,0.0,469.0,9134692.0,23050.0,19476.955223880595,49.147121535181235
240,Posteromedial cortical amygdaloid area 1,PMCo1,160.0,255.0,181.0,36100.0,663.0,PMCo,,9.0,18032.0,18032.0,0.36064,OLF,1,40.0,1090101.0,2251.0,40.0,1090101.0,2251.0,27252.525,56.275
248,Posteromedial cortical amygdaloid area 2,PMCo2,160.0,255.0,181.0,36200.0,663.0,PMCo,,9.0,12926.0,12926.0,0.25852,OLF,2,91.0,1431011.0,3917.0,91.0,1431011.0,3917.0,15725.395604395604,43.043956043956044
256,Posteromedial cortical amygdaloid area 3,PMCo3,160.0,255.0,181.0,36300.0,663.0,PMCo,,9.0,31318.0,31318.0,0.62636,OLF,3,311.0,5965088.0,15477.0,311.0,5965088.0,15477.0,19180.34726688103,49.765273311897104
788,Rostral amygdalopiriform area,RAPir,160.0,255.0,169.0,36400.0,698.0,OLF,,6.0,,34200.0,0.684,OLF,RAPir,,0.0,0.0,151.0,2831394.0,7708.0,18750.953642384105,51.04635761589404
408,Rostral amygdalopiriform area 1,RAPir1,160.0,255.0,169.0,36600.0,788.0,RAPir,,7.0,9890.0,9890.0,0.1978,OLF,1,6.0,188867.0,354.0,6.0,188867.0,354.0,31477.833333333332,59.0
416,Rostral amygdalopiriform area 2,RAPir2,160.0,255.0,169.0,36700.0,788.0,RAPir,,7.0,6112.0,6112.0,0.12224,OLF,2,17.0,360699.0,886.0,17.0,360699.0,886.0,21217.58823529412,52.11764705882353
424,Rostral amygdalopiriform area 3,RAPir3,160.0,255.0,169.0,36800.0,788.0,RAPir,,7.0,18198.0,18198.0,0.36396,OLF,3,128.0,2281828.0,6468.0,128.0,2281828.0,6468.0,17826.78125,50.53125
1143,"Amygdalopiriform transition area, leaf",Apir_leaf,160.0,255.0,166.0,36900.0,566.0,Apir,,7.0,3402.0,3402.0,0.06804,OLF,misc,27.0,1014172.0,1904.0,27.0,1014172.0,1904.0,37561.92592592593,70.51851851851852
566,Amygdalopiriform transition area,Apir,160.0,255.0,166.0,36900.0,698.0,OLF,,6.0,,35794.0,0.71588,OLF,Apir,,0.0,0.0,266.0,5792163.0,13624.0,21775.04887218045,51.21804511278196
1140,"Postpiriform transition area, layers 1",APir1,160.0,255.0,166.0,37100.0,566.0,Apir,,7.0,5514.0,5514.0,0.11028,OLF,1,3.0,169422.0,267.0,3.0,169422.0,267.0,56474.0,89.0
1141,"Postpiriform transition area, layers 2",APir2,160.0,255.0,166.0,37200.0,566.0,Apir,,7.0,3288.0,3288.0,0.06576,OLF,2,12.0,222532.0,596.0,12.0,222532.0,596.0,18544.333333333332,49.666666666666664
1142,"Postpiriform transition area, layers 3",APir3,160.0,255.0,166.0,37300.0,566.0,Apir,,7.0,23590.0,23590.0,0.4718,OLF,3,224.0,4386037.0,10857.0,224.0,4386037.0,10857.0,19580.522321428572,48.46875
1089,Hippocampal formation,HPF,144.0,255.0,176.0,37400.0,695.0,CTXpl,,5.0,,2101284.0,42.02568,HPF,HPF,,0.0,0.0,21709.0,473929298.0,1084104.0,21831.005481597495,49.93799806531853
1080,Hippocampal region,HIP,121.0,255.0,128.0,37500.0,1089.0,HPF,,6.0,,1174896.0,23.49792,HPF,HIP,,0.0,0.0,7898.0,192970514.0,415611.0,24432.83286908078,52.622309445429224
375,Ammon's horn,CA,122.0,255.0,122.0,37600.0,1080.0,HIP,,7.0,,826014.0,16.52028,HPF,CA,,0.0,0.0,5299.0,131920308.0,284850.0,24895.321381392714,53.75542555199094
382,Field CA1 of the hippocampus,CA1,122.0,255.0,121.0,37700.0,375.0,CA,,8.0,,442318.0,8.84636,HPF,CA1,,0.0,0.0,2079.0,48273773.0,108910.0,23219.708032708033,52.38576238576238
391,Field CA1 of the hippocampus- lacunosum moleculare layer of the hippocampus,CA1_LMol ,123.0,255.0,121.0,37800.0,382.0,CA1,,9.0,106146.0,106146.0,2.12292,HPF,LMol,200.0,4300241.0,9317.0,200.0,4300241.0,9317.0,21501.205,46.585
399,Field CA1 of the hippocampus- oriens layer of the hippocampus,CA1_Or,124.0,255.0,121.0,37900.0,382.0,CA1,,9.0,102142.0,102142.0,2.04284,HPF,Or,813.0,18889586.0,43347.0,813.0,18889586.0,43347.0,23234.42312423124,53.31734317343174
407,Field CA1 of the hippocampus- pyramidal layer of the hippocampus,CA1_Py,75.0,230.0,70.0,38000.0,382.0,CA1,,9.0,45548.0,45548.0,0.91096,HPF,Py,411.0,10713527.0,23392.0,411.0,10713527.0,23392.0,26066.975669099756,56.91484184914842
415,Field CA1 of the hippocampus- radiatum layer of the hippocampus,CA1_Rad,126.0,255.0,121.0,38100.0,382.0,CA1,,9.0,188482.0,188482.0,3.76964,HPF,Rad,655.0,14370419.0,32854.0,655.0,14370419.0,32854.0,21939.57099236641,50.1587786259542
423,Field CA2 of the hippocampus,CA2,122.0,255.0,120.0,38200.0,375.0,CA,,8.0,,67700.0,1.354,HPF,CA2,,0.0,0.0,230.0,4540203.0,11470.0,19740.013043478262,49.869565217391305
431,Field CA2 of the hippocampus- lacunosum moleculare layer of the hippocampus,CA2_LMol ,123.0,255.0,120.0,38300.0,423.0,CA2,,9.0,17904.0,17904.0,0.35808,HPF,LMol,26.0,603595.0,1295.0,26.0,603595.0,1295.0,23215.19230769231,49.80769230769231
438,Field CA2 of the hippocampus- oriens layer of the hippocampus,CA2_Or,124.0,255.0,120.0,38400.0,423.0,CA2,,9.0,18706.0,18706.0,0.37412,HPF,Or,116.0,2319646.0,5905.0,116.0,2319646.0,5905.0,19996.94827586207,50.9051724137931
446,Field CA2 of the hippocampus- pyramidal layer of the hippocampus,CA2_Py,75.0,230.0,70.0,38500.0,423.0,CA2,,9.0,9584.0,9584.0,0.19168,HPF,Py,59.0,1175232.0,2985.0,59.0,1175232.0,2985.0,19919.186440677968,50.59322033898305
454,Field CA2 of the hippocampus- radiatum layer of the hippocampus,CA2_Rad,126.0,255.0,120.0,38600.0,423.0,CA2,,9.0,21506.0,21506.0,0.43012,HPF,Rad,29.0,441730.0,1285.0,29.0,441730.0,1285.0,15232.068965517241,44.310344827586206
463,Field CA3 of the hippocampus,CA3,122.0,255.0,119.0,38700.0,375.0,CA,,8.0,,315996.0,6.31992,HPF,CA3,,0.0,0.0,2990.0,79106332.0,164470.0,26456.96722408027,55.0066889632107
471,Field CA3 of the hippocampus- lacunosum moleculare layer of the hippocampus,CA3_LMol ,123.0,255.0,119.0,38800.0,463.0,CA3,,9.0,9930.0,9930.0,0.1986,HPF,LMol,31.0,660551.0,1436.0,31.0,660551.0,1436.0,21308.09677419355,46.32258064516129
479,Field CA3 of the hippocampus- stratum lucidum of the hippocampus,SLu ,124.0,255.0,119.0,38900.0,463.0,CA3,,9.0,18950.0,18950.0,0.379,HPF,SLu ,75.0,1716737.0,3757.0,75.0,1716737.0,3757.0,22889.826666666668,50.093333333333334
486,Field CA3 of the hippocampus- oriens layer of the hippocampus,CA3_Or,125.0,255.0,119.0,39000.0,463.0,CA3,,9.0,146058.0,146058.0,2.92116,HPF,Or,1822.0,52307865.0,105346.0,1822.0,52307865.0,105346.0,28709.036772777166,57.81888035126235
495,Field CA3 of the hippocampus- pyramidal layer of the hippocampus,CA3_Py,75.0,230.0,70.0,39100.0,463.0,CA3,,9.0,68304.0,68304.0,1.36608,HPF,Py,760.0,17113453.0,38333.0,760.0,17113453.0,38333.0,22517.701315789473,50.43815789473684
504,Field CA3 of the hippocampus- radiatum layer of the hippocampus,CA3_Rad,127.0,255.0,119.0,39200.0,463.0,CA3,,9.0,72754.0,72754.0,1.45508,HPF,Rad,302.0,7307726.0,15598.0,302.0,7307726.0,15598.0,24197.76821192053,51.64900662251656
7346,"Dentate gyrus, leaf",DG_leaf,114.0,250.0,114.0,39300.0,726.0,DG,,8.0,6292.0,6292.0,0.12584,HPF,misc,167.0,5135780.0,8700.0,167.0,5135780.0,8700.0,30753.17365269461,52.09580838323353
726,Dentate gyrus,DG,114.0,250.0,114.0,39300.0,1080.0,HIP,,7.0,,346166.0,6.92332,HPF,DG,,0.0,0.0,2583.0,60891010.0,130299.0,23573.75532326752,50.444831591173056
10703,Molecular layer of the dentate gyrus,MoDG,114.0,250.0,114.0,39400.0,726.0,DG,,8.0,215388.0,215388.0,4.30776,HPF,MoDG,811.0,22091859.0,44051.0,811.0,22091859.0,44051.0,27240.27003699137,54.316892725030826
10704,Polymorph layer of the dentate gyrus,PoDG,94.0,230.0,94.0,39500.0,726.0,DG,,8.0,44896.0,44896.0,0.89792,HPF,PoDG,416.0,8060250.0,18829.0,416.0,8060250.0,18829.0,19375.60096153846,45.26201923076923
632,Granule cell layer of the dentate gyrus,GrDG,64.0,200.0,64.0,39600.0,726.0,DG,,8.0,79590.0,79590.0,1.5918,HPF,GrDG,1189.0,25603121.0,58719.0,1189.0,25603121.0,58719.0,21533.322960470985,49.3851976450799
982,Fasciola cinereum,FC,114.0,253.0,114.0,41000.0,1080.0,HIP,,7.0,1306.0,1306.0,0.02612,HPF,FC,16.0,159196.0,462.0,16.0,159196.0,462.0,9949.75,28.875
19,Induseum griseum,IG,114.0,254.0,114.0,41100.0,1080.0,HIP,,7.0,1410.0,1410.0,0.0282,HPF,IG,,0.0,0.0,0.0,0.0,0.0,,
822,Retrohippocampal region,RHP,144.0,255.0,176.0,41200.0,1089.0,HPF,,6.0,,926388.0,18.52776,HPF,RHP,,0.0,0.0,13811.0,280958784.0,668493.0,20343.11664615162,48.40293968575773
909,Entorhinal area,ENT,128.0,255.0,144.0,41300.0,822.0,RHP,,7.0,,533704.0,10.67408,HPF,ENT,,0.0,0.0,6140.0,155772863.0,346359.0,25370.173127035832,56.41026058631922
918,Dorsolateral entorhinal cortex,DLEnt,128.0,255.0,145.0,41350.0,909.0,ENT,,8.0,,181520.0,3.6304,HPF,DLEnt,,0.0,0.0,2113.0,50552276.0,119915.0,23924.408897302415,56.751064836725035
389,"Dorsolateral entorhinal cortex, leaf",DLEnt_leaf,128.0,255.0,145.0,41350.0,918.0,DLEnt,,9.0,398.0,398.0,0.00796,HPF,misc,,0.0,0.0,0.0,0.0,0.0,,
1121,"Dorsolateral entorhinal cortex, layer 1",DLEnt1,0.0,104.0,101.0,41400.0,918.0,DLEnt,,9.0,31436.0,31436.0,0.62872,HPF,1,100.0,3724090.0,7461.0,100.0,3724090.0,7461.0,37240.9,74.61
20,"Dorsolateral entorhinal cortex, layer 2",DLEnt2,0.0,114.0,116.0,41500.0,918.0,DLEnt,,9.0,26106.0,26106.0,0.52212,HPF,2,265.0,8082638.0,17046.0,265.0,8082638.0,17046.0,30500.52075471698,64.32452830188679
999,"Dorsolateral entorhinal cortex, layer 2/3",DLEnt2/3,50.0,133.0,139.0,41600.0,918.0,DLEnt,,9.0,21244.0,21244.0,0.42488,HPF,2.3,271.0,5688620.0,14938.0,271.0,5688620.0,14938.0,20991.21771217712,55.12177121771218
715,"Dorsolateral entorhinal cortex, layer 2a",DLEnta,0.0,115.0,122.0,41700.0,918.0,DLEnt,,9.0,,0.0,0.0,HPF,a,,0.0,0.0,0.0,0.0,0.0,,
764,"Dorsolateral entorhinal cortex, layer 2b",DLEntb,0.0,128.0,132.0,41800.0,918.0,DLEnt,,9.0,,0.0,0.0,HPF,b,,0.0,0.0,0.0,0.0,0.0,,
52,"Dorsolateral entorhinal cortex, layer 3",DLEnt3,86.0,151.0,158.0,41900.0,918.0,DLEnt,,9.0,35812.0,35812.0,0.71624,HPF,3,351.0,7806992.0,18945.0,351.0,7806992.0,18945.0,22242.14245014245,53.97435897435897
92,"Dorsolateral entorhinal cortex, layer 4",DLEnt4,117.0,161.0,167.0,42000.0,918.0,DLEnt,,9.0,,0.0,0.0,HPF,4,,0.0,0.0,0.0,0.0,0.0,,
312,"Dorsolateral entorhinal cortex, layer 4/5",DLEnt4/5,157.0,184.0,189.0,42100.0,918.0,DLEnt,,9.0,,0.0,0.0,HPF,4.5,,0.0,0.0,0.0,0.0,0.0,,
139,"Dorsolateral entorhinal cortex, layer 5",DLEnt5,190.0,204.0,206.0,42200.0,918.0,DLEnt,,9.0,44566.0,44566.0,0.89132,HPF,5,711.0,16270125.0,39834.0,711.0,16270125.0,39834.0,22883.438818565402,56.0253164556962
387,"Dorsolateral entorhinal cortex, layer 5/6",DLEnt5/6,138.0,168.0,168.0,42300.0,918.0,DLEnt,,9.0,,0.0,0.0,HPF,5.6,,0.0,0.0,0.0,0.0,0.0,,
28,"Dorsolateral entorhinal cortex, layer 6a",DLEnt6a,148.0,179.0,173.0,42400.0,918.0,DLEnt,,9.0,18788.0,18788.0,0.37576,HPF,6a,374.0,8213199.0,19715.0,374.0,8213199.0,19715.0,21960.425133689838,52.713903743315505
60,"Dorsolateral entorhinal cortex, layer 6b",DLEnt6b,180.0,199.0,193.0,42500.0,918.0,DLEnt,,9.0,3170.0,3170.0,0.0634,HPF,6b,41.0,766612.0,1976.0,41.0,766612.0,1976.0,18697.853658536584,48.19512195121951
926,Dorsal intermediate entorhinal cortex,DIEnt,128.0,255.0,146.0,42700.0,909.0,ENT,,8.0,,70732.0,1.41464,HPF,DIEnt,,0.0,0.0,666.0,14685081.0,37575.0,22049.671171171172,56.41891891891892
526,"Dorsal intermediate entorhinal cortex, layer 1",DIEnt1,0.0,104.0,87.0,42800.0,926.0,DIEnt,,9.0,11422.0,11422.0,0.22844,HPF,1,32.0,1614754.0,2730.0,32.0,1614754.0,2730.0,50461.0625,85.3125
543,"Dorsal intermediate entorhinal cortex, layer 2",DIEnt2,0.0,118.0,106.0,42900.0,926.0,DIEnt,,9.0,13472.0,13472.0,0.26944,HPF,2,134.0,2806066.0,7233.0,134.0,2806066.0,7233.0,20940.79104477612,53.97761194029851
468,"Dorsal intermediate entorhinal cortex, layer 2a",DIEnt2a,1.0,118.0,106.0,43000.0,926.0,DIEnt,,9.0,,0.0,0.0,HPF,2a,,0.0,0.0,0.0,0.0,0.0,,
508,"Dorsal intermediate entorhinal cortex, layer 2b",DIEnt2b,2.0,118.0,106.0,43100.0,926.0,DIEnt,,9.0,,0.0,0.0,HPF,2b,,0.0,0.0,0.0,0.0,0.0,,
2408,"Dorsal intermediate entorhinal cortex, layer 2/3",DIEnt2/3,2.0,118.0,106.0,43110.0,926.0,DIEnt,,9.0,,0.0,0.0,HPF,2.3,,0.0,0.0,0.0,0.0,0.0,,
664,"Dorsal intermediate entorhinal cortex, layer 3",DIEnt3,36.0,122.0,111.0,43200.0,926.0,DIEnt,,9.0,21068.0,21068.0,0.42136,HPF,3,197.0,4517124.0,11887.0,197.0,4517124.0,11887.0,22929.56345177665,60.34010152284264
712,"Dorsal intermediate entorhinal cortex, layer 4",DIEnt4,63.0,135.0,126.0,43300.0,926.0,DIEnt,,9.0,,0.0,0.0,HPF,4,,0.0,0.0,0.0,0.0,0.0,,
727,"Dorsal intermediate entorhinal cortex, layer 5",DIEnt5,64.0,135.0,126.0,43400.0,926.0,DIEnt,,9.0,21546.0,21546.0,0.43092,HPF,5,231.0,4428895.0,12108.0,231.0,4428895.0,12108.0,19172.70562770563,52.41558441558441
550,"Dorsal intermediate entorhinal cortex, layer 5/6",DIEnt5/6,81.0,139.0,133.0,43500.0,926.0,DIEnt,,9.0,,0.0,0.0,HPF,5.6,,0.0,0.0,0.0,0.0,0.0,,
743,"Dorsal intermediate entorhinal cortex, layer 6",DIEnt6,108.0,156.0,152.0,43600.0,926.0,DIEnt,,9.0,3224.0,3224.0,0.06448,HPF,6,72.0,1318242.0,3617.0,72.0,1318242.0,3617.0,18308.916666666668,50.236111111111114
934,Ventral intermediate entorhinal cortex,VIEnt,128.0,255.0,147.0,43700.0,909.0,ENT,,8.0,,49880.0,0.9976,HPF,VIEnt,,0.0,0.0,808.0,22727535.0,48869.0,28128.137376237624,60.48143564356435
259,"Ventral intermediate entorhinal cortex, layer 1",VIEnt1,0.0,104.0,96.0,43800.0,934.0,VIEnt,,9.0,10872.0,10872.0,0.21744,HPF,1,11.0,556947.0,1041.0,11.0,556947.0,1041.0,50631.545454545456,94.63636363636364
324,"Ventral intermediate entorhinal cortex, layer 2",VIEnt2,0.0,117.0,111.0,43900.0,934.0,VIEnt,,9.0,11284.0,11284.0,0.22568,HPF,2,149.0,4781420.0,9541.0,149.0,4781420.0,9541.0,32090.06711409396,64.03355704697987
371,"Ventral intermediate entorhinal cortex, layer 3",VIEnt3,35.0,122.0,117.0,44000.0,934.0,VIEnt,,9.0,12194.0,12194.0,0.24388,HPF,3,261.0,8881751.0,17317.0,261.0,8881751.0,17317.0,34029.69731800766,66.34865900383141
419,"Ventral intermediate entorhinal cortex, layer 4",VIEnt4,62.0,135.0,133.0,44100.0,934.0,VIEnt,,9.0,,0.0,0.0,HPF,4,,0.0,0.0,0.0,0.0,0.0,,
1133,"Ventral intermediate entorhinal cortex, layer 5/6",VIEnt5/6,80.0,140.0,140.0,44200.0,934.0,VIEnt,,9.0,15530.0,15530.0,0.3106,HPF,5.6,387.0,8507417.0,20970.0,387.0,8507417.0,20970.0,21982.98966408269,54.18604651162791
2518,"Medial entorhinal cortex, leaf",MEnt_leaf,80.0,140.0,140.0,44220.0,2159.0,MEnt,,9.0,27534.0,27534.0,0.55068,HPF,misc,645.0,20673784.0,41228.0,645.0,20673784.0,41228.0,32052.378294573642,63.91937984496124
2159,Medial entorhinal cortex,MEnt,80.0,140.0,140.0,44220.0,909.0,ENT,,8.0,,71928.0,1.43856,HPF,MEnt,,0.0,0.0,1349.0,39563029.0,79935.0,29327.67160859896,59.25500370644922
2164,"Medial entorhinal cortex, layer 1",MEnt1,80.0,140.0,140.0,44230.0,2159.0,MEnt,,9.0,6088.0,6088.0,0.12176,HPF,1,15.0,512431.0,936.0,15.0,512431.0,936.0,34162.066666666666,62.4
2444,"Medial entorhinal cortex, layer 2",MEnt2,80.0,140.0,140.0,44240.0,2159.0,MEnt,,9.0,7846.0,7846.0,0.15692,HPF,2,82.0,2734560.0,5382.0,82.0,2734560.0,5382.0,33348.29268292683,65.63414634146342
2445,"Medial entorhinal cortex, layer 3",MEnt3,80.0,140.0,140.0,44250.0,2159.0,MEnt,,9.0,15494.0,15494.0,0.30988,HPF,3,247.0,6872736.0,14059.0,247.0,6872736.0,14059.0,27824.842105263157,56.91902834008097
2446,"Medial entorhinal cortex, layer 5",MEnt5,80.0,140.0,140.0,44260.0,2159.0,MEnt,,9.0,8606.0,8606.0,0.17212,HPF,5,265.0,7207280.0,14478.0,265.0,7207280.0,14478.0,27197.283018867925,54.633962264150945
2447,"Medial entorhinal cortex, layer 6",MEnt6,80.0,140.0,140.0,44270.0,2159.0,MEnt,,9.0,6360.0,6360.0,0.1272,HPF,6,95.0,1562238.0,3852.0,95.0,1562238.0,3852.0,16444.610526315788,40.54736842105263
2161,Caudomedial entothinal cortex,CEnt,80.0,140.0,140.0,44280.0,909.0,ENT,,8.0,,159644.0,3.19288,HPF,CEnt,,0.0,0.0,1204.0,28244942.0,60065.0,23459.25415282392,49.88787375415282
2520,"Caudomedial entothinal cortex, leaf",CEnt_leaf,80.0,140.0,140.0,44280.0,2161.0,CEnt,,9.0,17168.0,17168.0,0.34336,HPF,misc,206.0,4833144.0,9921.0,206.0,4833144.0,9921.0,23461.864077669903,48.16019417475728
2448,"Caudomedial entothinal cortex, layer 1",CEnt1,80.0,140.0,140.0,44290.0,2161.0,CEnt,,9.0,34518.0,34518.0,0.69036,HPF,1,82.0,1492399.0,3434.0,82.0,1492399.0,3434.0,18199.98780487805,41.8780487804878
2449,"Caudomedial entothinal cortex, layer 2",CEnt2,80.0,140.0,140.0,44291.0,2161.0,CEnt,,9.0,39032.0,39032.0,0.78064,HPF,2,224.0,4711393.0,10627.0,224.0,4711393.0,10627.0,21033.004464285714,47.441964285714285
2450,"Caudomedial entothinal cortex, layer 3",CEnt3,80.0,140.0,140.0,44292.0,2161.0,CEnt,,9.0,42816.0,42816.0,0.85632,HPF,3,398.0,9043904.0,19797.0,398.0,9043904.0,19797.0,22723.376884422112,49.74120603015076
2451,"Caudomedial entothinal cortex, layer 5",CEnt5,80.0,140.0,140.0,44293.0,2161.0,CEnt,,9.0,23190.0,23190.0,0.4638,HPF,5,252.0,7161009.0,14252.0,252.0,7161009.0,14252.0,28416.70238095238,56.55555555555556
2452,"Caudomedial entothinal cortex, layer 6",CEnt6,80.0,140.0,140.0,44294.0,2161.0,CEnt,,9.0,2920.0,2920.0,0.0584,HPF,6,42.0,1003093.0,2034.0,42.0,1003093.0,2034.0,23883.166666666668,48.42857142857143
10691,"Parasubiculum, leaf",PaS_leaf,129.0,255.0,160.0,44300.0,843.0,PaS,,8.0,2006.0,2006.0,0.04012,HPF,misc,3.0,24435.0,83.0,3.0,24435.0,83.0,8145.0,27.666666666666668
843,Parasubiculum,PaS,129.0,255.0,160.0,44300.0,822.0,RHP,,7.0,,65178.0,1.30356,HPF,PaS,,0.0,0.0,803.0,10954272.0,30265.0,13641.683686176837,37.689912826899125
10693,"Parasubiculum, layer 1",PaS1,129.0,255.0,160.0,44400.0,843.0,PaS,,8.0,16230.0,16230.0,0.3246,HPF,1,124.0,1737645.0,4564.0,124.0,1737645.0,4564.0,14013.266129032258,36.806451612903224
10694,"Parasubiculum, layer 2",PaS2,129.0,255.0,160.0,44500.0,843.0,PaS,,8.0,37264.0,37264.0,0.74528,HPF,2,517.0,7275020.0,20074.0,517.0,7275020.0,20074.0,14071.605415860735,38.827852998065765
10695,"Parasubiculum, layer 3",PaS3,129.0,255.0,160.0,44600.0,843.0,PaS,,8.0,9678.0,9678.0,0.19356,HPF,3,159.0,1917172.0,5544.0,159.0,1917172.0,5544.0,12057.685534591195,34.867924528301884
1037,Postsubiculum,Post,128.0,255.0,160.0,44700.0,822.0,RHP,,7.0,,57546.0,1.15092,HPF,Post,,0.0,0.0,2056.0,26576270.0,74207.0,12926.201361867705,36.092898832684824
10696,"Postsubiculum, layer 1",Post1,128.0,255.0,160.0,44800.0,1037.0,Post,,8.0,14652.0,14652.0,0.29304,HPF,1,283.0,3121914.0,9001.0,283.0,3121914.0,9001.0,11031.498233215547,31.80565371024735
10697,"Postsubiculum, layer 2",Post2,128.0,255.0,160.0,44900.0,1037.0,Post,,8.0,28540.0,28540.0,0.5708,HPF,2,1236.0,17338408.0,48144.0,1236.0,17338408.0,48144.0,14027.838187702266,38.95145631067961
10698,"Postsubiculum, layer 3",Post3,128.0,255.0,160.0,45000.0,1037.0,Post,,8.0,14354.0,14354.0,0.28708,HPF,3,537.0,6115948.0,17062.0,537.0,6115948.0,17062.0,11389.10242085661,31.772811918063315
1084,Presubiculum,PsS,129.0,255.0,161.0,45190.0,822.0,RHP,,7.0,,29192.0,0.58384,HPF,PsS,,0.0,0.0,708.0,10061807.0,27905.0,14211.591807909605,39.413841807909606
10699,"Presubiculum, layer 1",PsS1,129.0,255.0,161.0,45200.0,1084.0,PsS,,8.0,7336.0,7336.0,0.14672,HPF,1,59.0,899509.0,2395.0,59.0,899509.0,2395.0,15245.915254237289,40.59322033898305
10700,"Presubiculum, layer 2",PsS2,129.0,255.0,161.0,45300.0,1084.0,PsS,,8.0,15864.0,15864.0,0.31728,HPF,2,425.0,6850519.0,18653.0,425.0,6850519.0,18653.0,16118.868235294118,43.88941176470588
10701,"Presubiculum, layer 3",PsS3,129.0,255.0,161.0,45400.0,1084.0,PsS,,8.0,5992.0,5992.0,0.11984,HPF,3,224.0,2311779.0,6857.0,224.0,2311779.0,6857.0,10320.441964285714,30.611607142857142
1155,"Subiculum, leaf",SUB_leaf,128.0,255.0,151.0,45500.0,502.0,SUB,,8.0,2216.0,2216.0,0.04432,HPF,misc,74.0,1088820.0,2759.0,74.0,1088820.0,2759.0,14713.783783783783,37.28378378378378
502,Subiculum,SUB,128.0,255.0,151.0,45500.0,822.0,RHP,,7.0,,240768.0,4.81536,HPF,SUB,,0.0,0.0,4104.0,77593572.0,189757.0,18906.815789473683,46.23708576998051
833,"Dorsal subiculum, leaf",DS_leaf,129.0,255.0,151.0,45600.0,509.0,DS,,9.0,40636.0,40636.0,0.81272,HPF,misc,393.0,6490656.0,17753.0,393.0,6490656.0,17753.0,16515.664122137405,45.17302798982188
509,Dorsal subiculum,DS,129.0,255.0,151.0,45600.0,502.0,SUB,,8.0,,64836.0,1.29672,HPF,DS,,0.0,0.0,587.0,9428831.0,25612.0,16062.744463373083,43.6320272572402
829,"Dorsal subiculum, molecular layer",DS-m,129.0,255.0,151.0,45700.0,509.0,DS,,9.0,3190.0,3190.0,0.0638,HPF,m,17.0,195136.0,561.0,17.0,195136.0,561.0,11478.588235294117,33.0
845,"Dorsal subiculum, pyramidal layer",DS-sp,100.0,230.0,121.0,45800.0,509.0,DS,,9.0,16134.0,16134.0,0.32268,HPF,sp,162.0,2595954.0,6843.0,162.0,2595954.0,6843.0,16024.407407407407,42.24074074074074
837,"Dorsal subiculum, stratum radiatum",DS-sr,129.0,255.0,151.0,45900.0,509.0,DS,,9.0,4876.0,4876.0,0.09752,HPF,sr,15.0,147085.0,455.0,15.0,147085.0,455.0,9805.666666666666,30.333333333333332
876,"Ventral subiculum, leaf",VeS_leaf,130.0,255.0,151.0,46000.0,518.0,VeS,,9.0,30234.0,30234.0,0.60468,HPF,misc,763.0,19276298.0,43087.0,763.0,19276298.0,43087.0,25263.824377457404,56.470511140235914
518,Ventral subiculum,VeS,130.0,255.0,151.0,46000.0,502.0,SUB,,8.0,,54150.0,1.083,HPF,VeS,,0.0,0.0,1279.0,29943833.0,69188.0,23411.910086004693,54.09538702111024
853,"Ventral subiculum, molecular layer",VeS-m,130.0,255.0,151.0,46100.0,518.0,VeS,,9.0,4364.0,4364.0,0.08728,HPF,m,11.0,232551.0,580.0,11.0,232551.0,580.0,21141.0,52.72727272727273
870,"Ventral subiculum, pyramidal layer",VeS-sp,100.0,230.0,121.0,46200.0,518.0,VeS,,9.0,13988.0,13988.0,0.27976,HPF,sp,449.0,9124229.0,22444.0,449.0,9124229.0,22444.0,20321.22271714922,49.98663697104677
861,"Ventral subiculum, stratum radiatum",VeS-sr,130.0,255.0,151.0,46300.0,518.0,VeS,,9.0,5564.0,5564.0,0.11128,HPF,sr,56.0,1310755.0,3077.0,56.0,1310755.0,3077.0,23406.339285714286,54.94642857142857
2440,"Subiculum, transition area",STr,130.0,255.0,151.0,46310.0,502.0,SUB,,8.0,,119566.0,2.39132,HPF,STr,,0.0,0.0,2164.0,37132088.0,92198.0,17159.005545286505,42.60536044362292
2441,"Subiculum, transition area, molecular layer",STr-m,130.0,255.0,151.0,46320.0,2440.0,STr,,9.0,18390.0,18390.0,0.3678,HPF,m,38.0,732325.0,1651.0,38.0,732325.0,1651.0,19271.71052631579,43.44736842105263
2442,"Subiculum, transition area, pyramidal layer",STr-sp,130.0,255.0,151.0,46330.0,2440.0,STr,,9.0,84826.0,84826.0,1.69652,HPF,sp,2087.0,35748327.0,88855.0,2087.0,35748327.0,88855.0,17129.04983229516,42.57546717776713
2443,"Subiculum, transition area, stratum radiatum",STr-sr,130.0,255.0,151.0,46340.0,2440.0,STr,,9.0,16350.0,16350.0,0.327,HPF,sr,39.0,651436.0,1692.0,39.0,651436.0,1692.0,16703.48717948718,43.38461538461539
703,Cortical subplate,CTXsp,80.0,255.0,80.0,46400.0,688.0,CTX,,4.0,,472980.0,9.4596,CTXsp,CTXsp,,0.0,0.0,8134.0,166794633.0,416543.0,20505.856036390458,51.2101057290386
447,"Cortical subplate, leaf",CTXsp_leaf,80.0,255.0,80.0,46400.0,703.0,CTXsp,,5.0,16570.0,16570.0,0.3314,CTXsp,misc,270.0,4572477.0,11973.0,270.0,4572477.0,11973.0,16935.1,44.34444444444444
16,"Layer 6b, isocortex",6b,80.0,255.0,81.0,46500.0,703.0,CTXsp,,5.0,,0.0,0.0,CTXsp,6b,,0.0,0.0,0.0,0.0,0.0,,
1999,"Claustrum, leaf",Cl_leaf,80.0,255.0,85.0,46600.0,583.0,Cl,,6.0,11404.0,11404.0,0.22808,CTXsp,misc,241.0,5699596.0,13017.0,241.0,5699596.0,13017.0,23649.77593360996,54.01244813278009
583,Claustrum,Cl,80.0,255.0,85.0,46600.0,703.0,CTXsp,,5.0,,40500.0,0.81,CTXsp,Cl,,0.0,0.0,1387.0,36696645.0,82535.0,26457.56669069935,59.50612833453497
2002,Dorsal claustrum,DCl,80.0,255.0,85.0,46610.0,583.0,Cl,,6.0,11412.0,11412.0,0.22824,CTXsp,DCl,396.0,11515130.0,24731.0,396.0,11515130.0,24731.0,29078.61111111111,62.4520202020202
2003,Ventral claustrum,VCl,80.0,255.0,85.0,46620.0,583.0,Cl,,6.0,17684.0,17684.0,0.35368,CTXsp,VCl,750.0,19481919.0,44787.0,750.0,19481919.0,44787.0,25975.892,59.716
942,Endopiriform nucleus,En,80.0,255.0,87.0,46700.0,703.0,CTXsp,,5.0,,171026.0,3.42052,CTXsp,En,,0.0,0.0,1889.0,36649314.0,94534.0,19401.436739015353,50.044467972472205
952,Dorsal endopiriform nucleus,DEn ,81.0,255.0,87.0,46800.0,942.0,En,,6.0,115964.0,115964.0,2.31928,CTXsp,DEn ,1352.0,26363492.0,67971.0,1352.0,26363492.0,67971.0,19499.62426035503,50.27440828402367
966,Ventral endopiriform nucleus,VEn,82.0,255.0,87.0,46900.0,942.0,En,,6.0,20032.0,20032.0,0.40064,CTXsp,VEn,229.0,3520370.0,10575.0,229.0,3520370.0,10575.0,15372.794759825327,46.17903930131004
2085,Intermediate endopiriform claustrum,IEn,82.0,255.0,87.0,46910.0,942.0,En,,6.0,33774.0,33774.0,0.67548,CTXsp,IEn,291.0,6328495.0,14993.0,291.0,6328495.0,14993.0,21747.405498281787,51.52233676975945
2426,Retroendopiriform nucleus ,REn,82.0,255.0,87.0,46920.0,942.0,En,,6.0,1256.0,1256.0,0.02512,CTXsp,REn,17.0,436957.0,995.0,17.0,436957.0,995.0,25703.352941176472,58.529411764705884
131,Lateral amygdaloid nucleus,La,80.0,255.0,88.0,47000.0,703.0,CTXsp,,5.0,,38074.0,0.76148,CTXsp,La,,0.0,0.0,513.0,11461797.0,29623.0,22342.684210526317,57.74463937621832
2045,"Lateral amygdaloid nucleus, leaf",La_leaf,80.0,255.0,88.0,47000.0,131.0,La,,6.0,498.0,498.0,0.00996,CTXsp,misc,2.0,20021.0,68.0,2.0,20021.0,68.0,10010.5,34.0
2068,"Lateral amygdaloid nucleus, dorsolateral part",LaDL,80.0,255.0,88.0,47010.0,131.0,La,,6.0,20644.0,20644.0,0.41288,CTXsp,LaDL,289.0,6577777.0,17007.0,289.0,6577777.0,17007.0,22760.474048442906,58.8477508650519
2052,"Lateral amygdaloid nucleus, ventrolateral part",LaVL,80.0,255.0,88.0,47020.0,131.0,La,,6.0,8326.0,8326.0,0.16652,CTXsp,LaVL,95.0,1980308.0,5255.0,95.0,1980308.0,5255.0,20845.34736842105,55.31578947368421
2060,"Lateral amygdaloid nucleus, ventromedial part",LaVM,80.0,255.0,88.0,47030.0,131.0,La,,6.0,8606.0,8606.0,0.17212,CTXsp,LaVM,127.0,2883691.0,7293.0,127.0,2883691.0,7293.0,22706.228346456694,57.425196850393704
295,Basolateral amygdalar nucleus,BL,80.0,255.0,83.0,47100.0,703.0,CTXsp,,5.0,,92194.0,1.84388,CTXsp,BL,,0.0,0.0,1434.0,32006380.0,81916.0,22319.651324965133,57.12412831241283
303,"Basolateral amygdaloid nucleus, anterior part",BLA,81.0,255.0,83.0,47200.0,295.0,BL,,6.0,33198.0,33198.0,0.66396,CTXsp,BLA,708.0,16546229.0,42268.0,708.0,16546229.0,42268.0,23370.379943502823,59.70056497175141
311,"Basolateral amygdaloid nucleus, posterior part",BLP,82.0,255.0,83.0,47300.0,295.0,BL,,6.0,46618.0,46618.0,0.93236,CTXsp,BLP,586.0,13411049.0,33364.0,586.0,13411049.0,33364.0,22885.74914675768,56.93515358361775
451,"Basolateral amygdaloid nucleus, ventral part",BLV,73.0,255.0,83.0,47400.0,295.0,BL,,6.0,12378.0,12378.0,0.24756,CTXsp,BLV,140.0,2049102.0,6284.0,140.0,2049102.0,6284.0,14636.442857142858,44.885714285714286
319,Basomedial amygdalar nucleus,BM,80.0,255.0,84.0,47500.0,703.0,CTXsp,,5.0,,61772.0,1.23544,CTXsp,BM,,0.0,0.0,1532.0,20923172.0,62080.0,13657.422976501306,40.52219321148825
327,"Basomedial amygdaloid nucleus, anterior part",BMA,81.0,255.0,84.0,47600.0,319.0,BM,,6.0,27930.0,27930.0,0.5586,CTXsp,BMA,781.0,9552355.0,29014.0,781.0,9552355.0,29014.0,12230.928297055058,37.149807938540334
334,"Basomedial amygdaloid nucleus, posterior part",BMP,82.0,255.0,84.0,47700.0,319.0,BM,,6.0,33842.0,33842.0,0.67684,CTXsp,BMP,751.0,11370817.0,33066.0,751.0,11370817.0,33066.0,15140.901464713716,44.02929427430093
780,Amygdalohippocampal area,AHi,80.0,255.0,89.0,47800.0,703.0,CTXsp,,5.0,,52844.0,1.05688,CTXsp,AHi,,0.0,0.0,1109.0,24484848.0,53882.0,22078.311992786294,48.586113615870154
2086,"Amygdalohippocampal area, anterolateral part",AHiAL,80.0,255.0,89.0,47810.0,780.0,AHi,,6.0,29598.0,29598.0,0.59196,CTXsp,AHiAL,495.0,11168199.0,26040.0,495.0,11168199.0,26040.0,22562.01818181818,52.60606060606061
2087,"Amygdalohippocampal area, posteromedial part",AHiPM,80.0,255.0,89.0,47820.0,780.0,AHi,,6.0,20290.0,20290.0,0.4058,CTXsp,AHiPM,569.0,12304355.0,25214.0,569.0,12304355.0,25214.0,21624.52548330404,44.3128295254833
2088,"Amygdalohippocampal area, posterolateral",AHiPL,80.0,255.0,89.0,47830.0,780.0,AHi,,6.0,2956.0,2956.0,0.05912,CTXsp,AHiPL,45.0,1012294.0,2628.0,45.0,1012294.0,2628.0,22495.422222222223,58.4
623,Cerebral nuclei,CNU,176.0,216.0,255.0,47900.0,567.0,CH,,3.0,,2722700.0,54.454,,CNU,,0.0,0.0,21774.0,379307429.0,923646.0,17420.19973362726,42.41967484155415
477,Striatum,STR,160.0,200.0,232.0,48000.0,623.0,CNU,,4.0,,2226160.0,44.5232,STR,STR,,0.0,0.0,17414.0,324760964.0,770488.0,18649.417939588835,44.24531985758585
485,Striatum dorsal region,STRd,160.0,216.0,232.0,48100.0,477.0,STR,,5.0,,1299864.0,25.99728,STR,STRd,,0.0,0.0,4306.0,90640623.0,206675.0,21049.84277751974,47.99698095680446
672,Caudate Putamen ,CP,160.0,216.0,248.0,48200.0,485.0,STRd,,6.0,,1299864.0,25.99728,STR,CP,,0.0,0.0,4306.0,90640623.0,206675.0,21049.84277751974,47.99698095680446
2376,Caudoputamen- rostral extreme,CPre,160.0,216.0,248.0,48210.0,672.0,CP,,7.0,46138.0,46138.0,0.92276,STR,CPre,523.0,8258161.0,21100.0,523.0,8258161.0,21100.0,15789.982791586997,40.34416826003824
2491,Caudoputamen- rostral,CPr,160.0,216.0,248.0,48220.0,672.0,CP,,7.0,,220448.0,4.40896,STR,CPr,,0.0,0.0,485.0,9982777.0,23680.0,20583.04536082474,48.824742268041234
2294,"Caudoputamen- rostral, medial","CPr, m",160.0,216.0,248.0,48221.0,2491.0,CPr,,8.0,27506.0,27506.0,0.55012,STR,m,103.0,1623342.0,4512.0,103.0,1623342.0,4512.0,15760.601941747573,43.80582524271845
2295,"Caudoputamen- rostral, intermediate, dorsal","CPr, imd",160.0,216.0,248.0,48222.0,2491.0,CPr,,8.0,39962.0,39962.0,0.79924,STR,imd,102.0,2121953.0,5210.0,102.0,2121953.0,5210.0,20803.460784313724,51.07843137254902
2296,"Caudoputamen- rostral, intermediate, ventral","CPr, imv",160.0,216.0,248.0,48223.0,2491.0,CPr,,8.0,42298.0,42298.0,0.84596,STR,imv,79.0,1692589.0,3916.0,79.0,1692589.0,3916.0,21425.177215189873,49.56962025316456
2497,"Caudoputamen- rostral, lateral","CPr, l",160.0,216.0,248.0,48224.0,2491.0,CPr,,8.0,,110682.0,2.21364,STR,l,,0.0,0.0,201.0,4544893.0,10042.0,22611.407960199005,49.960199004975124
2395,"Caudoputamen- rostral, lateral, lateral strip","CPr, l, ls",160.0,216.0,248.0,48225.0,2497.0,"CPr, l",,9.0,65890.0,65890.0,1.3178,STR,ls,120.0,2894463.0,6373.0,120.0,2894463.0,6373.0,24120.525,53.108333333333334
2297,"Caudoputamen- rostra,l lateral, ventromedial","CPr, l, vm",160.0,216.0,248.0,48226.0,2497.0,"CPr, l",,9.0,44792.0,44792.0,0.89584,STR,vm,81.0,1650430.0,3669.0,81.0,1650430.0,3669.0,20375.679012345678,45.2962962962963
2492,Caudoputamen- intermediate,CPi,160.0,216.0,248.0,48230.0,672.0,CP,,7.0,,609790.0,12.1958,STR,CPi,,0.0,0.0,1129.0,24679366.0,56248.0,21859.491585473872,49.82108060230292
2498,"Caudoputamen- intermediate, dorsomedial","CPi, dm",160.0,216.0,248.0,48231.0,2492.0,CPi,,8.0,,169426.0,3.38852,STR,dm,,0.0,0.0,502.0,8927496.0,23511.0,17783.85657370518,46.83466135458168
2299,"Caudoputamen- intermediate, dorsomedial, dorsolateral","CPi, dm, dl",160.0,216.0,248.0,48232.0,2498.0,"CPi, dm",,9.0,43396.0,43396.0,0.86792,STR,dl,69.0,1155936.0,3174.0,69.0,1155936.0,3174.0,16752.695652173912,46.0
2298,"Caudoputamen- intermediate, dorsomedial, intermedial","CPi, dm, im",160.0,216.0,248.0,48233.0,2498.0,"CPi, dm",,9.0,40010.0,40010.0,0.8002,STR,im,204.0,3877312.0,9418.0,204.0,3877312.0,9418.0,19006.43137254902,46.166666666666664
2374,"Caudoputamen- intermediate, dorsomedial, central dorsal","CPi, dm, cd",160.0,216.0,248.0,48234.0,2498.0,"CPi, dm",,9.0,39176.0,39176.0,0.78352,STR,cd,37.0,803455.0,2091.0,37.0,803455.0,2091.0,21715.0,56.513513513513516
2380,"Caudoputamen- intermediate, dorsomedial, dorsal tip ","CPi, dm, dt",160.0,216.0,248.0,48235.0,2498.0,"CPi, dm",,9.0,46844.0,46844.0,0.93688,STR,dt,192.0,3090793.0,8828.0,192.0,3090793.0,8828.0,16097.880208333334,45.979166666666664
2500,"Caudoputamen- intermediate, ventromedial","CPi, vm",160.0,216.0,248.0,48236.0,2492.0,CPi,,8.0,,93184.0,1.86368,STR,vm,,0.0,0.0,197.0,3528651.0,8582.0,17911.934010152283,43.56345177664975
2302,"Caudoputamen- intermediate, ventromedial, ventromedial","CPi, vm, vm",160.0,216.0,248.0,48237.0,2500.0,"CPi, vm",,9.0,39420.0,39420.0,0.7884,STR,vm,116.0,2041703.0,4816.0,116.0,2041703.0,4816.0,17600.887931034482,41.51724137931034
2480,"Caudoputamen- intermediate, ventromedial, ventral","CPi, vm, v",160.0,216.0,248.0,48238.0,2500.0,"CPi, vm",,9.0,39188.0,39188.0,0.78376,STR,v,70.0,1244781.0,3171.0,70.0,1244781.0,3171.0,17782.585714285713,45.3
2483,"Caudoputamen- intermediate, ventromedial, central ventromedial","CPi, vm, cvm",160.0,216.0,248.0,48239.0,2500.0,"CPi, vm",,9.0,14576.0,14576.0,0.29152,STR,cvm,11.0,242167.0,595.0,11.0,242167.0,595.0,22015.18181818182,54.09090909090909
2499,"Caudoputamen- intermediate, dorsolateral, ","CPi, dl",160.0,216.0,248.0,48240.0,2492.0,CPi,,8.0,,103382.0,2.06764,STR,dl,,0.0,0.0,164.0,4463527.0,9037.0,27216.628048780487,55.103658536585364
2300,"Caudoputamen- intermediate, dorsolateral, dorsal","CPi, dl, d",160.0,216.0,248.0,48241.0,2499.0,"CPi, dl",,9.0,53216.0,53216.0,1.06432,STR,d,77.0,1804396.0,4003.0,77.0,1804396.0,4003.0,23433.714285714286,51.98701298701299
2301,"Caudoputamen- intermediate, dorsolateral, intermedial dorsal","CPi, dl, imd",160.0,216.0,248.0,48242.0,2499.0,"CPi, dl",,9.0,50166.0,50166.0,1.00332,STR,imd,87.0,2659131.0,5034.0,87.0,2659131.0,5034.0,30564.724137931036,57.86206896551724
2501,"Caudoputamen- intermediate, ventrolateral","CPi, vl",160.0,216.0,248.0,48243.0,2492.0,CPi,,8.0,,243798.0,4.87596,STR,vl,,0.0,0.0,266.0,7759692.0,15118.0,29171.774436090225,56.83458646616541
2479,"Caudoputamen- intermediate, ventrolateral, intermedial ventral","CPi, vl, imv",160.0,216.0,248.0,48244.0,2501.0,"CPi, vl",,9.0,47738.0,47738.0,0.95476,STR,imv,52.0,1852658.0,3151.0,52.0,1852658.0,3151.0,35628.03846153846,60.59615384615385
2482,"Caudoputamen- intermediate, ventrolateral, ventral","CPi, vl, v",160.0,216.0,248.0,48245.0,2501.0,"CPi, vl",,9.0,59872.0,59872.0,1.19744,STR,v,69.0,2177983.0,4190.0,69.0,2177983.0,4190.0,31564.971014492752,60.72463768115942
2481,"Caudoputamen- intermediate, ventrolateral, ventral tip","CPi, vl, vt",160.0,216.0,248.0,48246.0,2501.0,"CPi, vl",,9.0,96368.0,96368.0,1.92736,STR,vt,115.0,2907568.0,6112.0,115.0,2907568.0,6112.0,25283.2,53.14782608695652
2370,"Caudoputamen- intermediate, ventrolateral, central ventrolateral","CPi, vl, cvl",160.0,216.0,248.0,48247.0,2501.0,"CPi, vl",,9.0,39820.0,39820.0,0.7964,STR,cvl,30.0,821483.0,1665.0,30.0,821483.0,1665.0,27382.766666666666,55.5
2496,Caudoputamen- caudal,CPc,160.0,216.0,248.0,48250.0,672.0,CP,,7.0,,366526.0,7.33052,STR,CPc,,0.0,0.0,1383.0,29894977.0,66375.0,21616.03543022415,47.99349240780911
2493,"Caudoputamen- caudal, dorsal","CPc, d",160.0,216.0,248.0,48251.0,2496.0,CPc,,8.0,,109450.0,2.189,STR,d,,0.0,0.0,311.0,5414007.0,13456.0,17408.382636655948,43.266881028938904
2519,"Caudoputamen- caudal, dorsal, leaf","CPc, d_leaf",160.0,216.0,248.0,48251.0,2493.0,"CPc, d",,9.0,18592.0,18592.0,0.37184,STR,misc,78.0,1579264.0,3627.0,78.0,1579264.0,3627.0,20246.97435897436,46.5
2484,"Caudoputamen- caudal, dorsal, dorsomedial","CPc, d, dm",160.0,216.0,248.0,48252.0,2493.0,"CPc, d",,9.0,32876.0,32876.0,0.65752,STR,dm,101.0,1463877.0,4132.0,101.0,1463877.0,4132.0,14493.831683168317,40.91089108910891
2485,"Caudoputamen- caudal, dorsal, dorsolateral","CPc, d, dl",160.0,216.0,248.0,48253.0,2493.0,"CPc, d",,9.0,38318.0,38318.0,0.76636,STR,dl,84.0,1687791.0,3988.0,84.0,1687791.0,3988.0,20092.75,47.476190476190474
2486,"Caudoputamen- caudal, dorsal, ventromedial","CPc, d, vm",160.0,216.0,248.0,48254.0,2493.0,"CPc, d",,9.0,19664.0,19664.0,0.39328,STR,vm,48.0,683075.0,1709.0,48.0,683075.0,1709.0,14230.729166666666,35.604166666666664
2494,"Caudoputamen- caudal, intermediate","CPc, i",160.0,216.0,248.0,48255.0,2496.0,CPc,,8.0,,176034.0,3.52068,STR,i,,0.0,0.0,721.0,16196632.0,34919.0,22464.122052704577,48.431345353675454
2517,"Caudoputamen- caudal, intermediate, leaf","CPc, i_leaf",160.0,216.0,248.0,48255.0,2494.0,"CPc, i",,9.0,49130.0,49130.0,0.9826,STR,misc,471.0,10548214.0,22692.0,471.0,10548214.0,22692.0,22395.35881104034,48.17834394904459
2487,"Caudoputamen- caudal, intermediate, dorsal","CPc, i, d",160.0,216.0,248.0,48256.0,2494.0,"CPc, i",,9.0,48506.0,48506.0,0.97012,STR,d,111.0,2745918.0,5636.0,111.0,2745918.0,5636.0,24738.0,50.77477477477478
2489,"Caudoputamen- caudal, intermediate, ventromedial","CPc, i, vm",160.0,216.0,248.0,48257.0,2494.0,"CPc, i",,9.0,37282.0,37282.0,0.74564,STR,vm,81.0,1339564.0,3342.0,81.0,1339564.0,3342.0,16537.827160493827,41.25925925925926
2488,"Caudoputamen- caudal, intermediate, ventrolateral","CPc, i, vl",160.0,216.0,248.0,48258.0,2494.0,"CPc, i",,9.0,41116.0,41116.0,0.82232,STR,vl,58.0,1562936.0,3249.0,58.0,1562936.0,3249.0,26947.172413793105,56.01724137931034
2490,"Caudoputamen- caudal, ventral","CPc, v",160.0,216.0,248.0,48259.0,2496.0,CPc,,8.0,81042.0,81042.0,1.62084,STR,v,351.0,8284338.0,18000.0,351.0,8284338.0,18000.0,23602.102564102563,51.282051282051285
2495,Caudoputamen- caudal extreme,CPce,160.0,216.0,248.0,48260.0,672.0,CP,,7.0,36356.0,36356.0,0.72712,STR,CPce,455.0,11119597.0,23375.0,455.0,11119597.0,23375.0,24438.674725274726,51.37362637362637
2001,Lateral stripe of the striatum ,LSS,160.0,216.0,248.0,48296.0,672.0,CP,,7.0,5190.0,5190.0,0.1038,STR,LSS,36.0,609173.0,1603.0,36.0,609173.0,1603.0,16921.472222222223,44.52777777777778
2050,Amygdalostriatal transition area,ASt ,160.0,216.0,248.0,48297.0,672.0,CP,,7.0,15416.0,15416.0,0.30832,STR,ASt ,295.0,6096572.0,14294.0,295.0,6096572.0,14294.0,20666.345762711866,48.454237288135594
493,Striatum ventral region,STRv,160.0,232.0,232.0,48300.0,477.0,STR,,5.0,,535002.0,10.70004,STR,STRv,,0.0,0.0,7541.0,145815820.0,333578.0,19336.403659992044,44.235247314679754
602,"Striatum ventral region, leaf",STRv_leaf,160.0,232.0,232.0,48300.0,493.0,STRv,,6.0,15208.0,15208.0,0.30416,STR,misc,127.0,2113572.0,5297.0,127.0,2113572.0,5297.0,16642.299212598424,41.70866141732284
56,Accumbens nucleus,Acb,160.0,232.0,224.0,48400.0,493.0,STRv,,6.0,,240196.0,4.80392,STR,Acb,,0.0,0.0,3780.0,72234060.0,165067.0,19109.539682539682,43.66851851851852
2074,"Accumbens nucleus, core region",AcbC,160.0,232.0,224.0,48410.0,56.0,Acb,,7.0,102788.0,102788.0,2.05576,STR,AcbC,1464.0,28995685.0,64474.0,1464.0,28995685.0,64474.0,19805.795765027324,44.0396174863388
2006,"Accumbens nucleus, shell region",AcbSh,160.0,232.0,224.0,48420.0,56.0,Acb,,7.0,86994.0,86994.0,1.73988,STR,AcbSh,2134.0,40315707.0,92677.0,2134.0,40315707.0,92677.0,18892.083880037488,43.42877225866916
2007,"Lateral accumbens, shell region",LAcbSh,160.0,232.0,224.0,48430.0,56.0,Acb,,7.0,50414.0,50414.0,1.00828,STR,LAcbSh,182.0,2922668.0,7916.0,182.0,2922668.0,7916.0,16058.615384615385,43.494505494505496
998,Interstitial nucleus of the posterior limb of the anterior commissure,IPAC,160.0,228.0,224.0,48500.0,493.0,STRv,,6.0,,53556.0,1.07112,STR,IPAC,,0.0,0.0,345.0,5598703.0,14389.0,16228.12463768116,41.7072463768116
1987,"Interstitial nucleus of the posterior limb of the anterior commissure, leaf",IPAC_leaf,160.0,228.0,224.0,48500.0,998.0,IPAC,,7.0,2826.0,2826.0,0.05652,STR,misc,29.0,530311.0,1303.0,29.0,530311.0,1303.0,18286.58620689655,44.93103448275862
2012,"Interstitial nucleus of the posterior limb of the anterior commissure, medial part",IPACM,160.0,228.0,224.0,48510.0,998.0,IPAC,,7.0,16792.0,16792.0,0.33584,STR,M,95.0,1002256.0,3105.0,95.0,1002256.0,3105.0,10550.063157894738,32.68421052631579
2372,"Interstitial nucleus of the posterior limb of the anterior commissure, lateral part",IPACL,160.0,228.0,224.0,48520.0,998.0,IPAC,,7.0,33938.0,33938.0,0.67876,STR,L,221.0,4066136.0,9981.0,221.0,4066136.0,9981.0,18398.805429864253,45.16289592760181
730,"Olfactory tubercle, leaf",Tu_leaf,160.0,224.0,224.0,48600.0,754.0,Tu,,7.0,17418.0,17418.0,0.34836,STR,Main,217.0,4349852.0,9900.0,217.0,4349852.0,9900.0,20045.400921658987,45.6221198156682
754,Olfactory tubercle,Tu,160.0,224.0,224.0,48600.0,493.0,STRv,,6.0,,226042.0,4.52084,STR,Tu,,0.0,0.0,3289.0,65869485.0,148825.0,20027.20735785953,45.249315901489815
481,Island of Calleja,ICj,160.0,224.0,224.0,48700.0,754.0,Tu,,7.0,2320.0,2320.0,0.0464,STR,ICj,16.0,223135.0,635.0,16.0,223135.0,635.0,13945.9375,39.6875
489,"Island of Calleja, major island",ICjM,160.0,224.0,224.0,48800.0,754.0,Tu,,7.0,2586.0,2586.0,0.05172,STR,ICjM,60.0,738399.0,1936.0,60.0,738399.0,1936.0,12306.65,32.266666666666666
458,Olfactory tubercle 1 ,Tu1,160.0,224.0,224.0,49000.0,754.0,Tu,,7.0,66470.0,66470.0,1.3294,STR,1,1295.0,28249868.0,60641.0,1295.0,28249868.0,60641.0,21814.569884169883,46.82702702702703
465,Olfactory tubercle 2,Tu2,160.0,224.0,224.0,49100.0,754.0,Tu,,7.0,45804.0,45804.0,0.91608,STR,2,697.0,15215843.0,33543.0,697.0,15215843.0,33543.0,21830.477761836442,48.124820659971306
473,Olfactory tubercle 3,Tu3,160.0,224.0,224.0,49200.0,754.0,Tu,,7.0,85950.0,85950.0,1.719,STR,3,984.0,16756657.0,41287.0,984.0,16756657.0,41287.0,17029.122967479674,41.958333333333336
2018,Navicular nucleus of the basal forebrain,Nv,160.0,224.0,224.0,49210.0,754.0,Tu,,7.0,5494.0,5494.0,0.10988,STR,Nv,20.0,335731.0,883.0,20.0,335731.0,883.0,16786.55,44.15
275,Lateral septal complex,LSX,160.0,239.0,232.0,49300.0,477.0,STR,,5.0,,217560.0,4.3512,STR,LSX,,0.0,0.0,1702.0,18500195.0,53722.0,10869.679788484136,31.564042303172737
242,Lateral septal nucleus,LS,153.0,239.0,232.0,49400.0,275.0,LSX,,6.0,,172912.0,3.45824,STR,LS,,0.0,0.0,1210.0,13036960.0,38075.0,10774.347107438016,31.46694214876033
250,"Lateral septal nucleus, dorsal part",LSD,153.0,237.0,232.0,49500.0,242.0,LS,,7.0,32840.0,32840.0,0.6568,STR,D,61.0,668684.0,2144.0,61.0,668684.0,2144.0,10962.032786885246,35.14754098360656
258,"Lateral septal nucleus, intermediate part",LSI,153.0,237.0,233.0,49600.0,242.0,LS,,7.0,111374.0,111374.0,2.22748,STR,I,491.0,5969996.0,16851.0,491.0,5969996.0,16851.0,12158.85132382892,34.319755600814666
266,"Lateral septal nucleus, ventral part",LSV,153.0,237.0,234.0,49700.0,242.0,LS,,7.0,27276.0,27276.0,0.54552,STR,V,630.0,6245543.0,18582.0,630.0,6245543.0,18582.0,9913.560317460317,29.495238095238093
2008,Zona limitans,ZL,153.0,237.0,234.0,49710.0,242.0,LS,,7.0,1422.0,1422.0,0.02844,STR,ZL,28.0,152737.0,498.0,28.0,152737.0,498.0,5454.892857142857,17.785714285714285
310,Septofimbrial nucleus,SFi ,147.0,239.0,232.0,49800.0,275.0,LSX,,6.0,20678.0,20678.0,0.41356,STR,SFi ,19.0,205906.0,614.0,19.0,205906.0,614.0,10837.157894736842,32.31578947368421
333,Septohippocampal nucleus,SHi ,139.0,239.0,232.0,49900.0,275.0,LSX,,6.0,5224.0,5224.0,0.10448,STR,SHi ,14.0,275222.0,774.0,14.0,275222.0,774.0,19658.714285714286,55.285714285714285
2009,Septohypothalamic nucleus,SHy ,139.0,239.0,232.0,49910.0,275.0,LSX,,6.0,18746.0,18746.0,0.37492,STR,SHy ,459.0,4982107.0,14259.0,459.0,4982107.0,14259.0,10854.263616557735,31.065359477124183
278,Striatum-like amygdalar nuclei,sAMY,160.0,208.0,232.0,50000.0,477.0,STR,,5.0,,173734.0,3.47468,STR,sAMY,,0.0,0.0,3865.0,69804326.0,176513.0,18060.627684346702,45.66959896507115
23,Anterior amygdaloid area,AA,186.0,208.0,248.0,50100.0,278.0,sAMY,,6.0,44786.0,44786.0,0.89572,STR,AA,472.0,6161435.0,17827.0,472.0,6161435.0,17827.0,13053.887711864407,37.769067796610166
292,Bed nucleus of the accessory olfactory tract,BAOT,160.0,208.0,232.0,50200.0,278.0,sAMY,,6.0,1400.0,1400.0,0.028,STR,BAOT,14.0,250094.0,684.0,14.0,250094.0,684.0,17863.85714285714,48.857142857142854
536,Central amygdalar nucleus,Ce,171.0,208.0,248.0,50300.0,278.0,sAMY,,6.0,,51888.0,1.03776,STR,Ce,,0.0,0.0,1439.0,28362250.0,68634.0,19709.69423210563,47.69562195969423
544,"Central amygdaloid nucleus, capsular part",CeC,171.0,209.0,248.0,50400.0,536.0,Ce,,7.0,11330.0,11330.0,0.2266,STR,CeC,281.0,4528029.0,12170.0,281.0,4528029.0,12170.0,16113.982206405693,43.30960854092527
551,"Central amygdaloid nucleus, lateral part",CeL,171.0,209.0,249.0,50500.0,536.0,Ce,,7.0,17114.0,17114.0,0.34228,STR,CeL,612.0,15897521.0,34067.0,612.0,15897521.0,34067.0,25976.341503267973,55.66503267973856
559,"Central amygdaloid nucleus, medial part",CeM,171.0,209.0,250.0,50600.0,536.0,Ce,,7.0,23444.0,23444.0,0.46888,STR,CeM,546.0,7936700.0,22397.0,546.0,7936700.0,22397.0,14536.080586080587,41.02014652014652
2507,"Intercalated nuclei of the amygdala, leaf",I_leaf,184.0,208.0,248.0,50700.0,1105.0,I,,7.0,4580.0,4580.0,0.0916,STR,misc,133.0,1506498.0,4476.0,133.0,1506498.0,4476.0,11327.052631578947,33.65413533834587
1105,Intercalated nuclei of the amygdala,I,184.0,208.0,248.0,50700.0,278.0,sAMY,,6.0,,6778.0,0.13556,STR,I,,0.0,0.0,188.0,2124107.0,6401.0,11298.441489361701,34.047872340425535
2375,"Intercalated amygdalar nucleus, main part",IM,184.0,208.0,248.0,50710.0,1105.0,I,,7.0,2198.0,2198.0,0.04396,STR,IM,55.0,617609.0,1925.0,55.0,617609.0,1925.0,11229.254545454545,35.0
403,Medial amygdaloid nucleus,Me,176.0,208.0,248.0,50800.0,278.0,sAMY,,6.0,,68882.0,1.37764,STR,Me,,0.0,0.0,1752.0,32906440.0,82967.0,18782.214611872147,47.355593607305934
411,"Medial amygdaloid nucleus, anterodorsal part",MeAD,176.0,209.0,248.0,50900.0,403.0,Me,,7.0,11918.0,11918.0,0.23836,STR,AD,408.0,6889571.0,19170.0,408.0,6889571.0,19170.0,16886.20343137255,46.98529411764706
418,"Medial amygdaloid nucleus, anterventral part",MeAV,176.0,208.0,249.0,51000.0,403.0,Me,,7.0,4002.0,4002.0,0.08004,STR,AV,99.0,2018997.0,5315.0,99.0,2018997.0,5315.0,20393.909090909092,53.686868686868685
426,"Medial amygdaloid nucleus, posterodorsal part",MePD,176.0,208.0,250.0,51100.0,403.0,Me,,7.0,28136.0,28136.0,0.56272,STR,PD,791.0,13392809.0,34854.0,791.0,13392809.0,34854.0,16931.490518331226,44.06321112515803
435,"Medial amygdaloid nucleus, posteroventral part",MePV ,176.0,208.0,251.0,51500.0,403.0,Me,,7.0,24826.0,24826.0,0.49652,STR,PV,454.0,10605063.0,23628.0,454.0,10605063.0,23628.0,23359.169603524228,52.04405286343612
803,Pallidum,PAL,160.0,200.0,176.0,51600.0,623.0,CNU,,4.0,,496540.0,9.9308,PAL,PAL,,0.0,0.0,4360.0,54546465.0,153158.0,12510.657110091743,35.127981651376146
1022,Globus pallidus,GP,160.0,216.0,177.0,51800.0,803.0,PAL,,5.0,110072.0,110072.0,2.20144,PAL,GP,382.0,4726999.0,13197.0,382.0,4726999.0,13197.0,12374.342931937173,34.547120418848166
1031,Entopeduncular nucleus,EP,160.0,216.0,178.0,51900.0,803.0,PAL,,5.0,10818.0,10818.0,0.21636,PAL,EP,27.0,217253.0,692.0,27.0,217253.0,692.0,8046.407407407408,25.62962962962963
835,Ventral pallidum,VeP,160.0,208.0,176.0,52000.0,803.0,PAL,,5.0,,110352.0,2.20704,PAL,VeP,,0.0,0.0,454.0,6429433.0,16562.0,14161.746696035243,36.480176211453745
1163,"Ventral pallidum, leaf",VeP_leaf,160.0,208.0,176.0,52000.0,835.0,VeP,,6.0,107228.0,107228.0,2.14456,PAL,misc,449.0,6352296.0,16339.0,449.0,6352296.0,16339.0,14147.652561247216,36.389755011135854
342,Substantia innominata,SI,152.0,208.0,176.0,52100.0,803.0,PAL,,5.0,,74182.0,1.48364,PAL,SI,,0.0,0.0,535.0,6508167.0,18737.0,12164.798130841122,35.02242990654206
2371,"Substantia innominata, basal part",SIB,152.0,208.0,176.0,52110.0,342.0,SI,,6.0,12268.0,12268.0,0.24536,PAL,SIB,35.0,572093.0,1362.0,35.0,572093.0,1362.0,16345.514285714286,38.91428571428571
2027,Extension of the amygdala,EA,152.0,208.0,176.0,52120.0,342.0,SI,,6.0,55530.0,55530.0,1.1106,PAL,EA,483.0,5474357.0,16386.0,483.0,5474357.0,16386.0,11334.072463768116,33.92546583850932
2013,Cell bridges of the ventral striatum,CB,160.0,228.0,224.0,52130.0,342.0,SI,,6.0,6384.0,6384.0,0.12768,PAL,CB,17.0,461717.0,989.0,17.0,461717.0,989.0,27159.823529411766,58.1764705882353
298,Magnocellular nucleus,MCPO,162.0,208.0,176.0,52200.0,835.0,VeP,,6.0,,0.0,0.0,PAL,MCPO,,0.0,0.0,0.0,0.0,0.0,,
2028,Basal nucleus (Meynert),B,162.0,208.0,176.0,52210.0,835.0,VeP,,6.0,3124.0,3124.0,0.06248,PAL,B,5.0,77137.0,223.0,5.0,77137.0,223.0,15427.4,44.6
826,"Pallidum, medial region",PALm,160.0,224.0,176.0,52300.0,803.0,PAL,,5.0,,95750.0,1.915,PAL,PALm,,0.0,0.0,378.0,5271040.0,14808.0,13944.550264550264,39.17460317460318
904,Medial septal complex,MSC,160.0,224.0,176.0,52400.0,826.0,PALm,,6.0,,84720.0,1.6944,PAL,MSC,,0.0,0.0,295.0,4389959.0,12105.0,14881.216949152542,41.03389830508475
1965,"Medial septal nucleus, leaf",MS_leaf,118.0,224.0,176.0,52500.0,564.0,MS,,8.0,13320.0,13320.0,0.2664,PAL,misc,18.0,277242.0,739.0,18.0,277242.0,739.0,15402.333333333334,41.05555555555556
564,Medial septal nucleus,MS,118.0,224.0,176.0,52500.0,904.0,MSC,,7.0,,16126.0,0.32252,PAL,MS,,0.0,0.0,20.0,294690.0,792.0,14734.5,39.6
2005,Lambdoid septal zone,Ld,118.0,224.0,176.0,52510.0,564.0,MS,,8.0,2806.0,2806.0,0.05612,PAL,Ld,2.0,17448.0,53.0,2.0,17448.0,53.0,8724.0,26.5
2280,Diagonal band nucleus,NDB,138.0,224.0,176.0,52600.0,904.0,MSC,,7.0,,68594.0,1.37188,PAL,NDB,,0.0,0.0,275.0,4095269.0,11313.0,14891.887272727272,41.13818181818182
596,Nucleus of the vertical limb of the diagonal band,VDB,138.0,224.0,176.0,52610.0,2280.0,NDB,,8.0,14574.0,14574.0,0.29148,PAL,VDB,77.0,1548374.0,3820.0,77.0,1548374.0,3820.0,20108.753246753247,49.61038961038961
2293,Lateral nucleus of the diagnoal band,LDB,138.0,224.0,176.0,52620.0,2280.0,NDB,,8.0,19524.0,19524.0,0.39048,PAL,LDB,46.0,678160.0,1887.0,46.0,678160.0,1887.0,14742.608695652174,41.02173913043478
2004,Nucleus of the horizontal limb of the diagonal band,HDB,138.0,224.0,176.0,52630.0,2280.0,NDB,,8.0,34496.0,34496.0,0.68992,PAL,HDB,152.0,1868735.0,5606.0,152.0,1868735.0,5606.0,12294.309210526315,36.88157894736842
581,Triangular septal nucleus,TS,128.0,224.0,176.0,52700.0,826.0,PALm,,6.0,11030.0,11030.0,0.2206,PAL,TS,83.0,881081.0,2703.0,83.0,881081.0,2703.0,10615.43373493976,32.566265060240966
809,"Pallidum, caudal region",PALc,160.0,190.0,176.0,52800.0,803.0,PAL,,5.0,,95366.0,1.90732,PAL,PALc,,0.0,0.0,2584.0,31393573.0,89162.0,12149.215557275542,34.505417956656345
2308,Nucleus of stria medullaris,SM,160.0,190.0,176.0,52810.0,809.0,PALc,,6.0,1582.0,1582.0,0.03164,PAL,SM,17.0,117034.0,391.0,17.0,117034.0,391.0,6884.35294117647,23.0
351,Bed nuclei of the stria terminalis,ST,160.0,190.0,160.0,52900.0,809.0,PALc,,6.0,,92844.0,1.85688,PAL,ST,,0.0,0.0,2546.0,31016160.0,88044.0,12182.309505106048,34.58130400628437
359,"Bed nuclei of the stria terminalis, anterior division",STa,160.0,190.0,161.0,53000.0,351.0,ST,,7.0,,20538.0,0.41076,PAL,STa,,0.0,0.0,469.0,7926047.0,19524.0,16899.88699360341,41.62899786780384
537,"Bed nucleus of the stria terminalis, medial division, anterolateral part",STMAL,160.0,190.0,161.0,53100.0,359.0,STa,,8.0,1662.0,1662.0,0.03324,PAL,STMAL,32.0,288039.0,876.0,32.0,288039.0,876.0,9001.21875,27.375
498,"Bed nucleus of the stria terminalis, medial division, anterior part",STMA,160.0,190.0,161.0,53200.0,359.0,STa,,8.0,6574.0,6574.0,0.13148,PAL,STMA,123.0,1398662.0,4020.0,123.0,1398662.0,4020.0,11371.235772357724,32.68292682926829
513,"Bed nuclei of the stria terminalis, fusiform nucleus",Fu,160.0,190.0,161.0,53400.0,359.0,STa,,8.0,622.0,622.0,0.01244,PAL,Fu,7.0,96568.0,231.0,7.0,96568.0,231.0,13795.42857142857,33.0
546,"Bed nucleus of the stria terminalis, lateral division, juxtacapsular part",STLJ,160.0,190.0,161.0,53500.0,359.0,STa,,8.0,942.0,942.0,0.01884,PAL,J,48.0,1335542.0,2852.0,48.0,1335542.0,2852.0,27823.791666666668,59.416666666666664
554,"Bed nucleus of the stria terminalis, lateral division, dorsal part",STLD,160.0,190.0,161.0,53700.0,359.0,STa,,8.0,3264.0,3264.0,0.06528,PAL,D,158.0,3828605.0,8481.0,158.0,3828605.0,8481.0,24231.677215189873,53.677215189873415
529,"Bed nucleus of the stria terminalis, medial division, posterolateral part",STMPL,160.0,190.0,161.0,53900.0,359.0,STa,,8.0,7474.0,7474.0,0.14948,PAL,PL,101.0,978631.0,3064.0,101.0,978631.0,3064.0,9689.415841584158,30.336633663366335
2359,"Bed nuclei of the stria terminalis, medial division",STm,160.0,190.0,161.0,53910.0,351.0,ST,,7.0,,19284.0,0.38568,PAL,STm,,0.0,0.0,659.0,5967158.0,18645.0,9054.867981790592,28.292867981790593
2010,"Bed nucleus of the stria terminalis, medial division, ventral part",STMV,160.0,190.0,161.0,53920.0,2359.0,STm,,8.0,7820.0,7820.0,0.1564,PAL,V,136.0,1303564.0,3912.0,136.0,1303564.0,3912.0,9585.029411764706,28.764705882352942
2025,"Bed nucleus of the stria terminalis, medial division, posteromedial part",STMPM,160.0,190.0,168.0,53930.0,2359.0,STm,,8.0,11464.0,11464.0,0.22928,PAL,PM,523.0,4663594.0,14733.0,523.0,4663594.0,14733.0,8917.005736137668,28.17017208413002
367,"Bed nuclei of the stria terminalis, posterior division",STp,160.0,190.0,168.0,54000.0,351.0,ST,,7.0,,10486.0,0.20972,PAL,STp,,0.0,0.0,307.0,2948672.0,9178.0,9604.794788273615,29.895765472312704
578,"Bed nucleus of the stria terminalis, medial division, anteromedial part",STMAM,160.0,190.0,168.0,54200.0,367.0,STp,,8.0,612.0,612.0,0.01224,PAL,AM,12.0,123804.0,382.0,12.0,123804.0,382.0,10317.0,31.833333333333332
585,"Bed nucleus of the stria terminalis, medial division, posterointermediate part",STMPI,160.0,190.0,168.0,54300.0,367.0,STp,,8.0,9874.0,9874.0,0.19748,PAL,PI,295.0,2824868.0,8796.0,295.0,2824868.0,8796.0,9575.823728813559,29.816949152542374
2360,"Bed nuclei of the stria terminialis, lateral division",STl,160.0,190.0,168.0,54510.0,351.0,ST,,7.0,,19566.0,0.39132,PAL,STl,,0.0,0.0,331.0,4036036.0,11255.0,12193.462235649547,34.003021148036254
2015,"Bed nuclus of the stria terminalis, lateral division, posterior part",STLP,160.0,190.0,168.0,54520.0,2360.0,STl,,8.0,9732.0,9732.0,0.19464,PAL,LP,175.0,2303220.0,6508.0,175.0,2303220.0,6508.0,13161.257142857143,37.18857142857143
2014,"Bed nucleus of the stria terminalis, lateral division, ventral part ",STLV,160.0,190.0,168.0,54530.0,2360.0,STl,,8.0,7750.0,7750.0,0.155,PAL,LV,120.0,1305611.0,3536.0,120.0,1305611.0,3536.0,10880.091666666667,29.466666666666665
2022,"Bed nucleus of the stria terminalis, lateral division, intermediate part",STLI,160.0,190.0,168.0,54540.0,2360.0,STl,,8.0,2084.0,2084.0,0.04168,PAL,LI,36.0,427205.0,1211.0,36.0,427205.0,1211.0,11866.805555555555,33.638888888888886
2049,"Bed nucleus of the stria terminalis, intraamygdaloid",STIA,160.0,190.0,168.0,54550.0,351.0,ST,,7.0,22970.0,22970.0,0.4594,PAL,STIA,780.0,10138247.0,29442.0,780.0,10138247.0,29442.0,12997.752564102564,37.746153846153845
287,Bed nucleus of the anterior commissure,BAC,160.0,190.0,152.0,54600.0,809.0,PALc,,6.0,940.0,940.0,0.0188,PAL,BAC,21.0,260379.0,727.0,21.0,260379.0,727.0,12399.0,34.61904761904762
512,Cerebellum,CBL,240.0,255.0,160.0,54700.0,8.0,grey,,2.0,,2660406.0,53.20812,,CBL,,0.0,0.0,17089.0,181796477.0,471892.0,10638.216220960852,27.613786646380714
528,Cerebellar cortex,CBX,240.0,240.0,128.0,54800.0,512.0,CBL,,3.0,,2567686.0,51.35372,,CBX,,0.0,0.0,16949.0,180295708.0,467996.0,10637.542509882589,27.612012508112574
645,Vermal regions,VERM,240.0,242.0,128.0,54900.0,528.0,CBX,,4.0,,1030764.0,20.61528,VERM,VERM,,0.0,0.0,8709.0,90804958.0,238426.0,10426.565392123091,27.376966356642555
912,Lobule 1 of the cerebellar vermis,1Cb,240.0,242.0,128.0,55000.0,645.0,VERM,,5.0,,7706.0,0.15412,VERM,1Cb,,0.0,0.0,9.0,126198.0,403.0,14022.0,44.77777777777778
10707,"Lobule 1 of the cerebellar vermis, molecular layer",1Cb-mo,240.0,242.0,128.0,55100.0,912.0,1Cb,,6.0,3414.0,3414.0,0.06828,VERM,mo,4.0,68398.0,216.0,4.0,68398.0,216.0,17099.5,54.0
10705,"Lobule 1 of the cerebellar vermis, granular layer",1Cb-gr,227.0,219.0,97.0,55300.0,912.0,1Cb,,6.0,4292.0,4292.0,0.08584,VERM,gr,5.0,57800.0,187.0,5.0,57800.0,187.0,11560.0,37.4
976,Lobule 2 of the cerebellar vermis,2Cb,240.0,242.0,128.0,55500.0,645.0,VERM,,5.0,,84094.0,1.68188,VERM,2Cb,,0.0,0.0,739.0,8523313.0,22417.0,11533.576454668471,30.33423545331529
10710,"Lobule 2 of the cerebellar vermis, molecular layer",2Cb-mo,240.0,242.0,128.0,55600.0,976.0,2Cb,,6.0,48924.0,48924.0,0.97848,VERM,mo,584.0,6358240.0,16881.0,584.0,6358240.0,16881.0,10887.397260273972,28.90582191780822
10708,"Lobule 2 of the cerebellar vermis, granular layer",2Cb-gr,227.0,219.0,97.0,55800.0,976.0,2Cb,,6.0,35170.0,35170.0,0.7034,VERM,gr,155.0,2165073.0,5536.0,155.0,2165073.0,5536.0,13968.212903225807,35.71612903225807
984,Lobule 3 of the cerebellar vermis,3Cb,240.0,242.0,128.0,55900.0,645.0,VERM,,5.0,,110064.0,2.20128,VERM,3Cb,,0.0,0.0,1739.0,17260967.0,45204.0,9925.800460034503,25.994249568717652
10713,"Lobule 3 of the cerebellar vermis, molecular layer",3Cb-mo,240.0,242.0,128.0,56000.0,984.0,3Cb,,6.0,69064.0,69064.0,1.38128,VERM,mo,1239.0,11124771.0,30026.0,1239.0,11124771.0,30026.0,8978.830508474577,24.234059725585148
10711,"Lobule 3 of the cerebellar vermis, granular layer",3Cb-gr,227.0,219.0,97.0,56200.0,984.0,3Cb,,6.0,41000.0,41000.0,0.82,VERM,gr,500.0,6136196.0,15178.0,500.0,6136196.0,15178.0,12272.392,30.356
928,Culmen,CUL,240.0,242.0,128.0,56300.0,645.0,VERM,,5.0,,316188.0,6.32376,VERM,CUL,,0.0,0.0,1568.0,15864057.0,42516.0,10117.383290816326,27.114795918367346
992,Lobule 4 of the cerebellar vermis,4Cb,240.0,242.0,128.0,56400.0,928.0,CUL,,6.0,304.0,304.0,0.00608,VERM,4,,0.0,0.0,0.0,0.0,0.0,,
1001,Lobule 5 of the cerebellar vermis,5Cb,240.0,242.0,128.0,56800.0,928.0,CUL,,6.0,,0.0,0.0,VERM,5,,0.0,0.0,0.0,0.0,0.0,,
1091,Lobules 4 and 5 of the cerebellar vermis,4/5Cb,240.0,242.0,128.0,57200.0,928.0,CUL,,6.0,,315884.0,6.31768,VERM,4.5,,0.0,0.0,1568.0,15864057.0,42516.0,10117.383290816326,27.114795918367346
10722,"Lobules 4 and 5 of the cerebellar vermis, molecular layer",4/5Cb-mo,240.0,242.0,128.0,57300.0,1091.0,4/5Cb,,7.0,187076.0,187076.0,3.74152,VERM,mo,1010.0,10054276.0,27009.0,1010.0,10054276.0,27009.0,9954.728712871287,26.74158415841584
10720,"Lobules 4 and 5 of the cerebellar vermis, granular layer",4/5Cb-gr,227.0,219.0,97.0,57500.0,1091.0,4/5Cb,,7.0,128808.0,128808.0,2.57616,VERM,gr,558.0,5809781.0,15507.0,558.0,5809781.0,15507.0,10411.793906810035,27.79032258064516
936,Lobule 6 of the cerebellar vermis,6Cb,240.0,242.0,128.0,57600.0,645.0,VERM,,5.0,,219424.0,4.38848,VERM,6Cb,,0.0,0.0,661.0,5361441.0,15871.0,8111.105900151286,24.010590015128592
10725,"Lobule 6 of the cerebellar vermis, molecular layer",6Cb-mo,240.0,242.0,128.0,57700.0,936.0,6Cb,,6.0,152494.0,152494.0,3.04988,VERM,mo,385.0,3121228.0,9250.0,385.0,3121228.0,9250.0,8107.085714285714,24.025974025974026
10723,"Lobule 6 of the cerebellar vermis, granular layer",6Cb-gr,227.0,219.0,97.0,57900.0,936.0,6Cb,,6.0,66930.0,66930.0,1.3386,VERM,gr,276.0,2240213.0,6621.0,276.0,2240213.0,6621.0,8116.713768115942,23.98913043478261
944,Lobule 7 of the cerebellar vermis,7Cb,240.0,242.0,128.0,58000.0,645.0,VERM,,5.0,,46130.0,0.9226,VERM,7Cb,,0.0,0.0,300.0,3007987.0,7951.0,10026.623333333333,26.503333333333334
10728,"Lobule 7 of the cerebellar vermis, molecular layer",7Cb-mo,240.0,242.0,128.0,58100.0,944.0,7Cb,,6.0,28854.0,28854.0,0.57708,VERM,mo,227.0,2336937.0,6101.0,227.0,2336937.0,6101.0,10294.876651982378,26.876651982378856
10726,"Lobule 7 of the cerebellar vermis, granular layer",7Cb-gr,227.0,219.0,97.0,58300.0,944.0,7Cb,,6.0,17276.0,17276.0,0.34552,VERM,gr,73.0,671050.0,1850.0,73.0,671050.0,1850.0,9192.465753424658,25.34246575342466
951,Lobule 8 of the cerebellar vermis,8Cb,240.0,242.0,128.0,58400.0,645.0,VERM,,5.0,,66714.0,1.33428,VERM,8Cb,,0.0,0.0,1540.0,17070335.0,43932.0,11084.633116883117,28.527272727272727
10731,"Lobule 8 of the cerebellar vermis, molecular layer",8Cb-mo,240.0,242.0,128.0,58500.0,951.0,8Cb,,6.0,37274.0,37274.0,0.74548,VERM,mo,948.0,11014452.0,28282.0,948.0,11014452.0,28282.0,11618.620253164558,29.833333333333332
10729,"Lobule 8 of the cerebellar vermis, granular layer",8Cb-gr,227.0,219.0,97.0,58700.0,951.0,8Cb,,6.0,29440.0,29440.0,0.5888,VERM,gr,592.0,6055883.0,15650.0,592.0,6055883.0,15650.0,10229.532094594595,26.43581081081081
957,Lobule 9 of the cerebellar vermis,9Cb,240.0,242.0,128.0,58800.0,645.0,VERM,,5.0,,111286.0,2.22572,VERM,9Cb,,0.0,0.0,1771.0,19625009.0,49948.0,11081.31507622812,28.20327498588368
10734,"Lobule 9 of the cerebellar vermis, molecular layer",9Cb-mo,240.0,242.0,128.0,58900.0,957.0,9Cb,,6.0,60420.0,60420.0,1.2084,VERM,mo,1121.0,12612406.0,31931.0,1121.0,12612406.0,31931.0,11251.031222123105,28.484388938447815
10732,"Lobule 9 of the cerebellar vermis, granular layer",9Cb-gr,227.0,219.0,97.0,59100.0,957.0,9Cb,,6.0,50866.0,50866.0,1.01732,VERM,gr,650.0,7012603.0,18017.0,650.0,7012603.0,18017.0,10788.62,27.71846153846154
968,Lobule 10 of the cerebellar vermis,10Cb,240.0,242.0,128.0,59200.0,645.0,VERM,,5.0,,69158.0,1.38316,VERM,10Cb,,0.0,0.0,382.0,3965651.0,10184.0,10381.285340314136,26.659685863874344
10737,"Lobule 10 of the cerebellar vermis, molecular layer",10Cb-mo,240.0,242.0,128.0,59300.0,968.0,10Cb,,6.0,34412.0,34412.0,0.68824,VERM,mo,173.0,1458959.0,4308.0,173.0,1458959.0,4308.0,8433.28901734104,24.90173410404624
10735,"Lobule 10 of the cerebellar vermis, granular layer",10Cb-gr,227.0,219.0,97.0,59500.0,968.0,10Cb,,6.0,34746.0,34746.0,0.69492,VERM,gr,209.0,2506692.0,5876.0,209.0,2506692.0,5876.0,11993.741626794259,28.114832535885167
1073,Hemispheric regions,HEM,240.0,241.0,128.0,59600.0,528.0,CBX,,4.0,,1536922.0,30.73844,HEM,HEM,,0.0,0.0,8240.0,89490750.0,229570.0,10860.527912621359,27.860436893203882
1007,Simple lobule,Sim,240.0,241.0,128.0,59700.0,1073.0,HEM,,5.0,,267154.0,5.34308,HEM,Sim,,0.0,0.0,701.0,6209144.0,17666.0,8857.55206847361,25.20114122681883
10674,"Simple lobule, molecular layer",Sim-mo,240.0,241.0,128.0,59800.0,1007.0,Sim,,6.0,172092.0,172092.0,3.44184,HEM,mo,445.0,4376739.0,12058.0,445.0,4376739.0,12058.0,9835.368539325842,27.096629213483148
10672,"Simple lobule, granular layer",Sim-gr,227.0,219.0,97.0,60000.0,1007.0,Sim,,6.0,95062.0,95062.0,1.90124,HEM,gr,256.0,1832405.0,5608.0,256.0,1832405.0,5608.0,7157.83203125,21.90625
1056,Crus 1 of the ansiform lobule,Crus1,240.0,241.0,128.0,60200.0,1073.0,HEM,,5.0,,265348.0,5.30696,HEM,Crus1,,0.0,0.0,1251.0,12272425.0,34654.0,9810.091926458834,27.70103916866507
10677,"Crus 1 of the ansiform lobule, molecular layer",Crus1-mo,240.0,241.0,128.0,60300.0,1056.0,Crus1,,6.0,189680.0,189680.0,3.7936,HEM,mo,988.0,9760199.0,27686.0,988.0,9760199.0,27686.0,9878.743927125506,28.022267206477732
10675,"Crus 1 of the ansiform lobule, granular layer",Crus1-gr,227.0,219.0,97.0,60500.0,1056.0,Crus1,,6.0,75668.0,75668.0,1.51336,HEM,gr,263.0,2512226.0,6968.0,263.0,2512226.0,6968.0,9552.19011406844,26.494296577946766
1064,Crus 2 of the ansiform lobule,Crus2,240.0,241.0,128.0,60600.0,1073.0,HEM,,5.0,,308184.0,6.16368,HEM,Crus2,,0.0,0.0,805.0,9533302.0,23901.0,11842.611180124224,29.690683229813665
10680,"Crus 2 of the ansiform lobule, molecular layer",Crus2-mo,240.0,241.0,128.0,60700.0,1064.0,Crus2,,6.0,220886.0,220886.0,4.41772,HEM,mo,519.0,7061232.0,16959.0,519.0,7061232.0,16959.0,13605.456647398843,32.676300578034684
10678,"Crus 2 of the ansiform lobule, granular layer",Crus2-gr,227.0,219.0,97.0,60900.0,1064.0,Crus2,,6.0,87298.0,87298.0,1.74596,HEM,gr,286.0,2472070.0,6942.0,286.0,2472070.0,6942.0,8643.601398601399,24.272727272727273
1025,Paramedian lobule,PM,240.0,241.0,128.0,61000.0,1073.0,HEM,,5.0,,240934.0,4.81868,HEM,PM,,0.0,0.0,756.0,9278048.0,22608.0,12272.550264550264,29.904761904761905
10683,"Paramedian lobule, molecular layer",PM-mo,240.0,241.0,128.0,61100.0,1025.0,PM,,6.0,165148.0,165148.0,3.30296,HEM,mo,469.0,6762643.0,15453.0,469.0,6762643.0,15453.0,14419.28144989339,32.94882729211088
10681,"Paramedian lobule, granular layer",PM-gr,227.0,219.0,97.0,61300.0,1025.0,PM,,6.0,75786.0,75786.0,1.51572,HEM,gr,287.0,2515405.0,7155.0,287.0,2515405.0,7155.0,8764.477351916375,24.930313588850176
1033,Copula of the pyramis,Cop,240.0,241.0,128.0,61400.0,1073.0,HEM,,5.0,,101466.0,2.02932,HEM,Cop,,0.0,0.0,663.0,7300877.0,19286.0,11011.880844645551,29.088989441930618
10686,"Copula of the pyramis, molecular layer",Cop-mo,240.0,241.0,128.0,61500.0,1033.0,Cop,,6.0,64568.0,64568.0,1.29136,HEM,mo,381.0,4299546.0,11294.0,381.0,4299546.0,11294.0,11284.897637795275,29.64304461942257
10684,"Copula of the pyramis, granular layer",Cop-gr,227.0,219.0,97.0,61700.0,1033.0,Cop,,6.0,36898.0,36898.0,0.73796,HEM,gr,282.0,3001331.0,7992.0,282.0,3001331.0,7992.0,10643.017730496455,28.340425531914892
1041,Paraflocculus,PFl,240.0,241.0,128.0,61800.0,1073.0,HEM,,5.0,,288372.0,5.76744,HEM,PFl,,0.0,0.0,1477.0,15013723.0,39031.0,10165.012186865268,26.425863236289775
10689,"Paraflocculus, molecular layer",PFl-mo,240.0,241.0,128.0,61900.0,1041.0,PFl,,6.0,152646.0,152646.0,3.05292,HEM,mo,988.0,10437066.0,26853.0,988.0,10437066.0,26853.0,10563.831983805669,27.17914979757085
10687,"Paraflocculus, granular layer",PFl-gr,227.0,219.0,97.0,62100.0,1041.0,PFl,,6.0,135726.0,135726.0,2.71452,HEM,gr,489.0,4576657.0,12178.0,489.0,4576657.0,12178.0,9359.216768916156,24.903885480572598
1049,Flocculus,Fl,240.0,241.0,128.0,62200.0,1073.0,HEM,,5.0,,65464.0,1.30928,HEM,Fl,,0.0,0.0,2587.0,29883231.0,72424.0,11551.306919211442,27.9953614224971
10692,"Flocculus, molecular layer",Fl-mo,240.0,241.0,128.0,62300.0,1049.0,Fl,,6.0,35672.0,35672.0,0.71344,HEM,mo,1396.0,15751235.0,38820.0,1396.0,15751235.0,38820.0,11283.119627507163,27.808022922636102
10690,"Flocculus, granular layer",Fl-gr,227.0,219.0,97.0,62500.0,1049.0,Fl,,6.0,29792.0,29792.0,0.59584,HEM,gr,1191.0,14131996.0,33604.0,1191.0,14131996.0,33604.0,11865.655751469354,28.214945424013433
519,Cerebellar nuclei,CBN,240.0,240.0,144.0,62900.0,512.0,CBL,,3.0,,92720.0,1.8544,,CBN,,0.0,0.0,140.0,1500769.0,3896.0,10719.778571428571,27.82857142857143
989,Medial cerebellar nucleus,Med,240.0,240.0,82.0,63000.0,519.0,CBN,,4.0,,25178.0,0.50356,Med,Med,,0.0,0.0,63.0,565193.0,1485.0,8971.317460317461,23.571428571428573
2196,"Medial cerebellar nucleus, leaf",Med_leaf,240.0,240.0,82.0,63000.0,989.0,Med,,5.0,16030.0,16030.0,0.3206,Med,misc,50.0,415738.0,1109.0,50.0,415738.0,1109.0,8314.76,22.18
2244,"Medial cerebellar nucleus, dorsolateral protuberance",MedDL,240.0,240.0,82.0,63010.0,989.0,Med,,5.0,6976.0,6976.0,0.13952,Med,MedDL,11.0,85670.0,248.0,11.0,85670.0,248.0,7788.181818181818,22.545454545454547
2245,"Medial cerebellar nucleus, lateral part",MedL,240.0,240.0,82.0,63020.0,989.0,Med,,5.0,2172.0,2172.0,0.04344,Med,MedL,2.0,63785.0,128.0,2.0,63785.0,128.0,31892.5,64.0
91,Interposed cerebellar nucleus,Int,240.0,240.0,82.0,63100.0,519.0,CBN,,4.0,,46518.0,0.93036,Int,Int,,0.0,0.0,55.0,648385.0,1699.0,11788.818181818182,30.89090909090909
2239,"Interposed cerebellar nucleus, anterior part",IntA,240.0,240.0,82.0,63110.0,91.0,Int,,5.0,19562.0,19562.0,0.39124,Int,IntA,5.0,120041.0,259.0,5.0,120041.0,259.0,24008.2,51.8
2240,"Interposed cerebellar nucleus, dorsolateral hump",IntDL,240.0,240.0,82.0,63120.0,91.0,Int,,5.0,4464.0,4464.0,0.08928,Int,IntDL,3.0,12595.0,36.0,3.0,12595.0,36.0,4198.333333333333,12.0
2241,"Interposed cerebellar nucleus, posterior part",IntP,240.0,240.0,82.0,63130.0,91.0,Int,,5.0,18432.0,18432.0,0.36864,Int,IntP,21.0,231239.0,587.0,21.0,231239.0,587.0,11011.380952380952,27.952380952380953
2242,"Interposed cerebellar nucleus, posterior parvicellular",IntPPC,240.0,240.0,82.0,63140.0,91.0,Int,,5.0,4060.0,4060.0,0.0812,Int,IntPPC,26.0,284510.0,817.0,26.0,284510.0,817.0,10942.692307692309,31.423076923076923
2281,Dentate nucleus ,DN,240.0,240.0,82.0,63200.0,519.0,CBN,,4.0,,21024.0,0.42048,DN,DN,,0.0,0.0,22.0,287191.0,712.0,13054.136363636364,32.36363636363637
846,Lateral (dentate) cerebellar nucleus,Lat,240.0,240.0,82.0,63210.0,2281.0,DN,,5.0,18326.0,18326.0,0.36652,DN,Lat,12.0,162332.0,360.0,12.0,162332.0,360.0,13527.666666666666,30.0
2247,"Lateral cerebellar nucleus, parvicellular part",LatPC,240.0,240.0,82.0,63220.0,2281.0,DN,,5.0,2698.0,2698.0,0.05396,DN,LatPC,10.0,124859.0,352.0,10.0,124859.0,352.0,12485.9,35.2
343,Brain stem,BS,144.0,96.0,128.0,63300.0,8.0,grey,,2.0,,5635768.0,112.71536,,BS,,0.0,0.0,81439.0,1106177693.0,2902762.0,13582.89877085917,35.643389530814474
1129,Interbrain,IB,255.0,95.0,95.0,63400.0,343.0,BS,,3.0,,1827428.0,36.54856,,IB,,0.0,0.0,38990.0,531294766.0,1407118.0,13626.436676070787,36.08920235957938
549,Thalamus,TH,255.0,112.0,128.0,63500.0,1129.0,IB,,4.0,,1034512.0,20.69024,TH,TH,,0.0,0.0,21735.0,265203882.0,725794.0,12201.696894409937,33.39286864504256
1378,"Thalamus, leaf",TH_leaf,255.0,112.0,128.0,63500.0,549.0,TH,,5.0,850.0,850.0,0.017,TH,misc,29.0,437590.0,1268.0,29.0,437590.0,1268.0,15089.310344827587,43.724137931034484
2414,Periventricular gray ,PVG,255.0,112.0,128.0,63510.0,549.0,TH,,5.0,15074.0,15074.0,0.30148,TH,PVG,227.0,2138045.0,6435.0,227.0,2138045.0,6435.0,9418.700440528635,28.348017621145374
864,"Thalamus, sensory-motor cortex related",DORsm,255.0,128.0,176.0,63600.0,549.0,TH,,5.0,,357508.0,7.15016,TH,DORsm,,0.0,0.0,5993.0,86716886.0,232000.0,14469.695644919073,38.71183046888036
2115,Ethmoid thalamic nucleus,Eth,255.0,131.0,130.0,63610.0,864.0,DORsm,,6.0,4078.0,4078.0,0.08156,TH,Eth,67.0,665568.0,1912.0,67.0,665568.0,1912.0,9933.850746268658,28.53731343283582
2116,Retroethmoid nucleus,REth,255.0,131.0,130.0,63620.0,864.0,DORsm,,6.0,2536.0,2536.0,0.05072,TH,REth,51.0,625103.0,1647.0,51.0,625103.0,1647.0,12256.921568627451,32.294117647058826
2117,Scaphoid thalamic nucleus,Sc,255.0,131.0,130.0,63630.0,864.0,DORsm,,6.0,404.0,404.0,0.00808,TH,Sc,14.0,78991.0,245.0,14.0,78991.0,245.0,5642.214285714285,17.5
2120,Posterior intralaminar thalamic nucleus,PIL,255.0,108.0,144.0,63640.0,864.0,DORsm,,6.0,6248.0,6248.0,0.12496,TH,PIL,228.0,3972271.0,9891.0,228.0,3972271.0,9891.0,17422.241228070176,43.38157894736842
637,Ventral group thalamic nucleus,VENT,255.0,108.0,160.0,63700.0,864.0,DORsm,,6.0,,253340.0,5.0668,TH,VENT,,0.0,0.0,3262.0,48429096.0,132781.0,14846.442673206622,40.70539546290619
629,Ventrolateral thalamic nucleus,VL,255.0,108.0,161.0,63800.0,637.0,VENT,,7.0,55346.0,55346.0,1.10692,TH,VL,782.0,8661902.0,25342.0,782.0,8661902.0,25342.0,11076.601023017904,32.406649616368284
2316,Ventral anterior thalamic nucleus,VA,255.0,108.0,161.0,63810.0,637.0,VENT,,7.0,10374.0,10374.0,0.20748,TH,VA,241.0,3145458.0,9194.0,241.0,3145458.0,9194.0,13051.69294605809,38.149377593360995
685,Ventromedial thalamic nucleus,VM,255.0,108.0,162.0,63900.0,637.0,VENT,,7.0,46512.0,46512.0,0.93024,TH,VM,633.0,8743987.0,24716.0,633.0,8743987.0,24716.0,13813.565560821486,39.04581358609795
709,Ventral posterior thalamic nucleus,VP,255.0,108.0,144.0,64000.0,637.0,VENT,,7.0,,141108.0,2.82216,TH,VP,,0.0,0.0,1606.0,27877749.0,73529.0,17358.49875466999,45.783935242839355
718,Ventral posterolateral thalamic nucleus,VPL,255.0,108.0,145.0,64100.0,709.0,VP,,8.0,33916.0,33916.0,0.67832,TH,L,517.0,9203248.0,23700.0,517.0,9203248.0,23700.0,17801.253384912958,45.84139264990329
2515,"Ventral posteromedial thalamic nucleus, leaf",VPM_leaf,255.0,108.0,147.0,64200.0,733.0,VPM,,9.0,56248.0,56248.0,1.12496,TH,misc,574.0,9935394.0,26623.0,574.0,9935394.0,26623.0,17309.048780487807,46.3815331010453
733,Ventral posteromedial thalamic nucleus,VPM,255.0,108.0,147.0,64200.0,709.0,VP,,8.0,,95230.0,1.9046,TH,M,,0.0,0.0,915.0,16683286.0,44157.0,18233.099453551913,48.25901639344262
2362,"Ventral posteromedial nucleus of the thalamus, dorsal part",VPMd,255.0,108.0,147.0,64210.0,733.0,VPM,,9.0,20988.0,20988.0,0.41976,TH,d,264.0,5274057.0,13649.0,264.0,5274057.0,13649.0,19977.488636363636,51.70075757575758
2363,"Ventral posteromedial nucleus of the thalamus, ventral part",VPMv,255.0,108.0,147.0,64220.0,733.0,VPM,,9.0,17994.0,17994.0,0.35988,TH,v,77.0,1473835.0,3885.0,77.0,1473835.0,3885.0,19140.714285714286,50.45454545454545
2361,"Ventral posterior nucleus of the thalamus, parvicellular",VPPC,255.0,108.0,147.0,64230.0,709.0,VP,,8.0,11962.0,11962.0,0.23924,TH,PC,174.0,1991215.0,5672.0,174.0,1991215.0,5672.0,11443.764367816091,32.59770114942529
420,"Subparafascicular thalamic nucleus, leaf",SPF_leaf,255.0,112.0,165.0,64500.0,406.0,SPF,,7.0,2000.0,2000.0,0.04,TH,misc,39.0,343863.0,1067.0,39.0,343863.0,1067.0,8817.0,27.358974358974358
406,Subparafascicular thalamic nucleus,SPF,255.0,112.0,165.0,64500.0,864.0,DORsm,,6.0,,4122.0,0.08244,TH,SPF,,0.0,0.0,74.0,766295.0,2242.0,10355.337837837838,30.2972972972973
422,"Subparafascicular thalamic nucleus, parvicellular part",SPFPC,255.0,110.0,165.0,64700.0,406.0,SPF,,7.0,2122.0,2122.0,0.04244,TH,SPFPC,35.0,422432.0,1175.0,35.0,422432.0,1175.0,12069.485714285714,33.57142857142857
1044,Peripeduncular nucleus,PP,255.0,112.0,163.0,64900.0,864.0,DORsm,,6.0,4780.0,4780.0,0.0956,TH,PP,102.0,1844614.0,4555.0,102.0,1844614.0,4555.0,18084.450980392157,44.65686274509804
2158,Subbrachial nucleus,SubB,255.0,112.0,160.0,64910.0,864.0,DORsm,,6.0,14066.0,14066.0,0.28132,TH,SubB,180.0,3136853.0,7796.0,180.0,3136853.0,7796.0,17426.96111111111,43.31111111111111
1008,Geniculate group of the thalamus,GENd,255.0,112.0,160.0,65000.0,864.0,DORsm,,6.0,,67934.0,1.35868,TH,GENd,,0.0,0.0,2015.0,27198095.0,70931.0,13497.813895781637,35.2014888337469
1341,"Medial geniculate nucleus, leaf",MG_leaf,255.0,112.0,162.0,65100.0,475.0,MG,,8.0,1678.0,1678.0,0.03356,TH,misc,7.0,65389.0,209.0,7.0,65389.0,209.0,9341.285714285714,29.857142857142858
475,Medial geniculate nucleus,MG,255.0,112.0,162.0,65100.0,1008.0,GENd,,7.0,,31066.0,0.62132,TH,MG,,0.0,0.0,540.0,6834150.0,18257.0,12655.833333333334,33.80925925925926
1072,"Medial geniculate nucleus, dorsal part",MGD,255.0,112.0,162.0,65200.0,475.0,MG,,8.0,4958.0,4958.0,0.09916,TH,D,93.0,1181204.0,3302.0,93.0,1181204.0,3302.0,12701.118279569893,35.505376344086024
1079,"Medial geniculate nucleus, ventral part",MGV,255.0,112.0,162.0,65300.0,475.0,MG,,8.0,15732.0,15732.0,0.31464,TH,V,238.0,2644132.0,6959.0,238.0,2644132.0,6959.0,11109.79831932773,29.23949579831933
1088,"Medial geniculate nucleus, medial part",MGM,255.0,112.0,162.0,65400.0,475.0,MG,,8.0,2986.0,2986.0,0.05972,TH,M,103.0,1514944.0,4037.0,103.0,1514944.0,4037.0,14708.194174757282,39.19417475728155
2126,Marginal zone of the medial geniculate,MZMG,255.0,112.0,162.0,65410.0,475.0,MG,,8.0,5712.0,5712.0,0.11424,TH,MG,99.0,1428481.0,3750.0,99.0,1428481.0,3750.0,14429.10101010101,37.878787878787875
170,Dorsal lateral geniculate nucleus,DLG,255.0,112.0,161.0,65500.0,1008.0,GENd,,7.0,36868.0,36868.0,0.73736,TH,DLG,1475.0,20363945.0,52674.0,1475.0,20363945.0,52674.0,13806.06440677966,35.71118644067796
856,"Thalamus, polymodal association cortex related",DORpm,255.0,136.0,176.0,65600.0,549.0,TH,,5.0,,661080.0,13.2216,TH,DORpm,,0.0,0.0,15486.0,175911361.0,486091.0,11359.380149812734,31.389061087433813
138,Lateral group of the dorsal thalamus,LAT,255.0,130.0,130.0,65700.0,856.0,DORpm,,6.0,,154236.0,3.08472,TH,LAT,,0.0,0.0,2597.0,31546705.0,86244.0,12147.364266461302,33.20908740854833
218,Lateral posterior thalamic nucleus,LP,255.0,135.0,130.0,65800.0,138.0,LAT,,7.0,,53846.0,1.07692,TH,LP,,0.0,0.0,1024.0,10749384.0,30304.0,10497.4453125,29.59375
2069,"Lateral posterior thalamic nucleus, mediorostral part",LPMR,255.0,135.0,130.0,65810.0,218.0,LP,,8.0,29720.0,29720.0,0.5944,TH,MR,757.0,7906509.0,22444.0,757.0,7906509.0,22444.0,10444.529722589168,29.64861294583884
2070,"Lateral posterior thalamic nucleus, mediocaudal part",LPMC,255.0,135.0,130.0,65820.0,218.0,LP,,8.0,3642.0,3642.0,0.07284,TH,MC,36.0,449129.0,1186.0,36.0,449129.0,1186.0,12475.805555555555,32.94444444444444
2071,"Lateral posterior thalamic nucleus, laterorostral part",LPLR,255.0,135.0,130.0,65830.0,218.0,LP,,8.0,19124.0,19124.0,0.38248,TH,LR,222.0,2278506.0,6354.0,222.0,2278506.0,6354.0,10263.54054054054,28.62162162162162
2127,"Lateral posterior thalamic nucleus, laterocaudal part",LPLC,255.0,135.0,130.0,65840.0,218.0,LP,,8.0,1360.0,1360.0,0.0272,TH,LC,9.0,115240.0,320.0,9.0,115240.0,320.0,12804.444444444445,35.55555555555556
2094,Intramedullary thalamic area,IMA,255.0,135.0,130.0,65850.0,138.0,LAT,,7.0,1948.0,1948.0,0.03896,TH,IMA,24.0,243566.0,680.0,24.0,243566.0,680.0,10148.583333333334,28.333333333333332
1969,"Posterior thalamic nuclear group, leaf",Po_leaf,255.0,134.0,130.0,65900.0,1020.0,Po,,8.0,81990.0,81990.0,1.6398,TH,misc,905.0,11991474.0,32346.0,905.0,11991474.0,32346.0,13250.247513812155,35.741436464088395
1020,Posterior thalamic nuclear group,Po,255.0,134.0,130.0,65900.0,138.0,LAT,,7.0,,94406.0,1.88812,TH,Po,,0.0,0.0,1382.0,18693684.0,50113.0,13526.544138929088,36.26121562952243
2055,Angular thalamic nucleus,Ang,255.0,134.0,130.0,65910.0,1020.0,Po,,8.0,2580.0,2580.0,0.0516,TH,Ang,64.0,707260.0,2009.0,64.0,707260.0,2009.0,11050.9375,31.390625
2128,"Posterior thalamic nuclear group, triangular part",PoT,255.0,134.0,130.0,65920.0,1020.0,Po,,8.0,9836.0,9836.0,0.19672,TH,PoT,413.0,5994950.0,15758.0,413.0,5994950.0,15758.0,14515.617433414043,38.15496368038741
1029,Posterior limitans thalamic nucleus,PLi,255.0,133.0,130.0,66000.0,138.0,LAT,,7.0,1628.0,1628.0,0.03256,TH,PLi,68.0,734316.0,2074.0,68.0,734316.0,2074.0,10798.764705882353,30.5
325,Suprageniculate thalamic nucleus,SG,255.0,131.0,130.0,66100.0,138.0,LAT,,7.0,2408.0,2408.0,0.04816,TH,SG,99.0,1125755.0,3073.0,99.0,1125755.0,3073.0,11371.262626262625,31.04040404040404
239,Anterior group of the dorsal thalamus,ATN,255.0,136.0,136.0,66200.0,856.0,DORpm,,6.0,,113590.0,2.2718,TH,ATN,,0.0,0.0,2564.0,23637247.0,68890.0,9218.895085803431,26.86817472698908
1960,"Anteroventral thalamic nucleus, leaf",AV_leaf,255.0,136.0,133.0,66300.0,255.0,AV,,8.0,9728.0,9728.0,0.19456,TH,misc,512.0,6044344.0,15736.0,512.0,6044344.0,15736.0,11805.359375,30.734375
255,Anteroventral thalamic nucleus,AV,255.0,136.0,133.0,66300.0,239.0,ATN,,7.0,,21698.0,0.43396,TH,AV,,0.0,0.0,806.0,8307967.0,22765.0,10307.651364764268,28.244416873449133
2035,"Anteroventral thalamic nucleus, ventrolateral part",AVVL,255.0,136.0,133.0,66310.0,255.0,AV,,8.0,7172.0,7172.0,0.14344,TH,VL,184.0,1164568.0,3703.0,184.0,1164568.0,3703.0,6329.173913043478,20.125
2036,"Anterovent thalamic nucleus, dorsomedial part",AVDM,255.0,136.0,133.0,66320.0,255.0,AV,,8.0,4798.0,4798.0,0.09596,TH,DM,110.0,1099055.0,3326.0,110.0,1099055.0,3326.0,9991.40909090909,30.236363636363638
1096,Anteromedial thalamic nucleus,AM,255.0,136.0,134.0,66400.0,239.0,ATN,,7.0,,23324.0,0.46648,TH,AM,,0.0,0.0,840.0,6876924.0,21439.0,8186.814285714286,25.52261904761905
1124,"Anteromedial thalamic nucleus, leaf",AM_leaf,255.0,136.0,134.0,66400.0,1096.0,AM,,8.0,22044.0,22044.0,0.44088,TH,misc,802.0,6421567.0,20042.0,802.0,6421567.0,20042.0,8006.941396508728,24.99002493765586
1104,"Anteromedial thalamic nucleus, ventral part",AMV,255.0,136.0,134.0,66600.0,1096.0,AM,,8.0,1280.0,1280.0,0.0256,TH,V,38.0,455357.0,1397.0,38.0,455357.0,1397.0,11983.078947368422,36.76315789473684
64,Anterodorsal thalamic nucleus,AD,255.0,136.0,135.0,66700.0,239.0,ATN,,7.0,9882.0,9882.0,0.19764,TH,AD,158.0,2242321.0,6150.0,158.0,2242321.0,6150.0,14191.905063291139,38.924050632911396
1120,Interanteromedial thalamic nucleus,IAM,255.0,136.0,129.0,66800.0,239.0,ATN,,7.0,4290.0,4290.0,0.0858,TH,IAM,104.0,573779.0,1910.0,104.0,573779.0,1910.0,5517.1057692307695,18.365384615384617
1113,Interanterodorsal thalamic nucleus,IAD,255.0,144.0,159.0,66900.0,239.0,ATN,,7.0,4888.0,4888.0,0.09776,TH,IAD,306.0,2072300.0,6616.0,306.0,2072300.0,6616.0,6772.222222222223,21.62091503267974
2282,Lateral dorsal nucleus of thalamus,LD,255.0,136.0,128.0,67000.0,239.0,ATN,,7.0,,49508.0,0.99016,TH,LD,,0.0,0.0,350.0,3563956.0,10010.0,10182.73142857143,28.6
155,"Laterodorsal thalamic nucleus, ventrolateral part",LDVL,255.0,136.0,128.0,67010.0,2282.0,LD,,8.0,30004.0,30004.0,0.60008,TH,VL,170.0,1653953.0,4649.0,170.0,1653953.0,4649.0,9729.135294117646,27.347058823529412
2046,"Laterodorsal thalamic nucleus, dorsomedial part",LDDM,255.0,136.0,128.0,67020.0,2282.0,LD,,8.0,19504.0,19504.0,0.39008,TH,DM,180.0,1910003.0,5361.0,180.0,1910003.0,5361.0,10611.127777777778,29.783333333333335
444,Medial group of the dorsal thalamus,MED,255.0,144.0,176.0,67100.0,856.0,DORpm,,6.0,,79386.0,1.58772,TH,MED,,0.0,0.0,1587.0,14747132.0,44342.0,9292.45872715816,27.940768746061753
59,Intermediodorsal thalamic nucleus,IMD,255.0,144.0,164.0,67200.0,444.0,MED,,7.0,5482.0,5482.0,0.10964,TH,IMD,83.0,824890.0,2356.0,83.0,824890.0,2356.0,9938.43373493976,28.3855421686747
2091,Posteromedian thalamic nucleus,PoMn,255.0,144.0,164.0,67210.0,444.0,MED,,7.0,1140.0,1140.0,0.0228,TH,PoMn,29.0,206991.0,665.0,29.0,206991.0,665.0,7137.620689655172,22.93103448275862
362,Mediodorsal thalamic nucleus,MD,255.0,144.0,163.0,67300.0,444.0,MED,,7.0,,57842.0,1.15684,TH,MD,,0.0,0.0,1337.0,12128531.0,36780.0,9071.451757666417,27.509349289454
641,"Mediodorsal thalamic nucleus, leaf",MD_leaf,255.0,144.0,163.0,67300.0,362.0,MD,,8.0,7722.0,7722.0,0.15444,TH,misc,255.0,3026495.0,8678.0,255.0,3026495.0,8678.0,11868.607843137255,34.03137254901961
617,"Mediodorsal thalamic nucleus, central part",MDC,255.0,144.0,163.0,67400.0,362.0,MD,,8.0,9784.0,9784.0,0.19568,TH,C,194.0,1539871.0,4887.0,194.0,1539871.0,4887.0,7937.479381443299,25.190721649484537
626,"Mediodorsal thalamic nucleus, lateral part ",MDL,255.0,144.0,163.0,67500.0,362.0,MD,,8.0,17184.0,17184.0,0.34368,TH,L,523.0,4395161.0,13653.0,523.0,4395161.0,13653.0,8403.749521988528,26.105162523900574
636,"Mediodorsal thalamic nucleus, medial part",MDM,255.0,144.0,163.0,67600.0,362.0,MD,,8.0,23152.0,23152.0,0.46304,TH,M,365.0,3167004.0,9562.0,365.0,3167004.0,9562.0,8676.723287671233,26.197260273972603
366,Submedius thalamic nucleus,Sub,255.0,144.0,161.0,67700.0,444.0,MED,,7.0,,14922.0,0.29844,TH,Sub,,0.0,0.0,138.0,1586720.0,4541.0,11497.971014492754,32.905797101449274
2514,"Submedius thalamic nucleus, leaf",Sub_leaf,255.0,144.0,161.0,67700.0,366.0,Sub,,8.0,3290.0,3290.0,0.0658,TH,misc,52.0,522766.0,1488.0,52.0,522766.0,1488.0,10053.192307692309,28.615384615384617
2377,"Submedius thalamic nucleus, dorsal part",SubD,255.0,144.0,161.0,67710.0,366.0,Sub,,8.0,4422.0,4422.0,0.08844,TH,D,18.0,184266.0,553.0,18.0,184266.0,553.0,10237.0,30.72222222222222
2378,"Submedius thalamic nucleus, ventral part",SubV,255.0,144.0,161.0,67720.0,366.0,Sub,,8.0,7210.0,7210.0,0.1442,TH,V,68.0,879688.0,2500.0,68.0,879688.0,2500.0,12936.588235294117,36.76470588235294
571,Midline group of the dorsal thalamus,MTN,255.0,134.0,134.0,67900.0,856.0,DORpm,,6.0,,72766.0,1.45532,TH,MTN,,0.0,0.0,3251.0,40135627.0,112257.0,12345.625038449707,34.529990772070136
884,"Midline group of the dorsal thalamus, leaf",MTN_leaf,255.0,134.0,134.0,67900.0,571.0,MTN,,7.0,1796.0,1796.0,0.03592,TH,misc,49.0,460401.0,1473.0,49.0,460401.0,1473.0,9395.938775510203,30.06122448979592
149,Paraventricular nucleus of the thalamus,PVT,255.0,133.0,133.0,68000.0,571.0,MTN,,7.0,,23238.0,0.46476,TH,PVT,,0.0,0.0,1954.0,27590413.0,73873.0,14119.96571136131,37.80603889457523
3001,"Paraventricular thalamic nucleus, anterior part",PVA,255.0,133.0,133.0,68010.0,149.0,PVT,,8.0,11120.0,11120.0,0.2224,TH,PVA,1050.0,14469943.0,39705.0,1050.0,14469943.0,39705.0,13780.898095238095,37.81428571428572
2089,"Paraventricular thalamic nucleus, intermediate part",PV,255.0,133.0,133.0,68020.0,149.0,PVT,,8.0,7846.0,7846.0,0.15692,TH,PV,756.0,11201485.0,29039.0,756.0,11201485.0,29039.0,14816.7791005291,38.41137566137566
2090,"Paraventricular thalamic nucleus, posterior part",PVP,255.0,133.0,133.0,68030.0,149.0,PVT,,8.0,4272.0,4272.0,0.08544,TH,PVP,148.0,1918985.0,5129.0,148.0,1918985.0,5129.0,12966.114864864865,34.6554054054054
15,Parataenial thalamic nucleus,PT,255.0,133.0,134.0,68100.0,571.0,MTN,,7.0,7216.0,7216.0,0.14432,TH,PT,359.0,3649766.0,10923.0,359.0,3649766.0,10923.0,10166.479108635098,30.426183844011142
2038,Xiphoid thalamic nucleus,Xi,255.0,133.0,134.0,68110.0,571.0,MTN,,7.0,,9736.0,0.19472,TH,Xi,,0.0,0.0,297.0,3001331.0,8979.0,10105.491582491582,30.232323232323232
1970,"Xiphoid thalamic nucleus, leaf",Xi_leaf,255.0,133.0,134.0,68110.0,2038.0,Xi,,8.0,2218.0,2218.0,0.04436,TH,misc,53.0,396696.0,1216.0,53.0,396696.0,1216.0,7484.830188679245,22.943396226415093
2039,Paraxiphoid nucleus of thalamus,PaXi,255.0,133.0,134.0,68120.0,2038.0,Xi,,8.0,7518.0,7518.0,0.15036,TH,PaXi,244.0,2604635.0,7763.0,244.0,2604635.0,7763.0,10674.733606557376,31.815573770491802
2032,Accessory neuosecretory nuclei,ANS,255.0,133.0,134.0,68130.0,571.0,MTN,,7.0,926.0,926.0,0.01852,TH,ANS,9.0,83171.0,258.0,9.0,83171.0,258.0,9241.222222222223,28.666666666666668
181,Reuniens area,RE,255.0,133.0,132.0,68200.0,571.0,MTN,,7.0,,29854.0,0.59708,TH,RE,,0.0,0.0,583.0,5350545.0,16751.0,9177.607204116639,28.732418524871356
2092,Reuniens thalamic nucleus,Re,255.0,133.0,132.0,68210.0,181.0,RE,,8.0,18620.0,18620.0,0.3724,TH,Re,296.0,2546683.0,8155.0,296.0,2546683.0,8155.0,8603.658783783783,27.550675675675677
2093,Retrouniens area,RRe,255.0,133.0,132.0,68220.0,181.0,RE,,8.0,4284.0,4284.0,0.08568,TH,RRe,93.0,777288.0,2462.0,93.0,777288.0,2462.0,8357.935483870968,26.473118279569892
2037,Ventral reuniens thalamic nucleus,VRe ,255.0,133.0,132.0,68230.0,181.0,RE,,8.0,6950.0,6950.0,0.139,TH,VRe ,194.0,2026574.0,6134.0,194.0,2026574.0,6134.0,10446.257731958764,31.61855670103093
51,Intralaminar nuclei of the dorsal thalamus,ILM,255.0,136.0,132.0,68300.0,856.0,DORpm,,6.0,,103332.0,2.06664,TH,ILM,,0.0,0.0,2712.0,24974672.0,74433.0,9208.949852507374,27.44579646017699
189,Rhomboid thalamic nucleus,Rh,255.0,128.0,132.0,68400.0,51.0,ILM,,7.0,7488.0,7488.0,0.14976,TH,Rh,140.0,933486.0,2949.0,140.0,933486.0,2949.0,6667.757142857143,21.064285714285713
599,Central medial thalamic nucleus,CM,255.0,134.0,132.0,68500.0,51.0,ILM,,7.0,23648.0,23648.0,0.47296,TH,CM,463.0,3130744.0,10118.0,463.0,3130744.0,10118.0,6761.866090712743,21.853131749460044
1967,"Paracentral thalamic nucleus, leaf",PC_leaf,255.0,132.0,132.0,68600.0,907.0,PC,,8.0,24426.0,24426.0,0.48852,TH,misc,709.0,7301711.0,21372.0,709.0,7301711.0,21372.0,10298.605077574048,30.143864598025388
907,Paracentral thalamic nucleus,PC,255.0,132.0,132.0,68600.0,51.0,ILM,,7.0,,27682.0,0.55364,TH,PC,,0.0,0.0,716.0,7411257.0,21678.0,10350.917597765363,30.276536312849164
2064,Oval paracentral thalamic nucleus,OPC,255.0,132.0,132.0,68610.0,907.0,PC,,8.0,3256.0,3256.0,0.06512,TH,OPC,7.0,109546.0,306.0,7.0,109546.0,306.0,15649.42857142857,43.714285714285715
575,Centrolateral thalamic nucleus,CL,255.0,135.0,132.0,68700.0,51.0,ILM,,7.0,16350.0,16350.0,0.327,TH,CL,974.0,8706225.0,25988.0,974.0,8706225.0,25988.0,8938.629363449692,26.681724845995895
930,Parafascicular thalamic nucleus,PaF,255.0,130.0,132.0,68800.0,51.0,ILM,,7.0,28164.0,28164.0,0.56328,TH,PaF,419.0,4792960.0,13700.0,419.0,4792960.0,13700.0,11439.045346062052,32.69689737470167
262,Reticular nucleus (prethalamus),Rt,255.0,128.0,128.0,68900.0,856.0,DORpm,,6.0,79596.0,79596.0,1.59192,TH,Rt,667.0,8910605.0,23416.0,667.0,8910605.0,23416.0,13359.227886056971,35.1064467766117
1014,"Geniculate group, ventral thalamus",GENv,255.0,135.0,133.0,69000.0,856.0,DORpm,,6.0,,25608.0,0.51216,TH,GENv,,0.0,0.0,1828.0,29109078.0,67973.0,15924.003282275711,37.18435448577681
27,Intergeniculate childlet,IGL,255.0,135.0,134.0,69100.0,1014.0,GENv,,7.0,3346.0,3346.0,0.06692,TH,IGL,222.0,3345735.0,8207.0,222.0,3345735.0,8207.0,15070.878378378378,36.968468468468465
1968,"Pregeniculate nucleus of the prethalamus, leaf",PrG_leaf,255.0,135.0,135.0,69200.0,178.0,PrG,,8.0,2162.0,2162.0,0.04324,TH,misc,79.0,1178410.0,2898.0,79.0,1178410.0,2898.0,14916.582278481013,36.68354430379747
178,Pregeniculate nucleus of the prethalamus,PrG,255.0,135.0,135.0,69200.0,1014.0,GENv,,7.0,,19980.0,0.3996,TH,PrG,,0.0,0.0,1593.0,25628972.0,59383.0,16088.494664155682,37.27746390458255
2072,"Pregeniculate nucleus, magnocellular part",PrGMC,255.0,135.0,135.0,69210.0,178.0,PrG,,8.0,11072.0,11072.0,0.22144,TH,MC,1301.0,21303943.0,48512.0,1301.0,21303943.0,48512.0,16375.05226748655,37.28823981552652
2073,"Pregeniculate nucleus, parvicellular part",PrGPC,255.0,135.0,135.0,69220.0,178.0,PrG,,8.0,6746.0,6746.0,0.13492,TH,PC,213.0,3146619.0,7973.0,213.0,3146619.0,7973.0,14772.859154929578,37.431924882629104
321,Subgeniculate nucleus of the prethalamus,SubG,255.0,135.0,133.0,69500.0,1014.0,GENv,,7.0,2282.0,2282.0,0.04564,TH,SubG,13.0,134371.0,383.0,13.0,134371.0,383.0,10336.23076923077,29.46153846153846
958,Epithalamus,EPI,255.0,136.0,144.0,69600.0,856.0,DORpm,,6.0,,32566.0,0.65132,TH,EPI,,0.0,0.0,280.0,2850295.0,8536.0,10179.625,30.485714285714284
483,Medial habenular nucleus,MHb,255.0,134.0,144.0,69700.0,958.0,EPI,,7.0,12494.0,12494.0,0.24988,TH,MHb,46.0,558479.0,1635.0,46.0,558479.0,1635.0,12140.847826086956,35.54347826086956
1961,"Lateral habenular nucleus, leaf",LHb_leaf,255.0,135.0,144.0,69800.0,186.0,LHb,,8.0,9684.0,9684.0,0.19368,TH,misc,106.0,948136.0,2954.0,106.0,948136.0,2954.0,8944.67924528302,27.867924528301888
186,Lateral habenular nucleus,LHb,255.0,135.0,144.0,69800.0,958.0,EPI,,7.0,,20072.0,0.40144,TH,LHb,,0.0,0.0,234.0,2291816.0,6901.0,9794.08547008547,29.49145299145299
2058,"Lateral habenular nucleus, medial part",LHbM,255.0,135.0,144.0,69810.0,186.0,LHb,,8.0,3780.0,3780.0,0.0756,TH,M,17.0,152736.0,488.0,17.0,152736.0,488.0,8984.470588235294,28.705882352941178
2059,"Lateral habenular nucleus, lateral part",LHbL,255.0,135.0,144.0,69820.0,186.0,LHb,,8.0,6608.0,6608.0,0.13216,TH,L,111.0,1190944.0,3459.0,111.0,1190944.0,3459.0,10729.225225225226,31.16216216216216
953,Pineal gland,Pi,255.0,132.0,144.0,69900.0,958.0,EPI,,7.0,,0.0,0.0,TH,Pi,,0.0,0.0,0.0,0.0,0.0,,
1097,Hypothalamus,HY,255.0,105.0,110.0,70000.0,1129.0,IB,,4.0,,792916.0,15.85832,HY,HY,,0.0,0.0,17255.0,266090884.0,681324.0,15421.088611996523,39.485598377281946
157,Periventricular zone,PVZ,255.0,76.0,80.0,70100.0,1097.0,HY,,5.0,,26240.0,0.5248,HY,PVZ,,0.0,0.0,1660.0,32211931.0,72652.0,19404.777710843373,43.76626506024096
1985,"Supraoptic nucleus, leaf",SO_leaf,255.0,76.0,60.0,70200.0,390.0,SO,,7.0,1774.0,1774.0,0.03548,HY,misc,51.0,1223083.0,2960.0,51.0,1223083.0,2960.0,23982.019607843136,58.03921568627451
390,Supraoptic nucleus,SO,255.0,76.0,60.0,70200.0,157.0,PVZ,,6.0,,4014.0,0.08028,HY,SO,,0.0,0.0,114.0,2710799.0,6588.0,23778.93859649123,57.78947368421053
2051,"Supraoptic nucleus, retrochiasmatic part",SOR,255.0,76.0,60.0,70210.0,390.0,SO,,7.0,946.0,946.0,0.01892,HY,SOR,44.0,1200114.0,2778.0,44.0,1200114.0,2778.0,27275.31818181818,63.13636363636363
2034,Episupraoptic nucleus,ESO,255.0,76.0,60.0,70220.0,390.0,SO,,7.0,1294.0,1294.0,0.02588,HY,ESO,19.0,287602.0,850.0,19.0,287602.0,850.0,15136.947368421053,44.73684210526316
332,Accessory supraoptic group,ASO,255.0,76.0,62.0,70300.0,157.0,PVZ,,6.0,,210.0,0.0042,HY,ASO,,0.0,0.0,2.0,18845.0,62.0,9422.5,31.0
432,Circulur nucleus,Cir,255.0,76.0,62.0,70400.0,332.0,ASO,,7.0,210.0,210.0,0.0042,HY,Cir,2.0,18845.0,62.0,2.0,18845.0,62.0,9422.5,31.0
38,"Paraventricular hypothalamic nucleus, anterior part",PVH,255.0,76.0,77.0,70500.0,157.0,PVZ,,6.0,,8704.0,0.17408,HY,PVH,,0.0,0.0,637.0,9620550.0,24746.0,15102.904238618525,38.84772370486656
71,"Paraventricular hypothalamic nucleus, magnocellular division",PVHm,255.0,76.0,76.0,70600.0,38.0,PVH,,7.0,,4304.0,0.08608,HY,m,,0.0,0.0,421.0,6383228.0,16197.0,15162.061757719715,38.472684085510686
79,"Paraventricular hypothalamic nucleus, medial magnocellular part",PaMM,255.0,76.0,74.0,70800.0,71.0,PVHm,,8.0,380.0,380.0,0.0076,HY,PaMM,60.0,1113517.0,2742.0,60.0,1113517.0,2742.0,18558.616666666665,45.7
652,"Paraventricular hypothalamic nucleus, lateral magnocellular part",PaLM,255.0,76.0,73.0,71000.0,71.0,PVHm,,8.0,1666.0,1666.0,0.03332,HY,PaLM,295.0,4646279.0,11496.0,295.0,4646279.0,11496.0,15750.098305084746,38.96949152542373
660,"Paraventricular hypothalamic nucleus, posterior part",PaPo,255.0,76.0,73.0,71100.0,71.0,PVHm,,8.0,2258.0,2258.0,0.04516,HY,PaPo,66.0,623432.0,1959.0,66.0,623432.0,1959.0,9445.939393939394,29.681818181818183
94,"Paraventricular hypothalamic nucleus, parvicellular division",PVAp,255.0,76.0,72.0,71200.0,38.0,PVH,,7.0,,4400.0,0.088,HY,p,,0.0,0.0,216.0,3237322.0,8549.0,14987.601851851852,39.5787037037037
55,"Paraventricular hypothalamic nucleus, anterior parivcellular part",PaAP,255.0,76.0,69.0,71300.0,94.0,PVAp,,8.0,,2534.0,0.05068,HY,PaAP,,0.0,0.0,72.0,1020126.0,2945.0,14168.416666666666,40.90277777777778
1959,"Paraventricular hypothalamic nucleus, anterior parivcellular part, leaf",PaAP_leaf,255.0,76.0,69.0,71300.0,55.0,PaAP,,9.0,2290.0,2290.0,0.0458,HY,misc,70.0,992624.0,2861.0,70.0,992624.0,2861.0,14180.342857142858,40.871428571428574
2026,Anterior perifornical nucleus,APF,255.0,76.0,69.0,71310.0,55.0,PaAP,,9.0,244.0,244.0,0.00488,HY,APF,2.0,27502.0,84.0,2.0,27502.0,84.0,13751.0,42.0
87,"Paraventricular hypothalamic nucleus, medial parvicellular part",PaMP,255.0,76.0,71.0,71400.0,94.0,PVAp,,8.0,1866.0,1866.0,0.03732,HY,PaMP,144.0,2217196.0,5604.0,144.0,2217196.0,5604.0,15397.194444444445,38.916666666666664
30,"Paraventricular hypothalamic nucleus, ventral part",PaV,255.0,76.0,78.0,71600.0,157.0,PVZ,,6.0,1510.0,1510.0,0.0302,HY,PaV,87.0,1058127.0,2910.0,87.0,1058127.0,2910.0,12162.379310344828,33.44827586206897
223,Arcuate hypothalamic nucleus,Arc,255.0,76.0,79.0,71800.0,157.0,PVZ,,6.0,,11802.0,0.23604,HY,Arc,,0.0,0.0,820.0,18803610.0,38346.0,22931.231707317074,46.76341463414634
1989,"Arcuate hypothalamic nucleus, leaf",Arc_leaf,255.0,76.0,79.0,71800.0,223.0,Arc,,7.0,3486.0,3486.0,0.06972,HY,misc,341.0,8145427.0,16862.0,341.0,8145427.0,16862.0,23886.882697947214,49.448680351906155
2061,"Arcuate hypothalamic nucleus, dorsal part",ArcD,255.0,76.0,79.0,71810.0,223.0,Arc,,7.0,1318.0,1318.0,0.02636,HY,D,180.0,3921922.0,7752.0,180.0,3921922.0,7752.0,21788.455555555556,43.06666666666667
2062,"Arcuate hypothalamic nucleus, lateral part",ArcL,255.0,76.0,79.0,71820.0,223.0,Arc,,7.0,1692.0,1692.0,0.03384,HY,L,133.0,4320601.0,7353.0,133.0,4320601.0,7353.0,32485.72180451128,55.285714285714285
2104,"Arcuate hypothalamic nucleus, lateroposterior part",ArcLP,255.0,76.0,79.0,71830.0,223.0,Arc,,7.0,1646.0,1646.0,0.03292,HY,LP,46.0,682066.0,1831.0,46.0,682066.0,1831.0,14827.521739130434,39.80434782608695
2095,"Arcuate hypothalamic nucleus, medial part",ArcM,255.0,76.0,79.0,71840.0,223.0,Arc,,7.0,640.0,640.0,0.0128,HY,M,2.0,10181.0,33.0,2.0,10181.0,33.0,5090.5,16.5
2103,"Arcuate hypothalamic nucleus, medial posterior part",ArcMP,255.0,76.0,79.0,71850.0,223.0,Arc,,7.0,3020.0,3020.0,0.0604,HY,MP,118.0,1723413.0,4515.0,118.0,1723413.0,4515.0,14605.194915254237,38.26271186440678
141,Periventricular region,PVR,255.0,77.0,80.0,71900.0,1097.0,HY,,5.0,,131616.0,2.63232,HY,PVR,,0.0,0.0,4064.0,46389525.0,132588.0,11414.745324803149,32.625
272,Anteroventral periventricular nucleus,AVPe,255.0,77.0,84.0,72300.0,141.0,PVR,,6.0,3790.0,3790.0,0.0758,HY,AVPe,146.0,1903145.0,5532.0,146.0,1903145.0,5532.0,13035.239726027397,37.89041095890411
668,Dorsal hypothalamic area,DA,255.0,77.0,85.0,72350.0,141.0,PVR,,6.0,6484.0,6484.0,0.12968,HY,DA,271.0,3146437.0,9147.0,271.0,3146437.0,9147.0,11610.468634686347,33.752767527675275
830,Dorsomedial hypothalamic nucleus,DM,255.0,77.0,85.0,72400.0,141.0,PVR,,6.0,,28100.0,0.562,HY,DM,,0.0,0.0,1261.0,13130926.0,38129.0,10413.10547184774,30.237113402061855
1979,"Dorsomedial hypothalamic nucleus, leaf",DM_leaf,255.0,77.0,85.0,72400.0,830.0,DM,,7.0,14228.0,14228.0,0.28456,HY,misc,520.0,5461801.0,15978.0,520.0,5461801.0,15978.0,10503.463461538462,30.726923076923075
2076,"Dorsomedial hypothalamic nucleus, dorsal part",DMD,255.0,77.0,85.0,72500.0,830.0,DM,,7.0,4310.0,4310.0,0.0862,HY,D,163.0,1794214.0,5142.0,163.0,1794214.0,5142.0,11007.447852760737,31.54601226993865
2077,"Dorsomedial hypothalamic nucleus, compact part",DMC,255.0,77.0,85.0,72600.0,830.0,DM,,7.0,2342.0,2342.0,0.04684,HY,C,153.0,1446106.0,4288.0,153.0,1446106.0,4288.0,9451.67320261438,28.026143790849673
2078,"Dorsomedial hypothalamic nucleus, ventral part",DMV,255.0,77.0,85.0,72700.0,830.0,DM,,7.0,7220.0,7220.0,0.1444,HY,V,425.0,4428805.0,12721.0,425.0,4428805.0,12721.0,10420.717647058824,29.931764705882355
452,Median preoptic nucleus,MnPO,255.0,77.0,86.0,72800.0,141.0,PVR,,6.0,2120.0,2120.0,0.0424,HY,MnPO,21.0,243204.0,717.0,21.0,243204.0,717.0,11581.142857142857,34.142857142857146
2307,DA14 Dopamine Cells,DA14,255.0,77.0,86.0,72810.0,141.0,PVR,,6.0,,0.0,0.0,HY,DA14,,0.0,0.0,0.0,0.0,0.0,,
1976,"Medial preoptic area, leaf",MPA_leaf,255.0,77.0,87.0,72900.0,523.0,MPA,,7.0,52084.0,52084.0,1.04168,HY,misc,1158.0,14522801.0,40805.0,1158.0,14522801.0,40805.0,12541.278929188256,35.23747841105354
523,Medial preoptic area,MPA,255.0,77.0,87.0,72900.0,141.0,PVR,,6.0,,60936.0,1.21872,HY,MPA,,0.0,0.0,1342.0,16175075.0,45947.0,12052.961997019374,34.23770491803279
2016,Strial part of the preoptic area,StA,255.0,77.0,87.0,72910.0,523.0,MPA,,7.0,1592.0,1592.0,0.03184,HY,StA,16.0,135486.0,397.0,16.0,135486.0,397.0,8467.875,24.8125
2023,Striohypothalamic nucleus,StHy,255.0,77.0,87.0,72920.0,523.0,MPA,,7.0,5942.0,5942.0,0.11884,HY,StHy,145.0,1202310.0,3834.0,145.0,1202310.0,3834.0,8291.793103448275,26.44137931034483
2306,Anterior commissural nucleus,AC,255.0,77.0,87.0,72930.0,523.0,MPA,,7.0,1318.0,1318.0,0.02636,HY,AC,23.0,314478.0,911.0,23.0,314478.0,911.0,13672.95652173913,39.608695652173914
763,Vascular organ of the lamina terminalis,VOLT,255.0,77.0,88.0,73000.0,141.0,PVR,,6.0,1046.0,1046.0,0.02092,HY,VOLT,6.0,78333.0,237.0,6.0,78333.0,237.0,13055.5,39.5
914,Posterodorsal preoptic nucleus,PDPO,255.0,77.0,89.0,73100.0,141.0,PVR,,6.0,460.0,460.0,0.0092,HY,PDPO,6.0,48270.0,157.0,6.0,48270.0,157.0,8045.0,26.166666666666668
1109,Parastrial nucleus,PS,255.0,77.0,90.0,73200.0,141.0,PVR,,6.0,2226.0,2226.0,0.04452,HY,PS,62.0,509694.0,1481.0,62.0,509694.0,1481.0,8220.870967741936,23.887096774193548
133,Periventricular hypothalamic nucleus,Pe,255.0,77.0,93.0,73500.0,141.0,PVR,,6.0,11758.0,11758.0,0.23516,HY,Pe,411.0,5386191.0,14661.0,411.0,5386191.0,14661.0,13105.087591240876,35.67153284671533
347,Subparaventricular zone of the hypothalamus,SPa ,255.0,77.0,80.0,73600.0,141.0,PVR,,6.0,1378.0,1378.0,0.02756,HY,SPa ,18.0,487949.0,1102.0,18.0,487949.0,1102.0,27108.277777777777,61.22222222222222
286,Suprachiasmatic nucleus,SCh,255.0,77.0,94.0,73700.0,141.0,PVR,,6.0,,3674.0,0.07348,HY,SCh,,0.0,0.0,150.0,1314711.0,3977.0,8764.74,26.513333333333332
1986,"Suprachiasmatic nucleus, leaf",SCh_leaf,255.0,77.0,94.0,73700.0,286.0,SCh,,7.0,2712.0,2712.0,0.05424,HY,misc,110.0,942380.0,2872.0,110.0,942380.0,2872.0,8567.09090909091,26.10909090909091
2030,"Suprachiasmatic nucleus, dorsolateral part",SChDL,255.0,77.0,94.0,73710.0,286.0,SCh,,7.0,572.0,572.0,0.01144,HY,DLG,28.0,312692.0,912.0,28.0,312692.0,912.0,11167.57142857143,32.57142857142857
2031,"Suprachiasmatic nucleus, ventromedial part",SChVM,255.0,77.0,94.0,73720.0,286.0,SCh,,7.0,390.0,390.0,0.0078,HY,VM,12.0,59639.0,193.0,12.0,59639.0,193.0,4969.916666666667,16.083333333333332
338,Subfornical organ,SFO,255.0,77.0,80.0,73800.0,141.0,PVR,,6.0,2300.0,2300.0,0.046,HY,SFO,53.0,680194.0,1972.0,53.0,680194.0,1972.0,12833.849056603774,37.20754716981132
2011,Ventromedidal preoptic nucleus,VMPO,255.0,77.0,80.0,73810.0,141.0,PVR,,6.0,3108.0,3108.0,0.06216,HY,VMPO,182.0,1913597.0,5449.0,182.0,1913597.0,5449.0,10514.26923076923,29.939560439560438
689,Ventrolateral preoptic nucleus,VLPO,255.0,77.0,80.0,73900.0,141.0,PVR,,6.0,4236.0,4236.0,0.08472,HY,VLPO,135.0,1371799.0,4080.0,135.0,1371799.0,4080.0,10161.474074074074,30.22222222222222
467,Hypothalamic medial zone,MEZ ,255.0,78.0,80.0,74000.0,1097.0,HY,,5.0,,166550.0,3.331,HY,MEZ ,,0.0,0.0,2544.0,31617130.0,88470.0,12428.11713836478,34.77594339622642
88,Anterior hypothalamic nucleus,AHN,255.0,78.0,81.0,74100.0,467.0,MEZ ,,6.0,,45682.0,0.91364,HY,AHN,,0.0,0.0,690.0,6714504.0,19829.0,9731.165217391304,28.73768115942029
700,"Anterior hypothalamic area, anterior part",AHA,255.0,78.0,81.0,74200.0,88.0,AHN,,7.0,10232.0,10232.0,0.20464,HY,AHA,144.0,1484476.0,4397.0,144.0,1484476.0,4397.0,10308.861111111111,30.53472222222222
708,"Anterior hypothalamic area, central part",AHC,255.0,78.0,81.0,74300.0,88.0,AHN,,7.0,20464.0,20464.0,0.40928,HY,AHC,298.0,2809313.0,8202.0,298.0,2809313.0,8202.0,9427.224832214764,27.523489932885905
1966,"Anterior hypothalamic area, posterior part, leaf",AHP_leaf,255.0,78.0,81.0,74500.0,724.0,AHP,,8.0,8146.0,8146.0,0.16292,HY,misc,133.0,1322540.0,3820.0,133.0,1322540.0,3820.0,9943.90977443609,28.721804511278197
724,"Anterior hypothalamic area, posterior part",AHP,255.0,78.0,81.0,74500.0,88.0,AHN,,7.0,,8146.0,0.16292,HY,AHP,,0.0,0.0,133.0,1322540.0,3820.0,9943.90977443609,28.721804511278197
2029,Lateroanterior hypothalamic nucleus,LA,255.0,78.0,81.0,74510.0,88.0,AHN,,7.0,6840.0,6840.0,0.1368,HY,LA,115.0,1098175.0,3410.0,115.0,1098175.0,3410.0,9549.347826086956,29.652173913043477
2047,Stigmoid hypothalamic nucleus,Stg,255.0,78.0,81.0,74520.0,724.0,AHP,,8.0,,0.0,0.0,HY,Stg,,0.0,0.0,0.0,0.0,0.0,,
331,Mammillary body,MBO,255.0,78.0,82.0,74600.0,467.0,MEZ ,,6.0,,25154.0,0.50308,HY,MBO,,0.0,0.0,312.0,4834139.0,12333.0,15494.035256410256,39.52884615384615
210,Lateral mamilllary nucleus,LM,255.0,78.0,83.0,74700.0,331.0,MBO,,7.0,2244.0,2244.0,0.04488,HY,LM,26.0,566894.0,1267.0,26.0,566894.0,1267.0,21803.615384615383,48.73076923076923
1656,"Medial mammillary nucleus, medial part, leaf",MM_leaf,255.0,78.0,84.0,74800.0,491.0,MM,,8.0,7694.0,7694.0,0.15388,HY,misc,56.0,870432.0,2177.0,56.0,870432.0,2177.0,15543.42857142857,38.875
491,"Medial mammillary nucleus, medial part",MM,255.0,78.0,84.0,74800.0,331.0,MBO,,7.0,,13754.0,0.27508,HY,MM,,0.0,0.0,159.0,2353179.0,6017.0,14799.867924528302,37.84276729559748
2118,Mammillary recess of the 3rd ventricle,MRe,255.0,78.0,84.0,74810.0,491.0,MM,,8.0,140.0,140.0,0.0028,HY,MRe,,0.0,0.0,0.0,0.0,0.0,,
2119,"Medial mammillary nucleus, lateral part",ML,255.0,78.0,84.0,74820.0,491.0,MM,,8.0,4968.0,4968.0,0.09936,HY,ML,94.0,1384138.0,3557.0,94.0,1384138.0,3557.0,14724.872340425532,37.840425531914896
732,"Medial mammillary nucleus, median part",MnM,255.0,78.0,84.0,74900.0,491.0,MM,,8.0,952.0,952.0,0.01904,HY,MnM,9.0,98609.0,283.0,9.0,98609.0,283.0,10956.555555555555,31.444444444444443
525,Retromamillary nucleus,RM,255.0,78.0,85.0,75000.0,331.0,MBO,,7.0,,7640.0,0.1528,HY,RM,,0.0,0.0,98.0,1384019.0,3786.0,14122.642857142857,38.63265306122449
1125,"Retromamillary nucleus, leaf",RM_leaf,255.0,78.0,85.0,75000.0,525.0,RM,,8.0,3362.0,3362.0,0.06724,HY,misc,30.0,515223.0,1304.0,30.0,515223.0,1304.0,17174.1,43.46666666666667
1110,"Retromamillary nucleus, lateral part",RML,255.0,78.0,85.0,75100.0,525.0,RM,,8.0,344.0,344.0,0.00688,HY,L,23.0,252472.0,728.0,23.0,252472.0,728.0,10977.04347826087,31.652173913043477
1118,"Retromamillary nucleus, medial part",RMM,255.0,78.0,85.0,75200.0,525.0,RM,,8.0,3934.0,3934.0,0.07868,HY,M,45.0,616324.0,1754.0,45.0,616324.0,1754.0,13696.08888888889,38.977777777777774
557,Tuberomammillary nucleus,TM,255.0,78.0,86.0,75300.0,331.0,MBO,,7.0,,1516.0,0.03032,HY,TM,,0.0,0.0,29.0,530047.0,1263.0,18277.48275862069,43.55172413793103
1126,Dorsal tuberomammillary nucleus,DTM,255.0,78.0,86.0,75400.0,557.0,TM,,8.0,360.0,360.0,0.0072,HY,D,9.0,96709.0,270.0,9.0,96709.0,270.0,10745.444444444445,30.0
1,Ventral tuberomammillary nucleus,VTM,255.0,78.0,86.0,75500.0,557.0,TM,,8.0,1156.0,1156.0,0.02312,HY,V,20.0,433338.0,993.0,20.0,433338.0,993.0,21666.9,49.65
515,Medial preoptic nucleus,MPO,255.0,78.0,87.0,75600.0,467.0,MEZ ,,6.0,,15154.0,0.30308,HY,MPO,,0.0,0.0,267.0,3141790.0,9457.0,11767.003745318352,35.41947565543071
748,"Medial preoptic nucleus, lateral part",MPOL,255.0,78.0,87.0,75800.0,515.0,MPO,,7.0,6282.0,6282.0,0.12564,HY,L,127.0,1521820.0,4569.0,127.0,1521820.0,4569.0,11982.83464566929,35.976377952755904
756,"Medial preoptic nucleus, medial part",MPOM,255.0,78.0,87.0,75900.0,515.0,MPO,,7.0,8872.0,8872.0,0.17744,HY,M,140.0,1619970.0,4888.0,140.0,1619970.0,4888.0,11571.214285714286,34.91428571428571
980,"Premamillary nucleus, dorsal part",PMD,255.0,78.0,88.0,76000.0,467.0,MEZ ,,6.0,1532.0,1532.0,0.03064,HY,PMD,15.0,131843.0,414.0,15.0,131843.0,414.0,8789.533333333333,27.6
1004,"Premamillary nucleus, ventral part",PMV,255.0,78.0,89.0,76100.0,467.0,MEZ ,,6.0,3008.0,3008.0,0.06016,HY,PMV,60.0,870198.0,2572.0,60.0,870198.0,2572.0,14503.3,42.86666666666667
63,"Paraventricular hypothalamic nucleus, descending division",PVHd,255.0,78.0,90.0,76200.0,467.0,MEZ ,,6.0,,418.0,0.00836,HY,PVHd,,0.0,0.0,61.0,822892.0,2040.0,13490.032786885246,33.442622950819676
439,"Paraventricular hypothalamic nucleus, dorsal cap",PaDC,255.0,78.0,90.0,76300.0,63.0,PVHd,,7.0,418.0,418.0,0.00836,HY,PaDC,61.0,822892.0,2040.0,61.0,822892.0,2040.0,13490.032786885246,33.442622950819676
1093,"Ventromedial hypothalamic nucleus, leaf",VMH_leaf,255.0,78.0,91.0,76700.0,693.0,VMH,,7.0,5234.0,5234.0,0.10468,HY,misc,113.0,1440952.0,4153.0,113.0,1440952.0,4153.0,12751.787610619469,36.75221238938053
693,Ventromedial hypothalamic nucleus,VMH,255.0,78.0,91.0,76700.0,467.0,MEZ ,,6.0,,42776.0,0.85552,HY,VMH,,0.0,0.0,734.0,11042450.0,29756.0,15044.209809264305,40.53950953678474
2044,"Ventromedial hypothalamic nucleus, shell region",VMHSh,255.0,78.0,91.0,76710.0,693.0,VMH,,7.0,15330.0,15330.0,0.3066,HY,Sh,298.0,4729096.0,12214.0,298.0,4729096.0,12214.0,15869.44966442953,40.986577181208055
769,"Ventromedial hypothalamic nucleus, central part",VMHC,255.0,78.0,91.0,76900.0,693.0,VMH,,7.0,9648.0,9648.0,0.19296,HY,C,117.0,1695671.0,4725.0,117.0,1695671.0,4725.0,14492.91452991453,40.38461538461539
777,"Ventromedial hypothalamic nucleus, dorsomedial part",VMHDM,255.0,78.0,91.0,77000.0,693.0,VMH,,7.0,6570.0,6570.0,0.1314,HY,DM,128.0,1777778.0,4951.0,128.0,1777778.0,4951.0,13888.890625,38.6796875
785,"Ventromedial hypothalamic nucleus, ventrolateral part",VMHVL,255.0,78.0,91.0,77100.0,693.0,VMH,,7.0,5994.0,5994.0,0.11988,HY,VL,78.0,1398953.0,3713.0,78.0,1398953.0,3713.0,17935.29487179487,47.6025641025641
2474,Posterior hypothalamic area,PHA,255.0,78.0,91.0,77110.0,467.0,MEZ ,,6.0,,32826.0,0.65652,HY,PHA,,0.0,0.0,405.0,4059314.0,12069.0,10022.997530864197,29.8
1963,"Posterior hypothalamic nucleus, leaf",PH_leaf,255.0,79.0,83.0,77150.0,946.0,PH,,8.0,3178.0,3178.0,0.06356,HY,misc,28.0,309411.0,839.0,28.0,309411.0,839.0,11050.392857142857,29.964285714285715
946,Posterior hypothalamic nucleus,PH,255.0,79.0,83.0,77150.0,2474.0,PHA,,7.0,,32826.0,0.65652,HY,PH,,0.0,0.0,405.0,4059314.0,12069.0,10022.997530864197,29.8
2364,"Posterior hypothalamic nucleus, dorsal part",PHnd,255.0,79.0,83.0,77160.0,946.0,PH,,8.0,10634.0,10634.0,0.21268,HY,nd,120.0,1021293.0,3190.0,120.0,1021293.0,3190.0,8510.775,26.583333333333332
2365,"Posterior hypothalamic nucleus, ventral part",PHnv,255.0,79.0,83.0,77170.0,946.0,PH,,8.0,12762.0,12762.0,0.25524,HY,nv,123.0,1281095.0,3814.0,123.0,1281095.0,3814.0,10415.40650406504,31.008130081300813
2075,"Posterior hypothalamic area, dorsal part",PHD,255.0,79.0,83.0,77180.0,946.0,PH,,8.0,5256.0,5256.0,0.10512,HY,D,110.0,1195084.0,3492.0,110.0,1195084.0,3492.0,10864.4,31.745454545454546
2102,Submammillothalamic nucleus,SMT,255.0,79.0,83.0,77190.0,946.0,PH,,8.0,996.0,996.0,0.01992,HY,SMT,24.0,252431.0,734.0,24.0,252431.0,734.0,10517.958333333334,30.583333333333332
290,Hypothalamic lateral zone,LZ,255.0,79.0,80.0,77200.0,1097.0,HY,,5.0,,466866.0,9.33732,HY,LZ,,0.0,0.0,8983.0,155851227.0,387548.0,17349.574418345765,43.14238005120784
194,Lateral hypothalamic area,LH,255.0,79.0,81.0,77300.0,290.0,LZ,,6.0,,287824.0,5.75648,HY,LH,,0.0,0.0,5936.0,109425046.0,265999.0,18434.13847708895,44.811152291105124
2309,Juxtaparaventricular part of lateral hypothalamus,JPLH,255.0,79.0,81.0,77300.0,194.0,LH,,7.0,5332.0,5332.0,0.10664,HY,JPLH,324.0,3928014.0,10523.0,324.0,3928014.0,10523.0,12123.5,32.47839506172839
1982,"Lateral hypothalamic area, leaf",LH_leaf,255.0,79.0,81.0,77300.0,194.0,LH,,7.0,259306.0,259306.0,5.18612,HY,misc,5260.0,99899640.0,240912.0,5260.0,99899640.0,240912.0,18992.32699619772,45.800760456273764
2065,Magnocellular nucleus of the lateral hypothalamus,MCLH,255.0,79.0,81.0,77310.0,194.0,LH,,7.0,1512.0,1512.0,0.03024,HY,MCLH,38.0,1301360.0,2471.0,38.0,1301360.0,2471.0,34246.31578947369,65.02631578947368
2033,Ventrolateral hypothalamic nucleus ,VLH,255.0,79.0,81.0,77320.0,194.0,LH,,7.0,2884.0,2884.0,0.05768,HY,VLH,37.0,562220.0,1675.0,37.0,562220.0,1675.0,15195.135135135135,45.270270270270274
2105,Gemini hypothalamic nucleus,Gem,255.0,79.0,81.0,77330.0,194.0,LH,,7.0,3340.0,3340.0,0.0668,HY,Gem,49.0,699568.0,1775.0,49.0,699568.0,1775.0,14276.897959183674,36.224489795918366
2081,Peduncular lateral hypothalamus,PLH,255.0,79.0,81.0,77340.0,194.0,LH,,7.0,15450.0,15450.0,0.309,HY,PLH,228.0,3034244.0,8643.0,228.0,3034244.0,8643.0,13308.087719298246,37.9078947368421
2048,Tuberal region of lateral hypothalamus,TuLH,255.0,79.0,81.0,77350.0,194.0,LH,,7.0,,0.0,0.0,HY,TuLH,,0.0,0.0,0.0,0.0,0.0,,
2473,Perifornical part of lateral hypothalamus,PeFLH,255.0,79.0,81.0,77360.0,194.0,LH,,7.0,,0.0,0.0,HY,PeFLH,,0.0,0.0,0.0,0.0,0.0,,
226,Lateral preoptic area,LPO,255.0,79.0,82.0,77400.0,290.0,LZ,,6.0,40596.0,40596.0,0.81192,HY,LPO,445.0,4839747.0,14162.0,445.0,4839747.0,14162.0,10875.83595505618,31.824719101123595
2379,Paraterete nucleus,PTe,255.0,79.0,80.0,77610.0,290.0,LZ,,6.0,2142.0,2142.0,0.04284,HY,PTe,12.0,172193.0,476.0,12.0,172193.0,476.0,14349.416666666666,39.666666666666664
364,Parasubthalamic nucleus,PSTh,255.0,79.0,80.0,77700.0,290.0,LZ,,6.0,6682.0,6682.0,0.13364,HY,PSTh,48.0,1248006.0,2524.0,48.0,1248006.0,2524.0,26000.125,52.583333333333336
173,Retrochiasmatic area,RCh,255.0,79.0,84.0,77800.0,290.0,LZ,,6.0,,8898.0,0.17796,HY,RCh,,0.0,0.0,68.0,1642473.0,3540.0,24154.014705882353,52.05882352941177
1988,"Retrochiasmatic area, leaf",RCh_leaf,255.0,79.0,84.0,77800.0,173.0,RCh,,7.0,1478.0,1478.0,0.02956,HY,misc,2.0,46930.0,108.0,2.0,46930.0,108.0,23465.0,54.0
2042,"Retrochiasmatic area, lateral part",RchL,255.0,79.0,84.0,77810.0,173.0,RCh,,7.0,5686.0,5686.0,0.11372,HY,RchL,59.0,1518918.0,3206.0,59.0,1518918.0,3206.0,25744.372881355932,54.33898305084746
2283,"Retrochiasmatic area, medial part",RChM,255.0,79.0,84.0,77850.0,173.0,RCh,,7.0,1734.0,1734.0,0.03468,HY,RChM,7.0,76625.0,226.0,7.0,76625.0,226.0,10946.42857142857,32.285714285714285
470,Subthalamic nucleus,STh,255.0,79.0,85.0,77900.0,290.0,LZ,,6.0,11642.0,11642.0,0.23284,HY,STh,144.0,2310612.0,5768.0,144.0,2310612.0,5768.0,16045.916666666666,40.05555555555556
2063,Subincertal nucleus,SubI,255.0,79.0,85.0,77910.0,290.0,LZ,,6.0,4416.0,4416.0,0.08832,HY,SubI,259.0,5213725.0,13035.0,259.0,5213725.0,13035.0,20130.212355212356,50.32818532818533
614,Medial tuberal nucleus,MTu,255.0,79.0,86.0,78000.0,290.0,LZ,,6.0,,8342.0,0.16684,HY,MTu,,0.0,0.0,143.0,3420228.0,8276.0,23917.678321678322,57.87412587412587
1991,"Medial tuberal nucleus, leaf",MTu_leaf,255.0,79.0,86.0,78000.0,614.0,MTu,,7.0,5980.0,5980.0,0.1196,HY,misc,90.0,2123431.0,5085.0,90.0,2123431.0,5085.0,23593.67777777778,56.5
2080,Terete hypothalamic nucleus,Te,255.0,79.0,86.0,78010.0,614.0,MTu,,7.0,2362.0,2362.0,0.04724,HY,Te,53.0,1296797.0,3191.0,53.0,1296797.0,3191.0,24467.867924528302,60.20754716981132
2079,Perifornical nucleus,PeF,255.0,79.0,86.0,78020.0,290.0,LZ,,6.0,3948.0,3948.0,0.07896,HY,PeF,83.0,1294598.0,3251.0,83.0,1294598.0,3251.0,15597.56626506024,39.16867469879518
2111,Ventral linear nucleus of the thalamus,VLi,255.0,79.0,87.0,78030.0,290.0,LZ,,6.0,940.0,940.0,0.0188,HY,VLi,9.0,101349.0,279.0,9.0,101349.0,279.0,11261.0,31.0
1863,"Zona incerta, leaf",ZI_leaf,255.0,79.0,87.0,78100.0,797.0,ZI,,7.0,11982.0,11982.0,0.23964,HY,misc,584.0,8455597.0,23073.0,584.0,8455597.0,23073.0,14478.76198630137,39.50856164383562
797,Zona incerta,ZI,255.0,79.0,87.0,78100.0,290.0,LZ,,6.0,,91436.0,1.82872,HY,ZI,,0.0,0.0,1836.0,26183250.0,70238.0,14261.029411764706,38.25599128540305
2125,"Zona incerta, caudal part",ZIC,255.0,79.0,87.0,78110.0,797.0,ZI,,7.0,3772.0,3772.0,0.07544,HY,C,46.0,649028.0,1718.0,46.0,649028.0,1718.0,14109.304347826086,37.34782608695652
2043,"Zona incerta, rostral part",ZIR,255.0,79.0,87.0,78120.0,797.0,ZI,,7.0,3702.0,3702.0,0.07404,HY,R,226.0,2475691.0,7419.0,226.0,2475691.0,7419.0,10954.384955752212,32.82743362831859
2053,"Zona incerta, dosal part",ZID,255.0,79.0,87.0,78130.0,797.0,ZI,,7.0,32116.0,32116.0,0.64232,HY,D,442.0,5608045.0,15634.0,442.0,5608045.0,15634.0,12687.884615384615,35.3710407239819
2054,"Zona incerta, ventral part",ZIV,255.0,79.0,87.0,78140.0,797.0,ZI,,7.0,31504.0,31504.0,0.63008,HY,V,387.0,7447061.0,17868.0,387.0,7447061.0,17868.0,19243.051679586562,46.17054263565891
796,DA13 dopamine cells,DA13,255.0,79.0,87.0,78200.0,797.0,ZI,,7.0,748.0,748.0,0.01496,HY,DA13,42.0,369590.0,1117.0,42.0,369590.0,1117.0,8799.761904761905,26.595238095238095
2110,Nucleus of the fields of Forel,F,255.0,79.0,87.0,78300.0,797.0,ZI,,7.0,7612.0,7612.0,0.15224,HY,F,109.0,1178238.0,3409.0,109.0,1178238.0,3409.0,10809.522935779816,31.275229357798164
2191,A7 noradrenaline cells,A7,255.0,79.0,87.0,78320.0,987.0,P-mot,,6.0,,0.0,0.0,P,A7,,0.0,0.0,0.0,0.0,0.0,,
2246,A5 noradrenaline cells,A5,255.0,79.0,87.0,78330.0,354.0,MY,,5.0,,0.0,0.0,MY,A5,,0.0,0.0,0.0,0.0,0.0,,
2477,Ad1 adrenaline cells,Ad1,255.0,79.0,87.0,78340.0,370.0,MY-mot,,6.0,,0.0,0.0,MY,Ad1,,0.0,0.0,0.0,0.0,0.0,,
2478,Ad2 adrenaline cells,Ad2,255.0,79.0,87.0,78350.0,370.0,MY-mot,,6.0,,0.0,0.0,MY,Ad2,,0.0,0.0,0.0,0.0,0.0,,
2266,Ad3 adrenaline cells,Ad3,255.0,79.0,87.0,78360.0,370.0,MY-mot,,6.0,118.0,118.0,0.00236,MY,Ad3,1.0,3203.0,12.0,1.0,3203.0,12.0,3203.0,12.0
10671,Median eminence,ME,255.0,80.0,80.0,78400.0,1097.0,HY,,5.0,1644.0,1644.0,0.03288,HY,ME,4.0,21071.0,66.0,4.0,21071.0,66.0,5267.75,16.5
1221,"Midbrain, leaf",MB_leaf,255.0,200.0,255.0,78500.0,313.0,MB,,4.0,12130.0,12130.0,0.2426,MB,misc,100.0,1095035.0,3118.0,100.0,1095035.0,3118.0,10950.35,31.18
313,Midbrain,MB,255.0,200.0,255.0,78500.0,343.0,BS,,3.0,,1717004.0,34.34008,MB,MB,,0.0,0.0,20753.0,275724072.0,719795.0,13285.986218859924,34.683901122729246
2107,Prerubral field,PR,255.0,200.0,255.0,78510.0,313.0,MB,,4.0,14608.0,14608.0,0.29216,MB,PR,187.0,1724018.0,5124.0,187.0,1724018.0,5124.0,9219.347593582888,27.40106951871658
339,"Midbrain, sensory related",MBsen,255.0,176.0,254.0,78600.0,313.0,MB,,4.0,,746454.0,14.92908,MB,MBsen,,0.0,0.0,14957.0,209690223.0,537467.0,14019.537540950725,35.93414454770342
2476,Superior colliculus,SC,255.0,176.0,254.0,78610.0,339.0,MBsen,,5.0,,429092.0,8.58184,MB,SC,,0.0,0.0,6021.0,72498829.0,194920.0,12040.994685268228,32.37335990699219
302,"Superior colliculus, sensory related",SCs,255.0,152.0,250.0,78700.0,2476.0,SC,,6.0,,121872.0,2.43744,MB,SCs,,0.0,0.0,3649.0,47073638.0,122810.0,12900.42148533845,33.655796108522885
851,Optic layer of the superior colliculus,Op,255.0,152.0,250.0,78800.0,302.0,SCs,,7.0,40740.0,40740.0,0.8148,MB,Op,1029.0,11358517.0,31181.0,1029.0,11358517.0,31181.0,11038.403304178815,30.3022351797862
842,Superficial gray layer of the superior colliculus,SuG,255.0,152.0,250.0,78900.0,302.0,SCs,,7.0,52588.0,52588.0,1.05176,MB,SuG,1927.0,25366157.0,65357.0,1927.0,25366157.0,65357.0,13163.548002075766,33.91645044110015
834,Zonal layer of superior colliculus,Zo,255.0,152.0,250.0,79000.0,302.0,SCs,,7.0,28544.0,28544.0,0.57088,MB,Zo,693.0,10348964.0,26272.0,693.0,10348964.0,26272.0,14933.569985569986,37.910533910533914
4,Inferior colliculus,IC,255.0,152.0,255.0,79100.0,339.0,MBsen,,5.0,,280788.0,5.61576,MB,IC,,0.0,0.0,8773.0,135156880.0,337016.0,15406.004787415935,38.415137353242905
811,Central nucleus of the inferior colliculus,CIC,255.0,152.0,255.0,79200.0,4.0,IC,,6.0,93992.0,93992.0,1.87984,MB,CIC,4086.0,55785562.0,143378.0,4086.0,55785562.0,143378.0,13652.8541360744,35.09006363191385
820,Dorsal cortex of the inferior colliculus,DCIC,255.0,152.0,255.0,79300.0,4.0,IC,,6.0,74172.0,74172.0,1.48344,MB,DCIC,1701.0,24941513.0,64115.0,1701.0,24941513.0,64115.0,14662.853027630805,37.69253380364491
828,External cortex of the inferior colliculus,ECIC,255.0,152.0,255.0,79400.0,4.0,IC,,6.0,,111702.0,2.23404,MB,ECIC,,0.0,0.0,2985.0,54420879.0,129494.0,18231.450251256283,43.381574539363484
1972,"External cortex of the inferior colliculus, leaf",ECIC_leaf,255.0,152.0,255.0,79400.0,828.0,ECIC,,7.0,52414.0,52414.0,1.04828,MB,misc,997.0,14760701.0,37576.0,997.0,14760701.0,37576.0,14805.11634904714,37.689067201604814
2188,"External cortex of the inferior colliculus, layer 1",ECIC1,255.0,152.0,255.0,79410.0,828.0,ECIC,,7.0,14974.0,14974.0,0.29948,MB,1,237.0,4494448.0,10861.0,237.0,4494448.0,10861.0,18963.915611814347,45.82700421940928
2189,"External cortex of the inferior colliculus, layer 2",ECIC2,255.0,152.0,255.0,79420.0,828.0,ECIC,,7.0,8700.0,8700.0,0.174,MB,2,410.0,8574399.0,19754.0,410.0,8574399.0,19754.0,20913.168292682927,48.18048780487805
2190,"External cortex of the inferior colliculus, layer 3",ECIC3,255.0,152.0,255.0,79430.0,828.0,ECIC,,7.0,35614.0,35614.0,0.71228,MB,3,1341.0,26591331.0,61303.0,1341.0,26591331.0,61303.0,19829.47874720358,45.71439224459359
2457,Commissural nucleus of the inferior colliculus,Com,255.0,152.0,255.0,79440.0,4.0,IC,,6.0,922.0,922.0,0.01844,MB,Com,1.0,8926.0,29.0,1.0,8926.0,29.0,8926.0,29.0
2475,Recess of the inferior colliculus,ReIC,255.0,152.0,255.0,79450.0,4.0,IC,,6.0,,0.0,0.0,MB,ReIC,,0.0,0.0,0.0,0.0,0.0,,
580,Nucleus of the brachium of the inferior colliculus,BIC,255.0,152.0,253.0,79500.0,339.0,MBsen,,5.0,9890.0,9890.0,0.1978,MB,BIC,100.0,1505944.0,3951.0,100.0,1505944.0,3951.0,15059.44,39.51
271,Sagulum nucleus,Sag,255.0,152.0,251.0,79600.0,339.0,MBsen,,5.0,2380.0,2380.0,0.0476,MB,Sag,5.0,78941.0,227.0,5.0,78941.0,227.0,15788.2,45.4
874,Parabigeminal nucleus,PBG,255.0,152.0,252.0,79700.0,339.0,MBsen,,5.0,4182.0,4182.0,0.08364,MB,PBG,2.0,14885.0,50.0,2.0,14885.0,50.0,7442.5,25.0
2163,Microcellular tegmental nucleus,MiTg,255.0,152.0,252.0,79710.0,339.0,MBsen,,5.0,19718.0,19718.0,0.39436,MB,MiTg,53.0,409070.0,1217.0,53.0,409070.0,1217.0,7718.301886792453,22.962264150943398
460,Mesencephalic trigeminal nucleus,Me5,255.0,152.0,254.0,79800.0,339.0,MBsen,,5.0,,0.0,0.0,MB,Me5,,0.0,0.0,0.0,0.0,0.0,,
2108,Subcommissural organ ,SCO,255.0,152.0,254.0,79810.0,339.0,MBsen,,5.0,404.0,404.0,0.00808,MB,SCO,3.0,25674.0,86.0,3.0,25674.0,86.0,8558.0,28.666666666666668
965,"Midbrain, motor related, leaf",MBmot_leaf,255.0,132.0,255.0,79900.0,323.0,MBmot,,5.0,11112.0,11112.0,0.22224,MB,misc,56.0,976393.0,2315.0,56.0,976393.0,2315.0,17435.589285714286,41.339285714285715
323,"Midbrain, motor related",MBmot,255.0,132.0,255.0,79900.0,313.0,MB,,4.0,,843162.0,16.86324,MB,MBmot,,0.0,0.0,4859.0,55611660.0,153254.0,11445.08335048364,31.540234616176168
2147,Mesencephalic reticular formation,mRt,255.0,132.0,255.0,79910.0,323.0,MBmot,,5.0,112948.0,112948.0,2.25896,MB,mRt,587.0,7241779.0,19699.0,587.0,7241779.0,19699.0,12336.93185689949,33.558773424190804
2131,prosomere 1 reticular formation,p1Rt,255.0,132.0,255.0,79920.0,323.0,MBmot,,5.0,115584.0,115584.0,2.31168,MB,p1Rt,1120.0,14077861.0,38490.0,1120.0,14077861.0,38490.0,12569.51875,34.36607142857143
2181,Isthmic reticular formation,isRt,255.0,132.0,255.0,79930.0,323.0,MBmot,,5.0,39454.0,39454.0,0.78908,MB,isRt,115.0,1008261.0,3015.0,115.0,1008261.0,3015.0,8767.48695652174,26.217391304347824
2154,Pararubral nucleus,PaR,255.0,132.0,255.0,79940.0,323.0,MBmot,,5.0,7596.0,7596.0,0.15192,MB,PaR,19.0,240145.0,646.0,19.0,240145.0,646.0,12639.21052631579,34.0
381,"Substantia nigra, reticular part",SNR,255.0,178.0,247.0,80000.0,323.0,MBmot,,5.0,76214.0,76214.0,1.52428,MB,SNR,115.0,1483362.0,3898.0,115.0,1483362.0,3898.0,12898.8,33.89565217391304
1997,"Ventral tegmental area, leaf",VTA_leaf,255.0,178.0,246.0,80100.0,749.0,VTA,,6.0,2072.0,2072.0,0.04144,MB,misc,7.0,130094.0,307.0,7.0,130094.0,307.0,18584.85714285714,43.857142857142854
749,Ventral tegmental area,VTA,255.0,178.0,246.0,80100.0,323.0,MBmot,,5.0,,44500.0,0.89,MB,VTA,,0.0,0.0,165.0,2308001.0,6185.0,13987.884848484848,37.484848484848484
2138,Paranigral nucleus of the VTA,PN,255.0,178.0,246.0,80110.0,749.0,VTA,,6.0,3750.0,3750.0,0.075,MB,PN,9.0,189317.0,465.0,9.0,189317.0,465.0,21035.222222222223,51.666666666666664
2144,Parainterfascicular nucleus of the VTA,PIF,255.0,178.0,246.0,80120.0,749.0,VTA,,6.0,4764.0,4764.0,0.09528,MB,PIF,7.0,166929.0,414.0,7.0,166929.0,414.0,23847.0,59.142857142857146
2124,Parabranchial pigmented nucleus of the VTA,PBP,255.0,178.0,246.0,80130.0,749.0,VTA,,6.0,27716.0,27716.0,0.55432,MB,PBP,84.0,1005919.0,2790.0,84.0,1005919.0,2790.0,11975.22619047619,33.214285714285715
2427,"Ventral tegmental area, rostral part",VTAR,255.0,178.0,246.0,80140.0,749.0,VTA,,6.0,6198.0,6198.0,0.12396,MB,VTAR,58.0,815742.0,2209.0,58.0,815742.0,2209.0,14064.51724137931,38.08620689655172
2112,Rostral interstitial nucleus of the medial longitudinal fasciculus,RI,255.0,178.0,246.0,80150.0,313.0,MB,,4.0,2166.0,2166.0,0.04332,MB,RI,13.0,88646.0,266.0,13.0,88646.0,266.0,6818.923076923077,20.46153846153846
2101,DA11 dopamine cells,DA11,255.0,178.0,246.0,80160.0,313.0,MB,,4.0,882.0,882.0,0.01764,MB,DA11,29.0,273515.0,849.0,29.0,273515.0,849.0,9431.551724137931,29.275862068965516
2106,"Retroisthmic nucleus, leaf",RIs_leaf,255.0,178.0,249.0,80200.0,246.0,RIs,,6.0,7002.0,7002.0,0.14004,MB,misc,,0.0,0.0,0.0,0.0,0.0,,
246,Retroisthmic nucleus,RIs,255.0,178.0,249.0,80200.0,323.0,MBmot,,5.0,,16344.0,0.32688,MB,RIs,,0.0,0.0,45.0,496789.0,1353.0,11039.755555555555,30.066666666666666
2153,Retrorubral field,RRF,255.0,178.0,249.0,80210.0,246.0,RIs,,6.0,9342.0,9342.0,0.18684,MB,RRF,45.0,496789.0,1353.0,45.0,496789.0,1353.0,11039.755555555555,30.066666666666666
294,"Superior colliculus, motor related",SCm,255.0,178.0,248.0,80700.0,2476.0,SC,,6.0,,307220.0,6.1444,MB,SCm,,0.0,0.0,2372.0,25425191.0,72110.0,10718.883220910624,30.400505902192243
26,Deep gray layer of the superior colliculus,DpG,255.0,178.0,248.0,80800.0,294.0,SCm,,7.0,70512.0,70512.0,1.41024,MB,DpG,348.0,3466503.0,10238.0,348.0,3466503.0,10238.0,9961.215517241379,29.419540229885058
42,Deep white layer of the superior colliculus,DpWh,255.0,178.0,248.0,80900.0,294.0,SCm,,7.0,27790.0,27790.0,0.5558,MB,DpWh,44.0,387193.0,1152.0,44.0,387193.0,1152.0,8799.84090909091,26.181818181818183
17,Intermediate white layer of the superior colliculus,InWh,255.0,178.0,248.0,81000.0,294.0,SCm,,7.0,102718.0,102718.0,2.05436,MB,InWh,613.0,6525255.0,18778.0,613.0,6525255.0,18778.0,10644.78792822186,30.63295269168026
10,Intermediate gray layer of the superior colliculus,InG,255.0,178.0,248.0,81100.0,294.0,SCm,,7.0,106200.0,106200.0,2.124,MB,InG,1367.0,15046240.0,41942.0,1367.0,15046240.0,41942.0,11006.759326993417,30.681784930504755
795,Periaqueductal gray,PAG,255.0,144.0,255.0,81500.0,323.0,MBmot,,5.0,,198442.0,3.96884,MB,PAG,,0.0,0.0,1002.0,9862494.0,29324.0,9842.808383233532,29.265469061876246
2083,"Periaqueductal gray, leaf",PAG_leaf,255.0,144.0,255.0,81500.0,795.0,PAG,,6.0,14946.0,14946.0,0.29892,MB,misc,69.0,1165860.0,3182.0,69.0,1165860.0,3182.0,16896.521739130436,46.11594202898551
2141,Dorsomedial periaqueductal gray,DMPAG,255.0,144.0,255.0,81510.0,795.0,PAG,,6.0,25416.0,25416.0,0.50832,MB,DM,30.0,264397.0,824.0,30.0,264397.0,824.0,8813.233333333334,27.466666666666665
2142,Lateral periaqueductal gray,LPAG,255.0,144.0,255.0,81520.0,795.0,PAG,,6.0,73264.0,73264.0,1.46528,MB,L,292.0,2622425.0,7726.0,292.0,2622425.0,7726.0,8980.907534246575,26.458904109589042
2143,Pleoglial periaqueductal gray,PlPAG,255.0,144.0,255.0,81530.0,795.0,PAG,,6.0,56.0,56.0,0.00112,MB,Pl,,0.0,0.0,0.0,0.0,0.0,,
2148,Dorsolateral periaqueductal gray,DLPAG,255.0,144.0,255.0,81540.0,795.0,PAG,,6.0,23912.0,23912.0,0.47824,MB,DL,14.0,113901.0,368.0,14.0,113901.0,368.0,8135.785714285715,26.285714285714285
2162,Ventrolateral periaqueductal gray,VLPAG,255.0,144.0,255.0,81550.0,795.0,PAG,,6.0,38930.0,38930.0,0.7786,MB,VL,396.0,3764529.0,11452.0,396.0,3764529.0,11452.0,9506.386363636364,28.91919191919192
2114,prosomere 1 periaqueductal gray,p1PAG,255.0,144.0,255.0,81560.0,795.0,PAG,,6.0,21918.0,21918.0,0.43836,MB,p1,201.0,1931382.0,5772.0,201.0,1931382.0,5772.0,9608.865671641792,28.71641791044776
2123,Lithoid nucleus,Lth,255.0,144.0,255.0,81570.0,323.0,MBmot,,5.0,1930.0,1930.0,0.0386,MB,Lth,4.0,39347.0,99.0,4.0,39347.0,99.0,9836.75,24.75
50,Precommissural nucleus,PrC,255.0,144.0,255.0,81600.0,323.0,MBmot,,5.0,5932.0,5932.0,0.11864,MB,PrC,59.0,726595.0,1986.0,59.0,726595.0,1986.0,12315.169491525423,33.66101694915254
67,Interstitial nucleus of Cajal,InC,255.0,145.0,255.0,81700.0,323.0,MBmot,,5.0,,9242.0,0.18484,MB,InC,,0.0,0.0,26.0,337075.0,908.0,12964.423076923076,34.92307692307692
2084,"Interstitial nucleus of Cajal, leaf",InC_leaf,255.0,145.0,255.0,81700.0,67.0,InC,,6.0,4572.0,4572.0,0.09144,MB,misc,8.0,117757.0,305.0,8.0,117757.0,305.0,14719.625,38.125
2129,"Interstitial nucleus of Cajal, shell region",InCSh,255.0,145.0,255.0,81710.0,67.0,InC,,6.0,4670.0,4670.0,0.0934,MB,InCSh,18.0,219318.0,603.0,18.0,219318.0,603.0,12184.333333333334,33.5
587,Nucleus of Darkschewitsch,Dk,255.0,146.0,255.0,81800.0,323.0,MBmot,,5.0,4498.0,4498.0,0.08996,MB,Dk,8.0,79018.0,226.0,8.0,79018.0,226.0,9877.25,28.25
2152,Supraoculomotor cap,Su3C,255.0,146.0,255.0,81810.0,323.0,MBmot,,5.0,5096.0,5096.0,0.10192,MB,Su3C,6.0,63288.0,190.0,6.0,63288.0,190.0,10548.0,31.666666666666668
2156,Supraoculomotor periaqueductal gray,Su3,255.0,146.0,255.0,81820.0,323.0,MBmot,,5.0,3724.0,3724.0,0.07448,MB,Su3,3.0,33697.0,98.0,3.0,33697.0,98.0,11232.333333333334,32.666666666666664
1100,Pretectal region,PRT,255.0,176.0,250.0,81900.0,323.0,MBmot,,5.0,,77288.0,1.54576,MB,PRT,,0.0,0.0,1044.0,9030574.0,26486.0,8649.975095785441,25.369731800766285
215,Anterior pretectal nucleus,APT,255.0,176.0,249.0,82000.0,1100.0,PRT,,6.0,,54116.0,1.08232,MB,APT,,0.0,0.0,711.0,5847628.0,17082.0,8224.511954992968,24.025316455696203
1981,"Anterior pretectal nucleus, leaf",APT_leaf,255.0,176.0,249.0,82000.0,215.0,APT,,7.0,16822.0,16822.0,0.33644,MB,misc,268.0,2404235.0,6840.0,268.0,2404235.0,6840.0,8971.026119402984,25.52238805970149
2099,"Anterior pretectal nucleus, dorsal part",APTD,255.0,176.0,249.0,82010.0,215.0,APT,,7.0,29382.0,29382.0,0.58764,MB,APTD,321.0,2511712.0,7466.0,321.0,2511712.0,7466.0,7824.647975077882,23.258566978193148
2100,"Anterior pretectal nucleus, ventral part",APTV,255.0,176.0,249.0,82020.0,215.0,APT,,7.0,7912.0,7912.0,0.15824,MB,APTV,122.0,931681.0,2776.0,122.0,931681.0,2776.0,7636.729508196721,22.75409836065574
531,Medial pretectal area,MPT,255.0,176.0,248.0,82100.0,1100.0,PRT,,6.0,3474.0,3474.0,0.06948,MB,MPT,41.0,417787.0,1262.0,41.0,417787.0,1262.0,10189.926829268292,30.78048780487805
2415,Retrocommissural nucleus,ReC,255.0,176.0,248.0,82110.0,1100.0,PRT,,6.0,1582.0,1582.0,0.03164,MB,ReC,20.0,166113.0,528.0,20.0,166113.0,528.0,8305.65,26.4
628,Nucleus of the optic tract,OT,255.0,176.0,247.0,82200.0,1100.0,PRT,,6.0,5314.0,5314.0,0.10628,MB,OT,112.0,1169070.0,3372.0,112.0,1169070.0,3372.0,10438.125,30.107142857142858
634,Nucleus of the posterior commissure,PCom,255.0,176.0,246.0,82300.0,1100.0,PRT,,6.0,,5990.0,0.1198,MB,PCom,,0.0,0.0,16.0,87238.0,291.0,5452.375,18.1875
1984,"Nucleus of the posterior commissure, leaf",PCom_leaf,255.0,176.0,246.0,82300.0,634.0,PCom,,7.0,3894.0,3894.0,0.07788,MB,misc,13.0,75621.0,250.0,13.0,75621.0,250.0,5817.0,19.23076923076923
2121,Magnocellular nucleus of the posterior commissure,MCPC,255.0,176.0,246.0,82310.0,634.0,PCom,,7.0,2096.0,2096.0,0.04192,MB,MCPC,3.0,11617.0,41.0,3.0,11617.0,41.0,3872.3333333333335,13.666666666666666
706,Olivary pretectal nucleus,OPT,255.0,176.0,245.0,82400.0,1100.0,PRT,,6.0,3682.0,3682.0,0.07364,MB,OPT,93.0,916765.0,2681.0,93.0,916765.0,2681.0,9857.68817204301,28.827956989247312
1061,Posterior pretectal nucleus,PPT,255.0,176.0,244.0,82500.0,1100.0,PRT,,6.0,1592.0,1592.0,0.03184,MB,PPT,44.0,364462.0,1078.0,44.0,364462.0,1078.0,8283.227272727272,24.5
2122,Retroparafascicular nucleus,RPF,255.0,176.0,244.0,82510.0,1100.0,PRT,,6.0,1538.0,1538.0,0.03076,MB,RPF,7.0,61511.0,192.0,7.0,61511.0,192.0,8787.285714285714,27.428571428571427
1993,"Cuneiform nucleus, leaf",CnF_leaf,255.0,178.0,254.0,82600.0,616.0,CnF,,6.0,23850.0,23850.0,0.477,MB,misc,121.0,920316.0,2916.0,121.0,920316.0,2916.0,7605.917355371901,24.09917355371901
616,Cuneiform nucleus,CnF,255.0,178.0,254.0,82600.0,323.0,MBmot,,5.0,,49460.0,0.9892,MB,CnF,,0.0,0.0,225.0,2043477.0,6113.0,9082.12,27.16888888888889
2192,Precuneiform area,PrCnF,255.0,178.0,254.0,82610.0,616.0,CnF,,6.0,25610.0,25610.0,0.5122,MB,PrCnF,104.0,1123161.0,3197.0,104.0,1123161.0,3197.0,10799.625,30.740384615384617
214,Red nucleus,R,255.0,134.0,249.0,82700.0,323.0,MBmot,,5.0,,32900.0,0.658,MB,R,,0.0,0.0,103.0,1271852.0,3312.0,12348.077669902912,32.15533980582524
1994,"Red nucleus, leaf",R_leaf,255.0,134.0,249.0,82700.0,214.0,R,,6.0,680.0,680.0,0.0136,MB,misc,,0.0,0.0,0.0,0.0,0.0,,
2137,"Red nucleus, parvicellular part",RPC,255.0,134.0,249.0,82710.0,214.0,R,,6.0,18820.0,18820.0,0.3764,MB,RPC,81.0,1004607.0,2584.0,81.0,1004607.0,2584.0,12402.555555555555,31.901234567901234
2139,"Red nucleus, magnocellular part",RMC,255.0,134.0,249.0,82720.0,214.0,R,,6.0,13400.0,13400.0,0.268,MB,RMC,22.0,267245.0,728.0,22.0,267245.0,728.0,12147.5,33.09090909090909
2136,Medial accessory oculomotor nucleus,MA3,255.0,168.0,255.0,82730.0,323.0,MBmot,,5.0,2152.0,2152.0,0.04304,MB,MA3,18.0,578045.0,1291.0,18.0,578045.0,1291.0,32113.61111111111,71.72222222222223
2113,"Oculomotor nerve, leaf",3N_leaf,255.0,168.0,255.0,82800.0,35.0,3N,,6.0,2910.0,2910.0,0.0582,MB,misc,18.0,808158.0,1418.0,18.0,808158.0,1418.0,44897.666666666664,78.77777777777777
35,Oculomotor nerve,3N,255.0,168.0,255.0,82800.0,323.0,MBmot,,5.0,,5132.0,0.10264,MB,3N,,0.0,0.0,29.0,1244161.0,2292.0,42902.10344827586,79.03448275862068
2157,"Oculomotor nucleus, parvicellular part",3PC,255.0,168.0,255.0,82810.0,35.0,3N,,6.0,2222.0,2222.0,0.04444,MB,3PC,11.0,436003.0,874.0,11.0,436003.0,874.0,39636.63636363636,79.45454545454545
1995,"Edinger-Westphal nucleus, leaf",EW_leaf,255.0,178.0,253.0,82900.0,975.0,EW,,6.0,688.0,688.0,0.01376,MB,misc,17.0,729690.0,1291.0,17.0,729690.0,1291.0,42922.94117647059,75.94117647058823
975,Edinger-Westphal nucleus,EW,255.0,178.0,253.0,82900.0,323.0,MBmot,,5.0,,1472.0,0.02944,MB,EW,,0.0,0.0,32.0,1247618.0,2308.0,38988.0625,72.125
2130,Pre-Edinger-Westphal nucleus,PrEW,255.0,178.0,253.0,82910.0,975.0,EW,,6.0,784.0,784.0,0.01568,MB,PrEW,15.0,517928.0,1017.0,15.0,517928.0,1017.0,34528.53333333333,67.8
115,Trochlear nucleus,4N,255.0,178.0,255.0,83000.0,323.0,MBmot,,5.0,,5072.0,0.10144,MB,4N,,0.0,0.0,21.0,158353.0,497.0,7540.619047619048,23.666666666666668
1998,"Trochlear nucleus, leaf",4N_leaf,255.0,178.0,255.0,83000.0,115.0,4N,,6.0,630.0,630.0,0.0126,MB,misc,3.0,24567.0,80.0,3.0,24567.0,80.0,8189.0,26.666666666666668
2180,Trochlear nucleus shell region,4Sh,255.0,178.0,255.0,83010.0,115.0,4N,,6.0,674.0,674.0,0.01348,MB,4Sh,1.0,28862.0,81.0,1.0,28862.0,81.0,28862.0,81.0
2179,Paratrochlear nucleus,Pa4,255.0,178.0,255.0,83020.0,115.0,4N,,6.0,3768.0,3768.0,0.07536,MB,Pa4,17.0,104924.0,336.0,17.0,104924.0,336.0,6172.0,19.764705882352942
757,Ventral tegmental nucleus,VTg,255.0,177.0,250.0,83100.0,323.0,MBmot,,5.0,2896.0,2896.0,0.05792,MB,VTg,6.0,40216.0,130.0,6.0,40216.0,130.0,6702.666666666667,21.666666666666668
231,Anterior tegmental nucleus,ATg,255.0,177.0,252.0,83200.0,323.0,MBmot,,5.0,3152.0,3152.0,0.06304,MB,ATg,5.0,63082.0,176.0,5.0,63082.0,176.0,12616.4,35.2
2168,Rhabdoid nucleus,Rbd,255.0,177.0,252.0,83210.0,323.0,MBmot,,5.0,590.0,590.0,0.0118,MB,Rbd,5.0,47095.0,138.0,5.0,47095.0,138.0,9419.0,27.6
66,Lateral terminal nucleus of the accessory optic tract,LT,255.0,177.0,253.0,83300.0,323.0,MBmot,,5.0,750.0,750.0,0.015,MB,LT,11.0,240426.0,584.0,11.0,240426.0,584.0,21856.909090909092,53.09090909090909
75,Dorsal terminal nucleus,DT,255.0,177.0,253.0,83400.0,323.0,MBmot,,5.0,846.0,846.0,0.01692,MB,DT,10.0,224293.0,535.0,10.0,224293.0,535.0,22429.3,53.5
58,Medial terminal nucleus,MT,255.0,177.0,253.0,83500.0,323.0,MBmot,,5.0,1312.0,1312.0,0.02624,MB,MT,4.0,47037.0,143.0,4.0,47037.0,143.0,11759.25,35.75
615,"Substantia nigra, lateral part",SNL,255.0,178.0,247.0,83600.0,323.0,MBmot,,5.0,7524.0,7524.0,0.15048,MB,SNL,16.0,401326.0,817.0,16.0,401326.0,817.0,25082.875,51.0625
348,"Midbrain, behavioral state related",MBsta,255.0,176.0,253.0,83700.0,313.0,MB,,4.0,,97602.0,1.95204,MB,MBsta,,0.0,0.0,608.0,7240975.0,19717.0,11909.498355263158,32.42927631578947
1996,"Substantia nigra, compact part, leaf",SNC_leaf,255.0,158.0,248.0,83800.0,374.0,SNC,,6.0,188.0,188.0,0.00376,MB,misc,,0.0,0.0,0.0,0.0,0.0,,
374,"Substantia nigra, compact part",SNC,255.0,158.0,248.0,83800.0,348.0,MBsta,,5.0,,13610.0,0.2722,MB,SNC,,0.0,0.0,28.0,375375.0,990.0,13406.25,35.357142857142854
2134,"Substantia nigra, compact part, dorsal tier",SNCD,255.0,158.0,248.0,83810.0,374.0,SNC,,6.0,12968.0,12968.0,0.25936,MB,SNCD,25.0,345595.0,900.0,25.0,345595.0,900.0,13823.8,36.0
2135,"Substantia nigra, compact part, medial tier",SNCM,255.0,158.0,248.0,83820.0,374.0,SNC,,6.0,454.0,454.0,0.00908,MB,SNCM,3.0,29780.0,90.0,3.0,29780.0,90.0,9926.666666666666,30.0
1052,Pedunculotegmental nucleus,PTg,255.0,158.0,255.0,83900.0,348.0,MBsta,,5.0,,32156.0,0.64312,MB,PTg,,0.0,0.0,187.0,1595813.0,4800.0,8533.75935828877,25.668449197860962
1992,"Pedunculotegmental nucleus, leaf",PTg_leaf,255.0,158.0,255.0,83900.0,1052.0,PTg,,6.0,23884.0,23884.0,0.47768,MB,misc,155.0,1300897.0,3996.0,155.0,1300897.0,3996.0,8392.883870967742,25.780645161290323
2183,Subpeduncular tegmental nucleus,SPTg,255.0,158.0,255.0,83910.0,1052.0,PTg,,6.0,8272.0,8272.0,0.16544,MB,SPTg,32.0,294916.0,804.0,32.0,294916.0,804.0,9216.125,25.125
165,Midbrain raphÈ nuclei,RAmb,255.0,158.0,254.0,84000.0,348.0,MBsta,,5.0,,51836.0,1.03672,MB,RAmb,,0.0,0.0,393.0,5269787.0,13927.0,13409.127226463104,35.43765903307888
12,Interfascicular nucleus,IF,255.0,158.0,251.0,84100.0,165.0,RAmb,,6.0,2028.0,2028.0,0.04056,MB,IF,3.0,23556.0,70.0,3.0,23556.0,70.0,7852.0,23.333333333333332
100,Interpeduncular nucleus,IP,255.0,158.0,247.0,84200.0,165.0,RAmb,,6.0,,17740.0,0.3548,MB,IP,,0.0,0.0,120.0,2148570.0,4914.0,17904.75,40.95
2140,"Interpeduncular nucleus, rostral subnucleus",IPR,255.0,158.0,247.0,84210.0,100.0,IP,,7.0,4672.0,4672.0,0.09344,MB,R,21.0,414889.0,1036.0,21.0,414889.0,1036.0,19756.619047619046,49.333333333333336
2145,"Interpeduncular nucleus, lateral subnucleus",IPL,255.0,158.0,247.0,84220.0,100.0,IP,,7.0,2996.0,2996.0,0.05992,MB,L,31.0,636286.0,1411.0,31.0,636286.0,1411.0,20525.354838709678,45.516129032258064
2146,"Interpeduncular nucleus, caudal subnucleus",IPC,255.0,158.0,247.0,84230.0,100.0,IP,,7.0,3508.0,3508.0,0.07016,MB,C,28.0,348429.0,851.0,28.0,348429.0,851.0,12443.892857142857,30.392857142857142
2149,"Interpeduncular nucleus, dorsomedial subnucleus",IPDM,255.0,158.0,247.0,84240.0,100.0,IP,,7.0,1266.0,1266.0,0.02532,MB,DM,7.0,315267.0,547.0,7.0,315267.0,547.0,45038.142857142855,78.14285714285714
2151,"Interpeduncular nucleus, dorsolateral subnucleus",IPDL,255.0,158.0,247.0,84250.0,100.0,IP,,7.0,1270.0,1270.0,0.0254,MB,DL,3.0,60479.0,158.0,3.0,60479.0,158.0,20159.666666666668,52.666666666666664
2150,"Interpeduncular nucleus, intermediate subnucleus",IPI,255.0,158.0,247.0,84260.0,100.0,IP,,7.0,3798.0,3798.0,0.07596,MB,I,30.0,373220.0,911.0,30.0,373220.0,911.0,12440.666666666666,30.366666666666667
2160,"Interpeduncular nucleus, apical subnucleus",IPA,255.0,158.0,247.0,84270.0,100.0,IP,,7.0,230.0,230.0,0.0046,MB,A,,0.0,0.0,0.0,0.0,0.0,,
197,Rostral linear nucleus (midbrain),RLi ,255.0,158.0,249.0,84300.0,165.0,RAmb,,6.0,4748.0,4748.0,0.09496,MB,RLi ,4.0,82276.0,173.0,4.0,82276.0,173.0,20569.0,43.25
591,Caudal linear nucleus of the raphÈ,CLi,255.0,158.0,253.0,84400.0,165.0,RAmb,,6.0,2348.0,2348.0,0.04696,MB,CLi,2.0,28155.0,89.0,2.0,28155.0,89.0,14077.5,44.5
1990,"Dorsal raphÈ nucleus, leaf",DR_leaf,255.0,158.0,252.0,84500.0,872.0,DR,,7.0,1178.0,1178.0,0.02356,MB,misc,7.0,204250.0,466.0,7.0,204250.0,466.0,29178.571428571428,66.57142857142857
872,Dorsal raphÈ nucleus,DR,255.0,158.0,252.0,84500.0,165.0,RAmb,,6.0,,24972.0,0.49944,MB,DR,,0.0,0.0,264.0,2987230.0,8681.0,11315.265151515152,32.88257575757576
2173,"Dorsal raphÈ nucleus, caudal part",DRC,255.0,158.0,252.0,84510.0,872.0,DR,,7.0,1798.0,1798.0,0.03596,MB,C,63.0,957369.0,2631.0,63.0,957369.0,2631.0,15196.333333333334,41.76190476190476
2174,"Dorsal raphÈ nucleus, dorsal part",DRD,255.0,158.0,252.0,84520.0,872.0,DR,,7.0,2554.0,2554.0,0.05108,MB,D,44.0,518615.0,1561.0,44.0,518615.0,1561.0,11786.704545454546,35.47727272727273
2175,Dorsal raphÈ interfascicular part,DRI,255.0,158.0,252.0,84530.0,872.0,DR,,7.0,748.0,748.0,0.01496,MB,I,15.0,138440.0,435.0,15.0,138440.0,435.0,9229.333333333334,29.0
2176,"Dorsal raphÈ nucleus, lateral part",DRL,255.0,158.0,252.0,84540.0,872.0,DR,,7.0,7078.0,7078.0,0.14156,MB,L,61.0,544659.0,1654.0,61.0,544659.0,1654.0,8928.83606557377,27.114754098360656
2177,"Dorsal raphÈ nucleus, ventral part",DRV,255.0,158.0,252.0,84550.0,872.0,DR,,7.0,2856.0,2856.0,0.05712,MB,V,26.0,270996.0,810.0,26.0,270996.0,810.0,10422.923076923076,31.153846153846153
2178,Posterodorsal raphÈ nucleus,PDR,255.0,158.0,252.0,84560.0,872.0,DR,,7.0,8760.0,8760.0,0.1752,MB,P,48.0,352901.0,1124.0,48.0,352901.0,1124.0,7352.104166666667,23.416666666666668
1065,Hindbrain,HB,255.0,155.0,168.0,84600.0,343.0,BS,,3.0,,2091336.0,41.82672,,HB,,0.0,0.0,21696.0,299158855.0,775849.0,13788.664039454277,35.76000184365782
1350,"Pons, leaf",P_leaf,255.0,155.0,136.0,84700.0,771.0,P,,5.0,20684.0,20684.0,0.41368,P,misc,169.0,2095176.0,5879.0,169.0,2095176.0,5879.0,12397.491124260356,34.78698224852071
771,Pons,P,255.0,155.0,136.0,84700.0,1065.0,HB,,4.0,,680660.0,13.6132,P,P,,0.0,0.0,6785.0,87296173.0,231778.0,12866.05350036846,34.16035372144436
1132,"Pons, sensory related",P-sen,255.0,170.0,98.0,84800.0,771.0,P,,5.0,,184076.0,3.68152,P,P-sen,,0.0,0.0,1956.0,21490795.0,60954.0,10987.114008179959,31.162576687116566
1134,"Paralemniscal nucleus, leaf",PL_leaf,255.0,170.0,97.0,84900.0,612.0,PL,,7.0,9498.0,9498.0,0.18996,P,misc,32.0,434282.0,1108.0,32.0,434282.0,1108.0,13571.3125,34.625
612,Paralemniscal nucleus,PL,255.0,170.0,97.0,84900.0,1132.0,P-sen,,6.0,,45924.0,0.91848,P,PL,,0.0,0.0,170.0,1797443.0,5028.0,10573.19411764706,29.576470588235296
82,Dorsal nucleus of the lateral lemniscus,DLL,255.0,170.0,97.0,85000.0,612.0,PL,,7.0,5042.0,5042.0,0.10084,P,DLL,10.0,83415.0,252.0,10.0,83415.0,252.0,8341.5,25.2
99,Ventral nucleus of the lateral lemniscus,VLL,255.0,170.0,97.0,85200.0,612.0,PL,,7.0,15558.0,15558.0,0.31116,P,VLL,60.0,578373.0,1659.0,60.0,578373.0,1659.0,9639.55,27.65
2172,Intermediate nucleus of the lateral lemniscus,ILL,255.0,170.0,97.0,85210.0,612.0,PL,,7.0,13536.0,13536.0,0.27072,P,ILL,50.0,506966.0,1444.0,50.0,506966.0,1444.0,10139.32,28.88
2184,"Triangular nucleus, lateral lemniscus",TrLL,255.0,170.0,97.0,85220.0,612.0,PL,,7.0,2290.0,2290.0,0.0458,P,TrLL,18.0,194407.0,565.0,18.0,194407.0,565.0,10800.388888888889,31.38888888888889
1980,"Principal sensory trigeminal nucleus, leaf",Pr5_leaf,255.0,170.0,95.0,85300.0,7.0,Pr5,,7.0,14612.0,14612.0,0.29224,P,misc,236.0,2363273.0,6528.0,236.0,2363273.0,6528.0,10013.868644067798,27.661016949152543
7,Principal sensory trigeminal nucleus,Pr5,255.0,170.0,95.0,85300.0,1132.0,P-sen,,6.0,,58890.0,1.1778,P,Pr5,,0.0,0.0,749.0,7668196.0,21427.0,10237.911882510014,28.60747663551402
2203,"Principal sensory trigeminal nucleus, dorsomedial part",Pr5DM,255.0,170.0,95.0,85310.0,7.0,Pr5,,7.0,16850.0,16850.0,0.337,P,DM,96.0,1339842.0,3710.0,96.0,1339842.0,3710.0,13956.6875,38.645833333333336
2202,"Principal sensory trigeminal nucleus, ventrolateral part",Pr5VL,255.0,170.0,95.0,85320.0,7.0,Pr5,,7.0,27428.0,27428.0,0.54856,P,VL,417.0,3965081.0,11189.0,417.0,3965081.0,11189.0,9508.58752997602,26.832134292565947
627,"Parabrachial nucleus, leaf",PB_leaf,255.0,170.0,96.0,85400.0,867.0,PB,,7.0,488.0,488.0,0.00976,P,misc,16.0,226594.0,614.0,16.0,226594.0,614.0,14162.125,38.375
867,Parabrachial nucleus,PB,255.0,170.0,96.0,85400.0,1132.0,P-sen,,6.0,,39660.0,0.7932,P,PB,,0.0,0.0,914.0,10464803.0,30214.0,11449.456236323851,33.056892778993436
123,Kolliker-Fuse nucleus,KF,255.0,165.0,96.0,85500.0,867.0,PB,,7.0,1598.0,1598.0,0.03196,P,KF,47.0,548607.0,1545.0,47.0,548607.0,1545.0,11672.489361702128,32.87234042553192
1292,"Lateral parabrachial nucleus, leaf",LPB_leaf,255.0,169.0,96.0,85600.0,881.0,LPB,,8.0,6484.0,6484.0,0.12968,P,misc,154.0,1482682.0,4432.0,154.0,1482682.0,4432.0,9627.805194805194,28.77922077922078
881,Lateral parabrachial nucleus,LPB,255.0,169.0,96.0,85600.0,867.0,PB,,7.0,,21418.0,0.42836,P,LPB,,0.0,0.0,654.0,7771628.0,22053.0,11883.223241590214,33.72018348623853
860,"Lateral parabrachial nucleus, central part",LPBC,255.0,169.0,96.0,85700.0,881.0,LPB,,8.0,1814.0,1814.0,0.03628,P,C,41.0,563736.0,1359.0,41.0,563736.0,1359.0,13749.658536585366,33.146341463414636
2458,"Lateral parabrachial nucleus, crescent part",LPBCr,255.0,169.0,96.0,85710.0,881.0,LPB,,8.0,2156.0,2156.0,0.04312,P,Cr,113.0,1532147.0,4104.0,113.0,1532147.0,4104.0,13558.823008849558,36.31858407079646
868,"Lateral parabrachial nucleus, dorsal part",LPBD,255.0,169.0,96.0,85800.0,881.0,LPB,,8.0,2084.0,2084.0,0.04168,P,D,56.0,731548.0,2017.0,56.0,731548.0,2017.0,13063.357142857143,36.017857142857146
875,"Lateral parabrachial nucleus, external part",LPBE,255.0,169.0,96.0,85900.0,881.0,LPB,,8.0,3416.0,3416.0,0.06832,P,E,135.0,1765567.0,5022.0,135.0,1765567.0,5022.0,13078.274074074074,37.2
883,"Lateral parabrachial nucleus, superior part",LPBS,255.0,169.0,96.0,86000.0,881.0,LPB,,8.0,1354.0,1354.0,0.02708,P,S,22.0,260088.0,804.0,22.0,260088.0,804.0,11822.181818181818,36.54545454545455
891,"Lateral parabrachial nucleus, ventral part",LPBV,255.0,169.0,96.0,86100.0,881.0,LPB,,8.0,2380.0,2380.0,0.0476,P,V,68.0,694192.0,2099.0,68.0,694192.0,2099.0,10208.70588235294,30.86764705882353
2213,"Lateral parabrachial nucleus, internal part",LPBI,255.0,169.0,96.0,86110.0,881.0,LPB,,8.0,1730.0,1730.0,0.0346,P,I,65.0,741668.0,2216.0,65.0,741668.0,2216.0,11410.276923076923,34.09230769230769
894,"Medial parabrachial nucleus, leaf",MPB_leaf,255.0,168.0,96.0,86200.0,890.0,MPB,,8.0,13950.0,13950.0,0.279,P,misc,183.0,1834023.0,5719.0,183.0,1834023.0,5719.0,10021.983606557376,31.25136612021858
890,Medial parabrachial nucleus,MPB,255.0,168.0,96.0,86200.0,867.0,PB,,7.0,,16156.0,0.32312,P,MPB,,0.0,0.0,197.0,1917974.0,6002.0,9735.908629441625,30.467005076142133
899,"Medial parabrachial nucleus, external part",MPBE,255.0,168.0,96.0,86300.0,890.0,MPB,,8.0,2206.0,2206.0,0.04412,P,E,14.0,83951.0,283.0,14.0,83951.0,283.0,5996.5,20.214285714285715
398,Superior olivary complex,SOC,255.0,170.0,94.0,86600.0,1132.0,P-sen,,6.0,,39602.0,0.79204,P,SOC,,0.0,0.0,123.0,1560353.0,4285.0,12685.796747967479,34.83739837398374
122,"Superior olivary complex, periolivary nucleus",POR,255.0,170.0,94.0,86700.0,398.0,SOC,,7.0,,10460.0,0.2092,P,POR,,0.0,0.0,41.0,392588.0,1163.0,9575.317073170732,28.365853658536587
2207,Lateroventral periolivary nucleus,LVPO,255.0,170.0,94.0,86710.0,122.0,POR,,8.0,2688.0,2688.0,0.05376,P,LVPO,2.0,40026.0,105.0,2.0,40026.0,105.0,20013.0,52.5
2208,Medioventral periolivary nucleus,MVPO,255.0,170.0,94.0,86720.0,122.0,POR,,8.0,4770.0,4770.0,0.0954,P,MVPO,6.0,54496.0,163.0,6.0,54496.0,163.0,9082.666666666666,27.166666666666668
2209,Dorsal periolivary region,DPO,255.0,170.0,94.0,86730.0,122.0,POR,,8.0,3002.0,3002.0,0.06004,P,DPO,33.0,298066.0,895.0,33.0,298066.0,895.0,9032.30303030303,27.12121212121212
2227,Caudal periolivary nucleus,CPO,255.0,170.0,94.0,86740.0,122.0,POR,,8.0,,0.0,0.0,P,CPO,,0.0,0.0,0.0,0.0,0.0,,
2456,Superior paraolivary nucleus,SPO,255.0,170.0,94.0,86750.0,398.0,SOC,,7.0,8588.0,8588.0,0.17176,P,SPO,19.0,233158.0,671.0,19.0,233158.0,671.0,12271.473684210527,35.31578947368421
105,Medial superior olive,MSO,255.0,170.0,94.0,86800.0,398.0,SOC,,7.0,848.0,848.0,0.01696,P,MSO,1.0,6564.0,22.0,1.0,6564.0,22.0,6564.0,22.0
114,Lateral superior olive,LSO,255.0,170.0,94.0,86900.0,398.0,SOC,,7.0,13210.0,13210.0,0.2642,P,LSO,38.0,581850.0,1549.0,38.0,581850.0,1549.0,15311.842105263158,40.76315789473684
2187,Nucleus of the central acoustic tract,CAT,255.0,170.0,94.0,86910.0,398.0,SOC,,7.0,6496.0,6496.0,0.12992,P,CAT,24.0,346193.0,880.0,24.0,346193.0,880.0,14424.708333333334,36.666666666666664
987,"Pons, motor related",P-mot,255.0,174.0,92.0,87000.0,771.0,P,,5.0,,240302.0,4.80604,P,P-mot,,0.0,0.0,3701.0,51602262.0,131735.0,13942.788975952446,35.59443393677385
2505,"Barrington's nucleus, leaf",Bar_leaf,255.0,174.0,80.0,87100.0,280.0,Bar,,7.0,898.0,898.0,0.01796,P,misc,14.0,109138.0,343.0,14.0,109138.0,343.0,7795.571428571428,24.5
280,Barrington's nucleus,Bar,255.0,174.0,80.0,87100.0,987.0,P-mot,,6.0,,5908.0,0.11816,P,Bar,,0.0,0.0,111.0,1073621.0,3202.0,9672.261261261261,28.846846846846848
2459,"Barrington's nucleus, dorsal part",Bard,255.0,174.0,80.0,87110.0,280.0,Bar,,7.0,2188.0,2188.0,0.04376,P,d,61.0,551163.0,1677.0,61.0,551163.0,1677.0,9035.459016393443,27.491803278688526
2460,"Barrington's nucleus, ventral part",Barv,255.0,174.0,80.0,87120.0,280.0,Bar,,7.0,2822.0,2822.0,0.05644,P,b,36.0,413320.0,1182.0,36.0,413320.0,1182.0,11481.111111111111,32.833333333333336
880,Dorsal tegmental nucleus,DTg,255.0,174.0,87.0,87200.0,987.0,P-mot,,6.0,,14104.0,0.28208,P,DTg,,0.0,0.0,68.0,701373.0,2076.0,10314.308823529413,30.529411764705884
2210,"Dorsal tegmental nucleus, central part",DTgC,255.0,174.0,87.0,87210.0,880.0,DTg,,7.0,3452.0,3452.0,0.06904,P,DTgC,15.0,171928.0,486.0,15.0,171928.0,486.0,11461.866666666667,32.4
2201,"Dorsal tegmental nucleus, pericentral part",DTgP,255.0,174.0,87.0,87220.0,880.0,DTg,,7.0,3986.0,3986.0,0.07972,P,DTgP,6.0,130423.0,350.0,6.0,130423.0,350.0,21737.166666666668,58.333333333333336
2230,Posterodorsal tegmental nucleus,PDTg,255.0,174.0,87.0,87230.0,880.0,DTg,,7.0,6666.0,6666.0,0.13332,P,PDTg,47.0,399022.0,1240.0,47.0,399022.0,1240.0,8489.829787234043,26.382978723404257
898,Central gray,CG,255.0,174.0,120.0,87400.0,987.0,P-mot,,6.0,,23974.0,0.47948,P,CG,,0.0,0.0,284.0,4037432.0,10981.0,14216.30985915493,38.66549295774648
1978,"Central gray, leaf",CG_leaf,255.0,174.0,120.0,87400.0,898.0,CG,,7.0,13782.0,13782.0,0.27564,P,misc,151.0,1985005.0,5607.0,151.0,1985005.0,5607.0,13145.728476821192,37.13245033112583
2215,"Central gray, alpha part",CGA,255.0,174.0,120.0,87410.0,898.0,CG,,7.0,4936.0,4936.0,0.09872,P,A,91.0,1571702.0,3998.0,91.0,1571702.0,3998.0,17271.45054945055,43.934065934065934
2216,"Central gray, beta part",CGB,255.0,174.0,120.0,87420.0,898.0,CG,,7.0,3648.0,3648.0,0.07296,P,B,22.0,201051.0,647.0,22.0,201051.0,647.0,9138.681818181818,29.40909090909091
2231,"Central gray, gamma part",CGG,255.0,174.0,120.0,87430.0,898.0,CG,,7.0,904.0,904.0,0.01808,P,G,5.0,61955.0,190.0,5.0,61955.0,190.0,12391.0,38.0
2221,"Central gray, nucleus O",CGO,255.0,174.0,120.0,87440.0,898.0,CG,,7.0,704.0,704.0,0.01408,P,O,15.0,217719.0,539.0,15.0,217719.0,539.0,14514.6,35.93333333333333
931,Pontine nuclei,Pn,255.0,174.0,92.0,87500.0,987.0,P-mot,,6.0,44750.0,44750.0,0.895,P,Pn,2241.0,31221684.0,75551.0,2241.0,31221684.0,75551.0,13932.032128514056,33.71307452030344
2206,"Pontine reticular nucleus, caudal part",PnC,255.0,174.0,85.0,87600.0,987.0,P-mot,,6.0,89472.0,89472.0,1.78944,P,PnC,221.0,2586235.0,7247.0,221.0,2586235.0,7247.0,11702.420814479638,32.79185520361991
2197,Dorsomedial tegmental area,DMTg,255.0,174.0,85.0,87610.0,1117.0,P-sat,,6.0,22320.0,22320.0,0.4464,P,DMTg,36.0,239452.0,792.0,36.0,239452.0,792.0,6651.444444444444,22.0
2220,Sphenoid nucleus,Sph,255.0,174.0,92.0,87710.0,987.0,P-mot,,6.0,734.0,734.0,0.01468,P,Sph,10.0,77374.0,269.0,10.0,77374.0,269.0,7737.4,26.9
318,Supragenual nucleus,SGe,255.0,174.0,84.0,87800.0,987.0,P-mot,,6.0,316.0,316.0,0.00632,P,SGe,3.0,36292.0,104.0,3.0,36292.0,104.0,12097.333333333334,34.666666666666664
462,Superior salivatory nucleus,SuS,255.0,174.0,83.0,87900.0,987.0,P-mot,,6.0,1938.0,1938.0,0.03876,P,SuS,17.0,271833.0,657.0,17.0,271833.0,657.0,15990.176470588236,38.64705882352941
534,Supratrigeminal nucleus,Su5,255.0,174.0,82.0,88000.0,987.0,P-mot,,6.0,6570.0,6570.0,0.1314,P,Su5,111.0,1468358.0,4307.0,111.0,1468358.0,4307.0,13228.450450450451,38.8018018018018
1977,"Reticulotegmental nucleus of the pons, leaf",RtTg_leaf,255.0,174.0,81.0,88100.0,574.0,RtTg,,7.0,13606.0,13606.0,0.27212,P,misc,345.0,5782613.0,15463.0,345.0,5782613.0,15463.0,16761.197101449274,44.82028985507247
574,Reticulotegmental nucleus of the pons,RtTg,255.0,174.0,81.0,88100.0,987.0,P-mot,,6.0,,18806.0,0.37612,P,RtTg,,0.0,0.0,491.0,7739012.0,20824.0,15761.735234215887,42.41140529531568
2165,"Reticulotegmental nucleus of the pons, pericentral part",RtTgP,255.0,174.0,81.0,88110.0,574.0,RtTg,,7.0,5200.0,5200.0,0.104,P,RtTgP,146.0,1956399.0,5361.0,146.0,1956399.0,5361.0,13399.993150684932,36.71917808219178
2166,B9 serotonin cells,B9,255.0,174.0,81.0,88120.0,771.0,P,,5.0,396.0,396.0,0.00792,P,B9,17.0,322283.0,822.0,17.0,322283.0,822.0,18957.823529411766,48.35294117647059
621,Motor trigeminal nucleus,5N,255.0,174.0,104.0,88200.0,987.0,P-mot,,6.0,,22404.0,0.44808,P,5N,,0.0,0.0,95.0,1471337.0,3985.0,15487.757894736842,41.94736842105263
2506,"Motor trigeminal nucleus, leaf",5N_leaf,255.0,174.0,104.0,88200.0,621.0,5N,,7.0,996.0,996.0,0.01992,P,misc,2.0,37563.0,97.0,2.0,37563.0,97.0,18781.5,48.5
2453,"Motor trigeminal nucleus, temporalis part",5Te,255.0,174.0,104.0,88210.0,621.0,5N,,7.0,3998.0,3998.0,0.07996,P,5Te,17.0,195624.0,605.0,17.0,195624.0,605.0,11507.29411764706,35.588235294117645
2204,"Motor trigeminal nucleus, anterior digastric part",5ADi,255.0,174.0,104.0,88210.0,621.0,5N,,7.0,1458.0,1458.0,0.02916,P,5ADi,18.0,245345.0,702.0,18.0,245345.0,702.0,13630.277777777777,39.0
2454,"Motor trigeminal nucleus, masseter part",5Ma,255.0,174.0,104.0,88220.0,621.0,5N,,7.0,7214.0,7214.0,0.14428,P,5Ma,14.0,189054.0,561.0,14.0,189054.0,561.0,13503.857142857143,40.07142857142857
2194,Interfascicular trigeminar nucleus,IF5/5TT,255.0,174.0,104.0,88220.0,621.0,5N,,7.0,4364.0,4364.0,0.08728,P,IF5/5TT,24.0,358805.0,973.0,24.0,358805.0,973.0,14950.208333333334,40.541666666666664
2455,"Motor trigeminal nucleus, medial pterygoid part",5MPt,255.0,174.0,104.0,88230.0,621.0,5N,,7.0,4374.0,4374.0,0.08748,P,5MPt,20.0,444946.0,1047.0,20.0,444946.0,1047.0,22247.3,52.35
2193,Peritrigeminal zone,P5,255.0,174.0,104.0,88230.0,987.0,P-mot,,6.0,11326.0,11326.0,0.22652,P,P5,49.0,917711.0,2532.0,49.0,917711.0,2532.0,18728.79591836735,51.673469387755105
1117,"Pons, behavioral state related",P-sat,255.0,172.0,120.0,88300.0,771.0,P,,5.0,,235202.0,4.70404,P,P-sat,,0.0,0.0,942.0,11785657.0,32388.0,12511.313163481953,34.382165605095544
679,Nucleus raphÈ,NR,255.0,172.0,119.0,88400.0,1117.0,P-sat,,6.0,,35352.0,0.70704,P,NR,,0.0,0.0,200.0,3419265.0,8899.0,17096.325,44.495
137,Paramedian raphÈ nucleus,PMnR,255.0,172.0,119.0,88500.0,679.0,NR,,7.0,24278.0,24278.0,0.48556,P,PMnR,71.0,1149143.0,2974.0,71.0,1149143.0,2974.0,16185.112676056338,41.88732394366197
130,Median raphÈ nucleus,MnR,255.0,172.0,119.0,88600.0,679.0,NR,,7.0,11074.0,11074.0,0.22148,P,MnR,129.0,2270122.0,5925.0,129.0,2270122.0,5925.0,17597.84496124031,45.93023255813954
147,Locus coeruleus,LC,255.0,172.0,118.0,88700.0,1117.0,P-sat,,6.0,4216.0,4216.0,0.08432,P,LC,96.0,1002931.0,3064.0,96.0,1002931.0,3064.0,10447.197916666666,31.916666666666668
2284,Laterodorsal tegmental nucleus,LDT,255.0,172.0,117.0,88800.0,1117.0,P-sat,,6.0,,28192.0,0.56384,P,LDT,,0.0,0.0,252.0,2220812.0,6878.0,8812.746031746032,27.293650793650794
2513,"Laterodorsal tegmental nucleus, dorsal part, leaf",LDTg_leaf,255.0,172.0,117.0,88810.0,162.0,LDTg,,8.0,4096.0,4096.0,0.08192,P,misc,64.0,563254.0,1796.0,64.0,563254.0,1796.0,8800.84375,28.0625
162,"Laterodorsal tegmental nucleus, dorsal part",LDTg,255.0,172.0,117.0,88810.0,2284.0,LDT,,7.0,,21014.0,0.42028,P,LDTg,,0.0,0.0,217.0,1938084.0,5976.0,8931.262672811059,27.53917050691244
2366,"Laterodorsal tegmental nucleus, dorsal part, lateral division",LDTdl,255.0,172.0,117.0,88820.0,162.0,LDTg,,8.0,9518.0,9518.0,0.19036,P,dl,87.0,796201.0,2459.0,87.0,796201.0,2459.0,9151.735632183909,28.264367816091955
2367,"Laterodorsal tegmental nucleus, dorsal part, medial division",LDTdm,255.0,172.0,117.0,88830.0,162.0,LDTg,,8.0,7400.0,7400.0,0.148,P,dm,66.0,578629.0,1721.0,66.0,578629.0,1721.0,8767.10606060606,26.075757575757574
2195,"Laterodorsal tegmental nucleus, ventral part",LDTgV,255.0,172.0,117.0,88840.0,2284.0,LDT,,7.0,7178.0,7178.0,0.14356,P,LDTgV,35.0,282728.0,902.0,35.0,282728.0,902.0,8077.942857142857,25.771428571428572
146,Pontine reticular nucleus,PRNr,255.0,172.0,120.0,89000.0,1117.0,P-sat,,6.0,,135354.0,2.70708,P,PRNr,,0.0,0.0,259.0,3915534.0,9778.0,15117.891891891892,37.75289575289575
2205,"Pontine reticular nucleus, oral part",PnO,255.0,172.0,120.0,89010.0,146.0,PRNr,,7.0,123986.0,123986.0,2.47972,P,PnO,249.0,3802739.0,9441.0,249.0,3802739.0,9441.0,15272.044176706828,37.91566265060241
2217,"Pontine reticular nucleus, ventral part",PnV,255.0,172.0,120.0,89020.0,146.0,PRNr,,7.0,11128.0,11128.0,0.22256,P,PnV,9.0,104800.0,311.0,9.0,104800.0,311.0,11644.444444444445,34.55555555555556
2182,Epirubrospinal nucleus,ERS,255.0,172.0,120.0,89030.0,146.0,PRNr,,7.0,240.0,240.0,0.0048,P,ERS,1.0,7995.0,26.0,1.0,7995.0,26.0,7995.0,26.0
2185,Medial paralemniscial nucleus,MPL,255.0,172.0,120.0,89040.0,1117.0,P-sat,,6.0,5218.0,5218.0,0.10436,P,MPL,81.0,809380.0,2447.0,81.0,809380.0,2447.0,9992.345679012345,30.209876543209877
2186,"Perilemniscal nucleus, ventral part",PLV,255.0,172.0,120.0,89050.0,1117.0,P-sat,,6.0,3022.0,3022.0,0.06044,P,PLV,12.0,106928.0,320.0,12.0,106928.0,320.0,8910.666666666666,26.666666666666668
238,Pontine raphÈ nucleus,PnR,255.0,172.0,115.0,89100.0,1117.0,P-sat,,6.0,1528.0,1528.0,0.03056,P,PnR,6.0,71355.0,210.0,6.0,71355.0,210.0,11892.5,35.0
855,"Medulla, leaf",MY_leaf,255.0,160.0,176.0,89400.0,354.0,MY,,5.0,46252.0,46252.0,0.92504,MY,misc,128.0,1280549.0,3752.0,128.0,1280549.0,3752.0,10004.2890625,29.3125
354,Medulla,MY,255.0,160.0,176.0,89400.0,1065.0,HB,,4.0,,1410676.0,28.21352,MY,MY,,0.0,0.0,14911.0,211862682.0,544071.0,14208.482462611495,36.48789484273355
386,"Medulla, sensory related",MY-sen,255.0,176.0,176.0,89500.0,354.0,MY,,5.0,,327194.0,6.54388,MY,MY-sen,,0.0,0.0,6725.0,100816147.0,242574.0,14991.248624535316,36.070483271375466
207,Area postrema,AP,255.0,176.0,178.0,89600.0,386.0,MY-sen,,6.0,3328.0,3328.0,0.06656,MY,AP,24.0,332722.0,887.0,24.0,332722.0,887.0,13863.416666666666,36.958333333333336
2274,Area subpostrema,SubP,255.0,176.0,178.0,89610.0,386.0,MY-sen,,6.0,686.0,686.0,0.01372,MY,SubP,24.0,258876.0,754.0,24.0,258876.0,754.0,10786.5,31.416666666666668
607,Cochlear nuclei,CN,255.0,176.0,177.0,89700.0,386.0,MY-sen,,6.0,,65934.0,1.31868,MY,CN,,0.0,0.0,2493.0,32012917.0,75653.0,12841.12194143602,30.346169273967107
112,Granule cell layer of the cochlear nuclei,GrC (VCCap in 81),255.0,176.0,177.0,89800.0,607.0,CN,,7.0,8900.0,8900.0,0.178,MY,GrC (VCCap in 81),536.0,6827590.0,16032.0,536.0,6827590.0,16032.0,12738.041044776119,29.91044776119403
560,"Ventral cochlear nucleus, granule cell layer",VCAGr,255.0,176.0,177.0,89900.0,607.0,CN,,7.0,,0.0,0.0,MY,VCAGr,,0.0,0.0,0.0,0.0,0.0,,
96,Dorsal cochlear nucleus,DC,255.0,155.0,205.0,90000.0,607.0,CN,,7.0,,23030.0,0.4606,MY,DC,,0.0,0.0,905.0,10813845.0,26267.0,11949.0,29.024309392265195
1964,"Dorsal cochlear nucleus, leaf",DC_leaf,255.0,155.0,205.0,90000.0,96.0,DC,,8.0,5182.0,5182.0,0.10364,MY,misc,161.0,1674192.0,4085.0,161.0,1674192.0,4085.0,10398.708074534161,25.372670807453417
2234,"Dorsal cochlear nucleus, molecular layer",DCMo,255.0,155.0,205.0,90010.0,96.0,DC,,8.0,7094.0,7094.0,0.14188,MY,o,185.0,2195279.0,5322.0,185.0,2195279.0,5322.0,11866.372972972973,28.767567567567568
2235,"Dorsal cochlear nucleus, fusiform layer",DCFu,255.0,155.0,205.0,90020.0,96.0,DC,,8.0,4648.0,4648.0,0.09296,MY,u,221.0,2684735.0,6465.0,221.0,2684735.0,6465.0,12148.1221719457,29.25339366515837
2236,"Dorsal cochlear nucleus, deep layer",DCDp,255.0,155.0,205.0,90030.0,96.0,DC,,8.0,6106.0,6106.0,0.12212,MY,p,338.0,4259639.0,10395.0,338.0,4259639.0,10395.0,12602.48224852071,30.754437869822485
101,Ventral cochlear nucleus,VC,255.0,155.0,205.0,90100.0,607.0,CN,,7.0,,34004.0,0.68008,MY,VC,,0.0,0.0,1052.0,14371482.0,33354.0,13661.104562737642,31.70532319391635
2238,"Ventral cochlear nucleus, anterior part",VCA,255.0,155.0,205.0,90110.0,101.0,VC,,8.0,26312.0,26312.0,0.52624,MY,A,674.0,8952423.0,21139.0,674.0,8952423.0,21139.0,13282.526706231454,31.363501483679524
2237,"Ventral cochlear nucleus, posterior part",VCP,255.0,155.0,205.0,90120.0,101.0,VC,,8.0,3314.0,3314.0,0.06628,MY,P,173.0,2121254.0,5213.0,173.0,2121254.0,5213.0,12261.583815028902,30.13294797687861
2243,"Ventral cochlear nucleus, posterior part, octopus cell area",VCPO,255.0,155.0,205.0,90130.0,101.0,VC,,8.0,4378.0,4378.0,0.08756,MY,PO,205.0,3297805.0,7002.0,205.0,3297805.0,7002.0,16086.853658536585,34.15609756097561
720,Dorsal column nuclei,DCN,255.0,177.0,176.0,90200.0,386.0,MY-sen,,6.0,,18310.0,0.3662,MY,DCN,,0.0,0.0,15.0,197128.0,533.0,13141.866666666667,35.53333333333333
2512,"Cuneate nucleus, leaf",Cu_leaf,255.0,177.0,177.0,90300.0,711.0,Cu,,8.0,12946.0,12946.0,0.25892,MY,misc,4.0,59613.0,161.0,4.0,59613.0,161.0,14903.25,40.25
711,Cuneate nucleus,Cu,255.0,177.0,177.0,90300.0,720.0,DCN,,7.0,,16578.0,0.33156,MY,Cu,,0.0,0.0,15.0,197128.0,533.0,13141.866666666667,35.53333333333333
2285,"Cuneate nucleus, dorsal part",CuD,255.0,177.0,177.0,90310.0,711.0,Cu,,8.0,706.0,706.0,0.01412,MY,D,,0.0,0.0,0.0,0.0,0.0,,
2278,"Cuneate nucleus, rotundus part",CuR,255.0,177.0,177.0,90320.0,711.0,Cu,,8.0,2926.0,2926.0,0.05852,MY,R,11.0,137515.0,372.0,11.0,137515.0,372.0,12501.363636363636,33.81818181818182
1039,Gracile nucleus,Gr,255.0,177.0,178.0,90400.0,720.0,DCN,,7.0,1732.0,1732.0,0.03464,MY,Gr,,0.0,0.0,0.0,0.0,0.0,,
903,External cuneate nucleus,ECu,255.0,176.0,179.0,90500.0,386.0,MY-sen,,6.0,9868.0,9868.0,0.19736,MY,ECu,78.0,1500933.0,3474.0,78.0,1500933.0,3474.0,19242.73076923077,44.53846153846154
642,Nucleus of the trapezoid body,Tz,255.0,176.0,181.0,90600.0,386.0,MY-sen,,6.0,8278.0,8278.0,0.16556,MY,Tz,10.0,147919.0,383.0,10.0,147919.0,383.0,14791.9,38.3
2249,Trigeminal-solitary transition zone,5Sol,255.0,176.0,181.0,90610.0,386.0,MY-sen,,6.0,5032.0,5032.0,0.10064,MY,5Sol,87.0,931022.0,2667.0,87.0,931022.0,2667.0,10701.402298850575,30.655172413793103
1619,"Solitary nucleus, leaf",Sol_leaf,255.0,178.0,176.0,90700.0,651.0,Sol,,7.0,234.0,234.0,0.00468,MY,misc,,0.0,0.0,0.0,0.0,0.0,,
651,Solitary nucleus,Sol,255.0,178.0,176.0,90700.0,386.0,MY-sen,,6.0,,34920.0,0.6984,MY,Sol,,0.0,0.0,760.0,9823576.0,26334.0,12925.757894736842,34.65
659,"Solitary nucleus, central part",SolCe,255.0,178.0,177.0,90800.0,651.0,Sol,,7.0,718.0,718.0,0.01436,MY,Ce,18.0,208746.0,626.0,18.0,208746.0,626.0,11597.0,34.77777777777778
666,"Solitary nucleus, commissural part",SolC,255.0,178.0,178.0,90900.0,651.0,Sol,,7.0,2686.0,2686.0,0.05372,MY,C,61.0,765773.0,2075.0,61.0,765773.0,2075.0,12553.655737704918,34.01639344262295
674,"Solitary nucleus, gelatinous part",SolG,255.0,178.0,179.0,91000.0,651.0,Sol,,7.0,870.0,870.0,0.0174,MY,G,1.0,3365.0,13.0,1.0,3365.0,13.0,3365.0,13.0
2250,"Solitary nucleus, intermediate part",SolIM,255.0,178.0,179.0,91010.0,651.0,Sol,,7.0,3168.0,3168.0,0.06336,MY,IM,100.0,1301019.0,3507.0,100.0,1301019.0,3507.0,13010.19,35.07
682,"Solitary nucleus, lateral part",SolL,255.0,178.0,180.0,91100.0,651.0,Sol,,7.0,4752.0,4752.0,0.09504,MY,L,55.0,543909.0,1660.0,55.0,543909.0,1660.0,9889.254545454545,30.181818181818183
691,"Solitary nucleus, medial part",SolM,255.0,178.0,181.0,91200.0,651.0,Sol,,7.0,8338.0,8338.0,0.16676,MY,M,318.0,4335196.0,11170.0,318.0,4335196.0,11170.0,13632.691823899371,35.125786163522015
2263,"Solitary nucleus, ventral part",SolV,255.0,178.0,181.0,91210.0,651.0,Sol,,7.0,4764.0,4764.0,0.09528,MY,V,121.0,1539092.0,4260.0,121.0,1539092.0,4260.0,12719.768595041322,35.20661157024794
2273,"Solitary nucleus, ventrolateral part",SolVL,255.0,178.0,181.0,91220.0,651.0,Sol,,7.0,1880.0,1880.0,0.0376,MY,VL,37.0,598360.0,1473.0,37.0,598360.0,1473.0,16171.891891891892,39.810810810810814
2271,"Solitary nucleus, dorsolateral part",SolDL,255.0,178.0,181.0,91230.0,651.0,Sol,,7.0,2580.0,2580.0,0.0516,MY,DL,8.0,70220.0,224.0,8.0,70220.0,224.0,8777.5,28.0
2264,"Solitary nucleus, dorsomedial part",SolDM,255.0,178.0,181.0,91240.0,651.0,Sol,,7.0,4052.0,4052.0,0.08104,MY,DM,37.0,425800.0,1223.0,37.0,425800.0,1223.0,11508.108108108108,33.054054054054056
2265,"Solitary nucleus, interstitial part",SolI,255.0,178.0,181.0,91250.0,651.0,Sol,,7.0,598.0,598.0,0.01196,MY,I,4.0,32096.0,103.0,4.0,32096.0,103.0,8024.0,25.75
2470,"Soltary nucleus, rostrolateral part",SolRL,255.0,178.0,181.0,91260.0,651.0,Sol,,7.0,280.0,280.0,0.0056,MY,RL,,0.0,0.0,0.0,0.0,0.0,,
429,"Spinal trigeminal nucleus, caudal part",Sp5C,255.0,176.0,183.0,91300.0,386.0,MY-sen,,6.0,35906.0,35906.0,0.71812,MY,Sp5C,1162.0,21118531.0,48457.0,1162.0,21118531.0,48457.0,18174.295180722893,41.7013769363167
437,"Spinal trigeminal nucleus, interpolar part",Sp5I,255.0,176.0,184.0,91400.0,386.0,MY-sen,,6.0,90494.0,90494.0,1.80988,MY,Sp5I,1584.0,27658240.0,64635.0,1584.0,27658240.0,64635.0,17461.010101010103,40.80492424242424
445,"Spinal trigeminal nucleus, oral part",Sp5O,255.0,176.0,182.0,91500.0,386.0,MY-sen,,6.0,,54144.0,1.08288,MY,Sp5O,,0.0,0.0,481.0,6739581.0,18551.0,14011.602910602911,38.567567567567565
47,"Spinal trigeminal nucleus, oral part, leaf",Sp5O_leaf,255.0,176.0,182.0,91500.0,445.0,Sp5O,,7.0,27724.0,27724.0,0.55448,MY,misc,113.0,1476734.0,4026.0,113.0,1476734.0,4026.0,13068.442477876106,35.6283185840708
45,Dorsomedial spinal trigeminal nucleus,DMSp5,255.0,176.0,182.0,91900.0,445.0,Sp5O,,7.0,26420.0,26420.0,0.5284,MY,DMSp5,368.0,5262847.0,14525.0,368.0,5262847.0,14525.0,14301.214673913044,39.47010869565217
2270,Paratrigeminal nucleus,Pa5,255.0,176.0,182.0,92010.0,386.0,MY-sen,,6.0,294.0,294.0,0.00588,MY,Pa5,7.0,94702.0,246.0,7.0,94702.0,246.0,13528.857142857143,35.142857142857146
370,"Medulla, motor related",MY-mot,255.0,212.0,219.0,92200.0,354.0,MY,,5.0,,1018320.0,20.3664,MY,MY-mot,,0.0,0.0,8038.0,109633160.0,297313.0,13639.358049265986,36.98842995770092
1310,"Medulla, motor related, leaf",MY-mot_leaf,255.0,212.0,219.0,92200.0,370.0,MY-mot,,6.0,1584.0,1584.0,0.03168,MY,misc,20.0,211011.0,641.0,20.0,211011.0,641.0,10550.55,32.05
2198,"Subcoeruleus nucleus, alpha part",SubCA,255.0,212.0,219.0,92210.0,370.0,MY-mot,,6.0,2656.0,2656.0,0.05312,MY,SubCA,6.0,77674.0,201.0,6.0,77674.0,201.0,12945.666666666666,33.5
2199,"Subcoeruleus nucleus, dorsal part",SubCD,255.0,212.0,219.0,92220.0,370.0,MY-mot,,6.0,11980.0,11980.0,0.2396,MY,SubCD,73.0,862984.0,2533.0,73.0,862984.0,2533.0,11821.698630136987,34.6986301369863
2200,"Subcoeruleus nucleus, ventral part",SubCV,255.0,212.0,219.0,92230.0,370.0,MY-mot,,6.0,24284.0,24284.0,0.48568,MY,SubCV,405.0,5763968.0,15660.0,405.0,5763968.0,15660.0,14232.019753086419,38.666666666666664
653,Abducens nucleus,6N,255.0,212.0,225.0,92300.0,370.0,MY-mot,,6.0,,2160.0,0.0432,MY,6N,,0.0,0.0,3.0,19934.0,65.0,6644.666666666667,21.666666666666668
1983,"Abducens nucleus, leaf",6N_leaf,255.0,212.0,225.0,92300.0,653.0,6N,,7.0,766.0,766.0,0.01532,MY,misc,2.0,17265.0,55.0,2.0,17265.0,55.0,8632.5,27.5
2229,Paraabducens nucleus,Pa6,255.0,212.0,225.0,92310.0,653.0,6N,,7.0,1394.0,1394.0,0.02788,MY,Pa6,1.0,2669.0,10.0,1.0,2669.0,10.0,2669.0,10.0
2228,"Abducens nucleus, retractor bulbi part",6RB,255.0,212.0,226.0,92400.0,370.0,MY-mot,,6.0,592.0,592.0,0.01184,MY,6RB,6.0,89398.0,270.0,6.0,89398.0,270.0,14899.666666666666,45.0
2509,"Facial nucleus, leaf",7N_leaf,255.0,212.0,234.0,92500.0,661.0,7N,,7.0,13428.0,13428.0,0.26856,MY,misc,53.0,618792.0,1889.0,53.0,618792.0,1889.0,11675.32075471698,35.64150943396226
661,Facial nucleus,7N,255.0,212.0,234.0,92500.0,370.0,MY-mot,,6.0,,38610.0,0.7722,MY,7N,,0.0,0.0,121.0,1883323.0,5144.0,15564.652892561984,42.51239669421488
2226,Perifacial zone,P7,255.0,212.0,234.0,92510.0,661.0,7N,,7.0,8758.0,8758.0,0.17516,MY,P7,31.0,499356.0,1397.0,31.0,499356.0,1397.0,16108.258064516129,45.064516129032256
2462,"Facial nucleus, lateral subnucleus",7L,255.0,212.0,234.0,92520.0,661.0,7N,,7.0,3994.0,3994.0,0.07988,MY,L,8.0,322692.0,721.0,8.0,322692.0,721.0,40336.5,90.125
2463,"Facial nucleus, dorsolateral subnucleus",7DL,255.0,212.0,234.0,92530.0,661.0,7N,,7.0,2076.0,2076.0,0.04152,MY,DL,3.0,16773.0,58.0,3.0,16773.0,58.0,5591.0,19.333333333333332
2464,"Facial nucleus, ventral intermediate subnucleus",7VI,255.0,212.0,234.0,92540.0,661.0,7N,,7.0,2106.0,2106.0,0.04212,MY,VI,1.0,5006.0,17.0,1.0,5006.0,17.0,5006.0,17.0
2465,"Facial nucleus, dorsal intermediate subnucleus",7DI,255.0,212.0,234.0,92550.0,661.0,7N,,7.0,3838.0,3838.0,0.07676,MY,DI,9.0,172914.0,441.0,9.0,172914.0,441.0,19212.666666666668,49.0
2466,"Facial nucleus, dorsomedial subnucleus",7DM,255.0,212.0,234.0,92560.0,661.0,7N,,7.0,2352.0,2352.0,0.04704,MY,DM,9.0,195008.0,453.0,9.0,195008.0,453.0,21667.555555555555,50.333333333333336
2467,"Facial nucleus, ventromedial subnucleus",7VM ,255.0,212.0,234.0,92570.0,661.0,7N,,7.0,2058.0,2058.0,0.04116,MY,VM,7.0,52782.0,168.0,7.0,52782.0,168.0,7540.285714285715,24.0
576,"Facial motor nucleus, stylohyoid part",7SH,255.0,212.0,235.0,92600.0,370.0,MY-mot,,6.0,1152.0,1152.0,0.02304,MY,7SH,2.0,13187.0,46.0,2.0,13187.0,46.0,6593.5,23.0
640,Nucleus of the origin of efferents of the vestibular nerve,EVe,255.0,212.0,230.0,92700.0,370.0,MY-mot,,6.0,784.0,784.0,0.01568,MY,EVe,5.0,32772.0,106.0,5.0,32772.0,106.0,6554.4,21.2
2472,Ambiguus nucleus,Amb,255.0,212.0,216.0,92800.0,370.0,MY-mot,,6.0,,5330.0,0.1066,MY,Amb,,0.0,0.0,30.0,343097.0,937.0,11436.566666666668,31.233333333333334
135,"Ambiguus nucleus, compact part",AmbC,255.0,212.0,216.0,92810.0,2472.0,Amb,,7.0,3504.0,3504.0,0.07008,MY,AmbC,25.0,299480.0,804.0,25.0,299480.0,804.0,11979.2,32.16
2277,"Ambiguus nucleus, loose part",AmbL,255.0,212.0,216.0,92820.0,2472.0,Amb,,7.0,872.0,872.0,0.01744,MY,AmbL,3.0,30430.0,93.0,3.0,30430.0,93.0,10143.333333333334,31.0
2471,Retroambiguus nucleus,Rambn,255.0,212.0,216.0,92830.0,2472.0,Amb,,7.0,954.0,954.0,0.01908,MY,Rambn,2.0,13187.0,40.0,2.0,13187.0,40.0,6593.5,20.0
839,Vagus nerve nucleus,10N,255.0,212.0,184.0,93100.0,370.0,MY-mot,,6.0,5148.0,5148.0,0.10296,MY,10N,366.0,5084118.0,12948.0,366.0,5084118.0,12948.0,13891.032786885246,35.377049180327866
1974,"Gigantocellular reticular nucleus, leaf",Gi_leaf,255.0,212.0,187.0,93300.0,1048.0,Gi,,7.0,112484.0,112484.0,2.24968,MY,misc,211.0,2372109.0,6977.0,211.0,2372109.0,6977.0,11242.222748815166,33.06635071090047
1048,Gigantocellular reticular nucleus,Gi,255.0,212.0,187.0,93300.0,370.0,MY-mot,,6.0,,132536.0,2.65072,MY,Gi,,0.0,0.0,240.0,2612116.0,7709.0,10883.816666666668,32.12083333333333
2223,"Gigantocellular reticular nucleus, alpha part",GiA,255.0,212.0,187.0,93310.0,1048.0,Gi,,7.0,9492.0,9492.0,0.18984,MY,A,9.0,50683.0,168.0,9.0,50683.0,168.0,5631.444444444444,18.666666666666668
2224,"Gigantocellular reticular nucleus, ventral part",GiV,255.0,212.0,187.0,93320.0,1048.0,Gi,,7.0,10560.0,10560.0,0.2112,MY,V,20.0,189324.0,564.0,20.0,189324.0,564.0,9466.2,28.2
83,Inferior olivary nucleus,IO,255.0,212.0,189.0,93500.0,370.0,MY-mot,,6.0,,38930.0,0.7786,MY,IO,,0.0,0.0,40.0,317576.0,979.0,7939.4,24.475
2508,"Inferior olivary nucleus, leaf",IO_leaf,255.0,212.0,189.0,93500.0,83.0,IO,,7.0,13862.0,13862.0,0.27724,MY,misc,11.0,89359.0,285.0,11.0,89359.0,285.0,8123.545454545455,25.90909090909091
2253,"Inferior olive, subnucleus A of medial nucleus",IOA,255.0,212.0,189.0,93510.0,83.0,IO,,7.0,1196.0,1196.0,0.02392,MY,A,,0.0,0.0,0.0,0.0,0.0,,
2254,"Inferior olive, subnucleus B of medial nucleus",IOB,255.0,212.0,189.0,93520.0,83.0,IO,,7.0,4058.0,4058.0,0.08116,MY,B,2.0,16482.0,50.0,2.0,16482.0,50.0,8241.0,25.0
2255,"Inferior olive, subnucleus C of medial nucleus",IOC,255.0,212.0,189.0,93530.0,83.0,IO,,7.0,3670.0,3670.0,0.0734,MY,C,,0.0,0.0,0.0,0.0,0.0,,
2256,"Inferior olive, dorsal nucleus",IOD,255.0,212.0,189.0,93540.0,83.0,IO,,7.0,6334.0,6334.0,0.12668,MY,D,10.0,100467.0,296.0,10.0,100467.0,296.0,10046.7,29.6
2257,"Inferior olive, dorsomedial cell group",IODM,255.0,212.0,189.0,93550.0,83.0,IO,,7.0,1080.0,1080.0,0.0216,MY,DM,1.0,4247.0,13.0,1.0,4247.0,13.0,4247.0,13.0
2258,"Inferior olive, principal nucleus",IOPr,255.0,212.0,189.0,93560.0,83.0,IO,,7.0,4726.0,4726.0,0.09452,MY,Pr,,0.0,0.0,0.0,0.0,0.0,,
2259,"Inferior olive, ventrolateral protrusion",IOVL,255.0,212.0,189.0,93570.0,83.0,IO,,7.0,126.0,126.0,0.00252,MY,VL,1.0,7987.0,25.0,1.0,7987.0,25.0,7987.0,25.0
2260,"Inferior olive, cap of Kooy of the medial nucleus",IOK,255.0,212.0,189.0,93580.0,83.0,IO,,7.0,920.0,920.0,0.0184,MY,K,6.0,38915.0,123.0,6.0,38915.0,123.0,6485.833333333333,20.5
2261,"Inferior olive, beta subnucleus of the medial nucleus",IOBe,255.0,212.0,189.0,93590.0,83.0,IO,,7.0,1274.0,1274.0,0.02548,MY,Be,9.0,60119.0,187.0,9.0,60119.0,187.0,6679.888888888889,20.77777777777778
2262,"Inferior olive, medial nucleus",IOM,255.0,212.0,189.0,93595.0,83.0,IO,,7.0,1684.0,1684.0,0.03368,MY,M,,0.0,0.0,0.0,0.0,0.0,,
136,Intermediate reticular nucleus,IRt,255.0,212.0,187.0,93600.0,370.0,MY-mot,,6.0,,172238.0,3.44476,MY,IRt,,0.0,0.0,1583.0,21290828.0,59823.0,13449.670246367656,37.79090334807328
1975,"Intermediate reticular nucleus, leaf",IRt_leaf,255.0,212.0,187.0,93600.0,136.0,IRt,,7.0,145866.0,145866.0,2.91732,MY,misc,1424.0,19224498.0,53666.0,1424.0,19224498.0,53666.0,13500.349719101123,37.686797752808985
2225,"Intermediate reticular nucleus, alpha part",IRtA,255.0,212.0,187.0,93610.0,136.0,IRt,,7.0,26372.0,26372.0,0.52744,MY,A,159.0,2066330.0,6157.0,159.0,2066330.0,6157.0,12995.786163522012,38.723270440251575
106,Inferior salivatory nucleus,IS,255.0,212.0,190.0,93700.0,370.0,MY-mot,,6.0,3046.0,3046.0,0.06092,MY,IS,24.0,262794.0,791.0,24.0,262794.0,791.0,10949.75,32.958333333333336
203,Linear nucleus of the hindbrain,Li,255.0,212.0,191.0,93800.0,370.0,MY-mot,,6.0,1392.0,1392.0,0.02784,MY,Li,11.0,207504.0,595.0,11.0,207504.0,595.0,18864.0,54.09090909090909
964,"Lateral reticular nucleus, leaf",LRt_leaf,255.0,212.0,193.0,93900.0,235.0,LRt,,7.0,19450.0,19450.0,0.389,MY,misc,151.0,1773296.0,5090.0,151.0,1773296.0,5090.0,11743.682119205298,33.70860927152318
235,Lateral reticular nucleus,LRt,255.0,212.0,193.0,93900.0,370.0,MY-mot,,6.0,,19614.0,0.39228,MY,LRt,,0.0,0.0,151.0,1773296.0,5090.0,11743.682119205298,33.70860927152318
963,"Lateral reticular nucleus, parvicellular part",LRtPC,255.0,212.0,193.0,94100.0,235.0,LRt,,7.0,164.0,164.0,0.00328,MY,PC,,0.0,0.0,0.0,0.0,0.0,,
1115,"Paramedian reticular nucleus, leaf",PMn_leaf,255.0,212.0,195.0,94300.0,395.0,PMn,,7.0,25282.0,25282.0,0.50564,MY,misc,80.0,900628.0,2642.0,80.0,900628.0,2642.0,11257.85,33.025
395,Paramedian reticular nucleus,PMn,255.0,212.0,195.0,94300.0,370.0,MY-mot,,6.0,,124952.0,2.49904,MY,PMn,,0.0,0.0,1190.0,15480633.0,41320.0,13008.935294117648,34.72268907563025
1098,"Medullary reticular nucleus, dorsal part",MdD,255.0,212.0,195.0,94400.0,395.0,PMn,,7.0,54744.0,54744.0,1.09488,MY,D,985.0,13192931.0,34611.0,985.0,13192931.0,34611.0,13393.838578680203,35.13807106598985
1107,"Medullary reticular nucleus, ventral part",MdV,255.0,212.0,195.0,94500.0,395.0,PMn,,7.0,44926.0,44926.0,0.89852,MY,V,125.0,1387074.0,4067.0,125.0,1387074.0,4067.0,11096.592,32.536
1973,"Parvicellular reticular nucleus, leaf",PCRt_leaf,255.0,212.0,196.0,94600.0,852.0,PCRt,,7.0,59544.0,59544.0,1.19088,MY,misc,1304.0,17676248.0,47691.0,1304.0,17676248.0,47691.0,13555.40490797546,36.5728527607362
852,Parvicellular reticular nucleus,PCRt,255.0,212.0,196.0,94600.0,370.0,MY-mot,,6.0,,151634.0,3.03268,MY,PCRt,,0.0,0.0,2092.0,27725254.0,76347.0,13252.98948374761,36.49474187380497
2214,"Parvicellular reticular nucleus, alpha part",PCRtA,255.0,212.0,196.0,94610.0,852.0,PCRt,,7.0,92090.0,92090.0,1.8418,MY,A,788.0,10049006.0,28656.0,788.0,10049006.0,28656.0,12752.545685279189,36.36548223350254
2211,Trigeminal transition zone,5Tr,255.0,212.0,196.0,94620.0,370.0,MY-mot,,6.0,4520.0,4520.0,0.0904,MY,5Tr,30.0,447782.0,1253.0,30.0,447782.0,1253.0,14926.066666666668,41.766666666666666
859,Parasolitary nucleus,PSol,255.0,212.0,197.0,94700.0,370.0,MY-mot,,6.0,1006.0,1006.0,0.02012,MY,PSol,11.0,251763.0,546.0,11.0,251763.0,546.0,22887.545454545456,49.63636363636363
938,Lateral paragigantocellular nucleus,LPGi,255.0,212.0,198.0,94800.0,370.0,MY-mot,,6.0,,39812.0,0.79624,MY,LPGi,,0.0,0.0,130.0,1549430.0,4713.0,11918.692307692309,36.253846153846155
1398,"Lateral paragigantocellular nucleus, leaf",LPGi_leaf,255.0,212.0,198.0,94800.0,938.0,LPGi,,7.0,19162.0,19162.0,0.38324,MY,misc,67.0,841332.0,2527.0,67.0,841332.0,2527.0,12557.194029850747,37.71641791044776
2248,"Lateral paragigantocellular nucleus, external part",LPGiE,255.0,212.0,198.0,94810.0,938.0,LPGi,,7.0,3958.0,3958.0,0.07916,MY,E,36.0,435252.0,1324.0,36.0,435252.0,1324.0,12090.333333333334,36.77777777777778
970,Dorsal paragigantocellular nucleus,DPGi,255.0,212.0,198.0,94900.0,938.0,LPGi,,7.0,16692.0,16692.0,0.33384,MY,DPGi,27.0,272846.0,862.0,27.0,272846.0,862.0,10105.407407407407,31.925925925925927
978,"Paragigantocellular reticular nucleus, lateral part",PGRNl,255.0,212.0,198.0,95000.0,938.0,LPGi,,7.0,,0.0,0.0,MY,PGRNl,,0.0,0.0,0.0,0.0,0.0,,
2252,Caudoventrolateral reticular nucleus,CVL,255.0,212.0,198.0,95010.0,370.0,MY-mot,,6.0,5256.0,5256.0,0.10512,MY,CVL,36.0,317551.0,947.0,36.0,317551.0,947.0,8820.861111111111,26.305555555555557
2469,Rostroventrolateral reticular nucleus,RVL,255.0,212.0,198.0,95020.0,370.0,MY-mot,,6.0,498.0,498.0,0.00996,MY,RVL,1.0,29228.0,79.0,1.0,29228.0,79.0,29228.0,79.0
2269,Rostral ventral respiratory group,RVRG,255.0,212.0,198.0,95030.0,370.0,MY-mot,,6.0,2160.0,2160.0,0.0432,MY,RVRG,13.0,115506.0,354.0,13.0,115506.0,354.0,8885.076923076924,27.23076923076923
2504,"Botzinger complex, leaf",Bo_leaf,255.0,212.0,198.0,95040.0,2468.0,Bo,,7.0,338.0,338.0,0.00676,MY,misc,2.0,21682.0,68.0,2.0,21682.0,68.0,10841.0,34.0
2468,Botzinger complex,Bo,255.0,212.0,198.0,95040.0,370.0,MY-mot,,6.0,,1892.0,0.03784,MY,Bo,,0.0,0.0,11.0,144320.0,437.0,13120.0,39.72727272727273
2251,Pre-Botzinger complex,PrBo,255.0,212.0,198.0,95050.0,2468.0,Bo,,7.0,1554.0,1554.0,0.03108,MY,PrBo,9.0,122638.0,369.0,9.0,122638.0,369.0,13626.444444444445,41.0
154,Perihypoglossal nuclei,PHY,255.0,212.0,219.0,95100.0,370.0,MY-mot,,6.0,,22400.0,0.448,MY,PHY,,0.0,0.0,172.0,2526115.0,6496.0,14686.71511627907,37.76744186046512
2511,"Intercalated nucleus, leaf",In_leaf,255.0,212.0,219.0,95200.0,161.0,In,,8.0,2702.0,2702.0,0.05404,MY,misc,27.0,396500.0,1034.0,27.0,396500.0,1034.0,14685.185185185184,38.2962962962963
161,Intercalated nucleus,In,255.0,212.0,219.0,95200.0,154.0,PHY,,7.0,,4118.0,0.08236,MY,In,,0.0,0.0,91.0,1656405.0,3851.0,18202.252747252747,42.31868131868132
2276,Intermedius nucleus of the medulla,InM,255.0,212.0,219.0,95210.0,161.0,In,,8.0,1416.0,1416.0,0.02832,MY,M,64.0,1259905.0,2817.0,64.0,1259905.0,2817.0,19686.015625,44.015625
177,Nucleus of Roller,Ro,255.0,212.0,221.0,95300.0,154.0,PHY,,7.0,2078.0,2078.0,0.04156,MY,Ro,14.0,174510.0,523.0,14.0,174510.0,523.0,12465.0,37.357142857142854
169,Prepositus nucleus,Pr,255.0,212.0,219.0,95400.0,154.0,PHY,,7.0,16204.0,16204.0,0.32408,MY,Pr,67.0,695200.0,2122.0,67.0,695200.0,2122.0,10376.119402985074,31.671641791044777
1069,Parapyramidal nucleus,PPy,255.0,212.0,200.0,95600.0,370.0,MY-mot,,6.0,1586.0,1586.0,0.03172,MY,PPy,8.0,95657.0,290.0,8.0,95657.0,290.0,11957.125,36.25
701,Vestibulocerebellar nucleus,VeCb,255.0,212.0,201.0,95900.0,370.0,MY-mot,,6.0,,167178.0,3.34356,MY,VeCb,,0.0,0.0,546.0,7305068.0,19436.0,13379.245421245421,35.5970695970696
889,"Vestibulocerebellar nucleus, leaf",VeCb_leaf,255.0,212.0,201.0,95900.0,701.0,VeCb,,7.0,6004.0,6004.0,0.12008,MY,misc,2.0,27579.0,71.0,2.0,27579.0,71.0,13789.5,35.5
217,Superior vestibular nucleus,SuVe,255.0,214.0,201.0,96000.0,701.0,VeCb,,7.0,17792.0,17792.0,0.35584,MY,SuVe,18.0,170392.0,535.0,18.0,170392.0,535.0,9466.222222222223,29.72222222222222
209,Lateral vestibular nucleus,LVe,255.0,214.0,201.0,96050.0,701.0,VeCb,,7.0,16074.0,16074.0,0.32148,MY,LVe,17.0,297485.0,782.0,17.0,297485.0,782.0,17499.117647058825,46.0
202,Medial vestibular nucleus,MVe,255.0,216.0,201.0,96100.0,701.0,VeCb,,7.0,,92432.0,1.84864,MY,MVe,,0.0,0.0,234.0,2501640.0,7388.0,10690.76923076923,31.572649572649574
1962,"Medial vestibular nucleus, leaf",MVe_leaf,255.0,216.0,201.0,96100.0,202.0,MVe,,8.0,16414.0,16414.0,0.32828,MY,misc,109.0,1178232.0,3466.0,109.0,1178232.0,3466.0,10809.467889908257,31.798165137614678
2232,"Medial vestibular nucleus, magnocellular part",MVeMC,255.0,216.0,201.0,96110.0,202.0,MVe,,8.0,27718.0,27718.0,0.55436,MY,MC,40.0,491927.0,1341.0,40.0,491927.0,1341.0,12298.175,33.525
2516,"Medial vestibular nucleus, parvicellular part, leaf",MVePC_leaf,255.0,216.0,201.0,96120.0,2233.0,MVePC,,9.0,25296.0,25296.0,0.50592,MY,misc,55.0,474497.0,1531.0,55.0,474497.0,1531.0,8627.218181818182,27.836363636363636
2233,"Medial vestibular nucleus, parvicellular part",MVePC,255.0,216.0,201.0,96120.0,202.0,MVe,,8.0,,48300.0,0.966,MY,PC,,0.0,0.0,85.0,831481.0,2581.0,9782.129411764707,30.36470588235294
2368,"Medial vestibular nucleus, parvicellular part, dorsal",MVePd,255.0,216.0,201.0,96130.0,2233.0,MVePC,,9.0,14752.0,14752.0,0.29504,MY,d,19.0,225555.0,681.0,19.0,225555.0,681.0,11871.315789473685,35.8421052631579
2369,"Medial vestibular nucleus, parvicellular part, ventral",MVePv,255.0,216.0,201.0,96140.0,2233.0,MVePC,,9.0,8252.0,8252.0,0.16504,MY,v,11.0,131429.0,369.0,11.0,131429.0,369.0,11948.09090909091,33.54545454545455
225,Spinal vestibular nucleus,SpVe,255.0,212.0,201.0,96200.0,701.0,VeCb,,7.0,32980.0,32980.0,0.6596,MY,SpVe,236.0,3743829.0,9100.0,236.0,3743829.0,9100.0,15863.68220338983,38.559322033898304
2268,F cell group of the vestibular complex,FVe,255.0,212.0,201.0,96310.0,701.0,VeCb,,7.0,580.0,580.0,0.0116,MY,FVe,20.0,329837.0,891.0,20.0,329837.0,891.0,16491.85,44.55
2218,Paracochlear glial substance,PCGS,255.0,212.0,201.0,96320.0,701.0,VeCb,,7.0,1316.0,1316.0,0.02632,MY,PCGS,19.0,234306.0,669.0,19.0,234306.0,669.0,12331.894736842105,35.21052631578947
765,Nucleus X,X,255.0,212.0,202.0,96400.0,370.0,MY-mot,,6.0,5370.0,5370.0,0.1074,MY,X,124.0,1964677.0,4988.0,124.0,1964677.0,4988.0,15844.16935483871,40.225806451612904
2267,Matrix region of the medulla,Mx,255.0,212.0,202.0,96410.0,370.0,MY-mot,,6.0,9226.0,9226.0,0.18452,MY,Mx,184.0,4165024.0,9697.0,184.0,4165024.0,9697.0,22636.0,52.70108695652174
773,Hypoglossal nucleus,12N,255.0,212.0,192.0,96500.0,370.0,MY-mot,,6.0,17134.0,17134.0,0.34268,MY,12N,378.0,6219396.0,15722.0,378.0,6219396.0,15722.0,16453.428571428572,41.592592592592595
2272,Central cervical nucleus of the spinal cord,CeCv,255.0,212.0,192.0,96510.0,370.0,MY-mot,,6.0,414.0,414.0,0.00828,MY,CeCv,24.0,427826.0,1083.0,24.0,427826.0,1083.0,17826.083333333332,45.125
781,Nucleus Y of the vestibular complex,Y,255.0,212.0,203.0,96600.0,370.0,MY-mot,,6.0,1128.0,1128.0,0.02256,MY,Y,1.0,19147.0,55.0,1.0,19147.0,55.0,19147.0,55.0
379,"Medulla, behavioral state related",MY-sat,255.0,176.0,192.0,96800.0,354.0,MY,,5.0,,18910.0,0.3782,MY,MY-sat,,0.0,0.0,20.0,132826.0,432.0,6641.3,21.6
206,RaphÈ magnus nucleus,RMg,255.0,176.0,193.0,96900.0,379.0,MY-sat,,6.0,,14722.0,0.29444,MY,RMg,,0.0,0.0,13.0,87105.0,286.0,6700.384615384615,22.0
1971,"RaphÈ magnus nucleus, leaf",RMg_leaf,255.0,176.0,193.0,96900.0,206.0,RMg,,7.0,12250.0,12250.0,0.245,MY,misc,13.0,87105.0,286.0,13.0,87105.0,286.0,6700.384615384615,22.0
2212,RaphÈ interpositus nucleus,RIP,255.0,176.0,193.0,96910.0,206.0,RMg,,7.0,2472.0,2472.0,0.04944,MY,RIP,,0.0,0.0,0.0,0.0,0.0,,
230,RaphÈ pallidus nucleus,RPa,255.0,176.0,195.0,97000.0,379.0,MY-sat,,6.0,2886.0,2886.0,0.05772,MY,RPa,3.0,18599.0,60.0,3.0,18599.0,60.0,6199.666666666667,20.0
222,RaphÈ obscurus nucleus,ROb,255.0,176.0,194.0,97100.0,379.0,MY-sat,,6.0,1302.0,1302.0,0.02604,MY,ROb,4.0,27122.0,86.0,4.0,27122.0,86.0,6780.5,21.5
0,,,,,,,,,,,,,,,,,238037734.0,547409.0,0.0,238037734.0,547409.0,inf,inf
6,,,,,,,,,,,,,,,,,8512680.0,19996.0,0.0,8512680.0,19996.0,inf,inf
62,,,,,,,,,,,,,,,,,635363.0,1605.0,0.0,635363.0,1605.0,inf,inf
85,,,,,,,,,,,,,,,,,3577966.0,9926.0,0.0,3577966.0,9926.0,inf,inf
86,,,,,,,,,,,,,,,,,150204.0,452.0,0.0,150204.0,452.0,inf,inf
93,,,,,,,,,,,,,,,,,911069.0,2305.0,0.0,911069.0,2305.0,inf,inf
98,,,,,,,,,,,,,,,,,3349537.0,7075.0,0.0,3349537.0,7075.0,inf,inf
102,,,,,,,,,,,,,,,,,12091717.0,25635.0,0.0,12091717.0,25635.0,inf,inf
103,,,,,,,,,,,,,,,,,24249435.0,53873.0,0.0,24249435.0,53873.0,inf,inf
117,,,,,,,,,,,,,,,,,63437.0,190.0,0.0,63437.0,190.0,inf,inf
125,,,,,,,,,,,,,,,,,22904939.0,51687.0,0.0,22904939.0,51687.0,inf,inf
140,,,,,,,,,,,,,,,,,663362.0,1888.0,0.0,663362.0,1888.0,inf,inf
153,,,,,,,,,,,,,,,,,2439837.0,6112.0,0.0,2439837.0,6112.0,inf,inf
158,,,,,,,,,,,,,,,,,52626.0,164.0,0.0,52626.0,164.0,inf,inf
164,,,,,,,,,,,,,,,,,191417.0,466.0,0.0,191417.0,466.0,inf,inf
190,,,,,,,,,,,,,,,,,16803.0,52.0,0.0,16803.0,52.0,inf,inf
237,,,,,,,,,,,,,,,,,478747.0,1316.0,0.0,478747.0,1316.0,inf,inf
293,,,,,,,,,,,,,,,,,84793.0,259.0,0.0,84793.0,259.0,inf,inf
336,,,,,,,,,,,,,,,,,22778.0,68.0,0.0,22778.0,68.0,inf,inf
341,,,,,,,,,,,,,,,,,40781.0,129.0,0.0,40781.0,129.0,inf,inf
396,,,,,,,,,,,,,,,,,285310.0,883.0,0.0,285310.0,883.0,inf,inf
397,,,,,,,,,,,,,,,,,22293.0,62.0,0.0,22293.0,62.0,inf,inf
413,,,,,,,,,,,,,,,,,3104336.0,7320.0,0.0,3104336.0,7320.0,inf,inf
436,,,,,,,,,,,,,,,,,1574092.0,3917.0,0.0,1574092.0,3917.0,inf,inf
443,,,,,,,,,,,,,,,,,10909636.0,28080.0,0.0,10909636.0,28080.0,inf,inf
449,,,,,,,,,,,,,,,,,98525.0,306.0,0.0,98525.0,306.0,inf,inf
466,,,,,,,,,,,,,,,,,14624329.0,36537.0,0.0,14624329.0,36537.0,inf,inf
482,,,,,,,,,,,,,,,,,1628866.0,4053.0,0.0,1628866.0,4053.0,inf,inf
506,,,,,,,,,,,,,,,,,5604.0,18.0,0.0,5604.0,18.0,inf,inf
521,,,,,,,,,,,,,,,,,5392414.0,12990.0,0.0,5392414.0,12990.0,inf,inf
530,,,,,,,,,,,,,,,,,45757.0,141.0,0.0,45757.0,141.0,inf,inf
579,,,,,,,,,,,,,,,,,37365684.0,92955.0,0.0,37365684.0,92955.0,inf,inf
584,,,,,,,,,,,,,,,,,16399395.0,38733.0,0.0,16399395.0,38733.0,inf,inf
595,,,,,,,,,,,,,,,,,2413422.0,6800.0,0.0,2413422.0,6800.0,inf,inf
603,,,,,,,,,,,,,,,,,9388553.0,21878.0,0.0,9388553.0,21878.0,inf,inf
611,,,,,,,,,,,,,,,,,240212.0,549.0,0.0,240212.0,549.0,inf,inf
658,,,,,,,,,,,,,,,,,1893680.0,5099.0,0.0,1893680.0,5099.0,inf,inf
665,,,,,,,,,,,,,,,,,9059624.0,21343.0,0.0,9059624.0,21343.0,inf,inf
673,,,,,,,,,,,,,,,,,7182.0,18.0,0.0,7182.0,18.0,inf,inf
681,,,,,,,,,,,,,,,,,31579.0,98.0,0.0,31579.0,98.0,inf,inf
690,,,,,,,,,,,,,,,,,1511217.0,4395.0,0.0,1511217.0,4395.0,inf,inf
697,,,,,,,,,,,,,,,,,7534938.0,19911.0,0.0,7534938.0,19911.0,inf,inf
705,,,,,,,,,,,,,,,,,285892.0,902.0,0.0,285892.0,902.0,inf,inf
728,,,,,,,,,,,,,,,,,11933290.0,32115.0,0.0,11933290.0,32115.0,inf,inf
744,,,,,,,,,,,,,,,,,94560.0,283.0,0.0,94560.0,283.0,inf,inf
751,,,,,,,,,,,,,,,,,1013976.0,2774.0,0.0,1013976.0,2774.0,inf,inf
753,,,,,,,,,,,,,,,,,156109.0,440.0,0.0,156109.0,440.0,inf,inf
794,,,,,,,,,,,,,,,,,7514395.0,18894.0,0.0,7514395.0,18894.0,inf,inf
802,,,,,,,,,,,,,,,,,5379171.0,15355.0,0.0,5379171.0,15355.0,inf,inf
838,,,,,,,,,,,,,,,,,2208130.0,6520.0,0.0,2208130.0,6520.0,inf,inf
850,,,,,,,,,,,,,,,,,89808.0,258.0,0.0,89808.0,258.0,inf,inf
900,,,,,,,,,,,,,,,,,1180741.0,3007.0,0.0,1180741.0,3007.0,inf,inf
908,,,,,,,,,,,,,,,,,1003030.0,2944.0,0.0,1003030.0,2944.0,inf,inf
916,,,,,,,,,,,,,,,,,9123267.0,21541.0,0.0,9123267.0,21541.0,inf,inf
924,,,,,,,,,,,,,,,,,18349877.0,40823.0,0.0,18349877.0,40823.0,inf,inf
940,,,,,,,,,,,,,,,,,31232421.0,87462.0,0.0,31232421.0,87462.0,inf,inf
941,,,,,,,,,,,,,,,,,51521.0,159.0,0.0,51521.0,159.0,inf,inf
971,,,,,,,,,,,,,,,,,1259559.0,3672.0,0.0,1259559.0,3672.0,inf,inf
986,,,,,,,,,,,,,,,,,573337.0,1659.0,0.0,573337.0,1659.0,inf,inf
1003,,,,,,,,,,,,,,,,,7053755.0,21046.0,0.0,7053755.0,21046.0,inf,inf
1016,,,,,,,,,,,,,,,,,4865969.0,12561.0,0.0,4865969.0,12561.0,inf,inf
1055,,,,,,,,,,,,,,,,,128709.0,291.0,0.0,128709.0,291.0,inf,inf
1092,,,,,,,,,,,,,,,,,2918173.0,6624.0,0.0,2918173.0,6624.0,inf,inf
1108,,,,,,,,,,,,,,,,,40085.0,127.0,0.0,40085.0,127.0,inf,inf
1116,,,,,,,,,,,,,,,,,10282.0,39.0,0.0,10282.0,39.0,inf,inf
1122,,,,,,,,,,,,,,,,,825234.0,2481.0,0.0,825234.0,2481.0,inf,inf
1131,,,,,,,,,,,,,,,,,8571.0,27.0,0.0,8571.0,27.0,inf,inf
1186,,,,,,,,,,,,,,,,,684028.0,1950.0,0.0,684028.0,1950.0,inf,inf
1274,,,,,,,,,,,,,,,,,7202530.0,14737.0,0.0,7202530.0,14737.0,inf,inf
2040,,,,,,,,,,,,,,,,,3484185.0,6994.0,0.0,3484185.0,6994.0,inf,inf
2109,,,,,,,,,,,,,,,,,335603.0,846.0,0.0,335603.0,846.0,inf,inf
2167,,,,,,,,,,,,,,,,,12387373.0,28590.0,0.0,12387373.0,28590.0,inf,inf
2169,,,,,,,,,,,,,,,,,4257458.0,11148.0,0.0,4257458.0,11148.0,inf,inf
2171,,,,,,,,,,,,,,,,,7533268.0,19152.0,0.0,7533268.0,19152.0,inf,inf
2219,,,,,,,,,,,,,,,,,52125.0,172.0,0.0,52125.0,172.0,inf,inf
2222,,,,,,,,,,,,,,,,,32610.0,106.0,0.0,32610.0,106.0,inf,inf
2275,,,,,,,,,,,,,,,,,963564.0,2786.0,0.0,963564.0,2786.0,inf,inf
2279,,,,,,,,,,,,,,,,,85367.0,234.0,0.0,85367.0,234.0,inf,inf
2317,,,,,,,,,,,,,,,,,13104575.0,29724.0,0.0,13104575.0,29724.0,inf,inf
2373,,,,,,,,,,,,,,,,,18482899.0,50249.0,0.0,18482899.0,50249.0,inf,inf
2394,,,,,,,,,,,,,,,,,21567.0,64.0,0.0,21567.0,64.0,inf,inf
2502,,,,,,,,,,,,,,,,,5011062.0,12767.0,0.0,5011062.0,12767.0,inf,inf
2503,,,,,,,,,,,,,,,,,6799557.0,16025.0,0.0,6799557.0,16025.0,inf,inf
