id,acronym,name,red,green,blue,structure_order,parent_id,parent_acronym,collapse,depth,size_by_voxel,newsize_by_voxel,newsize,ancestor_default_acronym,cleaned_acronym,curated_list,counts,raw_cell_intensity,raw_cell_size,newcounts,newcellintensity,newcellsize,normalized_cellintensity,normalized_cellsize
567,CH,Cerebrum,176.0,240.0,255.0,200.0,8.0,grey,,2.0,,13311072.0,266.22144,,CH,False,,0.0,0.0,1220509.0,15191421324.0,35936216.0,12446.791727058137,29.443630485313914
688,CTX,Cerebral cortex,176.0,255.0,184.0,300.0,567.0,CH,,3.0,,10588372.0,211.76744,,CTX,False,,0.0,0.0,988247.0,12954675746.0,29677169.0,13108.742800129927,30.030112917114852
695,CTXpl,Cortical plate,112.0,255.0,112.0,400.0,688.0,CTX,,4.0,,10115392.0,202.30784,CTXpl,CTXpl,False,,0.0,0.0,941807.0,12234021988.0,28330388.0,12989.945910361677,30.08088493714742
315,Isocortex,Isocortex,112.0,255.0,113.0,500.0,695.0,CTXpl,,5.0,,6153864.0,123.07728,Isocortex,Isocortex,False,,0.0,0.0,717000.0,8889715448.0,21688869.0,12398.487375174338,30.249468619246862
184,FrA,Frontal association cortex,112.0,255.0,113.0,600.0,315.0,Isocortex,,6.0,,121402.0,2.42804,Isocortex,FrA,True,,0.0,0.0,10434.0,133002653.0,331655.0,12747.043607437225,31.78598811577535
1019,FrA_leaf,"Frontal association cortex, leaf",112.0,255.0,113.0,600.0,184.0,FrA,,7.0,6638.0,6638.0,0.13276,Isocortex,misc,False,166.0,1974380.0,4871.0,166.0,1974380.0,4871.0,11893.855421686747,29.343373493975903
68,FrA-1,"Frontal pole, layer 1",121.0,161.0,59.0,700.0,184.0,FrA,,7.0,35066.0,35066.0,0.70132,Isocortex,1,False,2527.0,32376372.0,79442.0,2527.0,32376372.0,79442.0,12812.17728531856,31.437277404036408
667,FrA-2/3,"Frontal pole, layer 2/3",132.0,165.0,74.0,800.0,184.0,FrA,,7.0,58110.0,58110.0,1.1622,Isocortex,2.3,False,6124.0,76695560.0,195179.0,6124.0,76695560.0,195179.0,12523.768778576094,31.87116263879817
2325,FrA-5,"Frontal pole, layer 5",132.0,165.0,74.0,810.0,184.0,FrA,,7.0,21588.0,21588.0,0.43176,Isocortex,5,False,1617.0,21956341.0,52163.0,1617.0,21956341.0,52163.0,13578.442176870749,32.2591218305504
500,M,motor cortex,112.0,255.0,116.0,900.0,315.0,Isocortex,,6.0,,925232.0,18.50464,Isocortex,M,False,,0.0,0.0,115192.0,1334734303.0,3626648.0,11587.039924647544,31.48350579901382
985,M1,Primary motor cortex,112.0,255.0,116.0,1500.0,500.0,M,,7.0,,446364.0,8.92728,Isocortex,M1,True,,0.0,0.0,60694.0,713934378.0,1915959.0,11762.849342603882,31.567519029887634
320,M1-1,"Primary motor cortex, layer 1",112.0,255.0,116.0,1510.0,985.0,M1,,8.0,57236.0,57236.0,1.14472,Isocortex,1,False,5983.0,57957632.0,180096.0,5983.0,57957632.0,180096.0,9687.051980611734,30.10128697977603
943,M1-2/3,"Primary motor cortex, layer 2/3",112.0,255.0,116.0,1520.0,985.0,M1,,8.0,153782.0,153782.0,3.07564,Isocortex,2.3,False,25037.0,293895139.0,797137.0,25037.0,293895139.0,797137.0,11738.432679634141,31.838359228342053
648,M1-5,"Primary motor cortex, layer 5",112.0,255.0,116.0,1530.0,985.0,M1,,8.0,103032.0,103032.0,2.06064,Isocortex,5,False,13983.0,178890635.0,458232.0,13983.0,178890635.0,458232.0,12793.437388257169,32.77065007509118
882,M1-6b,"Primary motor cortex, layer 6b",112.0,255.0,116.0,1540.0,985.0,M1,,8.0,20286.0,20286.0,0.40572,Isocortex,6b,False,2261.0,22861008.0,65501.0,2261.0,22861008.0,65501.0,10111.016364440513,28.969924812030076
844,M1-6a,"Primary motor cortex, layer 6a",112.0,255.0,116.0,1540.0,985.0,M1,,8.0,80772.0,80772.0,1.61544,Isocortex,6a,False,9173.0,102251350.0,276116.0,9173.0,102251350.0,276116.0,11146.991169737272,30.100948435626293
2017,FrC3,"Frontal cortex, area 3",132.0,165.0,74.0,2010.0,985.0,M1,,8.0,,31256.0,0.62512,Isocortex,FrC3,False,,0.0,0.0,4257.0,58078614.0,138877.0,13643.08527131783,32.62320883251116
2335,FrC3-2/3,"Frontal cortex, area 3, layer2/3",132.0,165.0,74.0,2020.0,2017.0,FrC3,,9.0,13038.0,13038.0,0.26076,Isocortex,2.3,False,1980.0,27643609.0,65924.0,1980.0,27643609.0,65924.0,13961.418686868687,33.29494949494949
2334,FrC3-1,"Frontal cortex, area 3, layer1",132.0,165.0,74.0,2020.0,2017.0,FrC3,,9.0,5204.0,5204.0,0.10408,Isocortex,1,False,622.0,8495107.0,20027.0,622.0,8495107.0,20027.0,13657.728295819936,32.19774919614148
2336,FrC3-5,"Frontal cortex, area 3, layer5",132.0,165.0,74.0,2040.0,2017.0,FrC3,,9.0,9688.0,9688.0,0.19376,Isocortex,5,False,1274.0,17212172.0,41099.0,1274.0,17212172.0,41099.0,13510.339089481946,32.25981161695447
2337,FrC3-6a,"Frontal cortex, area 3, layer6a",132.0,165.0,74.0,2050.0,2017.0,FrC3,,9.0,3108.0,3108.0,0.06216,Isocortex,6a,False,368.0,4602409.0,11445.0,368.0,4602409.0,11445.0,12506.546195652174,31.10054347826087
2351,FrC3-6b,"Frontal cortex, area 3, layer6b",132.0,165.0,74.0,2060.0,2017.0,FrC3,,9.0,218.0,218.0,0.00436,Isocortex,6b,False,13.0,125317.0,382.0,13.0,125317.0,382.0,9639.76923076923,29.384615384615383
993,M2,Secondary motor cortex,112.0,255.0,116.0,2100.0,500.0,M,,7.0,,478868.0,9.57736,Isocortex,M2,True,,0.0,0.0,54498.0,620799925.0,1710689.0,11391.24233916841,31.389940915262944
656,M2-1,"Secondary motor cortex, layer 1",63.0,147.0,68.0,2200.0,993.0,M2,,8.0,88822.0,88822.0,1.77644,Isocortex,1,False,7883.0,76934743.0,233187.0,7883.0,76934743.0,233187.0,9759.576684003552,29.580997082329063
962,M2-2/3,"Secondary motor cortex, layer 2/3",83.0,152.0,86.0,2300.0,993.0,M2,,8.0,173722.0,173722.0,3.47444,Isocortex,2.3,False,21401.0,233635022.0,669500.0,21401.0,233635022.0,669500.0,10917.014251670482,31.28358487921125
767,M2-5,"Secondary motor cortex, layer 5",101.0,157.0,97.0,2400.0,993.0,M2,,8.0,139392.0,139392.0,2.78784,Isocortex,5,False,16373.0,207748741.0,536145.0,16373.0,207748741.0,536145.0,12688.495755206743,32.74567886154034
1021,M2-6a,"Secondary motor cortex, layer 6a",129.0,174.0,115.0,2500.0,993.0,M2,,8.0,72176.0,72176.0,1.44352,Isocortex,6a,False,8398.0,98157363.0,258881.0,8398.0,98157363.0,258881.0,11688.183257918552,30.826506311026435
1085,M2-6b,"Secondary motor cortex, layer 6b",139.0,178.0,127.0,2600.0,993.0,M2,,8.0,4756.0,4756.0,0.09512,Isocortex,6b,False,443.0,4324056.0,12976.0,443.0,4324056.0,12976.0,9760.848758465012,29.291196388261852
453,S,Somatosensory cortex,112.0,255.0,121.0,2700.0,315.0,Isocortex,,6.0,,2004460.0,40.0892,Isocortex,S,False,,0.0,0.0,293335.0,3814831456.0,8598318.0,13005.033344128726,29.312281180220566
322,S1,Primary somatosensory cortex,112.0,255.0,121.0,2800.0,453.0,S,,7.0,,1656534.0,33.13068,Isocortex,S1,True,,0.0,0.0,243571.0,3040156668.0,7132832.0,12481.60358991834,29.284405779013102
793,S1-1,"Primary somatosensory area, undefined, layer 1",0.0,177.0,92.0,2900.0,322.0,S1,,8.0,,70292.0,1.40584,Isocortex,1,False,,0.0,0.0,7758.0,87806936.0,240164.0,11318.243877287961,30.956947666924464
710,S1-1_leaf,"Primary somatosensory area, undefined, layer 1, leaf",0.0,177.0,92.0,2900.0,793.0,S1-1,,9.0,9556.0,9556.0,0.19112,Isocortex,misc,False,760.0,8330584.0,23248.0,760.0,8330584.0,23248.0,10961.294736842105,30.589473684210525
346,S1-2/3,"Primary somatosensory area, undefined, layer 2/3",67.0,185.0,112.0,3000.0,793.0,S1-1,,9.0,14958.0,14958.0,0.29916,Isocortex,2.3,False,1983.0,20102856.0,58884.0,1983.0,20102856.0,58884.0,10137.597579425114,29.694402420574885
865,S1-4,"Primary somatosensory area, undefined, layer 4",93.0,191.0,126.0,3100.0,793.0,S1-1,,9.0,15350.0,15350.0,0.307,Isocortex,4,False,1814.0,20966583.0,56592.0,1814.0,20966583.0,56592.0,11558.204520396914,31.197353914002203
921,S1-5,"Primary somatosensory area, undefined, layer 5",116.0,197.0,139.0,3200.0,793.0,S1-1,,9.0,14714.0,14714.0,0.29428,Isocortex,5,False,1709.0,20402349.0,54548.0,1709.0,20402349.0,54548.0,11938.179637214746,31.91808074897601
686,S1-6a,"Primary somatosensory area, undefined, layer 6a",138.0,204.0,153.0,3300.0,793.0,S1-1,,9.0,11810.0,11810.0,0.2362,Isocortex,6a,False,1153.0,14200996.0,36038.0,1153.0,14200996.0,36038.0,12316.562012142238,31.25585429314831
719,S1-6b,"Primary somatosensory area,, undefined, layer 6b",163.0,213.0,170.0,3400.0,793.0,S1-1,,9.0,3904.0,3904.0,0.07808,Isocortex,6b,False,339.0,3803568.0,10854.0,339.0,3803568.0,10854.0,11219.964601769912,32.017699115044245
2338,S1J,"Primary somatosensory area, jaw",163.0,213.0,170.0,3410.0,322.0,S1,,8.0,,182110.0,3.6422,Isocortex,J,False,,0.0,0.0,26927.0,325545940.0,856619.0,12089.944665205927,31.81264158651168
2339,S1J-1,"Primary somatosensory area, jaw, layer 1",163.0,213.0,170.0,3420.0,2338.0,S1J,,9.0,25880.0,25880.0,0.5176,Isocortex,1,False,3028.0,34981595.0,96854.0,3028.0,34981595.0,96854.0,11552.70640686922,31.986129458388376
2340,S1J-2/3,"Primary somatosensory area, jaw, layer 2/3",163.0,213.0,170.0,3430.0,2338.0,S1J,,9.0,39900.0,39900.0,0.798,Isocortex,2.3,False,7693.0,87392087.0,240215.0,7693.0,87392087.0,240215.0,11359.948914597686,31.225139737423632
2341,S1J-4,"Primary somatosensory area, jaw, layer 4",163.0,213.0,170.0,3440.0,2338.0,S1J,,9.0,32168.0,32168.0,0.64336,Isocortex,4,False,4988.0,67429944.0,164394.0,4988.0,67429944.0,164394.0,13518.433039294307,32.957898957497996
2342,S1J-5,"Primary somatosensory area, jaw, layer 5",163.0,213.0,170.0,3450.0,2338.0,S1J,,9.0,48114.0,48114.0,0.96228,Isocortex,5,False,6946.0,88741145.0,223746.0,6946.0,88741145.0,223746.0,12775.863086668587,32.212208465303775
2343,S1J-6a,"Primary somatosensory area, jaw, layer 6a",163.0,213.0,170.0,3460.0,2338.0,S1J,,9.0,30470.0,30470.0,0.6094,Isocortex,6a,False,3969.0,43927135.0,121980.0,3969.0,43927135.0,121980.0,11067.557319223986,30.73318216175359
2344,S1J-6b,"Primary somatosensory area, jaw, layer 6b",163.0,213.0,170.0,3470.0,2338.0,S1J,,9.0,5578.0,5578.0,0.11156,Isocortex,6b,False,303.0,3074034.0,9430.0,303.0,3074034.0,9430.0,10145.326732673268,31.122112211221122
329,S1BF,"Primary somatosensory cortex, barrel field",112.0,255.0,121.0,4200.0,322.0,S1,,8.0,,529982.0,10.59964,Isocortex,BF,False,,0.0,0.0,76239.0,964347369.0,2198033.0,12649.003384094754,28.830821495560016
981,S1BF-1,"Primary somatosensory cortex, barrel field, layer 1",0.0,178.0,156.0,4300.0,329.0,S1BF,,9.0,62988.0,62988.0,1.25976,Isocortex,1,False,4116.0,42520720.0,119479.0,4116.0,42520720.0,119479.0,10330.592808551992,29.0279397473275
201,S1BF-2/3,"Primary somatosensory cortex, barrel field, layer 2/3",19.0,186.0,171.0,4400.0,329.0,S1BF,,9.0,110788.0,110788.0,2.21576,Isocortex,2.3,False,19405.0,236507729.0,545376.0,19405.0,236507729.0,545376.0,12187.978819891781,28.104921412007215
1047,S1BF-4,"Primary somatosensory cortex, barrel field, layer 4",66.0,191.0,179.0,4500.0,329.0,S1BF,,9.0,122502.0,122502.0,2.45004,Isocortex,4,False,20191.0,240519148.0,568592.0,20191.0,240519148.0,568592.0,11912.195928879204,28.160665643108317
1070,S1BF-5,"Primary somatosensory cortex, barrel field, layer 5 ",93.0,197.0,188.0,4600.0,329.0,S1BF,,9.0,103690.0,103690.0,2.0738,Isocortex,5,False,17623.0,258058550.0,526186.0,17623.0,258058550.0,526186.0,14643.281507121375,29.857912954661522
1038,S1BF-6a,"Primary somatosensory cortex, barrel field, layer 6a",117.0,203.0,197.0,4700.0,329.0,S1BF,,9.0,95408.0,95408.0,1.90816,Isocortex,6a,False,11456.0,143252390.0,334412.0,11456.0,143252390.0,334412.0,12504.573149441341,29.19099162011173
1062,S1BF-6b,"Primary somatosensory cortex, barrel field, layer 6b",143.0,211.0,208.0,4800.0,329.0,S1BF,,9.0,34606.0,34606.0,0.69212,Isocortex,6b,False,3448.0,43488832.0,103988.0,3448.0,43488832.0,103988.0,12612.77030162413,30.15893271461717
337,S1HL,"Primary somatosensory cortex, hindlimb region",112.0,255.0,121.0,4900.0,322.0,S1,,8.0,,178654.0,3.57308,Isocortex,HL,False,,0.0,0.0,21820.0,250465411.0,622499.0,11478.708111824015,28.528826764436296
1030,S1HL-1,"Primary somatosensory cortex, hindlimb region, layer 1",0.0,177.0,142.0,5000.0,337.0,S1HL,,9.0,19716.0,19716.0,0.39432,Isocortex,1,False,1582.0,12468571.0,44285.0,1582.0,12468571.0,44285.0,7881.52402022756,27.993046776232617
113,S1HL-2/3,"Primary somatosensory cortex, hindlimb region, layer 2/3",0.0,183.0,155.0,5100.0,337.0,S1HL,,9.0,41652.0,41652.0,0.83304,Isocortex,2.3,False,6344.0,65071868.0,177190.0,6344.0,65071868.0,177190.0,10257.230138713745,27.93032786885246
1094,S1HL-4,"Primary somatosensory cortex, hindlimb region, layer 4",69.0,191.0,171.0,5200.0,337.0,S1HL,,9.0,29650.0,29650.0,0.593,Isocortex,4,False,4228.0,47246339.0,118354.0,4228.0,47246339.0,118354.0,11174.630794701987,27.99290444654683
1128,S1HL-5,"Primary somatosensory cortex, hindlimb region, layer 5",96.0,196.0,179.0,5300.0,337.0,S1HL,,9.0,37540.0,37540.0,0.7508,Isocortex,5,False,5087.0,68531377.0,151330.0,5087.0,68531377.0,151330.0,13471.864949872222,29.748378218989583
478,S1HL-6a,"Primary somatosensory cortex, hindlimb region, layer 6a",119.0,202.0,188.0,5400.0,337.0,S1HL,,9.0,38204.0,38204.0,0.76408,Isocortex,6a,False,3668.0,46963736.0,105445.0,3668.0,46963736.0,105445.0,12803.635768811342,28.747273718647765
510,S1HL-6b,"Primary somatosensory cortex, hindlimb region, layer 6b",145.0,211.0,198.0,5500.0,337.0,S1HL,,9.0,11892.0,11892.0,0.23784,Isocortex,6b,False,911.0,10183520.0,25895.0,911.0,10183520.0,25895.0,11178.397365532383,28.424807903402854
345,S1ULp,"Primary somatosensory cortex, upper lip region",112.0,255.0,121.0,5600.0,322.0,S1,,8.0,,314924.0,6.29848,Isocortex,ULp,False,,0.0,0.0,60086.0,849872915.0,1730434.0,14144.275122324669,28.799287687647706
878,S1ULp-1,"Primary somatosensory cortex, upper lip region, layer 1",0.0,173.0,94.0,5700.0,345.0,S1ULp,,9.0,41074.0,41074.0,0.82148,Isocortex,1,False,4463.0,52131761.0,130754.0,4463.0,52131761.0,130754.0,11680.878557024424,29.29733363208604
657,S1ULp-2/3,"Primary somatosensory cortex, upper lip region, layer 2/3",20.0,180.0,107.0,5800.0,345.0,S1ULp,,9.0,70064.0,70064.0,1.40128,Isocortex,2.3,False,16080.0,205552337.0,452940.0,16080.0,205552337.0,452940.0,12783.10553482587,28.167910447761194
950,S1ULp-4,"Primary somatosensory cortex, upper lip region, layer 4",66.0,185.0,120.0,5900.0,345.0,S1ULp,,9.0,64080.0,64080.0,1.2816,Isocortex,4,False,14094.0,211756400.0,408077.0,14094.0,211756400.0,408077.0,15024.577834539521,28.953952036327514
974,S1ULp-5,"Primary somatosensory cortex, upper lip region, layer 5",92.0,191.0,133.0,6000.0,345.0,S1ULp,,9.0,58880.0,58880.0,1.1776,Isocortex,5,False,12713.0,199037761.0,368172.0,12713.0,199037761.0,368172.0,15656.238574687328,28.96027688193188
1102,S1ULp-6a,"Primary somatosensory cortex, upper lip region, layer 6a",115.0,197.0,146.0,6100.0,345.0,S1ULp,,9.0,64178.0,64178.0,1.28356,Isocortex,6a,False,11270.0,158469302.0,325942.0,11270.0,158469302.0,325942.0,14061.162555456965,28.92120674356699
2,S1ULp-6b,"Primary somatosensory cortex, upper lip region, layer 6b",137.0,205.0,161.0,6200.0,345.0,S1ULp,,9.0,16648.0,16648.0,0.33296,Isocortex,6b,False,1466.0,22925354.0,44549.0,1466.0,22925354.0,44549.0,15638.031377899046,30.3881309686221
2000,S1DZ,"Primary somatosensory cortex, dysgranular zone ",112.0,255.0,121.0,6210.0,322.0,S1,,8.0,,80224.0,1.60448,Isocortex,DZ,False,,0.0,0.0,11521.0,135861698.0,340937.0,11792.526516795417,29.592656887422965
2287,S1DZ-1,"Primary somatosensory cortex, dysgranular zone 1",112.0,255.0,121.0,6211.0,2000.0,S1DZ,,9.0,9100.0,9100.0,0.182,Isocortex,1,False,673.0,6328962.0,19720.0,673.0,6328962.0,19720.0,9404.104011887073,29.301634472511143
2288,S1DZ-2/3,"Primary somatosensory cortex, dysgranular zone 2/3",112.0,255.0,121.0,6212.0,2000.0,S1DZ,,9.0,17520.0,17520.0,0.3504,Isocortex,2.3,False,2989.0,34777289.0,86292.0,2989.0,34777289.0,86292.0,11635.091669454667,28.86985613917698
2289,S1DZ-4,"Primary somatosensory cortex, dysgranular zone 4",112.0,255.0,121.0,6213.0,2000.0,S1DZ,,9.0,15512.0,15512.0,0.31024,Isocortex,4,False,2672.0,31532032.0,77404.0,2672.0,31532032.0,77404.0,11800.91017964072,28.968562874251496
2290,S1DZ-5,"Primary somatosensory cortex, dysgranular zone 5",112.0,255.0,121.0,6214.0,2000.0,S1DZ,,9.0,15450.0,15450.0,0.309,Isocortex,5,False,2532.0,33779548.0,78011.0,2532.0,33779548.0,78011.0,13341.053712480252,30.810031595576618
2291,S1DZ-6a,"Primary somatosensory cortex, dysgranular zone 6a",112.0,255.0,121.0,6215.0,2000.0,S1DZ,,9.0,17356.0,17356.0,0.34712,Isocortex,6a,False,2176.0,24175767.0,65108.0,2176.0,24175767.0,65108.0,11110.187040441177,29.920955882352942
2292,S1DZ-6b,"Primary somatosensory cortex, dysgranular zone 6b",112.0,255.0,121.0,6216.0,2000.0,S1DZ,,9.0,5286.0,5286.0,0.10572,Isocortex,6b,False,479.0,5268100.0,14402.0,479.0,5268100.0,14402.0,10998.12108559499,30.06680584551148
2352,S1DZO,"Primary somatosensory cortex, oral dysgranular zone ",112.0,255.0,121.0,6220.0,322.0,S1,,8.0,,5700.0,0.114,Isocortex,DZO,False,,0.0,0.0,891.0,11304270.0,26899.0,12687.171717171717,30.189674523007856
2353,S1DZO-1,"Primary somatosensory cortex, oral dysgranular zone 1",112.0,255.0,121.0,6221.0,2352.0,S1DZO,,9.0,742.0,742.0,0.01484,Isocortex,1,False,96.0,1051101.0,2919.0,96.0,1051101.0,2919.0,10948.96875,30.40625
2354,S1DZO-2/3,"Primary somatosensory cortex, oral dysgranular zone 2/3",112.0,255.0,121.0,6222.0,2352.0,S1DZO,,9.0,1016.0,1016.0,0.02032,Isocortex,2.3,False,225.0,2504115.0,6630.0,225.0,2504115.0,6630.0,11129.4,29.466666666666665
2355,S1DZO-4,"Primary somatosensory cortex, oral dysgranular zone 4",112.0,255.0,121.0,6223.0,2352.0,S1DZO,,9.0,1078.0,1078.0,0.02156,Isocortex,4,False,169.0,2631157.0,5276.0,169.0,2631157.0,5276.0,15568.976331360947,31.218934911242602
2356,S1DZO-5,"Primary somatosensory cortex, oral dysgranular zone 5",112.0,255.0,121.0,6224.0,2352.0,S1DZO,,9.0,1342.0,1342.0,0.02684,Isocortex,5,False,204.0,2741752.0,6159.0,204.0,2741752.0,6159.0,13439.960784313726,30.191176470588236
2357,S1DZO-6a,"Primary somatosensory cortex, oral dysgranular zone 6a",112.0,255.0,121.0,6225.0,2352.0,S1DZO,,9.0,1166.0,1166.0,0.02332,Isocortex,6a,False,176.0,2158122.0,5260.0,176.0,2158122.0,5260.0,12262.056818181818,29.886363636363637
2358,S1DZO-6b,"Primary somatosensory cortex, oral dysgranular zone 6b",112.0,255.0,121.0,6226.0,2352.0,S1DZO,,9.0,356.0,356.0,0.00712,Isocortex,6b,False,21.0,218023.0,655.0,21.0,218023.0,655.0,10382.047619047618,31.19047619047619
2041,S1Sh,"Primary somatosensory cortex, shoulder region",112.0,255.0,121.0,6230.0,322.0,S1,,8.0,,38706.0,0.77412,Isocortex,Sh,False,,0.0,0.0,4209.0,42087860.0,120837.0,9999.491565692564,28.70919458303635
2310,S1Sh-1,"Primary somatosensory cortex, shoulder region 1",112.0,255.0,121.0,6231.0,2041.0,S1Sh,,9.0,4546.0,4546.0,0.09092,Isocortex,1,False,306.0,3006270.0,8942.0,306.0,3006270.0,8942.0,9824.411764705883,29.22222222222222
2311,S1Sh-2/3,"Primary somatosensory cortex, shoulder region 2/3",112.0,255.0,121.0,6232.0,2041.0,S1Sh,,9.0,8228.0,8228.0,0.16456,Isocortex,2.3,False,1114.0,10069487.0,31453.0,1114.0,10069487.0,31453.0,9039.036804308796,28.234290843806104
2312,S1Sh-4,"Primary somatosensory cortex, shoulder region 4",112.0,255.0,121.0,6233.0,2041.0,S1Sh,,9.0,8772.0,8772.0,0.17544,Isocortex,4,False,1179.0,11352328.0,33168.0,1179.0,11352328.0,33168.0,9628.776929601358,28.1323155216285
2313,S1Sh-5,"Primary somatosensory cortex, shoulder region 5",112.0,255.0,121.0,6234.0,2041.0,S1Sh,,9.0,7920.0,7920.0,0.1584,Isocortex,5,False,929.0,10639097.0,27247.0,929.0,10639097.0,27247.0,11452.203444564047,29.329386437029065
2314,S1Sh-6a,"Primary somatosensory cortex, shoulder region 6a",112.0,255.0,121.0,6235.0,2041.0,S1Sh,,9.0,6638.0,6638.0,0.13276,Isocortex,6a,False,479.0,5067277.0,14092.0,479.0,5067277.0,14092.0,10578.866388308978,29.419624217118997
2315,S1Sh-6b,"Primary somatosensory cortex, shoulder region 6b",112.0,255.0,121.0,6236.0,2041.0,S1Sh,,9.0,2602.0,2602.0,0.05204,Isocortex,6b,False,202.0,1953401.0,5935.0,202.0,1953401.0,5935.0,9670.301980198019,29.38118811881188
369,S1FL,"Primary somatosensory cortex, forelimb region",112.0,255.0,121.0,6300.0,322.0,S1,,8.0,,189464.0,3.78928,Isocortex,FL,False,,0.0,0.0,26797.0,302321911.0,787224.0,11281.931223644438,29.37731835653245
450,S1FL-1,"Primary somatosensory cortex, forelimb region, layer 1",0.0,174.0,103.0,6400.0,369.0,S1FL,,9.0,21398.0,21398.0,0.42796,Isocortex,1,False,1501.0,12667242.0,43735.0,1501.0,12667242.0,43735.0,8439.20186542305,29.137241838774152
854,S1FL-2/3,"Primary somatosensory cortex, forelimb region, layer 2/3",46.0,183.0,120.0,6500.0,369.0,S1FL,,9.0,43882.0,43882.0,0.87764,Isocortex,2.3,False,7774.0,85195422.0,224075.0,7774.0,85195422.0,224075.0,10959.020066889632,28.823642912271676
577,S1FL-4,"Primary somatosensory cortex, forelimb region, layer 4",79.0,188.0,133.0,6600.0,369.0,S1FL,,9.0,32264.0,32264.0,0.64528,Isocortex,4,False,5296.0,59826611.0,151976.0,5296.0,59826611.0,151976.0,11296.565521148037,28.696374622356494
625,S1FL-5,"Primary somatosensory cortex, forelimb region, layer 5",103.0,194.0,147.0,6700.0,369.0,S1FL,,9.0,36266.0,36266.0,0.72532,Isocortex,5,False,5739.0,73854883.0,175284.0,5739.0,73854883.0,175284.0,12868.946332113608,30.54260324098275
945,S1FL-6a,"Primary somatosensory cortex, forelimb region, layer 6a",114.0,198.0,154.0,6800.0,369.0,S1FL,,9.0,43528.0,43528.0,0.87056,Isocortex,6a,False,5472.0,59951680.0,161939.0,5472.0,59951680.0,161939.0,10956.08187134503,29.59411549707602
1026,S1FL-6b,"Primary somatosensory cortex, forelimb region, layer 6b",124.0,201.0,162.0,6900.0,369.0,S1FL,,9.0,12126.0,12126.0,0.24252,Isocortex,6b,False,1015.0,10826073.0,30215.0,1015.0,10826073.0,30215.0,10666.081773399015,29.76847290640394
361,S1Tr,"Primary somatosensory cortex, trunk region",112.0,255.0,121.0,7000.0,322.0,S1,,8.0,,66478.0,1.32956,Isocortex,Tr,False,,0.0,0.0,7323.0,70542358.0,209186.0,9632.986207838318,28.565615185033455
1006,S1Tr-1,"Primary somatosensory cortex, trunk region, layer 1",0.0,179.0,171.0,7100.0,361.0,S1Tr,,9.0,8978.0,8978.0,0.17956,Isocortex,1,False,668.0,5525576.0,18593.0,668.0,5525576.0,18593.0,8271.820359281437,27.83383233532934
670,S1Tr-2/3,"Primary somatosensory cortex, trunk region, layer 2/3",0.0,185.0,179.0,7200.0,361.0,S1Tr,,9.0,14808.0,14808.0,0.29616,Isocortex,2.3,False,1932.0,16772135.0,53531.0,1932.0,16772135.0,53531.0,8681.229296066253,27.707556935817806
1086,S1Tr-4,"Primary somatosensory cortex, trunk region, layer 4",63.0,192.0,187.0,7300.0,361.0,S1Tr,,9.0,13712.0,13712.0,0.27424,Isocortex,4,False,1847.0,16988208.0,52083.0,1847.0,16988208.0,52083.0,9197.730373578777,28.198700595560368
1111,S1Tr-5,"Primary somatosensory cortex, trunk region, layer 5",91.0,197.0,197.0,7400.0,361.0,S1Tr,,9.0,13588.0,13588.0,0.27176,Isocortex,5,False,1782.0,20128366.0,53257.0,1782.0,20128366.0,53257.0,11295.379349046016,29.88608305274972
9,S1Tr-6a,"Primary somatosensory cortex, trunk region, layer 6a",115.0,203.0,207.0,7500.0,361.0,S1Tr,,9.0,10406.0,10406.0,0.20812,Isocortex,6a,False,739.0,7699654.0,21482.0,739.0,7699654.0,21482.0,10419.017591339649,29.069012178619758
461,S1Tr-6b,"Primary somatosensory cortex, trunk region, layer 6b",156.0,216.0,218.0,7600.0,361.0,S1Tr,,9.0,4986.0,4986.0,0.09972,Isocortex,6b,False,355.0,3428419.0,10240.0,355.0,3428419.0,10240.0,9657.518309859155,28.845070422535212
378,S2,Secondary somatosensory cortex,112.0,255.0,121.0,7700.0,453.0,S,,7.0,,347926.0,6.95852,Isocortex,S2,True,,0.0,0.0,49764.0,774674788.0,1465486.0,15566.971867213246,29.44871794871795
873,S2-1,"Secondary somatosensory cortex, layer 1",0.0,176.0,129.0,7800.0,378.0,S2,,8.0,50398.0,50398.0,1.00796,Isocortex,1,False,4693.0,65400378.0,138222.0,4693.0,65400378.0,138222.0,13935.729384189219,29.452802045599828
806,S2-2/3,"Secondary somatosensory cortex, layer 2/3",0.0,180.0,135.0,7900.0,378.0,S2,,8.0,74334.0,74334.0,1.48668,Isocortex,2.3,False,11201.0,151399927.0,319253.0,11201.0,151399927.0,319253.0,13516.643781805196,28.502187304704936
1035,S2-4,"Secondary somatosensory cortex, layer 4",40.0,184.0,141.0,8000.0,378.0,S2,,8.0,75720.0,75720.0,1.5144,Isocortex,4,False,11132.0,192271241.0,336607.0,11132.0,192271241.0,336607.0,17271.940441969098,30.237782968020124
1090,S2-5,"Secondary somatosensory cortex, layer 5",74.0,190.0,155.0,8100.0,378.0,S2,,8.0,66510.0,66510.0,1.3302,Isocortex,5,False,10808.0,174838355.0,318737.0,10808.0,174838355.0,318737.0,16176.753793486307,29.490840118430793
862,S2-6a,"Secondary somatosensory cortex, layer 6a",98.0,196.0,170.0,8200.0,378.0,S2,,8.0,60650.0,60650.0,1.213,Isocortex,6a,False,10076.0,159253003.0,297104.0,10076.0,159253003.0,297104.0,15805.180924970226,29.486304088924175
893,S2-6b,"Secondary somatosensory cortex, layer 6b",121.0,202.0,179.0,8300.0,378.0,S2,,8.0,20314.0,20314.0,0.40628,Isocortex,6b,False,1854.0,31511884.0,55563.0,1854.0,31511884.0,55563.0,16996.701186623515,29.96925566343042
44,A24a (IL),"Cingulate cortex, area 24a (infralimbic)",112.0,255.0,104.0,8400.0,315.0,Isocortex,,6.0,,123764.0,2.47528,Isocortex,IL,True,,0.0,0.0,10031.0,94937008.0,324110.0,9464.3612800319,32.31083640713787
707,A24a (IL)-1,"Cingulate cortex, area 24a (infralimbic), layer 1",0.0,137.0,72.0,8500.0,44.0,A24a (IL),,7.0,32214.0,32214.0,0.64428,Isocortex,1,False,479.0,4031615.0,15915.0,479.0,4031615.0,15915.0,8416.732776617953,33.225469728601254
747,A24a (IL)-2,"Cingulate cortex, area 24a (infralimbic), layer 2/3",13.0,142.0,83.0,8600.0,44.0,A24a (IL),,7.0,,0.0,0.0,Isocortex,2,False,,0.0,0.0,0.0,0.0,0.0,,
556,A24a (IL)-2/3,"Cingulate cortex, area 24a (infralimbic), layer 4",50.0,146.0,93.0,8700.0,44.0,A24a (IL),,7.0,32398.0,32398.0,0.64796,Isocortex,2.3,False,2168.0,19041020.0,71347.0,2168.0,19041020.0,71347.0,8782.758302583026,32.909132841328415
827,A24a (IL)-5,"Cingulate cortex, area 24a (infralimbic), layer 5",77.0,160.0,111.0,8800.0,44.0,A24a (IL),,7.0,31206.0,31206.0,0.62412,Isocortex,5,False,3874.0,38508974.0,126874.0,3874.0,38508974.0,126874.0,9940.364997418688,32.750129065565304
1054,A24a (IL)-6a,"Cingulate cortex, area 24a (infralimbic), layer 6a",97.0,166.0,122.0,8900.0,44.0,A24a (IL),,7.0,20952.0,20952.0,0.41904,Isocortex,6a,False,2628.0,25499371.0,82906.0,2628.0,25499371.0,82906.0,9702.95700152207,31.54718417047184
1081,A24a (IL)-6b,"Cingulate cortex, area 24a (infralimbic), layer 6b",116.0,172.0,135.0,9000.0,44.0,A24a (IL),,7.0,6994.0,6994.0,0.13988,Isocortex,6b,False,882.0,7856028.0,27068.0,882.0,7856028.0,27068.0,8907.061224489797,30.689342403628117
1057,DI,Dysgranular insular cortex,112.0,255.0,105.0,9100.0,315.0,Isocortex,,6.0,,95552.0,1.91104,Isocortex,DI,True,,0.0,0.0,8103.0,129947987.0,249987.0,16037.021720350487,30.851166234727877
36,DI-1,"Dysgranular insular cortex, layer 1",51.0,181.0,90.0,9200.0,1057.0,DI,,7.0,14430.0,14430.0,0.2886,Isocortex,1,False,682.0,11103598.0,20843.0,682.0,11103598.0,20843.0,16280.935483870968,30.56158357771261
180,DI-2/3,"Dysgranular insular cortex, layer 2/3",82.0,187.0,112.0,9300.0,1057.0,DI,,7.0,25436.0,25436.0,0.50872,Isocortex,2.3,False,1390.0,21336870.0,43299.0,1390.0,21336870.0,43299.0,15350.26618705036,31.150359712230216
148,DI-4,"Dysgranular insular cortex, layer 4",106.0,193.0,125.0,9400.0,1057.0,DI,,7.0,11048.0,11048.0,0.22096,Isocortex,4,False,742.0,12370034.0,23530.0,742.0,12370034.0,23530.0,16671.20485175202,31.711590296495956
187,DI-5,"Dysgranular insular cortex, layer 5",127.0,200.0,138.0,9500.0,1057.0,DI,,7.0,23610.0,23610.0,0.4722,Isocortex,5,False,2236.0,34332993.0,67562.0,2236.0,34332993.0,67562.0,15354.648032200357,30.21556350626118
638,DI-6a,"Dysgranular insular cortex, layer 6a",152.0,208.0,152.0,9600.0,1057.0,DI,,7.0,20158.0,20158.0,0.40316,Isocortex,6a,False,2976.0,49845466.0,92450.0,2976.0,49845466.0,92450.0,16749.148521505376,31.065188172043012
662,DI-6b,"Dysgranular insular cortex, layer 6b",175.0,218.0,179.0,9700.0,1057.0,DI,,7.0,870.0,870.0,0.0174,Isocortex,6b,False,77.0,959026.0,2303.0,77.0,959026.0,2303.0,12454.883116883117,29.90909090909091
677,GI,Granular insular cortex,112.0,255.0,100.0,9800.0,315.0,Isocortex,,6.0,,103892.0,2.07784,Isocortex,GI,True,,0.0,0.0,10470.0,159365605.0,318237.0,15221.165711556829,30.39512893982808
897,GI-1,"Granular insular cortex, layer 1",0.0,155.0,91.0,9900.0,677.0,GI,,7.0,13628.0,13628.0,0.27256,Isocortex,1,False,1136.0,16096078.0,33736.0,1136.0,16096078.0,33736.0,14169.082746478873,29.697183098591548
1106,GI-2/3,"Granular insular cortex, layer 2/3",42.0,163.0,106.0,10000.0,677.0,GI,,7.0,20550.0,20550.0,0.411,Isocortex,2.3,False,1688.0,22245476.0,49859.0,1688.0,22245476.0,49859.0,13178.599526066351,29.537322274881518
1010,GI-4,"Granular insular cortex, layer 4",70.0,168.0,118.0,10100.0,677.0,GI,,7.0,19194.0,19194.0,0.38388,Isocortex,4,False,1643.0,26675730.0,51300.0,1643.0,26675730.0,51300.0,16235.989044430919,31.223371880706026
1058,GI-5,"Granular insular cortex, layer 5",97.0,183.0,138.0,10200.0,677.0,GI,,7.0,23400.0,23400.0,0.468,Isocortex,5,False,2695.0,42065557.0,81538.0,2695.0,42065557.0,81538.0,15608.741001855287,30.255287569573284
857,GI-6a,"Granular insular cortex, layer 6a",108.0,186.0,144.0,10300.0,677.0,GI,,7.0,23074.0,23074.0,0.46148,Isocortex,6a,False,3029.0,47854845.0,93141.0,3029.0,47854845.0,93141.0,15798.8923737207,30.749752393529217
849,GI-6b,"Granular insular cortex, layer 6b",117.0,189.0,152.0,10400.0,677.0,GI,,7.0,4046.0,4046.0,0.08092,Isocortex,6b,False,279.0,4427919.0,8663.0,279.0,4427919.0,8663.0,15870.677419354839,31.050179211469533
247,Au,Auditory cortex,120.0,255.0,120.0,10500.0,315.0,Isocortex,,6.0,,257620.0,5.1524,Isocortex,Au,False,,0.0,0.0,28017.0,322956206.0,906045.0,11527.151586536746,32.33911553699539
1011,AuD,"Secondary auditory cortex, dorsal area",120.0,255.0,120.0,10600.0,247.0,Au,,7.0,,79656.0,1.59312,Isocortex,AuD,True,,0.0,0.0,7408.0,72729762.0,252659.0,9817.732451403888,34.10623650107991
527,AuD-1,"Secondary auditory cortex, dorsal area, layer 1",0.0,157.0,125.0,10700.0,1011.0,AuD,,8.0,11174.0,11174.0,0.22348,Isocortex,1,False,522.0,4572424.0,16153.0,522.0,4572424.0,16153.0,8759.43295019157,30.944444444444443
600,AuD-2/3,"Secondary auditory cortex, dorsal area, layer 2/3",0.0,163.0,137.0,10800.0,1011.0,AuD,,8.0,17196.0,17196.0,0.34392,Isocortex,2.3,False,1491.0,13199186.0,47777.0,1491.0,13199186.0,47777.0,8852.57276995305,32.04359490274983
678,AuD-4,"Secondary auditory cortex, dorsal area, layer 4",63.0,170.0,151.0,10900.0,1011.0,AuD,,8.0,16296.0,16296.0,0.32592,Isocortex,4,False,1834.0,19160619.0,62252.0,1834.0,19160619.0,62252.0,10447.447655398037,33.9432933478735
252,AuD-5,"Secondary auditory cortex, dorsal area, layer 5",91.0,185.0,168.0,11000.0,1011.0,AuD,,8.0,17582.0,17582.0,0.35164,Isocortex,5,False,1899.0,20059958.0,68183.0,1899.0,20059958.0,68183.0,10563.43233280674,35.90468667719853
156,AuD-6a,"Secondary auditory cortex, dorsal area, layer 6a",113.0,190.0,176.0,11100.0,1011.0,AuD,,8.0,12922.0,12922.0,0.25844,Isocortex,6a,False,1169.0,11087253.0,41325.0,1169.0,11087253.0,41325.0,9484.390932420873,35.35072711719418
243,AuD-16b,"Secondary auditory cortex, dorsal area, layer 6b",137.0,198.0,186.0,11200.0,1011.0,AuD,,8.0,4486.0,4486.0,0.08972,Isocortex,6b,False,493.0,4650322.0,16969.0,493.0,4650322.0,16969.0,9432.70182555781,34.419878296146045
1002,Au1,Primary auditory cortex,120.0,255.0,120.0,11300.0,247.0,Au,,7.0,,84706.0,1.69412,Isocortex,Au1,True,,0.0,0.0,9432.0,102957162.0,318773.0,10915.729643765902,33.79696776929601
735,Au1-1,"Primary auditory cortex, layer 1",0.0,157.0,114.0,11400.0,1002.0,Au1,,8.0,11640.0,11640.0,0.2328,Isocortex,1,False,762.0,7338551.0,26257.0,762.0,7338551.0,26257.0,9630.644356955381,34.458005249343834
251,Au1-2/3,"Primary auditory cortex, layer 2/3",0.0,160.0,119.0,11500.0,1002.0,Au1,,8.0,16080.0,16080.0,0.3216,Isocortex,2.3,False,1615.0,14972648.0,54933.0,1615.0,14972648.0,54933.0,9270.98947368421,34.01424148606811
816,Au1-4,"Primary auditory cortex, layer 4",37.0,164.0,125.0,11600.0,1002.0,Au1,,8.0,17582.0,17582.0,0.35164,Isocortex,4,False,2287.0,26795134.0,78362.0,2287.0,26795134.0,78362.0,11716.280717096633,34.26410144293835
847,Au1-5,"Primary auditory cortex, layer 5",71.0,178.0,145.0,11700.0,1002.0,Au1,,8.0,19838.0,19838.0,0.39676,Isocortex,5,False,2560.0,31159425.0,88534.0,2560.0,31159425.0,88534.0,12171.650390625,34.58359375
954,Au1-6a,"Primary auditory cortex, layer 6a",93.0,184.0,160.0,11800.0,1002.0,Au1,,8.0,14694.0,14694.0,0.29388,Isocortex,6a,False,1567.0,15787453.0,49816.0,1567.0,15787453.0,49816.0,10074.95405232929,31.790682833439693
1005,Au1-6b,"Primary auditory cortex, layer 6b",115.0,190.0,168.0,11900.0,1002.0,Au1,,8.0,4872.0,4872.0,0.09744,Isocortex,6b,False,641.0,6903951.0,20871.0,641.0,6903951.0,20871.0,10770.594383775351,32.5600624024961
1018,AuV,"Secondary auditory cortex, ventral area",120.0,255.0,120.0,12700.0,247.0,Au,,7.0,,93258.0,1.86516,Isocortex,AuV,True,,0.0,0.0,11177.0,147269282.0,334613.0,13176.101100474189,29.937639796009663
959,AuV-1,"Secondary auditory cortex, ventral area, layer 1",0.0,156.0,102.0,12800.0,1018.0,AuV,,8.0,13140.0,13140.0,0.2628,Isocortex,1,False,1008.0,11586445.0,30725.0,1008.0,11586445.0,30725.0,11494.489087301587,30.481150793650794
755,AuV-2/3,"Secondary auditory cortex, ventral area, layer 2/3",41.0,163.0,113.0,12900.0,1018.0,AuV,,8.0,19038.0,19038.0,0.38076,Isocortex,2.3,False,2044.0,23466591.0,60688.0,2044.0,23466591.0,60688.0,11480.719667318983,29.690802348336597
990,AuV-4,"Secondary auditory cortex, ventral area, layer 4",70.0,168.0,124.0,13000.0,1018.0,AuV,,8.0,19802.0,19802.0,0.39604,Isocortex,4,False,2563.0,35988048.0,77667.0,2563.0,35988048.0,77667.0,14041.376511900116,30.30316035895435
1023,AuV-5,"Secondary auditory cortex, ventral area, layer 5",96.0,183.0,144.0,13100.0,1018.0,AuV,,8.0,20722.0,20722.0,0.41444,Isocortex,5,False,2748.0,38637116.0,82827.0,2748.0,38637116.0,82827.0,14060.085880640465,30.140829694323145
520,AuV-6a,"Secondary auditory cortex, ventral area, layer 6a",116.0,190.0,160.0,13200.0,1018.0,AuV,,8.0,15552.0,15552.0,0.31104,Isocortex,6a,False,2197.0,28201325.0,63992.0,2197.0,28201325.0,63992.0,12836.28812016386,29.126991351843422
598,AuV-6b,"Secondary auditory cortex, ventral area, layer 6b",127.0,193.0,168.0,13300.0,1018.0,AuV,,8.0,5004.0,5004.0,0.10008,Isocortex,6b,False,617.0,9389757.0,18714.0,617.0,9389757.0,18714.0,15218.40680713128,30.33063209076175
669,V,Visual cortex,112.0,255.0,98.0,13400.0,315.0,Isocortex,,6.0,,760978.0,15.21956,Isocortex,V,False,,0.0,0.0,76442.0,711307690.0,2335704.0,9305.194657387301,30.555244499097356
2170,V2L,"Secondary visual cortex, lateral area",108.0,173.0,178.0,14010.0,669.0,V,,7.0,,171600.0,3.432,Isocortex,V2L,True,,0.0,0.0,18365.0,182997591.0,601801.0,9964.47541519194,32.76890824938742
402,V2La,"Secondary visual cortex, lateral area, anterior region",112.0,255.0,98.0,14100.0,2170.0,V2L,,8.0,,108524.0,2.17048,Isocortex,La,False,,0.0,0.0,10558.0,106149680.0,340368.0,10053.957188861526,32.237923849213864
1074,V2La-1,"Secondary visual cortex, lateral area, anterior region, layer1",0.0,160.0,181.0,14200.0,402.0,V2La,,9.0,15940.0,15940.0,0.3188,Isocortex,1,False,862.0,7824967.0,25263.0,862.0,7824967.0,25263.0,9077.687935034803,29.307424593967518
905,V2La-2/3,"Secondary visual cortex, lateral area, anterior region, layer2/3",0.0,161.0,189.0,14300.0,402.0,V2La,,9.0,22424.0,22424.0,0.44848,Isocortex,2.3,False,2054.0,18442310.0,61901.0,2054.0,18442310.0,61901.0,8978.729308666017,30.13680623174294
1114,V2La-4,"Secondary visual cortex, lateral area, anterior region, layer4",0.0,161.0,197.0,14400.0,402.0,V2La,,9.0,21546.0,21546.0,0.43092,Isocortex,4,False,2561.0,26329001.0,79724.0,2561.0,26329001.0,79724.0,10280.750097618118,31.13002733307302
233,V2La-5,"Secondary visual cortex, lateral area, anterior region, layer5",16.0,179.0,202.0,14500.0,402.0,V2La,,9.0,24488.0,24488.0,0.48976,Isocortex,5,False,2930.0,32221435.0,99655.0,2930.0,32221435.0,99655.0,10997.076791808873,34.01194539249147
601,V2La-6a,"Secondary visual cortex, lateral area, anterior region, layer6a",105.0,193.0,212.0,14600.0,402.0,V2La,,9.0,17166.0,17166.0,0.34332,Isocortex,6a,False,1492.0,15096873.0,52015.0,1492.0,15096873.0,52015.0,10118.547587131367,34.86260053619303
649,V2La-6b,"Secondary visual cortex, lateral area, anterior region, layer6b",103.0,193.0,221.0,14700.0,402.0,V2La,,9.0,6960.0,6960.0,0.1392,Isocortex,6b,False,659.0,6235094.0,21810.0,659.0,6235094.0,21810.0,9461.447647951441,33.095599393019725
409,V2Li,"Secondary visual cortex, lateral area, intermediate region",112.0,255.0,98.0,14800.0,2170.0,V2L,,8.0,,40598.0,0.81196,Isocortex,Li,False,,0.0,0.0,4397.0,42745691.0,155821.0,9721.558107800773,35.43802592676825
421,V2Li-1,"Secondary visual cortex, lateral area, intermediate region, layer1",0.0,159.0,158.0,14900.0,409.0,V2Li,,9.0,5534.0,5534.0,0.11068,Isocortex,1,False,302.0,3021058.0,9805.0,302.0,3021058.0,9805.0,10003.503311258279,32.466887417218544
973,V2Li-2/3,"Secondary visual cortex, lateral area, intermediate region, layer2/3",0.0,159.0,165.0,15000.0,409.0,V2Li,,9.0,7396.0,7396.0,0.14792,Isocortex,2.3,False,678.0,5904661.0,22918.0,678.0,5904661.0,22918.0,8708.939528023599,33.8023598820059
573,V2Li-4,"Secondary visual cortex, lateral area, intermediate region, layer4",0.0,161.0,173.0,15100.0,409.0,V2Li,,9.0,7794.0,7794.0,0.15588,Isocortex,4,False,831.0,8174741.0,28905.0,831.0,8174741.0,28905.0,9837.233453670277,34.78339350180505
613,V2Li-5,"Secondary visual cortex, lateral area, intermediate region, layer5",0.0,176.0,184.0,15200.0,409.0,V2Li,,9.0,8738.0,8738.0,0.17476,Isocortex,5,False,1199.0,12278733.0,44893.0,1199.0,12278733.0,44893.0,10240.811509591325,37.44203502919099
74,V2Li-6a,"Secondary visual cortex, lateral area, intermediate region, layer6a",69.0,183.0,193.0,15300.0,409.0,V2Li,,9.0,9030.0,9030.0,0.1806,Isocortex,6a,False,1127.0,10763227.0,39838.0,1127.0,10763227.0,39838.0,9550.334516415262,35.348713398402836
121,V2Li-6b,"Secondary visual cortex, lateral area, intermediate region, layer6b",107.0,192.0,203.0,15400.0,409.0,V2Li,,9.0,2106.0,2106.0,0.04212,Isocortex,6b,False,260.0,2603271.0,9462.0,260.0,2603271.0,9462.0,10012.58076923077,36.39230769230769
425,V2Lp,"Secondary visual cortex, lateral area, posterior region",112.0,255.0,98.0,15500.0,2170.0,V2L,,8.0,,22478.0,0.44956,Isocortex,Lp,False,,0.0,0.0,3410.0,34102220.0,105612.0,10000.651026392961,30.97126099706745
750,V2Lp-1,"Secondary visual cortex, lateral area, posterior region, layer1",0.0,180.0,205.0,15600.0,425.0,V2Lp,,9.0,3060.0,3060.0,0.0612,Isocortex,1,False,278.0,2654124.0,8442.0,278.0,2654124.0,8442.0,9547.208633093525,30.366906474820144
269,V2Lp-2/3,"Secondary visual cortex, lateral area, posterior region, layer2/3",0.0,181.0,214.0,15700.0,425.0,V2Lp,,9.0,4500.0,4500.0,0.09,Isocortex,2.3,False,644.0,6474517.0,19366.0,644.0,6474517.0,19366.0,10053.597826086956,30.071428571428573
869,V2Lp-4,"Secondary visual cortex, lateral area, posterior region, layer4",0.0,181.0,223.0,15800.0,425.0,V2Lp,,9.0,4668.0,4668.0,0.09336,Isocortex,4,False,786.0,8661153.0,24002.0,786.0,8661153.0,24002.0,11019.278625954199,30.536895674300254
902,V2Lp-5,"Secondary visual cortex, lateral area, posterior region, layer15",2.0,190.0,215.0,15900.0,425.0,V2Lp,,9.0,6104.0,6104.0,0.12208,Isocortex,5,False,1137.0,11472380.0,35003.0,1137.0,11472380.0,35003.0,10090.04397537379,30.785400175901493
377,V2Lp-6a,"Secondary visual cortex, lateral area, posterior region, layer6a",110.0,205.0,226.0,16000.0,425.0,V2Lp,,9.0,3734.0,3734.0,0.07468,Isocortex,6a,False,532.0,4613942.0,17679.0,532.0,4613942.0,17679.0,8672.823308270677,33.2312030075188
393,V2Lp-6b,"Secondary visual cortex, lateral area, posterior region, layer6b",107.0,205.0,236.0,16100.0,425.0,V2Lp,,9.0,412.0,412.0,0.00824,Isocortex,6b,False,33.0,226104.0,1120.0,33.0,226104.0,1120.0,6851.636363636364,33.93939393939394
2096,V2M,"Secondary Visual Cortex, Medial area",107.0,205.0,236.0,16110.0,669.0,V,,7.0,,204868.0,4.09736,Isocortex,V2M,True,,0.0,0.0,19418.0,156914767.0,556949.0,8080.892316407457,28.68209908332475
2097,V2ML,"Secondary visual cortex, mediolateral area",107.0,205.0,236.0,16120.0,2096.0,V2M,,8.0,,74286.0,1.48572,Isocortex,ML,False,,0.0,0.0,8425.0,71278099.0,244359.0,8460.308486646883,29.004035608308605
2393,V2ML-1,"Secondary visual cortex, mediolateral area, layer1",107.0,205.0,236.0,16130.0,2097.0,V2ML,,9.0,11582.0,11582.0,0.23164,Isocortex,1,False,927.0,6941987.0,25174.0,927.0,6941987.0,25174.0,7488.659115426106,27.156418554476808
2409,V2ML-2/3,"Secondary visual cortex, mediolateral area, layer2/3",107.0,205.0,236.0,16140.0,2097.0,V2ML,,9.0,20624.0,20624.0,0.41248,Isocortex,2.3,False,2208.0,17247860.0,60931.0,2208.0,17247860.0,60931.0,7811.530797101449,27.5955615942029
2410,V2ML-4,"Secondary visual cortex, mediolateral area, layer4",107.0,205.0,236.0,16150.0,2097.0,V2ML,,9.0,9282.0,9282.0,0.18564,Isocortex,4,False,1228.0,11007251.0,35831.0,1228.0,11007251.0,35831.0,8963.559446254072,29.178338762214985
2411,V2ML-5,"Secondary visual cortex, mediolateral area, layer5",107.0,205.0,236.0,16160.0,2097.0,V2ML,,9.0,17768.0,17768.0,0.35536,Isocortex,5,False,2886.0,27121638.0,87220.0,2886.0,27121638.0,87220.0,9397.656964656964,30.22176022176022
2412,V2ML-6a,"Secondary visual cortex, mediolateral area, layer6a",107.0,205.0,236.0,16170.0,2097.0,V2ML,,9.0,11534.0,11534.0,0.23068,Isocortex,6a,False,881.0,6751388.0,26494.0,881.0,6751388.0,26494.0,7663.323496027242,30.072644721906926
2413,V2ML-6b,"Secondary visual cortex, mediolateral area, layer6b",107.0,205.0,236.0,16180.0,2097.0,V2ML,,9.0,3496.0,3496.0,0.06992,Isocortex,6b,False,295.0,2207975.0,8709.0,295.0,2207975.0,8709.0,7484.661016949152,29.522033898305086
394,V2MMa,"Secondary visual cortex, mediomedial area, anterior region",112.0,255.0,98.0,16200.0,2096.0,V2M,,8.0,,70006.0,1.40012,Isocortex,MMa,False,,0.0,0.0,6614.0,56388314.0,186141.0,8525.599334744482,28.14348351980647
281,V2MMa-1,"Secondary visual cortex, mediomedial area, anterior region, layer1",0.0,141.0,139.0,16300.0,394.0,V2MMa,,9.0,12108.0,12108.0,0.24216,Isocortex,1,False,529.0,3931900.0,14274.0,529.0,3931900.0,14274.0,7432.703213610586,26.982986767485823
1066,V2MMa-2/3,"Secondary visual cortex, mediomedial area, anterior region, layer2/3",0.0,142.0,145.0,16400.0,394.0,V2MMa,,9.0,19884.0,19884.0,0.39768,Isocortex,2.3,False,2056.0,16259849.0,56211.0,2056.0,16259849.0,56211.0,7908.4868677042805,27.339980544747082
401,V2MMa-4,"Secondary visual cortex, mediomedial area, anterior region, layer4",0.0,143.0,152.0,16500.0,394.0,V2MMa,,9.0,2462.0,2462.0,0.04924,Isocortex,4,False,288.0,2510704.0,8324.0,288.0,2510704.0,8324.0,8717.722222222223,28.90277777777778
433,V2MMa-5,"Secondary visual cortex, mediomedial area, anterior region, layer5",0.0,158.0,163.0,16600.0,394.0,V2MMa,,9.0,18274.0,18274.0,0.36548,Isocortex,5,False,2569.0,24223378.0,74141.0,2569.0,24223378.0,74141.0,9429.107824056053,28.859867652783183
1046,V2MMa-6a,"Secondary visual cortex, mediomedial area, anterior region, layer6a",64.0,164.0,172.0,16700.0,394.0,V2MMa,,9.0,14214.0,14214.0,0.28428,Isocortex,6a,False,976.0,7900492.0,27533.0,976.0,7900492.0,27533.0,8094.766393442623,28.210040983606557
441,V2MMa-6b,"Secondary visual cortex, mediomedial area, anterior region, layer6b",98.0,172.0,181.0,16800.0,394.0,V2MMa,,9.0,3064.0,3064.0,0.06128,Isocortex,6b,False,196.0,1561991.0,5658.0,196.0,1561991.0,5658.0,7969.341836734694,28.867346938775512
533,V2MMp,"Secondary visual cortex, mediomedial area, posterior region",112.0,255.0,98.0,16900.0,2096.0,V2M,,8.0,,60576.0,1.21152,Isocortex,MMp,False,,0.0,0.0,4379.0,29248354.0,126449.0,6679.231331354191,28.87622744918931
805,V2MMp-1,"Secondary visual cortex, mediomedial area, posterior region, layer1",0.0,174.0,184.0,17000.0,533.0,V2MMp,,9.0,15180.0,15180.0,0.3036,Isocortex,1,False,527.0,3615421.0,14903.0,527.0,3615421.0,14903.0,6860.381404174573,28.278937381404173
41,V2MMp-2/3,"Secondary visual cortex, mediomedial area, posterior region, layer2/3",0.0,175.0,191.0,17100.0,533.0,V2MMp,,9.0,16506.0,16506.0,0.33012,Isocortex,2.3,False,991.0,6865837.0,28346.0,991.0,6865837.0,28346.0,6928.190716448033,28.60343087790111
501,V2MMp-4,"Secondary visual cortex, mediomedial area, posterior region, layer4",0.0,179.0,200.0,17200.0,533.0,V2MMp,,9.0,7620.0,7620.0,0.1524,Isocortex,4,False,759.0,5170087.0,21977.0,759.0,5170087.0,21977.0,6811.70882740448,28.95520421607378
565,V2MMp-5,"Secondary visual cortex, mediomedial area, posterior region, layer5",63.0,184.0,201.0,17300.0,533.0,V2MMp,,9.0,11968.0,11968.0,0.23936,Isocortex,5,False,1319.0,8733337.0,38343.0,1319.0,8733337.0,38343.0,6621.180439727066,29.069749810462472
257,V2MMp-6a,"Secondary visual cortex, mediomedial area, posterior region, layer6a",93.0,188.0,201.0,17400.0,533.0,V2MMp,,9.0,8620.0,8620.0,0.1724,Isocortex,6a,False,740.0,4583371.0,21601.0,740.0,4583371.0,21601.0,6193.744594594595,29.19054054054054
469,V2MMp-6b,"Secondary visual cortex, mediomedial area, posterior region, layer6b",119.0,194.0,202.0,17500.0,533.0,V2MMp,,9.0,682.0,682.0,0.01364,Isocortex,6b,False,43.0,280301.0,1279.0,43.0,280301.0,1279.0,6518.627906976744,29.74418604651163
937,V1_leaf,"Primary visual cortex, leaf",112.0,255.0,98.0,17600.0,385.0,V1,,8.0,3394.0,3394.0,0.06788,Isocortex,misc,False,38.0,346282.0,1069.0,38.0,346282.0,1069.0,9112.684210526315,28.13157894736842
385,V1,Primary visual cortex,112.0,255.0,98.0,17600.0,669.0,V,,7.0,,384510.0,7.6902,Isocortex,V1,True,,0.0,0.0,38659.0,371395332.0,1176954.0,9606.956517240487,30.444501927106238
593,V1-1,"Primary visual cortex, layer1",0.0,147.0,153.0,17700.0,385.0,V1,,8.0,24752.0,24752.0,0.49504,Isocortex,1,False,1261.0,10804111.0,35962.0,1261.0,10804111.0,35962.0,8567.891356066613,28.518636003172087
821,V1-2/3,"Primary visual cortex, layer2/3",0.0,148.0,159.0,17800.0,385.0,V1,,8.0,36596.0,36596.0,0.73192,Isocortex,2.3,False,3207.0,27332493.0,91909.0,3207.0,27332493.0,91909.0,8522.76052385407,28.65887121920798
721,V1-4,"Primary visual cortex, layer4",17.0,151.0,167.0,17900.0,385.0,V1,,8.0,29418.0,29418.0,0.58836,Isocortex,4,False,4079.0,38395967.0,120992.0,4079.0,38395967.0,120992.0,9413.083353763177,29.662172101005147
778,V1-5,"Primary visual cortex, layer5",60.0,163.0,177.0,18000.0,385.0,V1,,8.0,23110.0,23110.0,0.4622,Isocortex,5,False,3831.0,37078051.0,116619.0,3831.0,37078051.0,116619.0,9678.426259462281,30.44087705559906
33,V1-6a,"Primary visual cortex, layer6a",85.0,168.0,178.0,18100.0,385.0,V1,,8.0,17502.0,17502.0,0.35004,Isocortex,6a,False,1775.0,13864112.0,54071.0,1775.0,13864112.0,54071.0,7810.767323943662,30.462535211267607
305,V1-6b,"Primary visual cortex, layer6b",107.0,173.0,178.0,18200.0,385.0,V1,,8.0,3808.0,3808.0,0.07616,Isocortex,6b,False,334.0,2760258.0,10075.0,334.0,2760258.0,10075.0,8264.245508982036,30.164670658682635
2098,V1M,"Primary visual cortex, monocular area",112.0,255.0,98.0,18210.0,385.0,V1,,8.0,,121062.0,2.42124,Isocortex,M,False,,0.0,0.0,11515.0,105384277.0,350730.0,9151.912896222319,30.458532349109856
2428,V1M-1,"Primary visual cortex, monocular area, layer1",112.0,255.0,98.0,18220.0,2098.0,V1M,,9.0,16558.0,16558.0,0.33116,Isocortex,1,False,783.0,6646052.0,22135.0,783.0,6646052.0,22135.0,8487.933588761174,28.26947637292465
2429,V1M-2/3,"Primary visual cortex, monocular area, layer2/3",112.0,255.0,98.0,18230.0,2098.0,V1M,,9.0,27934.0,27934.0,0.55868,Isocortex,2.3,False,1848.0,16220653.0,53481.0,1848.0,16220653.0,53481.0,8777.409632034633,28.939935064935064
2430,V1M-4,"Primary visual cortex, monocular area, layer4",112.0,255.0,98.0,18240.0,2098.0,V1M,,9.0,21080.0,21080.0,0.4216,Isocortex,4,False,2520.0,23463754.0,77296.0,2520.0,23463754.0,77296.0,9311.013492063492,30.673015873015874
2431,V1M-5,"Primary visual cortex, monocular area, layer5",112.0,255.0,98.0,18250.0,2098.0,V1M,,9.0,27074.0,27074.0,0.54148,Isocortex,5,False,3765.0,37807852.0,118199.0,3765.0,37807852.0,118199.0,10041.926162018592,31.394156706507303
2432,V1M-6a,"Primary visual cortex, monocular area, layer6a",112.0,255.0,98.0,18260.0,2098.0,V1M,,9.0,20956.0,20956.0,0.41912,Isocortex,6a,False,1684.0,13598739.0,51392.0,1684.0,13598739.0,51392.0,8075.260688836104,30.517814726840854
2433,V1M-6b,"Primary visual cortex, monocular area, layer16b",112.0,255.0,98.0,18270.0,2098.0,V1M,,9.0,7460.0,7460.0,0.1492,Isocortex,6b,False,915.0,7647227.0,28227.0,915.0,7647227.0,28227.0,8357.625136612021,30.84918032786885
2133,V1B,"Primary visual cortex, binocular area",112.0,255.0,98.0,18280.0,385.0,V1,,8.0,,124868.0,2.49736,Isocortex,B,False,,0.0,0.0,12619.0,135429781.0,395527.0,10732.211823440843,31.343767334971076
2434,V1B-1,"Primary visual cortex, binocular area, layer1",112.0,255.0,98.0,18290.0,2133.0,V1B,,9.0,16434.0,16434.0,0.32868,Isocortex,1,False,697.0,6950646.0,19832.0,697.0,6950646.0,19832.0,9972.232424677188,28.453371592539455
2435,V1B-2/3,"Primary visual cortex, binocular area, layer2/3",112.0,255.0,98.0,18291.0,2133.0,V1B,,9.0,26416.0,26416.0,0.52832,Isocortex,2.3,False,1721.0,17159939.0,50910.0,1721.0,17159939.0,50910.0,9970.911679256247,29.58163858221964
2436,V1B-4,"Primary visual cortex, binocular area, layer4",112.0,255.0,98.0,18292.0,2133.0,V1B,,9.0,22576.0,22576.0,0.45152,Isocortex,4,False,3067.0,35694942.0,94166.0,3067.0,35694942.0,94166.0,11638.389957613303,30.70296706879687
2437,V1B-5,"Primary visual cortex, binocular area, layer5",112.0,255.0,98.0,18293.0,2133.0,V1B,,9.0,27720.0,27720.0,0.5544,Isocortex,5,False,3823.0,43369645.0,121366.0,3823.0,43369645.0,121366.0,11344.400993983782,31.746272560816113
2438,V1B-6a,"Primary visual cortex, binocular area, layer6a",112.0,255.0,98.0,18294.0,2133.0,V1B,,9.0,23728.0,23728.0,0.47456,Isocortex,6a,False,2398.0,23761093.0,78983.0,2398.0,23761093.0,78983.0,9908.712677231026,32.93703085904921
2439,V1B-6b,"Primary visual cortex, binocular area, layer6b",112.0,255.0,98.0,18295.0,2133.0,V1B,,9.0,7994.0,7994.0,0.15988,Isocortex,6b,False,913.0,8493516.0,30270.0,913.0,8493516.0,30270.0,9302.865279299014,33.15443592552026
31,A24 (Cg),Cingulate cortex,112.0,255.0,113.0,18300.0,315.0,Isocortex,,6.0,,184606.0,3.69212,Isocortex,Cg,True,,0.0,0.0,16472.0,163952351.0,545103.0,9953.396733851385,33.09270276833414
2345,A24b (Cg1),"Cingulate cortex, area 24b ",169.0,203.0,142.0,18810.0,31.0,A24 (Cg),,7.0,,107144.0,2.14288,Isocortex,Cg1,False,,0.0,0.0,9070.0,87218393.0,321524.0,9616.140352811466,35.44917309812569
2346,A24b (Cg1)-1,"Cingulate cortex, area 24b, layer1",169.0,203.0,142.0,18820.0,2345.0,A24b (Cg1),,8.0,26424.0,26424.0,0.52848,Isocortex,1,False,693.0,5715290.0,23713.0,693.0,5715290.0,23713.0,8247.171717171717,34.21789321789322
2347,A24b (Cg1)-2/3,"Cingulate cortex, area 24b, layer2/3",169.0,203.0,142.0,18830.0,2345.0,A24b (Cg1),,8.0,33754.0,33754.0,0.67508,Isocortex,2.3,False,3193.0,28349199.0,113230.0,3193.0,28349199.0,113230.0,8878.54650798622,35.461948011274664
2348,A24b (Cg1)-5,"Cingulate cortex, area 24b, layer5",169.0,203.0,142.0,18840.0,2345.0,A24b (Cg1),,8.0,27548.0,27548.0,0.55096,Isocortex,5,False,2966.0,30999093.0,109605.0,2966.0,30999093.0,109605.0,10451.481119352664,36.95380984490897
2349,A24b (Cg1)-6a,"Cingulate cortex, area 24b, layer6a",169.0,203.0,142.0,18850.0,2345.0,A24b (Cg1),,8.0,16460.0,16460.0,0.3292,Isocortex,6a,False,1886.0,19420683.0,64984.0,1886.0,19420683.0,64984.0,10297.2868504772,34.4559915164369
2350,A24b (Cg1)-6b,"Cingulate cortex, area 24b, layer6b",169.0,203.0,142.0,18860.0,2345.0,A24b (Cg1),,8.0,2958.0,2958.0,0.05916,Isocortex,6b,False,332.0,2734128.0,9992.0,332.0,2734128.0,9992.0,8235.325301204819,30.096385542168676
39,A24b' (Cg1),"Cingulate cortex, area 24b'",113.0,255.0,113.0,18900.0,31.0,A24 (Cg),,7.0,,36612.0,0.73224,Isocortex,Cg1',False,,0.0,0.0,3695.0,39912834.0,112177.0,10801.84952638701,30.35913396481732
935,A24b' (Cg1)-1,"Cingulate cortex, area 24b', layer1",96.0,170.0,75.0,19000.0,39.0,A24b' (Cg1),,8.0,9082.0,9082.0,0.18164,Isocortex,1,False,153.0,1123048.0,4246.0,153.0,1123048.0,4246.0,7340.183006535948,27.751633986928105
211,A24b' (Cg1)-2/3,"Cingulate cortex, area 24b', layer2/3",116.0,175.0,88.0,19100.0,39.0,A24b' (Cg1),,8.0,12388.0,12388.0,0.24776,Isocortex,2.3,False,1598.0,15808143.0,48192.0,1598.0,15808143.0,48192.0,9892.454943679599,30.157697121401753
1015,A24b' (Cg1)-5,"Cingulate cortex, area 24b', layer5",137.0,183.0,108.0,19200.0,39.0,A24b' (Cg1),,8.0,9868.0,9868.0,0.19736,Isocortex,5,False,1329.0,15551619.0,40856.0,1329.0,15551619.0,40856.0,11701.744920993227,30.74191121143717
919,A24b' (Cg1)-6a,"Cingulate cortex, area 24b', layer6a",157.0,199.0,128.0,19300.0,39.0,A24b' (Cg1),,8.0,4748.0,4748.0,0.09496,Isocortex,6a,False,576.0,7023327.0,17746.0,576.0,7023327.0,17746.0,12193.276041666666,30.80902777777778
927,A24b' (Cg1)-6b,"Cingulate cortex, area 24b', layer6b",168.0,203.0,142.0,19400.0,39.0,A24b' (Cg1),,8.0,526.0,526.0,0.01052,Isocortex,6b,False,39.0,406697.0,1137.0,39.0,406697.0,1137.0,10428.128205128205,29.153846153846153
48,A24a' (Cg2),"Cingulate cortex, area 24a'",114.0,255.0,113.0,19500.0,31.0,A24 (Cg),,7.0,,40850.0,0.817,Isocortex,Cg2,False,,0.0,0.0,3707.0,36821124.0,111402.0,9932.863231723766,30.05179390342595
588,A24a' (Cg2)-1,"Cingulate cortex, area 24a', layer1",109.0,191.0,85.0,19600.0,48.0,A24a' (Cg2),,8.0,10338.0,10338.0,0.20676,Isocortex,1,False,135.0,1136505.0,4070.0,135.0,1136505.0,4070.0,8418.555555555555,30.14814814814815
296,A24a' (Cg2)-2/3,"Cingulate cortex, area 24a', layer2/3",131.0,198.0,100.0,19700.0,48.0,A24a' (Cg2),,8.0,14234.0,14234.0,0.28468,Isocortex,2.3,False,1733.0,16673690.0,51792.0,1733.0,16673690.0,51792.0,9621.286785920369,29.885747259088287
772,A24a' (Cg2)-5,"Cingulate cortex, area 24a', layer5",155.0,207.0,122.0,19800.0,48.0,A24a' (Cg2),,8.0,7324.0,7324.0,0.14648,Isocortex,5,False,1027.0,10583105.0,31369.0,1027.0,10583105.0,31369.0,10304.87341772152,30.544303797468356
810,A24a' (Cg2)-6a,"Cingulate cortex, area 24a', layer6a",167.0,212.0,136.0,19900.0,48.0,A24a' (Cg2),,8.0,7202.0,7202.0,0.14404,Isocortex,6a,False,656.0,6911749.0,19659.0,656.0,6911749.0,19659.0,10536.202743902439,29.96798780487805
819,A24a' (Cg2)-6b,"Cingulate cortex, area 24a', layer6b",178.0,217.0,152.0,20000.0,48.0,A24a' (Cg2),,8.0,1752.0,1752.0,0.03504,Isocortex,6b,False,156.0,1516075.0,4512.0,156.0,1516075.0,4512.0,9718.429487179486,28.923076923076923
972,A32 (PrL),"Cingulate cortex, area 32 (Prelimbic cortex)",112.0,255.0,118.0,20100.0,315.0,Isocortex,,6.0,,102390.0,2.0478,Isocortex,PrL,True,,0.0,0.0,7116.0,73367513.0,220908.0,10310.218240584598,31.043844856661046
171,A32 (PrL)-1,"Cingulate cortex, area 32 (Prelimbic cortex), layer1",83.0,150.0,66.0,20200.0,972.0,A32 (PrL),,7.0,23856.0,23856.0,0.47712,Isocortex,1,False,435.0,3160434.0,13298.0,435.0,3160434.0,13298.0,7265.365517241379,30.570114942528736
195,A32 (PrL)-2,"Cingulate cortex, area 32 (Prelimbic cortex), layer2",101.0,156.0,78.0,20300.0,972.0,A32 (PrL),,7.0,,0.0,0.0,Isocortex,2,False,,0.0,0.0,0.0,0.0,0.0,,
304,A32 (PrL)-2/3,"Cingulate cortex, area 32 (Prelimbic cortex), layer2/3",121.0,163.0,95.0,20400.0,972.0,A32 (PrL),,7.0,29784.0,29784.0,0.59568,Isocortex,2.3,False,2192.0,20278524.0,71547.0,2192.0,20278524.0,71547.0,9251.151459854014,32.64005474452555
363,A32 (PrL)-5,"Cingulate cortex, area 32 (Prelimbic cortex), layer5",140.0,178.0,114.0,20500.0,972.0,A32 (PrL),,7.0,36902.0,36902.0,0.73804,Isocortex,5,False,3330.0,37620226.0,102997.0,3330.0,37620226.0,102997.0,11297.365165165165,30.93003003003003
84,A32 (PrL)-6a,"Cingulate cortex, area 32 (Prelimbic cortex), layer6a",150.0,182.0,127.0,20600.0,972.0,A32 (PrL),,7.0,11848.0,11848.0,0.23696,Isocortex,6a,False,1159.0,12308329.0,33066.0,1159.0,12308329.0,33066.0,10619.783433994824,28.5297670405522
132,A32 (PrL)-6b,"Cingulate cortex, area 32 (Prelimbic cortex), layer6b",160.0,187.0,142.0,20700.0,972.0,A32 (PrL),,7.0,,0.0,0.0,Isocortex,6b,False,,0.0,0.0,0.0,0.0,0.0,,
714,O,Orbital cortex,128.0,255.0,128.0,20800.0,315.0,Isocortex,,6.0,,275026.0,5.50052,Isocortex,O,True,,0.0,0.0,27119.0,418766912.0,804002.0,15441.82720601792,29.647184630701723
723,LO,Lateral orbital cortex,127.0,255.0,128.0,21400.0,714.0,O,,7.0,,140762.0,2.81524,Isocortex,L,False,,0.0,0.0,15046.0,260559960.0,452899.0,17317.556825734413,30.100957065000664
480,LO_leaf,"Lateral orbital cortex, leaf",127.0,255.0,128.0,21400.0,723.0,LO,,8.0,2364.0,2364.0,0.04728,Isocortex,misc,False,121.0,1838273.0,3543.0,121.0,1838273.0,3543.0,15192.338842975207,29.28099173553719
448,LO-1,"Lateral orbital cortex, layer1",37.0,143.0,69.0,21500.0,723.0,LO,,8.0,33296.0,33296.0,0.66592,Isocortex,1,False,2932.0,52168771.0,87725.0,2932.0,52168771.0,87725.0,17792.89597544338,29.919849931787176
412,LO-2/3,"Lateral orbital cortex, layer2/3",63.0,148.0,87.0,21600.0,723.0,LO,,8.0,62110.0,62110.0,1.2422,Isocortex,2.3,False,7212.0,129309035.0,218473.0,7212.0,129309035.0,218473.0,17929.705352190795,30.292983915696063
630,LO-5,"Lateral orbital cortex, layer5",82.0,152.0,98.0,21700.0,723.0,LO,,8.0,38424.0,38424.0,0.76848,Isocortex,5,False,4293.0,70543398.0,129495.0,4293.0,70543398.0,129495.0,16432.19147449336,30.164220824598182
440,LO-6a,"Lateral orbital cortex, layer6a",107.0,168.0,116.0,21800.0,723.0,LO,,8.0,4568.0,4568.0,0.09136,Isocortex,6a,False,488.0,6700483.0,13663.0,488.0,6700483.0,13663.0,13730.497950819672,27.99795081967213
488,LO-6b,"Lateral orbital cortex, layer6b",128.0,175.0,128.0,21900.0,723.0,LO,,8.0,,0.0,0.0,Isocortex,6b,False,,0.0,0.0,0.0,0.0,0.0,,
731,MO,Medial orbital cortex,126.0,255.0,128.0,22000.0,714.0,O,,7.0,,71346.0,1.42692,Isocortex,M,False,,0.0,0.0,5554.0,66847430.0,165348.0,12035.907454087144,29.77097587324451
635,MO_leaf,"Medial orbital cortex, leaf",126.0,255.0,128.0,22000.0,731.0,MO,,8.0,1572.0,1572.0,0.03144,Isocortex,misc,False,43.0,486153.0,1233.0,43.0,486153.0,1233.0,11305.883720930233,28.674418604651162
484,MO-1,"Medial orbital cortex, layer1",102.0,155.0,63.0,22100.0,731.0,MO,,8.0,23110.0,23110.0,0.4622,Isocortex,1,False,849.0,9655562.0,25230.0,849.0,9655562.0,25230.0,11372.864546525323,29.71731448763251
524,MO-2/3,"Medial orbital cortex, layer2/3",121.0,162.0,82.0,22200.0,731.0,MO,,8.0,,0.0,0.0,Isocortex,2.3,False,,0.0,0.0,0.0,0.0,0.0,,
582,MO-5,"Medial orbital cortex, layer5",131.0,166.0,95.0,22300.0,731.0,MO,,8.0,28014.0,28014.0,0.56028,Isocortex,5,False,2684.0,31887039.0,79905.0,2684.0,31887039.0,79905.0,11880.416915052161,29.77086438152012
620,MO-6a,"Medial orbital cortex, layer6a",150.0,181.0,113.0,22400.0,731.0,MO,,8.0,18182.0,18182.0,0.36364,Isocortex,6a,False,1942.0,24431042.0,57988.0,1942.0,24431042.0,57988.0,12580.351184346035,29.859938208032954
910,MO-6b,"Medial orbital cortex, layer6b",161.0,186.0,127.0,22500.0,731.0,MO,,8.0,468.0,468.0,0.00936,Isocortex,6b,False,36.0,387634.0,992.0,36.0,387634.0,992.0,10767.611111111111,27.555555555555557
2510,VO_leaf,"Ventral orbital cortex, leaf",125.0,255.0,128.0,22600.0,738.0,VO,,8.0,1622.0,1622.0,0.03244,Isocortex,misc,False,40.0,539646.0,1192.0,40.0,539646.0,1192.0,13491.15,29.8
738,VO,Ventral orbital cortex,125.0,255.0,128.0,22600.0,714.0,O,,7.0,,62918.0,1.25836,Isocortex,V,False,,0.0,0.0,6519.0,91359522.0,185755.0,14014.346065347447,28.494400981745667
2320,VO-1,"Orbital cortex, ventral part, layer 1",125.0,255.0,128.0,22610.0,738.0,VO,,8.0,19340.0,19340.0,0.3868,Isocortex,1,False,2014.0,29315636.0,58170.0,2014.0,29315636.0,58170.0,14555.926514399205,28.882820258192652
2321,VO-2/3,"Orbital cortex, ventral part, layer 2/3",125.0,255.0,128.0,22620.0,738.0,VO,,8.0,29916.0,29916.0,0.59832,Isocortex,2.3,False,3315.0,47132076.0,95039.0,3315.0,47132076.0,95039.0,14217.820814479637,28.669381598793365
2322,VO-5,"Orbital cortex, ventral part, layer 5",125.0,255.0,128.0,22630.0,738.0,VO,,8.0,9032.0,9032.0,0.18064,Isocortex,5,False,901.0,11323679.0,24589.0,901.0,11323679.0,24589.0,12567.901220865704,27.290788013318537
2323,VO-6a,"Orbital cortex, ventral part, layer 6a",125.0,255.0,128.0,22640.0,738.0,VO,,8.0,2636.0,2636.0,0.05272,Isocortex,6a,False,210.0,2642794.0,5783.0,210.0,2642794.0,5783.0,12584.733333333334,27.538095238095238
2324,VO-6b,"Orbital cortex, ventral part, layer 6b",125.0,255.0,128.0,22650.0,738.0,VO,,8.0,372.0,372.0,0.00744,Isocortex,6b,False,39.0,405691.0,982.0,39.0,405691.0,982.0,10402.333333333334,25.17948717948718
95,AI,Agranular insular cortex,112.0,255.0,114.0,23300.0,315.0,Isocortex,,6.0,,283750.0,5.675,Isocortex,AI,True,,0.0,0.0,27149.0,468600552.0,841836.0,17260.324579174187,31.007992927916312
2331,AI1,"Agranular insular cortex, layer 1",112.0,255.0,114.0,23310.0,95.0,AI,,7.0,2372.0,2372.0,0.04744,Isocortex,1,False,175.0,2985111.0,5112.0,175.0,2985111.0,5112.0,17057.777142857143,29.21142857142857
2332,AI2/3,"Agranular insular cortex, layer 2/3",112.0,255.0,114.0,23320.0,95.0,AI,,7.0,3432.0,3432.0,0.06864,Isocortex,2.3,False,495.0,9115343.0,15035.0,495.0,9115343.0,15035.0,18414.834343434344,30.373737373737374
2333,AI5,"Agranular insular cortex, layer 5",112.0,255.0,114.0,23330.0,95.0,AI,,7.0,2462.0,2462.0,0.04924,Isocortex,5,False,256.0,4445407.0,7855.0,256.0,4445407.0,7855.0,17364.87109375,30.68359375
104,AID,"Agranular insular cortex, dorsal part",113.0,255.0,114.0,23400.0,95.0,AI,,7.0,,135634.0,2.71268,Isocortex,D,False,,0.0,0.0,14031.0,238921322.0,425713.0,17028.10362768156,30.340888033639796
996,AID-1,"Agranular insular cortex, dorsal part, layer1",74.0,165.0,77.0,23500.0,104.0,AID,,8.0,18686.0,18686.0,0.37372,Isocortex,1,False,1529.0,25838754.0,46206.0,1529.0,25838754.0,46206.0,16899.119686069327,30.219751471550033
328,AID-2/3,"Agranular insular cortex, dorsal part, layer2/3",95.0,171.0,97.0,23600.0,104.0,AID,,8.0,38910.0,38910.0,0.7782,Isocortex,2.3,False,3493.0,62612814.0,109450.0,3493.0,62612814.0,109450.0,17925.22588033209,31.33409676495849
1101,AID-5,"Agranular insular cortex, dorsal part, layer5",114.0,177.0,110.0,23700.0,104.0,AID,,8.0,29348.0,29348.0,0.58696,Isocortex,5,False,3334.0,52307401.0,99250.0,3334.0,52307401.0,99250.0,15689.0824835033,29.76904619076185
783,AID-6a,"Agranular insular cortex, dorsal part, layer6a",144.0,195.0,129.0,23800.0,104.0,AID,,8.0,11524.0,11524.0,0.23048,Isocortex,6a,False,1531.0,23299800.0,46352.0,1531.0,23299800.0,46352.0,15218.680600914435,30.275636838667538
831,AID-6b,"Agranular insular cortex, dorsal part, layer6b",156.0,200.0,143.0,23900.0,104.0,AID,,8.0,48.0,48.0,0.00096,Isocortex,6b,False,4.0,39025.0,93.0,4.0,39025.0,93.0,9756.25,23.25
2020,DLO,Dorsolateral orbital cortex,156.0,200.0,143.0,23910.0,104.0,AID,,8.0,,37118.0,0.74236,Isocortex,DLO,False,,0.0,0.0,4140.0,74823528.0,124362.0,18073.315942028985,30.03913043478261
2326,DLO-1,"Dorsolateral orbital cortex, layer 1",156.0,200.0,143.0,23920.0,2020.0,DLO,,9.0,11712.0,11712.0,0.23424,Isocortex,1,False,798.0,14451126.0,23909.0,798.0,14451126.0,23909.0,18109.18045112782,29.961152882205514
2327,DLO-2/3,"Dorsolateral orbital cortex, layer 2/3",156.0,200.0,143.0,23930.0,2020.0,DLO,,9.0,18360.0,18360.0,0.3672,Isocortex,2.3,False,2570.0,47262263.0,77337.0,2570.0,47262263.0,77337.0,18389.98560311284,30.092217898832686
2328,DLO-5,Dorsolateral orbital cortex layer 5,156.0,200.0,143.0,23940.0,2020.0,DLO,,9.0,7046.0,7046.0,0.14092,Isocortex,5,False,772.0,13110139.0,23116.0,772.0,13110139.0,23116.0,16982.045336787563,29.94300518134715
2329,DLO-6a,Dorsolateral orbital cortex layer 6a,156.0,200.0,143.0,23950.0,2020.0,DLO,,9.0,,0.0,0.0,Isocortex,6a,False,,0.0,0.0,0.0,0.0,0.0,,
2330,DLO-6b,Dorsolateral orbital cortex layer 6b,156.0,200.0,143.0,23960.0,2020.0,DLO,,9.0,,0.0,0.0,Isocortex,6b,False,,0.0,0.0,0.0,0.0,0.0,,
111,AIP,"Agranular insular cortex, posterior part",111.0,255.0,114.0,24000.0,95.0,AI,,7.0,,59508.0,1.19016,Isocortex,P,False,,0.0,0.0,4323.0,76141321.0,144220.0,17613.07448531113,33.36109183437428
120,AIP-1,"Agranular insular cortex, posterior part, layer1",0.0,154.0,82.0,24100.0,111.0,AIP,,8.0,13484.0,13484.0,0.26968,Isocortex,1,False,684.0,12388743.0,22663.0,684.0,12388743.0,22663.0,18112.197368421053,33.13304093567251
163,AIP-2/3,"Agranular insular cortex, posterior part, layer2/3",20.0,160.0,94.0,24200.0,111.0,AIP,,8.0,28316.0,28316.0,0.56632,Isocortex,2.3,False,1947.0,34633559.0,66331.0,1947.0,34633559.0,66331.0,17788.16589625064,34.068310220852595
344,AIP-5,"Agranular insular cortex, posterior part, layer5",59.0,165.0,106.0,24300.0,111.0,AIP,,8.0,11962.0,11962.0,0.23924,Isocortex,5,False,1125.0,19132729.0,36811.0,1125.0,19132729.0,36811.0,17006.870222222224,32.72088888888889
314,AIP-6a,"Agranular insular cortex, posterior part, layer6a",87.0,180.0,124.0,24400.0,111.0,AIP,,8.0,5746.0,5746.0,0.11492,Isocortex,6a,False,567.0,9986290.0,18415.0,567.0,9986290.0,18415.0,17612.504409171077,32.47795414462081
355,AIP-6b,"Agranular insular cortex, posterior part, layer6b",108.0,186.0,137.0,24500.0,111.0,AIP,,8.0,,0.0,0.0,Isocortex,6b,False,,0.0,0.0,0.0,0.0,0.0,,
119,AIV,"Agranular insular cortex, ventral part",110.0,255.0,114.0,24600.0,95.0,AI,,7.0,,80342.0,1.60684,Isocortex,V,False,,0.0,0.0,7869.0,136992048.0,243901.0,17409.079679756003,30.99517092387851
704,AIV-1,"Agranular insular cortex, ventral part, layer1",84.0,186.0,88.0,24700.0,119.0,AIV,,8.0,16248.0,16248.0,0.32496,Isocortex,1,False,743.0,11692194.0,22636.0,743.0,11692194.0,22636.0,15736.465679676985,30.465679676985197
694,AIV-2/3,"Agranular insular cortex, ventral part, layer2/3",107.0,192.0,110.0,24800.0,119.0,AIV,,8.0,27804.0,27804.0,0.55608,Isocortex,2.3,False,2802.0,52335674.0,87635.0,2802.0,52335674.0,87635.0,18677.970735189152,31.27587437544611
800,AIV-5,"Agranular insular cortex, ventral part, layer5",129.0,199.0,124.0,24900.0,119.0,AIV,,8.0,26560.0,26560.0,0.5312,Isocortex,5,False,3114.0,53282574.0,96472.0,3114.0,53282574.0,96472.0,17110.65317919075,30.980089916506103
675,AIV-6a,"Agranular insular cortex, ventral part, layer6a",153.0,207.0,137.0,25000.0,119.0,AIV,,8.0,9730.0,9730.0,0.1946,Isocortex,6a,False,1210.0,19681606.0,37158.0,1210.0,19681606.0,37158.0,16265.790082644628,30.70909090909091
699,AIV-6b,"Agranular insular cortex, ventral part, layer6b",166.0,213.0,152.0,25100.0,119.0,AIV,,8.0,,0.0,0.0,Isocortex,6b,False,,0.0,0.0,0.0,0.0,0.0,,
254,A29-30 (RS),"Cingulate cortex, area 29 and 30 (retrosplenial cortex)",112.0,255.0,120.0,25200.0,315.0,Isocortex,,6.0,,370028.0,7.40056,Isocortex,RS,True,,0.0,0.0,30241.0,277053265.0,848830.0,9161.511358751364,28.068846929665025
879,A30 (RSD),"Cingulate cortex, area 30 (Retrosplenial dysgranular cortex)",112.0,255.0,120.0,25900.0,254.0,A29-30 (RS),,7.0,,176668.0,3.53336,Isocortex,RSD,False,,0.0,0.0,16503.0,145770011.0,456822.0,8832.940132097194,27.68114888202145
442,A30 (RSD)-1,"Cingulate cortex, area 30 (Retrosplenial dysgranular cortex), layer1",0.0,139.0,89.0,26000.0,879.0,A30 (RSD),,8.0,38158.0,38158.0,0.76316,Isocortex,1,False,1938.0,13999475.0,52329.0,1938.0,13999475.0,52329.0,7223.671310629515,27.0015479876161
434,A30 (RSD)-2/3,"Cingulate cortex, area 30 (Retrosplenial dysgranular cortex), layer2/3",34.0,145.0,99.0,26100.0,879.0,A30 (RSD),,8.0,51104.0,51104.0,1.02208,Isocortex,2.3,False,5487.0,43764566.0,149238.0,5487.0,43764566.0,149238.0,7976.046291233825,27.198469108802623
545,A30 (RSD)-4,"Cingulate cortex, area 30 (Retrosplenial dysgranular cortex), layer4",35.0,145.0,99.0,26200.0,879.0,A30 (RSD),,8.0,64.0,64.0,0.00128,Isocortex,4,False,9.0,57242.0,219.0,9.0,57242.0,219.0,6360.222222222223,24.333333333333332
610,A30 (RSD)-5,"Cingulate cortex, area 30 (Retrosplenial dysgranular cortex), layer5",60.0,149.0,109.0,26300.0,879.0,A30 (RSD),,8.0,47220.0,47220.0,0.9444,Isocortex,5,False,5474.0,53918281.0,156670.0,5474.0,53918281.0,156670.0,9849.886919985385,28.62075264888564
274,A30 (RSD)-6a,"Cingulate cortex, area 30 (Retrosplenial dysgranular cortex), layer6a",86.0,164.0,129.0,26400.0,879.0,A30 (RSD),,8.0,34202.0,34202.0,0.68404,Isocortex,6a,False,3123.0,29573985.0,85958.0,3123.0,29573985.0,85958.0,9469.735830931797,27.524175472302275
330,A30 (RSD)-6b,"Cingulate cortex, area 30 (Retrosplenial dysgranular cortex), layer6b",104.0,170.0,142.0,26500.0,879.0,A30 (RSD),,8.0,5920.0,5920.0,0.1184,Isocortex,6b,False,472.0,4456462.0,12408.0,472.0,4456462.0,12408.0,9441.656779661016,26.28813559322034
886,A29 (RSG),"Cingulate cortex, area 29 (Retrosplenial granular cortex)",112.0,255.0,120.0,26600.0,254.0,A29-30 (RS),,7.0,,193360.0,3.8672,Isocortex,RSG,False,,0.0,0.0,13738.0,131283254.0,392008.0,9556.212985878585,28.534575629640415
2132,A29c (RSGc),"Cingulate cortex, area 29c (Retrosplenial granular cortex c)",112.0,255.0,120.0,26610.0,886.0,A29 (RSG),,8.0,,118512.0,2.37024,Isocortex,c,False,,0.0,0.0,10722.0,106860245.0,303336.0,9966.447024808804,28.29099048684947
542,A29c (RSGc)-1,"Cingulate cortex, area 29c (Retrosplenial granular cortex c), layer1",0.0,138.0,79.0,26700.0,2132.0,A29c (RSGc),,9.0,26412.0,26412.0,0.52824,Isocortex,1,False,301.0,2198430.0,8372.0,301.0,2198430.0,8372.0,7303.75415282392,27.813953488372093
606,A29c (RSGc)-2,"Cingulate cortex, area 29c (Retrosplenial granular cortex c), layer2",35.0,145.0,94.0,26800.0,2132.0,A29c (RSGc),,9.0,,0.0,0.0,Isocortex,2,False,,0.0,0.0,0.0,0.0,0.0,,
430,A29c (RSGc)-2/3,"Cingulate cortex, area 29c (Retrosplenial granular cortex c), layer2/3",61.0,149.0,104.0,26900.0,2132.0,A29c (RSGc),,9.0,45666.0,45666.0,0.91332,Isocortex,2.3,False,5647.0,57785006.0,160533.0,5647.0,57785006.0,160533.0,10232.868071542413,28.42801487515495
687,A29c (RSGc)-5,"Cingulate cortex, area 29c (Retrosplenial granular cortex c), layer5",87.0,163.0,123.0,27000.0,2132.0,A29c (RSGc),,9.0,26896.0,26896.0,0.53792,Isocortex,5,False,3254.0,32319430.0,92717.0,3254.0,32319430.0,92717.0,9932.21573448064,28.49323909035034
590,A29c (RSGc)-6a,"Cingulate cortex, area 29c (Retrosplenial granular cortex c), layer6a",96.0,166.0,129.0,27100.0,2132.0,A29c (RSGc),,9.0,16630.0,16630.0,0.3326,Isocortex,6a,False,1250.0,12179063.0,34652.0,1250.0,12179063.0,34652.0,9743.2504,27.7216
622,A29c (RSGc)-6b,"Cingulate cortex, area 29c (Retrosplenial granular cortex c), layer6b",105.0,169.0,135.0,27200.0,2132.0,A29c (RSGc),,9.0,2908.0,2908.0,0.05816,Isocortex,6b,False,270.0,2378316.0,7062.0,270.0,2378316.0,7062.0,8808.577777777778,26.155555555555555
2066,A29b (RSGb),"Cingulate cortex, area 29b (Retrosplenial granular cortex b)",112.0,255.0,120.0,27210.0,886.0,A29 (RSG),,8.0,,36622.0,0.73244,Isocortex,b,False,,0.0,0.0,1612.0,12383093.0,48560.0,7681.819478908189,30.12406947890819
2416,A29b (RSGb)-1,"Cingulate cortex, area 29b (Retrosplenial granular cortex b), layer1",112.0,255.0,120.0,27220.0,2066.0,A29b (RSGb),,9.0,10548.0,10548.0,0.21096,Isocortex,1,False,72.0,509978.0,2027.0,72.0,509978.0,2027.0,7083.027777777777,28.15277777777778
2417,A29b (RSGb)-2/3,"Cingulate cortex, area 29b (Retrosplenial granular cortex b), layer2/3",112.0,255.0,120.0,27230.0,2066.0,A29b (RSGb),,9.0,10716.0,10716.0,0.21432,Isocortex,2.3,False,237.0,1775339.0,7062.0,237.0,1775339.0,7062.0,7490.881856540084,29.79746835443038
2418,A29b (RSGb)-5,"Cingulate cortex, area 29b (Retrosplenial granular cortex b), layer5",112.0,255.0,120.0,27240.0,2066.0,A29b (RSGb),,9.0,11976.0,11976.0,0.23952,Isocortex,5,False,1108.0,8782973.0,33683.0,1108.0,8782973.0,33683.0,7926.870938628159,30.399819494584836
2419,A29b (RSGb)-6a,"Cingulate cortex, area 29b (Retrosplenial granular cortex b), layer6a",112.0,255.0,120.0,27250.0,2066.0,A29b (RSGb),,9.0,2700.0,2700.0,0.054,Isocortex,6a,False,167.0,1110113.0,4928.0,167.0,1110113.0,4928.0,6647.383233532934,29.508982035928145
2420,A29b (RSGb)-6b,"Cingulate cortex, area 29b (Retrosplenial granular cortex b), layer6b",112.0,255.0,120.0,27260.0,2066.0,A29b (RSGb),,9.0,682.0,682.0,0.01364,Isocortex,6b,False,28.0,204690.0,860.0,28.0,204690.0,860.0,7310.357142857143,30.714285714285715
2067,A29a (RSGa),"Cingulate cortex, area 29a (Retrosplenial granular cortex a)",112.0,255.0,120.0,27270.0,886.0,A29 (RSG),,8.0,,38226.0,0.76452,Isocortex,a,False,,0.0,0.0,1404.0,12039916.0,40112.0,8575.438746438747,28.56980056980057
2421,A29a (RSGa)-1,"Cingulate cortex, area 29a (Retrosplenial granular cortex a), layer1",112.0,255.0,120.0,27280.0,2067.0,A29a (RSGa),,9.0,7486.0,7486.0,0.14972,Isocortex,1,False,32.0,282188.0,929.0,32.0,282188.0,929.0,8818.375,29.03125
2422,A29a (RSGa)-2/3,"Cingulate cortex, area 29a (Retrosplenial granular cortex a), layer2/3",112.0,255.0,120.0,27290.0,2067.0,A29a (RSGa),,9.0,10818.0,10818.0,0.21636,Isocortex,2.3,False,72.0,645084.0,2181.0,72.0,645084.0,2181.0,8959.5,30.291666666666668
2423,A29a (RSGa)-5,"Cingulate cortex, area 29a (Retrosplenial granular cortex a), layer5",112.0,255.0,120.0,27291.0,2067.0,A29a (RSGa),,9.0,15060.0,15060.0,0.3012,Isocortex,5,False,1070.0,9300812.0,30463.0,1070.0,9300812.0,30463.0,8692.347663551402,28.470093457943925
2424,A29a (RSGa)-6a,"Cingulate cortex, area 29a (Retrosplenial granular cortex a), layer6a",112.0,255.0,120.0,27292.0,2067.0,A29a (RSGa),,9.0,3358.0,3358.0,0.06716,Isocortex,6a,False,163.0,1290783.0,4675.0,163.0,1290783.0,4675.0,7918.914110429448,28.680981595092025
2425,A29a (RSGa)-6b,"Cingulate cortex, area 29a (Retrosplenial granular cortex a), layer6b",112.0,255.0,120.0,27293.0,2067.0,A29a (RSGa),,9.0,1504.0,1504.0,0.03008,Isocortex,6b,False,67.0,521049.0,1864.0,67.0,521049.0,1864.0,7776.850746268657,27.82089552238806
22,PtA,parietal association cortex,112.0,255.0,119.0,27300.0,315.0,Isocortex,,6.0,,72090.0,1.4418,Isocortex,PtA,True,,0.0,0.0,7280.0,67240665.0,203979.0,9236.355082417582,28.019093406593406
2056,MPtA,Medial parietal association cortex,105.0,169.0,135.0,27910.0,22.0,PtA,,7.0,,29632.0,0.59264,Isocortex,M,False,,0.0,0.0,2968.0,27428029.0,81903.0,9241.249663072776,27.59535040431267
2381,MPtA-1,"Medial parietal association cortex, layer 1",105.0,169.0,135.0,27911.0,2056.0,MPtA,,8.0,4058.0,4058.0,0.08116,Isocortex,1,False,288.0,2240474.0,7540.0,288.0,2240474.0,7540.0,7779.423611111111,26.180555555555557
2382,MPtA-2,"Medial parietal association cortex, layer 2/3",105.0,169.0,135.0,27912.0,2056.0,MPtA,,8.0,7940.0,7940.0,0.1588,Isocortex,2,False,1059.0,8666947.0,28504.0,1059.0,8666947.0,28504.0,8184.085930122757,26.915958451369217
2383,MPtA-4,"Medial parietal association cortex, layer 4",105.0,169.0,135.0,27913.0,2056.0,MPtA,,8.0,2384.0,2384.0,0.04768,Isocortex,4,False,297.0,2511079.0,8356.0,297.0,2511079.0,8356.0,8454.811447811448,28.134680134680135
2384,MPtA-5,"Medial parietal association cortex, layer 5",105.0,169.0,135.0,27914.0,2056.0,MPtA,,8.0,7082.0,7082.0,0.14164,Isocortex,5,False,803.0,8560145.0,22936.0,803.0,8560145.0,22936.0,10660.205479452055,28.562889165628892
2385,MPtA-6a,"Medial parietal association cortex, layer 6a",105.0,169.0,135.0,27915.0,2056.0,MPtA,,8.0,5648.0,5648.0,0.11296,Isocortex,6a,False,339.0,3689091.0,9590.0,339.0,3689091.0,9590.0,10882.274336283186,28.289085545722713
2386,MPtA-6b,"Medial parietal association cortex, layer 6b",105.0,169.0,135.0,27916.0,2056.0,MPtA,,8.0,2520.0,2520.0,0.0504,Isocortex,6b,False,182.0,1760293.0,4977.0,182.0,1760293.0,4977.0,9671.939560439561,27.346153846153847
2057,LPtA,Lateral parietal association cortex,105.0,169.0,135.0,27920.0,22.0,PtA,,7.0,,30970.0,0.6194,Isocortex,L,False,,0.0,0.0,2966.0,27074684.0,84971.0,9128.349291975725,28.648347943358058
2387,LPtA-1,"Lateral parietal association cortex, layer 1",105.0,169.0,135.0,27921.0,2057.0,LPtA,,8.0,4354.0,4354.0,0.08708,Isocortex,1,False,273.0,2141809.0,7626.0,273.0,2141809.0,7626.0,7845.454212454212,27.934065934065934
2388,LPtA-2/3,"Lateral parietal association cortex, layer 2/3",105.0,169.0,135.0,27922.0,2057.0,LPtA,,8.0,7838.0,7838.0,0.15676,Isocortex,2.3,False,839.0,6955600.0,23039.0,839.0,6955600.0,23039.0,8290.345649582836,27.460071513706794
2389,LPtA-4,"Lateral parietal association cortex, layer 4",105.0,169.0,135.0,27923.0,2057.0,LPtA,,8.0,5786.0,5786.0,0.11572,Isocortex,4,False,617.0,5093466.0,17018.0,617.0,5093466.0,17018.0,8255.212317666126,27.581847649918963
2390,LPtA-5,"Lateral parietal association cortex, layer 5",105.0,169.0,135.0,27924.0,2057.0,LPtA,,8.0,6030.0,6030.0,0.1206,Isocortex,5,False,842.0,9019047.0,25562.0,842.0,9019047.0,25562.0,10711.457244655581,30.358669833729216
2391,LPtA-6a,"Lateral parietal association cortex, layer 6a",105.0,169.0,135.0,27925.0,2057.0,LPtA,,8.0,5010.0,5010.0,0.1002,Isocortex,6a,False,303.0,3053111.0,9088.0,303.0,3053111.0,9088.0,10076.27392739274,29.993399339933994
2392,LPtA-6b,"Lateral parietal association cortex, layer 6b",105.0,169.0,135.0,27926.0,2057.0,LPtA,,8.0,1952.0,1952.0,0.03904,Isocortex,6b,False,92.0,811651.0,2638.0,92.0,811651.0,2638.0,8822.29347826087,28.67391304347826
2082,PtPD,"parietal cortex, posterior area, dorsal part",112.0,255.0,119.0,27940.0,22.0,PtA,,7.0,,2256.0,0.04512,Isocortex,PD,False,,0.0,0.0,237.0,2186633.0,6468.0,9226.299578059072,27.29113924050633
2402,PtPD-1,"Parietal cortex, posterior area, dorsal part, layer1",112.0,255.0,119.0,27941.0,2082.0,PtPD,,8.0,266.0,266.0,0.00532,Isocortex,1,False,12.0,91096.0,315.0,12.0,91096.0,315.0,7591.333333333333,26.25
2403,PtPD-2/3,"Parietal cortex, posterior area, dorsal part, layer2/3",112.0,255.0,119.0,27942.0,2082.0,PtPD,,8.0,584.0,584.0,0.01168,Isocortex,2.3,False,75.0,631072.0,1998.0,75.0,631072.0,1998.0,8414.293333333333,26.64
2404,PtPD-4,"Parietal cortex, posterior area, dorsal part, layer4",112.0,255.0,119.0,27943.0,2082.0,PtPD,,8.0,558.0,558.0,0.01116,Isocortex,4,False,69.0,655129.0,1871.0,69.0,655129.0,1871.0,9494.623188405798,27.115942028985508
2405,PtPD-5,"Parietal cortex, posterior area, dorsal part, layer5",112.0,255.0,119.0,27944.0,2082.0,PtPD,,8.0,408.0,408.0,0.00816,Isocortex,5,False,48.0,480391.0,1317.0,48.0,480391.0,1317.0,10008.145833333334,27.4375
2406,PtPD-6a,"Parietal cortex, posterior area, dorsal part, layer6a",112.0,255.0,119.0,27945.0,2082.0,PtPD,,8.0,314.0,314.0,0.00628,Isocortex,6a,False,23.0,226196.0,682.0,23.0,226196.0,682.0,9834.608695652174,29.652173913043477
2407,PtPD-6b,"Parietal cortex, posterior area, dorsal part, layer6b",112.0,255.0,119.0,27946.0,2082.0,PtPD,,8.0,126.0,126.0,0.00252,Isocortex,6b,False,10.0,102749.0,285.0,10.0,102749.0,285.0,10274.9,28.5
539,TeA _leaf,"Temporal association cortex, leaf",112.0,255.0,122.0,28000.0,541.0,TeA ,,7.0,664.0,664.0,0.01328,Isocortex,misc,False,66.0,687475.0,2059.0,66.0,687475.0,2059.0,10416.287878787878,31.196969696969695
541,TeA ,Temporal association cortex,112.0,255.0,122.0,28000.0,315.0,Isocortex,,6.0,,164404.0,3.28808,Isocortex,TeA ,True,,0.0,0.0,19426.0,242529416.0,607791.0,12484.784103778442,31.287501286935036
97,TeA-1,"Temporal association cortex, layer1",0.0,140.0,110.0,28100.0,541.0,TeA ,,7.0,25552.0,25552.0,0.51104,Isocortex,1,False,1755.0,18498207.0,53827.0,1755.0,18498207.0,53827.0,10540.288888888888,30.67065527065527
1127,TeA-2/3,"Temporal association cortex, layer2/3",0.0,145.0,121.0,28200.0,541.0,TeA ,,7.0,38178.0,38178.0,0.76356,Isocortex,2.3,False,3671.0,41096778.0,113666.0,3671.0,41096778.0,113666.0,11194.981748842278,30.96322527921547
234,TeA-4,"Temporal association cortex, layer4",56.0,151.0,133.0,28300.0,541.0,TeA ,,7.0,26544.0,26544.0,0.53088,Isocortex,4,False,3505.0,44004472.0,111606.0,3505.0,44004472.0,111606.0,12554.77089871612,31.84194008559201
289,TeA-5,"Temporal association cortex, layer5",82.0,165.0,150.0,28400.0,541.0,TeA ,,7.0,36936.0,36936.0,0.73872,Isocortex,5,False,5503.0,73568788.0,175365.0,5503.0,73568788.0,175365.0,13368.851172087952,31.867163365437033
729,TeA-6a,"Temporal association cortex, layer6a",102.0,170.0,157.0,28500.0,541.0,TeA ,,7.0,28536.0,28536.0,0.57072,Isocortex,6a,False,4091.0,54152221.0,125453.0,4091.0,54152221.0,125453.0,13236.915424101686,30.66560743094598
786,TeA-6b,"Temporal association cortex, layer6b",124.0,177.0,165.0,28600.0,541.0,TeA ,,7.0,7994.0,7994.0,0.15988,Isocortex,6b,False,835.0,10521475.0,25815.0,835.0,10521475.0,25815.0,12600.56886227545,30.91616766467066
922,PRh,Perihinal cortex,112.0,255.0,117.0,28700.0,315.0,Isocortex,,6.0,,144806.0,2.89612,Isocortex,PRh,True,,0.0,0.0,13214.0,222700064.0,413279.0,16853.3422128046,31.275843802028152
563,PRh_leaf,"Perihinal cortex, leaf",112.0,255.0,117.0,28700.0,922.0,PRh,,7.0,1392.0,1392.0,0.02784,Isocortex,misc,False,54.0,579486.0,1655.0,54.0,579486.0,1655.0,10731.222222222223,30.64814814814815
335,PRh-6a,"Perihinal cortex, layer6a",79.0,166.0,164.0,28800.0,922.0,PRh,,7.0,24098.0,24098.0,0.48196,Isocortex,6a,False,2873.0,43065706.0,86049.0,2873.0,43065706.0,86049.0,14989.803689523147,29.950922380786633
368,PRh-6b,"Perihinal cortex, layer6b",99.0,171.0,173.0,28900.0,922.0,PRh,,7.0,4706.0,4706.0,0.09412,Isocortex,6b,False,502.0,6306744.0,14212.0,502.0,6306744.0,14212.0,12563.235059760957,28.310756972111555
2286,PtPR,"Parietal cortex, posterior area, rostral part",112.0,255.0,119.0,28930.0,22.0,PtA,,7.0,,9232.0,0.18464,Isocortex,PtPR,False,,0.0,0.0,1109.0,10551319.0,30637.0,9514.26420198377,27.625788999098287
2396,PtPR-1,"Parietal cortex, posterior area, rostral part, layer1",112.0,255.0,119.0,28931.0,2286.0,PtPR,,8.0,1188.0,1188.0,0.02376,Isocortex,1,False,100.0,883680.0,2772.0,100.0,883680.0,2772.0,8836.8,27.72
2397,PtPR-2/3,"Parietal cortex, posterior area, rostral part, layer2/3",112.0,255.0,119.0,28932.0,2286.0,PtPR,,8.0,2310.0,2310.0,0.0462,Isocortex,2.3,False,293.0,2392060.0,7707.0,293.0,2392060.0,7707.0,8164.0273037542665,26.303754266211605
2398,PtPR-4,"Parietal cortex, posterior area, rostral part, layer4",112.0,255.0,119.0,28933.0,2286.0,PtPR,,8.0,1956.0,1956.0,0.03912,Isocortex,4,False,275.0,2467262.0,7434.0,275.0,2467262.0,7434.0,8971.861818181818,27.03272727272727
2399,PtPR-5,"Parietal cortex, posterior area, rostral part, layer5",112.0,255.0,119.0,28934.0,2286.0,PtPR,,8.0,1818.0,1818.0,0.03636,Isocortex,5,False,280.0,3167854.0,8045.0,280.0,3167854.0,8045.0,11313.764285714286,28.732142857142858
2400,PtPR-6a,"Parietal cortex, posterior area, rostral part, layer6a",112.0,255.0,119.0,28935.0,2286.0,PtPR,,8.0,1414.0,1414.0,0.02828,Isocortex,6a,False,117.0,1212569.0,3406.0,117.0,1212569.0,3406.0,10363.837606837607,29.11111111111111
2401,PtPR-6b,"Parietal cortex, posterior area, rostral part, layer6b",112.0,255.0,119.0,28936.0,2286.0,PtPR,,8.0,546.0,546.0,0.01092,Isocortex,6b,False,44.0,427894.0,1273.0,44.0,427894.0,1273.0,9724.863636363636,28.931818181818183
540,PRh-1,"Perihinal cortex, layer1",0.0,141.0,133.0,29000.0,922.0,PRh,,7.0,27490.0,27490.0,0.5498,Isocortex,1,False,1687.0,30095099.0,53765.0,1687.0,30095099.0,53765.0,17839.418494368703,31.870183758150564
692,PRh-5,"Perihinal cortex, layer5",52.0,151.0,146.0,29100.0,922.0,PRh,,7.0,35338.0,35338.0,0.70676,Isocortex,5,False,4071.0,71851551.0,128260.0,4071.0,71851551.0,128260.0,17649.60722181282,31.505772537460082
888,PRh-2/3,"Perihinal cortex, layer2/3",0.0,146.0,139.0,29200.0,922.0,PRh,,7.0,51782.0,51782.0,1.03564,Isocortex,2.3,False,4027.0,70801478.0,129338.0,4027.0,70801478.0,129338.0,17581.69307176558,32.11770548795629
858,Ect_leaf,"Ectorhinal cortex, leaf",112.0,255.0,115.0,29300.0,895.0,Ect,,7.0,8364.0,8364.0,0.16728,Isocortex,misc,False,768.0,9489443.0,22957.0,768.0,9489443.0,22957.0,12356.045572916666,29.891927083333332
895,Ect,Ectorhinal cortex,112.0,255.0,115.0,29300.0,315.0,Isocortex,,6.0,,163864.0,3.27728,Isocortex,Ect,True,,0.0,0.0,16959.0,254421802.0,512437.0,15002.170057196769,30.216227371896927
836,Ect-1,"Ectorhinal cortex, layer1",0.0,140.0,121.0,29400.0,895.0,Ect,,7.0,26414.0,26414.0,0.52828,Isocortex,1,False,1362.0,18017153.0,39280.0,1362.0,18017153.0,39280.0,13228.453010279001,28.83994126284875
427,Ect-2/3,"Ectorhinal cortex, layer2/3",19.0,147.0,133.0,29500.0,895.0,Ect,,7.0,59750.0,59750.0,1.195,Isocortex,2.3,False,5438.0,78176867.0,163759.0,5438.0,78176867.0,163759.0,14376.032916513424,30.113828613460832
988,Ect-5,"Ectorhinal cortex, layer5",54.0,151.0,140.0,29600.0,895.0,Ect,,7.0,35756.0,35756.0,0.71512,Isocortex,5,False,5059.0,85094572.0,157967.0,5059.0,85094572.0,157967.0,16820.43328721091,31.224945641431113
977,Ect-6a,"Ectorhinal cortex, layer6a",80.0,165.0,156.0,29700.0,895.0,Ect,,7.0,26702.0,26702.0,0.53404,Isocortex,6a,False,3493.0,52647156.0,104017.0,3493.0,52647156.0,104017.0,15072.188949327227,29.778700257658173
1045,Ect-6b,"Ectorhinal cortex, layer6b",101.0,171.0,165.0,29800.0,895.0,Ect,,7.0,6878.0,6878.0,0.13756,Isocortex,6b,False,839.0,10996611.0,24457.0,839.0,10996611.0,24457.0,13106.806912991657,29.150178784266984
572,OLF_leaf,"Olfactory areas, leaf",144.0,255.0,144.0,29900.0,698.0,OLF,,6.0,3836.0,3836.0,0.07672,Isocortex,misc,False,296.0,4268420.0,9627.0,296.0,4268420.0,9627.0,14420.337837837838,32.523648648648646
698,OLF,Olfactory areas,144.0,255.0,144.0,29900.0,695.0,CTXpl,,5.0,,1860244.0,37.20488,OLF,OLF,False,,0.0,0.0,115865.0,1858665009.0,3449003.0,16041.64336943857,29.767427609718208
507,MOB,Main olfactory bulb,160.0,255.0,171.0,30000.0,698.0,OLF,,6.0,,611960.0,12.2392,OLF,MOB,True,,0.0,0.0,15823.0,199796099.0,433888.0,12626.941730392467,27.421348669658094
212,Gl,Glomerular layer of the olfactory bulb,140.0,235.0,151.0,30100.0,507.0,MOB,,7.0,144886.0,144886.0,2.89772,OLF,Gl,False,2382.0,26662258.0,63823.0,2382.0,26662258.0,63823.0,11193.22334172964,26.793870696893368
220,GrO,Granule cell layer of the olfactory bulb,110.0,205.0,121.0,30200.0,507.0,MOB,,7.0,169848.0,169848.0,3.39696,OLF,GrO,False,5495.0,75031568.0,152258.0,5495.0,75031568.0,152258.0,13654.516469517743,27.708462238398543
228,IPl,Internal plxiform layer of the olfactory bulb,160.0,255.0,171.0,30300.0,507.0,MOB,,7.0,43150.0,43150.0,0.863,OLF,IPl,False,1046.0,11536788.0,28084.0,1046.0,11536788.0,28084.0,11029.434034416827,26.848948374760994
236,Mi,Mitral cell layer of the olfactory bulb,130.0,225.0,141.0,30400.0,507.0,MOB,,7.0,42726.0,42726.0,0.85452,OLF,Mi,False,1035.0,11464783.0,28071.0,1035.0,11464783.0,28071.0,11077.085024154589,27.121739130434783
244,EPl,External plexiform layer of the olfactory bulb,160.0,255.0,171.0,30500.0,507.0,MOB,,7.0,211350.0,211350.0,4.227,OLF,EPl,False,5865.0,75100702.0,161652.0,5865.0,75100702.0,161652.0,12804.89377664109,27.562148337595907
151,AOB,Accessory olfactory bulb,160.0,255.0,176.0,30600.0,698.0,OLF,,6.0,,28296.0,0.56592,OLF,AOB,True,,0.0,0.0,699.0,7712425.0,17852.0,11033.512160228898,25.53934191702432
188,GlA,Glomerular layer of the accessory olfactory bulb,140.0,235.0,156.0,30700.0,151.0,AOB,,7.0,7358.0,7358.0,0.14716,OLF,GlA,False,88.0,1133144.0,2390.0,88.0,1133144.0,2390.0,12876.636363636364,27.15909090909091
196,GrA,Granule cell layer of the accessory olfactory bulb,110.0,205.0,126.0,30800.0,151.0,AOB,,7.0,6530.0,6530.0,0.1306,OLF,GrA,False,318.0,3966662.0,8406.0,318.0,3966662.0,8406.0,12473.779874213837,26.433962264150942
204,MiA,Mitral cell layer of the accessory olfactory bulb,130.0,225.0,146.0,30900.0,151.0,AOB,,7.0,5922.0,5922.0,0.11844,OLF,MiA,False,138.0,1300962.0,3304.0,138.0,1300962.0,3304.0,9427.260869565218,23.942028985507246
2021,EPIA,External plexiform layer of the accessory olfactory b,130.0,225.0,146.0,30910.0,151.0,AOB,,7.0,8486.0,8486.0,0.16972,OLF,EPIA,False,155.0,1311657.0,3752.0,155.0,1311657.0,3752.0,8462.303225806452,24.206451612903226
179,AO_leaf,"Anterior olfactory area, leaf",144.0,255.0,184.0,31000.0,159.0,AO,,7.0,3166.0,3166.0,0.06332,OLF,misc,False,281.0,3072713.0,7825.0,281.0,3072713.0,7825.0,10934.921708185053,27.846975088967973
159,AO,Anterior olfactory area,144.0,255.0,184.0,31000.0,698.0,OLF,,6.0,,170980.0,3.4196,OLF,AO,True,,0.0,0.0,16474.0,267824684.0,489911.0,16257.416777953138,29.738436323904335
167,AOD,Anterior olfactory area dorsal part,192.0,255.0,200.0,31100.0,159.0,AO,,7.0,17474.0,17474.0,0.34948,OLF,AOD,False,1097.0,18551223.0,31690.0,1097.0,18551223.0,31690.0,16910.86873290793,28.887876025524157
175,AOE,Anterior olfactory area external part,192.0,255.0,201.0,31200.0,159.0,AO,,7.0,8540.0,8540.0,0.1708,OLF,AOE,False,715.0,10641988.0,19683.0,715.0,10641988.0,19683.0,14883.8993006993,27.52867132867133
160,AOOL,"Anterior olfactory area, outer layer",192.0,255.0,202.0,31250.0,159.0,AO,,7.0,51966.0,51966.0,1.03932,OLF,AOOL,False,3624.0,52067394.0,103860.0,3624.0,52067394.0,103860.0,14367.382450331126,28.658940397350992
183,AOL,Anterior olfactory area lateral part,192.0,255.0,202.0,31300.0,159.0,AO,,7.0,35472.0,35472.0,0.70944,OLF,AOL,False,3207.0,54568125.0,96182.0,3207.0,54568125.0,96182.0,17015.318054256313,29.991269098846274
191,AOM,Anterior olfactory area medial part,192.0,255.0,203.0,31400.0,159.0,AO,,7.0,30084.0,30084.0,0.60168,OLF,AOM,False,4025.0,68612910.0,125892.0,4025.0,68612910.0,125892.0,17046.685714285715,31.27751552795031
199,AOP/AOV,"Anterior olfactory area, posteroventral part",192.0,255.0,204.0,31500.0,159.0,AO,,7.0,,24278.0,0.48556,OLF,AOP/AOV,False,,0.0,0.0,3525.0,60310331.0,104779.0,17109.31375886525,29.724539007092197
2318,AOV,"Anterior olfactory area, ventral part",192.0,255.0,204.0,31510.0,199.0,AOP/AOV,,8.0,7620.0,7620.0,0.1524,OLF,AOV,False,811.0,13186477.0,23716.0,811.0,13186477.0,23716.0,16259.52774352651,29.242909987669545
2319,AOP,"Anterior olfactory area, posterior part",192.0,255.0,204.0,31520.0,199.0,AOP/AOV,,8.0,16658.0,16658.0,0.33316,OLF,AOP,False,2714.0,47123854.0,81063.0,2714.0,47123854.0,81063.0,17363.247605011053,29.868459837877673
589,TT,Taenia tecta,160.0,255.0,160.0,31800.0,698.0,OLF,,6.0,,90870.0,1.8174,OLF,TT,True,,0.0,0.0,7177.0,106849665.0,224349.0,14887.789466350843,31.259439877386093
597,DTT,Dorsal tenia tecta,160.0,255.0,162.0,31900.0,589.0,TT,,7.0,4146.0,4146.0,0.08292,OLF,DTT,False,156.0,1966208.0,4648.0,156.0,1966208.0,4648.0,12603.897435897436,29.794871794871796
1034,DTT1,"Dorsal tenia tecta, layer 1",160.0,255.0,162.0,32100.0,589.0,TT,,7.0,17330.0,17330.0,0.3466,OLF,1,False,754.0,9036159.0,22816.0,754.0,9036159.0,22816.0,11984.295755968169,30.25994694960212
1042,DTT2,"Dorsal tenia tecta, layer 2",160.0,255.0,162.0,32200.0,589.0,TT,,7.0,9186.0,9186.0,0.18372,OLF,2,False,779.0,9102481.0,23794.0,779.0,9102481.0,23794.0,11684.827984595635,30.54428754813864
1050,DTT3,"Dorsal tenia tecta, layer 3",160.0,255.0,162.0,32300.0,589.0,TT,,7.0,22668.0,22668.0,0.45336,OLF,3,False,2750.0,43307162.0,87663.0,2750.0,43307162.0,87663.0,15748.058909090909,31.877454545454544
1059,DTT4,"Dorsal tenia tecta, layer 4",160.0,255.0,162.0,32400.0,589.0,TT,,7.0,3890.0,3890.0,0.0778,OLF,4,False,146.0,1577249.0,4453.0,146.0,1577249.0,4453.0,10803.075342465754,30.5
605,VTT,Ventral tenia tecta,160.0,255.0,161.0,32500.0,589.0,TT,,7.0,864.0,864.0,0.01728,OLF,VTT,False,79.0,1464657.0,2450.0,79.0,1464657.0,2450.0,18539.962025316454,31.0126582278481
1067,VTT1,"Ventral tenia tecta, layer 1",160.0,255.0,161.0,32700.0,589.0,TT,,7.0,16316.0,16316.0,0.32632,OLF,1,False,761.0,11394221.0,22920.0,761.0,11394221.0,22920.0,14972.695137976347,30.11826544021025
1075,VTT2,"Ventral tenia tecta, layer 2",160.0,255.0,161.0,32800.0,589.0,TT,,7.0,5768.0,5768.0,0.11536,OLF,2,False,501.0,7328614.0,15798.0,501.0,7328614.0,15798.0,14627.972055888224,31.53293413173653
1082,VTT3,"Ventral tenia tecta, layer 3",160.0,255.0,161.0,32900.0,589.0,TT,,7.0,10702.0,10702.0,0.21404,OLF,3,False,1251.0,21672914.0,39807.0,1251.0,21672914.0,39807.0,17324.47162270184,31.820143884892087
814,A25 (DP),"Cingulate cortex, area 25 (dorsal peduncular cortex)",112.0,255.0,125.0,33000.0,698.0,OLF,,6.0,,35378.0,0.70756,OLF,DP,True,,0.0,0.0,3389.0,40354383.0,104451.0,11907.46031277663,30.820596046031277
496,A25 (DP)-1,"Cingulate cortex, area 25 (dorsal peduncular cortex), layer1",0.0,158.0,81.0,33100.0,814.0,A25 (DP),,7.0,7432.0,7432.0,0.14864,OLF,1,False,124.0,1324062.0,3901.0,124.0,1324062.0,3901.0,10677.91935483871,31.45967741935484
535,A25 (DP)-2,"Cingulate cortex, area 25 (dorsal peduncular cortex), layer2",60.0,164.0,99.0,33200.0,814.0,A25 (DP),,7.0,,0.0,0.0,OLF,2,False,,0.0,0.0,0.0,0.0,0.0,,
360,A25 (DP)-2/3,"Cingulate cortex, area 25 (dorsal peduncular cortex), layer2/3",83.0,169.0,111.0,33300.0,814.0,A25 (DP),,7.0,7804.0,7804.0,0.15608,OLF,2.3,False,552.0,5348178.0,16702.0,552.0,5348178.0,16702.0,9688.728260869566,30.257246376811594
646,A25 (DP)-5,"Cingulate cortex, area 25 (dorsal peduncular cortex), layer5",109.0,185.0,130.0,33400.0,814.0,A25 (DP),,7.0,15264.0,15264.0,0.30528,OLF,5,False,2178.0,27733581.0,67413.0,2178.0,27733581.0,67413.0,12733.50826446281,30.951790633608816
267,A25 (DP)-6a,"Cingulate cortex, area 25 (dorsal peduncular cortex), layer6a",130.0,192.0,143.0,33500.0,814.0,A25 (DP),,7.0,4878.0,4878.0,0.09756,OLF,6a,False,535.0,5948562.0,16435.0,535.0,5948562.0,16435.0,11118.807476635515,30.7196261682243
2019,DTr,Dorsal transition zone,130.0,192.0,143.0,33510.0,814.0,A25 (DP),,7.0,,0.0,0.0,OLF,DTr,False,,0.0,0.0,0.0,0.0,0.0,,
961,PIR,Piriform cortex,160.0,255.0,167.0,33600.0,698.0,OLF,,6.0,,658728.0,13.17456,OLF,PIR,True,,0.0,0.0,45154.0,774063088.0,1397321.0,17142.735704478007,30.945674801789433
276,Pir1,Piriform cortex 1,160.0,255.0,167.0,33800.0,961.0,PIR,,7.0,188464.0,188464.0,3.76928,OLF,1,False,11546.0,200845224.0,355795.0,11546.0,200845224.0,355795.0,17395.22120214793,30.81543391650788
284,Pir2,Piriform cortex 2,160.0,255.0,167.0,33900.0,961.0,PIR,,7.0,109184.0,109184.0,2.18368,OLF,2,False,7466.0,134494575.0,237715.0,7466.0,134494575.0,237715.0,18014.27471202786,31.839673185105813
291,Pir3,Piriform cortex 3,160.0,255.0,167.0,34000.0,961.0,PIR,,7.0,308760.0,308760.0,6.1752,OLF,3,False,22132.0,380007765.0,685966.0,22132.0,380007765.0,685966.0,17170.05986806434,30.994306885956984
2024,CxA,Cortex-amygdala transition zone,160.0,255.0,170.0,34010.0,961.0,PIR,,7.0,,52320.0,1.0464,OLF,CxA,False,,0.0,0.0,4010.0,58715524.0,117845.0,14642.275311720698,29.387780548628427
2303,CxA1,Cortex-amygdala transition zone Layer1,160.0,255.0,170.0,34020.0,2024.0,CxA,,8.0,15746.0,15746.0,0.31492,OLF,1,False,428.0,4300999.0,11829.0,428.0,4300999.0,11829.0,10049.06308411215,27.63785046728972
2304,CxA2,Cortex-amygdala transition zone Layer2,160.0,255.0,170.0,34030.0,2024.0,CxA,,8.0,9678.0,9678.0,0.19356,OLF,2,False,859.0,12593821.0,25766.0,859.0,12593821.0,25766.0,14661.025611175786,29.9953434225844
2305,CxA3,Cortex-amygdala transition zone Layer3,160.0,255.0,170.0,34040.0,2024.0,CxA,,8.0,26896.0,26896.0,0.53792,OLF,3,False,2723.0,41820704.0,80250.0,2723.0,41820704.0,80250.0,15358.319500550862,29.471171502019832
619,LOT,Nucleus of the lateral olfactory tract,160.0,255.0,170.0,34100.0,698.0,OLF,,6.0,,17388.0,0.34776,OLF,LOT,True,,0.0,0.0,1465.0,17744447.0,42379.0,12112.250511945393,28.92764505119454
555,LOT_leaf,"Nucleus of the lateral olfactory tract, leaf",160.0,255.0,170.0,34100.0,619.0,LOT,,7.0,1568.0,1568.0,0.03136,OLF,misc,False,64.0,499439.0,1741.0,64.0,499439.0,1741.0,7803.734375,27.203125
260,LOT1,Nucleus of the lateral olfactory tract 1,160.0,255.0,170.0,34300.0,619.0,LOT,,7.0,5732.0,5732.0,0.11464,OLF,1,False,216.0,2342906.0,6470.0,216.0,2342906.0,6470.0,10846.787037037036,29.953703703703702
268,LOT2,Nucleus of the lateral olfactory tract 2,160.0,255.0,170.0,34400.0,619.0,LOT,,7.0,4294.0,4294.0,0.08588,OLF,2,False,415.0,5715796.0,12330.0,415.0,5715796.0,12330.0,13773.002409638555,29.710843373493976
1139,LOT3,Nucleus of the lateral olfactory tract 3,160.0,255.0,170.0,34500.0,619.0,LOT,,7.0,5794.0,5794.0,0.11588,OLF,3,False,770.0,9186306.0,21838.0,770.0,9186306.0,21838.0,11930.267532467533,28.36103896103896
631,CO,cortical amygdaloid nucleus,160.0,255.0,177.0,34600.0,698.0,OLF,,6.0,,172814.0,3.45628,OLF,CO,True,,0.0,0.0,18981.0,317537346.0,538424.0,16729.221115852695,28.366471734892787
639,ACo ,Anterior cortical amygdaloid nucleus,160.0,255.0,178.0,34700.0,631.0,CO,,7.0,,38824.0,0.77648,OLF,A,False,,0.0,0.0,3611.0,43612091.0,99970.0,12077.566048186098,27.684851841595126
192,ACo-1,"Anterior cortical amygdaloid nucleus, layer1",160.0,255.0,178.0,34800.0,639.0,ACo ,,8.0,12524.0,12524.0,0.25048,OLF,1,False,456.0,4947579.0,12731.0,456.0,4947579.0,12731.0,10849.953947368422,27.91885964912281
200,ACo-2,"Anterior cortical amygdaloid nucleus, layer2",160.0,255.0,178.0,34900.0,639.0,ACo ,,8.0,7268.0,7268.0,0.14536,OLF,2,False,696.0,7663641.0,19269.0,696.0,7663641.0,19269.0,11010.978448275862,27.685344827586206
208,ACo-3,"Anterior cortical amygdaloid nucleus, layer3",160.0,255.0,178.0,35000.0,639.0,ACo ,,8.0,19032.0,19032.0,0.38064,OLF,3,False,2459.0,31000871.0,67970.0,2459.0,31000871.0,67970.0,12607.104920699472,27.641317608784057
647,PCO,Posterior cortical amygdaloid area,160.0,255.0,179.0,35100.0,631.0,CO,,7.0,,133990.0,2.6798,OLF,P,False,,0.0,0.0,15370.0,273925255.0,438454.0,17822.07254391672,28.526610279765777
655,PLCo,Posterolateral cortical amygdaloid area,160.0,255.0,180.0,35200.0,647.0,PCO,,8.0,,64988.0,1.29976,OLF,PLCo,True,,0.0,0.0,6228.0,108516195.0,178800.0,17423.923410404623,28.709055876685934
216,PLCo1,Posterolateral cortical amygdaloid area 1,160.0,255.0,180.0,35500.0,655.0,PLCo,,9.0,21118.0,21118.0,0.42236,OLF,1,False,1138.0,20042227.0,33102.0,1138.0,20042227.0,33102.0,17611.79876977153,29.08787346221441
224,PLCo2,Posterolateral cortical amygdaloid area 2,160.0,255.0,180.0,35600.0,655.0,PLCo,,9.0,12218.0,12218.0,0.24436,OLF,2,False,1586.0,30075478.0,46977.0,1586.0,30075478.0,46977.0,18963.100882723833,29.619798234552334
232,PLCo3,Posterolateral cortical amygdaloid area 3,160.0,255.0,180.0,35700.0,655.0,PLCo,,9.0,31652.0,31652.0,0.63304,OLF,3,False,3504.0,58398490.0,98721.0,3504.0,58398490.0,98721.0,16666.235730593606,28.173801369863014
249,PMCo_leaf,"Posteromedial cortical amygdaloid area, leaf",160.0,255.0,181.0,35800.0,663.0,PMCo,,9.0,6726.0,6726.0,0.13452,OLF,misc,False,1126.0,21805378.0,31764.0,1126.0,21805378.0,31764.0,19365.34458259325,28.209591474245116
663,PMCo,Posteromedial cortical amygdaloid area,160.0,255.0,181.0,35800.0,647.0,PCO,,8.0,,69002.0,1.38004,OLF,PMCo,True,,0.0,0.0,9142.0,165409060.0,259654.0,18093.312185517392,28.402318967403193
240,PMCo1,Posteromedial cortical amygdaloid area 1,160.0,255.0,181.0,36100.0,663.0,PMCo,,9.0,18032.0,18032.0,0.36064,OLF,1,False,1654.0,28788284.0,46930.0,1654.0,28788284.0,46930.0,17405.25030229746,28.373639661426843
248,PMCo2,Posteromedial cortical amygdaloid area 2,160.0,255.0,181.0,36200.0,663.0,PMCo,,9.0,12926.0,12926.0,0.25852,OLF,2,False,1948.0,35243256.0,55485.0,1948.0,35243256.0,55485.0,18092.020533880903,28.48305954825462
256,PMCo3,Posteromedial cortical amygdaloid area 3,160.0,255.0,181.0,36300.0,663.0,PMCo,,9.0,31318.0,31318.0,0.62636,OLF,3,False,4414.0,79572142.0,125475.0,4414.0,79572142.0,125475.0,18027.218396012686,28.426597190756684
788,RAPir,Rostral amygdalopiriform area,160.0,255.0,169.0,36400.0,698.0,OLF,,6.0,,34200.0,0.684,OLF,RAPir,True,,0.0,0.0,2415.0,45246730.0,72107.0,18735.706004140786,29.857971014492755
408,RAPir1,Rostral amygdalopiriform area 1,160.0,255.0,169.0,36600.0,788.0,RAPir,,7.0,9890.0,9890.0,0.1978,OLF,1,False,361.0,6457453.0,10714.0,361.0,6457453.0,10714.0,17887.68144044321,29.678670360110804
416,RAPir2,Rostral amygdalopiriform area 2,160.0,255.0,169.0,36700.0,788.0,RAPir,,7.0,6112.0,6112.0,0.12224,OLF,2,False,570.0,11155488.0,17790.0,570.0,11155488.0,17790.0,19571.031578947368,31.210526315789473
424,RAPir3,Rostral amygdalopiriform area 3,160.0,255.0,169.0,36800.0,788.0,RAPir,,7.0,18198.0,18198.0,0.36396,OLF,3,False,1484.0,27633789.0,43603.0,1484.0,27633789.0,43603.0,18621.151617250674,29.382075471698112
1143,Apir_leaf,"Amygdalopiriform transition area, leaf",160.0,255.0,166.0,36900.0,566.0,Apir,,7.0,3402.0,3402.0,0.06804,OLF,misc,False,522.0,7821386.0,14052.0,522.0,7821386.0,14052.0,14983.498084291188,26.919540229885058
566,Apir,Amygdalopiriform transition area,160.0,255.0,166.0,36900.0,698.0,OLF,,6.0,,35794.0,0.71588,OLF,Apir,True,,0.0,0.0,3992.0,77267722.0,118694.0,19355.641783567135,29.732965931863728
1140,APir1,"Postpiriform transition area, layers 1",160.0,255.0,166.0,37100.0,566.0,Apir,,7.0,5514.0,5514.0,0.11028,OLF,1,False,459.0,9641238.0,14066.0,459.0,9641238.0,14066.0,21004.875816993463,30.644880174291938
1141,APir2,"Postpiriform transition area, layers 2",160.0,255.0,166.0,37200.0,566.0,Apir,,7.0,3288.0,3288.0,0.06576,OLF,2,False,366.0,7734503.0,11396.0,366.0,7734503.0,11396.0,21132.521857923497,31.136612021857925
1142,APir3,"Postpiriform transition area, layers 3",160.0,255.0,166.0,37300.0,566.0,Apir,,7.0,23590.0,23590.0,0.4718,OLF,3,False,2645.0,52070595.0,79180.0,2645.0,52070595.0,79180.0,19686.425330812854,29.935727788279774
1089,HPF,Hippocampal formation,144.0,255.0,176.0,37400.0,695.0,CTXpl,,5.0,,2101284.0,42.02568,HPF,HPF,False,,0.0,0.0,108942.0,1485641531.0,3192516.0,13636.99519928035,29.30473095775734
1080,HIP,Hippocampal region,121.0,255.0,128.0,37500.0,1089.0,HPF,,6.0,,1174896.0,23.49792,HPF,HIP,False,,0.0,0.0,30120.0,373525100.0,859496.0,12401.231739707835,28.535723771580344
375,CA,Ammon's horn,122.0,255.0,122.0,37600.0,1080.0,HIP,,7.0,,826014.0,16.52028,HPF,CA,False,,0.0,0.0,18060.0,208956015.0,511690.0,11570.10049833887,28.332779623477297
382,CA1,Field CA1 of the hippocampus,122.0,255.0,121.0,37700.0,375.0,CA,,8.0,,442318.0,8.84636,HPF,CA1,True,,0.0,0.0,7536.0,87287968.0,220048.0,11582.7983014862,29.199575371549894
391,CA1_LMol ,Field CA1 of the hippocampus- lacunosum moleculare layer of the hippocampus,123.0,255.0,121.0,37800.0,382.0,CA1,,9.0,106146.0,106146.0,2.12292,HPF,LMol,False,816.0,8603016.0,22780.0,816.0,8603016.0,22780.0,10542.911764705883,27.916666666666668
399,CA1_Or,Field CA1 of the hippocampus- oriens layer of the hippocampus,124.0,255.0,121.0,37900.0,382.0,CA1,,9.0,102142.0,102142.0,2.04284,HPF,Or,False,4098.0,50939472.0,121429.0,4098.0,50939472.0,121429.0,12430.32503660322,29.63128355295266
407,CA1_Py,Field CA1 of the hippocampus- pyramidal layer of the hippocampus,75.0,230.0,70.0,38000.0,382.0,CA1,,9.0,45548.0,45548.0,0.91096,HPF,Py,False,867.0,9901322.0,25619.0,867.0,9901322.0,25619.0,11420.209919261823,29.54901960784314
415,CA1_Rad,Field CA1 of the hippocampus- radiatum layer of the hippocampus,126.0,255.0,121.0,38100.0,382.0,CA1,,9.0,188482.0,188482.0,3.76964,HPF,Rad,False,1755.0,17844158.0,50220.0,1755.0,17844158.0,50220.0,10167.611396011396,28.615384615384617
423,CA2,Field CA2 of the hippocampus,122.0,255.0,120.0,38200.0,375.0,CA,,8.0,,67700.0,1.354,HPF,CA2,True,,0.0,0.0,1466.0,15102967.0,43238.0,10302.160300136426,29.493860845839016
431,CA2_LMol ,Field CA2 of the hippocampus- lacunosum moleculare layer of the hippocampus,123.0,255.0,120.0,38300.0,423.0,CA2,,9.0,17904.0,17904.0,0.35808,HPF,LMol,False,192.0,1689163.0,5305.0,192.0,1689163.0,5305.0,8797.723958333334,27.630208333333332
438,CA2_Or,Field CA2 of the hippocampus- oriens layer of the hippocampus,124.0,255.0,120.0,38400.0,423.0,CA2,,9.0,18706.0,18706.0,0.37412,HPF,Or,False,648.0,6822595.0,19480.0,648.0,6822595.0,19480.0,10528.69598765432,30.061728395061728
446,CA2_Py,Field CA2 of the hippocampus- pyramidal layer of the hippocampus,75.0,230.0,70.0,38500.0,423.0,CA2,,9.0,9584.0,9584.0,0.19168,HPF,Py,False,334.0,3419251.0,10009.0,334.0,3419251.0,10009.0,10237.278443113772,29.96706586826347
454,CA2_Rad,Field CA2 of the hippocampus- radiatum layer of the hippocampus,126.0,255.0,120.0,38600.0,423.0,CA2,,9.0,21506.0,21506.0,0.43012,HPF,Rad,False,292.0,3171958.0,8444.0,292.0,3171958.0,8444.0,10862.869863013699,28.91780821917808
463,CA3,Field CA3 of the hippocampus,122.0,255.0,119.0,38700.0,375.0,CA,,8.0,,315996.0,6.31992,HPF,CA3,True,,0.0,0.0,9058.0,106565080.0,248404.0,11764.747184809008,27.4237138441157
471,CA3_LMol ,Field CA3 of the hippocampus- lacunosum moleculare layer of the hippocampus,123.0,255.0,119.0,38800.0,463.0,CA3,,9.0,9930.0,9930.0,0.1986,HPF,LMol,False,145.0,1397802.0,3855.0,145.0,1397802.0,3855.0,9640.013793103448,26.586206896551722
479,SLu ,Field CA3 of the hippocampus- stratum lucidum of the hippocampus,124.0,255.0,119.0,38900.0,463.0,CA3,,9.0,18950.0,18950.0,0.379,HPF,SLu ,False,298.0,3388862.0,8347.0,298.0,3388862.0,8347.0,11372.020134228187,28.01006711409396
486,CA3_Or,Field CA3 of the hippocampus- oriens layer of the hippocampus,125.0,255.0,119.0,39000.0,463.0,CA3,,9.0,146058.0,146058.0,2.92116,HPF,Or,False,5178.0,62242427.0,141407.0,5178.0,62242427.0,141407.0,12020.553688682889,27.309192738509076
495,CA3_Py,Field CA3 of the hippocampus- pyramidal layer of the hippocampus,75.0,230.0,70.0,39100.0,463.0,CA3,,9.0,68304.0,68304.0,1.36608,HPF,Py,False,1964.0,23738442.0,54274.0,1964.0,23738442.0,54274.0,12086.783095723014,27.634419551934826
504,CA3_Rad,Field CA3 of the hippocampus- radiatum layer of the hippocampus,127.0,255.0,119.0,39200.0,463.0,CA3,,9.0,72754.0,72754.0,1.45508,HPF,Rad,False,1473.0,15797547.0,40521.0,1473.0,15797547.0,40521.0,10724.743380855398,27.5091649694501
7346,DG_leaf,"Dentate gyrus, leaf",114.0,250.0,114.0,39300.0,726.0,DG,,8.0,6292.0,6292.0,0.12584,HPF,misc,False,301.0,3759662.0,7795.0,301.0,3759662.0,7795.0,12490.57142857143,25.897009966777407
726,DG,Dentate gyrus,114.0,250.0,114.0,39300.0,1080.0,HIP,,7.0,,346166.0,6.92332,HPF,DG,True,,0.0,0.0,11942.0,163387368.0,343954.0,13681.742421704907,28.80204320884274
10703,MoDG,Molecular layer of the dentate gyrus,114.0,250.0,114.0,39400.0,726.0,DG,,8.0,215388.0,215388.0,4.30776,HPF,MoDG,False,5238.0,78735756.0,150089.0,5238.0,78735756.0,150089.0,15031.644902634593,28.653875525009546
10704,PoDG,Polymorph layer of the dentate gyrus,94.0,230.0,94.0,39500.0,726.0,DG,,8.0,44896.0,44896.0,0.89792,HPF,PoDG,False,1998.0,25409176.0,57213.0,1998.0,25409176.0,57213.0,12717.305305305305,28.635135135135137
632,GrDG,Granule cell layer of the dentate gyrus,64.0,200.0,64.0,39600.0,726.0,DG,,8.0,79590.0,79590.0,1.5918,HPF,GrDG,False,4405.0,55482774.0,128857.0,4405.0,55482774.0,128857.0,12595.40839954597,29.252440408626562
982,FC,Fasciola cinereum,114.0,253.0,114.0,41000.0,1080.0,HIP,,7.0,1306.0,1306.0,0.02612,HPF,FC,True,31.0,329183.0,1030.0,31.0,329183.0,1030.0,10618.806451612903,33.225806451612904
19,IG,Induseum griseum,114.0,254.0,114.0,41100.0,1080.0,HIP,,7.0,1410.0,1410.0,0.0282,HPF,IG,True,87.0,852534.0,2822.0,87.0,852534.0,2822.0,9799.241379310344,32.4367816091954
822,RHP,Retrohippocampal region,144.0,255.0,176.0,41200.0,1089.0,HPF,,6.0,,926388.0,18.52776,HPF,RHP,False,,0.0,0.0,78822.0,1112116431.0,2333020.0,14109.21355712872,29.598589226358122
909,ENT,Entorhinal area,128.0,255.0,144.0,41300.0,822.0,RHP,,7.0,,533704.0,10.67408,HPF,ENT,False,,0.0,0.0,50333.0,793825782.0,1531634.0,15771.477599189398,30.430016092821806
918,DLEnt,Dorsolateral entorhinal cortex,128.0,255.0,145.0,41350.0,909.0,ENT,,8.0,,181520.0,3.6304,HPF,DLEnt,True,,0.0,0.0,18648.0,313967876.0,577551.0,16836.544187044186,30.971203346203346
389,DLEnt_leaf,"Dorsolateral entorhinal cortex, leaf",128.0,255.0,145.0,41350.0,918.0,DLEnt,,9.0,398.0,398.0,0.00796,HPF,misc,False,14.0,94997.0,365.0,14.0,94997.0,365.0,6785.5,26.071428571428573
1121,DLEnt1,"Dorsolateral entorhinal cortex, layer 1",0.0,104.0,101.0,41400.0,918.0,DLEnt,,9.0,31436.0,31436.0,0.62872,HPF,1,False,2340.0,44769191.0,75317.0,2340.0,44769191.0,75317.0,19132.132905982908,32.18675213675213
20,DLEnt2,"Dorsolateral entorhinal cortex, layer 2",0.0,114.0,116.0,41500.0,918.0,DLEnt,,9.0,26106.0,26106.0,0.52212,HPF,2,False,1832.0,28449751.0,57993.0,1832.0,28449751.0,57993.0,15529.340065502183,31.65556768558952
999,DLEnt2/3,"Dorsolateral entorhinal cortex, layer 2/3",50.0,133.0,139.0,41600.0,918.0,DLEnt,,9.0,21244.0,21244.0,0.42488,HPF,2.3,False,1616.0,31417137.0,52413.0,1616.0,31417137.0,52413.0,19441.29764851485,32.43378712871287
715,DLEnta,"Dorsolateral entorhinal cortex, layer 2a",0.0,115.0,122.0,41700.0,918.0,DLEnt,,9.0,,0.0,0.0,HPF,a,False,,0.0,0.0,0.0,0.0,0.0,,
764,DLEntb,"Dorsolateral entorhinal cortex, layer 2b",0.0,128.0,132.0,41800.0,918.0,DLEnt,,9.0,,0.0,0.0,HPF,b,False,,0.0,0.0,0.0,0.0,0.0,,
52,DLEnt3,"Dorsolateral entorhinal cortex, layer 3",86.0,151.0,158.0,41900.0,918.0,DLEnt,,9.0,35812.0,35812.0,0.71624,HPF,3,False,3283.0,50880675.0,101558.0,3283.0,50880675.0,101558.0,15498.225708193726,30.93451111787999
92,DLEnt4,"Dorsolateral entorhinal cortex, layer 4",117.0,161.0,167.0,42000.0,918.0,DLEnt,,9.0,,0.0,0.0,HPF,4,False,,0.0,0.0,0.0,0.0,0.0,,
312,DLEnt4/5,"Dorsolateral entorhinal cortex, layer 4/5",157.0,184.0,189.0,42100.0,918.0,DLEnt,,9.0,,0.0,0.0,HPF,4.5,False,,0.0,0.0,0.0,0.0,0.0,,
139,DLEnt5,"Dorsolateral entorhinal cortex, layer 5",190.0,204.0,206.0,42200.0,918.0,DLEnt,,9.0,44566.0,44566.0,0.89132,HPF,5,False,6298.0,111077142.0,194145.0,6298.0,111077142.0,194145.0,17636.891394093363,30.826452842172117
387,DLEnt5/6,"Dorsolateral entorhinal cortex, layer 5/6",138.0,168.0,168.0,42300.0,918.0,DLEnt,,9.0,,0.0,0.0,HPF,5.6,False,,0.0,0.0,0.0,0.0,0.0,,
28,DLEnt6a,"Dorsolateral entorhinal cortex, layer 6a",148.0,179.0,173.0,42400.0,918.0,DLEnt,,9.0,18788.0,18788.0,0.37576,HPF,6a,False,2875.0,42176332.0,84438.0,2875.0,42176332.0,84438.0,14670.02852173913,29.369739130434784
60,DLEnt6b,"Dorsolateral entorhinal cortex, layer 6b",180.0,199.0,193.0,42500.0,918.0,DLEnt,,9.0,3170.0,3170.0,0.0634,HPF,6b,False,390.0,5102651.0,11322.0,390.0,5102651.0,11322.0,13083.720512820513,29.03076923076923
926,DIEnt,Dorsal intermediate entorhinal cortex,128.0,255.0,146.0,42700.0,909.0,ENT,,8.0,,70732.0,1.41464,HPF,DIEnt,True,,0.0,0.0,7614.0,143109875.0,244365.0,18795.623194116102,32.094168636721825
526,DIEnt1,"Dorsal intermediate entorhinal cortex, layer 1",0.0,104.0,87.0,42800.0,926.0,DIEnt,,9.0,11422.0,11422.0,0.22844,HPF,1,False,955.0,18598886.0,30278.0,955.0,18598886.0,30278.0,19475.273298429318,31.704712041884818
543,DIEnt2,"Dorsal intermediate entorhinal cortex, layer 2",0.0,118.0,106.0,42900.0,926.0,DIEnt,,9.0,13472.0,13472.0,0.26944,HPF,2,False,1458.0,28693568.0,47597.0,1458.0,28693568.0,47597.0,19680.0877914952,32.64540466392318
468,DIEnt2a,"Dorsal intermediate entorhinal cortex, layer 2a",1.0,118.0,106.0,43000.0,926.0,DIEnt,,9.0,,0.0,0.0,HPF,2a,False,,0.0,0.0,0.0,0.0,0.0,,
508,DIEnt2b,"Dorsal intermediate entorhinal cortex, layer 2b",2.0,118.0,106.0,43100.0,926.0,DIEnt,,9.0,,0.0,0.0,HPF,2b,False,,0.0,0.0,0.0,0.0,0.0,,
2408,DIEnt2/3,"Dorsal intermediate entorhinal cortex, layer 2/3",2.0,118.0,106.0,43110.0,926.0,DIEnt,,9.0,,0.0,0.0,HPF,2.3,False,,0.0,0.0,0.0,0.0,0.0,,
664,DIEnt3,"Dorsal intermediate entorhinal cortex, layer 3",36.0,122.0,111.0,43200.0,926.0,DIEnt,,9.0,21068.0,21068.0,0.42136,HPF,3,False,2173.0,43597421.0,72627.0,2173.0,43597421.0,72627.0,20063.240220892774,33.42245743212149
712,DIEnt4,"Dorsal intermediate entorhinal cortex, layer 4",63.0,135.0,126.0,43300.0,926.0,DIEnt,,9.0,,0.0,0.0,HPF,4,False,,0.0,0.0,0.0,0.0,0.0,,
727,DIEnt5,"Dorsal intermediate entorhinal cortex, layer 5",64.0,135.0,126.0,43400.0,926.0,DIEnt,,9.0,21546.0,21546.0,0.43092,HPF,5,False,2516.0,44469372.0,79063.0,2516.0,44469372.0,79063.0,17674.63116057234,31.424085850556438
550,DIEnt5/6,"Dorsal intermediate entorhinal cortex, layer 5/6",81.0,139.0,133.0,43500.0,926.0,DIEnt,,9.0,,0.0,0.0,HPF,5.6,False,,0.0,0.0,0.0,0.0,0.0,,
743,DIEnt6,"Dorsal intermediate entorhinal cortex, layer 6",108.0,156.0,152.0,43600.0,926.0,DIEnt,,9.0,3224.0,3224.0,0.06448,HPF,6,False,512.0,7750628.0,14800.0,512.0,7750628.0,14800.0,15137.9453125,28.90625
934,VIEnt,Ventral intermediate entorhinal cortex,128.0,255.0,147.0,43700.0,909.0,ENT,,8.0,,49880.0,0.9976,HPF,VIEnt,True,,0.0,0.0,5173.0,91187985.0,155212.0,17627.679296346414,30.004252851343516
259,VIEnt1,"Ventral intermediate entorhinal cortex, layer 1",0.0,104.0,96.0,43800.0,934.0,VIEnt,,9.0,10872.0,10872.0,0.21744,HPF,1,False,494.0,9068008.0,14758.0,494.0,9068008.0,14758.0,18356.291497975708,29.874493927125506
324,VIEnt2,"Ventral intermediate entorhinal cortex, layer 2",0.0,117.0,111.0,43900.0,934.0,VIEnt,,9.0,11284.0,11284.0,0.22568,HPF,2,False,1200.0,22545876.0,36766.0,1200.0,22545876.0,36766.0,18788.23,30.638333333333332
371,VIEnt3,"Ventral intermediate entorhinal cortex, layer 3",35.0,122.0,117.0,44000.0,934.0,VIEnt,,9.0,12194.0,12194.0,0.24388,HPF,3,False,1404.0,26321935.0,43356.0,1404.0,26321935.0,43356.0,18747.81695156695,30.88034188034188
419,VIEnt4,"Ventral intermediate entorhinal cortex, layer 4",62.0,135.0,133.0,44100.0,934.0,VIEnt,,9.0,,0.0,0.0,HPF,4,False,,0.0,0.0,0.0,0.0,0.0,,
1133,VIEnt5/6,"Ventral intermediate entorhinal cortex, layer 5/6",80.0,140.0,140.0,44200.0,934.0,VIEnt,,9.0,15530.0,15530.0,0.3106,HPF,5.6,False,2075.0,33252166.0,60332.0,2075.0,33252166.0,60332.0,16025.140240963856,29.07566265060241
2518,MEnt_leaf,"Medial entorhinal cortex, leaf",80.0,140.0,140.0,44220.0,2159.0,MEnt,,9.0,27534.0,27534.0,0.55068,HPF,misc,False,2554.0,40669699.0,75600.0,2554.0,40669699.0,75600.0,15923.922866092404,29.600626468285043
2159,MEnt,Medial entorhinal cortex,80.0,140.0,140.0,44220.0,909.0,ENT,,8.0,,71928.0,1.43856,HPF,MEnt,True,,0.0,0.0,8499.0,118590806.0,253824.0,13953.501117778562,29.86516060713025
2164,MEnt1,"Medial entorhinal cortex, layer 1",80.0,140.0,140.0,44230.0,2159.0,MEnt,,9.0,6088.0,6088.0,0.12176,HPF,1,False,371.0,5243376.0,11846.0,371.0,5243376.0,11846.0,14133.088948787063,31.929919137466307
2444,MEnt2,"Medial entorhinal cortex, layer 2",80.0,140.0,140.0,44240.0,2159.0,MEnt,,9.0,7846.0,7846.0,0.15692,HPF,2,False,992.0,13290984.0,31993.0,992.0,13290984.0,31993.0,13398.16935483871,32.25100806451613
2445,MEnt3,"Medial entorhinal cortex, layer 3",80.0,140.0,140.0,44250.0,2159.0,MEnt,,9.0,15494.0,15494.0,0.30988,HPF,3,False,2046.0,27604989.0,62560.0,2046.0,27604989.0,62560.0,13492.174486803518,30.576735092864126
2446,MEnt5,"Medial entorhinal cortex, layer 5",80.0,140.0,140.0,44260.0,2159.0,MEnt,,9.0,8606.0,8606.0,0.17212,HPF,5,False,1470.0,18274599.0,41603.0,1470.0,18274599.0,41603.0,12431.7,28.301360544217687
2447,MEnt6,"Medial entorhinal cortex, layer 6",80.0,140.0,140.0,44270.0,2159.0,MEnt,,9.0,6360.0,6360.0,0.1272,HPF,6,False,1066.0,13507159.0,30222.0,1066.0,13507159.0,30222.0,12670.8808630394,28.350844277673545
2161,CEnt,Caudomedial entothinal cortex,80.0,140.0,140.0,44280.0,909.0,ENT,,8.0,,159644.0,3.19288,HPF,CEnt,True,,0.0,0.0,10399.0,126969240.0,300682.0,12209.754784113857,28.914511010674104
2520,CEnt_leaf,"Caudomedial entothinal cortex, leaf",80.0,140.0,140.0,44280.0,2161.0,CEnt,,9.0,17168.0,17168.0,0.34336,HPF,misc,False,643.0,8564152.0,18014.0,643.0,8564152.0,18014.0,13319.054432348366,28.015552099533437
2448,CEnt1,"Caudomedial entothinal cortex, layer 1",80.0,140.0,140.0,44290.0,2161.0,CEnt,,9.0,34518.0,34518.0,0.69036,HPF,1,False,1202.0,14741965.0,36030.0,1202.0,14741965.0,36030.0,12264.529950083195,29.97504159733777
2449,CEnt2,"Caudomedial entothinal cortex, layer 2",80.0,140.0,140.0,44291.0,2161.0,CEnt,,9.0,39032.0,39032.0,0.78064,HPF,2,False,3132.0,41307952.0,93908.0,3132.0,41307952.0,93908.0,13189.001277139208,29.983397190293744
2450,CEnt3,"Caudomedial entothinal cortex, layer 3",80.0,140.0,140.0,44292.0,2161.0,CEnt,,9.0,42816.0,42816.0,0.85632,HPF,3,False,3571.0,41567673.0,101500.0,3571.0,41567673.0,101500.0,11640.345281433772,28.423410809297117
2451,CEnt5,"Caudomedial entothinal cortex, layer 5",80.0,140.0,140.0,44293.0,2161.0,CEnt,,9.0,23190.0,23190.0,0.4638,HPF,5,False,1584.0,17851987.0,44037.0,1584.0,17851987.0,44037.0,11270.193813131313,27.801136363636363
2452,CEnt6,"Caudomedial entothinal cortex, layer 6",80.0,140.0,140.0,44294.0,2161.0,CEnt,,9.0,2920.0,2920.0,0.0584,HPF,6,False,267.0,2935511.0,7193.0,267.0,2935511.0,7193.0,10994.423220973782,26.94007490636704
10691,PaS_leaf,"Parasubiculum, leaf",129.0,255.0,160.0,44300.0,843.0,PaS,,8.0,2006.0,2006.0,0.04012,HPF,misc,False,56.0,623784.0,1677.0,56.0,623784.0,1677.0,11139.0,29.946428571428573
843,PaS,Parasubiculum,129.0,255.0,160.0,44300.0,822.0,RHP,,7.0,,65178.0,1.30356,HPF,PaS,True,,0.0,0.0,6202.0,64624347.0,166909.0,10419.92050951306,26.91212512092873
10693,PaS1,"Parasubiculum, layer 1",129.0,255.0,160.0,44400.0,843.0,PaS,,8.0,16230.0,16230.0,0.3246,HPF,1,False,249.0,2250006.0,7303.0,249.0,2250006.0,7303.0,9036.168674698794,29.329317269076306
10694,PaS2,"Parasubiculum, layer 2",129.0,255.0,160.0,44500.0,843.0,PaS,,8.0,37264.0,37264.0,0.74528,HPF,2,False,4327.0,46072511.0,117309.0,4327.0,46072511.0,117309.0,10647.679916801479,27.110931361220246
10695,PaS3,"Parasubiculum, layer 3",129.0,255.0,160.0,44600.0,843.0,PaS,,8.0,9678.0,9678.0,0.19356,HPF,3,False,1570.0,15678046.0,40620.0,1570.0,15678046.0,40620.0,9986.016560509554,25.872611464968152
1037,Post,Postsubiculum,128.0,255.0,160.0,44700.0,822.0,RHP,,7.0,,57546.0,1.15092,HPF,Post,True,,0.0,0.0,2221.0,12571591.0,64196.0,5660.329131022062,28.904097253489418
10696,Post1,"Postsubiculum, layer 1",128.0,255.0,160.0,44800.0,1037.0,Post,,8.0,14652.0,14652.0,0.29304,HPF,1,False,52.0,239063.0,1281.0,52.0,239063.0,1281.0,4597.365384615385,24.634615384615383
10697,Post2,"Postsubiculum, layer 2",128.0,255.0,160.0,44900.0,1037.0,Post,,8.0,28540.0,28540.0,0.5708,HPF,2,False,1275.0,7022850.0,36201.0,1275.0,7022850.0,36201.0,5508.117647058823,28.39294117647059
10698,Post3,"Postsubiculum, layer 3",128.0,255.0,160.0,45000.0,1037.0,Post,,8.0,14354.0,14354.0,0.28708,HPF,3,False,894.0,5309678.0,26714.0,894.0,5309678.0,26714.0,5939.2371364653245,29.88143176733781
1084,PsS,Presubiculum,129.0,255.0,161.0,45190.0,822.0,RHP,,7.0,,29192.0,0.58384,HPF,PsS,True,,0.0,0.0,1945.0,12730615.0,55172.0,6545.303341902314,28.366066838046272
10699,PsS1,"Presubiculum, layer 1",129.0,255.0,161.0,45200.0,1084.0,PsS,,8.0,7336.0,7336.0,0.14672,HPF,1,False,16.0,68757.0,434.0,16.0,68757.0,434.0,4297.3125,27.125
10700,PsS2,"Presubiculum, layer 2",129.0,255.0,161.0,45300.0,1084.0,PsS,,8.0,15864.0,15864.0,0.31728,HPF,2,False,1360.0,8458674.0,37805.0,1360.0,8458674.0,37805.0,6219.613235294118,27.797794117647058
10701,PsS3,"Presubiculum, layer 3",129.0,255.0,161.0,45400.0,1084.0,PsS,,8.0,5992.0,5992.0,0.11984,HPF,3,False,569.0,4203184.0,16933.0,569.0,4203184.0,16933.0,7386.966608084358,29.759226713532513
1155,SUB_leaf,"Subiculum, leaf",128.0,255.0,151.0,45500.0,502.0,SUB,,8.0,2216.0,2216.0,0.04432,HPF,misc,False,27.0,170900.0,802.0,27.0,170900.0,802.0,6329.62962962963,29.703703703703702
502,SUB,Subiculum,128.0,255.0,151.0,45500.0,822.0,RHP,,7.0,,240768.0,4.81536,HPF,SUB,False,,0.0,0.0,18121.0,228364096.0,515109.0,12602.179570663871,28.42608023839744
833,DS_leaf,"Dorsal subiculum, leaf",129.0,255.0,151.0,45600.0,509.0,DS,,9.0,40636.0,40636.0,0.81272,HPF,misc,False,1640.0,13819878.0,50860.0,1640.0,13819878.0,50860.0,8426.754878048781,31.01219512195122
509,DS,Dorsal subiculum,129.0,255.0,151.0,45600.0,502.0,SUB,,8.0,,64836.0,1.29672,HPF,DS,True,,0.0,0.0,2536.0,21195903.0,79309.0,8358.005914826499,31.27326498422713
829,DS-m,"Dorsal subiculum, molecular layer",129.0,255.0,151.0,45700.0,509.0,DS,,9.0,3190.0,3190.0,0.0638,HPF,m,False,83.0,463977.0,2299.0,83.0,463977.0,2299.0,5590.084337349397,27.698795180722893
845,DS-sp,"Dorsal subiculum, pyramidal layer",100.0,230.0,121.0,45800.0,509.0,DS,,9.0,16134.0,16134.0,0.32268,HPF,sp,False,718.0,6142497.0,23381.0,718.0,6142497.0,23381.0,8555.009749303621,32.56406685236769
837,DS-sr,"Dorsal subiculum, stratum radiatum",129.0,255.0,151.0,45900.0,509.0,DS,,9.0,4876.0,4876.0,0.09752,HPF,sr,False,95.0,769551.0,2769.0,95.0,769551.0,2769.0,8100.5368421052635,29.147368421052633
876,VeS_leaf,"Ventral subiculum, leaf",130.0,255.0,151.0,46000.0,518.0,VeS,,9.0,30234.0,30234.0,0.60468,HPF,misc,False,4013.0,63554781.0,116158.0,4013.0,63554781.0,116158.0,15837.224271118863,28.9454273610765
518,VeS,Ventral subiculum,130.0,255.0,151.0,46000.0,502.0,SUB,,8.0,,54150.0,1.083,HPF,VeS,True,,0.0,0.0,6408.0,95525037.0,181424.0,14907.15308988764,28.31210986267166
853,VeS-m,"Ventral subiculum, molecular layer",130.0,255.0,151.0,46100.0,518.0,VeS,,9.0,4364.0,4364.0,0.08728,HPF,m,False,38.0,322677.0,998.0,38.0,322677.0,998.0,8491.5,26.263157894736842
870,VeS-sp,"Ventral subiculum, pyramidal layer",100.0,230.0,121.0,46200.0,518.0,VeS,,9.0,13988.0,13988.0,0.27976,HPF,sp,False,1932.0,26284430.0,52790.0,1932.0,26284430.0,52790.0,13604.777432712215,27.324016563146998
861,VeS-sr,"Ventral subiculum, stratum radiatum",130.0,255.0,151.0,46300.0,518.0,VeS,,9.0,5564.0,5564.0,0.11128,HPF,sr,False,425.0,5363149.0,11478.0,425.0,5363149.0,11478.0,12619.174117647059,27.007058823529412
2440,STr,"Subiculum, transition area",130.0,255.0,151.0,46310.0,502.0,SUB,,8.0,,119566.0,2.39132,HPF,STr,True,,0.0,0.0,9150.0,111472256.0,253574.0,12182.760218579235,27.713005464480876
2441,STr-m,"Subiculum, transition area, molecular layer",130.0,255.0,151.0,46320.0,2440.0,STr,,9.0,18390.0,18390.0,0.3678,HPF,m,False,443.0,3907704.0,11240.0,443.0,3907704.0,11240.0,8821.002257336344,25.372460496613996
2442,STr-sp,"Subiculum, transition area, pyramidal layer",130.0,255.0,151.0,46330.0,2440.0,STr,,9.0,84826.0,84826.0,1.69652,HPF,sp,False,8113.0,99989970.0,226000.0,8113.0,99989970.0,226000.0,12324.660421545668,27.85652656230741
2443,STr-sr,"Subiculum, transition area, stratum radiatum",130.0,255.0,151.0,46340.0,2440.0,STr,,9.0,16350.0,16350.0,0.327,HPF,sr,False,594.0,7574582.0,16334.0,594.0,7574582.0,16334.0,12751.821548821548,27.4983164983165
703,CTXsp,Cortical subplate,80.0,255.0,80.0,46400.0,688.0,CTX,,4.0,,472980.0,9.4596,CTXsp,CTXsp,False,,0.0,0.0,46440.0,720653758.0,1346781.0,15517.953445305771,29.00045219638243
447,CTXsp_leaf,"Cortical subplate, leaf",80.0,255.0,80.0,46400.0,703.0,CTXsp,,5.0,16570.0,16570.0,0.3314,CTXsp,misc,False,2099.0,33960414.0,57140.0,2099.0,33960414.0,57140.0,16179.330157217722,27.222486898523105
16,6b,"Layer 6b, isocortex",80.0,255.0,81.0,46500.0,703.0,CTXsp,,5.0,,0.0,0.0,CTXsp,6b,False,,0.0,0.0,0.0,0.0,0.0,,
1999,Cl_leaf,"Claustrum, leaf",80.0,255.0,85.0,46600.0,583.0,Cl,,6.0,11404.0,11404.0,0.22808,CTXsp,misc,False,958.0,14341374.0,28407.0,958.0,14341374.0,28407.0,14970.118997912317,29.65240083507307
583,Cl,Claustrum,80.0,255.0,85.0,46600.0,703.0,CTXsp,,5.0,,40500.0,0.81,CTXsp,Cl,True,,0.0,0.0,3815.0,60731119.0,119269.0,15919.035124508518,31.263171690694627
2002,DCl,Dorsal claustrum,80.0,255.0,85.0,46610.0,583.0,Cl,,6.0,11412.0,11412.0,0.22824,CTXsp,DCl,False,1244.0,20986468.0,39185.0,1244.0,20986468.0,39185.0,16870.151125401928,31.4991961414791
2003,VCl,Ventral claustrum,80.0,255.0,85.0,46620.0,583.0,Cl,,6.0,17684.0,17684.0,0.35368,CTXsp,VCl,False,1613.0,25403277.0,51677.0,1613.0,25403277.0,51677.0,15749.086794792313,32.03781773093614
942,En,Endopiriform nucleus,80.0,255.0,87.0,46700.0,703.0,CTXsp,,5.0,,171026.0,3.42052,CTXsp,En,False,,0.0,0.0,14801.0,234898674.0,449255.0,15870.459698669009,30.35301668806162
952,DEn ,Dorsal endopiriform nucleus,81.0,255.0,87.0,46800.0,942.0,En,,6.0,115964.0,115964.0,2.31928,CTXsp,DEn ,True,10527.0,168645989.0,322870.0,10527.0,168645989.0,322870.0,16020.32763370381,30.670656407333524
966,VEn,Ventral endopiriform nucleus,82.0,255.0,87.0,46900.0,942.0,En,,6.0,20032.0,20032.0,0.40064,CTXsp,VEn,True,1053.0,16365036.0,30342.0,1053.0,16365036.0,30342.0,15541.34472934473,28.814814814814813
2085,IEn,Intermediate endopiriform claustrum,82.0,255.0,87.0,46910.0,942.0,En,,6.0,33774.0,33774.0,0.67548,CTXsp,IEn,True,3111.0,48081620.0,92722.0,3111.0,48081620.0,92722.0,15455.358405657345,29.80456444873031
2426,REn,Retroendopiriform nucleus ,82.0,255.0,87.0,46920.0,942.0,En,,6.0,1256.0,1256.0,0.02512,CTXsp,REn,True,110.0,1806029.0,3321.0,110.0,1806029.0,3321.0,16418.445454545454,30.19090909090909
131,La,Lateral amygdaloid nucleus,80.0,255.0,88.0,47000.0,703.0,CTXsp,,5.0,,38074.0,0.76148,CTXsp,La,True,,0.0,0.0,3845.0,52866349.0,111733.0,13749.3755526658,29.0592977893368
2045,La_leaf,"Lateral amygdaloid nucleus, leaf",80.0,255.0,88.0,47000.0,131.0,La,,6.0,498.0,498.0,0.00996,CTXsp,misc,False,30.0,323792.0,830.0,30.0,323792.0,830.0,10793.066666666668,27.666666666666668
2068,LaDL,"Lateral amygdaloid nucleus, dorsolateral part",80.0,255.0,88.0,47010.0,131.0,La,,6.0,20644.0,20644.0,0.41288,CTXsp,LaDL,False,2234.0,29958476.0,64503.0,2234.0,29958476.0,64503.0,13410.239928379588,28.87332139659803
2052,LaVL,"Lateral amygdaloid nucleus, ventrolateral part",80.0,255.0,88.0,47020.0,131.0,La,,6.0,8326.0,8326.0,0.16652,CTXsp,LaVL,False,821.0,12799910.0,25062.0,821.0,12799910.0,25062.0,15590.633373934226,30.526187576126674
2060,LaVM,"Lateral amygdaloid nucleus, ventromedial part",80.0,255.0,88.0,47030.0,131.0,La,,6.0,8606.0,8606.0,0.17212,CTXsp,LaVM,False,760.0,9784171.0,21338.0,760.0,9784171.0,21338.0,12873.909210526315,28.076315789473686
295,BL,Basolateral amygdalar nucleus,80.0,255.0,83.0,47100.0,703.0,CTXsp,,5.0,,92194.0,1.84388,CTXsp,BL,True,,0.0,0.0,9222.0,160907748.0,272822.0,17448.248536109302,29.58382129689872
303,BLA,"Basolateral amygdaloid nucleus, anterior part",81.0,255.0,83.0,47200.0,295.0,BL,,6.0,33198.0,33198.0,0.66396,CTXsp,BLA,False,3367.0,57708125.0,100310.0,3367.0,57708125.0,100310.0,17139.330264330263,29.79209979209979
311,BLP,"Basolateral amygdaloid nucleus, posterior part",82.0,255.0,83.0,47300.0,295.0,BL,,6.0,46618.0,46618.0,0.93236,CTXsp,BLP,False,4309.0,76490096.0,128997.0,4309.0,76490096.0,128997.0,17751.240659085634,29.936644233000695
451,BLV,"Basolateral amygdaloid nucleus, ventral part",73.0,255.0,83.0,47400.0,295.0,BL,,6.0,12378.0,12378.0,0.24756,CTXsp,BLV,False,1546.0,26709527.0,43515.0,1546.0,26709527.0,43515.0,17276.537516170763,28.146830530401036
319,BM,Basomedial amygdalar nucleus,80.0,255.0,84.0,47500.0,703.0,CTXsp,,5.0,,61772.0,1.23544,CTXsp,BM,True,,0.0,0.0,7709.0,100773811.0,204290.0,13072.228693734596,26.500194577766248
327,BMA,"Basomedial amygdaloid nucleus, anterior part",81.0,255.0,84.0,47600.0,319.0,BM,,6.0,27930.0,27930.0,0.5586,CTXsp,BMA,False,3899.0,44746323.0,102237.0,3899.0,44746323.0,102237.0,11476.358809951269,26.221338804821748
334,BMP,"Basomedial amygdaloid nucleus, posterior part",82.0,255.0,84.0,47700.0,319.0,BM,,6.0,33842.0,33842.0,0.67684,CTXsp,BMP,False,3810.0,56027488.0,102053.0,3810.0,56027488.0,102053.0,14705.377427821522,26.785564304461943
780,AHi,Amygdalohippocampal area,80.0,255.0,89.0,47800.0,703.0,CTXsp,,5.0,,52844.0,1.05688,CTXsp,AHi,True,,0.0,0.0,4949.0,76515643.0,132272.0,15460.829056375025,26.727015558698728
2086,AHiAL,"Amygdalohippocampal area, anterolateral part",80.0,255.0,89.0,47810.0,780.0,AHi,,6.0,29598.0,29598.0,0.59196,CTXsp,AHiAL,False,3160.0,54080561.0,86691.0,3160.0,54080561.0,86691.0,17114.10158227848,27.433860759493673
2087,AHiPM,"Amygdalohippocampal area, posteromedial part",80.0,255.0,89.0,47820.0,780.0,AHi,,6.0,20290.0,20290.0,0.4058,CTXsp,AHiPM,False,1547.0,18797035.0,39275.0,1547.0,18797035.0,39275.0,12150.636716224952,25.387847446670975
2088,AHiPL,"Amygdalohippocampal area, posterolateral",80.0,255.0,89.0,47830.0,780.0,AHi,,6.0,2956.0,2956.0,0.05912,CTXsp,AHiPL,False,242.0,3638047.0,6306.0,242.0,3638047.0,6306.0,15033.252066115703,26.05785123966942
623,CNU,Cerebral nuclei,176.0,216.0,255.0,47900.0,567.0,CH,,3.0,,2722700.0,54.454,,CNU,False,,0.0,0.0,232262.0,2236745578.0,6259047.0,9630.269170161284,26.948217960751222
477,STR,Striatum,160.0,200.0,232.0,48000.0,623.0,CNU,,4.0,,2226160.0,44.5232,STR,STR,False,,0.0,0.0,178553.0,1711980157.0,4781235.0,9588.078368887669,26.777679456519913
485,STRd,Striatum dorsal region,160.0,216.0,232.0,48100.0,477.0,STR,,5.0,,1299864.0,25.99728,STR,STRd,False,,0.0,0.0,92545.0,901128358.0,2449202.0,9737.191182667892,26.464984602085472
672,CP,Caudate Putamen ,160.0,216.0,248.0,48200.0,485.0,STRd,,6.0,,1299864.0,25.99728,STR,CP,False,,0.0,0.0,92545.0,901128358.0,2449202.0,9737.191182667892,26.464984602085472
2376,CPre,Caudoputamen- rostral extreme,160.0,216.0,248.0,48210.0,672.0,CP,,7.0,46138.0,46138.0,0.92276,STR,CPre,True,4269.0,50226442.0,112755.0,4269.0,50226442.0,112755.0,11765.38814710705,26.41250878425861
2491,CPr,Caudoputamen- rostral,160.0,216.0,248.0,48220.0,672.0,CP,,7.0,,220448.0,4.40896,STR,CPr,True,,0.0,0.0,18032.0,156132436.0,480575.0,8658.631100266193,26.651231144631765
2294,"CPr, m","Caudoputamen- rostral, medial",160.0,216.0,248.0,48221.0,2491.0,CPr,,8.0,27506.0,27506.0,0.55012,STR,m,False,2275.0,19750859.0,61824.0,2275.0,19750859.0,61824.0,8681.696263736263,27.175384615384615
2295,"CPr, imd","Caudoputamen- rostral, intermediate, dorsal",160.0,216.0,248.0,48222.0,2491.0,CPr,,8.0,39962.0,39962.0,0.79924,STR,imd,False,2572.0,22158286.0,68341.0,2572.0,22158286.0,68341.0,8615.196734059098,26.571150855365474
2296,"CPr, imv","Caudoputamen- rostral, intermediate, ventral",160.0,216.0,248.0,48223.0,2491.0,CPr,,8.0,42298.0,42298.0,0.84596,STR,imv,False,4981.0,44257352.0,129627.0,4981.0,44257352.0,129627.0,8885.234290303151,26.024292310780968
2497,"CPr, l","Caudoputamen- rostral, lateral",160.0,216.0,248.0,48224.0,2491.0,CPr,,8.0,,110682.0,2.21364,STR,l,False,,0.0,0.0,8204.0,69965939.0,220783.0,8528.27145294978,26.91162847391516
2395,"CPr, l, ls","Caudoputamen- rostral, lateral, lateral strip",160.0,216.0,248.0,48225.0,2497.0,"CPr, l",,9.0,65890.0,65890.0,1.3178,STR,ls,False,3168.0,26194746.0,85152.0,3168.0,26194746.0,85152.0,8268.54356060606,26.87878787878788
2297,"CPr, l, vm","Caudoputamen- rostra,l lateral, ventromedial",160.0,216.0,248.0,48226.0,2497.0,"CPr, l",,9.0,44792.0,44792.0,0.89584,STR,vm,False,5036.0,43771193.0,135631.0,5036.0,43771193.0,135631.0,8691.658657664813,26.932287529785544
2492,CPi,Caudoputamen- intermediate,160.0,216.0,248.0,48230.0,672.0,CP,,7.0,,609790.0,12.1958,STR,CPi,True,,0.0,0.0,41757.0,411184722.0,1128702.0,9847.08484804943,27.030246425748977
2498,"CPi, dm","Caudoputamen- intermediate, dorsomedial",160.0,216.0,248.0,48231.0,2492.0,CPi,,8.0,,169426.0,3.38852,STR,dm,False,,0.0,0.0,11427.0,114945419.0,301752.0,10059.10728975234,26.40693095300604
2299,"CPi, dm, dl","Caudoputamen- intermediate, dorsomedial, dorsolateral",160.0,216.0,248.0,48232.0,2498.0,"CPi, dm",,9.0,43396.0,43396.0,0.86792,STR,dl,False,2493.0,24868504.0,65920.0,2493.0,24868504.0,65920.0,9975.332531087044,26.44203770557561
2298,"CPi, dm, im","Caudoputamen- intermediate, dorsomedial, intermedial",160.0,216.0,248.0,48233.0,2498.0,"CPi, dm",,9.0,40010.0,40010.0,0.8002,STR,im,False,3554.0,36447309.0,94524.0,3554.0,36447309.0,94524.0,10255.29234665166,26.596510973550927
2374,"CPi, dm, cd","Caudoputamen- intermediate, dorsomedial, central dorsal",160.0,216.0,248.0,48234.0,2498.0,"CPi, dm",,9.0,39176.0,39176.0,0.78352,STR,cd,False,2790.0,28125010.0,72981.0,2790.0,28125010.0,72981.0,10080.648745519713,26.15806451612903
2380,"CPi, dm, dt","Caudoputamen- intermediate, dorsomedial, dorsal tip ",160.0,216.0,248.0,48235.0,2498.0,"CPi, dm",,9.0,46844.0,46844.0,0.93688,STR,dt,False,2590.0,25504596.0,68327.0,2590.0,25504596.0,68327.0,9847.334362934364,26.38108108108108
2500,"CPi, vm","Caudoputamen- intermediate, ventromedial",160.0,216.0,248.0,48236.0,2492.0,CPi,,8.0,,93184.0,1.86368,STR,vm,False,,0.0,0.0,12246.0,124046008.0,337283.0,10129.512330556916,27.54229952637596
2302,"CPi, vm, vm","Caudoputamen- intermediate, ventromedial, ventromedial",160.0,216.0,248.0,48237.0,2500.0,"CPi, vm",,9.0,39420.0,39420.0,0.7884,STR,vm,False,5475.0,57454378.0,148260.0,5475.0,57454378.0,148260.0,10493.950319634703,27.07945205479452
2480,"CPi, vm, v","Caudoputamen- intermediate, ventromedial, ventral",160.0,216.0,248.0,48238.0,2500.0,"CPi, vm",,9.0,39188.0,39188.0,0.78376,STR,v,False,5704.0,56031681.0,160721.0,5704.0,56031681.0,160721.0,9823.22598176718,28.176893408134642
2483,"CPi, vm, cvm","Caudoputamen- intermediate, ventromedial, central ventromedial",160.0,216.0,248.0,48239.0,2500.0,"CPi, vm",,9.0,14576.0,14576.0,0.29152,STR,cvm,False,1067.0,10559949.0,28302.0,1067.0,10559949.0,28302.0,9896.859418931585,26.524835988753516
2499,"CPi, dl","Caudoputamen- intermediate, dorsolateral, ",160.0,216.0,248.0,48240.0,2492.0,CPi,,8.0,,103382.0,2.06764,STR,dl,False,,0.0,0.0,5138.0,50856487.0,136862.0,9898.109575710394,26.637212923316465
2300,"CPi, dl, d","Caudoputamen- intermediate, dorsolateral, dorsal",160.0,216.0,248.0,48241.0,2499.0,"CPi, dl",,9.0,53216.0,53216.0,1.06432,STR,d,False,2733.0,27947626.0,73013.0,2733.0,27947626.0,73013.0,10225.988291255031,26.71533113794365
2301,"CPi, dl, imd","Caudoputamen- intermediate, dorsolateral, intermedial dorsal",160.0,216.0,248.0,48242.0,2499.0,"CPi, dl",,9.0,50166.0,50166.0,1.00332,STR,imd,False,2405.0,22908861.0,63849.0,2405.0,22908861.0,63849.0,9525.51392931393,26.548440748440747
2501,"CPi, vl","Caudoputamen- intermediate, ventrolateral",160.0,216.0,248.0,48243.0,2492.0,CPi,,8.0,,243798.0,4.87596,STR,vl,False,,0.0,0.0,12946.0,121336808.0,352805.0,9372.532674185077,27.2520469643133
2479,"CPi, vl, imv","Caudoputamen- intermediate, ventrolateral, intermedial ventral",160.0,216.0,248.0,48244.0,2501.0,"CPi, vl",,9.0,47738.0,47738.0,0.95476,STR,imv,False,2111.0,20340675.0,55933.0,2111.0,20340675.0,55933.0,9635.563713879677,26.495973472288014
2482,"CPi, vl, v","Caudoputamen- intermediate, ventrolateral, ventral",160.0,216.0,248.0,48245.0,2501.0,"CPi, vl",,9.0,59872.0,59872.0,1.19744,STR,v,False,2191.0,21098569.0,58788.0,2191.0,21098569.0,58788.0,9629.652670013693,26.83158375171155
2481,"CPi, vl, vt","Caudoputamen- intermediate, ventrolateral, ventral tip",160.0,216.0,248.0,48246.0,2501.0,"CPi, vl",,9.0,96368.0,96368.0,1.92736,STR,vt,False,5899.0,53624875.0,165679.0,5899.0,53624875.0,165679.0,9090.502627563994,28.08594677063909
2370,"CPi, vl, cvl","Caudoputamen- intermediate, ventrolateral, central ventrolateral",160.0,216.0,248.0,48247.0,2501.0,"CPi, vl",,9.0,39820.0,39820.0,0.7964,STR,cvl,False,2745.0,26272689.0,72405.0,2745.0,26272689.0,72405.0,9571.107103825136,26.37704918032787
2496,CPc,Caudoputamen- caudal,160.0,216.0,248.0,48250.0,672.0,CP,,7.0,,366526.0,7.33052,STR,CPc,True,,0.0,0.0,22633.0,231527005.0,581023.0,10229.62068660805,25.671497371095302
2493,"CPc, d","Caudoputamen- caudal, dorsal",160.0,216.0,248.0,48251.0,2496.0,CPc,,8.0,,109450.0,2.189,STR,d,False,,0.0,0.0,4799.0,45025130.0,122979.0,9382.190039591582,25.62596374244634
2519,"CPc, d_leaf","Caudoputamen- caudal, dorsal, leaf",160.0,216.0,248.0,48251.0,2493.0,"CPc, d",,9.0,18592.0,18592.0,0.37184,STR,misc,False,508.0,3940630.0,12979.0,508.0,3940630.0,12979.0,7757.145669291339,25.549212598425196
2484,"CPc, d, dm","Caudoputamen- caudal, dorsal, dorsomedial",160.0,216.0,248.0,48252.0,2493.0,"CPc, d",,9.0,32876.0,32876.0,0.65752,STR,dm,False,1130.0,9252517.0,28968.0,1130.0,9252517.0,28968.0,8188.06814159292,25.635398230088494
2485,"CPc, d, dl","Caudoputamen- caudal, dorsal, dorsolateral",160.0,216.0,248.0,48253.0,2493.0,"CPc, d",,9.0,38318.0,38318.0,0.76636,STR,dl,False,1478.0,13759878.0,38417.0,1478.0,13759878.0,38417.0,9309.795669824087,25.99255751014885
2486,"CPc, d, vm","Caudoputamen- caudal, dorsal, ventromedial",160.0,216.0,248.0,48254.0,2493.0,"CPc, d",,9.0,19664.0,19664.0,0.39328,STR,vm,False,1683.0,18072105.0,42615.0,1683.0,18072105.0,42615.0,10738.030303030304,25.32085561497326
2494,"CPc, i","Caudoputamen- caudal, intermediate",160.0,216.0,248.0,48255.0,2496.0,CPc,,8.0,,176034.0,3.52068,STR,i,False,,0.0,0.0,11875.0,124993488.0,299884.0,10525.767410526316,25.253389473684212
2517,"CPc, i_leaf","Caudoputamen- caudal, intermediate, leaf",160.0,216.0,248.0,48255.0,2494.0,"CPc, i",,9.0,49130.0,49130.0,0.9826,STR,misc,False,3860.0,37504715.0,96191.0,3860.0,37504715.0,96191.0,9716.247409326425,24.919948186528497
2487,"CPc, i, d","Caudoputamen- caudal, intermediate, dorsal",160.0,216.0,248.0,48256.0,2494.0,"CPc, i",,9.0,48506.0,48506.0,0.97012,STR,d,False,2667.0,28375352.0,66795.0,2667.0,28375352.0,66795.0,10639.427071616048,25.044994375703038
2489,"CPc, i, vm","Caudoputamen- caudal, intermediate, ventromedial",160.0,216.0,248.0,48257.0,2494.0,"CPc, i",,9.0,37282.0,37282.0,0.74564,STR,vm,False,3492.0,39028267.0,88862.0,3492.0,39028267.0,88862.0,11176.479667812142,25.447308132875143
2488,"CPc, i, vl","Caudoputamen- caudal, intermediate, ventrolateral",160.0,216.0,248.0,48258.0,2494.0,"CPc, i",,9.0,41116.0,41116.0,0.82232,STR,vl,False,1856.0,20085154.0,48036.0,1856.0,20085154.0,48036.0,10821.742456896553,25.88146551724138
2490,"CPc, v","Caudoputamen- caudal, ventral",160.0,216.0,248.0,48259.0,2496.0,CPc,,8.0,81042.0,81042.0,1.62084,STR,v,False,5959.0,61508387.0,158160.0,5959.0,61508387.0,158160.0,10321.93102869609,26.54136600100688
2495,CPce,Caudoputamen- caudal extreme,160.0,216.0,248.0,48260.0,672.0,CP,,7.0,36356.0,36356.0,0.72712,STR,CPce,True,3659.0,30976512.0,89380.0,3659.0,30976512.0,89380.0,8465.840940147582,24.427439191035802
2001,LSS,Lateral stripe of the striatum ,160.0,216.0,248.0,48296.0,672.0,CP,,7.0,5190.0,5190.0,0.1038,STR,LSS,True,468.0,4132243.0,12511.0,468.0,4132243.0,12511.0,8829.57905982906,26.732905982905983
2050,ASt ,Amygdalostriatal transition area,160.0,216.0,248.0,48297.0,672.0,CP,,7.0,15416.0,15416.0,0.30832,STR,ASt ,True,1727.0,16948998.0,44256.0,1727.0,16948998.0,44256.0,9814.127388535031,25.62594093804285
493,STRv,Striatum ventral region,160.0,232.0,232.0,48300.0,477.0,STR,,5.0,,535002.0,10.70004,STR,STRv,False,,0.0,0.0,61222.0,538169642.0,1648766.0,8790.461631439679,26.930939858220903
602,STRv_leaf,"Striatum ventral region, leaf",160.0,232.0,232.0,48300.0,493.0,STRv,,6.0,15208.0,15208.0,0.30416,STR,misc,False,1730.0,12914864.0,50905.0,1730.0,12914864.0,50905.0,7465.239306358381,29.42485549132948
56,Acb,Accumbens nucleus,160.0,232.0,224.0,48400.0,493.0,STRv,,6.0,,240196.0,4.80392,STR,Acb,False,,0.0,0.0,32720.0,289347263.0,861371.0,8843.13150977995,26.3255195599022
2074,AcbC,"Accumbens nucleus, core region",160.0,232.0,224.0,48410.0,56.0,Acb,,7.0,102788.0,102788.0,2.05576,STR,AcbC,True,16683.0,149055338.0,430292.0,16683.0,149055338.0,430292.0,8934.564406881256,25.792243601270755
2006,AcbSh,"Accumbens nucleus, shell region",160.0,232.0,224.0,48420.0,56.0,Acb,,7.0,86994.0,86994.0,1.73988,STR,AcbSh,True,9508.0,86598466.0,259754.0,9508.0,86598466.0,259754.0,9107.958140513252,27.319520403870424
2007,LAcbSh,"Lateral accumbens, shell region",160.0,232.0,224.0,48430.0,56.0,Acb,,7.0,50414.0,50414.0,1.00828,STR,LAcbSh,True,6529.0,53693459.0,171325.0,6529.0,53693459.0,171325.0,8223.841170163883,26.24061877776076
998,IPAC,Interstitial nucleus of the posterior limb of the anterior commissure,160.0,228.0,224.0,48500.0,493.0,STRv,,6.0,,53556.0,1.07112,STR,IPAC,True,,0.0,0.0,5479.0,50793860.0,147248.0,9270.644278152948,26.874977185617812
1987,IPAC_leaf,"Interstitial nucleus of the posterior limb of the anterior commissure, leaf",160.0,228.0,224.0,48500.0,998.0,IPAC,,7.0,2826.0,2826.0,0.05652,STR,misc,False,248.0,2125764.0,6714.0,248.0,2125764.0,6714.0,8571.629032258064,27.072580645161292
2012,IPACM,"Interstitial nucleus of the posterior limb of the anterior commissure, medial part",160.0,228.0,224.0,48510.0,998.0,IPAC,,7.0,16792.0,16792.0,0.33584,STR,M,False,1627.0,15096118.0,42999.0,1627.0,15096118.0,42999.0,9278.499078057775,26.42839582052858
2372,IPACL,"Interstitial nucleus of the posterior limb of the anterior commissure, lateral part",160.0,228.0,224.0,48520.0,998.0,IPAC,,7.0,33938.0,33938.0,0.67876,STR,L,False,3604.0,33571978.0,97535.0,3604.0,33571978.0,97535.0,9315.199223085461,27.062985571587124
730,Tu_leaf,"Olfactory tubercle, leaf",160.0,224.0,224.0,48600.0,754.0,Tu,,7.0,17418.0,17418.0,0.34836,STR,Main,False,1236.0,12570362.0,34100.0,1236.0,12570362.0,34100.0,10170.195792880259,27.588996763754047
754,Tu,Olfactory tubercle,160.0,224.0,224.0,48600.0,493.0,STRv,,6.0,,226042.0,4.52084,STR,Tu,True,,0.0,0.0,21293.0,185113655.0,589242.0,8693.638989339219,27.673038087634435
481,ICj,Island of Calleja,160.0,224.0,224.0,48700.0,754.0,Tu,,7.0,2320.0,2320.0,0.0464,STR,ICj,False,175.0,1348786.0,4893.0,175.0,1348786.0,4893.0,7707.348571428572,27.96
489,ICjM,"Island of Calleja, major island",160.0,224.0,224.0,48800.0,754.0,Tu,,7.0,2586.0,2586.0,0.05172,STR,ICjM,False,98.0,707053.0,3188.0,98.0,707053.0,3188.0,7214.826530612245,32.53061224489796
458,Tu1,Olfactory tubercle 1 ,160.0,224.0,224.0,49000.0,754.0,Tu,,7.0,66470.0,66470.0,1.3294,STR,1,False,8271.0,71461847.0,229721.0,8271.0,71461847.0,229721.0,8640.04920807641,27.774271551202997
465,Tu2,Olfactory tubercle 2,160.0,224.0,224.0,49100.0,754.0,Tu,,7.0,45804.0,45804.0,0.91608,STR,2,False,4038.0,33764999.0,111025.0,4038.0,33764999.0,111025.0,8361.812530955918,27.495047052996533
473,Tu3,Olfactory tubercle 3,160.0,224.0,224.0,49200.0,754.0,Tu,,7.0,85950.0,85950.0,1.719,STR,3,False,7122.0,62560155.0,195740.0,7122.0,62560155.0,195740.0,8784.071187868576,27.483852850322943
2018,Nv,Navicular nucleus of the basal forebrain,160.0,224.0,224.0,49210.0,754.0,Tu,,7.0,5494.0,5494.0,0.10988,STR,Nv,False,353.0,2700453.0,10575.0,353.0,2700453.0,10575.0,7650.008498583569,29.957507082152976
275,LSX,Lateral septal complex,160.0,239.0,232.0,49300.0,477.0,STR,,5.0,,217560.0,4.3512,STR,LSX,False,,0.0,0.0,5451.0,41861560.0,163939.0,7679.611080535681,30.075032104201064
242,LS,Lateral septal nucleus,153.0,239.0,232.0,49400.0,275.0,LSX,,6.0,,172912.0,3.45824,STR,LS,True,,0.0,0.0,3995.0,28968206.0,119539.0,7251.115394242804,29.92215269086358
250,LSD,"Lateral septal nucleus, dorsal part",153.0,237.0,232.0,49500.0,242.0,LS,,7.0,32840.0,32840.0,0.6568,STR,D,False,246.0,1966508.0,7600.0,246.0,1966508.0,7600.0,7993.934959349594,30.89430894308943
258,LSI,"Lateral septal nucleus, intermediate part",153.0,237.0,233.0,49600.0,242.0,LS,,7.0,111374.0,111374.0,2.22748,STR,I,False,3214.0,23411675.0,96823.0,3214.0,23411675.0,96823.0,7284.279713752334,30.125388923459862
266,LSV,"Lateral septal nucleus, ventral part",153.0,237.0,234.0,49700.0,242.0,LS,,7.0,27276.0,27276.0,0.54552,STR,V,False,521.0,3524596.0,14760.0,521.0,3524596.0,14760.0,6765.059500959693,28.330134357005758
2008,ZL,Zona limitans,153.0,237.0,234.0,49710.0,242.0,LS,,7.0,1422.0,1422.0,0.02844,STR,ZL,False,14.0,65427.0,356.0,14.0,65427.0,356.0,4673.357142857143,25.428571428571427
310,SFi ,Septofimbrial nucleus,147.0,239.0,232.0,49800.0,275.0,LSX,,6.0,20678.0,20678.0,0.41356,STR,SFi ,True,817.0,8507882.0,26388.0,817.0,8507882.0,26388.0,10413.564259485924,32.29865361077111
333,SHi ,Septohippocampal nucleus,139.0,239.0,232.0,49900.0,275.0,LSX,,6.0,5224.0,5224.0,0.10448,STR,SHi ,True,203.0,1220802.0,5704.0,203.0,1220802.0,5704.0,6013.8029556650245,28.098522167487683
2009,SHy ,Septohypothalamic nucleus,139.0,239.0,232.0,49910.0,275.0,LSX,,6.0,18746.0,18746.0,0.37492,STR,SHy ,True,436.0,3164670.0,12308.0,436.0,3164670.0,12308.0,7258.417431192661,28.229357798165136
278,sAMY,Striatum-like amygdalar nuclei,160.0,208.0,232.0,50000.0,477.0,STR,,5.0,,173734.0,3.47468,STR,sAMY,False,,0.0,0.0,19335.0,230820597.0,519328.0,11937.967261442978,26.859477631238686
23,AA,Anterior amygdaloid area,186.0,208.0,248.0,50100.0,278.0,sAMY,,6.0,44786.0,44786.0,0.89572,STR,AA,True,5076.0,61023322.0,138129.0,5076.0,61023322.0,138129.0,12021.931048069346,27.212174940898347
292,BAOT,Bed nucleus of the accessory olfactory tract,160.0,208.0,232.0,50200.0,278.0,sAMY,,6.0,1400.0,1400.0,0.028,STR,BAOT,True,82.0,1244063.0,2497.0,82.0,1244063.0,2497.0,15171.5,30.451219512195124
536,Ce,Central amygdalar nucleus,171.0,208.0,248.0,50300.0,278.0,sAMY,,6.0,,51888.0,1.03776,STR,Ce,True,,0.0,0.0,7032.0,87670743.0,193222.0,12467.398037542662,27.477531285551763
544,CeC,"Central amygdaloid nucleus, capsular part",171.0,209.0,248.0,50400.0,536.0,Ce,,7.0,11330.0,11330.0,0.2266,STR,CeC,False,1366.0,18173741.0,37417.0,1366.0,18173741.0,37417.0,13304.349194729137,27.39165446559297
551,CeL,"Central amygdaloid nucleus, lateral part",171.0,209.0,249.0,50500.0,536.0,Ce,,7.0,17114.0,17114.0,0.34228,STR,CeL,False,1976.0,22201567.0,53259.0,1976.0,22201567.0,53259.0,11235.610829959514,26.952935222672064
559,CeM,"Central amygdaloid nucleus, medial part",171.0,209.0,250.0,50600.0,536.0,Ce,,7.0,23444.0,23444.0,0.46888,STR,CeM,False,3690.0,47295435.0,102546.0,3690.0,47295435.0,102546.0,12817.19105691057,27.790243902439023
2507,I_leaf,"Intercalated nuclei of the amygdala, leaf",184.0,208.0,248.0,50700.0,1105.0,I,,7.0,4580.0,4580.0,0.0916,STR,misc,False,523.0,5580076.0,13074.0,523.0,5580076.0,13074.0,10669.36137667304,24.998087954110897
1105,I,Intercalated nuclei of the amygdala,184.0,208.0,248.0,50700.0,278.0,sAMY,,6.0,,6778.0,0.13556,STR,I,True,,0.0,0.0,767.0,8421772.0,19378.0,10980.146023468058,25.264667535853977
2375,IM,"Intercalated amygdalar nucleus, main part",184.0,208.0,248.0,50710.0,1105.0,I,,7.0,2198.0,2198.0,0.04396,STR,IM,False,244.0,2841696.0,6304.0,244.0,2841696.0,6304.0,11646.295081967213,25.83606557377049
403,Me,Medial amygdaloid nucleus,176.0,208.0,248.0,50800.0,278.0,sAMY,,6.0,,68882.0,1.37764,STR,Me,True,,0.0,0.0,6378.0,72460697.0,166102.0,11361.037472561931,26.04296017560364
411,MeAD,"Medial amygdaloid nucleus, anterodorsal part",176.0,209.0,248.0,50900.0,403.0,Me,,7.0,11918.0,11918.0,0.23836,STR,AD,False,1737.0,18565310.0,44923.0,1737.0,18565310.0,44923.0,10688.146229130685,25.862406447898675
418,MeAV,"Medial amygdaloid nucleus, anterventral part",176.0,208.0,249.0,51000.0,403.0,Me,,7.0,4002.0,4002.0,0.08004,STR,AV,False,261.0,3282366.0,7153.0,261.0,3282366.0,7153.0,12576.114942528735,27.406130268199234
426,MePD,"Medial amygdaloid nucleus, posterodorsal part",176.0,208.0,250.0,51100.0,403.0,Me,,7.0,28136.0,28136.0,0.56272,STR,PD,False,2948.0,32672045.0,76059.0,2948.0,32672045.0,76059.0,11082.783242876527,25.80020352781547
435,MePV ,"Medial amygdaloid nucleus, posteroventral part",176.0,208.0,251.0,51500.0,403.0,Me,,7.0,24826.0,24826.0,0.49652,STR,PV,False,1432.0,17940976.0,37967.0,1432.0,17940976.0,37967.0,12528.614525139665,26.51326815642458
803,PAL,Pallidum,160.0,200.0,176.0,51600.0,623.0,CNU,,4.0,,496540.0,9.9308,PAL,PAL,False,,0.0,0.0,53709.0,524765421.0,1477812.0,9770.530469753672,27.515165056135842
1022,GP,Globus pallidus,160.0,216.0,177.0,51800.0,803.0,PAL,,5.0,110072.0,110072.0,2.20144,PAL,GP,True,11072.0,104198550.0,290818.0,11072.0,104198550.0,290818.0,9410.996206647398,26.266076589595375
1031,EP,Entopeduncular nucleus,160.0,216.0,178.0,51900.0,803.0,PAL,,5.0,10818.0,10818.0,0.21636,PAL,EP,True,917.0,5901680.0,23130.0,917.0,5901680.0,23130.0,6435.856052344602,25.223555070883314
835,VeP,Ventral pallidum,160.0,208.0,176.0,52000.0,803.0,PAL,,5.0,,110352.0,2.20704,PAL,VeP,True,,0.0,0.0,12259.0,126756501.0,337452.0,10339.872828126274,27.526878211925933
1163,VeP_leaf,"Ventral pallidum, leaf",160.0,208.0,176.0,52000.0,835.0,VeP,,6.0,107228.0,107228.0,2.14456,PAL,misc,False,11923.0,123195013.0,328340.0,11923.0,123195013.0,328340.0,10332.551622913696,27.538371215298163
342,SI,Substantia innominata,152.0,208.0,176.0,52100.0,803.0,PAL,,5.0,,74182.0,1.48364,PAL,SI,True,,0.0,0.0,10026.0,106947208.0,273605.0,10666.986634749652,27.289547177338918
2371,SIB,"Substantia innominata, basal part",152.0,208.0,176.0,52110.0,342.0,SI,,6.0,12268.0,12268.0,0.24536,PAL,SIB,False,1688.0,16143833.0,45090.0,1688.0,16143833.0,45090.0,9563.882109004739,26.71208530805687
2027,EA,Extension of the amygdala,152.0,208.0,176.0,52120.0,342.0,SI,,6.0,55530.0,55530.0,1.1106,PAL,EA,False,7677.0,84359744.0,210318.0,7677.0,84359744.0,210318.0,10988.634101862706,27.3958577569363
2013,CB,Cell bridges of the ventral striatum,160.0,228.0,224.0,52130.0,342.0,SI,,6.0,6384.0,6384.0,0.12768,PAL,CB,False,661.0,6443631.0,18197.0,661.0,6443631.0,18197.0,9748.307110438729,27.529500756429652
298,MCPO,Magnocellular nucleus,162.0,208.0,176.0,52200.0,835.0,VeP,,6.0,,0.0,0.0,PAL,MCPO,False,,0.0,0.0,0.0,0.0,0.0,,
2028,B,Basal nucleus (Meynert),162.0,208.0,176.0,52210.0,835.0,VeP,,6.0,3124.0,3124.0,0.06248,PAL,B,False,336.0,3561488.0,9112.0,336.0,3561488.0,9112.0,10599.666666666666,27.11904761904762
826,PALm,"Pallidum, medial region",160.0,224.0,176.0,52300.0,803.0,PAL,,5.0,,95750.0,1.915,PAL,PALm,False,,0.0,0.0,10995.0,105857337.0,326773.0,9627.770532060027,29.720145520691222
904,MSC,Medial septal complex,160.0,224.0,176.0,52400.0,826.0,PALm,,6.0,,84720.0,1.6944,PAL,MSC,True,,0.0,0.0,10652.0,102785387.0,316619.0,9649.397953435975,29.72390161472024
1965,MS_leaf,"Medial septal nucleus, leaf",118.0,224.0,176.0,52500.0,564.0,MS,,8.0,13320.0,13320.0,0.2664,PAL,misc,False,1675.0,17200038.0,58405.0,1675.0,17200038.0,58405.0,10268.679402985075,34.86865671641791
564,MS,Medial septal nucleus,118.0,224.0,176.0,52500.0,904.0,MSC,,7.0,,16126.0,0.32252,PAL,MS,False,,0.0,0.0,1940.0,19732569.0,66881.0,10171.427319587629,34.47474226804124
2005,Ld,Lambdoid septal zone,118.0,224.0,176.0,52510.0,564.0,MS,,8.0,2806.0,2806.0,0.05612,PAL,Ld,False,265.0,2532531.0,8476.0,265.0,2532531.0,8476.0,9556.720754716982,31.984905660377358
2280,NDB,Diagonal band nucleus,138.0,224.0,176.0,52600.0,904.0,MSC,,7.0,,68594.0,1.37188,PAL,NDB,False,,0.0,0.0,8712.0,83052818.0,249738.0,9533.151744719926,28.665977961432507
596,VDB,Nucleus of the vertical limb of the diagonal band,138.0,224.0,176.0,52610.0,2280.0,NDB,,8.0,14574.0,14574.0,0.29148,PAL,VDB,False,1965.0,15670918.0,61929.0,1965.0,15670918.0,61929.0,7975.021882951654,31.516030534351145
2293,LDB,Lateral nucleus of the diagnoal band,138.0,224.0,176.0,52620.0,2280.0,NDB,,8.0,19524.0,19524.0,0.39048,PAL,LDB,False,2675.0,32178331.0,75797.0,2675.0,32178331.0,75797.0,12029.28261682243,28.33532710280374
2004,HDB,Nucleus of the horizontal limb of the diagonal band,138.0,224.0,176.0,52630.0,2280.0,NDB,,8.0,34496.0,34496.0,0.68992,PAL,HDB,False,4072.0,35203569.0,112012.0,4072.0,35203569.0,112012.0,8645.277259332024,27.507858546168958
581,TS,Triangular septal nucleus,128.0,224.0,176.0,52700.0,826.0,PALm,,6.0,11030.0,11030.0,0.2206,PAL,TS,True,343.0,3071950.0,10154.0,343.0,3071950.0,10154.0,8956.122448979591,29.603498542274053
809,PALc,"Pallidum, caudal region",160.0,190.0,176.0,52800.0,803.0,PAL,,5.0,,95366.0,1.90732,PAL,PALc,False,,0.0,0.0,8440.0,75104145.0,226034.0,8898.59537914692,26.78127962085308
2308,SM,Nucleus of stria medullaris,160.0,190.0,176.0,52810.0,809.0,PALc,,6.0,1582.0,1582.0,0.03164,PAL,SM,True,134.0,955544.0,3567.0,134.0,955544.0,3567.0,7130.925373134329,26.619402985074625
351,ST,Bed nuclei of the stria terminalis,160.0,190.0,160.0,52900.0,809.0,PALc,,6.0,,92844.0,1.85688,PAL,ST,True,,0.0,0.0,8271.0,73931084.0,221474.0,8938.590738725668,26.77717325595454
359,STa,"Bed nuclei of the stria terminalis, anterior division",160.0,190.0,161.0,53000.0,351.0,ST,,7.0,,20538.0,0.41076,PAL,STa,False,,0.0,0.0,1462.0,11758531.0,40291.0,8042.770861833105,27.558823529411764
537,STMAL,"Bed nucleus of the stria terminalis, medial division, anterolateral part",160.0,190.0,161.0,53100.0,359.0,STa,,8.0,1662.0,1662.0,0.03324,PAL,STMAL,False,96.0,854219.0,2792.0,96.0,854219.0,2792.0,8898.114583333334,29.083333333333332
498,STMA,"Bed nucleus of the stria terminalis, medial division, anterior part",160.0,190.0,161.0,53200.0,359.0,STa,,8.0,6574.0,6574.0,0.13148,PAL,STMA,False,258.0,1491695.0,7134.0,258.0,1491695.0,7134.0,5781.763565891473,27.651162790697676
513,Fu,"Bed nuclei of the stria terminalis, fusiform nucleus",160.0,190.0,161.0,53400.0,359.0,STa,,8.0,622.0,622.0,0.01244,PAL,Fu,False,54.0,538771.0,1532.0,54.0,538771.0,1532.0,9977.24074074074,28.37037037037037
546,STLJ,"Bed nucleus of the stria terminalis, lateral division, juxtacapsular part",160.0,190.0,161.0,53500.0,359.0,STa,,8.0,942.0,942.0,0.01884,PAL,J,False,78.0,648816.0,2155.0,78.0,648816.0,2155.0,8318.153846153846,27.628205128205128
554,STLD,"Bed nucleus of the stria terminalis, lateral division, dorsal part",160.0,190.0,161.0,53700.0,359.0,STa,,8.0,3264.0,3264.0,0.06528,PAL,D,False,240.0,2021691.0,6424.0,240.0,2021691.0,6424.0,8423.7125,26.766666666666666
529,STMPL,"Bed nucleus of the stria terminalis, medial division, posterolateral part",160.0,190.0,161.0,53900.0,359.0,STa,,8.0,7474.0,7474.0,0.14948,PAL,PL,False,736.0,6203339.0,20254.0,736.0,6203339.0,20254.0,8428.44972826087,27.519021739130434
2359,STm,"Bed nuclei of the stria terminalis, medial division",160.0,190.0,161.0,53910.0,351.0,ST,,7.0,,19284.0,0.38568,PAL,STm,False,,0.0,0.0,1371.0,10134668.0,37373.0,7392.172137126186,27.259664478482858
2010,STMV,"Bed nucleus of the stria terminalis, medial division, ventral part",160.0,190.0,161.0,53920.0,2359.0,STm,,8.0,7820.0,7820.0,0.1564,PAL,V,False,463.0,3298039.0,13146.0,463.0,3298039.0,13146.0,7123.194384449244,28.393088552915767
2025,STMPM,"Bed nucleus of the stria terminalis, medial division, posteromedial part",160.0,190.0,168.0,53930.0,2359.0,STm,,8.0,11464.0,11464.0,0.22928,PAL,PM,False,908.0,6836629.0,24227.0,908.0,6836629.0,24227.0,7529.327092511013,26.681718061674008
367,STp,"Bed nuclei of the stria terminalis, posterior division",160.0,190.0,168.0,54000.0,351.0,ST,,7.0,,10486.0,0.20972,PAL,STp,False,,0.0,0.0,954.0,7543181.0,25532.0,7906.898322851153,26.763102725366878
578,STMAM,"Bed nucleus of the stria terminalis, medial division, anteromedial part",160.0,190.0,168.0,54200.0,367.0,STp,,8.0,612.0,612.0,0.01224,PAL,AM,False,15.0,124102.0,383.0,15.0,124102.0,383.0,8273.466666666667,25.533333333333335
585,STMPI,"Bed nucleus of the stria terminalis, medial division, posterointermediate part",160.0,190.0,168.0,54300.0,367.0,STp,,8.0,9874.0,9874.0,0.19748,PAL,PI,False,939.0,7419079.0,25149.0,939.0,7419079.0,25149.0,7901.042598509052,26.782747603833865
2360,STl,"Bed nuclei of the stria terminialis, lateral division",160.0,190.0,168.0,54510.0,351.0,ST,,7.0,,19566.0,0.39132,PAL,STl,False,,0.0,0.0,1966.0,17770664.0,54707.0,9038.99491353001,27.8265513733469
2015,STLP,"Bed nuclus of the stria terminalis, lateral division, posterior part",160.0,190.0,168.0,54520.0,2360.0,STl,,8.0,9732.0,9732.0,0.19464,PAL,LP,False,971.0,9179437.0,27071.0,971.0,9179437.0,27071.0,9453.59114315139,27.879505664263647
2014,STLV,"Bed nucleus of the stria terminalis, lateral division, ventral part ",160.0,190.0,168.0,54530.0,2360.0,STl,,8.0,7750.0,7750.0,0.155,PAL,LV,False,835.0,7257303.0,23353.0,835.0,7257303.0,23353.0,8691.380838323354,27.96766467065868
2022,STLI,"Bed nucleus of the stria terminalis, lateral division, intermediate part",160.0,190.0,168.0,54540.0,2360.0,STl,,8.0,2084.0,2084.0,0.04168,PAL,LI,False,160.0,1333924.0,4283.0,160.0,1333924.0,4283.0,8337.025,26.76875
2049,STIA,"Bed nucleus of the stria terminalis, intraamygdaloid",160.0,190.0,168.0,54550.0,351.0,ST,,7.0,22970.0,22970.0,0.4594,PAL,STIA,False,2518.0,26724040.0,63571.0,2518.0,26724040.0,63571.0,10613.200953137411,25.246624305003973
287,BAC,Bed nucleus of the anterior commissure,160.0,190.0,152.0,54600.0,809.0,PALc,,6.0,940.0,940.0,0.0188,PAL,BAC,True,35.0,217517.0,993.0,35.0,217517.0,993.0,6214.771428571428,28.37142857142857
512,CBL,Cerebellum,240.0,255.0,160.0,54700.0,8.0,grey,,2.0,,2660406.0,53.20812,,CBL,False,,0.0,0.0,172216.0,1229351232.0,4218680.0,7138.426348306778,24.496446323222
528,CBX,Cerebellar cortex,240.0,240.0,128.0,54800.0,512.0,CBL,,3.0,,2567686.0,51.35372,,CBX,False,,0.0,0.0,163357.0,1163348197.0,4000871.0,7121.508089644153,24.4915797914996
645,VERM,Vermal regions,240.0,242.0,128.0,54900.0,528.0,CBX,,4.0,,1030764.0,20.61528,VERM,VERM,False,,0.0,0.0,59962.0,361419574.0,1452151.0,6027.476968746873,24.217854641272805
912,1Cb,Lobule 1 of the cerebellar vermis,240.0,242.0,128.0,55000.0,645.0,VERM,,5.0,,7706.0,0.15412,VERM,1Cb,False,,0.0,0.0,273.0,1342167.0,6495.0,4916.3626373626375,23.791208791208792
10707,1Cb-mo,"Lobule 1 of the cerebellar vermis, molecular layer",240.0,242.0,128.0,55100.0,912.0,1Cb,,6.0,3414.0,3414.0,0.06828,VERM,mo,False,97.0,463875.0,2265.0,97.0,463875.0,2265.0,4782.216494845361,23.350515463917525
10705,1Cb-gr,"Lobule 1 of the cerebellar vermis, granular layer",227.0,219.0,97.0,55300.0,912.0,1Cb,,6.0,4292.0,4292.0,0.08584,VERM,gr,False,176.0,878292.0,4230.0,176.0,878292.0,4230.0,4990.295454545455,24.03409090909091
976,2Cb,Lobule 2 of the cerebellar vermis,240.0,242.0,128.0,55500.0,645.0,VERM,,5.0,,84094.0,1.68188,VERM,2Cb,False,,0.0,0.0,3633.0,21651870.0,88029.0,5959.777043765483,24.230388109000828
10710,2Cb-mo,"Lobule 2 of the cerebellar vermis, molecular layer",240.0,242.0,128.0,55600.0,976.0,2Cb,,6.0,48924.0,48924.0,0.97848,VERM,mo,False,2066.0,11176986.0,48694.0,2066.0,11176986.0,48694.0,5409.964181994192,23.56921587608906
10708,2Cb-gr,"Lobule 2 of the cerebellar vermis, granular layer",227.0,219.0,97.0,55800.0,976.0,2Cb,,6.0,35170.0,35170.0,0.7034,VERM,gr,False,1567.0,10474884.0,39335.0,1567.0,10474884.0,39335.0,6684.67389917039,25.102105934907467
984,3Cb,Lobule 3 of the cerebellar vermis,240.0,242.0,128.0,55900.0,645.0,VERM,,5.0,,110064.0,2.20128,VERM,3Cb,False,,0.0,0.0,5869.0,35166155.0,139195.0,5991.847844607259,23.716987561765208
10713,3Cb-mo,"Lobule 3 of the cerebellar vermis, molecular layer",240.0,242.0,128.0,56000.0,984.0,3Cb,,6.0,69064.0,69064.0,1.38128,VERM,mo,False,3644.0,20915479.0,85299.0,3644.0,20915479.0,85299.0,5739.7033479692645,23.408068057080133
10711,3Cb-gr,"Lobule 3 of the cerebellar vermis, granular layer",227.0,219.0,97.0,56200.0,984.0,3Cb,,6.0,41000.0,41000.0,0.82,VERM,gr,False,2225.0,14250676.0,53896.0,2225.0,14250676.0,53896.0,6404.798202247191,24.222921348314607
928,CUL,Culmen,240.0,242.0,128.0,56300.0,645.0,VERM,,5.0,,316188.0,6.32376,VERM,CUL,False,,0.0,0.0,18181.0,111781650.0,440855.0,6148.267422033991,24.248116165227437
992,4Cb,Lobule 4 of the cerebellar vermis,240.0,242.0,128.0,56400.0,928.0,CUL,,6.0,304.0,304.0,0.00608,VERM,4,False,2.0,11899.0,60.0,2.0,11899.0,60.0,5949.5,30.0
1001,5Cb,Lobule 5 of the cerebellar vermis,240.0,242.0,128.0,56800.0,928.0,CUL,,6.0,,0.0,0.0,VERM,5,False,,0.0,0.0,0.0,0.0,0.0,,
1091,4/5Cb,Lobules 4 and 5 of the cerebellar vermis,240.0,242.0,128.0,57200.0,928.0,CUL,,6.0,,315884.0,6.31768,VERM,4.5,False,,0.0,0.0,18179.0,111769751.0,440795.0,6148.289289839925,24.24748335992079
10722,4/5Cb-mo,"Lobules 4 and 5 of the cerebellar vermis, molecular layer",240.0,242.0,128.0,57300.0,1091.0,4/5Cb,,7.0,187076.0,187076.0,3.74152,VERM,mo,False,11758.0,71403923.0,284599.0,11758.0,71403923.0,284599.0,6072.794948120429,24.204711685660826
10720,4/5Cb-gr,"Lobules 4 and 5 of the cerebellar vermis, granular layer",227.0,219.0,97.0,57500.0,1091.0,4/5Cb,,7.0,128808.0,128808.0,2.57616,VERM,gr,False,6421.0,40365828.0,156196.0,6421.0,40365828.0,156196.0,6286.53293879458,24.325805949229093
936,6Cb,Lobule 6 of the cerebellar vermis,240.0,242.0,128.0,57600.0,645.0,VERM,,5.0,,219424.0,4.38848,VERM,6Cb,False,,0.0,0.0,13992.0,83491756.0,350991.0,5967.1066323613495,25.085120068610635
10725,6Cb-mo,"Lobule 6 of the cerebellar vermis, molecular layer",240.0,242.0,128.0,57700.0,936.0,6Cb,,6.0,152494.0,152494.0,3.04988,VERM,mo,False,11137.0,64847805.0,275766.0,11137.0,64847805.0,275766.0,5822.735476340127,24.761246296130018
10723,6Cb-gr,"Lobule 6 of the cerebellar vermis, granular layer",227.0,219.0,97.0,57900.0,936.0,6Cb,,6.0,66930.0,66930.0,1.3386,VERM,gr,False,2855.0,18643951.0,75225.0,2855.0,18643951.0,75225.0,6530.280560420315,26.34851138353765
944,7Cb,Lobule 7 of the cerebellar vermis,240.0,242.0,128.0,58000.0,645.0,VERM,,5.0,,46130.0,0.9226,VERM,7Cb,False,,0.0,0.0,2800.0,16834439.0,66785.0,6012.299642857143,23.851785714285715
10728,7Cb-mo,"Lobule 7 of the cerebellar vermis, molecular layer",240.0,242.0,128.0,58100.0,944.0,7Cb,,6.0,28854.0,28854.0,0.57708,VERM,mo,False,1653.0,9495259.0,39029.0,1653.0,9495259.0,39029.0,5744.258318209317,23.611010284331517
10726,7Cb-gr,"Lobule 7 of the cerebellar vermis, granular layer",227.0,219.0,97.0,58300.0,944.0,7Cb,,6.0,17276.0,17276.0,0.34552,VERM,gr,False,1147.0,7339180.0,27756.0,1147.0,7339180.0,27756.0,6398.587619877942,24.198779424585876
951,8Cb,Lobule 8 of the cerebellar vermis,240.0,242.0,128.0,58400.0,645.0,VERM,,5.0,,66714.0,1.33428,VERM,8Cb,False,,0.0,0.0,5171.0,32776086.0,121172.0,6338.442467607812,23.432991684393734
10731,8Cb-mo,"Lobule 8 of the cerebellar vermis, molecular layer",240.0,242.0,128.0,58500.0,951.0,8Cb,,6.0,37274.0,37274.0,0.74548,VERM,mo,False,3304.0,20737798.0,76760.0,3304.0,20737798.0,76760.0,6276.573244552058,23.232445520581113
10729,8Cb-gr,"Lobule 8 of the cerebellar vermis, granular layer",227.0,219.0,97.0,58700.0,951.0,8Cb,,6.0,29440.0,29440.0,0.5888,VERM,gr,False,1867.0,12038288.0,44412.0,1867.0,12038288.0,44412.0,6447.93144081414,23.787895018746653
957,9Cb,Lobule 9 of the cerebellar vermis,240.0,242.0,128.0,58800.0,645.0,VERM,,5.0,,111286.0,2.22572,VERM,9Cb,False,,0.0,0.0,7301.0,42822199.0,174573.0,5865.251198465963,23.910834132310644
10734,9Cb-mo,"Lobule 9 of the cerebellar vermis, molecular layer",240.0,242.0,128.0,58900.0,957.0,9Cb,,6.0,60420.0,60420.0,1.2084,VERM,mo,False,4508.0,24780275.0,106614.0,4508.0,24780275.0,106614.0,5496.955412599823,23.649955634427684
10732,9Cb-gr,"Lobule 9 of the cerebellar vermis, granular layer",227.0,219.0,97.0,59100.0,957.0,9Cb,,6.0,50866.0,50866.0,1.01732,VERM,gr,False,2793.0,18041924.0,67959.0,2793.0,18041924.0,67959.0,6459.693519513068,24.331901181525243
968,10Cb,Lobule 10 of the cerebellar vermis,240.0,242.0,128.0,59200.0,645.0,VERM,,5.0,,69158.0,1.38316,VERM,10Cb,False,,0.0,0.0,2742.0,15553252.0,64056.0,5672.229029905178,23.36105032822757
10737,10Cb-mo,"Lobule 10 of the cerebellar vermis, molecular layer",240.0,242.0,128.0,59300.0,968.0,10Cb,,6.0,34412.0,34412.0,0.68824,VERM,mo,False,1414.0,7482755.0,32444.0,1414.0,7482755.0,32444.0,5291.90594059406,22.944837340876944
10735,10Cb-gr,"Lobule 10 of the cerebellar vermis, granular layer",227.0,219.0,97.0,59500.0,968.0,10Cb,,6.0,34746.0,34746.0,0.69492,VERM,gr,False,1328.0,8070497.0,31612.0,1328.0,8070497.0,31612.0,6077.181475903614,23.80421686746988
1073,HEM,Hemispheric regions,240.0,241.0,128.0,59600.0,528.0,CBX,,4.0,,1536922.0,30.73844,HEM,HEM,False,,0.0,0.0,103395.0,801928623.0,2548720.0,7755.971014072247,24.650321582281542
1007,Sim,Simple lobule,240.0,241.0,128.0,59700.0,1073.0,HEM,,5.0,,267154.0,5.34308,HEM,Sim,False,,0.0,0.0,20915.0,152134953.0,532842.0,7273.963805880947,25.476547932106143
10674,Sim-mo,"Simple lobule, molecular layer",240.0,241.0,128.0,59800.0,1007.0,Sim,,6.0,172092.0,172092.0,3.44184,HEM,mo,False,14551.0,104068206.0,371138.0,14551.0,104068206.0,371138.0,7151.962476805717,25.506013332417016
10672,Sim-gr,"Simple lobule, granular layer",227.0,219.0,97.0,60000.0,1007.0,Sim,,6.0,95062.0,95062.0,1.90124,HEM,gr,False,6364.0,48066747.0,161704.0,6364.0,48066747.0,161704.0,7552.914362036455,25.409176618478945
1056,Crus1,Crus 1 of the ansiform lobule,240.0,241.0,128.0,60200.0,1073.0,HEM,,5.0,,265348.0,5.30696,HEM,Crus1,False,,0.0,0.0,22128.0,176297778.0,553048.0,7967.180856832972,24.993130874909617
10677,Crus1-mo,"Crus 1 of the ansiform lobule, molecular layer",240.0,241.0,128.0,60300.0,1056.0,Crus1,,6.0,189680.0,189680.0,3.7936,HEM,mo,False,17617.0,135383494.0,436569.0,17617.0,135383494.0,436569.0,7684.821138672873,24.78112050859965
10675,Crus1-gr,"Crus 1 of the ansiform lobule, granular layer",227.0,219.0,97.0,60500.0,1056.0,Crus1,,6.0,75668.0,75668.0,1.51336,HEM,gr,False,4511.0,40914284.0,116479.0,4511.0,40914284.0,116479.0,9069.89226335624,25.82110396807803
1064,Crus2,Crus 2 of the ansiform lobule,240.0,241.0,128.0,60600.0,1073.0,HEM,,5.0,,308184.0,6.16368,HEM,Crus2,False,,0.0,0.0,23631.0,187010546.0,573450.0,7913.780457873133,24.266852862765013
10680,Crus2-mo,"Crus 2 of the ansiform lobule, molecular layer",240.0,241.0,128.0,60700.0,1064.0,Crus2,,6.0,220886.0,220886.0,4.41772,HEM,mo,False,18838.0,144728041.0,455275.0,18838.0,144728041.0,455275.0,7682.771047881941,24.167905297802314
10678,Crus2-gr,"Crus 2 of the ansiform lobule, granular layer",227.0,219.0,97.0,60900.0,1064.0,Crus2,,6.0,87298.0,87298.0,1.74596,HEM,gr,False,4793.0,42282505.0,118175.0,4793.0,42282505.0,118175.0,8821.7202169831,24.655747965783434
1025,PM,Paramedian lobule,240.0,241.0,128.0,61000.0,1073.0,HEM,,5.0,,240934.0,4.81868,HEM,PM,False,,0.0,0.0,17626.0,143535489.0,416397.0,8143.395495291047,23.624021332123
10683,PM-mo,"Paramedian lobule, molecular layer",240.0,241.0,128.0,61100.0,1025.0,PM,,6.0,165148.0,165148.0,3.30296,HEM,mo,False,13450.0,108266840.0,314480.0,13450.0,108266840.0,314480.0,8049.579182156134,23.381412639405205
10681,PM-gr,"Paramedian lobule, granular layer",227.0,219.0,97.0,61300.0,1025.0,PM,,6.0,75786.0,75786.0,1.51572,HEM,gr,False,4176.0,35268649.0,101917.0,4176.0,35268649.0,101917.0,8445.55771072797,24.405411877394634
1033,Cop,Copula of the pyramis,240.0,241.0,128.0,61400.0,1073.0,HEM,,5.0,,101466.0,2.02932,HEM,Cop,False,,0.0,0.0,5498.0,37247456.0,127722.0,6774.728264823572,23.230629319752637
10686,Cop-mo,"Copula of the pyramis, molecular layer",240.0,241.0,128.0,61500.0,1033.0,Cop,,6.0,64568.0,64568.0,1.29136,HEM,mo,False,4058.0,25963172.0,93002.0,4058.0,25963172.0,93002.0,6398.021685559389,22.918186298669294
10684,Cop-gr,"Copula of the pyramis, granular layer",227.0,219.0,97.0,61700.0,1033.0,Cop,,6.0,36898.0,36898.0,0.73796,HEM,gr,False,1440.0,11284284.0,34720.0,1440.0,11284284.0,34720.0,7836.308333333333,24.11111111111111
1041,PFl,Paraflocculus,240.0,241.0,128.0,61800.0,1073.0,HEM,,5.0,,288372.0,5.76744,HEM,PFl,False,,0.0,0.0,10161.0,80500475.0,255753.0,7922.495325263261,25.17006200177148
10689,PFl-mo,"Paraflocculus, molecular layer",240.0,241.0,128.0,61900.0,1041.0,PFl,,6.0,152646.0,152646.0,3.05292,HEM,mo,False,6182.0,48070471.0,152552.0,6182.0,48070471.0,152552.0,7775.876900679392,24.676803623422842
10687,PFl-gr,"Paraflocculus, granular layer",227.0,219.0,97.0,62100.0,1041.0,PFl,,6.0,135726.0,135726.0,2.71452,HEM,gr,False,3979.0,32430004.0,103201.0,3979.0,32430004.0,103201.0,8150.2900226187485,25.936416184971097
1049,Fl,Flocculus,240.0,241.0,128.0,62200.0,1073.0,HEM,,5.0,,65464.0,1.30928,HEM,Fl,False,,0.0,0.0,3436.0,25201926.0,89508.0,7334.669965075669,26.050058207217695
10692,Fl-mo,"Flocculus, molecular layer",240.0,241.0,128.0,62300.0,1049.0,Fl,,6.0,35672.0,35672.0,0.71344,HEM,mo,False,1858.0,13443456.0,48168.0,1858.0,13443456.0,48168.0,7235.444564047363,25.92465016146394
10690,Fl-gr,"Flocculus, granular layer",227.0,219.0,97.0,62500.0,1049.0,Fl,,6.0,29792.0,29792.0,0.59584,HEM,gr,False,1578.0,11758470.0,41340.0,1578.0,11758470.0,41340.0,7451.501901140685,26.197718631178706
519,CBN,Cerebellar nuclei,240.0,240.0,144.0,62900.0,512.0,CBL,,3.0,,92720.0,1.8544,,CBN,False,,0.0,0.0,8859.0,66003035.0,217809.0,7450.393385257929,24.586183542160516
989,Med,Medial cerebellar nucleus,240.0,240.0,82.0,63000.0,519.0,CBN,,4.0,,25178.0,0.50356,Med,Med,False,,0.0,0.0,2261.0,21015365.0,57033.0,9294.721362229102,25.22467934542238
2196,Med_leaf,"Medial cerebellar nucleus, leaf",240.0,240.0,82.0,63000.0,989.0,Med,,5.0,16030.0,16030.0,0.3206,Med,misc,False,1309.0,11845028.0,32640.0,1309.0,11845028.0,32640.0,9048.913674560734,24.935064935064936
2244,MedDL,"Medial cerebellar nucleus, dorsolateral protuberance",240.0,240.0,82.0,63010.0,989.0,Med,,5.0,6976.0,6976.0,0.13952,Med,MedDL,False,616.0,6230105.0,15983.0,616.0,6230105.0,15983.0,10113.806818181818,25.946428571428573
2245,MedL,"Medial cerebellar nucleus, lateral part",240.0,240.0,82.0,63020.0,989.0,Med,,5.0,2172.0,2172.0,0.04344,Med,MedL,False,336.0,2940232.0,8410.0,336.0,2940232.0,8410.0,8750.690476190477,25.029761904761905
91,Int,Interposed cerebellar nucleus,240.0,240.0,82.0,63100.0,519.0,CBN,,4.0,,46518.0,0.93036,Int,Int,False,,0.0,0.0,4800.0,32887235.0,116418.0,6851.507291666667,24.25375
2239,IntA,"Interposed cerebellar nucleus, anterior part",240.0,240.0,82.0,63110.0,91.0,Int,,5.0,19562.0,19562.0,0.39124,Int,IntA,False,1334.0,8418562.0,31916.0,1334.0,8418562.0,31916.0,6310.76611694153,23.92503748125937
2240,IntDL,"Interposed cerebellar nucleus, dorsolateral hump",240.0,240.0,82.0,63120.0,91.0,Int,,5.0,4464.0,4464.0,0.08928,Int,IntDL,False,351.0,2018823.0,8325.0,351.0,2018823.0,8325.0,5751.6324786324785,23.71794871794872
2241,IntP,"Interposed cerebellar nucleus, posterior part",240.0,240.0,82.0,63130.0,91.0,Int,,5.0,18432.0,18432.0,0.36864,Int,IntP,False,2522.0,17622910.0,61308.0,2522.0,17622910.0,61308.0,6987.672482157018,24.309278350515463
2242,IntPPC,"Interposed cerebellar nucleus, posterior parvicellular",240.0,240.0,82.0,63140.0,91.0,Int,,5.0,4060.0,4060.0,0.0812,Int,IntPPC,False,593.0,4826940.0,14869.0,593.0,4826940.0,14869.0,8139.865092748735,25.074198988195615
2281,DN,Dentate nucleus ,240.0,240.0,82.0,63200.0,519.0,CBN,,4.0,,21024.0,0.42048,DN,DN,False,,0.0,0.0,1798.0,12100435.0,44358.0,6729.941601779756,24.67074527252503
846,Lat,Lateral (dentate) cerebellar nucleus,240.0,240.0,82.0,63210.0,2281.0,DN,,5.0,18326.0,18326.0,0.36652,DN,Lat,False,1380.0,8626635.0,33858.0,1380.0,8626635.0,33858.0,6251.184782608696,24.534782608695654
2247,LatPC,"Lateral cerebellar nucleus, parvicellular part",240.0,240.0,82.0,63220.0,2281.0,DN,,5.0,2698.0,2698.0,0.05396,DN,LatPC,False,418.0,3473800.0,10500.0,418.0,3473800.0,10500.0,8310.526315789473,25.119617224880383
343,BS,Brain stem,144.0,96.0,128.0,63300.0,8.0,grey,,2.0,,5635768.0,112.71536,,BS,False,,0.0,0.0,658247.0,5232389991.0,17068789.0,7948.976586296633,25.930674959399738
1129,IB,Interbrain,255.0,95.0,95.0,63400.0,343.0,BS,,3.0,,1827428.0,36.54856,,IB,False,,0.0,0.0,253621.0,2238140484.0,6459897.0,8824.74433899401,25.470670804073794
549,TH,Thalamus,255.0,112.0,128.0,63500.0,1129.0,IB,,4.0,,1034512.0,20.69024,TH,TH,False,,0.0,0.0,150438.0,1401270785.0,3861810.0,9314.606582113562,25.6704423084593
1378,TH_leaf,"Thalamus, leaf",255.0,112.0,128.0,63500.0,549.0,TH,,5.0,850.0,850.0,0.017,TH,misc,False,196.0,2373483.0,5607.0,196.0,2373483.0,5607.0,12109.607142857143,28.607142857142858
2414,PVG,Periventricular gray ,255.0,112.0,128.0,63510.0,549.0,TH,,5.0,15074.0,15074.0,0.30148,TH,PVG,True,1664.0,9723721.0,39557.0,1664.0,9723721.0,39557.0,5843.5823317307695,23.772235576923077
864,DORsm,"Thalamus, sensory-motor cortex related",255.0,128.0,176.0,63600.0,549.0,TH,,5.0,,357508.0,7.15016,TH,DORsm,False,,0.0,0.0,36594.0,298005315.0,920909.0,8143.556730611575,25.16557359129912
2115,Eth,Ethmoid thalamic nucleus,255.0,131.0,130.0,63610.0,864.0,DORsm,,6.0,4078.0,4078.0,0.08156,TH,Eth,True,636.0,4651691.0,14654.0,636.0,4651691.0,14654.0,7313.979559748428,23.040880503144653
2116,REth,Retroethmoid nucleus,255.0,131.0,130.0,63620.0,864.0,DORsm,,6.0,2536.0,2536.0,0.05072,TH,REth,True,460.0,3731108.0,10903.0,460.0,3731108.0,10903.0,8111.104347826087,23.702173913043477
2117,Sc,Scaphoid thalamic nucleus,255.0,131.0,130.0,63630.0,864.0,DORsm,,6.0,404.0,404.0,0.00808,TH,Sc,True,37.0,169232.0,826.0,37.0,169232.0,826.0,4573.8378378378375,22.324324324324323
2120,PIL,Posterior intralaminar thalamic nucleus,255.0,108.0,144.0,63640.0,864.0,DORsm,,6.0,6248.0,6248.0,0.12496,TH,PIL,True,1102.0,8840530.0,27023.0,1102.0,8840530.0,27023.0,8022.259528130671,24.521778584392013
637,VENT,Ventral group thalamic nucleus,255.0,108.0,160.0,63700.0,864.0,DORsm,,6.0,,253340.0,5.0668,TH,VENT,False,,0.0,0.0,24430.0,208487975.0,619095.0,8534.09639787147,25.34158821121572
629,VL,Ventrolateral thalamic nucleus,255.0,108.0,161.0,63800.0,637.0,VENT,,7.0,55346.0,55346.0,1.10692,TH,VL,True,5668.0,50069452.0,144699.0,5668.0,50069452.0,144699.0,8833.707127734651,25.52911079745942
2316,VA,Ventral anterior thalamic nucleus,255.0,108.0,161.0,63810.0,637.0,VENT,,7.0,10374.0,10374.0,0.20748,TH,VA,True,2020.0,21419882.0,52740.0,2020.0,21419882.0,52740.0,10603.90198019802,26.10891089108911
685,VM,Ventromedial thalamic nucleus,255.0,108.0,162.0,63900.0,637.0,VENT,,7.0,46512.0,46512.0,0.93024,TH,VM,True,6631.0,63593973.0,172940.0,6631.0,63593973.0,172940.0,9590.404614688583,26.08053083999397
709,VP,Ventral posterior thalamic nucleus,255.0,108.0,144.0,64000.0,637.0,VENT,,7.0,,141108.0,2.82216,TH,VP,True,,0.0,0.0,10111.0,73404668.0,248716.0,7259.8821085946,24.598556028088222
718,VPL,Ventral posterolateral thalamic nucleus,255.0,108.0,145.0,64100.0,709.0,VP,,8.0,33916.0,33916.0,0.67832,TH,L,False,2256.0,18306111.0,55780.0,2256.0,18306111.0,55780.0,8114.410904255319,24.72517730496454
2515,VPM_leaf,"Ventral posteromedial thalamic nucleus, leaf",255.0,108.0,147.0,64200.0,733.0,VPM,,9.0,56248.0,56248.0,1.12496,TH,misc,False,3930.0,26881612.0,96425.0,3930.0,26881612.0,96425.0,6840.104834605598,24.53562340966921
733,VPM,Ventral posteromedial thalamic nucleus,255.0,108.0,147.0,64200.0,709.0,VP,,8.0,,95230.0,1.9046,TH,M,False,,0.0,0.0,6328.0,42987643.0,155691.0,6793.2432048040455,24.603508217446272
2362,VPMd,"Ventral posteromedial nucleus of the thalamus, dorsal part",255.0,108.0,147.0,64210.0,733.0,VPM,,9.0,20988.0,20988.0,0.41976,TH,d,False,1387.0,8761246.0,34090.0,1387.0,8761246.0,34090.0,6316.687815428983,24.578226387887526
2363,VPMv,"Ventral posteromedial nucleus of the thalamus, ventral part",255.0,108.0,147.0,64220.0,733.0,VPM,,9.0,17994.0,17994.0,0.35988,TH,v,False,1011.0,7344785.0,25176.0,1011.0,7344785.0,25176.0,7264.871414441147,24.902077151335313
2361,VPPC,"Ventral posterior nucleus of the thalamus, parvicellular",255.0,108.0,147.0,64230.0,709.0,VP,,8.0,11962.0,11962.0,0.23924,TH,PC,False,1527.0,12110914.0,37245.0,1527.0,12110914.0,37245.0,7931.181401440734,24.390962671905697
420,SPF_leaf,"Subparafascicular thalamic nucleus, leaf",255.0,112.0,165.0,64500.0,406.0,SPF,,7.0,2000.0,2000.0,0.04,TH,misc,False,367.0,2409490.0,9180.0,367.0,2409490.0,9180.0,6565.367847411444,25.013623978201636
406,SPF,Subparafascicular thalamic nucleus,255.0,112.0,165.0,64500.0,864.0,DORsm,,6.0,,4122.0,0.08244,TH,SPF,True,,0.0,0.0,785.0,6023170.0,18999.0,7672.828025477707,24.202547770700637
422,SPFPC,"Subparafascicular thalamic nucleus, parvicellular part",255.0,110.0,165.0,64700.0,406.0,SPF,,7.0,2122.0,2122.0,0.04244,TH,SPFPC,False,418.0,3613680.0,9819.0,418.0,3613680.0,9819.0,8645.167464114833,23.49043062200957
1044,PP,Peripeduncular nucleus,255.0,112.0,163.0,64900.0,864.0,DORsm,,6.0,4780.0,4780.0,0.0956,TH,PP,True,720.0,6544467.0,18073.0,720.0,6544467.0,18073.0,9089.5375,25.101388888888888
2158,SubB,Subbrachial nucleus,255.0,112.0,160.0,64910.0,864.0,DORsm,,6.0,14066.0,14066.0,0.28132,TH,SubB,True,1740.0,13817055.0,44289.0,1740.0,13817055.0,44289.0,7940.836206896552,25.45344827586207
1008,GENd,Geniculate group of the thalamus,255.0,112.0,160.0,65000.0,864.0,DORsm,,6.0,,67934.0,1.35868,TH,GENd,False,,0.0,0.0,6684.0,45740087.0,167047.0,6843.220676241772,24.992070616397367
1341,MG_leaf,"Medial geniculate nucleus, leaf",255.0,112.0,162.0,65100.0,475.0,MG,,8.0,1678.0,1678.0,0.03356,TH,misc,False,144.0,1235365.0,3672.0,144.0,1235365.0,3672.0,8578.923611111111,25.5
475,MG,Medial geniculate nucleus,255.0,112.0,162.0,65100.0,1008.0,GENd,,7.0,,31066.0,0.62132,TH,MG,True,,0.0,0.0,3146.0,22069124.0,77712.0,7014.979020979021,24.70184361093452
1072,MGD,"Medial geniculate nucleus, dorsal part",255.0,112.0,162.0,65200.0,475.0,MG,,8.0,4958.0,4958.0,0.09916,TH,D,False,627.0,4519073.0,15817.0,627.0,4519073.0,15817.0,7207.452950558214,25.226475279106857
1079,MGV,"Medial geniculate nucleus, ventral part",255.0,112.0,162.0,65300.0,475.0,MG,,8.0,15732.0,15732.0,0.31464,TH,V,False,1395.0,9062804.0,34165.0,1395.0,9062804.0,34165.0,6496.633691756272,24.491039426523297
1088,MGM,"Medial geniculate nucleus, medial part",255.0,112.0,162.0,65400.0,475.0,MG,,8.0,2986.0,2986.0,0.05972,TH,M,False,391.0,3089371.0,9631.0,391.0,3089371.0,9631.0,7901.204603580562,24.63171355498721
2126,MZMG,Marginal zone of the medial geniculate,255.0,112.0,162.0,65410.0,475.0,MG,,8.0,5712.0,5712.0,0.11424,TH,MG,False,589.0,4162511.0,14427.0,589.0,4162511.0,14427.0,7067.081494057725,24.494057724957557
170,DLG,Dorsal lateral geniculate nucleus,255.0,112.0,161.0,65500.0,1008.0,GENd,,7.0,36868.0,36868.0,0.73736,TH,DLG,True,3538.0,23670963.0,89335.0,3538.0,23670963.0,89335.0,6690.492651215376,25.250141322781232
856,DORpm,"Thalamus, polymodal association cortex related",255.0,136.0,176.0,65600.0,549.0,TH,,5.0,,661080.0,13.2216,TH,DORpm,False,,0.0,0.0,111984.0,1091168266.0,2895737.0,9743.965798685527,25.85848871267324
138,LAT,Lateral group of the dorsal thalamus,255.0,130.0,130.0,65700.0,856.0,DORpm,,6.0,,154236.0,3.08472,TH,LAT,False,,0.0,0.0,18248.0,137911475.0,457707.0,7557.6213831652785,25.082584392810173
218,LP,Lateral posterior thalamic nucleus,255.0,135.0,130.0,65800.0,138.0,LAT,,7.0,,53846.0,1.07692,TH,LP,True,,0.0,0.0,5845.0,41917690.0,149817.0,7171.546621043627,25.63165098374679
2069,LPMR,"Lateral posterior thalamic nucleus, mediorostral part",255.0,135.0,130.0,65810.0,218.0,LP,,8.0,29720.0,29720.0,0.5944,TH,MR,False,3691.0,27822076.0,93322.0,3691.0,27822076.0,93322.0,7537.815226225955,25.283662963966403
2070,LPMC,"Lateral posterior thalamic nucleus, mediocaudal part",255.0,135.0,130.0,65820.0,218.0,LP,,8.0,3642.0,3642.0,0.07284,TH,MC,False,341.0,2359756.0,9244.0,341.0,2359756.0,9244.0,6920.105571847507,27.10850439882698
2071,LPLR,"Lateral posterior thalamic nucleus, laterorostral part",255.0,135.0,130.0,65830.0,218.0,LP,,8.0,19124.0,19124.0,0.38248,TH,LR,False,1690.0,10816183.0,43972.0,1690.0,10816183.0,43972.0,6400.108284023669,26.018934911242603
2127,LPLC,"Lateral posterior thalamic nucleus, laterocaudal part",255.0,135.0,130.0,65840.0,218.0,LP,,8.0,1360.0,1360.0,0.0272,TH,LC,False,123.0,919675.0,3279.0,123.0,919675.0,3279.0,7477.032520325203,26.658536585365855
2094,IMA,Intramedullary thalamic area,255.0,135.0,130.0,65850.0,138.0,LAT,,7.0,1948.0,1948.0,0.03896,TH,IMA,True,180.0,1235983.0,4797.0,180.0,1235983.0,4797.0,6866.572222222222,26.65
1969,Po_leaf,"Posterior thalamic nuclear group, leaf",255.0,134.0,130.0,65900.0,1020.0,Po,,8.0,81990.0,81990.0,1.6398,TH,misc,False,9595.0,75650162.0,239512.0,9595.0,75650162.0,239512.0,7884.331631057843,24.96216779572694
1020,Po,Posterior thalamic nuclear group,255.0,134.0,130.0,65900.0,138.0,LAT,,7.0,,94406.0,1.88812,TH,Po,True,,0.0,0.0,11652.0,91145600.0,289312.0,7822.313765877103,24.829385513216614
2055,Ang,Angular thalamic nucleus,255.0,134.0,130.0,65910.0,1020.0,Po,,8.0,2580.0,2580.0,0.0516,TH,Ang,False,483.0,4528505.0,12044.0,483.0,4528505.0,12044.0,9375.786749482402,24.935817805383024
2128,PoT,"Posterior thalamic nuclear group, triangular part",255.0,134.0,130.0,65920.0,1020.0,Po,,8.0,9836.0,9836.0,0.19672,TH,PoT,False,1574.0,10966933.0,37756.0,1574.0,10966933.0,37756.0,6967.555908513342,23.987293519695044
1029,PLi,Posterior limitans thalamic nucleus,255.0,133.0,130.0,66000.0,138.0,LAT,,7.0,1628.0,1628.0,0.03256,TH,PLi,True,231.0,1169475.0,5361.0,231.0,1169475.0,5361.0,5062.662337662337,23.207792207792206
325,SG,Suprageniculate thalamic nucleus,255.0,131.0,130.0,66100.0,138.0,LAT,,7.0,2408.0,2408.0,0.04816,TH,SG,True,340.0,2442727.0,8420.0,340.0,2442727.0,8420.0,7184.4911764705885,24.764705882352942
239,ATN,Anterior group of the dorsal thalamus,255.0,136.0,136.0,66200.0,856.0,DORpm,,6.0,,113590.0,2.2718,TH,ATN,False,,0.0,0.0,28077.0,338534240.0,725888.0,12057.350856572995,25.85347437404281
1960,AV_leaf,"Anteroventral thalamic nucleus, leaf",255.0,136.0,133.0,66300.0,255.0,AV,,8.0,9728.0,9728.0,0.19456,TH,misc,False,3561.0,48874209.0,88149.0,3561.0,48874209.0,88149.0,13724.855096882899,24.754001684919967
255,AV,Anteroventral thalamic nucleus,255.0,136.0,133.0,66300.0,239.0,ATN,,7.0,,21698.0,0.43396,TH,AV,True,,0.0,0.0,8604.0,123764885.0,213820.0,14384.57519758252,24.8512319851232
2035,AVVL,"Anteroventral thalamic nucleus, ventrolateral part",255.0,136.0,133.0,66310.0,255.0,AV,,8.0,7172.0,7172.0,0.14344,TH,VL,False,3377.0,51310468.0,83834.0,3377.0,51310468.0,83834.0,15194.097719869707,24.824992596979566
2036,AVDM,"Anterovent thalamic nucleus, dorsomedial part",255.0,136.0,133.0,66320.0,255.0,AV,,8.0,4798.0,4798.0,0.09596,TH,DM,False,1666.0,23580208.0,41837.0,1666.0,23580208.0,41837.0,14153.78631452581,25.112244897959183
1096,AM,Anteromedial thalamic nucleus,255.0,136.0,134.0,66400.0,239.0,ATN,,7.0,,23324.0,0.46648,TH,AM,True,,0.0,0.0,6477.0,76630996.0,173702.0,11831.248417477227,26.818280067932683
1124,AM_leaf,"Anteromedial thalamic nucleus, leaf",255.0,136.0,134.0,66400.0,1096.0,AM,,8.0,22044.0,22044.0,0.44088,TH,misc,False,6210.0,73628069.0,165950.0,6210.0,73628069.0,165950.0,11856.371819645732,26.723027375201287
1104,AMV,"Anteromedial thalamic nucleus, ventral part",255.0,136.0,134.0,66600.0,1096.0,AM,,8.0,1280.0,1280.0,0.0256,TH,V,False,267.0,3002927.0,7752.0,267.0,3002927.0,7752.0,11246.917602996255,29.03370786516854
64,AD,Anterodorsal thalamic nucleus,255.0,136.0,135.0,66700.0,239.0,ATN,,7.0,9882.0,9882.0,0.19764,TH,AD,True,2033.0,25382438.0,50979.0,2033.0,25382438.0,50979.0,12485.212985735367,25.07575012297098
1120,IAM,Interanteromedial thalamic nucleus,255.0,136.0,129.0,66800.0,239.0,ATN,,7.0,4290.0,4290.0,0.0858,TH,IAM,True,1505.0,20907528.0,42195.0,1505.0,20907528.0,42195.0,13892.045182724252,28.036544850498338
1113,IAD,Interanterodorsal thalamic nucleus,255.0,144.0,159.0,66900.0,239.0,ATN,,7.0,4888.0,4888.0,0.09776,TH,IAD,True,1698.0,19866960.0,45707.0,1698.0,19866960.0,45707.0,11700.212014134275,26.91813898704358
2282,LD,Lateral dorsal nucleus of thalamus,255.0,136.0,128.0,67000.0,239.0,ATN,,7.0,,49508.0,0.99016,TH,LD,True,,0.0,0.0,7760.0,71981433.0,199485.0,9275.957860824743,25.706829896907216
155,LDVL,"Laterodorsal thalamic nucleus, ventrolateral part",255.0,136.0,128.0,67010.0,2282.0,LD,,8.0,30004.0,30004.0,0.60008,TH,VL,False,4332.0,39128761.0,112941.0,4332.0,39128761.0,112941.0,9032.493305632503,26.071329639889196
2046,LDDM,"Laterodorsal thalamic nucleus, dorsomedial part",255.0,136.0,128.0,67020.0,2282.0,LD,,8.0,19504.0,19504.0,0.39008,TH,DM,False,3428.0,32852672.0,86544.0,3428.0,32852672.0,86544.0,9583.626604434072,25.24620770128355
444,MED,Medial group of the dorsal thalamus,255.0,144.0,176.0,67100.0,856.0,DORpm,,6.0,,79386.0,1.58772,TH,MED,False,,0.0,0.0,15925.0,161673179.0,425523.0,10152.161946624803,26.720439560439562
59,IMD,Intermediodorsal thalamic nucleus,255.0,144.0,164.0,67200.0,444.0,MED,,7.0,5482.0,5482.0,0.10964,TH,IMD,True,1231.0,11667573.0,33063.0,1231.0,11667573.0,33063.0,9478.125913891145,26.858651502843216
2091,PoMn,Posteromedian thalamic nucleus,255.0,144.0,164.0,67210.0,444.0,MED,,7.0,1140.0,1140.0,0.0228,TH,PoMn,True,222.0,1688210.0,5558.0,222.0,1688210.0,5558.0,7604.54954954955,25.036036036036037
362,MD,Mediodorsal thalamic nucleus,255.0,144.0,163.0,67300.0,444.0,MED,,7.0,,57842.0,1.15684,TH,MD,True,,0.0,0.0,12887.0,133873653.0,344136.0,10388.271358733607,26.70412043144254
641,MD_leaf,"Mediodorsal thalamic nucleus, leaf",255.0,144.0,163.0,67300.0,362.0,MD,,8.0,7722.0,7722.0,0.15444,TH,misc,False,1969.0,22126515.0,56495.0,1969.0,22126515.0,56495.0,11237.437785678008,28.692229558151347
617,MDC,"Mediodorsal thalamic nucleus, central part",255.0,144.0,163.0,67400.0,362.0,MD,,8.0,9784.0,9784.0,0.19568,TH,C,False,2204.0,23604476.0,58271.0,2204.0,23604476.0,58271.0,10709.834845735028,26.43874773139746
626,MDL,"Mediodorsal thalamic nucleus, lateral part ",255.0,144.0,163.0,67500.0,362.0,MD,,8.0,17184.0,17184.0,0.34368,TH,L,False,3914.0,42963834.0,100084.0,3914.0,42963834.0,100084.0,10976.963208993357,25.57077158916709
636,MDM,"Mediodorsal thalamic nucleus, medial part",255.0,144.0,163.0,67600.0,362.0,MD,,8.0,23152.0,23152.0,0.46304,TH,M,False,4800.0,45178828.0,129286.0,4800.0,45178828.0,129286.0,9412.255833333333,26.934583333333332
366,Sub,Submedius thalamic nucleus,255.0,144.0,161.0,67700.0,444.0,MED,,7.0,,14922.0,0.29844,TH,Sub,True,,0.0,0.0,1585.0,14443743.0,42766.0,9112.771608832807,26.981703470031547
2514,Sub_leaf,"Submedius thalamic nucleus, leaf",255.0,144.0,161.0,67700.0,366.0,Sub,,8.0,3290.0,3290.0,0.0658,TH,misc,False,515.0,6052038.0,14248.0,515.0,6052038.0,14248.0,11751.53009708738,27.666019417475727
2377,SubD,"Submedius thalamic nucleus, dorsal part",255.0,144.0,161.0,67710.0,366.0,Sub,,8.0,4422.0,4422.0,0.08844,TH,D,False,486.0,3784478.0,12441.0,486.0,3784478.0,12441.0,7786.991769547325,25.598765432098766
2378,SubV,"Submedius thalamic nucleus, ventral part",255.0,144.0,161.0,67720.0,366.0,Sub,,8.0,7210.0,7210.0,0.1442,TH,V,False,584.0,4607227.0,16077.0,584.0,4607227.0,16077.0,7889.087328767123,27.529109589041095
571,MTN,Midline group of the dorsal thalamus,255.0,134.0,134.0,67900.0,856.0,DORpm,,6.0,,72766.0,1.45532,TH,MTN,False,,0.0,0.0,11747.0,113075287.0,333603.0,9625.886353962715,28.398995488209756
884,MTN_leaf,"Midline group of the dorsal thalamus, leaf",255.0,134.0,134.0,67900.0,571.0,MTN,,7.0,1796.0,1796.0,0.03592,TH,misc,False,182.0,1370549.0,5246.0,182.0,1370549.0,5246.0,7530.489010989011,28.824175824175825
149,PVT,Paraventricular nucleus of the thalamus,255.0,133.0,133.0,68000.0,571.0,MTN,,7.0,,23238.0,0.46476,TH,PVT,True,,0.0,0.0,5400.0,61314589.0,154644.0,11354.553518518518,28.637777777777778
3001,PVA,"Paraventricular thalamic nucleus, anterior part",255.0,133.0,133.0,68010.0,149.0,PVT,,8.0,11120.0,11120.0,0.2224,TH,PVA,False,2512.0,29352927.0,77430.0,2512.0,29352927.0,77430.0,11685.082404458599,30.82404458598726
2089,PV,"Paraventricular thalamic nucleus, intermediate part",255.0,133.0,133.0,68020.0,149.0,PVT,,8.0,7846.0,7846.0,0.15692,TH,PV,False,2239.0,26895050.0,61254.0,2239.0,26895050.0,61254.0,12012.081286288521,27.357748995087093
2090,PVP,"Paraventricular thalamic nucleus, posterior part",255.0,133.0,133.0,68030.0,149.0,PVT,,8.0,4272.0,4272.0,0.08544,TH,PVP,False,649.0,5066612.0,15960.0,649.0,5066612.0,15960.0,7806.798151001541,24.591679506933744
15,PT,Parataenial thalamic nucleus,255.0,133.0,134.0,68100.0,571.0,MTN,,7.0,7216.0,7216.0,0.14432,TH,PT,True,1740.0,20789455.0,52704.0,1740.0,20789455.0,52704.0,11947.96264367816,30.28965517241379
2038,Xi,Xiphoid thalamic nucleus,255.0,133.0,134.0,68110.0,571.0,MTN,,7.0,,9736.0,0.19472,TH,Xi,True,,0.0,0.0,1037.0,6967882.0,28331.0,6719.269045323047,27.320154291224686
1970,Xi_leaf,"Xiphoid thalamic nucleus, leaf",255.0,133.0,134.0,68110.0,2038.0,Xi,,8.0,2218.0,2218.0,0.04436,TH,misc,False,296.0,1917953.0,8196.0,296.0,1917953.0,8196.0,6479.570945945946,27.68918918918919
2039,PaXi,Paraxiphoid nucleus of thalamus,255.0,133.0,134.0,68120.0,2038.0,Xi,,8.0,7518.0,7518.0,0.15036,TH,PaXi,False,741.0,5049929.0,20135.0,741.0,5049929.0,20135.0,6815.018893387314,27.172739541160595
2032,ANS,Accessory neuosecretory nuclei,255.0,133.0,134.0,68130.0,571.0,MTN,,7.0,926.0,926.0,0.01852,TH,ANS,True,73.0,370167.0,1907.0,73.0,370167.0,1907.0,5070.780821917808,26.123287671232877
181,RE,Reuniens area,255.0,133.0,132.0,68200.0,571.0,MTN,,7.0,,29854.0,0.59708,TH,RE,True,,0.0,0.0,3315.0,22262645.0,90771.0,6715.730015082956,27.381900452488686
2092,Re,Reuniens thalamic nucleus,255.0,133.0,132.0,68210.0,181.0,RE,,8.0,18620.0,18620.0,0.3724,TH,Re,False,2318.0,15693334.0,64303.0,2318.0,15693334.0,64303.0,6770.204486626402,27.74072476272649
2093,RRe,Retrouniens area,255.0,133.0,132.0,68220.0,181.0,RE,,8.0,4284.0,4284.0,0.08568,TH,RRe,False,366.0,1903546.0,8743.0,366.0,1903546.0,8743.0,5200.945355191257,23.887978142076502
2037,VRe ,Ventral reuniens thalamic nucleus,255.0,133.0,132.0,68230.0,181.0,RE,,8.0,6950.0,6950.0,0.139,TH,VRe ,False,631.0,4665765.0,17725.0,631.0,4665765.0,17725.0,7394.239302694136,28.090332805071316
51,ILM,Intralaminar nuclei of the dorsal thalamus,255.0,136.0,132.0,68300.0,856.0,DORpm,,6.0,,103332.0,2.06664,TH,ILM,False,,0.0,0.0,22348.0,206956786.0,568216.0,9260.640146769287,25.42580991587614
189,Rh,Rhomboid thalamic nucleus,255.0,128.0,132.0,68400.0,51.0,ILM,,7.0,7488.0,7488.0,0.14976,TH,Rh,True,1868.0,17815961.0,48842.0,1868.0,17815961.0,48842.0,9537.452355460386,26.146680942184155
599,CM,Central medial thalamic nucleus,255.0,134.0,132.0,68500.0,51.0,ILM,,7.0,23648.0,23648.0,0.47296,TH,CM,True,5687.0,51903187.0,153018.0,5687.0,51903187.0,153018.0,9126.637418674169,26.90662915421136
1967,PC_leaf,"Paracentral thalamic nucleus, leaf",255.0,132.0,132.0,68600.0,907.0,PC,,8.0,24426.0,24426.0,0.48852,TH,misc,False,5616.0,58425316.0,145796.0,5616.0,58425316.0,145796.0,10403.368233618234,25.960826210826212
907,PC,Paracentral thalamic nucleus,255.0,132.0,132.0,68600.0,51.0,ILM,,7.0,,27682.0,0.55364,TH,PC,True,,0.0,0.0,5899.0,60905394.0,152659.0,10324.698084421088,25.878793015765385
2064,OPC,Oval paracentral thalamic nucleus,255.0,132.0,132.0,68610.0,907.0,PC,,8.0,3256.0,3256.0,0.06512,TH,OPC,False,283.0,2480078.0,6863.0,283.0,2480078.0,6863.0,8763.526501766784,24.250883392226147
575,CL,Centrolateral thalamic nucleus,255.0,135.0,132.0,68700.0,51.0,ILM,,7.0,16350.0,16350.0,0.327,TH,CL,True,3791.0,36275049.0,91727.0,3791.0,36275049.0,91727.0,9568.728303877604,24.19599050382485
930,PaF,Parafascicular thalamic nucleus,255.0,130.0,132.0,68800.0,51.0,ILM,,7.0,28164.0,28164.0,0.56328,TH,PaF,True,5103.0,40057195.0,121970.0,5103.0,40057195.0,121970.0,7849.734469919655,23.901626494219087
262,Rt,Reticular nucleus (prethalamus),255.0,128.0,128.0,68900.0,856.0,DORpm,,6.0,79596.0,79596.0,1.59192,TH,Rt,True,6964.0,63972404.0,176781.0,6964.0,63972404.0,176781.0,9186.157955198161,25.384979896611142
1014,GENv,"Geniculate group, ventral thalamus",255.0,135.0,133.0,69000.0,856.0,DORpm,,6.0,,25608.0,0.51216,TH,GENv,False,,0.0,0.0,6012.0,49710891.0,140724.0,8268.61127744511,23.407185628742514
27,IGL,Intergeniculate childlet,255.0,135.0,134.0,69100.0,1014.0,GENv,,7.0,3346.0,3346.0,0.06692,TH,IGL,True,519.0,3945974.0,12321.0,519.0,3945974.0,12321.0,7603.032755298651,23.739884393063583
1968,PrG_leaf,"Pregeniculate nucleus of the prethalamus, leaf",255.0,135.0,135.0,69200.0,178.0,PrG,,8.0,2162.0,2162.0,0.04324,TH,misc,False,189.0,1335014.0,4477.0,189.0,1335014.0,4477.0,7063.5661375661375,23.687830687830687
178,PrG,Pregeniculate nucleus of the prethalamus,255.0,135.0,135.0,69200.0,1014.0,GENv,,7.0,,19980.0,0.3996,TH,PrG,True,,0.0,0.0,4831.0,40084728.0,113109.0,8297.397640240117,23.413164976195404
2072,PrGMC,"Pregeniculate nucleus, magnocellular part",255.0,135.0,135.0,69210.0,178.0,PrG,,8.0,11072.0,11072.0,0.22144,TH,MC,False,2953.0,24857754.0,69330.0,2953.0,24857754.0,69330.0,8417.796816796477,23.477819166948866
2073,PrGPC,"Pregeniculate nucleus, parvicellular part",255.0,135.0,135.0,69220.0,178.0,PrG,,8.0,6746.0,6746.0,0.13492,TH,PC,False,1689.0,13891960.0,39302.0,1689.0,13891960.0,39302.0,8224.961515689758,23.26939017169923
321,SubG,Subgeniculate nucleus of the prethalamus,255.0,135.0,133.0,69500.0,1014.0,GENv,,7.0,2282.0,2282.0,0.04564,TH,SubG,True,662.0,5680189.0,15294.0,662.0,5680189.0,15294.0,8580.34592145015,23.102719033232628
958,EPI,Epithalamus,255.0,136.0,144.0,69600.0,856.0,DORpm,,6.0,,32566.0,0.65132,TH,EPI,False,,0.0,0.0,2663.0,19334004.0,67295.0,7260.234322193015,25.27037176117161
483,MHb,Medial habenular nucleus,255.0,134.0,144.0,69700.0,958.0,EPI,,7.0,12494.0,12494.0,0.24988,TH,MHb,True,162.0,1225497.0,4368.0,162.0,1225497.0,4368.0,7564.7962962962965,26.962962962962962
1961,LHb_leaf,"Lateral habenular nucleus, leaf",255.0,135.0,144.0,69800.0,186.0,LHb,,8.0,9684.0,9684.0,0.19368,TH,misc,False,1492.0,11139846.0,38262.0,1492.0,11139846.0,38262.0,7466.38471849866,25.644772117962468
186,LHb,Lateral habenular nucleus,255.0,135.0,144.0,69800.0,958.0,EPI,,7.0,,20072.0,0.40144,TH,LHb,True,,0.0,0.0,2501.0,18108507.0,62927.0,7240.506597361055,25.160735705717713
2058,LHbM,"Lateral habenular nucleus, medial part",255.0,135.0,144.0,69810.0,186.0,LHb,,8.0,3780.0,3780.0,0.0756,TH,M,False,273.0,1683330.0,6731.0,273.0,1683330.0,6731.0,6166.043956043956,24.655677655677657
2059,LHbL,"Lateral habenular nucleus, lateral part",255.0,135.0,144.0,69820.0,186.0,LHb,,8.0,6608.0,6608.0,0.13216,TH,L,False,736.0,5285331.0,17934.0,736.0,5285331.0,17934.0,7181.15625,24.366847826086957
953,Pi,Pineal gland,255.0,132.0,144.0,69900.0,958.0,EPI,,7.0,,0.0,0.0,TH,Pi,False,,0.0,0.0,0.0,0.0,0.0,,
1097,HY,Hypothalamus,255.0,105.0,110.0,70000.0,1129.0,IB,,4.0,,792916.0,15.85832,HY,HY,False,,0.0,0.0,103183.0,836869699.0,2598087.0,8110.538548016631,25.17940939883508
157,PVZ,Periventricular zone,255.0,76.0,80.0,70100.0,1097.0,HY,,5.0,,26240.0,0.5248,HY,PVZ,False,,0.0,0.0,1393.0,8590188.0,35149.0,6166.681981335248,25.23259152907394
1985,SO_leaf,"Supraoptic nucleus, leaf",255.0,76.0,60.0,70200.0,390.0,SO,,7.0,1774.0,1774.0,0.03548,HY,misc,False,117.0,978170.0,2997.0,117.0,978170.0,2997.0,8360.42735042735,25.615384615384617
390,SO,Supraoptic nucleus,255.0,76.0,60.0,70200.0,157.0,PVZ,,6.0,,4014.0,0.08028,HY,SO,False,,0.0,0.0,288.0,2148779.0,7160.0,7461.038194444444,24.86111111111111
2051,SOR,"Supraoptic nucleus, retrochiasmatic part",255.0,76.0,60.0,70210.0,390.0,SO,,7.0,946.0,946.0,0.01892,HY,SOR,True,94.0,636781.0,2297.0,94.0,636781.0,2297.0,6774.265957446809,24.43617021276596
2034,ESO,Episupraoptic nucleus,255.0,76.0,60.0,70220.0,390.0,SO,,7.0,1294.0,1294.0,0.02588,HY,ESO,True,77.0,533828.0,1866.0,77.0,533828.0,1866.0,6932.831168831169,24.233766233766232
332,ASO,Accessory supraoptic group,255.0,76.0,62.0,70300.0,157.0,PVZ,,6.0,,210.0,0.0042,HY,ASO,True,,0.0,0.0,23.0,108166.0,568.0,4702.869565217391,24.695652173913043
432,Cir,Circulur nucleus,255.0,76.0,62.0,70400.0,332.0,ASO,,7.0,210.0,210.0,0.0042,HY,Cir,False,23.0,108166.0,568.0,23.0,108166.0,568.0,4702.869565217391,24.695652173913043
38,PVH,"Paraventricular hypothalamic nucleus, anterior part",255.0,76.0,77.0,70500.0,157.0,PVZ,,6.0,,8704.0,0.17408,HY,PVH,True,,0.0,0.0,405.0,2069511.0,10597.0,5109.903703703703,26.165432098765432
71,PVHm,"Paraventricular hypothalamic nucleus, magnocellular division",255.0,76.0,76.0,70600.0,38.0,PVH,,7.0,,4304.0,0.08608,HY,m,False,,0.0,0.0,233.0,1176337.0,5991.0,5048.656652360515,25.71244635193133
79,PaMM,"Paraventricular hypothalamic nucleus, medial magnocellular part",255.0,76.0,74.0,70800.0,71.0,PVHm,,8.0,380.0,380.0,0.0076,HY,PaMM,False,13.0,55362.0,330.0,13.0,55362.0,330.0,4258.615384615385,25.384615384615383
652,PaLM,"Paraventricular hypothalamic nucleus, lateral magnocellular part",255.0,76.0,73.0,71000.0,71.0,PVHm,,8.0,1666.0,1666.0,0.03332,HY,PaLM,False,69.0,388793.0,1874.0,69.0,388793.0,1874.0,5634.68115942029,27.159420289855074
660,PaPo,"Paraventricular hypothalamic nucleus, posterior part",255.0,76.0,73.0,71100.0,71.0,PVHm,,8.0,2258.0,2258.0,0.04516,HY,PaPo,False,151.0,732182.0,3787.0,151.0,732182.0,3787.0,4848.887417218543,25.079470198675498
94,PVAp,"Paraventricular hypothalamic nucleus, parvicellular division",255.0,76.0,72.0,71200.0,38.0,PVH,,7.0,,4400.0,0.088,HY,p,False,,0.0,0.0,172.0,893174.0,4606.0,5192.872093023256,26.77906976744186
55,PaAP,"Paraventricular hypothalamic nucleus, anterior parivcellular part",255.0,76.0,69.0,71300.0,94.0,PVAp,,8.0,,2534.0,0.05068,HY,PaAP,False,,0.0,0.0,112.0,623711.0,3107.0,5568.848214285715,27.741071428571427
1959,PaAP_leaf,"Paraventricular hypothalamic nucleus, anterior parivcellular part, leaf",255.0,76.0,69.0,71300.0,55.0,PaAP,,9.0,2290.0,2290.0,0.0458,HY,misc,False,99.0,547914.0,2728.0,99.0,547914.0,2728.0,5534.484848484848,27.555555555555557
2026,APF,Anterior perifornical nucleus,255.0,76.0,69.0,71310.0,55.0,PaAP,,9.0,244.0,244.0,0.00488,HY,APF,False,13.0,75797.0,379.0,13.0,75797.0,379.0,5830.538461538462,29.153846153846153
87,PaMP,"Paraventricular hypothalamic nucleus, medial parvicellular part",255.0,76.0,71.0,71400.0,94.0,PVAp,,8.0,1866.0,1866.0,0.03732,HY,PaMP,False,60.0,269463.0,1499.0,60.0,269463.0,1499.0,4491.05,24.983333333333334
30,PaV,"Paraventricular hypothalamic nucleus, ventral part",255.0,76.0,78.0,71600.0,157.0,PVZ,,6.0,1510.0,1510.0,0.0302,HY,PaV,True,43.0,238170.0,1140.0,43.0,238170.0,1140.0,5538.837209302325,26.511627906976745
223,Arc,Arcuate hypothalamic nucleus,255.0,76.0,79.0,71800.0,157.0,PVZ,,6.0,,11802.0,0.23604,HY,Arc,True,,0.0,0.0,634.0,4025562.0,15684.0,6349.466876971609,24.738170347003155
1989,Arc_leaf,"Arcuate hypothalamic nucleus, leaf",255.0,76.0,79.0,71800.0,223.0,Arc,,7.0,3486.0,3486.0,0.06972,HY,misc,False,163.0,989544.0,4034.0,163.0,989544.0,4034.0,6070.82208588957,24.74846625766871
2061,ArcD,"Arcuate hypothalamic nucleus, dorsal part",255.0,76.0,79.0,71810.0,223.0,Arc,,7.0,1318.0,1318.0,0.02636,HY,D,False,41.0,241676.0,920.0,41.0,241676.0,920.0,5894.536585365854,22.4390243902439
2062,ArcL,"Arcuate hypothalamic nucleus, lateral part",255.0,76.0,79.0,71820.0,223.0,Arc,,7.0,1692.0,1692.0,0.03384,HY,L,False,51.0,270299.0,1226.0,51.0,270299.0,1226.0,5299.980392156863,24.03921568627451
2104,ArcLP,"Arcuate hypothalamic nucleus, lateroposterior part",255.0,76.0,79.0,71830.0,223.0,Arc,,7.0,1646.0,1646.0,0.03292,HY,LP,False,103.0,636806.0,2606.0,103.0,636806.0,2606.0,6182.582524271845,25.300970873786408
2095,ArcM,"Arcuate hypothalamic nucleus, medial part",255.0,76.0,79.0,71840.0,223.0,Arc,,7.0,640.0,640.0,0.0128,HY,M,False,1.0,6641.0,31.0,1.0,6641.0,31.0,6641.0,31.0
2103,ArcMP,"Arcuate hypothalamic nucleus, medial posterior part",255.0,76.0,79.0,71850.0,223.0,Arc,,7.0,3020.0,3020.0,0.0604,HY,MP,False,275.0,1880596.0,6867.0,275.0,1880596.0,6867.0,6838.5309090909095,24.970909090909092
141,PVR,Periventricular region,255.0,77.0,80.0,71900.0,1097.0,HY,,5.0,,131616.0,2.63232,HY,PVR,False,,0.0,0.0,8102.0,49898127.0,205655.0,6158.741915576401,25.383238706492225
272,AVPe,Anteroventral periventricular nucleus,255.0,77.0,84.0,72300.0,141.0,PVR,,6.0,3790.0,3790.0,0.0758,HY,AVPe,True,138.0,934899.0,3891.0,138.0,934899.0,3891.0,6774.630434782609,28.195652173913043
668,DA,Dorsal hypothalamic area,255.0,77.0,85.0,72350.0,141.0,PVR,,6.0,6484.0,6484.0,0.12968,HY,DA,True,612.0,3407230.0,15128.0,612.0,3407230.0,15128.0,5567.369281045751,24.718954248366014
830,DM,Dorsomedial hypothalamic nucleus,255.0,77.0,85.0,72400.0,141.0,PVR,,6.0,,28100.0,0.562,HY,DM,True,,0.0,0.0,2813.0,16115949.0,65350.0,5729.09669392108,23.231425524351227
1979,DM_leaf,"Dorsomedial hypothalamic nucleus, leaf",255.0,77.0,85.0,72400.0,830.0,DM,,7.0,14228.0,14228.0,0.28456,HY,misc,False,1336.0,7828626.0,31543.0,1336.0,7828626.0,31543.0,5859.75,23.61002994011976
2076,DMD,"Dorsomedial hypothalamic nucleus, dorsal part",255.0,77.0,85.0,72500.0,830.0,DM,,7.0,4310.0,4310.0,0.0862,HY,D,False,363.0,1867712.0,8351.0,363.0,1867712.0,8351.0,5145.212121212121,23.005509641873278
2077,DMC,"Dorsomedial hypothalamic nucleus, compact part",255.0,77.0,85.0,72600.0,830.0,DM,,7.0,2342.0,2342.0,0.04684,HY,C,False,190.0,1038396.0,4368.0,190.0,1038396.0,4368.0,5465.242105263158,22.989473684210527
2078,DMV,"Dorsomedial hypothalamic nucleus, ventral part",255.0,77.0,85.0,72700.0,830.0,DM,,7.0,7220.0,7220.0,0.1444,HY,V,False,924.0,5381215.0,21088.0,924.0,5381215.0,21088.0,5823.825757575758,22.82251082251082
452,MnPO,Median preoptic nucleus,255.0,77.0,86.0,72800.0,141.0,PVR,,6.0,2120.0,2120.0,0.0424,HY,MnPO,True,11.0,79483.0,419.0,11.0,79483.0,419.0,7225.727272727273,38.09090909090909
2307,DA14,DA14 Dopamine Cells,255.0,77.0,86.0,72810.0,141.0,PVR,,6.0,,0.0,0.0,HY,DA14,False,,0.0,0.0,0.0,0.0,0.0,,
1976,MPA_leaf,"Medial preoptic area, leaf",255.0,77.0,87.0,72900.0,523.0,MPA,,7.0,52084.0,52084.0,1.04168,HY,misc,False,2870.0,19055101.0,76651.0,2870.0,19055101.0,76651.0,6639.408013937282,26.70766550522648
523,MPA,Medial preoptic area,255.0,77.0,87.0,72900.0,141.0,PVR,,6.0,,60936.0,1.21872,HY,MPA,True,,0.0,0.0,3431.0,23299536.0,92683.0,6790.887787816963,27.013407169921305
2016,StA,Strial part of the preoptic area,255.0,77.0,87.0,72910.0,523.0,MPA,,7.0,1592.0,1592.0,0.03184,HY,StA,False,47.0,324510.0,1326.0,47.0,324510.0,1326.0,6904.468085106383,28.21276595744681
2023,StHy,Striohypothalamic nucleus,255.0,77.0,87.0,72920.0,523.0,MPA,,7.0,5942.0,5942.0,0.11884,HY,StHy,False,421.0,3139280.0,11801.0,421.0,3139280.0,11801.0,7456.722090261283,28.03087885985748
2306,AC,Anterior commissural nucleus,255.0,77.0,87.0,72930.0,523.0,MPA,,7.0,1318.0,1318.0,0.02636,HY,AC,False,93.0,780645.0,2905.0,93.0,780645.0,2905.0,8394.032258064517,31.236559139784948
763,VOLT,Vascular organ of the lamina terminalis,255.0,77.0,88.0,73000.0,141.0,PVR,,6.0,1046.0,1046.0,0.02092,HY,VOLT,True,18.0,105353.0,588.0,18.0,105353.0,588.0,5852.944444444444,32.666666666666664
914,PDPO,Posterodorsal preoptic nucleus,255.0,77.0,89.0,73100.0,141.0,PVR,,6.0,460.0,460.0,0.0092,HY,PDPO,True,39.0,280786.0,1032.0,39.0,280786.0,1032.0,7199.641025641025,26.46153846153846
1109,PS,Parastrial nucleus,255.0,77.0,90.0,73200.0,141.0,PVR,,6.0,2226.0,2226.0,0.04452,HY,PS,True,108.0,669587.0,2861.0,108.0,669587.0,2861.0,6199.87962962963,26.49074074074074
133,Pe,Periventricular hypothalamic nucleus,255.0,77.0,93.0,73500.0,141.0,PVR,,6.0,11758.0,11758.0,0.23516,HY,Pe,True,345.0,1679007.0,8352.0,345.0,1679007.0,8352.0,4866.686956521739,24.208695652173912
347,SPa ,Subparaventricular zone of the hypothalamus,255.0,77.0,80.0,73600.0,141.0,PVR,,6.0,1378.0,1378.0,0.02756,HY,SPa ,True,52.0,224300.0,1197.0,52.0,224300.0,1197.0,4313.461538461538,23.01923076923077
286,SCh,Suprachiasmatic nucleus,255.0,77.0,94.0,73700.0,141.0,PVR,,6.0,,3674.0,0.07348,HY,SCh,True,,0.0,0.0,107.0,499452.0,2584.0,4667.77570093458,24.149532710280372
1986,SCh_leaf,"Suprachiasmatic nucleus, leaf",255.0,77.0,94.0,73700.0,286.0,SCh,,7.0,2712.0,2712.0,0.05424,HY,misc,False,81.0,380499.0,1966.0,81.0,380499.0,1966.0,4697.518518518518,24.271604938271604
2030,SChDL,"Suprachiasmatic nucleus, dorsolateral part",255.0,77.0,94.0,73710.0,286.0,SCh,,7.0,572.0,572.0,0.01144,HY,DLG,False,23.0,104607.0,523.0,23.0,104607.0,523.0,4548.130434782609,22.73913043478261
2031,SChVM,"Suprachiasmatic nucleus, ventromedial part",255.0,77.0,94.0,73720.0,286.0,SCh,,7.0,390.0,390.0,0.0078,HY,VM,False,3.0,14346.0,95.0,3.0,14346.0,95.0,4782.0,31.666666666666668
338,SFO,Subfornical organ,255.0,77.0,80.0,73800.0,141.0,PVR,,6.0,2300.0,2300.0,0.046,HY,SFO,True,28.0,191035.0,829.0,28.0,191035.0,829.0,6822.678571428572,29.607142857142858
2011,VMPO,Ventromedidal preoptic nucleus,255.0,77.0,80.0,73810.0,141.0,PVR,,6.0,3108.0,3108.0,0.06216,HY,VMPO,True,173.0,1125367.0,4887.0,173.0,1125367.0,4887.0,6505.0115606936415,28.248554913294797
689,VLPO,Ventrolateral preoptic nucleus,255.0,77.0,80.0,73900.0,141.0,PVR,,6.0,4236.0,4236.0,0.08472,HY,VLPO,True,227.0,1286143.0,5854.0,227.0,1286143.0,5854.0,5665.828193832599,25.788546255506606
467,MEZ ,Hypothalamic medial zone,255.0,78.0,80.0,74000.0,1097.0,HY,,5.0,,166550.0,3.331,HY,MEZ ,False,,0.0,0.0,25209.0,201379316.0,637559.0,7988.389702090523,25.29092784323059
88,AHN,Anterior hypothalamic nucleus,255.0,78.0,81.0,74100.0,467.0,MEZ ,,6.0,,45682.0,0.91364,HY,AHN,True,,0.0,0.0,6381.0,41376787.0,155848.0,6484.373452436922,24.42375803165648
700,AHA,"Anterior hypothalamic area, anterior part",255.0,78.0,81.0,74200.0,88.0,AHN,,7.0,10232.0,10232.0,0.20464,HY,AHA,False,1202.0,8580821.0,29735.0,1202.0,8580821.0,29735.0,7138.78618968386,24.737936772046588
708,AHC,"Anterior hypothalamic area, central part",255.0,78.0,81.0,74300.0,88.0,AHN,,7.0,20464.0,20464.0,0.40928,HY,AHC,False,3361.0,22203392.0,82020.0,3361.0,22203392.0,82020.0,6606.186254091044,24.40345135376376
1966,AHP_leaf,"Anterior hypothalamic area, posterior part, leaf",255.0,78.0,81.0,74500.0,724.0,AHP,,8.0,8146.0,8146.0,0.16292,HY,misc,False,1237.0,7411060.0,30054.0,1237.0,7411060.0,30054.0,5991.156022635409,24.295877122069523
724,AHP,"Anterior hypothalamic area, posterior part",255.0,78.0,81.0,74500.0,88.0,AHN,,7.0,,8146.0,0.16292,HY,AHP,False,,0.0,0.0,1237.0,7411060.0,30054.0,5991.156022635409,24.295877122069523
2029,LA,Lateroanterior hypothalamic nucleus,255.0,78.0,81.0,74510.0,88.0,AHN,,7.0,6840.0,6840.0,0.1368,HY,LA,False,581.0,3181514.0,14039.0,581.0,3181514.0,14039.0,5475.9277108433735,24.163511187607572
2047,Stg,Stigmoid hypothalamic nucleus,255.0,78.0,81.0,74520.0,724.0,AHP,,8.0,,0.0,0.0,HY,Stg,False,,0.0,0.0,0.0,0.0,0.0,,
331,MBO,Mammillary body,255.0,78.0,82.0,74600.0,467.0,MEZ ,,6.0,,25154.0,0.50308,HY,MBO,True,,0.0,0.0,2578.0,17473588.0,64529.0,6777.962761830877,25.030643910007758
210,LM,Lateral mamilllary nucleus,255.0,78.0,83.0,74700.0,331.0,MBO,,7.0,2244.0,2244.0,0.04488,HY,LM,False,184.0,1124313.0,4134.0,184.0,1124313.0,4134.0,6110.396739130435,22.467391304347824
1656,MM_leaf,"Medial mammillary nucleus, medial part, leaf",255.0,78.0,84.0,74800.0,491.0,MM,,8.0,7694.0,7694.0,0.15388,HY,misc,False,556.0,3019079.0,13256.0,556.0,3019079.0,13256.0,5429.998201438849,23.841726618705035
491,MM,"Medial mammillary nucleus, medial part",255.0,78.0,84.0,74800.0,331.0,MBO,,7.0,,13754.0,0.27508,HY,MM,False,,0.0,0.0,1224.0,6894480.0,29526.0,5632.745098039216,24.122549019607842
2118,MRe,Mammillary recess of the 3rd ventricle,255.0,78.0,84.0,74810.0,491.0,MM,,8.0,140.0,140.0,0.0028,HY,MRe,False,27.0,151630.0,691.0,27.0,151630.0,691.0,5615.925925925926,25.59259259259259
2119,ML,"Medial mammillary nucleus, lateral part",255.0,78.0,84.0,74820.0,491.0,MM,,8.0,4968.0,4968.0,0.09936,HY,ML,False,525.0,3010614.0,12737.0,525.0,3010614.0,12737.0,5734.5028571428575,24.260952380952382
732,MnM,"Medial mammillary nucleus, median part",255.0,78.0,84.0,74900.0,491.0,MM,,8.0,952.0,952.0,0.01904,HY,MnM,False,116.0,713157.0,2842.0,116.0,713157.0,2842.0,6147.9051724137935,24.5
525,RM,Retromamillary nucleus,255.0,78.0,85.0,75000.0,331.0,MBO,,7.0,,7640.0,0.1528,HY,RM,False,,0.0,0.0,1056.0,8884550.0,28320.0,8413.399621212122,26.818181818181817
1125,RM_leaf,"Retromamillary nucleus, leaf",255.0,78.0,85.0,75000.0,525.0,RM,,8.0,3362.0,3362.0,0.06724,HY,misc,False,353.0,3429164.0,9905.0,353.0,3429164.0,9905.0,9714.345609065156,28.059490084985836
1110,RML,"Retromamillary nucleus, lateral part",255.0,78.0,85.0,75100.0,525.0,RM,,8.0,344.0,344.0,0.00688,HY,L,False,35.0,268122.0,852.0,35.0,268122.0,852.0,7660.628571428571,24.34285714285714
1118,RMM,"Retromamillary nucleus, medial part",255.0,78.0,85.0,75200.0,525.0,RM,,8.0,3934.0,3934.0,0.07868,HY,M,False,668.0,5187264.0,17563.0,668.0,5187264.0,17563.0,7765.365269461078,26.29191616766467
557,TM,Tuberomammillary nucleus,255.0,78.0,86.0,75300.0,331.0,MBO,,7.0,,1516.0,0.03032,HY,TM,False,,0.0,0.0,114.0,570245.0,2549.0,5002.149122807017,22.359649122807017
1126,DTM,Dorsal tuberomammillary nucleus,255.0,78.0,86.0,75400.0,557.0,TM,,8.0,360.0,360.0,0.0072,HY,D,False,49.0,261316.0,1142.0,49.0,261316.0,1142.0,5332.9795918367345,23.306122448979593
1,VTM,Ventral tuberomammillary nucleus,255.0,78.0,86.0,75500.0,557.0,TM,,8.0,1156.0,1156.0,0.02312,HY,V,False,65.0,308929.0,1407.0,65.0,308929.0,1407.0,4752.753846153846,21.646153846153847
515,MPO,Medial preoptic nucleus,255.0,78.0,87.0,75600.0,467.0,MEZ ,,6.0,,15154.0,0.30308,HY,MPO,True,,0.0,0.0,1038.0,6864164.0,27572.0,6612.874759152216,26.5626204238921
748,MPOL,"Medial preoptic nucleus, lateral part",255.0,78.0,87.0,75800.0,515.0,MPO,,7.0,6282.0,6282.0,0.12564,HY,L,False,526.0,3551282.0,13916.0,526.0,3551282.0,13916.0,6751.486692015209,26.456273764258555
756,MPOM,"Medial preoptic nucleus, medial part",255.0,78.0,87.0,75900.0,515.0,MPO,,7.0,8872.0,8872.0,0.17744,HY,M,False,512.0,3312882.0,13656.0,512.0,3312882.0,13656.0,6470.47265625,26.671875
980,PMD,"Premamillary nucleus, dorsal part",255.0,78.0,88.0,76000.0,467.0,MEZ ,,6.0,1532.0,1532.0,0.03064,HY,PMD,True,285.0,2026984.0,7028.0,285.0,2026984.0,7028.0,7112.224561403509,24.659649122807018
1004,PMV,"Premamillary nucleus, ventral part",255.0,78.0,89.0,76100.0,467.0,MEZ ,,6.0,3008.0,3008.0,0.06016,HY,PMV,True,354.0,2555140.0,8882.0,354.0,2555140.0,8882.0,7217.909604519774,25.09039548022599
63,PVHd,"Paraventricular hypothalamic nucleus, descending division",255.0,78.0,90.0,76200.0,467.0,MEZ ,,6.0,,418.0,0.00836,HY,PVHd,True,,0.0,0.0,16.0,65531.0,368.0,4095.6875,23.0
439,PaDC,"Paraventricular hypothalamic nucleus, dorsal cap",255.0,78.0,90.0,76300.0,63.0,PVHd,,7.0,418.0,418.0,0.00836,HY,PaDC,False,16.0,65531.0,368.0,16.0,65531.0,368.0,4095.6875,23.0
1093,VMH_leaf,"Ventromedial hypothalamic nucleus, leaf",255.0,78.0,91.0,76700.0,693.0,VMH,,7.0,5234.0,5234.0,0.10468,HY,misc,False,1173.0,11474300.0,30990.0,1173.0,11474300.0,30990.0,9782.011935208866,26.419437340153454
693,VMH,Ventromedial hypothalamic nucleus,255.0,78.0,91.0,76700.0,467.0,MEZ ,,6.0,,42776.0,0.85552,HY,VMH,True,,0.0,0.0,9351.0,95671661.0,238612.0,10231.168965886001,25.517270880119774
2044,VMHSh,"Ventromedial hypothalamic nucleus, shell region",255.0,78.0,91.0,76710.0,693.0,VMH,,7.0,15330.0,15330.0,0.3066,HY,Sh,False,2986.0,29378103.0,76133.0,2986.0,29378103.0,76133.0,9838.614534494307,25.496651038178165
769,VMHC,"Ventromedial hypothalamic nucleus, central part",255.0,78.0,91.0,76900.0,693.0,VMH,,7.0,9648.0,9648.0,0.19296,HY,C,False,2725.0,29339807.0,69446.0,2725.0,29339807.0,69446.0,10766.901651376147,25.484770642201834
777,VMHDM,"Ventromedial hypothalamic nucleus, dorsomedial part",255.0,78.0,91.0,77000.0,693.0,VMH,,7.0,6570.0,6570.0,0.1314,HY,DM,False,1041.0,9386465.0,25864.0,1041.0,9386465.0,25864.0,9016.777137367915,24.84534101825168
785,VMHVL,"Ventromedial hypothalamic nucleus, ventrolateral part",255.0,78.0,91.0,77100.0,693.0,VMH,,7.0,5994.0,5994.0,0.11988,HY,VL,False,1426.0,16092986.0,36179.0,1426.0,16092986.0,36179.0,11285.403927068724,25.370967741935484
2474,PHA,Posterior hypothalamic area,255.0,78.0,91.0,77110.0,467.0,MEZ ,,6.0,,32826.0,0.65652,HY,PHA,True,,0.0,0.0,5206.0,35345461.0,134720.0,6789.370149827123,25.87783326930465
1963,PH_leaf,"Posterior hypothalamic nucleus, leaf",255.0,79.0,83.0,77150.0,946.0,PH,,8.0,3178.0,3178.0,0.06356,HY,misc,False,420.0,2479962.0,10788.0,420.0,2479962.0,10788.0,5904.671428571429,25.685714285714287
946,PH,Posterior hypothalamic nucleus,255.0,79.0,83.0,77150.0,2474.0,PHA,,7.0,,32826.0,0.65652,HY,PH,False,,0.0,0.0,5206.0,35345461.0,134720.0,6789.370149827123,25.87783326930465
2364,PHnd,"Posterior hypothalamic nucleus, dorsal part",255.0,79.0,83.0,77160.0,946.0,PH,,8.0,10634.0,10634.0,0.21268,HY,nd,False,2048.0,13698957.0,53797.0,2048.0,13698957.0,53797.0,6688.94384765625,26.26806640625
2365,PHnv,"Posterior hypothalamic nucleus, ventral part",255.0,79.0,83.0,77170.0,946.0,PH,,8.0,12762.0,12762.0,0.25524,HY,nv,False,2043.0,14659248.0,52297.0,2043.0,14659248.0,52297.0,7175.35389133627,25.598139990210473
2075,PHD,"Posterior hypothalamic area, dorsal part",255.0,79.0,83.0,77180.0,946.0,PH,,8.0,5256.0,5256.0,0.10512,HY,D,False,531.0,3145945.0,13677.0,531.0,3145945.0,13677.0,5924.566854990584,25.757062146892654
2102,SMT,Submammillothalamic nucleus,255.0,79.0,83.0,77190.0,946.0,PH,,8.0,996.0,996.0,0.01992,HY,SMT,False,164.0,1361349.0,4161.0,164.0,1361349.0,4161.0,8300.908536585366,25.371951219512194
290,LZ,Hypothalamic lateral zone,255.0,79.0,80.0,77200.0,1097.0,HY,,5.0,,466866.0,9.33732,HY,LZ,False,,0.0,0.0,68474.0,576977076.0,1719616.0,8426.221281070188,25.113415310920935
194,LH,Lateral hypothalamic area,255.0,79.0,81.0,77300.0,290.0,LZ,,6.0,,287824.0,5.75648,HY,LH,True,,0.0,0.0,38501.0,320813496.0,965073.0,8332.601646710475,25.0661800992182
2309,JPLH,Juxtaparaventricular part of lateral hypothalamus,255.0,79.0,81.0,77300.0,194.0,LH,,7.0,5332.0,5332.0,0.10664,HY,JPLH,False,459.0,2732649.0,11973.0,459.0,2732649.0,11973.0,5953.483660130719,26.084967320261438
1982,LH_leaf,"Lateral hypothalamic area, leaf",255.0,79.0,81.0,77300.0,194.0,LH,,7.0,259306.0,259306.0,5.18612,HY,misc,False,35053.0,291265424.0,876890.0,35053.0,291265424.0,876890.0,8309.28662311357,25.01611844920549
2065,MCLH,Magnocellular nucleus of the lateral hypothalamus,255.0,79.0,81.0,77310.0,194.0,LH,,7.0,1512.0,1512.0,0.03024,HY,MCLH,False,205.0,1978301.0,5132.0,205.0,1978301.0,5132.0,9650.248780487806,25.034146341463416
2033,VLH,Ventrolateral hypothalamic nucleus ,255.0,79.0,81.0,77320.0,194.0,LH,,7.0,2884.0,2884.0,0.05768,HY,VLH,False,350.0,3399378.0,9155.0,350.0,3399378.0,9155.0,9712.50857142857,26.15714285714286
2105,Gem,Gemini hypothalamic nucleus,255.0,79.0,81.0,77330.0,194.0,LH,,7.0,3340.0,3340.0,0.0668,HY,Gem,False,659.0,6243088.0,17186.0,659.0,6243088.0,17186.0,9473.578148710167,26.078907435508345
2081,PLH,Peduncular lateral hypothalamus,255.0,79.0,81.0,77340.0,194.0,LH,,7.0,15450.0,15450.0,0.309,HY,PLH,False,1775.0,15194656.0,44737.0,1775.0,15194656.0,44737.0,8560.36957746479,25.20394366197183
2048,TuLH,Tuberal region of lateral hypothalamus,255.0,79.0,81.0,77350.0,194.0,LH,,7.0,,0.0,0.0,HY,TuLH,False,,0.0,0.0,0.0,0.0,0.0,,
2473,PeFLH,Perifornical part of lateral hypothalamus,255.0,79.0,81.0,77360.0,194.0,LH,,7.0,,0.0,0.0,HY,PeFLH,False,,0.0,0.0,0.0,0.0,0.0,,
226,LPO,Lateral preoptic area,255.0,79.0,82.0,77400.0,290.0,LZ,,6.0,40596.0,40596.0,0.81192,HY,LPO,True,4041.0,34386726.0,106250.0,4041.0,34386726.0,106250.0,8509.459539717891,26.292996782974512
2379,PTe,Paraterete nucleus,255.0,79.0,80.0,77610.0,290.0,LZ,,6.0,2142.0,2142.0,0.04284,HY,PTe,True,250.0,2147512.0,6129.0,250.0,2147512.0,6129.0,8590.048,24.516
364,PSTh,Parasubthalamic nucleus,255.0,79.0,80.0,77700.0,290.0,LZ,,6.0,6682.0,6682.0,0.13364,HY,PSTh,True,892.0,8914167.0,22969.0,892.0,8914167.0,22969.0,9993.460762331839,25.75
173,RCh,Retrochiasmatic area,255.0,79.0,84.0,77800.0,290.0,LZ,,6.0,,8898.0,0.17796,HY,RCh,True,,0.0,0.0,834.0,6465297.0,22097.0,7752.154676258992,26.495203836930454
1988,RCh_leaf,"Retrochiasmatic area, leaf",255.0,79.0,84.0,77800.0,173.0,RCh,,7.0,1478.0,1478.0,0.02956,HY,misc,False,150.0,1081395.0,3966.0,150.0,1081395.0,3966.0,7209.3,26.44
2042,RchL,"Retrochiasmatic area, lateral part",255.0,79.0,84.0,77810.0,173.0,RCh,,7.0,5686.0,5686.0,0.11372,HY,RchL,False,596.0,4768155.0,15739.0,596.0,4768155.0,15739.0,8000.2600671140935,26.40771812080537
2283,RChM,"Retrochiasmatic area, medial part",255.0,79.0,84.0,77850.0,173.0,RCh,,7.0,1734.0,1734.0,0.03468,HY,RChM,False,88.0,615747.0,2392.0,88.0,615747.0,2392.0,6997.125,27.181818181818183
470,STh,Subthalamic nucleus,255.0,79.0,85.0,77900.0,290.0,LZ,,6.0,11642.0,11642.0,0.23284,HY,STh,True,3187.0,32065589.0,82720.0,3187.0,32065589.0,82720.0,10061.370881706935,25.95544399121431
2063,SubI,Subincertal nucleus,255.0,79.0,85.0,77910.0,290.0,LZ,,6.0,4416.0,4416.0,0.08832,HY,SubI,True,714.0,4785533.0,17862.0,714.0,4785533.0,17862.0,6702.427170868347,25.016806722689076
614,MTu,Medial tuberal nucleus,255.0,79.0,86.0,78000.0,290.0,LZ,,6.0,,8342.0,0.16684,HY,MTu,True,,0.0,0.0,688.0,5514460.0,16993.0,8015.203488372093,24.699127906976745
1991,MTu_leaf,"Medial tuberal nucleus, leaf",255.0,79.0,86.0,78000.0,614.0,MTu,,7.0,5980.0,5980.0,0.1196,HY,misc,False,536.0,4254241.0,13325.0,536.0,4254241.0,13325.0,7937.016791044776,24.86007462686567
2080,Te,Terete hypothalamic nucleus,255.0,79.0,86.0,78010.0,614.0,MTu,,7.0,2362.0,2362.0,0.04724,HY,Te,False,152.0,1260219.0,3668.0,152.0,1260219.0,3668.0,8290.91447368421,24.13157894736842
2079,PeF,Perifornical nucleus,255.0,79.0,86.0,78020.0,290.0,LZ,,6.0,3948.0,3948.0,0.07896,HY,PeF,True,572.0,4301763.0,13136.0,572.0,4301763.0,13136.0,7520.564685314685,22.965034965034967
2111,VLi,Ventral linear nucleus of the thalamus,255.0,79.0,87.0,78030.0,290.0,LZ,,6.0,940.0,940.0,0.0188,HY,VLi,True,158.0,1186977.0,3677.0,158.0,1186977.0,3677.0,7512.512658227848,23.272151898734176
1863,ZI_leaf,"Zona incerta, leaf",255.0,79.0,87.0,78100.0,797.0,ZI,,7.0,11982.0,11982.0,0.23964,HY,misc,False,1905.0,14962954.0,49211.0,1905.0,14962954.0,49211.0,7854.569028871391,25.83254593175853
797,ZI,Zona incerta,255.0,79.0,87.0,78100.0,290.0,LZ,,6.0,,91436.0,1.82872,HY,ZI,True,,0.0,0.0,18637.0,156395556.0,462710.0,8391.670118581316,24.827493695337232
2125,ZIC,"Zona incerta, caudal part",255.0,79.0,87.0,78110.0,797.0,ZI,,7.0,3772.0,3772.0,0.07544,HY,C,False,747.0,7733240.0,18828.0,747.0,7733240.0,18828.0,10352.39625167336,25.204819277108435
2043,ZIR,"Zona incerta, rostral part",255.0,79.0,87.0,78120.0,797.0,ZI,,7.0,3702.0,3702.0,0.07404,HY,R,False,356.0,2294053.0,9115.0,356.0,2294053.0,9115.0,6443.9691011235955,25.603932584269664
2053,ZID,"Zona incerta, dosal part",255.0,79.0,87.0,78130.0,797.0,ZI,,7.0,32116.0,32116.0,0.64232,HY,D,False,7459.0,61697159.0,183861.0,7459.0,61697159.0,183861.0,8271.505429682264,24.649550878133798
2054,ZIV,"Zona incerta, ventral part",255.0,79.0,87.0,78140.0,797.0,ZI,,7.0,31504.0,31504.0,0.63008,HY,V,False,6987.0,60960805.0,173032.0,6987.0,60960805.0,173032.0,8724.889795334193,24.76484900529555
796,DA13,DA13 dopamine cells,255.0,79.0,87.0,78200.0,797.0,ZI,,7.0,748.0,748.0,0.01496,HY,DA13,False,91.0,595172.0,2338.0,91.0,595172.0,2338.0,6540.351648351649,25.692307692307693
2110,F,Nucleus of the fields of Forel,255.0,79.0,87.0,78300.0,797.0,ZI,,7.0,7612.0,7612.0,0.15224,HY,F,False,1092.0,8152173.0,26325.0,1092.0,8152173.0,26325.0,7465.35989010989,24.107142857142858
2191,A7,A7 noradrenaline cells,255.0,79.0,87.0,78320.0,987.0,P-mot,,6.0,,0.0,0.0,P,A7,False,,0.0,0.0,0.0,0.0,0.0,,
2246,A5,A5 noradrenaline cells,255.0,79.0,87.0,78330.0,354.0,MY,,5.0,,0.0,0.0,MY,A5,False,,0.0,0.0,0.0,0.0,0.0,,
2477,Ad1,Ad1 adrenaline cells,255.0,79.0,87.0,78340.0,370.0,MY-mot,,6.0,,0.0,0.0,MY,Ad1,False,,0.0,0.0,0.0,0.0,0.0,,
2478,Ad2,Ad2 adrenaline cells,255.0,79.0,87.0,78350.0,370.0,MY-mot,,6.0,,0.0,0.0,MY,Ad2,False,,0.0,0.0,0.0,0.0,0.0,,
2266,Ad3,Ad3 adrenaline cells,255.0,79.0,87.0,78360.0,370.0,MY-mot,,6.0,118.0,118.0,0.00236,MY,Ad3,False,4.0,23018.0,105.0,4.0,23018.0,105.0,5754.5,26.25
10671,ME,Median eminence,255.0,80.0,80.0,78400.0,1097.0,HY,,5.0,1644.0,1644.0,0.03288,HY,ME,False,5.0,24992.0,108.0,5.0,24992.0,108.0,4998.4,21.6
1221,MB_leaf,"Midbrain, leaf",255.0,200.0,255.0,78500.0,313.0,MB,,4.0,12130.0,12130.0,0.2426,MB,misc,False,1153.0,6943931.0,28563.0,1153.0,6943931.0,28563.0,6022.490026019081,24.772766695576756
313,MB,Midbrain,255.0,200.0,255.0,78500.0,343.0,BS,,3.0,,1717004.0,34.34008,MB,MB,False,,0.0,0.0,173143.0,1174245263.0,4441481.0,6781.938992624594,25.652096821702294
2107,PR,Prerubral field,255.0,200.0,255.0,78510.0,313.0,MB,,4.0,14608.0,14608.0,0.29216,MB,PR,False,2436.0,18924796.0,59693.0,2436.0,18924796.0,59693.0,7768.799671592775,24.504515599343186
339,MBsen,"Midbrain, sensory related",255.0,176.0,254.0,78600.0,313.0,MB,,4.0,,746454.0,14.92908,MB,MBsen,False,,0.0,0.0,70176.0,437741794.0,1811064.0,6237.770662334701,25.807455540355676
2476,SC,Superior colliculus,255.0,176.0,254.0,78610.0,339.0,MBsen,,5.0,,429092.0,8.58184,MB,SC,False,,0.0,0.0,27533.0,169556837.0,754072.0,6158.313187810991,27.38793447862565
302,SCs,"Superior colliculus, sensory related",255.0,152.0,250.0,78700.0,2476.0,SC,,6.0,,121872.0,2.43744,MB,SCs,True,,0.0,0.0,6251.0,49171584.0,185901.0,7866.194848824188,29.739401695728684
851,Op,Optic layer of the superior colliculus,255.0,152.0,250.0,78800.0,302.0,SCs,,7.0,40740.0,40740.0,0.8148,MB,Op,False,4168.0,33424054.0,126088.0,4168.0,33424054.0,126088.0,8019.206813819577,30.25143953934741
842,SuG,Superficial gray layer of the superior colliculus,255.0,152.0,250.0,78900.0,302.0,SCs,,7.0,52588.0,52588.0,1.05176,MB,SuG,False,1699.0,12982448.0,49208.0,1699.0,12982448.0,49208.0,7641.228958210712,28.96291936433196
834,Zo,Zonal layer of superior colliculus,255.0,152.0,250.0,79000.0,302.0,SCs,,7.0,28544.0,28544.0,0.57088,MB,Zo,False,384.0,2765082.0,10605.0,384.0,2765082.0,10605.0,7200.734375,27.6171875
4,IC,Inferior colliculus,255.0,152.0,255.0,79100.0,339.0,MBsen,,5.0,,280788.0,5.61576,MB,IC,False,,0.0,0.0,40453.0,255145561.0,1001449.0,6307.209873186167,24.75586483079129
811,CIC,Central nucleus of the inferior colliculus,255.0,152.0,255.0,79200.0,4.0,IC,,6.0,93992.0,93992.0,1.87984,MB,CIC,True,17212.0,109642963.0,416917.0,17212.0,109642963.0,416917.0,6370.146583778759,24.222461073669532
820,DCIC,Dorsal cortex of the inferior colliculus,255.0,152.0,255.0,79300.0,4.0,IC,,6.0,74172.0,74172.0,1.48344,MB,DCIC,True,9674.0,60255835.0,252646.0,9674.0,60255835.0,252646.0,6228.637068430846,26.115980979946247
828,ECIC,External cortex of the inferior colliculus,255.0,152.0,255.0,79400.0,4.0,IC,,6.0,,111702.0,2.23404,MB,ECIC,True,,0.0,0.0,13551.0,85117223.0,331356.0,6281.25031362999,24.452512729687847
1972,ECIC_leaf,"External cortex of the inferior colliculus, leaf",255.0,152.0,255.0,79400.0,828.0,ECIC,,7.0,52414.0,52414.0,1.04828,MB,misc,False,6037.0,38056540.0,147187.0,6037.0,38056540.0,147187.0,6303.882723206891,24.380818287228756
2188,ECIC1,"External cortex of the inferior colliculus, layer 1",255.0,152.0,255.0,79410.0,828.0,ECIC,,7.0,14974.0,14974.0,0.29948,MB,1,False,1635.0,9621310.0,41155.0,1635.0,9621310.0,41155.0,5884.593272171253,25.171253822629968
2189,ECIC2,"External cortex of the inferior colliculus, layer 2",255.0,152.0,255.0,79420.0,828.0,ECIC,,7.0,8700.0,8700.0,0.174,MB,2,False,1337.0,8538264.0,33134.0,1337.0,8538264.0,33134.0,6386.136125654451,24.782348541510846
2190,ECIC3,"External cortex of the inferior colliculus, layer 3",255.0,152.0,255.0,79430.0,828.0,ECIC,,7.0,35614.0,35614.0,0.71228,MB,3,False,4542.0,28901109.0,109880.0,4542.0,28901109.0,109880.0,6363.079920739762,24.191985909291063
2457,Com,Commissural nucleus of the inferior colliculus,255.0,152.0,255.0,79440.0,4.0,IC,,6.0,922.0,922.0,0.01844,MB,Com,True,16.0,129540.0,530.0,16.0,129540.0,530.0,8096.25,33.125
2475,ReIC,Recess of the inferior colliculus,255.0,152.0,255.0,79450.0,4.0,IC,,6.0,,0.0,0.0,MB,ReIC,False,,0.0,0.0,0.0,0.0,0.0,,
580,BIC,Nucleus of the brachium of the inferior colliculus,255.0,152.0,253.0,79500.0,339.0,MBsen,,5.0,9890.0,9890.0,0.1978,MB,BIC,True,681.0,4100334.0,17819.0,681.0,4100334.0,17819.0,6021.048458149779,26.165932452276063
271,Sag,Sagulum nucleus,255.0,152.0,251.0,79600.0,339.0,MBsen,,5.0,2380.0,2380.0,0.0476,MB,Sag,True,101.0,587218.0,2410.0,101.0,587218.0,2410.0,5814.039603960396,23.861386138613863
874,PBG,Parabigeminal nucleus,255.0,152.0,252.0,79700.0,339.0,MBsen,,5.0,4182.0,4182.0,0.08364,MB,PBG,True,476.0,3168976.0,12753.0,476.0,3168976.0,12753.0,6657.512605042017,26.79201680672269
2163,MiTg,Microcellular tegmental nucleus,255.0,152.0,252.0,79710.0,339.0,MBsen,,5.0,19718.0,19718.0,0.39436,MB,MiTg,True,924.0,5155417.0,22395.0,924.0,5155417.0,22395.0,5579.455627705628,24.23701298701299
460,Me5,Mesencephalic trigeminal nucleus,255.0,152.0,254.0,79800.0,339.0,MBsen,,5.0,,0.0,0.0,MB,Me5,False,,0.0,0.0,0.0,0.0,0.0,,
2108,SCO,Subcommissural organ ,255.0,152.0,254.0,79810.0,339.0,MBsen,,5.0,404.0,404.0,0.00808,MB,SCO,True,8.0,27451.0,166.0,8.0,27451.0,166.0,3431.375,20.75
965,MBmot_leaf,"Midbrain, motor related, leaf",255.0,132.0,255.0,79900.0,323.0,MBmot,,5.0,11112.0,11112.0,0.22224,MB,misc,False,1205.0,10081712.0,31077.0,1205.0,10081712.0,31077.0,8366.565975103735,25.790041493775934
323,MBmot,"Midbrain, motor related",255.0,132.0,255.0,79900.0,313.0,MB,,4.0,,843162.0,16.86324,MB,MBmot,False,,0.0,0.0,87784.0,616899906.0,2232376.0,7027.475462498861,25.430328989337465
2147,mRt,Mesencephalic reticular formation,255.0,132.0,255.0,79910.0,323.0,MBmot,,5.0,112948.0,112948.0,2.25896,MB,mRt,True,14667.0,109249901.0,377188.0,14667.0,109249901.0,377188.0,7448.687598009136,25.716779164109905
2131,p1Rt,prosomere 1 reticular formation,255.0,132.0,255.0,79920.0,323.0,MBmot,,5.0,115584.0,115584.0,2.31168,MB,p1Rt,True,15847.0,114512142.0,389128.0,15847.0,114512142.0,389128.0,7226.108537893608,24.555310153341328
2181,isRt,Isthmic reticular formation,255.0,132.0,255.0,79930.0,323.0,MBmot,,5.0,39454.0,39454.0,0.78908,MB,isRt,True,3990.0,29118834.0,104210.0,3990.0,29118834.0,104210.0,7297.953383458646,26.117794486215537
2154,PaR,Pararubral nucleus,255.0,132.0,255.0,79940.0,323.0,MBmot,,5.0,7596.0,7596.0,0.15192,MB,PaR,True,1335.0,10648881.0,32651.0,1335.0,10648881.0,32651.0,7976.689887640449,24.45767790262172
381,SNR,"Substantia nigra, reticular part",255.0,178.0,247.0,80000.0,323.0,MBmot,,5.0,76214.0,76214.0,1.52428,MB,SNR,True,7478.0,60855279.0,185192.0,7478.0,60855279.0,185192.0,8137.908397967371,24.764910403851296
1997,VTA_leaf,"Ventral tegmental area, leaf",255.0,178.0,246.0,80100.0,749.0,VTA,,6.0,2072.0,2072.0,0.04144,MB,misc,False,26.0,277986.0,879.0,26.0,277986.0,879.0,10691.76923076923,33.80769230769231
749,VTA,Ventral tegmental area,255.0,178.0,246.0,80100.0,323.0,MBmot,,5.0,,44500.0,0.89,MB,VTA,True,,0.0,0.0,4551.0,44234676.0,127016.0,9719.770599868161,27.909470446055813
2138,PN,Paranigral nucleus of the VTA,255.0,178.0,246.0,80110.0,749.0,VTA,,6.0,3750.0,3750.0,0.075,MB,PN,False,285.0,1827187.0,7853.0,285.0,1827187.0,7853.0,6411.182456140351,27.55438596491228
2144,PIF,Parainterfascicular nucleus of the VTA,255.0,178.0,246.0,80120.0,749.0,VTA,,6.0,4764.0,4764.0,0.09528,MB,PIF,False,514.0,4377468.0,14674.0,514.0,4377468.0,14674.0,8516.474708171207,28.54863813229572
2124,PBP,Parabranchial pigmented nucleus of the VTA,255.0,178.0,246.0,80130.0,749.0,VTA,,6.0,27716.0,27716.0,0.55432,MB,PBP,False,3048.0,30842456.0,85045.0,3048.0,30842456.0,85045.0,10118.916010498688,27.90190288713911
2427,VTAR,"Ventral tegmental area, rostral part",255.0,178.0,246.0,80140.0,749.0,VTA,,6.0,6198.0,6198.0,0.12396,MB,VTAR,False,678.0,6909579.0,18565.0,678.0,6909579.0,18565.0,10191.11946902655,27.382005899705014
2112,RI,Rostral interstitial nucleus of the medial longitudinal fasciculus,255.0,178.0,246.0,80150.0,313.0,MB,,4.0,2166.0,2166.0,0.04332,MB,RI,False,370.0,2492293.0,9514.0,370.0,2492293.0,9514.0,6735.927027027027,25.713513513513515
2101,DA11,DA11 dopamine cells,255.0,178.0,246.0,80160.0,313.0,MB,,4.0,882.0,882.0,0.01764,MB,DA11,False,119.0,794365.0,2943.0,119.0,794365.0,2943.0,6675.336134453782,24.73109243697479
2106,RIs_leaf,"Retroisthmic nucleus, leaf",255.0,178.0,249.0,80200.0,246.0,RIs,,6.0,7002.0,7002.0,0.14004,MB,misc,False,871.0,5596196.0,20842.0,871.0,5596196.0,20842.0,6425.02411021814,23.92881745120551
246,RIs,Retroisthmic nucleus,255.0,178.0,249.0,80200.0,323.0,MBmot,,5.0,,16344.0,0.32688,MB,RIs,False,,0.0,0.0,2183.0,17536726.0,55330.0,8033.314704535043,25.345854328905176
2153,RRF,Retrorubral field,255.0,178.0,249.0,80210.0,246.0,RIs,,6.0,9342.0,9342.0,0.18684,MB,RRF,True,1312.0,11940530.0,34488.0,1312.0,11940530.0,34488.0,9101.013719512195,26.286585365853657
294,SCm,"Superior colliculus, motor related",255.0,178.0,248.0,80700.0,2476.0,SC,,6.0,,307220.0,6.1444,MB,SCm,True,,0.0,0.0,21282.0,120385253.0,568171.0,5656.670096795414,26.69725589700216
26,DpG,Deep gray layer of the superior colliculus,255.0,178.0,248.0,80800.0,294.0,SCm,,7.0,70512.0,70512.0,1.41024,MB,DpG,False,4728.0,25101301.0,125039.0,4728.0,25101301.0,125039.0,5309.073815566836,26.446489001692047
42,DpWh,Deep white layer of the superior colliculus,255.0,178.0,248.0,80900.0,294.0,SCm,,7.0,27790.0,27790.0,0.5558,MB,DpWh,False,1871.0,10169133.0,50819.0,1871.0,10169133.0,50819.0,5435.132549438803,27.161411010154996
17,InWh,Intermediate white layer of the superior colliculus,255.0,178.0,248.0,81000.0,294.0,SCm,,7.0,102718.0,102718.0,2.05436,MB,InWh,False,6100.0,32327510.0,159007.0,6100.0,32327510.0,159007.0,5299.5918032786885,26.06672131147541
10,InG,Intermediate gray layer of the superior colliculus,255.0,178.0,248.0,81100.0,294.0,SCm,,7.0,106200.0,106200.0,2.124,MB,InG,False,8583.0,52787309.0,233306.0,8583.0,52787309.0,233306.0,6150.21659093557,27.18233717814284
795,PAG,Periaqueductal gray,255.0,144.0,255.0,81500.0,323.0,MBmot,,5.0,,198442.0,3.96884,MB,PAG,False,,0.0,0.0,13218.0,77338609.0,352767.0,5851.00688455137,26.688379482523832
2083,PAG_leaf,"Periaqueductal gray, leaf",255.0,144.0,255.0,81500.0,795.0,PAG,,6.0,14946.0,14946.0,0.29892,MB,misc,False,1391.0,8531003.0,34169.0,1391.0,8531003.0,34169.0,6133.0,24.564342199856217
2141,DMPAG,Dorsomedial periaqueductal gray,255.0,144.0,255.0,81510.0,795.0,PAG,,6.0,25416.0,25416.0,0.50832,MB,DM,True,694.0,3502442.0,19848.0,694.0,3502442.0,19848.0,5046.746397694525,28.59942363112392
2142,LPAG,Lateral periaqueductal gray,255.0,144.0,255.0,81520.0,795.0,PAG,,6.0,73264.0,73264.0,1.46528,MB,L,True,5131.0,28897286.0,141140.0,5131.0,28897286.0,141140.0,5631.901383745859,27.507308516858313
2143,PlPAG,Pleoglial periaqueductal gray,255.0,144.0,255.0,81530.0,795.0,PAG,,6.0,56.0,56.0,0.00112,MB,Pl,True,,0.0,0.0,0.0,0.0,0.0,,
2148,DLPAG,Dorsolateral periaqueductal gray,255.0,144.0,255.0,81540.0,795.0,PAG,,6.0,23912.0,23912.0,0.47824,MB,DL,True,1071.0,5568012.0,30626.0,1071.0,5568012.0,30626.0,5198.890756302521,28.595704948646127
2162,VLPAG,Ventrolateral periaqueductal gray,255.0,144.0,255.0,81550.0,795.0,PAG,,6.0,38930.0,38930.0,0.7786,MB,VL,True,2198.0,13732665.0,60713.0,2198.0,13732665.0,60713.0,6247.800272975433,27.621929026387626
2114,p1PAG,prosomere 1 periaqueductal gray,255.0,144.0,255.0,81560.0,795.0,PAG,,6.0,21918.0,21918.0,0.43836,MB,p1,True,2733.0,17107201.0,66271.0,2733.0,17107201.0,66271.0,6259.495426271496,24.248444932308818
2123,Lth,Lithoid nucleus,255.0,144.0,255.0,81570.0,323.0,MBmot,,5.0,1930.0,1930.0,0.0386,MB,Lth,True,233.0,1420961.0,5772.0,233.0,1420961.0,5772.0,6098.545064377682,24.7725321888412
50,PrC,Precommissural nucleus,255.0,144.0,255.0,81600.0,323.0,MBmot,,5.0,5932.0,5932.0,0.11864,MB,PrC,True,371.0,1925533.0,9008.0,371.0,1925533.0,9008.0,5190.11590296496,24.28032345013477
67,InC,Interstitial nucleus of Cajal,255.0,145.0,255.0,81700.0,323.0,MBmot,,5.0,,9242.0,0.18484,MB,InC,True,,0.0,0.0,983.0,5538986.0,24946.0,5634.7772126144455,25.37741607324517
2084,InC_leaf,"Interstitial nucleus of Cajal, leaf",255.0,145.0,255.0,81700.0,67.0,InC,,6.0,4572.0,4572.0,0.09144,MB,misc,False,509.0,2863648.0,12950.0,509.0,2863648.0,12950.0,5626.027504911592,25.442043222003928
2129,InCSh,"Interstitial nucleus of Cajal, shell region",255.0,145.0,255.0,81710.0,67.0,InC,,6.0,4670.0,4670.0,0.0934,MB,InCSh,False,474.0,2675338.0,11996.0,474.0,2675338.0,11996.0,5644.172995780591,25.30801687763713
587,Dk,Nucleus of Darkschewitsch,255.0,146.0,255.0,81800.0,323.0,MBmot,,5.0,4498.0,4498.0,0.08996,MB,Dk,True,411.0,2188868.0,10287.0,411.0,2188868.0,10287.0,5325.712895377129,25.029197080291972
2152,Su3C,Supraoculomotor cap,255.0,146.0,255.0,81810.0,323.0,MBmot,,5.0,5096.0,5096.0,0.10192,MB,Su3C,True,581.0,3571910.0,16347.0,581.0,3571910.0,16347.0,6147.865748709122,28.135972461273667
2156,Su3,Supraoculomotor periaqueductal gray,255.0,146.0,255.0,81820.0,323.0,MBmot,,5.0,3724.0,3724.0,0.07448,MB,Su3,True,477.0,3088853.0,13491.0,477.0,3088853.0,13491.0,6475.582809224318,28.28301886792453
1100,PRT,Pretectal region,255.0,176.0,250.0,81900.0,323.0,MBmot,,5.0,,77288.0,1.54576,MB,PRT,False,,0.0,0.0,10180.0,56034741.0,244227.0,5504.394990176817,23.990864440078585
215,APT,Anterior pretectal nucleus,255.0,176.0,249.0,82000.0,1100.0,PRT,,6.0,,54116.0,1.08232,MB,APT,True,,0.0,0.0,7011.0,35890920.0,161509.0,5119.229781771502,23.03651404935102
1981,APT_leaf,"Anterior pretectal nucleus, leaf",255.0,176.0,249.0,82000.0,215.0,APT,,7.0,16822.0,16822.0,0.33644,MB,misc,False,2425.0,12676454.0,55586.0,2425.0,12676454.0,55586.0,5227.403711340206,22.922061855670105
2099,APTD,"Anterior pretectal nucleus, dorsal part",255.0,176.0,249.0,82010.0,215.0,APT,,7.0,29382.0,29382.0,0.58764,MB,APTD,False,3713.0,18951534.0,86484.0,3713.0,18951534.0,86484.0,5104.102881766766,23.292216536493402
2100,APTV,"Anterior pretectal nucleus, ventral part",255.0,176.0,249.0,82020.0,215.0,APT,,7.0,7912.0,7912.0,0.15824,MB,APTV,False,873.0,4262932.0,19439.0,873.0,4262932.0,19439.0,4883.083619702176,22.26689576174112
531,MPT,Medial pretectal area,255.0,176.0,248.0,82100.0,1100.0,PRT,,6.0,3474.0,3474.0,0.06948,MB,MPT,True,396.0,2394001.0,10783.0,396.0,2394001.0,10783.0,6045.457070707071,27.22979797979798
2415,ReC,Retrocommissural nucleus,255.0,176.0,248.0,82110.0,1100.0,PRT,,6.0,1582.0,1582.0,0.03164,MB,ReC,True,109.0,531722.0,2681.0,109.0,531722.0,2681.0,4878.183486238532,24.59633027522936
628,OT,Nucleus of the optic tract,255.0,176.0,247.0,82200.0,1100.0,PRT,,6.0,5314.0,5314.0,0.10628,MB,OT,True,725.0,4853141.0,20099.0,725.0,4853141.0,20099.0,6693.987586206897,27.722758620689657
634,PCom,Nucleus of the posterior commissure,255.0,176.0,246.0,82300.0,1100.0,PRT,,6.0,,5990.0,0.1198,MB,PCom,True,,0.0,0.0,692.0,4052383.0,16993.0,5856.044797687861,24.55635838150289
1984,PCom_leaf,"Nucleus of the posterior commissure, leaf",255.0,176.0,246.0,82300.0,634.0,PCom,,7.0,3894.0,3894.0,0.07788,MB,misc,False,343.0,1830728.0,8438.0,343.0,1830728.0,8438.0,5337.399416909621,24.600583090379008
2121,MCPC,Magnocellular nucleus of the posterior commissure,255.0,176.0,246.0,82310.0,634.0,PCom,,7.0,2096.0,2096.0,0.04192,MB,MCPC,False,349.0,2221655.0,8555.0,349.0,2221655.0,8555.0,6365.7736389684815,24.512893982808023
706,OPT,Olivary pretectal nucleus,255.0,176.0,245.0,82400.0,1100.0,PRT,,6.0,3682.0,3682.0,0.07364,MB,OPT,True,596.0,3857898.0,15687.0,596.0,3857898.0,15687.0,6472.98322147651,26.32046979865772
1061,PPT,Posterior pretectal nucleus,255.0,176.0,244.0,82500.0,1100.0,PRT,,6.0,1592.0,1592.0,0.03184,MB,PPT,True,257.0,1584690.0,6909.0,257.0,1584690.0,6909.0,6166.1089494163425,26.883268482490273
2122,RPF,Retroparafascicular nucleus,255.0,176.0,244.0,82510.0,1100.0,PRT,,6.0,1538.0,1538.0,0.03076,MB,RPF,True,394.0,2869986.0,9566.0,394.0,2869986.0,9566.0,7284.228426395939,24.279187817258883
1993,CnF_leaf,"Cuneiform nucleus, leaf",255.0,178.0,254.0,82600.0,616.0,CnF,,6.0,23850.0,23850.0,0.477,MB,misc,False,1816.0,10361427.0,43461.0,1816.0,10361427.0,43461.0,5705.631607929516,23.93226872246696
616,CnF,Cuneiform nucleus,255.0,178.0,254.0,82600.0,323.0,MBmot,,5.0,,49460.0,0.9892,MB,CnF,False,,0.0,0.0,3652.0,20765294.0,88361.0,5686.006024096386,24.19523548740416
2192,PrCnF,Precuneiform area,255.0,178.0,254.0,82610.0,616.0,CnF,,6.0,25610.0,25610.0,0.5122,MB,PrCnF,True,1836.0,10403867.0,44900.0,1836.0,10403867.0,44900.0,5666.594226579521,24.455337690631808
214,R,Red nucleus,255.0,134.0,249.0,82700.0,323.0,MBmot,,5.0,,32900.0,0.658,MB,R,False,,0.0,0.0,3582.0,27745901.0,89776.0,7745.9243439419315,25.063093243997766
1994,R_leaf,"Red nucleus, leaf",255.0,134.0,249.0,82700.0,214.0,R,,6.0,680.0,680.0,0.0136,MB,misc,False,77.0,693167.0,2236.0,77.0,693167.0,2236.0,9002.16883116883,29.038961038961038
2137,RPC,"Red nucleus, parvicellular part",255.0,134.0,249.0,82710.0,214.0,R,,6.0,18820.0,18820.0,0.3764,MB,RPC,True,2337.0,17287580.0,57341.0,2337.0,17287580.0,57341.0,7397.338468121523,24.536157466837825
2139,RMC,"Red nucleus, magnocellular part",255.0,134.0,249.0,82720.0,214.0,R,,6.0,13400.0,13400.0,0.268,MB,RMC,True,1168.0,9765154.0,30199.0,1168.0,9765154.0,30199.0,8360.577054794521,25.85530821917808
2136,MA3,Medial accessory oculomotor nucleus,255.0,168.0,255.0,82730.0,323.0,MBmot,,5.0,2152.0,2152.0,0.04304,MB,MA3,True,287.0,1452564.0,7081.0,287.0,1452564.0,7081.0,5061.198606271777,24.67247386759582
2113,3N_leaf,"Oculomotor nerve, leaf",255.0,168.0,255.0,82800.0,35.0,3N,,6.0,2910.0,2910.0,0.0582,MB,misc,False,246.0,1486906.0,6624.0,246.0,1486906.0,6624.0,6044.333333333333,26.926829268292682
35,3N,Oculomotor nerve,255.0,168.0,255.0,82800.0,323.0,MBmot,,5.0,,5132.0,0.10264,MB,3N,False,,0.0,0.0,558.0,3460671.0,15086.0,6201.919354838709,27.03584229390681
2157,3PC,"Oculomotor nucleus, parvicellular part",255.0,168.0,255.0,82810.0,35.0,3N,,6.0,2222.0,2222.0,0.04444,MB,3PC,True,312.0,1973765.0,8462.0,312.0,1973765.0,8462.0,6326.169871794872,27.121794871794872
1995,EW_leaf,"Edinger-Westphal nucleus, leaf",255.0,178.0,253.0,82900.0,975.0,EW,,6.0,688.0,688.0,0.01376,MB,misc,False,41.0,192613.0,982.0,41.0,192613.0,982.0,4697.878048780488,23.951219512195124
975,EW,Edinger-Westphal nucleus,255.0,178.0,253.0,82900.0,323.0,MBmot,,5.0,,1472.0,0.02944,MB,EW,False,,0.0,0.0,152.0,799333.0,3659.0,5258.769736842105,24.07236842105263
2130,PrEW,Pre-Edinger-Westphal nucleus,255.0,178.0,253.0,82910.0,975.0,EW,,6.0,784.0,784.0,0.01568,MB,PrEW,True,111.0,606720.0,2677.0,111.0,606720.0,2677.0,5465.945945945946,24.117117117117118
115,4N,Trochlear nucleus,255.0,178.0,255.0,83000.0,323.0,MBmot,,5.0,,5072.0,0.10144,MB,4N,False,,0.0,0.0,434.0,3391162.0,13339.0,7813.73732718894,30.735023041474655
1998,4N_leaf,"Trochlear nucleus, leaf",255.0,178.0,255.0,83000.0,115.0,4N,,6.0,630.0,630.0,0.0126,MB,misc,False,29.0,260468.0,864.0,29.0,260468.0,864.0,8981.655172413793,29.79310344827586
2180,4Sh,Trochlear nucleus shell region,255.0,178.0,255.0,83010.0,115.0,4N,,6.0,674.0,674.0,0.01348,MB,4Sh,True,72.0,512824.0,2076.0,72.0,512824.0,2076.0,7122.555555555556,28.833333333333332
2179,Pa4,Paratrochlear nucleus,255.0,178.0,255.0,83020.0,115.0,4N,,6.0,3768.0,3768.0,0.07536,MB,Pa4,True,333.0,2617870.0,10399.0,333.0,2617870.0,10399.0,7861.471471471472,31.22822822822823
757,VTg,Ventral tegmental nucleus,255.0,177.0,250.0,83100.0,323.0,MBmot,,5.0,2896.0,2896.0,0.05792,MB,VTg,True,81.0,480167.0,2259.0,81.0,480167.0,2259.0,5927.9876543209875,27.88888888888889
231,ATg,Anterior tegmental nucleus,255.0,177.0,252.0,83200.0,323.0,MBmot,,5.0,3152.0,3152.0,0.06304,MB,ATg,True,268.0,2078853.0,7634.0,268.0,2078853.0,7634.0,7756.914179104478,28.48507462686567
2168,Rbd,Rhabdoid nucleus,255.0,177.0,252.0,83210.0,323.0,MBmot,,5.0,590.0,590.0,0.0118,MB,Rbd,False,28.0,135169.0,679.0,28.0,135169.0,679.0,4827.464285714285,24.25
66,LT,Lateral terminal nucleus of the accessory optic tract,255.0,177.0,253.0,83300.0,323.0,MBmot,,5.0,750.0,750.0,0.015,MB,LT,False,69.0,506366.0,1658.0,69.0,506366.0,1658.0,7338.63768115942,24.028985507246375
75,DT,Dorsal terminal nucleus,255.0,177.0,253.0,83400.0,323.0,MBmot,,5.0,846.0,846.0,0.01692,MB,DT,True,51.0,324305.0,1341.0,51.0,324305.0,1341.0,6358.921568627451,26.294117647058822
58,MT,Medial terminal nucleus,255.0,177.0,253.0,83500.0,323.0,MBmot,,5.0,1312.0,1312.0,0.02624,MB,MT,True,196.0,2330745.0,5280.0,196.0,2330745.0,5280.0,11891.55612244898,26.93877551020408
615,SNL,"Substantia nigra, lateral part",255.0,178.0,247.0,83600.0,323.0,MBmot,,5.0,7524.0,7524.0,0.15048,MB,SNL,True,716.0,6082764.0,17586.0,716.0,6082764.0,17586.0,8495.480446927375,24.56145251396648
348,MBsta,"Midbrain, behavioral state related",255.0,176.0,253.0,83700.0,313.0,MB,,4.0,,97602.0,1.95204,MB,MBsta,False,,0.0,0.0,11105.0,90448178.0,297328.0,8144.81566861774,26.774245835209364
1996,SNC_leaf,"Substantia nigra, compact part, leaf",255.0,158.0,248.0,83800.0,374.0,SNC,,6.0,188.0,188.0,0.00376,MB,misc,False,24.0,317438.0,653.0,24.0,317438.0,653.0,13226.583333333334,27.208333333333332
374,SNC,"Substantia nigra, compact part",255.0,158.0,248.0,83800.0,348.0,MBsta,,5.0,,13610.0,0.2722,MB,SNC,True,,0.0,0.0,1899.0,21478700.0,49660.0,11310.531858873092,26.150605581885202
2134,SNCD,"Substantia nigra, compact part, dorsal tier",255.0,158.0,248.0,83810.0,374.0,SNC,,6.0,12968.0,12968.0,0.25936,MB,SNCD,False,1815.0,20312304.0,47299.0,1815.0,20312304.0,47299.0,11191.352066115702,26.060055096418733
2135,SNCM,"Substantia nigra, compact part, medial tier",255.0,158.0,248.0,83820.0,374.0,SNC,,6.0,454.0,454.0,0.00908,MB,SNCM,False,60.0,848958.0,1708.0,60.0,848958.0,1708.0,14149.3,28.466666666666665
1052,PTg,Pedunculotegmental nucleus,255.0,158.0,255.0,83900.0,348.0,MBsta,,5.0,,32156.0,0.64312,MB,PTg,False,,0.0,0.0,4735.0,39415959.0,122825.0,8324.384160506865,25.939809926082365
1992,PTg_leaf,"Pedunculotegmental nucleus, leaf",255.0,158.0,255.0,83900.0,1052.0,PTg,,6.0,23884.0,23884.0,0.47768,MB,misc,False,3664.0,31295159.0,94120.0,3664.0,31295159.0,94120.0,8541.25518558952,25.687772925764193
2183,SPTg,Subpeduncular tegmental nucleus,255.0,158.0,255.0,83910.0,1052.0,PTg,,6.0,8272.0,8272.0,0.16544,MB,SPTg,True,1071.0,8120800.0,28705.0,1071.0,8120800.0,28705.0,7582.446311858076,26.802054154995332
165,RAmb,Midbrain raphÈ nuclei,255.0,158.0,254.0,84000.0,348.0,MBsta,,5.0,,51836.0,1.03672,MB,RAmb,False,,0.0,0.0,4471.0,29553519.0,124843.0,6610.046745694475,27.92283605457392
12,IF,Interfascicular nucleus,255.0,158.0,251.0,84100.0,165.0,RAmb,,6.0,2028.0,2028.0,0.04056,MB,IF,True,150.0,905182.0,3882.0,150.0,905182.0,3882.0,6034.546666666667,25.88
100,IP,Interpeduncular nucleus,255.0,158.0,247.0,84200.0,165.0,RAmb,,6.0,,17740.0,0.3548,MB,IP,True,,0.0,0.0,1914.0,12035136.0,51577.0,6287.949843260188,26.94723092998955
2140,IPR,"Interpeduncular nucleus, rostral subnucleus",255.0,158.0,247.0,84210.0,100.0,IP,,7.0,4672.0,4672.0,0.09344,MB,R,False,533.0,3069336.0,13551.0,533.0,3069336.0,13551.0,5758.604127579737,25.424015009380863
2145,IPL,"Interpeduncular nucleus, lateral subnucleus",255.0,158.0,247.0,84220.0,100.0,IP,,7.0,2996.0,2996.0,0.05992,MB,L,False,233.0,1435150.0,6472.0,233.0,1435150.0,6472.0,6159.442060085837,27.776824034334766
2146,IPC,"Interpeduncular nucleus, caudal subnucleus",255.0,158.0,247.0,84230.0,100.0,IP,,7.0,3508.0,3508.0,0.07016,MB,C,False,389.0,2452629.0,10409.0,389.0,2452629.0,10409.0,6304.958868894601,26.75835475578406
2149,IPDM,"Interpeduncular nucleus, dorsomedial subnucleus",255.0,158.0,247.0,84240.0,100.0,IP,,7.0,1266.0,1266.0,0.02532,MB,DM,False,219.0,1348609.0,5929.0,219.0,1348609.0,5929.0,6158.03196347032,27.073059360730593
2151,IPDL,"Interpeduncular nucleus, dorsolateral subnucleus",255.0,158.0,247.0,84250.0,100.0,IP,,7.0,1270.0,1270.0,0.0254,MB,DL,False,135.0,882728.0,3735.0,135.0,882728.0,3735.0,6538.725925925926,27.666666666666668
2150,IPI,"Interpeduncular nucleus, intermediate subnucleus",255.0,158.0,247.0,84260.0,100.0,IP,,7.0,3798.0,3798.0,0.07596,MB,I,False,392.0,2774693.0,11097.0,392.0,2774693.0,11097.0,7078.298469387755,28.308673469387756
2160,IPA,"Interpeduncular nucleus, apical subnucleus",255.0,158.0,247.0,84270.0,100.0,IP,,7.0,230.0,230.0,0.0046,MB,A,False,13.0,71991.0,384.0,13.0,71991.0,384.0,5537.7692307692305,29.53846153846154
197,RLi ,Rostral linear nucleus (midbrain),255.0,158.0,249.0,84300.0,165.0,RAmb,,6.0,4748.0,4748.0,0.09496,MB,RLi ,True,470.0,3083633.0,12297.0,470.0,3083633.0,12297.0,6560.9212765957445,26.163829787234043
591,CLi,Caudal linear nucleus of the raphÈ,255.0,158.0,253.0,84400.0,165.0,RAmb,,6.0,2348.0,2348.0,0.04696,MB,CLi,True,260.0,1871254.0,7231.0,260.0,1871254.0,7231.0,7197.130769230769,27.81153846153846
1990,DR_leaf,"Dorsal raphÈ nucleus, leaf",255.0,158.0,252.0,84500.0,872.0,DR,,7.0,1178.0,1178.0,0.02356,MB,misc,False,96.0,543129.0,2598.0,96.0,543129.0,2598.0,5657.59375,27.0625
872,DR,Dorsal raphÈ nucleus,255.0,158.0,252.0,84500.0,165.0,RAmb,,6.0,,24972.0,0.49944,MB,DR,True,,0.0,0.0,1677.0,11658314.0,49856.0,6951.886702444842,29.72927847346452
2173,DRC,"Dorsal raphÈ nucleus, caudal part",255.0,158.0,252.0,84510.0,872.0,DR,,7.0,1798.0,1798.0,0.03596,MB,C,False,97.0,659313.0,3113.0,97.0,659313.0,3113.0,6797.041237113402,32.09278350515464
2174,DRD,"Dorsal raphÈ nucleus, dorsal part",255.0,158.0,252.0,84520.0,872.0,DR,,7.0,2554.0,2554.0,0.05108,MB,D,False,64.0,393873.0,1875.0,64.0,393873.0,1875.0,6154.265625,29.296875
2175,DRI,Dorsal raphÈ interfascicular part,255.0,158.0,252.0,84530.0,872.0,DR,,7.0,748.0,748.0,0.01496,MB,I,False,71.0,432687.0,1935.0,71.0,432687.0,1935.0,6094.183098591549,27.253521126760564
2176,DRL,"Dorsal raphÈ nucleus, lateral part",255.0,158.0,252.0,84540.0,872.0,DR,,7.0,7078.0,7078.0,0.14156,MB,L,False,544.0,4480802.0,17136.0,544.0,4480802.0,17136.0,8236.76838235294,31.5
2177,DRV,"Dorsal raphÈ nucleus, ventral part",255.0,158.0,252.0,84550.0,872.0,DR,,7.0,2856.0,2856.0,0.05712,MB,V,False,166.0,890046.0,4463.0,166.0,890046.0,4463.0,5361.722891566265,26.8855421686747
2178,PDR,Posterodorsal raphÈ nucleus,255.0,158.0,252.0,84560.0,872.0,DR,,7.0,8760.0,8760.0,0.1752,MB,P,False,639.0,4258464.0,18736.0,639.0,4258464.0,18736.0,6664.262910798122,29.320813771517997
1065,HB,Hindbrain,255.0,155.0,168.0,84600.0,343.0,BS,,3.0,,2091336.0,41.82672,,HB,False,,0.0,0.0,231483.0,1820004244.0,6167411.0,7862.366756954074,26.643040741652733
1350,P_leaf,"Pons, leaf",255.0,155.0,136.0,84700.0,771.0,P,,5.0,20684.0,20684.0,0.41368,P,misc,False,3008.0,23111818.0,79465.0,3008.0,23111818.0,79465.0,7683.450132978724,26.41788563829787
771,P,Pons,255.0,155.0,136.0,84700.0,1065.0,HB,,4.0,,680660.0,13.6132,P,P,False,,0.0,0.0,67249.0,530488709.0,1822104.0,7888.425240524022,27.094886169311067
1132,P-sen,"Pons, sensory related",255.0,170.0,98.0,84800.0,771.0,P,,5.0,,184076.0,3.68152,P,P-sen,False,,0.0,0.0,18373.0,153441575.0,483143.0,8351.470908398192,26.296358787351004
1134,PL_leaf,"Paralemniscal nucleus, leaf",255.0,170.0,97.0,84900.0,612.0,PL,,7.0,9498.0,9498.0,0.18996,P,misc,False,1013.0,8794751.0,26073.0,1013.0,8794751.0,26073.0,8681.886475814412,25.738400789733465
612,PL,Paralemniscal nucleus,255.0,170.0,97.0,84900.0,1132.0,P-sen,,6.0,,45924.0,0.91848,P,PL,False,,0.0,0.0,4194.0,36464740.0,107975.0,8694.501669051026,25.745112064854553
82,DLL,Dorsal nucleus of the lateral lemniscus,255.0,170.0,97.0,85000.0,612.0,PL,,7.0,5042.0,5042.0,0.10084,P,DLL,False,299.0,1825561.0,7515.0,299.0,1825561.0,7515.0,6105.555183946488,25.13377926421405
99,VLL,Ventral nucleus of the lateral lemniscus,255.0,170.0,97.0,85200.0,612.0,PL,,7.0,15558.0,15558.0,0.31116,P,VLL,False,1114.0,10780039.0,28829.0,1114.0,10780039.0,28829.0,9676.875224416517,25.878815080789945
2172,ILL,Intermediate nucleus of the lateral lemniscus,255.0,170.0,97.0,85210.0,612.0,PL,,7.0,13536.0,13536.0,0.27072,P,ILL,False,1503.0,13238592.0,38863.0,1503.0,13238592.0,38863.0,8808.111776447106,25.856952761144377
2184,TrLL,"Triangular nucleus, lateral lemniscus",255.0,170.0,97.0,85220.0,612.0,PL,,7.0,2290.0,2290.0,0.0458,P,TrLL,False,265.0,1825797.0,6695.0,265.0,1825797.0,6695.0,6889.8,25.264150943396228
1980,Pr5_leaf,"Principal sensory trigeminal nucleus, leaf",255.0,170.0,95.0,85300.0,7.0,Pr5,,7.0,14612.0,14612.0,0.29224,P,misc,False,1450.0,9788680.0,36852.0,1450.0,9788680.0,36852.0,6750.813793103448,25.415172413793105
7,Pr5,Principal sensory trigeminal nucleus,255.0,170.0,95.0,85300.0,1132.0,P-sen,,6.0,,58890.0,1.1778,P,Pr5,False,,0.0,0.0,4942.0,36628517.0,131725.0,7411.6788749494135,26.65418858761635
2203,Pr5DM,"Principal sensory trigeminal nucleus, dorsomedial part",255.0,170.0,95.0,85310.0,7.0,Pr5,,7.0,16850.0,16850.0,0.337,P,DM,False,1688.0,14034203.0,47097.0,1688.0,14034203.0,47097.0,8314.101303317535,27.901066350710902
2202,Pr5VL,"Principal sensory trigeminal nucleus, ventrolateral part",255.0,170.0,95.0,85320.0,7.0,Pr5,,7.0,27428.0,27428.0,0.54856,P,VL,False,1804.0,12805634.0,47776.0,1804.0,12805634.0,47776.0,7098.466740576497,26.483370288248338
627,PB_leaf,"Parabrachial nucleus, leaf",255.0,170.0,96.0,85400.0,867.0,PB,,7.0,488.0,488.0,0.00976,P,misc,False,99.0,1035616.0,2699.0,99.0,1035616.0,2699.0,10460.767676767677,27.262626262626263
867,PB,Parabrachial nucleus,255.0,170.0,96.0,85400.0,1132.0,P-sen,,6.0,,39660.0,0.7932,P,PB,False,,0.0,0.0,7335.0,64556233.0,191076.0,8801.1224267212,26.049897750511246
123,KF,Kolliker-Fuse nucleus,255.0,165.0,96.0,85500.0,867.0,PB,,7.0,1598.0,1598.0,0.03196,P,KF,False,379.0,3139837.0,10051.0,379.0,3139837.0,10051.0,8284.530343007915,26.519788918205805
1292,LPB_leaf,"Lateral parabrachial nucleus, leaf",255.0,169.0,96.0,85600.0,881.0,LPB,,8.0,6484.0,6484.0,0.12968,P,misc,False,1082.0,8619252.0,27253.0,1082.0,8619252.0,27253.0,7966.03696857671,25.18761552680222
881,LPB,Lateral parabrachial nucleus,255.0,169.0,96.0,85600.0,867.0,PB,,7.0,,21418.0,0.42836,P,LPB,False,,0.0,0.0,3957.0,33869942.0,101462.0,8559.500126358353,25.641142279504674
860,LPBC,"Lateral parabrachial nucleus, central part",255.0,169.0,96.0,85700.0,881.0,LPB,,8.0,1814.0,1814.0,0.03628,P,C,False,352.0,2939113.0,8906.0,352.0,2939113.0,8906.0,8349.75284090909,25.301136363636363
2458,LPBCr,"Lateral parabrachial nucleus, crescent part",255.0,169.0,96.0,85710.0,881.0,LPB,,8.0,2156.0,2156.0,0.04312,P,Cr,False,490.0,4689631.0,13024.0,490.0,4689631.0,13024.0,9570.675510204082,26.579591836734693
868,LPBD,"Lateral parabrachial nucleus, dorsal part",255.0,169.0,96.0,85800.0,881.0,LPB,,8.0,2084.0,2084.0,0.04168,P,D,False,350.0,3002371.0,8874.0,350.0,3002371.0,8874.0,8578.202857142856,25.354285714285716
875,LPBE,"Lateral parabrachial nucleus, external part",255.0,169.0,96.0,85900.0,881.0,LPB,,8.0,3416.0,3416.0,0.06832,P,E,False,829.0,8139884.0,21983.0,829.0,8139884.0,21983.0,9818.91917973462,26.517490952955367
883,LPBS,"Lateral parabrachial nucleus, superior part",255.0,169.0,96.0,86000.0,881.0,LPB,,8.0,1354.0,1354.0,0.02708,P,S,False,249.0,1753924.0,6288.0,249.0,1753924.0,6288.0,7043.871485943775,25.253012048192772
891,LPBV,"Lateral parabrachial nucleus, ventral part",255.0,169.0,96.0,86100.0,881.0,LPB,,8.0,2380.0,2380.0,0.0476,P,V,False,437.0,3622010.0,10979.0,437.0,3622010.0,10979.0,8288.352402745995,25.123569794050344
2213,LPBI,"Lateral parabrachial nucleus, internal part",255.0,169.0,96.0,86110.0,881.0,LPB,,8.0,1730.0,1730.0,0.0346,P,I,False,168.0,1103757.0,4155.0,168.0,1103757.0,4155.0,6569.982142857143,24.732142857142858
894,MPB_leaf,"Medial parabrachial nucleus, leaf",255.0,168.0,96.0,86200.0,890.0,MPB,,8.0,13950.0,13950.0,0.279,P,misc,False,2463.0,21775804.0,64670.0,2463.0,21775804.0,64670.0,8841.170929760454,26.256597645148194
890,MPB,Medial parabrachial nucleus,255.0,168.0,96.0,86200.0,867.0,PB,,7.0,,16156.0,0.32312,P,MPB,False,,0.0,0.0,2900.0,26510838.0,76864.0,9141.668275862068,26.504827586206897
899,MPBE,"Medial parabrachial nucleus, external part",255.0,168.0,96.0,86300.0,890.0,MPB,,8.0,2206.0,2206.0,0.04412,P,E,False,437.0,4735034.0,12194.0,437.0,4735034.0,12194.0,10835.318077803204,27.903890160183067
398,SOC,Superior olivary complex,255.0,170.0,94.0,86600.0,1132.0,P-sen,,6.0,,39602.0,0.79204,P,SOC,False,,0.0,0.0,1902.0,15792085.0,52367.0,8302.883806519454,27.53259726603575
122,POR,"Superior olivary complex, periolivary nucleus",255.0,170.0,94.0,86700.0,398.0,SOC,,7.0,,10460.0,0.2092,P,POR,False,,0.0,0.0,547.0,4660093.0,15064.0,8519.36563071298,27.53930530164534
2207,LVPO,Lateroventral periolivary nucleus,255.0,170.0,94.0,86710.0,122.0,POR,,8.0,2688.0,2688.0,0.05376,P,LVPO,False,65.0,471861.0,1780.0,65.0,471861.0,1780.0,7259.4,27.384615384615383
2208,MVPO,Medioventral periolivary nucleus,255.0,170.0,94.0,86720.0,122.0,POR,,8.0,4770.0,4770.0,0.0954,P,MVPO,False,220.0,1821121.0,6080.0,220.0,1821121.0,6080.0,8277.822727272727,27.636363636363637
2209,DPO,Dorsal periolivary region,255.0,170.0,94.0,86730.0,122.0,POR,,8.0,3002.0,3002.0,0.06004,P,DPO,False,262.0,2367111.0,7204.0,262.0,2367111.0,7204.0,9034.774809160306,27.49618320610687
2227,CPO,Caudal periolivary nucleus,255.0,170.0,94.0,86740.0,122.0,POR,,8.0,,0.0,0.0,P,CPO,False,,0.0,0.0,0.0,0.0,0.0,,
2456,SPO,Superior paraolivary nucleus,255.0,170.0,94.0,86750.0,398.0,SOC,,7.0,8588.0,8588.0,0.17176,P,SPO,False,461.0,3925694.0,13041.0,461.0,3925694.0,13041.0,8515.605206073753,28.288503253796094
105,MSO,Medial superior olive,255.0,170.0,94.0,86800.0,398.0,SOC,,7.0,848.0,848.0,0.01696,P,MSO,False,47.0,328145.0,1238.0,47.0,328145.0,1238.0,6981.808510638298,26.340425531914892
114,LSO,Lateral superior olive,255.0,170.0,94.0,86900.0,398.0,SOC,,7.0,13210.0,13210.0,0.2642,P,LSO,False,371.0,2852885.0,10264.0,371.0,2852885.0,10264.0,7689.7169811320755,27.665768194070083
2187,CAT,Nucleus of the central acoustic tract,255.0,170.0,94.0,86910.0,398.0,SOC,,7.0,6496.0,6496.0,0.12992,P,CAT,False,476.0,4025268.0,12760.0,476.0,4025268.0,12760.0,8456.44537815126,26.80672268907563
987,P-mot,"Pons, motor related",255.0,174.0,92.0,87000.0,771.0,P,,5.0,,240302.0,4.80604,P,P-mot,False,,0.0,0.0,22011.0,176375025.0,610359.0,8013.040070873654,27.729726046067874
2505,Bar_leaf,"Barrington's nucleus, leaf",255.0,174.0,80.0,87100.0,280.0,Bar,,7.0,898.0,898.0,0.01796,P,misc,False,104.0,877190.0,2833.0,104.0,877190.0,2833.0,8434.51923076923,27.240384615384617
280,Bar,Barrington's nucleus,255.0,174.0,80.0,87100.0,987.0,P-mot,,6.0,,5908.0,0.11816,P,Bar,False,,0.0,0.0,923.0,7852314.0,25870.0,8507.382448537379,28.028169014084508
2459,Bard,"Barrington's nucleus, dorsal part",255.0,174.0,80.0,87110.0,280.0,Bar,,7.0,2188.0,2188.0,0.04376,P,d,False,319.0,2937717.0,8961.0,319.0,2937717.0,8961.0,9209.144200626959,28.09090909090909
2460,Barv,"Barrington's nucleus, ventral part",255.0,174.0,80.0,87120.0,280.0,Bar,,7.0,2822.0,2822.0,0.05644,P,b,False,500.0,4037407.0,14076.0,500.0,4037407.0,14076.0,8074.814,28.152
880,DTg,Dorsal tegmental nucleus,255.0,174.0,87.0,87200.0,987.0,P-mot,,6.0,,14104.0,0.28208,P,DTg,False,,0.0,0.0,1076.0,6635023.0,29305.0,6166.378252788104,27.235130111524164
2210,DTgC,"Dorsal tegmental nucleus, central part",255.0,174.0,87.0,87210.0,880.0,DTg,,7.0,3452.0,3452.0,0.06904,P,DTgC,False,321.0,1824891.0,8348.0,321.0,1824891.0,8348.0,5685.018691588785,26.006230529595015
2201,DTgP,"Dorsal tegmental nucleus, pericentral part",255.0,174.0,87.0,87220.0,880.0,DTg,,7.0,3986.0,3986.0,0.07972,P,DTgP,False,298.0,1772385.0,8211.0,298.0,1772385.0,8211.0,5947.60067114094,27.553691275167786
2230,PDTg,Posterodorsal tegmental nucleus,255.0,174.0,87.0,87230.0,880.0,DTg,,7.0,6666.0,6666.0,0.13332,P,PDTg,False,457.0,3037747.0,12746.0,457.0,3037747.0,12746.0,6647.1487964989055,27.89059080962801
898,CG,Central gray,255.0,174.0,120.0,87400.0,987.0,P-mot,,6.0,,23974.0,0.47948,P,CG,False,,0.0,0.0,2697.0,21110374.0,79658.0,7827.354097144976,29.53578049684835
1978,CG_leaf,"Central gray, leaf",255.0,174.0,120.0,87400.0,898.0,CG,,7.0,13782.0,13782.0,0.27564,P,misc,False,1522.0,11721920.0,44152.0,1522.0,11721920.0,44152.0,7701.6557161629435,29.009198423127465
2215,CGA,"Central gray, alpha part",255.0,174.0,120.0,87410.0,898.0,CG,,7.0,4936.0,4936.0,0.09872,P,A,False,499.0,4070810.0,15419.0,499.0,4070810.0,15419.0,8157.935871743487,30.899799599198396
2216,CGB,"Central gray, beta part",255.0,174.0,120.0,87420.0,898.0,CG,,7.0,3648.0,3648.0,0.07296,P,B,False,549.0,4600907.0,16558.0,549.0,4600907.0,16558.0,8380.52276867031,30.160291438979964
2231,CGG,"Central gray, gamma part",255.0,174.0,120.0,87430.0,898.0,CG,,7.0,904.0,904.0,0.01808,P,G,False,69.0,341256.0,1808.0,69.0,341256.0,1808.0,4945.739130434783,26.202898550724637
2221,CGO,"Central gray, nucleus O",255.0,174.0,120.0,87440.0,898.0,CG,,7.0,704.0,704.0,0.01408,P,O,False,58.0,375481.0,1721.0,58.0,375481.0,1721.0,6473.810344827586,29.67241379310345
931,Pn,Pontine nuclei,255.0,174.0,92.0,87500.0,987.0,P-mot,,6.0,44750.0,44750.0,0.895,P,Pn,False,5710.0,52182728.0,149209.0,5710.0,52182728.0,149209.0,9138.831523642732,26.131173380035026
2206,PnC,"Pontine reticular nucleus, caudal part",255.0,174.0,85.0,87600.0,987.0,P-mot,,6.0,89472.0,89472.0,1.78944,P,PnC,False,6288.0,45890890.0,178362.0,6288.0,45890890.0,178362.0,7298.169529262086,28.365458015267176
2197,DMTg,Dorsomedial tegmental area,255.0,174.0,85.0,87610.0,1117.0,P-sat,,6.0,22320.0,22320.0,0.4464,P,DMTg,False,1905.0,13605794.0,56932.0,1905.0,13605794.0,56932.0,7142.14908136483,29.88556430446194
2220,Sph,Sphenoid nucleus,255.0,174.0,92.0,87710.0,987.0,P-mot,,6.0,734.0,734.0,0.01468,P,Sph,False,74.0,495761.0,2137.0,74.0,495761.0,2137.0,6699.472972972973,28.87837837837838
318,SGe,Supragenual nucleus,255.0,174.0,84.0,87800.0,987.0,P-mot,,6.0,316.0,316.0,0.00632,P,SGe,False,28.0,156001.0,799.0,28.0,156001.0,799.0,5571.464285714285,28.535714285714285
462,SuS,Superior salivatory nucleus,255.0,174.0,83.0,87900.0,987.0,P-mot,,6.0,1938.0,1938.0,0.03876,P,SuS,False,175.0,1577641.0,4917.0,175.0,1577641.0,4917.0,9015.091428571428,28.097142857142856
534,Su5,Supratrigeminal nucleus,255.0,174.0,82.0,88000.0,987.0,P-mot,,6.0,6570.0,6570.0,0.1314,P,Su5,False,1366.0,12299694.0,37596.0,1366.0,12299694.0,37596.0,9004.168374816983,27.52269399707174
1977,RtTg_leaf,"Reticulotegmental nucleus of the pons, leaf",255.0,174.0,81.0,88100.0,574.0,RtTg,,7.0,13606.0,13606.0,0.27212,P,misc,False,772.0,4876024.0,21090.0,772.0,4876024.0,21090.0,6316.093264248705,27.318652849740932
574,RtTg,Reticulotegmental nucleus of the pons,255.0,174.0,81.0,88100.0,987.0,P-mot,,6.0,,18806.0,0.37612,P,RtTg,False,,0.0,0.0,1206.0,8164779.0,33213.0,6770.13184079602,27.539800995024876
2165,RtTgP,"Reticulotegmental nucleus of the pons, pericentral part",255.0,174.0,81.0,88110.0,574.0,RtTg,,7.0,5200.0,5200.0,0.104,P,RtTgP,False,434.0,3288755.0,12123.0,434.0,3288755.0,12123.0,7577.776497695852,27.933179723502302
2166,B9,B9 serotonin cells,255.0,174.0,81.0,88120.0,771.0,P,,5.0,396.0,396.0,0.00792,P,B9,False,48.0,440122.0,1388.0,48.0,440122.0,1388.0,9169.208333333334,28.916666666666668
621,5N,Motor trigeminal nucleus,255.0,174.0,104.0,88200.0,987.0,P-mot,,6.0,,22404.0,0.44808,P,5N,False,,0.0,0.0,1422.0,11563937.0,40021.0,8132.163853727145,28.144163150492265
2506,5N_leaf,"Motor trigeminal nucleus, leaf",255.0,174.0,104.0,88200.0,621.0,5N,,7.0,996.0,996.0,0.01992,P,misc,False,101.0,765694.0,2653.0,101.0,765694.0,2653.0,7581.1287128712875,26.26732673267327
2453,5Te,"Motor trigeminal nucleus, temporalis part",255.0,174.0,104.0,88210.0,621.0,5N,,7.0,3998.0,3998.0,0.07996,P,5Te,False,362.0,3031778.0,10218.0,362.0,3031778.0,10218.0,8375.0773480663,28.226519337016576
2204,5ADi,"Motor trigeminal nucleus, anterior digastric part",255.0,174.0,104.0,88210.0,621.0,5N,,7.0,1458.0,1458.0,0.02916,P,5ADi,False,61.0,466304.0,1671.0,61.0,466304.0,1671.0,7644.327868852459,27.39344262295082
2454,5Ma,"Motor trigeminal nucleus, masseter part",255.0,174.0,104.0,88220.0,621.0,5N,,7.0,7214.0,7214.0,0.14428,P,5Ma,False,194.0,1574175.0,5727.0,194.0,1574175.0,5727.0,8114.30412371134,29.52061855670103
2194,IF5/5TT,Interfascicular trigeminar nucleus,255.0,174.0,104.0,88220.0,621.0,5N,,7.0,4364.0,4364.0,0.08728,P,IF5/5TT,False,559.0,4681015.0,15660.0,559.0,4681015.0,15660.0,8373.908765652952,28.014311270125223
2455,5MPt,"Motor trigeminal nucleus, medial pterygoid part",255.0,174.0,104.0,88230.0,621.0,5N,,7.0,4374.0,4374.0,0.08748,P,5MPt,False,145.0,1044971.0,4092.0,145.0,1044971.0,4092.0,7206.696551724138,28.220689655172414
2193,P5,Peritrigeminal zone,255.0,174.0,104.0,88230.0,987.0,P-mot,,6.0,11326.0,11326.0,0.22652,P,P5,False,1046.0,8445883.0,29272.0,1046.0,8445883.0,29272.0,8074.45793499044,27.98470363288719
1117,P-sat,"Pons, behavioral state related",255.0,172.0,120.0,88300.0,771.0,P,,5.0,,235202.0,4.70404,P,P-sat,False,,0.0,0.0,23809.0,177120169.0,647749.0,7439.210760636734,27.206056533243732
679,NR,Nucleus raphÈ,255.0,172.0,119.0,88400.0,1117.0,P-sat,,6.0,,35352.0,0.70704,P,NR,False,,0.0,0.0,2533.0,16248083.0,70212.0,6414.560994867746,27.718910382945126
137,PMnR,Paramedian raphÈ nucleus,255.0,172.0,119.0,88500.0,679.0,NR,,7.0,24278.0,24278.0,0.48556,P,PMnR,False,1851.0,12749522.0,52530.0,1851.0,12749522.0,52530.0,6887.9103187466235,28.379254457050244
130,MnR,Median raphÈ nucleus,255.0,172.0,119.0,88600.0,679.0,NR,,7.0,11074.0,11074.0,0.22148,P,MnR,False,682.0,3498561.0,17682.0,682.0,3498561.0,17682.0,5129.854838709677,25.926686217008797
147,LC,Locus coeruleus,255.0,172.0,118.0,88700.0,1117.0,P-sat,,6.0,4216.0,4216.0,0.08432,P,LC,False,633.0,5632852.0,17142.0,633.0,5632852.0,17142.0,8898.660347551342,27.080568720379148
2284,LDT,Laterodorsal tegmental nucleus,255.0,172.0,117.0,88800.0,1117.0,P-sat,,6.0,,28192.0,0.56384,P,LDT,False,,0.0,0.0,3434.0,25427029.0,97951.0,7404.493011065812,28.52387885847408
2513,LDTg_leaf,"Laterodorsal tegmental nucleus, dorsal part, leaf",255.0,172.0,117.0,88810.0,162.0,LDTg,,8.0,4096.0,4096.0,0.08192,P,misc,False,453.0,3205176.0,12426.0,453.0,3205176.0,12426.0,7075.443708609271,27.43046357615894
162,LDTg,"Laterodorsal tegmental nucleus, dorsal part",255.0,172.0,117.0,88810.0,2284.0,LDT,,7.0,,21014.0,0.42028,P,LDTg,False,,0.0,0.0,2441.0,17716254.0,69615.0,7257.785333879558,28.519049569848423
2366,LDTdl,"Laterodorsal tegmental nucleus, dorsal part, lateral division",255.0,172.0,117.0,88820.0,162.0,LDTg,,8.0,9518.0,9518.0,0.19036,P,dl,False,1300.0,9303965.0,36731.0,1300.0,9303965.0,36731.0,7156.8961538461535,28.254615384615384
2367,LDTdm,"Laterodorsal tegmental nucleus, dorsal part, medial division",255.0,172.0,117.0,88830.0,162.0,LDTg,,8.0,7400.0,7400.0,0.148,P,dm,False,688.0,5207113.0,20458.0,688.0,5207113.0,20458.0,7568.478197674419,29.73546511627907
2195,LDTgV,"Laterodorsal tegmental nucleus, ventral part",255.0,172.0,117.0,88840.0,2284.0,LDT,,7.0,7178.0,7178.0,0.14356,P,LDTgV,False,993.0,7710775.0,28336.0,993.0,7710775.0,28336.0,7765.130916414904,28.535750251762337
146,PRNr,Pontine reticular nucleus,255.0,172.0,120.0,89000.0,1117.0,P-sat,,6.0,,135354.0,2.70708,P,PRNr,False,,0.0,0.0,14332.0,108971546.0,380444.0,7603.373290538655,26.545073960368406
2205,PnO,"Pontine reticular nucleus, oral part",255.0,172.0,120.0,89010.0,146.0,PRNr,,7.0,123986.0,123986.0,2.47972,P,PnO,False,13598.0,103176612.0,358087.0,13598.0,103176612.0,358087.0,7587.631416384763,26.33379908810119
2217,PnV,"Pontine reticular nucleus, ventral part",255.0,172.0,120.0,89020.0,146.0,PRNr,,7.0,11128.0,11128.0,0.22256,P,PnV,False,698.0,5516657.0,21419.0,698.0,5516657.0,21419.0,7903.52005730659,30.686246418338108
2182,ERS,Epirubrospinal nucleus,255.0,172.0,120.0,89030.0,146.0,PRNr,,7.0,240.0,240.0,0.0048,P,ERS,False,36.0,278277.0,938.0,36.0,278277.0,938.0,7729.916666666667,26.055555555555557
2185,MPL,Medial paralemniscial nucleus,255.0,172.0,120.0,89040.0,1117.0,P-sat,,6.0,5218.0,5218.0,0.10436,P,MPL,False,590.0,4227239.0,14759.0,590.0,4227239.0,14759.0,7164.81186440678,25.015254237288136
2186,PLV,"Perilemniscal nucleus, ventral part",255.0,172.0,120.0,89050.0,1117.0,P-sat,,6.0,3022.0,3022.0,0.06044,P,PLV,False,309.0,2522968.0,8040.0,309.0,2522968.0,8040.0,8164.94498381877,26.019417475728154
238,PnR,Pontine raphÈ nucleus,255.0,172.0,115.0,89100.0,1117.0,P-sat,,6.0,1528.0,1528.0,0.03056,P,PnR,False,73.0,484658.0,2269.0,73.0,484658.0,2269.0,6639.1506849315065,31.08219178082192
855,MY_leaf,"Medulla, leaf",255.0,160.0,176.0,89400.0,354.0,MY,,5.0,46252.0,46252.0,0.92504,MY,misc,False,1835.0,14272508.0,51563.0,1835.0,14272508.0,51563.0,7777.933514986376,28.099727520435966
354,MY,Medulla,255.0,160.0,176.0,89400.0,1065.0,HB,,4.0,,1410676.0,28.21352,MY,MY,False,,0.0,0.0,164234.0,1289515535.0,4345307.0,7851.6965731821665,26.458023308206585
386,MY-sen,"Medulla, sensory related",255.0,176.0,176.0,89500.0,354.0,MY,,5.0,,327194.0,6.54388,MY,MY-sen,False,,0.0,0.0,38829.0,282880235.0,1009597.0,7285.282520796312,26.00110741971207
207,AP,Area postrema,255.0,176.0,178.0,89600.0,386.0,MY-sen,,6.0,3328.0,3328.0,0.06656,MY,AP,False,26.0,92138.0,577.0,26.0,92138.0,577.0,3543.769230769231,22.192307692307693
2274,SubP,Area subpostrema,255.0,176.0,178.0,89610.0,386.0,MY-sen,,6.0,686.0,686.0,0.01372,MY,SubP,False,2.0,4631.0,35.0,2.0,4631.0,35.0,2315.5,17.5
607,CN,Cochlear nuclei,255.0,176.0,177.0,89700.0,386.0,MY-sen,,6.0,,65934.0,1.31868,MY,CN,False,,0.0,0.0,2987.0,20626706.0,79291.0,6905.492467358554,26.545363240709744
112,GrC (VCCap in 81),Granule cell layer of the cochlear nuclei,255.0,176.0,177.0,89800.0,607.0,CN,,7.0,8900.0,8900.0,0.178,MY,GrC (VCCap in 81),False,551.0,3921360.0,14893.0,551.0,3921360.0,14893.0,7116.805807622504,27.029038112522684
560,VCAGr,"Ventral cochlear nucleus, granule cell layer",255.0,176.0,177.0,89900.0,607.0,CN,,7.0,,0.0,0.0,MY,VCAGr,False,,0.0,0.0,0.0,0.0,0.0,,
96,DC,Dorsal cochlear nucleus,255.0,155.0,205.0,90000.0,607.0,CN,,7.0,,23030.0,0.4606,MY,DC,False,,0.0,0.0,902.0,5843367.0,22732.0,6478.233924611974,25.20177383592018
1964,DC_leaf,"Dorsal cochlear nucleus, leaf",255.0,155.0,205.0,90000.0,96.0,DC,,8.0,5182.0,5182.0,0.10364,MY,misc,False,193.0,1124948.0,4825.0,193.0,1124948.0,4825.0,5828.746113989638,25.0
2234,DCMo,"Dorsal cochlear nucleus, molecular layer",255.0,155.0,205.0,90010.0,96.0,DC,,8.0,7094.0,7094.0,0.14188,MY,o,False,299.0,2103897.0,7674.0,299.0,2103897.0,7674.0,7036.444816053512,25.665551839464882
2235,DCFu,"Dorsal cochlear nucleus, fusiform layer",255.0,155.0,205.0,90020.0,96.0,DC,,8.0,4648.0,4648.0,0.09296,MY,u,False,210.0,1323342.0,5144.0,210.0,1323342.0,5144.0,6301.628571428571,24.495238095238093
2236,DCDp,"Dorsal cochlear nucleus, deep layer",255.0,155.0,205.0,90030.0,96.0,DC,,8.0,6106.0,6106.0,0.12212,MY,p,False,200.0,1291180.0,5089.0,200.0,1291180.0,5089.0,6455.9,25.445
101,VC,Ventral cochlear nucleus,255.0,155.0,205.0,90100.0,607.0,CN,,7.0,,34004.0,0.68008,MY,VC,False,,0.0,0.0,1534.0,10861979.0,41666.0,7080.820730117341,27.16166883963494
2238,VCA,"Ventral cochlear nucleus, anterior part",255.0,155.0,205.0,90110.0,101.0,VC,,8.0,26312.0,26312.0,0.52624,MY,A,False,1176.0,8060174.0,32138.0,1176.0,8060174.0,32138.0,6853.889455782313,27.328231292517007
2237,VCP,"Ventral cochlear nucleus, posterior part",255.0,155.0,205.0,90120.0,101.0,VC,,8.0,3314.0,3314.0,0.06628,MY,P,False,160.0,1151459.0,4278.0,160.0,1151459.0,4278.0,7196.61875,26.7375
2243,VCPO,"Ventral cochlear nucleus, posterior part, octopus cell area",255.0,155.0,205.0,90130.0,101.0,VC,,8.0,4378.0,4378.0,0.08756,MY,PO,False,198.0,1650346.0,5250.0,198.0,1650346.0,5250.0,8335.080808080807,26.515151515151516
720,DCN,Dorsal column nuclei,255.0,177.0,176.0,90200.0,386.0,MY-sen,,6.0,,18310.0,0.3662,MY,DCN,False,,0.0,0.0,610.0,3369235.0,15369.0,5523.336065573771,25.195081967213113
2512,Cu_leaf,"Cuneate nucleus, leaf",255.0,177.0,177.0,90300.0,711.0,Cu,,8.0,12946.0,12946.0,0.25892,MY,misc,False,550.0,3047324.0,13873.0,550.0,3047324.0,13873.0,5540.589090909091,25.223636363636363
711,Cu,Cuneate nucleus,255.0,177.0,177.0,90300.0,720.0,DCN,,7.0,,16578.0,0.33156,MY,Cu,False,,0.0,0.0,608.0,3364399.0,15334.0,5533.550986842105,25.220394736842106
2285,CuD,"Cuneate nucleus, dorsal part",255.0,177.0,177.0,90310.0,711.0,Cu,,8.0,706.0,706.0,0.01412,MY,D,False,13.0,66250.0,292.0,13.0,66250.0,292.0,5096.153846153846,22.46153846153846
2278,CuR,"Cuneate nucleus, rotundus part",255.0,177.0,177.0,90320.0,711.0,Cu,,8.0,2926.0,2926.0,0.05852,MY,R,False,45.0,250825.0,1169.0,45.0,250825.0,1169.0,5573.888888888889,25.977777777777778
1039,Gr,Gracile nucleus,255.0,177.0,178.0,90400.0,720.0,DCN,,7.0,1732.0,1732.0,0.03464,MY,Gr,False,2.0,4836.0,35.0,2.0,4836.0,35.0,2418.0,17.5
903,ECu,External cuneate nucleus,255.0,176.0,179.0,90500.0,386.0,MY-sen,,6.0,9868.0,9868.0,0.19736,MY,ECu,False,648.0,4346770.0,17064.0,648.0,4346770.0,17064.0,6707.978395061728,26.333333333333332
642,Tz,Nucleus of the trapezoid body,255.0,176.0,181.0,90600.0,386.0,MY-sen,,6.0,8278.0,8278.0,0.16556,MY,Tz,False,504.0,3904079.0,15856.0,504.0,3904079.0,15856.0,7746.188492063492,31.46031746031746
2249,5Sol,Trigeminal-solitary transition zone,255.0,176.0,181.0,90610.0,386.0,MY-sen,,6.0,5032.0,5032.0,0.10064,MY,5Sol,False,1197.0,9626111.0,32574.0,1197.0,9626111.0,32574.0,8041.863826232247,27.213032581453636
1619,Sol_leaf,"Solitary nucleus, leaf",255.0,178.0,176.0,90700.0,651.0,Sol,,7.0,234.0,234.0,0.00468,MY,misc,False,20.0,85978.0,469.0,20.0,85978.0,469.0,4298.9,23.45
651,Sol,Solitary nucleus,255.0,178.0,176.0,90700.0,386.0,MY-sen,,6.0,,34920.0,0.6984,MY,Sol,False,,0.0,0.0,4947.0,30138625.0,128313.0,6092.303416211846,25.937537901758642
659,SolCe,"Solitary nucleus, central part",255.0,178.0,177.0,90800.0,651.0,Sol,,7.0,718.0,718.0,0.01436,MY,Ce,False,108.0,588935.0,2911.0,108.0,588935.0,2911.0,5453.101851851852,26.953703703703702
666,SolC,"Solitary nucleus, commissural part",255.0,178.0,178.0,90900.0,651.0,Sol,,7.0,2686.0,2686.0,0.05372,MY,C,False,44.0,175079.0,1044.0,44.0,175079.0,1044.0,3979.068181818182,23.727272727272727
674,SolG,"Solitary nucleus, gelatinous part",255.0,178.0,179.0,91000.0,651.0,Sol,,7.0,870.0,870.0,0.0174,MY,G,False,12.0,63968.0,338.0,12.0,63968.0,338.0,5330.666666666667,28.166666666666668
2250,SolIM,"Solitary nucleus, intermediate part",255.0,178.0,179.0,91010.0,651.0,Sol,,7.0,3168.0,3168.0,0.06336,MY,IM,False,519.0,3166825.0,13695.0,519.0,3166825.0,13695.0,6101.782273603083,26.387283236994218
682,SolL,"Solitary nucleus, lateral part",255.0,178.0,180.0,91100.0,651.0,Sol,,7.0,4752.0,4752.0,0.09504,MY,L,False,1101.0,7229313.0,28190.0,1101.0,7229313.0,28190.0,6566.133514986376,25.603996366939146
691,SolM,"Solitary nucleus, medial part",255.0,178.0,181.0,91200.0,651.0,Sol,,7.0,8338.0,8338.0,0.16676,MY,M,False,1009.0,5927794.0,26235.0,1009.0,5927794.0,26235.0,5874.919722497522,26.0009910802775
2263,SolV,"Solitary nucleus, ventral part",255.0,178.0,181.0,91210.0,651.0,Sol,,7.0,4764.0,4764.0,0.09528,MY,V,False,964.0,6060889.0,25269.0,964.0,6060889.0,25269.0,6287.229253112033,26.21265560165975
2273,SolVL,"Solitary nucleus, ventrolateral part",255.0,178.0,181.0,91220.0,651.0,Sol,,7.0,1880.0,1880.0,0.0376,MY,VL,False,203.0,1197339.0,5306.0,203.0,1197339.0,5306.0,5898.221674876847,26.137931034482758
2271,SolDL,"Solitary nucleus, dorsolateral part",255.0,178.0,181.0,91230.0,651.0,Sol,,7.0,2580.0,2580.0,0.0516,MY,DL,False,208.0,1052276.0,5249.0,208.0,1052276.0,5249.0,5059.0192307692305,25.235576923076923
2264,SolDM,"Solitary nucleus, dorsomedial part",255.0,178.0,181.0,91240.0,651.0,Sol,,7.0,4052.0,4052.0,0.08104,MY,DM,False,644.0,3807618.0,16585.0,644.0,3807618.0,16585.0,5912.4503105590065,25.753105590062113
2265,SolI,"Solitary nucleus, interstitial part",255.0,178.0,181.0,91250.0,651.0,Sol,,7.0,598.0,598.0,0.01196,MY,I,False,44.0,263364.0,1120.0,44.0,263364.0,1120.0,5985.545454545455,25.454545454545453
2470,SolRL,"Soltary nucleus, rostrolateral part",255.0,178.0,181.0,91260.0,651.0,Sol,,7.0,280.0,280.0,0.0056,MY,RL,False,71.0,519247.0,1902.0,71.0,519247.0,1902.0,7313.338028169014,26.788732394366196
429,Sp5C,"Spinal trigeminal nucleus, caudal part",255.0,176.0,183.0,91300.0,386.0,MY-sen,,6.0,35906.0,35906.0,0.71812,MY,Sp5C,False,3955.0,26162999.0,97238.0,3955.0,26162999.0,97238.0,6615.170417193426,24.586093552465233
437,Sp5I,"Spinal trigeminal nucleus, interpolar part",255.0,176.0,184.0,91400.0,386.0,MY-sen,,6.0,90494.0,90494.0,1.80988,MY,Sp5I,False,15096.0,110377594.0,382546.0,15096.0,110377594.0,382546.0,7311.711314255432,25.34088500264971
445,Sp5O,"Spinal trigeminal nucleus, oral part",255.0,176.0,182.0,91500.0,386.0,MY-sen,,6.0,,54144.0,1.08288,MY,Sp5O,False,,0.0,0.0,8851.0,74187484.0,240561.0,8381.819455428766,27.178962829058865
47,Sp5O_leaf,"Spinal trigeminal nucleus, oral part, leaf",255.0,176.0,182.0,91500.0,445.0,Sp5O,,7.0,27724.0,27724.0,0.55448,MY,misc,False,2831.0,23074700.0,74726.0,2831.0,23074700.0,74726.0,8150.724125750618,26.395619922288944
45,DMSp5,Dorsomedial spinal trigeminal nucleus,255.0,176.0,182.0,91900.0,445.0,Sp5O,,7.0,26420.0,26420.0,0.5284,MY,DMSp5,False,6020.0,51112784.0,165835.0,6020.0,51112784.0,165835.0,8490.495681063123,27.54734219269103
2270,Pa5,Paratrigeminal nucleus,255.0,176.0,182.0,92010.0,386.0,MY-sen,,6.0,294.0,294.0,0.00588,MY,Pa5,False,6.0,43863.0,173.0,6.0,43863.0,173.0,7310.5,28.833333333333332
370,MY-mot,"Medulla, motor related",255.0,212.0,219.0,92200.0,354.0,MY,,5.0,,1018320.0,20.3664,MY,MY-mot,False,,0.0,0.0,122535.0,983494179.0,3251290.0,8026.230701432244,26.533561839474437
1310,MY-mot_leaf,"Medulla, motor related, leaf",255.0,212.0,219.0,92200.0,370.0,MY-mot,,6.0,1584.0,1584.0,0.03168,MY,misc,False,286.0,2958572.0,7749.0,286.0,2958572.0,7749.0,10344.657342657343,27.094405594405593
2198,SubCA,"Subcoeruleus nucleus, alpha part",255.0,212.0,219.0,92210.0,370.0,MY-mot,,6.0,2656.0,2656.0,0.05312,MY,SubCA,False,339.0,3274059.0,9912.0,339.0,3274059.0,9912.0,9657.991150442478,29.238938053097346
2199,SubCD,"Subcoeruleus nucleus, dorsal part",255.0,212.0,219.0,92220.0,370.0,MY-mot,,6.0,11980.0,11980.0,0.2396,MY,SubCD,False,1184.0,9617590.0,33582.0,1184.0,9617590.0,33582.0,8122.964527027027,28.363175675675677
2200,SubCV,"Subcoeruleus nucleus, ventral part",255.0,212.0,219.0,92230.0,370.0,MY-mot,,6.0,24284.0,24284.0,0.48568,MY,SubCV,False,3389.0,29633541.0,92319.0,3389.0,29633541.0,92319.0,8744.036884036588,27.24077899085276
653,6N,Abducens nucleus,255.0,212.0,225.0,92300.0,370.0,MY-mot,,6.0,,2160.0,0.0432,MY,6N,False,,0.0,0.0,64.0,272262.0,1588.0,4254.09375,24.8125
1983,6N_leaf,"Abducens nucleus, leaf",255.0,212.0,225.0,92300.0,653.0,6N,,7.0,766.0,766.0,0.01532,MY,misc,False,20.0,82678.0,496.0,20.0,82678.0,496.0,4133.9,24.8
2229,Pa6,Paraabducens nucleus,255.0,212.0,225.0,92310.0,653.0,6N,,7.0,1394.0,1394.0,0.02788,MY,Pa6,False,44.0,189584.0,1092.0,44.0,189584.0,1092.0,4308.727272727273,24.818181818181817
2228,6RB,"Abducens nucleus, retractor bulbi part",255.0,212.0,226.0,92400.0,370.0,MY-mot,,6.0,592.0,592.0,0.01184,MY,6RB,False,49.0,446638.0,1295.0,49.0,446638.0,1295.0,9115.061224489797,26.428571428571427
2509,7N_leaf,"Facial nucleus, leaf",255.0,212.0,234.0,92500.0,661.0,7N,,7.0,13428.0,13428.0,0.26856,MY,misc,False,1567.0,13308756.0,43723.0,1567.0,13308756.0,43723.0,8493.143586470964,27.902361199744735
661,7N,Facial nucleus,255.0,212.0,234.0,92500.0,370.0,MY-mot,,6.0,,38610.0,0.7722,MY,7N,False,,0.0,0.0,3659.0,32732693.0,102343.0,8945.802951626127,27.97021044001093
2226,P7,Perifacial zone,255.0,212.0,234.0,92510.0,661.0,7N,,7.0,8758.0,8758.0,0.17516,MY,P7,False,636.0,6328448.0,17739.0,636.0,6328448.0,17739.0,9950.389937106918,27.891509433962263
2462,7L,"Facial nucleus, lateral subnucleus",255.0,212.0,234.0,92520.0,661.0,7N,,7.0,3994.0,3994.0,0.07988,MY,L,False,180.0,1280554.0,4803.0,180.0,1280554.0,4803.0,7114.188888888889,26.683333333333334
2463,7DL,"Facial nucleus, dorsolateral subnucleus",255.0,212.0,234.0,92530.0,661.0,7N,,7.0,2076.0,2076.0,0.04152,MY,DL,False,158.0,1484214.0,4341.0,158.0,1484214.0,4341.0,9393.759493670887,27.474683544303797
2464,7VI,"Facial nucleus, ventral intermediate subnucleus",255.0,212.0,234.0,92540.0,661.0,7N,,7.0,2106.0,2106.0,0.04212,MY,VI,False,189.0,1630621.0,5320.0,189.0,1630621.0,5320.0,8627.624338624339,28.14814814814815
2465,7DI,"Facial nucleus, dorsal intermediate subnucleus",255.0,212.0,234.0,92550.0,661.0,7N,,7.0,3838.0,3838.0,0.07676,MY,DI,False,329.0,2696311.0,8943.0,329.0,2696311.0,8943.0,8195.474164133739,27.182370820668694
2466,7DM,"Facial nucleus, dorsomedial subnucleus",255.0,212.0,234.0,92560.0,661.0,7N,,7.0,2352.0,2352.0,0.04704,MY,DM,False,314.0,3192136.0,9011.0,314.0,3192136.0,9011.0,10166.03821656051,28.697452229299362
2467,7VM ,"Facial nucleus, ventromedial subnucleus",255.0,212.0,234.0,92570.0,661.0,7N,,7.0,2058.0,2058.0,0.04116,MY,VM,False,286.0,2811653.0,8463.0,286.0,2811653.0,8463.0,9830.954545454546,29.59090909090909
576,7SH,"Facial motor nucleus, stylohyoid part",255.0,212.0,235.0,92600.0,370.0,MY-mot,,6.0,1152.0,1152.0,0.02304,MY,7SH,False,141.0,1328611.0,3861.0,141.0,1328611.0,3861.0,9422.77304964539,27.382978723404257
640,EVe,Nucleus of the origin of efferents of the vestibular nerve,255.0,212.0,230.0,92700.0,370.0,MY-mot,,6.0,784.0,784.0,0.01568,MY,EVe,False,76.0,439593.0,2001.0,76.0,439593.0,2001.0,5784.118421052632,26.32894736842105
2472,Amb,Ambiguus nucleus,255.0,212.0,216.0,92800.0,370.0,MY-mot,,6.0,,5330.0,0.1066,MY,Amb,False,,0.0,0.0,623.0,4466900.0,16132.0,7169.983948635634,25.894060995184592
135,AmbC,"Ambiguus nucleus, compact part",255.0,212.0,216.0,92810.0,2472.0,Amb,,7.0,3504.0,3504.0,0.07008,MY,AmbC,False,525.0,3837824.0,13638.0,525.0,3837824.0,13638.0,7310.1409523809525,25.97714285714286
2277,AmbL,"Ambiguus nucleus, loose part",255.0,212.0,216.0,92820.0,2472.0,Amb,,7.0,872.0,872.0,0.01744,MY,AmbL,False,66.0,407294.0,1684.0,66.0,407294.0,1684.0,6171.121212121212,25.515151515151516
2471,Rambn,Retroambiguus nucleus,255.0,212.0,216.0,92830.0,2472.0,Amb,,7.0,954.0,954.0,0.01908,MY,Rambn,False,32.0,221782.0,810.0,32.0,221782.0,810.0,6930.6875,25.3125
839,10N,Vagus nerve nucleus,255.0,212.0,184.0,93100.0,370.0,MY-mot,,6.0,5148.0,5148.0,0.10296,MY,10N,False,471.0,2499953.0,12662.0,471.0,2499953.0,12662.0,5307.755838641189,26.883227176220807
1974,Gi_leaf,"Gigantocellular reticular nucleus, leaf",255.0,212.0,187.0,93300.0,1048.0,Gi,,7.0,112484.0,112484.0,2.24968,MY,misc,False,9400.0,73535292.0,261734.0,9400.0,73535292.0,261734.0,7822.903404255319,27.84404255319149
1048,Gi,Gigantocellular reticular nucleus,255.0,212.0,187.0,93300.0,370.0,MY-mot,,6.0,,132536.0,2.65072,MY,Gi,False,,0.0,0.0,10788.0,86384203.0,305509.0,8007.434464219503,28.31933629959214
2223,GiA,"Gigantocellular reticular nucleus, alpha part",255.0,212.0,187.0,93310.0,1048.0,Gi,,7.0,9492.0,9492.0,0.18984,MY,A,False,784.0,8140865.0,25208.0,784.0,8140865.0,25208.0,10383.75637755102,32.1530612244898
2224,GiV,"Gigantocellular reticular nucleus, ventral part",255.0,212.0,187.0,93320.0,1048.0,Gi,,7.0,10560.0,10560.0,0.2112,MY,V,False,604.0,4708046.0,18567.0,604.0,4708046.0,18567.0,7794.778145695364,30.740066225165563
83,IO,Inferior olivary nucleus,255.0,212.0,189.0,93500.0,370.0,MY-mot,,6.0,,38930.0,0.7786,MY,IO,False,,0.0,0.0,99.0,506718.0,2658.0,5118.363636363636,26.848484848484848
2508,IO_leaf,"Inferior olivary nucleus, leaf",255.0,212.0,189.0,93500.0,83.0,IO,,7.0,13862.0,13862.0,0.27724,MY,misc,False,63.0,353422.0,1781.0,63.0,353422.0,1781.0,5609.873015873016,28.26984126984127
2253,IOA,"Inferior olive, subnucleus A of medial nucleus",255.0,212.0,189.0,93510.0,83.0,IO,,7.0,1196.0,1196.0,0.02392,MY,A,False,,0.0,0.0,0.0,0.0,0.0,,
2254,IOB,"Inferior olive, subnucleus B of medial nucleus",255.0,212.0,189.0,93520.0,83.0,IO,,7.0,4058.0,4058.0,0.08116,MY,B,False,7.0,22122.0,152.0,7.0,22122.0,152.0,3160.285714285714,21.714285714285715
2255,IOC,"Inferior olive, subnucleus C of medial nucleus",255.0,212.0,189.0,93530.0,83.0,IO,,7.0,3670.0,3670.0,0.0734,MY,C,False,5.0,14286.0,98.0,5.0,14286.0,98.0,2857.2,19.6
2256,IOD,"Inferior olive, dorsal nucleus",255.0,212.0,189.0,93540.0,83.0,IO,,7.0,6334.0,6334.0,0.12668,MY,D,False,11.0,62531.0,311.0,11.0,62531.0,311.0,5684.636363636364,28.272727272727273
2257,IODM,"Inferior olive, dorsomedial cell group",255.0,212.0,189.0,93550.0,83.0,IO,,7.0,1080.0,1080.0,0.0216,MY,DM,False,,0.0,0.0,0.0,0.0,0.0,,
2258,IOPr,"Inferior olive, principal nucleus",255.0,212.0,189.0,93560.0,83.0,IO,,7.0,4726.0,4726.0,0.09452,MY,Pr,False,3.0,11801.0,74.0,3.0,11801.0,74.0,3933.6666666666665,24.666666666666668
2259,IOVL,"Inferior olive, ventrolateral protrusion",255.0,212.0,189.0,93570.0,83.0,IO,,7.0,126.0,126.0,0.00252,MY,VL,False,1.0,4501.0,25.0,1.0,4501.0,25.0,4501.0,25.0
2260,IOK,"Inferior olive, cap of Kooy of the medial nucleus",255.0,212.0,189.0,93580.0,83.0,IO,,7.0,920.0,920.0,0.0184,MY,K,False,5.0,24947.0,125.0,5.0,24947.0,125.0,4989.4,25.0
2261,IOBe,"Inferior olive, beta subnucleus of the medial nucleus",255.0,212.0,189.0,93590.0,83.0,IO,,7.0,1274.0,1274.0,0.02548,MY,Be,False,3.0,9149.0,65.0,3.0,9149.0,65.0,3049.6666666666665,21.666666666666668
2262,IOM,"Inferior olive, medial nucleus",255.0,212.0,189.0,93595.0,83.0,IO,,7.0,1684.0,1684.0,0.03368,MY,M,False,1.0,3959.0,27.0,1.0,3959.0,27.0,3959.0,27.0
136,IRt,Intermediate reticular nucleus,255.0,212.0,187.0,93600.0,370.0,MY-mot,,6.0,,172238.0,3.44476,MY,IRt,False,,0.0,0.0,25388.0,220866322.0,663659.0,8699.634551756735,26.14065700330865
1975,IRt_leaf,"Intermediate reticular nucleus, leaf",255.0,212.0,187.0,93600.0,136.0,IRt,,7.0,145866.0,145866.0,2.91732,MY,misc,False,22708.0,194560979.0,589547.0,22708.0,194560979.0,589547.0,8567.948696494628,25.962083847102342
2225,IRtA,"Intermediate reticular nucleus, alpha part",255.0,212.0,187.0,93610.0,136.0,IRt,,7.0,26372.0,26372.0,0.52744,MY,A,False,2680.0,26305343.0,74112.0,2680.0,26305343.0,74112.0,9815.426492537314,27.65373134328358
106,IS,Inferior salivatory nucleus,255.0,212.0,190.0,93700.0,370.0,MY-mot,,6.0,3046.0,3046.0,0.06092,MY,IS,False,597.0,5402752.0,16645.0,597.0,5402752.0,16645.0,9049.835845896147,27.88107202680067
203,Li,Linear nucleus of the hindbrain,255.0,212.0,191.0,93800.0,370.0,MY-mot,,6.0,1392.0,1392.0,0.02784,MY,Li,False,197.0,1312397.0,4802.0,197.0,1312397.0,4802.0,6661.913705583756,24.375634517766496
964,LRt_leaf,"Lateral reticular nucleus, leaf",255.0,212.0,193.0,93900.0,235.0,LRt,,7.0,19450.0,19450.0,0.389,MY,misc,False,756.0,5100449.0,19722.0,756.0,5100449.0,19722.0,6746.625661375661,26.08730158730159
235,LRt,Lateral reticular nucleus,255.0,212.0,193.0,93900.0,370.0,MY-mot,,6.0,,19614.0,0.39228,MY,LRt,False,,0.0,0.0,756.0,5100449.0,19722.0,6746.625661375661,26.08730158730159
963,LRtPC,"Lateral reticular nucleus, parvicellular part",255.0,212.0,193.0,94100.0,235.0,LRt,,7.0,164.0,164.0,0.00328,MY,PC,False,,0.0,0.0,0.0,0.0,0.0,,
1115,PMn_leaf,"Paramedian reticular nucleus, leaf",255.0,212.0,195.0,94300.0,395.0,PMn,,7.0,25282.0,25282.0,0.50564,MY,misc,False,1190.0,6798112.0,30345.0,1190.0,6798112.0,30345.0,5712.699159663865,25.5
395,PMn,Paramedian reticular nucleus,255.0,212.0,195.0,94300.0,370.0,MY-mot,,6.0,,124952.0,2.49904,MY,PMn,False,,0.0,0.0,12812.0,92970796.0,323015.0,7256.540430846082,25.211910708710583
1098,MdD,"Medullary reticular nucleus, dorsal part",255.0,212.0,195.0,94400.0,395.0,PMn,,7.0,54744.0,54744.0,1.09488,MY,D,False,7016.0,51777413.0,175215.0,7016.0,51777413.0,175215.0,7379.904931584949,24.973631698973776
1107,MdV,"Medullary reticular nucleus, ventral part",255.0,212.0,195.0,94500.0,395.0,PMn,,7.0,44926.0,44926.0,0.89852,MY,V,False,4606.0,34395271.0,117455.0,4606.0,34395271.0,117455.0,7467.492618323925,25.500434216239686
1973,PCRt_leaf,"Parvicellular reticular nucleus, leaf",255.0,212.0,196.0,94600.0,852.0,PCRt,,7.0,59544.0,59544.0,1.19088,MY,misc,False,11610.0,92314805.0,299596.0,11610.0,92314805.0,299596.0,7951.318260120585,25.804995693367786
852,PCRt,Parvicellular reticular nucleus,255.0,212.0,196.0,94600.0,370.0,MY-mot,,6.0,,151634.0,3.03268,MY,PCRt,False,,0.0,0.0,26843.0,233317546.0,712077.0,8691.93257087509,26.52747457437693
2214,PCRtA,"Parvicellular reticular nucleus, alpha part",255.0,212.0,196.0,94610.0,852.0,PCRt,,7.0,92090.0,92090.0,1.8418,MY,A,False,15233.0,141002741.0,412481.0,15233.0,141002741.0,412481.0,9256.39998687061,27.078119871331978
2211,5Tr,Trigeminal transition zone,255.0,212.0,196.0,94620.0,370.0,MY-mot,,6.0,4520.0,4520.0,0.0904,MY,5Tr,False,579.0,4919003.0,16286.0,579.0,4919003.0,16286.0,8495.687392055268,28.127806563039723
859,PSol,Parasolitary nucleus,255.0,212.0,197.0,94700.0,370.0,MY-mot,,6.0,1006.0,1006.0,0.02012,MY,PSol,False,123.0,596481.0,2865.0,123.0,596481.0,2865.0,4849.4390243902435,23.29268292682927
938,LPGi,Lateral paragigantocellular nucleus,255.0,212.0,198.0,94800.0,370.0,MY-mot,,6.0,,39812.0,0.79624,MY,LPGi,False,,0.0,0.0,3667.0,29988495.0,105645.0,8177.937005726752,28.809653667848377
1398,LPGi_leaf,"Lateral paragigantocellular nucleus, leaf",255.0,212.0,198.0,94800.0,938.0,LPGi,,7.0,19162.0,19162.0,0.38324,MY,misc,False,1925.0,17783280.0,56569.0,1925.0,17783280.0,56569.0,9238.067532467532,29.386493506493508
2248,LPGiE,"Lateral paragigantocellular nucleus, external part",255.0,212.0,198.0,94810.0,938.0,LPGi,,7.0,3958.0,3958.0,0.07916,MY,E,False,273.0,2201914.0,7778.0,273.0,2201914.0,7778.0,8065.619047619048,28.49084249084249
970,DPGi,Dorsal paragigantocellular nucleus,255.0,212.0,198.0,94900.0,938.0,LPGi,,7.0,16692.0,16692.0,0.33384,MY,DPGi,False,1469.0,10003301.0,41298.0,1469.0,10003301.0,41298.0,6809.5990469707285,28.113002042205583
978,PGRNl,"Paragigantocellular reticular nucleus, lateral part",255.0,212.0,198.0,95000.0,938.0,LPGi,,7.0,,0.0,0.0,MY,PGRNl,False,,0.0,0.0,0.0,0.0,0.0,,
2252,CVL,Caudoventrolateral reticular nucleus,255.0,212.0,198.0,95010.0,370.0,MY-mot,,6.0,5256.0,5256.0,0.10512,MY,CVL,False,424.0,3304965.0,11679.0,424.0,3304965.0,11679.0,7794.728773584906,27.544811320754718
2469,RVL,Rostroventrolateral reticular nucleus,255.0,212.0,198.0,95020.0,370.0,MY-mot,,6.0,498.0,498.0,0.00996,MY,RVL,False,102.0,946747.0,2802.0,102.0,946747.0,2802.0,9281.833333333334,27.470588235294116
2269,RVRG,Rostral ventral respiratory group,255.0,212.0,198.0,95030.0,370.0,MY-mot,,6.0,2160.0,2160.0,0.0432,MY,RVRG,False,291.0,1796720.0,7495.0,291.0,1796720.0,7495.0,6174.295532646048,25.756013745704468
2504,Bo_leaf,"Botzinger complex, leaf",255.0,212.0,198.0,95040.0,2468.0,Bo,,7.0,338.0,338.0,0.00676,MY,misc,False,59.0,382766.0,1455.0,59.0,382766.0,1455.0,6487.559322033899,24.661016949152543
2468,Bo,Botzinger complex,255.0,212.0,198.0,95040.0,370.0,MY-mot,,6.0,,1892.0,0.03784,MY,Bo,False,,0.0,0.0,283.0,2168369.0,7433.0,7662.081272084805,26.26501766784452
2251,PrBo,Pre-Botzinger complex,255.0,212.0,198.0,95050.0,2468.0,Bo,,7.0,1554.0,1554.0,0.03108,MY,PrBo,False,224.0,1785603.0,5978.0,224.0,1785603.0,5978.0,7971.441964285715,26.6875
154,PHY,Perihypoglossal nuclei,255.0,212.0,219.0,95100.0,370.0,MY-mot,,6.0,,22400.0,0.448,MY,PHY,False,,0.0,0.0,1812.0,11517799.0,49636.0,6356.4012141280355,27.392935982339957
2511,In_leaf,"Intercalated nucleus, leaf",255.0,212.0,219.0,95200.0,161.0,In,,8.0,2702.0,2702.0,0.05404,MY,misc,False,326.0,2369523.0,8928.0,326.0,2369523.0,8928.0,7268.4754601227,27.386503067484664
161,In,Intercalated nucleus,255.0,212.0,219.0,95200.0,154.0,PHY,,7.0,,4118.0,0.08236,MY,In,False,,0.0,0.0,601.0,4372375.0,16374.0,7275.166389351081,27.24459234608985
2276,InM,Intermedius nucleus of the medulla,255.0,212.0,219.0,95210.0,161.0,In,,8.0,1416.0,1416.0,0.02832,MY,M,False,275.0,2002852.0,7446.0,275.0,2002852.0,7446.0,7283.098181818182,27.076363636363638
177,Ro,Nucleus of Roller,255.0,212.0,221.0,95300.0,154.0,PHY,,7.0,2078.0,2078.0,0.04156,MY,Ro,False,185.0,1499958.0,5129.0,185.0,1499958.0,5129.0,8107.881081081081,27.724324324324325
169,Pr,Prepositus nucleus,255.0,212.0,219.0,95400.0,154.0,PHY,,7.0,16204.0,16204.0,0.32408,MY,Pr,False,1026.0,5645466.0,28133.0,1026.0,5645466.0,28133.0,5502.403508771929,27.420077972709553
1069,PPy,Parapyramidal nucleus,255.0,212.0,200.0,95600.0,370.0,MY-mot,,6.0,1586.0,1586.0,0.03172,MY,PPy,False,124.0,1105157.0,3616.0,124.0,1105157.0,3616.0,8912.556451612903,29.161290322580644
701,VeCb,Vestibulocerebellar nucleus,255.0,212.0,201.0,95900.0,370.0,MY-mot,,6.0,,167178.0,3.34356,MY,VeCb,False,,0.0,0.0,23650.0,168169396.0,613639.0,7110.756701902748,25.946680761099365
889,VeCb_leaf,"Vestibulocerebellar nucleus, leaf",255.0,212.0,201.0,95900.0,701.0,VeCb,,7.0,6004.0,6004.0,0.12008,MY,misc,False,680.0,5355496.0,16709.0,680.0,5355496.0,16709.0,7875.729411764706,24.57205882352941
217,SuVe,Superior vestibular nucleus,255.0,214.0,201.0,96000.0,701.0,VeCb,,7.0,17792.0,17792.0,0.35584,MY,SuVe,False,2398.0,19589933.0,61917.0,2398.0,19589933.0,61917.0,8169.279816513761,25.82026688907423
209,LVe,Lateral vestibular nucleus,255.0,214.0,201.0,96050.0,701.0,VeCb,,7.0,16074.0,16074.0,0.32148,MY,LVe,False,1165.0,9244090.0,30483.0,1165.0,9244090.0,30483.0,7934.841201716738,26.165665236051503
202,MVe,Medial vestibular nucleus,255.0,216.0,201.0,96100.0,701.0,VeCb,,7.0,,92432.0,1.84864,MY,MVe,False,,0.0,0.0,14480.0,99238335.0,375993.0,6853.47617403315,25.966367403314916
1962,MVe_leaf,"Medial vestibular nucleus, leaf",255.0,216.0,201.0,96100.0,202.0,MVe,,8.0,16414.0,16414.0,0.32828,MY,misc,False,2510.0,19672270.0,65490.0,2510.0,19672270.0,65490.0,7837.557768924303,26.09163346613546
2232,MVeMC,"Medial vestibular nucleus, magnocellular part",255.0,216.0,201.0,96110.0,202.0,MVe,,8.0,27718.0,27718.0,0.55436,MY,MC,False,3569.0,23545735.0,93825.0,3569.0,23545735.0,93825.0,6597.291958531801,26.288876435976466
2516,MVePC_leaf,"Medial vestibular nucleus, parvicellular part, leaf",255.0,216.0,201.0,96120.0,2233.0,MVePC,,9.0,25296.0,25296.0,0.50592,MY,misc,False,4996.0,33491041.0,130281.0,4996.0,33491041.0,130281.0,6703.571056845476,26.077061649319454
2233,MVePC,"Medial vestibular nucleus, parvicellular part",255.0,216.0,201.0,96120.0,202.0,MVe,,8.0,,48300.0,0.966,MY,PC,False,,0.0,0.0,8401.0,56020330.0,216678.0,6668.293060349958,25.791929532198548
2368,MVePd,"Medial vestibular nucleus, parvicellular part, dorsal",255.0,216.0,201.0,96130.0,2233.0,MVePC,,9.0,14752.0,14752.0,0.29504,MY,d,False,2591.0,17732992.0,65249.0,2591.0,17732992.0,65249.0,6844.072558857584,25.182940949440372
2369,MVePv,"Medial vestibular nucleus, parvicellular part, ventral",255.0,216.0,201.0,96140.0,2233.0,MVePC,,9.0,8252.0,8252.0,0.16504,MY,v,False,814.0,4796297.0,21148.0,814.0,4796297.0,21148.0,5892.256756756757,25.98034398034398
225,SpVe,Spinal vestibular nucleus,255.0,212.0,201.0,96200.0,701.0,VeCb,,7.0,32980.0,32980.0,0.6596,MY,SpVe,False,4535.0,31554661.0,118141.0,4535.0,31554661.0,118141.0,6958.028886438809,26.050937155457554
2268,FVe,F cell group of the vestibular complex,255.0,212.0,201.0,96310.0,701.0,VeCb,,7.0,580.0,580.0,0.0116,MY,FVe,False,103.0,758096.0,2744.0,103.0,758096.0,2744.0,7360.155339805825,26.640776699029125
2218,PCGS,Paracochlear glial substance,255.0,212.0,201.0,96320.0,701.0,VeCb,,7.0,1316.0,1316.0,0.02632,MY,PCGS,False,289.0,2428785.0,7652.0,289.0,2428785.0,7652.0,8404.100346020761,26.47750865051903
765,X,Nucleus X,255.0,212.0,202.0,96400.0,370.0,MY-mot,,6.0,5370.0,5370.0,0.1074,MY,X,False,835.0,6468882.0,23276.0,835.0,6468882.0,23276.0,7747.164071856288,27.875449101796406
2267,Mx,Matrix region of the medulla,255.0,212.0,202.0,96410.0,370.0,MY-mot,,6.0,9226.0,9226.0,0.18452,MY,Mx,False,1305.0,8991240.0,34301.0,1305.0,8991240.0,34301.0,6889.83908045977,26.284291187739463
773,12N,Hypoglossal nucleus,255.0,212.0,192.0,96500.0,370.0,MY-mot,,6.0,17134.0,17134.0,0.34268,MY,12N,False,1325.0,7918109.0,34551.0,1325.0,7918109.0,34551.0,5975.931320754717,26.07622641509434
2272,CeCv,Central cervical nucleus of the spinal cord,255.0,212.0,192.0,96510.0,370.0,MY-mot,,6.0,414.0,414.0,0.00828,MY,CeCv,False,54.0,359981.0,1421.0,54.0,359981.0,1421.0,6666.314814814815,26.314814814814813
781,Y,Nucleus Y of the vestibular complex,255.0,212.0,203.0,96600.0,370.0,MY-mot,,6.0,1128.0,1128.0,0.02256,MY,Y,False,196.0,1688222.0,5009.0,196.0,1688222.0,5009.0,8613.377551020409,25.556122448979593
379,MY-sat,"Medulla, behavioral state related",255.0,176.0,192.0,96800.0,354.0,MY,,5.0,,18910.0,0.3782,MY,MY-sat,False,,0.0,0.0,1035.0,8868613.0,32857.0,8568.708212560387,31.745893719806762
206,RMg,RaphÈ magnus nucleus,255.0,176.0,193.0,96900.0,379.0,MY-sat,,6.0,,14722.0,0.29444,MY,RMg,False,,0.0,0.0,906.0,8071199.0,29294.0,8908.608167770419,32.333333333333336
1971,RMg_leaf,"RaphÈ magnus nucleus, leaf",255.0,176.0,193.0,96900.0,206.0,RMg,,7.0,12250.0,12250.0,0.245,MY,misc,False,797.0,7347373.0,25949.0,797.0,7347373.0,25949.0,9218.78670012547,32.55834378920954
2212,RIP,RaphÈ interpositus nucleus,255.0,176.0,193.0,96910.0,206.0,RMg,,7.0,2472.0,2472.0,0.04944,MY,RIP,False,109.0,723826.0,3345.0,109.0,723826.0,3345.0,6640.605504587156,30.68807339449541
230,RPa,RaphÈ pallidus nucleus,255.0,176.0,195.0,97000.0,379.0,MY-sat,,6.0,2886.0,2886.0,0.05772,MY,RPa,False,54.0,350824.0,1482.0,54.0,350824.0,1482.0,6496.740740740741,27.444444444444443
222,ROb,RaphÈ obscurus nucleus,255.0,176.0,194.0,97100.0,379.0,MY-sat,,6.0,1302.0,1302.0,0.02604,MY,ROb,False,75.0,446590.0,2081.0,75.0,446590.0,2081.0,5954.533333333334,27.746666666666666
0,,,,,,,,,,,,,,,,,,568515776.0,1605185.0,0.0,568515776.0,1605185.0,inf,inf
6,,,,,,,,,,,,,,,,,,76235265.0,196426.0,0.0,76235265.0,196426.0,inf,inf
62,,,,,,,,,,,,,,,,,,8947436.0,39086.0,0.0,8947436.0,39086.0,inf,inf
85,,,,,,,,,,,,,,,,,,18413371.0,61599.0,0.0,18413371.0,61599.0,inf,inf
86,,,,,,,,,,,,,,,,,,18970558.0,59755.0,0.0,18970558.0,59755.0,inf,inf
93,,,,,,,,,,,,,,,,,,2368464.0,7999.0,0.0,2368464.0,7999.0,inf,inf
98,,,,,,,,,,,,,,,,,,7353019.0,12423.0,0.0,7353019.0,12423.0,inf,inf
102,,,,,,,,,,,,,,,,,,11734786.0,34779.0,0.0,11734786.0,34779.0,inf,inf
103,,,,,,,,,,,,,,,,,,26429243.0,63793.0,0.0,26429243.0,63793.0,inf,inf
117,,,,,,,,,,,,,,,,,,116367.0,603.0,0.0,116367.0,603.0,inf,inf
125,,,,,,,,,,,,,,,,,,21413099.0,62469.0,0.0,21413099.0,62469.0,inf,inf
140,,,,,,,,,,,,,,,,,,938939.0,4595.0,0.0,938939.0,4595.0,inf,inf
153,,,,,,,,,,,,,,,,,,2075633.0,8492.0,0.0,2075633.0,8492.0,inf,inf
158,,,,,,,,,,,,,,,,,,1160238.0,5380.0,0.0,1160238.0,5380.0,inf,inf
164,,,,,,,,,,,,,,,,,,14706.0,87.0,0.0,14706.0,87.0,inf,inf
190,,,,,,,,,,,,,,,,,,599295.0,2661.0,0.0,599295.0,2661.0,inf,inf
198,,,,,,,,,,,,,,,,,,7242.0,48.0,0.0,7242.0,48.0,inf,inf
237,,,,,,,,,,,,,,,,,,1757065.0,7165.0,0.0,1757065.0,7165.0,inf,inf
293,,,,,,,,,,,,,,,,,,1817759.0,6147.0,0.0,1817759.0,6147.0,inf,inf
336,,,,,,,,,,,,,,,,,,157093.0,896.0,0.0,157093.0,896.0,inf,inf
341,,,,,,,,,,,,,,,,,,275479.0,1500.0,0.0,275479.0,1500.0,inf,inf
396,,,,,,,,,,,,,,,,,,7638823.0,23669.0,0.0,7638823.0,23669.0,inf,inf
397,,,,,,,,,,,,,,,,,,510324.0,2469.0,0.0,510324.0,2469.0,inf,inf
413,,,,,,,,,,,,,,,,,,4535952.0,16561.0,0.0,4535952.0,16561.0,inf,inf
436,,,,,,,,,,,,,,,,,,7818192.0,26739.0,0.0,7818192.0,26739.0,inf,inf
443,,,,,,,,,,,,,,,,,,28609798.0,92185.0,0.0,28609798.0,92185.0,inf,inf
449,,,,,,,,,,,,,,,,,,1831838.0,4123.0,0.0,1831838.0,4123.0,inf,inf
466,,,,,,,,,,,,,,,,,,31576180.0,89630.0,0.0,31576180.0,89630.0,inf,inf
482,,,,,,,,,,,,,,,,,,3467855.0,13595.0,0.0,3467855.0,13595.0,inf,inf
506,,,,,,,,,,,,,,,,,,380969.0,1251.0,0.0,380969.0,1251.0,inf,inf
521,,,,,,,,,,,,,,,,,,9606640.0,36616.0,0.0,9606640.0,36616.0,inf,inf
530,,,,,,,,,,,,,,,,,,1080134.0,3700.0,0.0,1080134.0,3700.0,inf,inf
579,,,,,,,,,,,,,,,,,,158969287.0,400392.0,0.0,158969287.0,400392.0,inf,inf
584,,,,,,,,,,,,,,,,,,63305125.0,144390.0,0.0,63305125.0,144390.0,inf,inf
595,,,,,,,,,,,,,,,,,,9719916.0,28707.0,0.0,9719916.0,28707.0,inf,inf
603,,,,,,,,,,,,,,,,,,11660708.0,32033.0,0.0,11660708.0,32033.0,inf,inf
611,,,,,,,,,,,,,,,,,,41631.0,207.0,0.0,41631.0,207.0,inf,inf
624,,,,,,,,,,,,,,,,,,104185.0,521.0,0.0,104185.0,521.0,inf,inf
658,,,,,,,,,,,,,,,,,,28676335.0,76157.0,0.0,28676335.0,76157.0,inf,inf
665,,,,,,,,,,,,,,,,,,37173025.0,88229.0,0.0,37173025.0,88229.0,inf,inf
681,,,,,,,,,,,,,,,,,,554535.0,2487.0,0.0,554535.0,2487.0,inf,inf
690,,,,,,,,,,,,,,,,,,9611010.0,29069.0,0.0,9611010.0,29069.0,inf,inf
697,,,,,,,,,,,,,,,,,,40673996.0,125543.0,0.0,40673996.0,125543.0,inf,inf
705,,,,,,,,,,,,,,,,,,3231305.0,9343.0,0.0,3231305.0,9343.0,inf,inf
728,,,,,,,,,,,,,,,,,,71373723.0,232863.0,0.0,71373723.0,232863.0,inf,inf
744,,,,,,,,,,,,,,,,,,634761.0,2307.0,0.0,634761.0,2307.0,inf,inf
751,,,,,,,,,,,,,,,,,,6450625.0,24042.0,0.0,6450625.0,24042.0,inf,inf
753,,,,,,,,,,,,,,,,,,68485.0,391.0,0.0,68485.0,391.0,inf,inf
794,,,,,,,,,,,,,,,,,,22775896.0,84905.0,0.0,22775896.0,84905.0,inf,inf
802,,,,,,,,,,,,,,,,,,24880523.0,62011.0,0.0,24880523.0,62011.0,inf,inf
838,,,,,,,,,,,,,,,,,,40169784.0,126504.0,0.0,40169784.0,126504.0,inf,inf
850,,,,,,,,,,,,,,,,,,5033927.0,14115.0,0.0,5033927.0,14115.0,inf,inf
900,,,,,,,,,,,,,,,,,,17642500.0,51611.0,0.0,17642500.0,51611.0,inf,inf
908,,,,,,,,,,,,,,,,,,7424854.0,25794.0,0.0,7424854.0,25794.0,inf,inf
916,,,,,,,,,,,,,,,,,,5304786.0,23430.0,0.0,5304786.0,23430.0,inf,inf
924,,,,,,,,,,,,,,,,,,39090664.0,107460.0,0.0,39090664.0,107460.0,inf,inf
940,,,,,,,,,,,,,,,,,,60846828.0,187441.0,0.0,60846828.0,187441.0,inf,inf
941,,,,,,,,,,,,,,,,,,1007191.0,4465.0,0.0,1007191.0,4465.0,inf,inf
949,,,,,,,,,,,,,,,,,,25272.0,73.0,0.0,25272.0,73.0,inf,inf
971,,,,,,,,,,,,,,,,,,2766332.0,9054.0,0.0,2766332.0,9054.0,inf,inf
986,,,,,,,,,,,,,,,,,,728081.0,2423.0,0.0,728081.0,2423.0,inf,inf
1003,,,,,,,,,,,,,,,,,,15613385.0,48830.0,0.0,15613385.0,48830.0,inf,inf
1016,,,,,,,,,,,,,,,,,,14714815.0,35557.0,0.0,14714815.0,35557.0,inf,inf
1055,,,,,,,,,,,,,,,,,,7161010.0,28534.0,0.0,7161010.0,28534.0,inf,inf
1060,,,,,,,,,,,,,,,,,,899874.0,3888.0,0.0,899874.0,3888.0,inf,inf
1092,,,,,,,,,,,,,,,,,,4013782.0,11164.0,0.0,4013782.0,11164.0,inf,inf
1108,,,,,,,,,,,,,,,,,,2510419.0,9580.0,0.0,2510419.0,9580.0,inf,inf
1116,,,,,,,,,,,,,,,,,,979229.0,4816.0,0.0,979229.0,4816.0,inf,inf
1122,,,,,,,,,,,,,,,,,,5602296.0,19039.0,0.0,5602296.0,19039.0,inf,inf
1131,,,,,,,,,,,,,,,,,,310397.0,1592.0,0.0,310397.0,1592.0,inf,inf
1186,,,,,,,,,,,,,,,,,,2628027.0,9999.0,0.0,2628027.0,9999.0,inf,inf
1274,,,,,,,,,,,,,,,,,,3260789.0,11215.0,0.0,3260789.0,11215.0,inf,inf
2040,,,,,,,,,,,,,,,,,,4495761.0,14681.0,0.0,4495761.0,14681.0,inf,inf
2109,,,,,,,,,,,,,,,,,,1383681.0,4838.0,0.0,1383681.0,4838.0,inf,inf
2155,,,,,,,,,,,,,,,,,,15102.0,78.0,0.0,15102.0,78.0,inf,inf
2167,,,,,,,,,,,,,,,,,,22381191.0,73128.0,0.0,22381191.0,73128.0,inf,inf
2169,,,,,,,,,,,,,,,,,,6404267.0,21295.0,0.0,6404267.0,21295.0,inf,inf
2171,,,,,,,,,,,,,,,,,,44172824.0,133823.0,0.0,44172824.0,133823.0,inf,inf
2219,,,,,,,,,,,,,,,,,,505907.0,2204.0,0.0,505907.0,2204.0,inf,inf
2222,,,,,,,,,,,,,,,,,,73241.0,412.0,0.0,73241.0,412.0,inf,inf
2275,,,,,,,,,,,,,,,,,,10847466.0,38626.0,0.0,10847466.0,38626.0,inf,inf
2279,,,,,,,,,,,,,,,,,,1846016.0,4180.0,0.0,1846016.0,4180.0,inf,inf
2317,,,,,,,,,,,,,,,,,,58278691.0,105503.0,0.0,58278691.0,105503.0,inf,inf
2373,,,,,,,,,,,,,,,,,,18705632.0,48906.0,0.0,18705632.0,48906.0,inf,inf
2394,,,,,,,,,,,,,,,,,,226703.0,501.0,0.0,226703.0,501.0,inf,inf
2502,,,,,,,,,,,,,,,,,,1128173.0,5990.0,0.0,1128173.0,5990.0,inf,inf
2503,,,,,,,,,,,,,,,,,,14652691.0,39413.0,0.0,14652691.0,39413.0,inf,inf
