id,name,acronym,red,green,blue,structure_order,parent_id,parent_acronym,collapse,depth,counts,raw_cell_intensity,raw_cell_size,newcounts,newcellintensity,newcellsize,normalized_cellintensity,normalized_cellsize
0,background,background,0,0,0,0,,,,0,71396.0,3439698639.0,7599533.0,71396.0,3439698639.0,7599533.0,48177.75,106.44199955179562
997,root,root,255,255,255,0,,,,0,,0.0,0.0,216657.0,10226638486.0,22595199.0,47201.97586969265,104.29018679294923
8,Basic cell groups and regions,grey,176,255,255,100,997.0,root,,1,,0.0,0.0,170922.0,7960594432.0,17766040.0,46574.42828892711,103.9423830753209
567,Cerebrum,CH,176,240,255,200,8.0,grey,,2,,0.0,0.0,111328.0,5070790845.0,11551353.0,45548.20750395228,103.75963818626042
688,Cerebral cortex,CTX,176,255,184,300,567.0,CH,,3,,0.0,0.0,97364.0,4430979597.0,10152430.0,45509.42439710776,104.27293455486628
695,Cortical plate,CTXpl,112,255,112,400,688.0,CTX,,4,,0.0,0.0,95701.0,4356150689.0,9980698.0,45518.34034127125,104.29042538740453
315,Isocortex,Isocortex,112,255,113,500,695.0,CTXpl,,5,,0.0,0.0,53880.0,2322267239.0,5546006.0,43100.72826651819,102.93255382331107
184,Frontal association cortex,FrA,112,255,113,600,315.0,Isocortex,,6,,0.0,0.0,2761.0,137179901.0,295407.0,49684.86091995654,106.99275624773632
68,"Frontal pole, layer 1",FrA-1,121,161,59,700,184.0,FrA,,7,2180.0,107456426.0,234525.0,2180.0,107456426.0,234525.0,49291.93853211009,107.5802752293578
667,"Frontal pole, layer 2/3",FrA-2/3,132,165,74,800,184.0,FrA,,7,228.0,12588736.0,25393.0,228.0,12588736.0,25393.0,55213.754385964916,111.37280701754386
2325,"Frontal pole, layer 5",FrA-5,132,165,74,810,184.0,FrA,,7,23.0,794923.0,2036.0,23.0,794923.0,2036.0,34561.86956521739,88.52173913043478
500,motor cortex,M,112,255,116,900,315.0,Isocortex,,6,,0.0,0.0,7464.0,291510244.0,694930.0,39055.49892818864,93.10423365487674
985,Primary motor cortex,M1,112,255,116,1500,500.0,M,,7,,0.0,0.0,2239.0,91663378.0,211760.0,40939.42742295668,94.57793657882983
320,"Primary motor cortex, layer 1",M1-1,112,255,116,1510,985.0,M1,,8,1063.0,38206924.0,95120.0,1063.0,38206924.0,95120.0,35942.54374412041,89.48259642521167
943,"Primary motor cortex, layer 2/3",M1-2/3,112,255,116,1520,985.0,M1,,8,109.0,3713487.0,9665.0,109.0,3713487.0,9665.0,34068.68807339449,88.6697247706422
648,"Primary motor cortex, layer 5",M1-5,112,255,116,1530,985.0,M1,,8,201.0,7686486.0,18483.0,201.0,7686486.0,18483.0,38241.22388059701,91.95522388059702
844,"Primary motor cortex, layer 6a",M1-6a,112,255,116,1540,985.0,M1,,8,299.0,11027898.0,26299.0,299.0,11027898.0,26299.0,36882.60200668896,87.95652173913044
882,"Primary motor cortex, layer 6b",M1-6b,112,255,116,1540,985.0,M1,,8,109.0,4524644.0,10353.0,109.0,4524644.0,10353.0,41510.49541284404,94.98165137614679
2017,"Frontal cortex, area 3",FrC3,132,165,74,2010,985.0,M1,,8,,0.0,0.0,458.0,26503939.0,51840.0,57868.862445414845,113.1877729257642
2334,"Frontal cortex, area 3, layer1",FrC3-1,132,165,74,2020,2017.0,FrC3,,9,325.0,16437551.0,34456.0,325.0,16437551.0,34456.0,50577.08,106.01846153846154
2335,"Frontal cortex, area 3, layer2/3",FrC3-2/3,132,165,74,2020,2017.0,FrC3,,9,86.0,6522458.0,11649.0,86.0,6522458.0,11649.0,75842.53488372093,135.45348837209303
2336,"Frontal cortex, area 3, layer5",FrC3-5,132,165,74,2040,2017.0,FrC3,,9,39.0,2624147.0,4569.0,39.0,2624147.0,4569.0,67285.82051282052,117.15384615384616
2337,"Frontal cortex, area 3, layer6a",FrC3-6a,132,165,74,2050,2017.0,FrC3,,9,8.0,919783.0,1166.0,8.0,919783.0,1166.0,114972.875,145.75
2351,"Frontal cortex, area 3, layer6b",FrC3-6b,132,165,74,2060,2017.0,FrC3,,9,,0.0,0.0,0.0,0.0,0.0,,
993,Secondary motor cortex,M2,112,255,116,2100,500.0,M,,7,,0.0,0.0,5225.0,199846866.0,483170.0,38248.20401913876,92.47272727272727
656,"Secondary motor cortex, layer 1",M2-1,63,147,68,2200,993.0,M2,,8,2067.0,79355666.0,194757.0,2067.0,79355666.0,194757.0,38391.7106918239,94.22206095791002
962,"Secondary motor cortex, layer 2/3",M2-2/3,83,152,86,2300,993.0,M2,,8,744.0,26665772.0,67205.0,744.0,26665772.0,67205.0,35841.091397849465,90.32930107526882
767,"Secondary motor cortex, layer 5",M2-5,101,157,97,2400,993.0,M2,,8,1416.0,53516381.0,128638.0,1416.0,53516381.0,128638.0,37794.05437853107,90.84604519774011
1021,"Secondary motor cortex, layer 6a",M2-6a,129,174,115,2500,993.0,M2,,8,950.0,38614690.0,88265.0,950.0,38614690.0,88265.0,40647.04210526316,92.91052631578947
1085,"Secondary motor cortex, layer 6b",M2-6b,139,178,127,2600,993.0,M2,,8,48.0,1694357.0,4305.0,48.0,1694357.0,4305.0,35299.104166666664,89.6875
453,Somatosensory cortex,S,112,255,121,2700,315.0,Isocortex,,6,,0.0,0.0,10675.0,405807025.0,1048547.0,38014.70960187354,98.22454332552694
322,Primary somatosensory cortex,S1,112,255,121,2800,453.0,S,,7,,0.0,0.0,7983.0,293751529.0,759387.0,36797.13503695353,95.12551672303645
2338,"Primary somatosensory area, jaw",S1J,163,213,170,3410,322.0,S1,,8,,0.0,0.0,1368.0,52983117.0,134140.0,38730.34868421053,98.05555555555556
2339,"Primary somatosensory area, jaw, layer 1",S1J-1,163,213,170,3420,2338.0,S1J,,9,1192.0,41736897.0,114104.0,1192.0,41736897.0,114104.0,35014.17533557047,95.7248322147651
2340,"Primary somatosensory area, jaw, layer 2/3",S1J-2/3,163,213,170,3430,2338.0,S1J,,9,8.0,445412.0,840.0,8.0,445412.0,840.0,55676.5,105.0
2341,"Primary somatosensory area, jaw, layer 4",S1J-4,163,213,170,3440,2338.0,S1J,,9,18.0,1824501.0,2414.0,18.0,1824501.0,2414.0,101361.16666666667,134.11111111111111
2342,"Primary somatosensory area, jaw, layer 5",S1J-5,163,213,170,3450,2338.0,S1J,,9,71.0,4095679.0,7769.0,71.0,4095679.0,7769.0,57685.619718309856,109.4225352112676
2343,"Primary somatosensory area, jaw, layer 6a",S1J-6a,163,213,170,3460,2338.0,S1J,,9,68.0,3881626.0,7485.0,68.0,3881626.0,7485.0,57082.73529411765,110.07352941176471
2344,"Primary somatosensory area, jaw, layer 6b",S1J-6b,163,213,170,3470,2338.0,S1J,,9,11.0,999002.0,1528.0,11.0,999002.0,1528.0,90818.36363636363,138.9090909090909
793,"Primary somatosensory area, undefined, layer 1",S1-1,0,177,92,2900,322.0,S1,,8,,0.0,0.0,563.0,20419796.0,52926.0,36269.61989342806,94.00710479573712
346,"Primary somatosensory area, undefined, layer 2/3",S1-2/3,67,185,112,3000,793.0,S1-1,,9,8.0,287993.0,816.0,8.0,287993.0,816.0,35999.125,102.0
865,"Primary somatosensory area, undefined, layer 4",S1-4,93,191,126,3100,793.0,S1-1,,9,4.0,234011.0,488.0,4.0,234011.0,488.0,58502.75,122.0
921,"Primary somatosensory area, undefined, layer 5",S1-5,116,197,139,3200,793.0,S1-1,,9,53.0,2065543.0,5056.0,53.0,2065543.0,5056.0,38972.50943396227,95.39622641509433
686,"Primary somatosensory area, undefined, layer 6a",S1-6a,138,204,153,3300,793.0,S1-1,,9,104.0,3854091.0,9775.0,104.0,3854091.0,9775.0,37058.567307692305,93.99038461538461
719,"Primary somatosensory area,, undefined, layer 6b",S1-6b,163,213,170,3400,793.0,S1-1,,9,55.0,1808753.0,5114.0,55.0,1808753.0,5114.0,32886.41818181818,92.98181818181818
329,"Primary somatosensory cortex, barrel field",S1BF,112,255,121,4200,322.0,S1,,8,,0.0,0.0,2917.0,106418823.0,273665.0,36482.284196091874,93.81727802536852
981,"Primary somatosensory cortex, barrel field, layer 1",S1BF-1,0,178,156,4300,329.0,S1BF,,9,2249.0,81318979.0,211308.0,2249.0,81318979.0,211308.0,36157.83859493108,93.95642507781236
201,"Primary somatosensory cortex, barrel field, layer 2/3",S1BF-2/3,19,186,171,4400,329.0,S1BF,,9,110.0,4183494.0,10789.0,110.0,4183494.0,10789.0,38031.763636363634,98.08181818181818
1047,"Primary somatosensory cortex, barrel field, layer 4",S1BF-4,66,191,179,4500,329.0,S1BF,,9,24.0,887833.0,2172.0,24.0,887833.0,2172.0,36993.041666666664,90.5
1070,"Primary somatosensory cortex, barrel field, layer 5 ",S1BF-5,93,197,188,4600,329.0,S1BF,,9,94.0,2782945.0,8087.0,94.0,2782945.0,8087.0,29605.797872340427,86.03191489361703
1038,"Primary somatosensory cortex, barrel field, layer 6a",S1BF-6a,117,203,197,4700,329.0,S1BF,,9,278.0,9786614.0,25463.0,278.0,9786614.0,25463.0,35203.647482014385,91.59352517985612
1062,"Primary somatosensory cortex, barrel field, layer 6b",S1BF-6b,143,211,208,4800,329.0,S1BF,,9,162.0,7458958.0,15846.0,162.0,7458958.0,15846.0,46042.950617283954,97.81481481481481
337,"Primary somatosensory cortex, hindlimb region",S1HL,112,255,121,4900,322.0,S1,,8,,0.0,0.0,350.0,11633662.0,30078.0,33239.03428571428,85.93714285714286
1030,"Primary somatosensory cortex, hindlimb region, layer 1",S1HL-1,0,177,142,5000,337.0,S1HL,,9,160.0,5056060.0,13267.0,160.0,5056060.0,13267.0,31600.375,82.91875
113,"Primary somatosensory cortex, hindlimb region, layer 2/3",S1HL-2/3,0,183,155,5100,337.0,S1HL,,9,26.0,833457.0,2249.0,26.0,833457.0,2249.0,32056.03846153846,86.5
1094,"Primary somatosensory cortex, hindlimb region, layer 4",S1HL-4,69,191,171,5200,337.0,S1HL,,9,11.0,366334.0,928.0,11.0,366334.0,928.0,33303.09090909091,84.36363636363636
1128,"Primary somatosensory cortex, hindlimb region, layer 5",S1HL-5,96,196,179,5300,337.0,S1HL,,9,47.0,1462608.0,3840.0,47.0,1462608.0,3840.0,31119.31914893617,81.70212765957447
478,"Primary somatosensory cortex, hindlimb region, layer 6a",S1HL-6a,119,202,188,5400,337.0,S1HL,,9,80.0,2950091.0,7472.0,80.0,2950091.0,7472.0,36876.1375,93.4
510,"Primary somatosensory cortex, hindlimb region, layer 6b",S1HL-6b,145,211,198,5500,337.0,S1HL,,9,26.0,965112.0,2322.0,26.0,965112.0,2322.0,37119.692307692305,89.3076923076923
345,"Primary somatosensory cortex, upper lip region",S1ULp,112,255,121,5600,322.0,S1,,8,,0.0,0.0,1882.0,71627401.0,189562.0,38059.19287991498,100.72369819341127
878,"Primary somatosensory cortex, upper lip region, layer 1",S1ULp-1,0,173,94,5700,345.0,S1ULp,,9,1607.0,59723948.0,160764.0,1607.0,59723948.0,160764.0,37164.871188550096,100.03982576228998
657,"Primary somatosensory cortex, upper lip region, layer 2/3",S1ULp-2/3,20,180,107,5800,345.0,S1ULp,,9,58.0,2313593.0,6040.0,58.0,2313593.0,6040.0,39889.53448275862,104.13793103448276
950,"Primary somatosensory cortex, upper lip region, layer 4",S1ULp-4,66,185,120,5900,345.0,S1ULp,,9,12.0,651906.0,1378.0,12.0,651906.0,1378.0,54325.5,114.83333333333333
974,"Primary somatosensory cortex, upper lip region, layer 5",S1ULp-5,92,191,133,6000,345.0,S1ULp,,9,41.0,1634990.0,3975.0,41.0,1634990.0,3975.0,39877.80487804878,96.95121951219512
1102,"Primary somatosensory cortex, upper lip region, layer 6a",S1ULp-6a,115,197,146,6100,345.0,S1ULp,,9,66.0,2459665.0,6426.0,66.0,2459665.0,6426.0,37267.65151515151,97.36363636363636
2,"Primary somatosensory cortex, upper lip region, layer 6b",S1ULp-6b,137,205,161,6200,345.0,S1ULp,,9,98.0,4843299.0,10979.0,98.0,4843299.0,10979.0,49421.41836734694,112.03061224489795
2000,"Primary somatosensory cortex, dysgranular zone ",S1DZ,112,255,121,6210,322.0,S1,,8,,0.0,0.0,256.0,8399555.0,21956.0,32810.76171875,85.765625
2287,"Primary somatosensory cortex, dysgranular zone 1",S1DZ-1,112,255,121,6211,2000.0,S1DZ,,9,200.0,6205310.0,16594.0,200.0,6205310.0,16594.0,31026.55,82.97
2288,"Primary somatosensory cortex, dysgranular zone 2/3",S1DZ-2/3,112,255,121,6212,2000.0,S1DZ,,9,14.0,486570.0,1221.0,14.0,486570.0,1221.0,34755.0,87.21428571428571
2289,"Primary somatosensory cortex, dysgranular zone 4",S1DZ-4,112,255,121,6213,2000.0,S1DZ,,9,3.0,67685.0,291.0,3.0,67685.0,291.0,22561.666666666668,97.0
2290,"Primary somatosensory cortex, dysgranular zone 5",S1DZ-5,112,255,121,6214,2000.0,S1DZ,,9,6.0,152886.0,430.0,6.0,152886.0,430.0,25481.0,71.66666666666667
2291,"Primary somatosensory cortex, dysgranular zone 6a",S1DZ-6a,112,255,121,6215,2000.0,S1DZ,,9,26.0,1275547.0,2845.0,26.0,1275547.0,2845.0,49059.5,109.42307692307692
2292,"Primary somatosensory cortex, dysgranular zone 6b",S1DZ-6b,112,255,121,6216,2000.0,S1DZ,,9,7.0,211557.0,575.0,7.0,211557.0,575.0,30222.428571428572,82.14285714285714
2352,"Primary somatosensory cortex, oral dysgranular zone ",S1DZO,112,255,121,6220,322.0,S1,,8,,0.0,0.0,40.0,1768477.0,4338.0,44211.925,108.45
2353,"Primary somatosensory cortex, oral dysgranular zone 1",S1DZO-1,112,255,121,6221,2352.0,S1DZO,,9,37.0,1648287.0,4005.0,37.0,1648287.0,4005.0,44548.2972972973,108.24324324324324
2354,"Primary somatosensory cortex, oral dysgranular zone 2/3",S1DZO-2/3,112,255,121,6222,2352.0,S1DZO,,9,,0.0,0.0,0.0,0.0,0.0,,
2355,"Primary somatosensory cortex, oral dysgranular zone 4",S1DZO-4,112,255,121,6223,2352.0,S1DZO,,9,1.0,51959.0,133.0,1.0,51959.0,133.0,51959.0,133.0
2356,"Primary somatosensory cortex, oral dysgranular zone 5",S1DZO-5,112,255,121,6224,2352.0,S1DZO,,9,,0.0,0.0,0.0,0.0,0.0,,
2357,"Primary somatosensory cortex, oral dysgranular zone 6a",S1DZO-6a,112,255,121,6225,2352.0,S1DZO,,9,2.0,68231.0,200.0,2.0,68231.0,200.0,34115.5,100.0
2358,"Primary somatosensory cortex, oral dysgranular zone 6b",S1DZO-6b,112,255,121,6226,2352.0,S1DZO,,9,,0.0,0.0,0.0,0.0,0.0,,
2041,"Primary somatosensory cortex, shoulder region",S1Sh,112,255,121,6230,322.0,S1,,8,,0.0,0.0,84.0,2573135.0,7219.0,30632.559523809523,85.94047619047619
2310,"Primary somatosensory cortex, shoulder region 1",S1Sh-1,112,255,121,6231,2041.0,S1Sh,,9,19.0,584129.0,1561.0,19.0,584129.0,1561.0,30743.63157894737,82.15789473684211
2311,"Primary somatosensory cortex, shoulder region 2/3",S1Sh-2/3,112,255,121,6232,2041.0,S1Sh,,9,6.0,119562.0,408.0,6.0,119562.0,408.0,19927.0,68.0
2312,"Primary somatosensory cortex, shoulder region 4",S1Sh-4,112,255,121,6233,2041.0,S1Sh,,9,1.0,10776.0,54.0,1.0,10776.0,54.0,10776.0,54.0
2313,"Primary somatosensory cortex, shoulder region 5",S1Sh-5,112,255,121,6234,2041.0,S1Sh,,9,9.0,268815.0,828.0,9.0,268815.0,828.0,29868.333333333332,92.0
2314,"Primary somatosensory cortex, shoulder region 6a",S1Sh-6a,112,255,121,6235,2041.0,S1Sh,,9,43.0,1443321.0,3945.0,43.0,1443321.0,3945.0,33565.604651162794,91.74418604651163
2315,"Primary somatosensory cortex, shoulder region 6b",S1Sh-6b,112,255,121,6236,2041.0,S1Sh,,9,6.0,146532.0,423.0,6.0,146532.0,423.0,24422.0,70.5
369,"Primary somatosensory cortex, forelimb region",S1FL,112,255,121,6300,322.0,S1,,8,,0.0,0.0,370.0,13131811.0,32524.0,35491.38108108108,87.9027027027027
450,"Primary somatosensory cortex, forelimb region, layer 1",S1FL-1,0,174,103,6400,369.0,S1FL,,9,299.0,9508910.0,25022.0,299.0,9508910.0,25022.0,31802.3745819398,83.68561872909699
854,"Primary somatosensory cortex, forelimb region, layer 2/3",S1FL-2/3,46,183,120,6500,369.0,S1FL,,9,11.0,273157.0,833.0,11.0,273157.0,833.0,24832.454545454544,75.72727272727273
577,"Primary somatosensory cortex, forelimb region, layer 4",S1FL-4,79,188,133,6600,369.0,S1FL,,9,2.0,66931.0,206.0,2.0,66931.0,206.0,33465.5,103.0
625,"Primary somatosensory cortex, forelimb region, layer 5",S1FL-5,103,194,147,6700,369.0,S1FL,,9,7.0,360662.0,757.0,7.0,360662.0,757.0,51523.142857142855,108.14285714285714
945,"Primary somatosensory cortex, forelimb region, layer 6a",S1FL-6a,114,198,154,6800,369.0,S1FL,,9,39.0,2457999.0,4516.0,39.0,2457999.0,4516.0,63025.61538461538,115.7948717948718
1026,"Primary somatosensory cortex, forelimb region, layer 6b",S1FL-6b,124,201,162,6900,369.0,S1FL,,9,12.0,464152.0,1190.0,12.0,464152.0,1190.0,38679.333333333336,99.16666666666667
361,"Primary somatosensory cortex, trunk region",S1Tr,112,255,121,7000,322.0,S1,,8,,0.0,0.0,153.0,4795752.0,12979.0,31344.78431372549,84.83006535947712
1006,"Primary somatosensory cortex, trunk region, layer 1",S1Tr-1,0,179,171,7100,361.0,S1Tr,,9,77.0,2317170.0,6451.0,77.0,2317170.0,6451.0,30093.116883116883,83.77922077922078
670,"Primary somatosensory cortex, trunk region, layer 2/3",S1Tr-2/3,0,185,179,7200,361.0,S1Tr,,9,25.0,956227.0,2385.0,25.0,956227.0,2385.0,38249.08,95.4
1086,"Primary somatosensory cortex, trunk region, layer 4",S1Tr-4,63,192,187,7300,361.0,S1Tr,,9,2.0,66070.0,182.0,2.0,66070.0,182.0,33035.0,91.0
1111,"Primary somatosensory cortex, trunk region, layer 5",S1Tr-5,91,197,197,7400,361.0,S1Tr,,9,14.0,457073.0,1182.0,14.0,457073.0,1182.0,32648.071428571428,84.42857142857143
9,"Primary somatosensory cortex, trunk region, layer 6a",S1Tr-6a,115,203,207,7500,361.0,S1Tr,,9,24.0,612324.0,1750.0,24.0,612324.0,1750.0,25513.5,72.91666666666667
461,"Primary somatosensory cortex, trunk region, layer 6b",S1Tr-6b,156,216,218,7600,361.0,S1Tr,,9,11.0,386888.0,1029.0,11.0,386888.0,1029.0,35171.63636363636,93.54545454545455
378,Secondary somatosensory cortex,S2,112,255,121,7700,453.0,S,,7,,0.0,0.0,2692.0,112055496.0,289160.0,41625.36998514116,107.41456166419019
873,"Secondary somatosensory cortex, layer 1",S2-1,0,176,129,7800,378.0,S2,,8,1424.0,58311949.0,158061.0,1424.0,58311949.0,158061.0,40949.402387640446,110.99789325842697
806,"Secondary somatosensory cortex, layer 2/3",S2-2/3,0,180,135,7900,378.0,S2,,8,190.0,8007743.0,19668.0,190.0,8007743.0,19668.0,42146.015789473684,103.51578947368421
1035,"Secondary somatosensory cortex, layer 4",S2-4,40,184,141,8000,378.0,S2,,8,186.0,8359443.0,19193.0,186.0,8359443.0,19193.0,44943.24193548387,103.18817204301075
1090,"Secondary somatosensory cortex, layer 5",S2-5,74,190,155,8100,378.0,S2,,8,269.0,10899412.0,27288.0,269.0,10899412.0,27288.0,40518.260223048324,101.44237918215613
862,"Secondary somatosensory cortex, layer 6a",S2-6a,98,196,170,8200,378.0,S2,,8,334.0,14025539.0,34360.0,334.0,14025539.0,34360.0,41992.63173652695,102.87425149700599
893,"Secondary somatosensory cortex, layer 6b",S2-6b,121,202,179,8300,378.0,S2,,8,289.0,12451410.0,30590.0,289.0,12451410.0,30590.0,43084.46366782007,105.8477508650519
44,"Cingulate cortex, area 24a (infralimbic)",A24a (IL),112,255,104,8400,315.0,Isocortex,,6,,0.0,0.0,3403.0,166290094.0,360187.0,48865.73435204232,105.84396121069645
707,"Cingulate cortex, area 24a (infralimbic), layer 1",A24a (IL)-1,0,137,72,8500,44.0,A24a (IL),,7,159.0,8905897.0,18250.0,159.0,8905897.0,18250.0,56011.93081761006,114.77987421383648
747,"Cingulate cortex, area 24a (infralimbic), layer 2/3",A24a (IL)-2,13,142,83,8600,44.0,A24a (IL),,7,,0.0,0.0,0.0,0.0,0.0,,
556,"Cingulate cortex, area 24a (infralimbic), layer 4",A24a (IL)-2/3,50,146,93,8700,44.0,A24a (IL),,7,894.0,44910867.0,97017.0,894.0,44910867.0,97017.0,50235.86912751678,108.52013422818791
827,"Cingulate cortex, area 24a (infralimbic), layer 5",A24a (IL)-5,77,160,111,8800,44.0,A24a (IL),,7,1284.0,60740307.0,135725.0,1284.0,60740307.0,135725.0,47305.535046728975,105.70482866043614
1054,"Cingulate cortex, area 24a (infralimbic), layer 6a",A24a (IL)-6a,97,166,122,8900,44.0,A24a (IL),,7,817.0,39964872.0,84139.0,817.0,39964872.0,84139.0,48916.61199510404,102.98531211750306
1081,"Cingulate cortex, area 24a (infralimbic), layer 6b",A24a (IL)-6b,116,172,135,9000,44.0,A24a (IL),,7,249.0,11768151.0,25056.0,249.0,11768151.0,25056.0,47261.65060240964,100.62650602409639
1057,Dysgranular insular cortex,DI,112,255,105,9100,315.0,Isocortex,,6,,0.0,0.0,799.0,34675700.0,89882.0,43398.873591989985,112.49311639549437
36,"Dysgranular insular cortex, layer 1",DI-1,51,181,90,9200,1057.0,DI,,7,598.0,25433354.0,67690.0,598.0,25433354.0,67690.0,42530.692307692305,113.19397993311037
180,"Dysgranular insular cortex, layer 2/3",DI-2/3,82,187,112,9300,1057.0,DI,,7,10.0,455507.0,1187.0,10.0,455507.0,1187.0,45550.7,118.7
148,"Dysgranular insular cortex, layer 4",DI-4,106,193,125,9400,1057.0,DI,,7,5.0,143005.0,400.0,5.0,143005.0,400.0,28601.0,80.0
187,"Dysgranular insular cortex, layer 5",DI-5,127,200,138,9500,1057.0,DI,,7,99.0,4871820.0,10927.0,99.0,4871820.0,10927.0,49210.30303030303,110.37373737373737
638,"Dysgranular insular cortex, layer 6a",DI-6a,152,208,152,9600,1057.0,DI,,7,82.0,3607742.0,9190.0,82.0,3607742.0,9190.0,43996.85365853659,112.07317073170732
662,"Dysgranular insular cortex, layer 6b",DI-6b,175,218,179,9700,1057.0,DI,,7,5.0,164272.0,488.0,5.0,164272.0,488.0,32854.4,97.6
677,Granular insular cortex,GI,112,255,100,9800,315.0,Isocortex,,6,,0.0,0.0,724.0,31055109.0,83849.0,42893.79696132597,115.81353591160222
897,"Granular insular cortex, layer 1",GI-1,0,155,91,9900,677.0,GI,,7,600.0,24342861.0,68302.0,600.0,24342861.0,68302.0,40571.435,113.83666666666667
1106,"Granular insular cortex, layer 2/3",GI-2/3,42,163,106,10000,677.0,GI,,7,20.0,1131321.0,2511.0,20.0,1131321.0,2511.0,56566.05,125.55
1010,"Granular insular cortex, layer 4",GI-4,70,168,118,10100,677.0,GI,,7,5.0,270555.0,595.0,5.0,270555.0,595.0,54111.0,119.0
1058,"Granular insular cortex, layer 5",GI-5,97,183,138,10200,677.0,GI,,7,36.0,2136007.0,4317.0,36.0,2136007.0,4317.0,59333.52777777778,119.91666666666667
857,"Granular insular cortex, layer 6a",GI-6a,108,186,144,10300,677.0,GI,,7,49.0,2415876.0,6178.0,49.0,2415876.0,6178.0,49303.5918367347,126.08163265306122
849,"Granular insular cortex, layer 6b",GI-6b,117,189,152,10400,677.0,GI,,7,14.0,758489.0,1946.0,14.0,758489.0,1946.0,54177.78571428572,139.0
247,Auditory cortex,Au,120,255,120,10500,315.0,Isocortex,,6,,0.0,0.0,3504.0,135918330.0,348699.0,38789.477739726026,99.51455479452055
1011,"Secondary auditory cortex, dorsal area",AuD,120,255,120,10600,247.0,Au,,7,,0.0,0.0,608.0,21419820.0,58212.0,35229.96710526316,95.74342105263158
527,"Secondary auditory cortex, dorsal area, layer 1",AuD-1,0,157,125,10700,1011.0,AuD,,8,295.0,11298064.0,28882.0,295.0,11298064.0,28882.0,38298.522033898305,97.90508474576271
600,"Secondary auditory cortex, dorsal area, layer 2/3",AuD-2/3,0,163,137,10800,1011.0,AuD,,8,31.0,1268692.0,3273.0,31.0,1268692.0,3273.0,40925.54838709677,105.58064516129032
678,"Secondary auditory cortex, dorsal area, layer 4",AuD-4,63,170,151,10900,1011.0,AuD,,8,16.0,468837.0,1478.0,16.0,468837.0,1478.0,29302.3125,92.375
252,"Secondary auditory cortex, dorsal area, layer 5",AuD-5,91,185,168,11000,1011.0,AuD,,8,53.0,1653379.0,4918.0,53.0,1653379.0,4918.0,31195.830188679247,92.79245283018868
156,"Secondary auditory cortex, dorsal area, layer 6a",AuD-6a,113,190,176,11100,1011.0,AuD,,8,141.0,4537517.0,13082.0,141.0,4537517.0,13082.0,32180.971631205673,92.78014184397163
243,"Secondary auditory cortex, dorsal area, layer 6b",AuD-16b,137,198,186,11200,1011.0,AuD,,8,72.0,2193331.0,6579.0,72.0,2193331.0,6579.0,30462.930555555555,91.375
1002,Primary auditory cortex,Au1,120,255,120,11300,247.0,Au,,7,,0.0,0.0,900.0,32967473.0,85939.0,36630.525555555556,95.48777777777778
735,"Primary auditory cortex, layer 1",Au1-1,0,157,114,11400,1002.0,Au1,,8,157.0,4621343.0,13602.0,157.0,4621343.0,13602.0,29435.305732484077,86.63694267515923
251,"Primary auditory cortex, layer 2/3",Au1-2/3,0,160,119,11500,1002.0,Au1,,8,112.0,3627990.0,10343.0,112.0,3627990.0,10343.0,32392.76785714286,92.34821428571429
816,"Primary auditory cortex, layer 4",Au1-4,37,164,125,11600,1002.0,Au1,,8,58.0,2381699.0,5992.0,58.0,2381699.0,5992.0,41063.775862068964,103.3103448275862
847,"Primary auditory cortex, layer 5",Au1-5,71,178,145,11700,1002.0,Au1,,8,177.0,7824541.0,19357.0,177.0,7824541.0,19357.0,44206.44632768362,109.36158192090396
954,"Primary auditory cortex, layer 6a",Au1-6a,93,184,160,11800,1002.0,Au1,,8,271.0,10048242.0,25381.0,271.0,10048242.0,25381.0,37078.383763837635,93.65682656826569
1005,"Primary auditory cortex, layer 6b",Au1-6b,115,190,168,11900,1002.0,Au1,,8,125.0,4463658.0,11264.0,125.0,4463658.0,11264.0,35709.264,90.112
1018,"Secondary auditory cortex, ventral area",AuV,120,255,120,12700,247.0,Au,,7,,0.0,0.0,1996.0,81531037.0,204548.0,40847.2129258517,102.47895791583166
959,"Secondary auditory cortex, ventral area, layer 1",AuV-1,0,156,102,12800,1018.0,AuV,,8,204.0,8027607.0,23429.0,204.0,8027607.0,23429.0,39351.01470588235,114.84803921568627
755,"Secondary auditory cortex, ventral area, layer 2/3",AuV-2/3,41,163,113,12900,1018.0,AuV,,8,279.0,10951232.0,28118.0,279.0,10951232.0,28118.0,39251.72759856631,100.78136200716845
990,"Secondary auditory cortex, ventral area, layer 4",AuV-4,70,168,124,13000,1018.0,AuV,,8,297.0,11362394.0,29255.0,297.0,11362394.0,29255.0,38257.21885521885,98.5016835016835
1023,"Secondary auditory cortex, ventral area, layer 5",AuV-5,96,183,144,13100,1018.0,AuV,,8,518.0,23486664.0,55075.0,518.0,23486664.0,55075.0,45341.05019305019,106.32239382239382
520,"Secondary auditory cortex, ventral area, layer 6a",AuV-6a,116,190,160,13200,1018.0,AuV,,8,523.0,20837774.0,51801.0,523.0,20837774.0,51801.0,39842.78011472275,99.04588910133843
598,"Secondary auditory cortex, ventral area, layer 6b",AuV-6b,127,193,168,13300,1018.0,AuV,,8,175.0,6865366.0,16870.0,175.0,6865366.0,16870.0,39230.66285714286,96.4
669,Visual cortex,V,112,255,98,13400,315.0,Isocortex,,6,,0.0,0.0,1986.0,66603738.0,177526.0,33536.625377643504,89.38872104733132
2170,"Secondary visual cortex, lateral area",V2L,108,173,178,14010,669.0,V,,7,,0.0,0.0,814.0,27533629.0,75193.0,33825.097051597055,92.37469287469287
402,"Secondary visual cortex, lateral area, anterior region",V2La,112,255,98,14100,2170.0,V2L,,8,,0.0,0.0,555.0,18687946.0,50529.0,33671.974774774775,91.04324324324324
1074,"Secondary visual cortex, lateral area, anterior region, layer1",V2La-1,0,160,181,14200,402.0,V2La,,9,240.0,9271788.0,24175.0,240.0,9271788.0,24175.0,38632.45,100.72916666666667
905,"Secondary visual cortex, lateral area, anterior region, layer2/3",V2La-2/3,0,161,189,14300,402.0,V2La,,9,53.0,1658854.0,4382.0,53.0,1658854.0,4382.0,31299.132075471698,82.67924528301887
1114,"Secondary visual cortex, lateral area, anterior region, layer4",V2La-4,0,161,197,14400,402.0,V2La,,9,14.0,523236.0,1319.0,14.0,523236.0,1319.0,37374.0,94.21428571428571
233,"Secondary visual cortex, lateral area, anterior region, layer5",V2La-5,16,179,202,14500,402.0,V2La,,9,60.0,1910329.0,5260.0,60.0,1910329.0,5260.0,31838.816666666666,87.66666666666667
601,"Secondary visual cortex, lateral area, anterior region, layer6a",V2La-6a,105,193,212,14600,402.0,V2La,,9,124.0,3433260.0,9856.0,124.0,3433260.0,9856.0,27687.58064516129,79.48387096774194
649,"Secondary visual cortex, lateral area, anterior region, layer6b",V2La-6b,103,193,221,14700,402.0,V2La,,9,64.0,1890479.0,5537.0,64.0,1890479.0,5537.0,29538.734375,86.515625
409,"Secondary visual cortex, lateral area, intermediate region",V2Li,112,255,98,14800,2170.0,V2L,,8,,0.0,0.0,180.0,6155746.0,17240.0,34198.58888888889,95.77777777777777
421,"Secondary visual cortex, lateral area, intermediate region, layer1",V2Li-1,0,159,158,14900,409.0,V2Li,,9,128.0,4253262.0,11874.0,128.0,4253262.0,11874.0,33228.609375,92.765625
973,"Secondary visual cortex, lateral area, intermediate region, layer2/3",V2Li-2/3,0,159,165,15000,409.0,V2Li,,9,3.0,101081.0,302.0,3.0,101081.0,302.0,33693.666666666664,100.66666666666667
573,"Secondary visual cortex, lateral area, intermediate region, layer4",V2Li-4,0,161,173,15100,409.0,V2Li,,9,,0.0,0.0,0.0,0.0,0.0,,
613,"Secondary visual cortex, lateral area, intermediate region, layer5",V2Li-5,0,176,184,15200,409.0,V2Li,,9,8.0,219971.0,612.0,8.0,219971.0,612.0,27496.375,76.5
74,"Secondary visual cortex, lateral area, intermediate region, layer6a",V2Li-6a,69,183,193,15300,409.0,V2Li,,9,36.0,1374643.0,3949.0,36.0,1374643.0,3949.0,38184.52777777778,109.69444444444444
121,"Secondary visual cortex, lateral area, intermediate region, layer6b",V2Li-6b,107,192,203,15400,409.0,V2Li,,9,5.0,206789.0,503.0,5.0,206789.0,503.0,41357.8,100.6
425,"Secondary visual cortex, lateral area, posterior region",V2Lp,112,255,98,15500,2170.0,V2L,,8,,0.0,0.0,79.0,2689937.0,7424.0,34049.83544303798,93.9746835443038
750,"Secondary visual cortex, lateral area, posterior region, layer1",V2Lp-1,0,180,205,15600,425.0,V2Lp,,9,73.0,2437527.0,6796.0,73.0,2437527.0,6796.0,33390.78082191781,93.0958904109589
269,"Secondary visual cortex, lateral area, posterior region, layer2/3",V2Lp-2/3,0,181,214,15700,425.0,V2Lp,,9,2.0,58311.0,131.0,2.0,58311.0,131.0,29155.5,65.5
869,"Secondary visual cortex, lateral area, posterior region, layer4",V2Lp-4,0,181,223,15800,425.0,V2Lp,,9,1.0,41393.0,122.0,1.0,41393.0,122.0,41393.0,122.0
902,"Secondary visual cortex, lateral area, posterior region, layer15",V2Lp-5,2,190,215,15900,425.0,V2Lp,,9,2.0,76556.0,227.0,2.0,76556.0,227.0,38278.0,113.5
377,"Secondary visual cortex, lateral area, posterior region, layer6a",V2Lp-6a,110,205,226,16000,425.0,V2Lp,,9,1.0,76150.0,148.0,1.0,76150.0,148.0,76150.0,148.0
393,"Secondary visual cortex, lateral area, posterior region, layer6b",V2Lp-6b,107,205,236,16100,425.0,V2Lp,,9,,0.0,0.0,0.0,0.0,0.0,,
2096,"Secondary Visual Cortex, Medial area",V2M,107,205,236,16110,669.0,V,,7,,0.0,0.0,288.0,11025595.0,26741.0,38283.31597222222,92.85069444444444
2097,"Secondary visual cortex, mediolateral area",V2ML,107,205,236,16120,2096.0,V2M,,8,,0.0,0.0,65.0,2350520.0,6060.0,36161.846153846156,93.23076923076923
2393,"Secondary visual cortex, mediolateral area, layer1",V2ML-1,107,205,236,16130,2097.0,V2ML,,9,36.0,1217667.0,3324.0,36.0,1217667.0,3324.0,33824.083333333336,92.33333333333333
2409,"Secondary visual cortex, mediolateral area, layer2/3",V2ML-2/3,107,205,236,16140,2097.0,V2ML,,9,8.0,239651.0,628.0,8.0,239651.0,628.0,29956.375,78.5
2410,"Secondary visual cortex, mediolateral area, layer4",V2ML-4,107,205,236,16150,2097.0,V2ML,,9,,0.0,0.0,0.0,0.0,0.0,,
2411,"Secondary visual cortex, mediolateral area, layer5",V2ML-5,107,205,236,16160,2097.0,V2ML,,9,,0.0,0.0,0.0,0.0,0.0,,
2412,"Secondary visual cortex, mediolateral area, layer6a",V2ML-6a,107,205,236,16170,2097.0,V2ML,,9,11.0,382438.0,880.0,11.0,382438.0,880.0,34767.09090909091,80.0
2413,"Secondary visual cortex, mediolateral area, layer6b",V2ML-6b,107,205,236,16180,2097.0,V2ML,,9,10.0,510764.0,1228.0,10.0,510764.0,1228.0,51076.4,122.8
394,"Secondary visual cortex, mediomedial area, anterior region",V2MMa,112,255,98,16200,2096.0,V2M,,8,,0.0,0.0,72.0,2882338.0,6698.0,40032.47222222222,93.02777777777777
281,"Secondary visual cortex, mediomedial area, anterior region, layer1",V2MMa-1,0,141,139,16300,394.0,V2MMa,,9,23.0,1100369.0,2268.0,23.0,1100369.0,2268.0,47842.13043478261,98.6086956521739
1066,"Secondary visual cortex, mediomedial area, anterior region, layer2/3",V2MMa-2/3,0,142,145,16400,394.0,V2MMa,,9,8.0,283491.0,662.0,8.0,283491.0,662.0,35436.375,82.75
401,"Secondary visual cortex, mediomedial area, anterior region, layer4",V2MMa-4,0,143,152,16500,394.0,V2MMa,,9,1.0,22200.0,67.0,1.0,22200.0,67.0,22200.0,67.0
433,"Secondary visual cortex, mediomedial area, anterior region, layer5",V2MMa-5,0,158,163,16600,394.0,V2MMa,,9,3.0,229503.0,384.0,3.0,229503.0,384.0,76501.0,128.0
1046,"Secondary visual cortex, mediomedial area, anterior region, layer6a",V2MMa-6a,64,164,172,16700,394.0,V2MMa,,9,27.0,1017870.0,2594.0,27.0,1017870.0,2594.0,37698.88888888889,96.07407407407408
441,"Secondary visual cortex, mediomedial area, anterior region, layer6b",V2MMa-6b,98,172,181,16800,394.0,V2MMa,,9,10.0,228905.0,723.0,10.0,228905.0,723.0,22890.5,72.3
533,"Secondary visual cortex, mediomedial area, posterior region",V2MMp,112,255,98,16900,2096.0,V2M,,8,,0.0,0.0,151.0,5792737.0,13983.0,38362.496688741725,92.60264900662251
805,"Secondary visual cortex, mediomedial area, posterior region, layer1",V2MMp-1,0,174,184,17000,533.0,V2MMp,,9,131.0,4790632.0,11771.0,131.0,4790632.0,11771.0,36569.70992366412,89.85496183206106
41,"Secondary visual cortex, mediomedial area, posterior region, layer2/3",V2MMp-2/3,0,175,191,17100,533.0,V2MMp,,9,16.0,862181.0,1828.0,16.0,862181.0,1828.0,53886.3125,114.25
501,"Secondary visual cortex, mediomedial area, posterior region, layer4",V2MMp-4,0,179,200,17200,533.0,V2MMp,,9,,0.0,0.0,0.0,0.0,0.0,,
565,"Secondary visual cortex, mediomedial area, posterior region, layer5",V2MMp-5,63,184,201,17300,533.0,V2MMp,,9,,0.0,0.0,0.0,0.0,0.0,,
257,"Secondary visual cortex, mediomedial area, posterior region, layer6a",V2MMp-6a,93,188,201,17400,533.0,V2MMp,,9,4.0,139924.0,384.0,4.0,139924.0,384.0,34981.0,96.0
469,"Secondary visual cortex, mediomedial area, posterior region, layer6b",V2MMp-6b,119,194,202,17500,533.0,V2MMp,,9,,0.0,0.0,0.0,0.0,0.0,,
385,Primary visual cortex,V1,112,255,98,17600,669.0,V,,7,,0.0,0.0,884.0,28044514.0,75592.0,31724.56334841629,85.51131221719457
593,"Primary visual cortex, layer1",V1-1,0,147,153,17700,385.0,V1,,8,273.0,8218674.0,23138.0,273.0,8218674.0,23138.0,30105.032967032967,84.75457875457876
821,"Primary visual cortex, layer2/3",V1-2/3,0,148,159,17800,385.0,V1,,8,51.0,1647261.0,4218.0,51.0,1647261.0,4218.0,32299.235294117647,82.70588235294117
721,"Primary visual cortex, layer4",V1-4,17,151,167,17900,385.0,V1,,8,1.0,20404.0,64.0,1.0,20404.0,64.0,20404.0,64.0
778,"Primary visual cortex, layer5",V1-5,60,163,177,18000,385.0,V1,,8,9.0,215709.0,700.0,9.0,215709.0,700.0,23967.666666666668,77.77777777777777
33,"Primary visual cortex, layer6a",V1-6a,85,168,178,18100,385.0,V1,,8,4.0,88590.0,274.0,4.0,88590.0,274.0,22147.5,68.5
305,"Primary visual cortex, layer6b",V1-6b,107,173,178,18200,385.0,V1,,8,9.0,170813.0,539.0,9.0,170813.0,539.0,18979.222222222223,59.888888888888886
2098,"Primary visual cortex, monocular area",V1M,112,255,98,18210,385.0,V1,,8,,0.0,0.0,166.0,4854150.0,14019.0,29241.86746987952,84.45180722891567
2428,"Primary visual cortex, monocular area, layer1",V1M-1,112,255,98,18220,2098.0,V1M,,9,84.0,2517848.0,7277.0,84.0,2517848.0,7277.0,29974.380952380954,86.63095238095238
2429,"Primary visual cortex, monocular area, layer2/3",V1M-2/3,112,255,98,18230,2098.0,V1M,,9,34.0,1117568.0,3025.0,34.0,1117568.0,3025.0,32869.64705882353,88.97058823529412
2430,"Primary visual cortex, monocular area, layer4",V1M-4,112,255,98,18240,2098.0,V1M,,9,4.0,171253.0,359.0,4.0,171253.0,359.0,42813.25,89.75
2431,"Primary visual cortex, monocular area, layer5",V1M-5,112,255,98,18250,2098.0,V1M,,9,7.0,143279.0,535.0,7.0,143279.0,535.0,20468.428571428572,76.42857142857143
2432,"Primary visual cortex, monocular area, layer6a",V1M-6a,112,255,98,18260,2098.0,V1M,,9,12.0,379357.0,1075.0,12.0,379357.0,1075.0,31613.083333333332,89.58333333333333
2433,"Primary visual cortex, monocular area, layer16b",V1M-6b,112,255,98,18270,2098.0,V1M,,9,25.0,524845.0,1748.0,25.0,524845.0,1748.0,20993.8,69.92
2133,"Primary visual cortex, binocular area",V1B,112,255,98,18280,385.0,V1,,8,,0.0,0.0,299.0,9967808.0,25465.0,33337.150501672244,85.16722408026756
2434,"Primary visual cortex, binocular area, layer1",V1B-1,112,255,98,18290,2133.0,V1B,,9,130.0,4248314.0,10763.0,130.0,4248314.0,10763.0,32679.33846153846,82.79230769230769
2435,"Primary visual cortex, binocular area, layer2/3",V1B-2/3,112,255,98,18291,2133.0,V1B,,9,48.0,1378818.0,3747.0,48.0,1378818.0,3747.0,28725.375,78.0625
2436,"Primary visual cortex, binocular area, layer4",V1B-4,112,255,98,18292,2133.0,V1B,,9,7.0,208606.0,589.0,7.0,208606.0,589.0,29800.85714285714,84.14285714285714
2437,"Primary visual cortex, binocular area, layer5",V1B-5,112,255,98,18293,2133.0,V1B,,9,21.0,592235.0,1680.0,21.0,592235.0,1680.0,28201.666666666668,80.0
2438,"Primary visual cortex, binocular area, layer6a",V1B-6a,112,255,98,18294,2133.0,V1B,,9,59.0,2234803.0,5611.0,59.0,2234803.0,5611.0,37878.016949152545,95.10169491525424
2439,"Primary visual cortex, binocular area, layer6b",V1B-6b,112,255,98,18295,2133.0,V1B,,9,34.0,1305032.0,3075.0,34.0,1305032.0,3075.0,38383.294117647056,90.44117647058823
31,Cingulate cortex,A24 (Cg),112,255,113,18300,315.0,Isocortex,,6,,0.0,0.0,2183.0,84424677.0,213464.0,38673.69537333944,97.78469995419148
2345,"Cingulate cortex, area 24b ",A24b (Cg1),169,203,142,18810,31.0,A24 (Cg),,7,,0.0,0.0,1777.0,69497627.0,174132.0,39109.52560495216,97.99212155317952
2346,"Cingulate cortex, area 24b, layer1",A24b (Cg1)-1,169,203,142,18820,2345.0,A24b (Cg1),,8,191.0,6966239.0,19730.0,191.0,6966239.0,19730.0,36472.4554973822,103.29842931937172
2347,"Cingulate cortex, area 24b, layer2/3",A24b (Cg1)-2/3,169,203,142,18830,2345.0,A24b (Cg1),,8,341.0,13303865.0,35218.0,341.0,13303865.0,35218.0,39014.26686217009,103.27859237536657
2348,"Cingulate cortex, area 24b, layer5",A24b (Cg1)-5,169,203,142,18840,2345.0,A24b (Cg1),,8,684.0,27068480.0,67437.0,684.0,27068480.0,67437.0,39573.801169590646,98.59210526315789
2349,"Cingulate cortex, area 24b, layer6a",A24b (Cg1)-6a,169,203,142,18850,2345.0,A24b (Cg1),,8,504.0,19259496.0,46414.0,504.0,19259496.0,46414.0,38213.28571428572,92.09126984126983
2350,"Cingulate cortex, area 24b, layer6b",A24b (Cg1)-6b,169,203,142,18860,2345.0,A24b (Cg1),,8,57.0,2899547.0,5333.0,57.0,2899547.0,5333.0,50869.245614035084,93.56140350877193
39,"Cingulate cortex, area 24b'",A24b' (Cg1),113,255,113,18900,31.0,A24 (Cg),,7,,0.0,0.0,225.0,8150925.0,21301.0,36226.333333333336,94.67111111111112
935,"Cingulate cortex, area 24b', layer1",A24b' (Cg1)-1,96,170,75,19000,39.0,A24b' (Cg1),,8,126.0,4765855.0,12839.0,126.0,4765855.0,12839.0,37824.24603174603,101.89682539682539
211,"Cingulate cortex, area 24b', layer2/3",A24b' (Cg1)-2/3,116,175,88,19100,39.0,A24b' (Cg1),,8,14.0,642729.0,1453.0,14.0,642729.0,1453.0,45909.21428571428,103.78571428571429
1015,"Cingulate cortex, area 24b', layer5",A24b' (Cg1)-5,137,183,108,19200,39.0,A24b' (Cg1),,8,37.0,1185741.0,3027.0,37.0,1185741.0,3027.0,32047.054054054053,81.8108108108108
919,"Cingulate cortex, area 24b', layer6a",A24b' (Cg1)-6a,157,199,128,19300,39.0,A24b' (Cg1),,8,44.0,1449574.0,3670.0,44.0,1449574.0,3670.0,32944.86363636364,83.4090909090909
927,"Cingulate cortex, area 24b', layer6b",A24b' (Cg1)-6b,168,203,142,19400,39.0,A24b' (Cg1),,8,4.0,107026.0,312.0,4.0,107026.0,312.0,26756.5,78.0
48,"Cingulate cortex, area 24a'",A24a' (Cg2),114,255,113,19500,31.0,A24 (Cg),,7,,0.0,0.0,181.0,6776125.0,18031.0,37437.154696132595,99.61878453038673
588,"Cingulate cortex, area 24a', layer1",A24a' (Cg2)-1,109,191,85,19600,48.0,A24a' (Cg2),,8,36.0,1637029.0,4318.0,36.0,1637029.0,4318.0,45473.02777777778,119.94444444444444
296,"Cingulate cortex, area 24a', layer2/3",A24a' (Cg2)-2/3,131,198,100,19700,48.0,A24a' (Cg2),,8,44.0,1632514.0,4295.0,44.0,1632514.0,4295.0,37102.59090909091,97.61363636363636
772,"Cingulate cortex, area 24a', layer5",A24a' (Cg2)-5,155,207,122,19800,48.0,A24a' (Cg2),,8,27.0,810154.0,2337.0,27.0,810154.0,2337.0,30005.703703703704,86.55555555555556
810,"Cingulate cortex, area 24a', layer6a",A24a' (Cg2)-6a,167,212,136,19900,48.0,A24a' (Cg2),,8,56.0,2049023.0,5325.0,56.0,2049023.0,5325.0,36589.69642857143,95.08928571428571
819,"Cingulate cortex, area 24a', layer6b",A24a' (Cg2)-6b,178,217,152,20000,48.0,A24a' (Cg2),,8,18.0,647405.0,1756.0,18.0,647405.0,1756.0,35966.944444444445,97.55555555555556
972,"Cingulate cortex, area 32 (Prelimbic cortex)",A32 (PrL),112,255,118,20100,315.0,Isocortex,,6,,0.0,0.0,2858.0,135416271.0,305659.0,47381.48040587824,106.94856543037089
171,"Cingulate cortex, area 32 (Prelimbic cortex), layer1",A32 (PrL)-1,83,150,66,20200,972.0,A32 (PrL),,7,425.0,16237190.0,41746.0,425.0,16237190.0,41746.0,38205.15294117647,98.22588235294117
195,"Cingulate cortex, area 32 (Prelimbic cortex), layer2",A32 (PrL)-2,101,156,78,20300,972.0,A32 (PrL),,7,,0.0,0.0,0.0,0.0,0.0,,
304,"Cingulate cortex, area 32 (Prelimbic cortex), layer2/3",A32 (PrL)-2/3,121,163,95,20400,972.0,A32 (PrL),,7,903.0,45844064.0,101862.0,903.0,45844064.0,101862.0,50768.62015503876,112.80398671096346
363,"Cingulate cortex, area 32 (Prelimbic cortex), layer5",A32 (PrL)-5,140,178,114,20500,972.0,A32 (PrL),,7,1192.0,57369004.0,126813.0,1192.0,57369004.0,126813.0,48128.35906040268,106.38674496644295
84,"Cingulate cortex, area 32 (Prelimbic cortex), layer6a",A32 (PrL)-6a,150,182,127,20600,972.0,A32 (PrL),,7,338.0,15966013.0,35238.0,338.0,15966013.0,35238.0,47236.724852071005,104.25443786982248
132,"Cingulate cortex, area 32 (Prelimbic cortex), layer6b",A32 (PrL)-6b,160,187,142,20700,972.0,A32 (PrL),,7,,0.0,0.0,0.0,0.0,0.0,,
714,Orbital cortex,O,128,255,128,20800,315.0,Isocortex,,6,,0.0,0.0,2994.0,136636886.0,312704.0,45636.90247160989,104.44355377421509
723,Lateral orbital cortex,LO,127,255,128,21400,714.0,O,,7,,0.0,0.0,1170.0,56003602.0,120807.0,47866.3264957265,103.25384615384615
448,"Lateral orbital cortex, layer1",LO-1,37,143,69,21500,723.0,LO,,8,668.0,32161673.0,68650.0,668.0,32161673.0,68650.0,48146.217065868266,102.76946107784431
412,"Lateral orbital cortex, layer2/3",LO-2/3,63,148,87,21600,723.0,LO,,8,223.0,11173217.0,23648.0,223.0,11173217.0,23648.0,50104.11210762332,106.04484304932735
630,"Lateral orbital cortex, layer5",LO-5,82,152,98,21700,723.0,LO,,8,117.0,4965856.0,11987.0,117.0,4965856.0,11987.0,42443.21367521367,102.45299145299145
440,"Lateral orbital cortex, layer6a",LO-6a,107,168,116,21800,723.0,LO,,8,30.0,1273109.0,3068.0,30.0,1273109.0,3068.0,42436.96666666667,102.26666666666667
488,"Lateral orbital cortex, layer6b",LO-6b,128,175,128,21900,723.0,LO,,8,,0.0,0.0,0.0,0.0,0.0,,
731,Medial orbital cortex,MO,126,255,128,22000,714.0,O,,7,,0.0,0.0,1111.0,48137438.0,116606.0,43328.02700270027,104.95589558955895
484,"Medial orbital cortex, layer1",MO-1,102,155,63,22100,731.0,MO,,8,553.0,23552569.0,57869.0,553.0,23552569.0,57869.0,42590.54068716094,104.64556962025317
524,"Medial orbital cortex, layer2/3",MO-2/3,121,162,82,22200,731.0,MO,,8,,0.0,0.0,0.0,0.0,0.0,,
582,"Medial orbital cortex, layer5",MO-5,131,166,95,22300,731.0,MO,,8,270.0,12001909.0,28362.0,270.0,12001909.0,28362.0,44451.514814814815,105.04444444444445
620,"Medial orbital cortex, layer6a",MO-6a,150,181,113,22400,731.0,MO,,8,189.0,9072984.0,21556.0,189.0,9072984.0,21556.0,48005.206349206346,114.05291005291005
910,"Medial orbital cortex, layer6b",MO-6b,161,186,127,22500,731.0,MO,,8,8.0,441387.0,869.0,8.0,441387.0,869.0,55173.375,108.625
738,Ventral orbital cortex,VO,125,255,128,22600,714.0,O,,7,,0.0,0.0,713.0,32495846.0,75291.0,45576.22159887798,105.59747545582047
2320,"Orbital cortex, ventral part, layer 1",VO-1,125,255,128,22610,738.0,VO,,8,299.0,15129419.0,34043.0,299.0,15129419.0,34043.0,50600.0635451505,113.8561872909699
2321,"Orbital cortex, ventral part, layer 2/3",VO-2/3,125,255,128,22620,738.0,VO,,8,141.0,5529629.0,13655.0,141.0,5529629.0,13655.0,39217.22695035461,96.84397163120568
2322,"Orbital cortex, ventral part, layer 5",VO-5,125,255,128,22630,738.0,VO,,8,136.0,6446594.0,14353.0,136.0,6446594.0,14353.0,47401.42647058824,105.53676470588235
2323,"Orbital cortex, ventral part, layer 6a",VO-6a,125,255,128,22640,738.0,VO,,8,73.0,2698204.0,6625.0,73.0,2698204.0,6625.0,36961.69863013698,90.75342465753425
2324,"Orbital cortex, ventral part, layer 6b",VO-6b,125,255,128,22650,738.0,VO,,8,12.0,452240.0,1059.0,12.0,452240.0,1059.0,37686.666666666664,88.25
95,Agranular insular cortex,AI,112,255,114,23300,315.0,Isocortex,,6,,0.0,0.0,4898.0,251761274.0,556426.0,51400.8317680686,113.60269497754186
2331,"Agranular insular cortex, layer 1",AI1,112,255,114,23310,95.0,AI,,7,204.0,11211251.0,23273.0,204.0,11211251.0,23273.0,54957.11274509804,114.08333333333333
2332,"Agranular insular cortex, layer 2/3",AI2/3,112,255,114,23320,95.0,AI,,7,119.0,7027037.0,13712.0,119.0,7027037.0,13712.0,59050.731092436974,115.22689075630252
2333,"Agranular insular cortex, layer 5",AI5,112,255,114,23330,95.0,AI,,7,2.0,38543.0,160.0,2.0,38543.0,160.0,19271.5,80.0
104,"Agranular insular cortex, dorsal part",AID,113,255,114,23400,95.0,AI,,7,,0.0,0.0,2962.0,153929661.0,337953.0,51968.15023632681,114.09621877110061
996,"Agranular insular cortex, dorsal part, layer1",AID-1,74,165,77,23500,104.0,AID,,8,1271.0,62772712.0,146573.0,1271.0,62772712.0,146573.0,49388.443745082615,115.32100708103856
328,"Agranular insular cortex, dorsal part, layer2/3",AID-2/3,95,171,97,23600,104.0,AID,,8,466.0,27899956.0,52463.0,466.0,27899956.0,52463.0,59871.15021459227,112.58154506437768
1101,"Agranular insular cortex, dorsal part, layer5",AID-5,114,177,110,23700,104.0,AID,,8,236.0,12867852.0,25593.0,236.0,12867852.0,25593.0,54524.79661016949,108.44491525423729
783,"Agranular insular cortex, dorsal part, layer6a",AID-6a,144,195,129,23800,104.0,AID,,8,41.0,2257569.0,4760.0,41.0,2257569.0,4760.0,55062.65853658537,116.09756097560975
831,"Agranular insular cortex, dorsal part, layer6b",AID-6b,156,200,143,23900,104.0,AID,,8,,0.0,0.0,0.0,0.0,0.0,,
2020,Dorsolateral orbital cortex,DLO,156,200,143,23910,104.0,AID,,8,,0.0,0.0,948.0,48131572.0,108564.0,50771.70042194093,114.51898734177215
2326,"Dorsolateral orbital cortex, layer 1",DLO-1,156,200,143,23920,2020.0,DLO,,9,832.0,41054626.0,94203.0,832.0,41054626.0,94203.0,49344.502403846156,113.22475961538461
2327,"Dorsolateral orbital cortex, layer 2/3",DLO-2/3,156,200,143,23930,2020.0,DLO,,9,115.0,6971007.0,14154.0,115.0,6971007.0,14154.0,60617.45217391304,123.07826086956521
2328,Dorsolateral orbital cortex layer 5,DLO-5,156,200,143,23940,2020.0,DLO,,9,1.0,105939.0,207.0,1.0,105939.0,207.0,105939.0,207.0
2329,Dorsolateral orbital cortex layer 6a,DLO-6a,156,200,143,23950,2020.0,DLO,,9,,0.0,0.0,0.0,0.0,0.0,,
2330,Dorsolateral orbital cortex layer 6b,DLO-6b,156,200,143,23960,2020.0,DLO,,9,,0.0,0.0,0.0,0.0,0.0,,
111,"Agranular insular cortex, posterior part",AIP,111,255,114,24000,95.0,AI,,7,,0.0,0.0,329.0,13831358.0,36013.0,42040.60182370821,109.46200607902736
120,"Agranular insular cortex, posterior part, layer1",AIP-1,0,154,82,24100,111.0,AIP,,8,254.0,10526916.0,27888.0,254.0,10526916.0,27888.0,41444.55118110236,109.79527559055119
163,"Agranular insular cortex, posterior part, layer2/3",AIP-2/3,20,160,94,24200,111.0,AIP,,8,23.0,963895.0,2529.0,23.0,963895.0,2529.0,41908.47826086957,109.95652173913044
344,"Agranular insular cortex, posterior part, layer5",AIP-5,59,165,106,24300,111.0,AIP,,8,15.0,630614.0,1622.0,15.0,630614.0,1622.0,42040.933333333334,108.13333333333334
314,"Agranular insular cortex, posterior part, layer6a",AIP-6a,87,180,124,24400,111.0,AIP,,8,37.0,1709933.0,3974.0,37.0,1709933.0,3974.0,46214.40540540541,107.4054054054054
355,"Agranular insular cortex, posterior part, layer6b",AIP-6b,108,186,137,24500,111.0,AIP,,8,,0.0,0.0,0.0,0.0,0.0,,
119,"Agranular insular cortex, ventral part",AIV,110,255,114,24600,95.0,AI,,7,,0.0,0.0,1282.0,65723424.0,145315.0,51266.321372854916,113.35023400936038
704,"Agranular insular cortex, ventral part, layer1",AIV-1,84,186,88,24700,119.0,AIV,,8,991.0,49177901.0,110156.0,991.0,49177901.0,110156.0,49624.52169525732,111.15640766902119
694,"Agranular insular cortex, ventral part, layer2/3",AIV-2/3,107,192,110,24800,119.0,AIV,,8,77.0,4489872.0,9040.0,77.0,4489872.0,9040.0,58310.02597402597,117.40259740259741
800,"Agranular insular cortex, ventral part, layer5",AIV-5,129,199,124,24900,119.0,AIV,,8,175.0,9869590.0,21259.0,175.0,9869590.0,21259.0,56397.65714285714,121.48
675,"Agranular insular cortex, ventral part, layer6a",AIV-6a,153,207,137,25000,119.0,AIV,,8,39.0,2186061.0,4860.0,39.0,2186061.0,4860.0,56052.846153846156,124.61538461538461
699,"Agranular insular cortex, ventral part, layer6b",AIV-6b,166,213,152,25100,119.0,AIV,,8,,0.0,0.0,0.0,0.0,0.0,,
254,"Cingulate cortex, area 29 and 30 (retrosplenial cortex)",A29-30 (RS),112,255,120,25200,315.0,Isocortex,,6,,0.0,0.0,689.0,26072510.0,70361.0,37841.0885341074,102.12046444121916
879,"Cingulate cortex, area 30 (Retrosplenial dysgranular cortex)",A30 (RSD),112,255,120,25900,254.0,A29-30 (RS),,7,,0.0,0.0,375.0,14636067.0,35670.0,39029.512,95.12
442,"Cingulate cortex, area 30 (Retrosplenial dysgranular cortex), layer1",A30 (RSD)-1,0,139,89,26000,879.0,A30 (RSD),,8,201.0,7602343.0,19652.0,201.0,7602343.0,19652.0,37822.60199004975,97.77114427860697
434,"Cingulate cortex, area 30 (Retrosplenial dysgranular cortex), layer2/3",A30 (RSD)-2/3,34,145,99,26100,879.0,A30 (RSD),,8,65.0,3172666.0,6802.0,65.0,3172666.0,6802.0,48810.24615384615,104.64615384615385
545,"Cingulate cortex, area 30 (Retrosplenial dysgranular cortex), layer4",A30 (RSD)-4,35,145,99,26200,879.0,A30 (RSD),,8,,0.0,0.0,0.0,0.0,0.0,,
610,"Cingulate cortex, area 30 (Retrosplenial dysgranular cortex), layer5",A30 (RSD)-5,60,149,109,26300,879.0,A30 (RSD),,8,45.0,1774175.0,4083.0,45.0,1774175.0,4083.0,39426.11111111111,90.73333333333333
274,"Cingulate cortex, area 30 (Retrosplenial dysgranular cortex), layer6a",A30 (RSD)-6a,86,164,129,26400,879.0,A30 (RSD),,8,53.0,1766196.0,4336.0,53.0,1766196.0,4336.0,33324.45283018868,81.81132075471699
330,"Cingulate cortex, area 30 (Retrosplenial dysgranular cortex), layer6b",A30 (RSD)-6b,104,170,142,26500,879.0,A30 (RSD),,8,11.0,320687.0,797.0,11.0,320687.0,797.0,29153.363636363636,72.45454545454545
886,"Cingulate cortex, area 29 (Retrosplenial granular cortex)",A29 (RSG),112,255,120,26600,254.0,A29-30 (RS),,7,,0.0,0.0,314.0,11436443.0,34691.0,36421.79299363057,110.48089171974522
2132,"Cingulate cortex, area 29c (Retrosplenial granular cortex c)",A29c (RSGc),112,255,120,26610,886.0,A29 (RSG),,8,,0.0,0.0,255.0,9307117.0,28576.0,36498.49803921569,112.06274509803922
542,"Cingulate cortex, area 29c (Retrosplenial granular cortex c), layer1",A29c (RSGc)-1,0,138,79,26700,2132.0,A29c (RSGc),,9,197.0,7057515.0,22782.0,197.0,7057515.0,22782.0,35824.94923857868,115.64467005076142
606,"Cingulate cortex, area 29c (Retrosplenial granular cortex c), layer2",A29c (RSGc)-2,35,145,94,26800,2132.0,A29c (RSGc),,9,,0.0,0.0,0.0,0.0,0.0,,
430,"Cingulate cortex, area 29c (Retrosplenial granular cortex c), layer2/3",A29c (RSGc)-2/3,61,149,104,26900,2132.0,A29c (RSGc),,9,30.0,1219653.0,3173.0,30.0,1219653.0,3173.0,40655.1,105.76666666666667
687,"Cingulate cortex, area 29c (Retrosplenial granular cortex c), layer5",A29c (RSGc)-5,87,163,123,27000,2132.0,A29c (RSGc),,9,13.0,442517.0,1214.0,13.0,442517.0,1214.0,34039.769230769234,93.38461538461539
590,"Cingulate cortex, area 29c (Retrosplenial granular cortex c), layer6a",A29c (RSGc)-6a,96,166,129,27100,2132.0,A29c (RSGc),,9,10.0,354113.0,876.0,10.0,354113.0,876.0,35411.3,87.6
622,"Cingulate cortex, area 29c (Retrosplenial granular cortex c), layer6b",A29c (RSGc)-6b,105,169,135,27200,2132.0,A29c (RSGc),,9,5.0,233319.0,531.0,5.0,233319.0,531.0,46663.8,106.2
2066,"Cingulate cortex, area 29b (Retrosplenial granular cortex b)",A29b (RSGb),112,255,120,27210,886.0,A29 (RSG),,8,,0.0,0.0,8.0,224123.0,641.0,28015.375,80.125
2416,"Cingulate cortex, area 29b (Retrosplenial granular cortex b), layer1",A29b (RSGb)-1,112,255,120,27220,2066.0,A29b (RSGb),,9,3.0,97544.0,281.0,3.0,97544.0,281.0,32514.666666666668,93.66666666666667
2417,"Cingulate cortex, area 29b (Retrosplenial granular cortex b), layer2/3",A29b (RSGb)-2/3,112,255,120,27230,2066.0,A29b (RSGb),,9,,0.0,0.0,0.0,0.0,0.0,,
2418,"Cingulate cortex, area 29b (Retrosplenial granular cortex b), layer5",A29b (RSGb)-5,112,255,120,27240,2066.0,A29b (RSGb),,9,4.0,115486.0,308.0,4.0,115486.0,308.0,28871.5,77.0
2419,"Cingulate cortex, area 29b (Retrosplenial granular cortex b), layer6a",A29b (RSGb)-6a,112,255,120,27250,2066.0,A29b (RSGb),,9,1.0,11093.0,52.0,1.0,11093.0,52.0,11093.0,52.0
2420,"Cingulate cortex, area 29b (Retrosplenial granular cortex b), layer6b",A29b (RSGb)-6b,112,255,120,27260,2066.0,A29b (RSGb),,9,,0.0,0.0,0.0,0.0,0.0,,
2067,"Cingulate cortex, area 29a (Retrosplenial granular cortex a)",A29a (RSGa),112,255,120,27270,886.0,A29 (RSG),,8,,0.0,0.0,51.0,1905203.0,5474.0,37356.92156862745,107.33333333333333
2421,"Cingulate cortex, area 29a (Retrosplenial granular cortex a), layer1",A29a (RSGa)-1,112,255,120,27280,2067.0,A29a (RSGa),,9,35.0,1366683.0,4006.0,35.0,1366683.0,4006.0,39048.08571428571,114.45714285714286
2422,"Cingulate cortex, area 29a (Retrosplenial granular cortex a), layer2/3",A29a (RSGa)-2/3,112,255,120,27290,2067.0,A29a (RSGa),,9,3.0,137299.0,348.0,3.0,137299.0,348.0,45766.333333333336,116.0
2423,"Cingulate cortex, area 29a (Retrosplenial granular cortex a), layer5",A29a (RSGa)-5,112,255,120,27291,2067.0,A29a (RSGa),,9,13.0,401221.0,1120.0,13.0,401221.0,1120.0,30863.153846153848,86.15384615384616
2424,"Cingulate cortex, area 29a (Retrosplenial granular cortex a), layer6a",A29a (RSGa)-6a,112,255,120,27292,2067.0,A29a (RSGa),,9,,0.0,0.0,0.0,0.0,0.0,,
2425,"Cingulate cortex, area 29a (Retrosplenial granular cortex a), layer6b",A29a (RSGa)-6b,112,255,120,27293,2067.0,A29a (RSGa),,9,,0.0,0.0,0.0,0.0,0.0,,
22,parietal association cortex,PtA,112,255,119,27300,315.0,Isocortex,,6,,0.0,0.0,174.0,5643016.0,14777.0,32431.126436781607,84.92528735632185
2056,Medial parietal association cortex,MPtA,105,169,135,27910,22.0,PtA,,7,,0.0,0.0,63.0,2404742.0,5698.0,38170.50793650794,90.44444444444444
2381,"Medial parietal association cortex, layer 1",MPtA-1,105,169,135,27911,2056.0,MPtA,,8,30.0,1315650.0,2936.0,30.0,1315650.0,2936.0,43855.0,97.86666666666666
2382,"Medial parietal association cortex, layer 2/3",MPtA-2,105,169,135,27912,2056.0,MPtA,,8,8.0,318662.0,668.0,8.0,318662.0,668.0,39832.75,83.5
2383,"Medial parietal association cortex, layer 4",MPtA-4,105,169,135,27913,2056.0,MPtA,,8,,0.0,0.0,0.0,0.0,0.0,,
2384,"Medial parietal association cortex, layer 5",MPtA-5,105,169,135,27914,2056.0,MPtA,,8,5.0,183718.0,475.0,5.0,183718.0,475.0,36743.6,95.0
2385,"Medial parietal association cortex, layer 6a",MPtA-6a,105,169,135,27915,2056.0,MPtA,,8,8.0,237667.0,614.0,8.0,237667.0,614.0,29708.375,76.75
2386,"Medial parietal association cortex, layer 6b",MPtA-6b,105,169,135,27916,2056.0,MPtA,,8,12.0,349045.0,1005.0,12.0,349045.0,1005.0,29087.083333333332,83.75
2057,Lateral parietal association cortex,LPtA,105,169,135,27920,22.0,PtA,,7,,0.0,0.0,77.0,2285152.0,6381.0,29677.2987012987,82.87012987012987
2387,"Lateral parietal association cortex, layer 1",LPtA-1,105,169,135,27921,2057.0,LPtA,,8,42.0,1317834.0,3594.0,42.0,1317834.0,3594.0,31377.0,85.57142857142857
2388,"Lateral parietal association cortex, layer 2/3",LPtA-2/3,105,169,135,27922,2057.0,LPtA,,8,8.0,279836.0,674.0,8.0,279836.0,674.0,34979.5,84.25
2389,"Lateral parietal association cortex, layer 4",LPtA-4,105,169,135,27923,2057.0,LPtA,,8,4.0,153785.0,473.0,4.0,153785.0,473.0,38446.25,118.25
2390,"Lateral parietal association cortex, layer 5",LPtA-5,105,169,135,27924,2057.0,LPtA,,8,3.0,48424.0,164.0,3.0,48424.0,164.0,16141.333333333334,54.666666666666664
2391,"Lateral parietal association cortex, layer 6a",LPtA-6a,105,169,135,27925,2057.0,LPtA,,8,11.0,348377.0,950.0,11.0,348377.0,950.0,31670.636363636364,86.36363636363636
2392,"Lateral parietal association cortex, layer 6b",LPtA-6b,105,169,135,27926,2057.0,LPtA,,8,9.0,136896.0,526.0,9.0,136896.0,526.0,15210.666666666666,58.44444444444444
2082,"parietal cortex, posterior area, dorsal part",PtPD,112,255,119,27940,22.0,PtA,,7,,0.0,0.0,4.0,98111.0,298.0,24527.75,74.5
2402,"Parietal cortex, posterior area, dorsal part, layer1",PtPD-1,112,255,119,27941,2082.0,PtPD,,8,1.0,26780.0,91.0,1.0,26780.0,91.0,26780.0,91.0
2403,"Parietal cortex, posterior area, dorsal part, layer2/3",PtPD-2/3,112,255,119,27942,2082.0,PtPD,,8,1.0,38219.0,90.0,1.0,38219.0,90.0,38219.0,90.0
2404,"Parietal cortex, posterior area, dorsal part, layer4",PtPD-4,112,255,119,27943,2082.0,PtPD,,8,,0.0,0.0,0.0,0.0,0.0,,
2405,"Parietal cortex, posterior area, dorsal part, layer5",PtPD-5,112,255,119,27944,2082.0,PtPD,,8,,0.0,0.0,0.0,0.0,0.0,,
2406,"Parietal cortex, posterior area, dorsal part, layer6a",PtPD-6a,112,255,119,27945,2082.0,PtPD,,8,2.0,33112.0,117.0,2.0,33112.0,117.0,16556.0,58.5
2407,"Parietal cortex, posterior area, dorsal part, layer6b",PtPD-6b,112,255,119,27946,2082.0,PtPD,,8,,0.0,0.0,0.0,0.0,0.0,,
541,Temporal association cortex,TeA ,112,255,122,28000,315.0,Isocortex,,6,,0.0,0.0,3754.0,170604121.0,404390.0,45445.95657964837,107.72242940863079
97,"Temporal association cortex, layer1",TeA-1,0,140,110,28100,541.0,TeA ,,7,738.0,32131178.0,84009.0,738.0,32131178.0,84009.0,43538.181571815716,113.83333333333333
1127,"Temporal association cortex, layer2/3",TeA-2/3,0,145,121,28200,541.0,TeA ,,7,505.0,24757714.0,54831.0,505.0,24757714.0,54831.0,49025.17623762376,108.57623762376238
234,"Temporal association cortex, layer4",TeA-4,56,151,133,28300,541.0,TeA ,,7,518.0,23219868.0,53541.0,518.0,23219868.0,53541.0,44826.0,103.36100386100387
289,"Temporal association cortex, layer5",TeA-5,82,165,150,28400,541.0,TeA ,,7,1021.0,48448407.0,111122.0,1021.0,48448407.0,111122.0,47451.91674828599,108.83643486777669
729,"Temporal association cortex, layer6a",TeA-6a,102,170,157,28500,541.0,TeA ,,7,849.0,37002432.0,88288.0,849.0,37002432.0,88288.0,43583.547703180215,103.99057714958775
786,"Temporal association cortex, layer6b",TeA-6b,124,177,165,28600,541.0,TeA ,,7,116.0,4808409.0,11962.0,116.0,4808409.0,11962.0,41451.80172413793,103.12068965517241
922,Perihinal cortex,PRh,112,255,117,28700,315.0,Isocortex,,6,,0.0,0.0,1559.0,72690646.0,176388.0,46626.45670301475,113.14175753688262
335,"Perihinal cortex, layer6a",PRh-6a,79,166,164,28800,922.0,PRh,,7,272.0,13218813.0,30954.0,272.0,13218813.0,30954.0,48598.57720588235,113.80147058823529
368,"Perihinal cortex, layer6b",PRh-6b,99,171,173,28900,922.0,PRh,,7,31.0,1074482.0,2889.0,31.0,1074482.0,2889.0,34660.709677419356,93.19354838709677
2286,"Parietal cortex, posterior area, rostral part",PtPR,112,255,119,28930,22.0,PtA,,7,,0.0,0.0,30.0,855011.0,2400.0,28500.366666666665,80.0
2396,"Parietal cortex, posterior area, rostral part, layer1",PtPR-1,112,255,119,28931,2286.0,PtPR,,8,15.0,438555.0,1255.0,15.0,438555.0,1255.0,29237.0,83.66666666666667
2397,"Parietal cortex, posterior area, rostral part, layer2/3",PtPR-2/3,112,255,119,28932,2286.0,PtPR,,8,3.0,169294.0,312.0,3.0,169294.0,312.0,56431.333333333336,104.0
2398,"Parietal cortex, posterior area, rostral part, layer4",PtPR-4,112,255,119,28933,2286.0,PtPR,,8,4.0,88174.0,291.0,4.0,88174.0,291.0,22043.5,72.75
2399,"Parietal cortex, posterior area, rostral part, layer5",PtPR-5,112,255,119,28934,2286.0,PtPR,,8,1.0,28851.0,91.0,1.0,28851.0,91.0,28851.0,91.0
2400,"Parietal cortex, posterior area, rostral part, layer6a",PtPR-6a,112,255,119,28935,2286.0,PtPR,,8,4.0,77744.0,257.0,4.0,77744.0,257.0,19436.0,64.25
2401,"Parietal cortex, posterior area, rostral part, layer6b",PtPR-6b,112,255,119,28936,2286.0,PtPR,,8,3.0,52393.0,194.0,3.0,52393.0,194.0,17464.333333333332,64.66666666666667
540,"Perihinal cortex, layer1",PRh-1,0,141,133,29000,922.0,PRh,,7,653.0,30727415.0,76413.0,653.0,30727415.0,76413.0,47055.765696784074,117.01837672281776
692,"Perihinal cortex, layer5",PRh-5,52,151,146,29100,922.0,PRh,,7,297.0,14594626.0,33084.0,297.0,14594626.0,33084.0,49140.15488215488,111.39393939393939
888,"Perihinal cortex, layer2/3",PRh-2/3,0,146,139,29200,922.0,PRh,,7,292.0,12588994.0,31811.0,292.0,12588994.0,31811.0,43112.99315068493,108.9417808219178
895,Ectorhinal cortex,Ect,112,255,115,29300,315.0,Isocortex,,6,,0.0,0.0,3455.0,169977697.0,392810.0,49197.596816208395,113.69319826338639
836,"Ectorhinal cortex, layer1",Ect-1,0,140,121,29400,895.0,Ect,,7,1208.0,65716526.0,152588.0,1208.0,65716526.0,152588.0,54401.09768211921,126.31456953642385
427,"Ectorhinal cortex, layer2/3",Ect-2/3,19,147,133,29500,895.0,Ect,,7,867.0,40758796.0,92182.0,867.0,40758796.0,92182.0,47011.29873125721,106.32295271049597
988,"Ectorhinal cortex, layer5",Ect-5,54,151,140,29600,895.0,Ect,,7,632.0,31994612.0,71293.0,632.0,31994612.0,71293.0,50624.38607594937,112.80537974683544
977,"Ectorhinal cortex, layer6a",Ect-6a,80,165,156,29700,895.0,Ect,,7,565.0,24352723.0,58635.0,565.0,24352723.0,58635.0,43102.16460176991,103.77876106194691
1045,"Ectorhinal cortex, layer6b",Ect-6b,101,171,165,29800,895.0,Ect,,7,71.0,2758094.0,6780.0,71.0,2758094.0,6780.0,38846.394366197186,95.49295774647888
698,Olfactory areas,OLF,144,255,144,29900,695.0,CTXpl,,5,,0.0,0.0,30544.0,1505420937.0,3210637.0,49286.96100707177,105.11514536406496
507,Main olfactory bulb,MOB,160,255,171,30000,698.0,OLF,,6,,0.0,0.0,13115.0,624826085.0,1362463.0,47642.09569195578,103.88585589020205
212,Glomerular layer of the olfactory bulb,Gl,140,235,151,30100,507.0,MOB,,7,3231.0,151648862.0,346004.0,3231.0,151648862.0,346004.0,46935.58093469514,107.08882698854843
220,Granule cell layer of the olfactory bulb,GrO,110,205,121,30200,507.0,MOB,,7,2472.0,113870472.0,239852.0,2472.0,113870472.0,239852.0,46064.1067961165,97.02750809061489
228,Internal plxiform layer of the olfactory bulb,IPl,160,255,171,30300,507.0,MOB,,7,1026.0,49017965.0,103707.0,1026.0,49017965.0,103707.0,47775.79434697856,101.07894736842105
236,Mitral cell layer of the olfactory bulb,Mi,130,225,141,30400,507.0,MOB,,7,1096.0,52079806.0,112360.0,1096.0,52079806.0,112360.0,47518.07116788321,102.51824817518248
244,External plexiform layer of the olfactory bulb,EPl,160,255,171,30500,507.0,MOB,,7,5290.0,258208980.0,560540.0,5290.0,258208980.0,560540.0,48810.77126654064,105.96219281663517
151,Accessory olfactory bulb,AOB,160,255,176,30600,698.0,OLF,,6,,0.0,0.0,359.0,17914981.0,36162.0,49902.45403899722,100.72980501392757
188,Glomerular layer of the accessory olfactory bulb,GlA,140,235,156,30700,151.0,AOB,,7,147.0,6713952.0,14219.0,147.0,6713952.0,14219.0,45673.142857142855,96.72789115646259
196,Granule cell layer of the accessory olfactory bulb,GrA,110,205,126,30800,151.0,AOB,,7,44.0,2254393.0,4391.0,44.0,2254393.0,4391.0,51236.204545454544,99.79545454545455
204,Mitral cell layer of the accessory olfactory bulb,MiA,130,225,146,30900,151.0,AOB,,7,50.0,2793457.0,5279.0,50.0,2793457.0,5279.0,55869.14,105.58
2021,External plexiform layer of the accessory olfactory b,EPIA,130,225,146,30910,151.0,AOB,,7,118.0,6153179.0,12273.0,118.0,6153179.0,12273.0,52145.58474576271,104.00847457627118
159,Anterior olfactory area,AO,144,255,184,31000,698.0,OLF,,6,,0.0,0.0,1969.0,88705909.0,200123.0,45051.24885728797,101.63687150837988
167,Anterior olfactory area dorsal part,AOD,192,255,200,31100,159.0,AO,,7,56.0,2127568.0,5291.0,56.0,2127568.0,5291.0,37992.28571428572,94.48214285714286
175,Anterior olfactory area external part,AOE,192,255,201,31200,159.0,AO,,7,175.0,8482889.0,18497.0,175.0,8482889.0,18497.0,48473.65142857143,105.69714285714285
160,"Anterior olfactory area, outer layer",AOOL,192,255,202,31250,159.0,AO,,7,1389.0,63222669.0,143434.0,1389.0,63222669.0,143434.0,45516.68034557236,103.264218862491
183,Anterior olfactory area lateral part,AOL,192,255,202,31300,159.0,AO,,7,68.0,3254073.0,6727.0,68.0,3254073.0,6727.0,47854.01470588235,98.92647058823529
191,Anterior olfactory area medial part,AOM,192,255,203,31400,159.0,AO,,7,142.0,5440689.0,12401.0,142.0,5440689.0,12401.0,38314.711267605635,87.33098591549296
199,"Anterior olfactory area, posteroventral part",AOP/AOV,192,255,204,31500,159.0,AO,,7,,0.0,0.0,55.0,2225442.0,4985.0,40462.58181818182,90.63636363636364
2318,"Anterior olfactory area, ventral part",AOV,192,255,204,31510,199.0,AOP/AOV,,8,28.0,1010941.0,2386.0,28.0,1010941.0,2386.0,36105.03571428572,85.21428571428571
2319,"Anterior olfactory area, posterior part",AOP,192,255,204,31520,199.0,AOP/AOV,,8,27.0,1214501.0,2599.0,27.0,1214501.0,2599.0,44981.51851851852,96.25925925925925
589,Taenia tecta,TT,160,255,160,31800,698.0,OLF,,6,,0.0,0.0,1085.0,46904783.0,108335.0,43230.21474654378,99.84792626728111
597,Dorsal tenia tecta,DTT,160,255,162,31900,589.0,TT,,7,28.0,1455874.0,3282.0,28.0,1455874.0,3282.0,51995.5,117.21428571428571
1034,"Dorsal tenia tecta, layer 1",DTT1,160,255,162,32100,589.0,TT,,7,125.0,5193524.0,12759.0,125.0,5193524.0,12759.0,41548.192,102.072
1042,"Dorsal tenia tecta, layer 2",DTT2,160,255,162,32200,589.0,TT,,7,48.0,1971042.0,4619.0,48.0,1971042.0,4619.0,41063.375,96.22916666666667
1050,"Dorsal tenia tecta, layer 3",DTT3,160,255,162,32300,589.0,TT,,7,117.0,4950118.0,10905.0,117.0,4950118.0,10905.0,42308.70085470085,93.2051282051282
1059,"Dorsal tenia tecta, layer 4",DTT4,160,255,162,32400,589.0,TT,,7,30.0,1153878.0,2917.0,30.0,1153878.0,2917.0,38462.6,97.23333333333333
605,Ventral tenia tecta,VTT,160,255,161,32500,589.0,TT,,7,,0.0,0.0,0.0,0.0,0.0,,
1067,"Ventral tenia tecta, layer 1",VTT1,160,255,161,32700,589.0,TT,,7,714.0,31208461.0,71746.0,714.0,31208461.0,71746.0,43709.32913165266,100.48459383753502
1075,"Ventral tenia tecta, layer 2",VTT2,160,255,161,32800,589.0,TT,,7,10.0,485482.0,988.0,10.0,485482.0,988.0,48548.2,98.8
1082,"Ventral tenia tecta, layer 3",VTT3,160,255,161,32900,589.0,TT,,7,13.0,486404.0,1119.0,13.0,486404.0,1119.0,37415.692307692305,86.07692307692308
814,"Cingulate cortex, area 25 (dorsal peduncular cortex)",A25 (DP),112,255,125,33000,698.0,OLF,,6,,0.0,0.0,400.0,19511444.0,41811.0,48778.61,104.5275
496,"Cingulate cortex, area 25 (dorsal peduncular cortex), layer1",A25 (DP)-1,0,158,81,33100,814.0,A25 (DP),,7,25.0,1238997.0,2705.0,25.0,1238997.0,2705.0,49559.88,108.2
535,"Cingulate cortex, area 25 (dorsal peduncular cortex), layer2",A25 (DP)-2,60,164,99,33200,814.0,A25 (DP),,7,,0.0,0.0,0.0,0.0,0.0,,
360,"Cingulate cortex, area 25 (dorsal peduncular cortex), layer2/3",A25 (DP)-2/3,83,169,111,33300,814.0,A25 (DP),,7,103.0,5015087.0,10889.0,103.0,5015087.0,10889.0,48690.16504854369,105.71844660194175
646,"Cingulate cortex, area 25 (dorsal peduncular cortex), layer5",A25 (DP)-5,109,185,130,33400,814.0,A25 (DP),,7,141.0,6731071.0,15104.0,141.0,6731071.0,15104.0,47738.09219858156,107.12056737588652
267,"Cingulate cortex, area 25 (dorsal peduncular cortex), layer6a",A25 (DP)-6a,130,192,143,33500,814.0,A25 (DP),,7,131.0,6526289.0,13113.0,131.0,6526289.0,13113.0,49819.0,100.09923664122137
2019,Dorsal transition zone,DTr,130,192,143,33510,814.0,A25 (DP),,7,,0.0,0.0,0.0,0.0,0.0,,
961,Piriform cortex,PIR,160,255,167,33600,698.0,OLF,,6,,0.0,0.0,10260.0,542874717.0,1120798.0,52911.765789473684,109.23957115009746
276,Piriform cortex 1,Pir1,160,255,167,33800,961.0,PIR,,7,8647.0,463191892.0,959759.0,8647.0,463191892.0,959759.0,53566.773678732505,110.99329247137736
284,Piriform cortex 2,Pir2,160,255,167,33900,961.0,PIR,,7,225.0,11591021.0,23031.0,225.0,11591021.0,23031.0,51515.648888888885,102.36
291,Piriform cortex 3,Pir3,160,255,167,34000,961.0,PIR,,7,392.0,18372356.0,40836.0,392.0,18372356.0,40836.0,46868.255102040814,104.1734693877551
2024,Cortex-amygdala transition zone,CxA,160,255,170,34010,961.0,PIR,,7,,0.0,0.0,996.0,49719448.0,97172.0,49919.124497991965,97.56224899598394
2303,Cortex-amygdala transition zone Layer1,CxA1,160,255,170,34020,2024.0,CxA,,8,680.0,35663710.0,68381.0,680.0,35663710.0,68381.0,52446.632352941175,100.56029411764706
2304,Cortex-amygdala transition zone Layer2,CxA2,160,255,170,34030,2024.0,CxA,,8,260.0,12166426.0,24137.0,260.0,12166426.0,24137.0,46793.946153846155,92.83461538461539
2305,Cortex-amygdala transition zone Layer3,CxA3,160,255,170,34040,2024.0,CxA,,8,56.0,1889312.0,4654.0,56.0,1889312.0,4654.0,33737.71428571428,83.10714285714286
619,Nucleus of the lateral olfactory tract,LOT,160,255,170,34100,698.0,OLF,,6,,0.0,0.0,474.0,20010501.0,48106.0,42216.24683544304,101.48945147679325
260,Nucleus of the lateral olfactory tract 1,LOT1,160,255,170,34300,619.0,LOT,,7,351.0,14945073.0,35778.0,351.0,14945073.0,35778.0,42578.555555555555,101.93162393162393
268,Nucleus of the lateral olfactory tract 2,LOT2,160,255,170,34400,619.0,LOT,,7,11.0,300757.0,831.0,11.0,300757.0,831.0,27341.545454545456,75.54545454545455
1139,Nucleus of the lateral olfactory tract 3,LOT3,160,255,170,34500,619.0,LOT,,7,9.0,305604.0,846.0,9.0,305604.0,846.0,33956.0,94.0
631,cortical amygdaloid nucleus,CO,160,255,177,34600,698.0,OLF,,6,,0.0,0.0,2224.0,110879569.0,224156.0,49855.92131294964,100.78956834532374
639,Anterior cortical amygdaloid nucleus,ACo ,160,255,178,34700,631.0,CO,,7,,0.0,0.0,732.0,37204666.0,74205.0,50826.04644808743,101.37295081967213
192,"Anterior cortical amygdaloid nucleus, layer1",ACo-1,160,255,178,34800,639.0,ACo ,,8,648.0,33246417.0,66110.0,648.0,33246417.0,66110.0,51306.19907407407,102.02160493827161
200,"Anterior cortical amygdaloid nucleus, layer2",ACo-2,160,255,178,34900,639.0,ACo ,,8,43.0,2380382.0,4396.0,43.0,2380382.0,4396.0,55357.72093023256,102.23255813953489
208,"Anterior cortical amygdaloid nucleus, layer3",ACo-3,160,255,178,35000,639.0,ACo ,,8,41.0,1577867.0,3699.0,41.0,1577867.0,3699.0,38484.560975609755,90.21951219512195
647,Posterior cortical amygdaloid area,PCO,160,255,179,35100,631.0,CO,,7,,0.0,0.0,1492.0,73674903.0,149951.0,49379.96179624665,100.50335120643432
655,Posterolateral cortical amygdaloid area,PLCo,160,255,180,35200,647.0,PCO,,8,,0.0,0.0,821.0,43383865.0,82985.0,52842.710109622414,101.07795371498173
216,Posterolateral cortical amygdaloid area 1,PLCo1,160,255,180,35500,655.0,PLCo,,9,753.0,40666627.0,76472.0,753.0,40666627.0,76472.0,54006.14475431607,101.55644090305445
224,Posterolateral cortical amygdaloid area 2,PLCo2,160,255,180,35600,655.0,PLCo,,9,21.0,958287.0,2180.0,21.0,958287.0,2180.0,45632.71428571428,103.80952380952381
232,Posterolateral cortical amygdaloid area 3,PLCo3,160,255,180,35700,655.0,PLCo,,9,47.0,1758951.0,4333.0,47.0,1758951.0,4333.0,37424.48936170213,92.19148936170212
663,Posteromedial cortical amygdaloid area,PMCo,160,255,181,35800,647.0,PCO,,8,,0.0,0.0,671.0,30291038.0,66966.0,45143.126676602085,99.80029806259314
240,Posteromedial cortical amygdaloid area 1,PMCo1,160,255,181,36100,663.0,PMCo,,9,452.0,21517273.0,46221.0,452.0,21517273.0,46221.0,47604.58628318584,102.25884955752213
248,Posteromedial cortical amygdaloid area 2,PMCo2,160,255,181,36200,663.0,PMCo,,9,21.0,1082890.0,2332.0,21.0,1082890.0,2332.0,51566.19047619047,111.04761904761905
256,Posteromedial cortical amygdaloid area 3,PMCo3,160,255,181,36300,663.0,PMCo,,9,51.0,1897275.0,4831.0,51.0,1897275.0,4831.0,37201.470588235294,94.72549019607843
788,Rostral amygdalopiriform area,RAPir,160,255,169,36400,698.0,OLF,,6,,0.0,0.0,230.0,12320987.0,23219.0,53569.50869565218,100.95217391304348
408,Rostral amygdalopiriform area 1,RAPir1,160,255,169,36600,788.0,RAPir,,7,118.0,7321512.0,12728.0,118.0,7321512.0,12728.0,62046.71186440678,107.86440677966101
416,Rostral amygdalopiriform area 2,RAPir2,160,255,169,36700,788.0,RAPir,,7,79.0,4015600.0,7724.0,79.0,4015600.0,7724.0,50830.379746835446,97.77215189873418
424,Rostral amygdalopiriform area 3,RAPir3,160,255,169,36800,788.0,RAPir,,7,33.0,983875.0,2767.0,33.0,983875.0,2767.0,29814.39393939394,83.84848484848484
566,Amygdalopiriform transition area,Apir,160,255,166,36900,698.0,OLF,,6,,0.0,0.0,402.0,20364433.0,42873.0,50657.793532338306,106.64925373134328
1140,"Postpiriform transition area, layers 1",APir1,160,255,166,37100,566.0,Apir,,7,306.0,15685160.0,33045.0,306.0,15685160.0,33045.0,51258.69281045752,107.99019607843137
1141,"Postpiriform transition area, layers 2",APir2,160,255,166,37200,566.0,Apir,,7,6.0,237419.0,563.0,6.0,237419.0,563.0,39569.833333333336,93.83333333333333
1142,"Postpiriform transition area, layers 3",APir3,160,255,166,37300,566.0,Apir,,7,14.0,535033.0,1313.0,14.0,535033.0,1313.0,38216.642857142855,93.78571428571429
1089,Hippocampal formation,HPF,144,255,176,37400,695.0,CTXpl,,5,,0.0,0.0,11277.0,528462513.0,1224055.0,46861.97685554669,108.54438237119801
1080,Hippocampal region,HIP,121,255,128,37500,1089.0,HPF,,6,,0.0,0.0,4094.0,202740435.0,442897.0,49521.35686370298,108.18197361993161
375,Ammon's horn,CA,122,255,122,37600,1080.0,HIP,,7,,0.0,0.0,2502.0,121437218.0,266678.0,48536.05835331735,106.585931254996
382,Field CA1 of the hippocampus,CA1,122,255,121,37700,375.0,CA,,8,,0.0,0.0,589.0,25274105.0,60342.0,42910.19524617997,102.44821731748726
391,Field CA1 of the hippocampus- lacunosum moleculare layer of the hippocampus,CA1_LMol ,123,255,121,37800,382.0,CA1,,9,180.0,7915639.0,18254.0,180.0,7915639.0,18254.0,43975.77222222222,101.41111111111111
399,Field CA1 of the hippocampus- oriens layer of the hippocampus,CA1_Or,124,255,121,37900,382.0,CA1,,9,276.0,11263218.0,28233.0,276.0,11263218.0,28233.0,40808.760869565216,102.29347826086956
407,Field CA1 of the hippocampus- pyramidal layer of the hippocampus,CA1_Py,75,230,70,38000,382.0,CA1,,9,60.0,2880778.0,6385.0,60.0,2880778.0,6385.0,48012.96666666667,106.41666666666667
415,Field CA1 of the hippocampus- radiatum layer of the hippocampus,CA1_Rad,126,255,121,38100,382.0,CA1,,9,73.0,3214470.0,7470.0,73.0,3214470.0,7470.0,44033.83561643836,102.32876712328768
423,Field CA2 of the hippocampus,CA2,122,255,120,38200,375.0,CA,,8,,0.0,0.0,23.0,1317724.0,2716.0,57292.34782608696,118.08695652173913
431,Field CA2 of the hippocampus- lacunosum moleculare layer of the hippocampus,CA2_LMol ,123,255,120,38300,423.0,CA2,,9,2.0,263726.0,411.0,2.0,263726.0,411.0,131863.0,205.5
438,Field CA2 of the hippocampus- oriens layer of the hippocampus,CA2_Or,124,255,120,38400,423.0,CA2,,9,12.0,468739.0,1214.0,12.0,468739.0,1214.0,39061.583333333336,101.16666666666667
446,Field CA2 of the hippocampus- pyramidal layer of the hippocampus,CA2_Py,75,230,70,38500,423.0,CA2,,9,9.0,585259.0,1091.0,9.0,585259.0,1091.0,65028.77777777778,121.22222222222223
454,Field CA2 of the hippocampus- radiatum layer of the hippocampus,CA2_Rad,126,255,120,38600,423.0,CA2,,9,,0.0,0.0,0.0,0.0,0.0,,
463,Field CA3 of the hippocampus,CA3,122,255,119,38700,375.0,CA,,8,,0.0,0.0,1890.0,94845389.0,203620.0,50182.7455026455,107.73544973544973
471,Field CA3 of the hippocampus- lacunosum moleculare layer of the hippocampus,CA3_LMol ,123,255,119,38800,463.0,CA3,,9,1.0,19417.0,51.0,1.0,19417.0,51.0,19417.0,51.0
479,Field CA3 of the hippocampus- stratum lucidum of the hippocampus,SLu ,124,255,119,38900,463.0,CA3,,9,25.0,1050153.0,2506.0,25.0,1050153.0,2506.0,42006.12,100.24
486,Field CA3 of the hippocampus- oriens layer of the hippocampus,CA3_Or,125,255,119,39000,463.0,CA3,,9,1516.0,77091505.0,163641.0,1516.0,77091505.0,163641.0,50851.91622691293,107.94261213720317
495,Field CA3 of the hippocampus- pyramidal layer of the hippocampus,CA3_Py,75,230,70,39100,463.0,CA3,,9,283.0,13114694.0,29828.0,283.0,13114694.0,29828.0,46341.674911660775,105.39929328621908
504,Field CA3 of the hippocampus- radiatum layer of the hippocampus,CA3_Rad,127,255,119,39200,463.0,CA3,,9,65.0,3569620.0,7594.0,65.0,3569620.0,7594.0,54917.230769230766,116.83076923076923
726,Dentate gyrus,DG,114,250,114,39300,1080.0,HIP,,7,,0.0,0.0,1576.0,80472944.0,174590.0,51061.51269035533,110.78045685279187
10703,Molecular layer of the dentate gyrus,MoDG,114,250,114,39400,726.0,DG,,8,1100.0,58322047.0,124438.0,1100.0,58322047.0,124438.0,53020.042727272725,113.12545454545455
10704,Polymorph layer of the dentate gyrus,PoDG,94,230,94,39500,726.0,DG,,8,71.0,3319073.0,7654.0,71.0,3319073.0,7654.0,46747.50704225352,107.80281690140845
632,Granule cell layer of the dentate gyrus,GrDG,64,200,64,39600,726.0,DG,,8,153.0,7581383.0,16924.0,153.0,7581383.0,16924.0,49551.52287581699,110.61437908496733
982,Fasciola cinereum,FC,114,253,114,41000,1080.0,HIP,,7,4.0,103596.0,351.0,4.0,103596.0,351.0,25899.0,87.75
19,Induseum griseum,IG,114,254,114,41100,1080.0,HIP,,7,12.0,726677.0,1278.0,12.0,726677.0,1278.0,60556.416666666664,106.5
822,Retrohippocampal region,RHP,144,255,176,41200,1089.0,HPF,,6,,0.0,0.0,7183.0,325722078.0,781158.0,45346.24502297091,108.75093971878046
909,Entorhinal area,ENT,128,255,144,41300,822.0,RHP,,7,,0.0,0.0,6015.0,268926614.0,652298.0,44709.329010806316,108.44522028262676
918,Dorsolateral entorhinal cortex,DLEnt,128,255,145,41350,909.0,ENT,,8,,0.0,0.0,1823.0,77999610.0,203746.0,42786.401535929785,111.76412506856829
1121,"Dorsolateral entorhinal cortex, layer 1",DLEnt1,0,104,101,41400,918.0,DLEnt,,9,860.0,35967714.0,97696.0,860.0,35967714.0,97696.0,41822.923255813956,113.6
20,"Dorsolateral entorhinal cortex, layer 2",DLEnt2,0,114,116,41500,918.0,DLEnt,,9,185.0,8161394.0,20839.0,185.0,8161394.0,20839.0,44115.64324324324,112.64324324324325
999,"Dorsolateral entorhinal cortex, layer 2/3",DLEnt2/3,50,133,139,41600,918.0,DLEnt,,9,148.0,6094914.0,16570.0,148.0,6094914.0,16570.0,41181.85135135135,111.95945945945945
715,"Dorsolateral entorhinal cortex, layer 2a",DLEnta,0,115,122,41700,918.0,DLEnt,,9,,0.0,0.0,0.0,0.0,0.0,,
764,"Dorsolateral entorhinal cortex, layer 2b",DLEntb,0,128,132,41800,918.0,DLEnt,,9,,0.0,0.0,0.0,0.0,0.0,,
52,"Dorsolateral entorhinal cortex, layer 3",DLEnt3,86,151,158,41900,918.0,DLEnt,,9,187.0,8379753.0,20857.0,187.0,8379753.0,20857.0,44811.51336898396,111.53475935828877
92,"Dorsolateral entorhinal cortex, layer 4",DLEnt4,117,161,167,42000,918.0,DLEnt,,9,,0.0,0.0,0.0,0.0,0.0,,
312,"Dorsolateral entorhinal cortex, layer 4/5",DLEnt4/5,157,184,189,42100,918.0,DLEnt,,9,,0.0,0.0,0.0,0.0,0.0,,
139,"Dorsolateral entorhinal cortex, layer 5",DLEnt5,190,204,206,42200,918.0,DLEnt,,9,315.0,13706961.0,34125.0,315.0,13706961.0,34125.0,43514.1619047619,108.33333333333333
387,"Dorsolateral entorhinal cortex, layer 5/6",DLEnt5/6,138,168,168,42300,918.0,DLEnt,,9,,0.0,0.0,0.0,0.0,0.0,,
28,"Dorsolateral entorhinal cortex, layer 6a",DLEnt6a,148,179,173,42400,918.0,DLEnt,,9,123.0,5379182.0,13032.0,123.0,5379182.0,13032.0,43733.186991869916,105.95121951219512
60,"Dorsolateral entorhinal cortex, layer 6b",DLEnt6b,180,199,193,42500,918.0,DLEnt,,9,5.0,309692.0,627.0,5.0,309692.0,627.0,61938.4,125.4
926,Dorsal intermediate entorhinal cortex,DIEnt,128,255,146,42700,909.0,ENT,,8,,0.0,0.0,722.0,30610065.0,79216.0,42396.21191135734,109.7174515235457
526,"Dorsal intermediate entorhinal cortex, layer 1",DIEnt1,0,104,87,42800,926.0,DIEnt,,9,604.0,26020104.0,67071.0,604.0,26020104.0,67071.0,43079.64238410596,111.04470198675497
543,"Dorsal intermediate entorhinal cortex, layer 2",DIEnt2,0,118,106,42900,926.0,DIEnt,,9,28.0,1350303.0,3293.0,28.0,1350303.0,3293.0,48225.107142857145,117.60714285714286
468,"Dorsal intermediate entorhinal cortex, layer 2a",DIEnt2a,1,118,106,43000,926.0,DIEnt,,9,,0.0,0.0,0.0,0.0,0.0,,
508,"Dorsal intermediate entorhinal cortex, layer 2b",DIEnt2b,2,118,106,43100,926.0,DIEnt,,9,,0.0,0.0,0.0,0.0,0.0,,
2408,"Dorsal intermediate entorhinal cortex, layer 2/3",DIEnt2/3,2,118,106,43110,926.0,DIEnt,,9,,0.0,0.0,0.0,0.0,0.0,,
664,"Dorsal intermediate entorhinal cortex, layer 3",DIEnt3,36,122,111,43200,926.0,DIEnt,,9,41.0,1594835.0,4119.0,41.0,1594835.0,4119.0,38898.41463414634,100.46341463414635
712,"Dorsal intermediate entorhinal cortex, layer 4",DIEnt4,63,135,126,43300,926.0,DIEnt,,9,,0.0,0.0,0.0,0.0,0.0,,
727,"Dorsal intermediate entorhinal cortex, layer 5",DIEnt5,64,135,126,43400,926.0,DIEnt,,9,38.0,1260153.0,3556.0,38.0,1260153.0,3556.0,33161.92105263158,93.57894736842105
550,"Dorsal intermediate entorhinal cortex, layer 5/6",DIEnt5/6,81,139,133,43500,926.0,DIEnt,,9,,0.0,0.0,0.0,0.0,0.0,,
743,"Dorsal intermediate entorhinal cortex, layer 6",DIEnt6,108,156,152,43600,926.0,DIEnt,,9,11.0,384670.0,1177.0,11.0,384670.0,1177.0,34970.0,107.0
934,Ventral intermediate entorhinal cortex,VIEnt,128,255,147,43700,909.0,ENT,,8,,0.0,0.0,1154.0,57306047.0,123481.0,49658.61958405546,107.00259965337955
259,"Ventral intermediate entorhinal cortex, layer 1",VIEnt1,0,104,96,43800,934.0,VIEnt,,9,1051.0,52885768.0,113010.0,1051.0,52885768.0,113010.0,50319.47478591817,107.52616555661275
324,"Ventral intermediate entorhinal cortex, layer 2",VIEnt2,0,117,111,43900,934.0,VIEnt,,9,27.0,1387282.0,2886.0,27.0,1387282.0,2886.0,51380.81481481482,106.88888888888889
371,"Ventral intermediate entorhinal cortex, layer 3",VIEnt3,35,122,117,44000,934.0,VIEnt,,9,39.0,1606010.0,3955.0,39.0,1606010.0,3955.0,41179.743589743586,101.41025641025641
419,"Ventral intermediate entorhinal cortex, layer 4",VIEnt4,62,135,133,44100,934.0,VIEnt,,9,,0.0,0.0,0.0,0.0,0.0,,
1133,"Ventral intermediate entorhinal cortex, layer 5/6",VIEnt5/6,80,140,140,44200,934.0,VIEnt,,9,37.0,1426987.0,3630.0,37.0,1426987.0,3630.0,38567.21621621621,98.10810810810811
2159,Medial entorhinal cortex,MEnt,80,140,140,44220,909.0,ENT,,8,,0.0,0.0,849.0,37286647.0,88267.0,43918.312131919905,103.9658421672556
2164,"Medial entorhinal cortex, layer 1",MEnt1,80,140,140,44230,2159.0,MEnt,,9,287.0,12999951.0,31657.0,287.0,12999951.0,31657.0,45295.99651567944,110.30313588850174
2444,"Medial entorhinal cortex, layer 2",MEnt2,80,140,140,44240,2159.0,MEnt,,9,6.0,320404.0,640.0,6.0,320404.0,640.0,53400.666666666664,106.66666666666667
2445,"Medial entorhinal cortex, layer 3",MEnt3,80,140,140,44250,2159.0,MEnt,,9,52.0,2720182.0,6256.0,52.0,2720182.0,6256.0,52311.192307692305,120.3076923076923
2446,"Medial entorhinal cortex, layer 5",MEnt5,80,140,140,44260,2159.0,MEnt,,9,45.0,2602720.0,5497.0,45.0,2602720.0,5497.0,57838.22222222222,122.15555555555555
2447,"Medial entorhinal cortex, layer 6",MEnt6,80,140,140,44270,2159.0,MEnt,,9,9.0,320236.0,804.0,9.0,320236.0,804.0,35581.77777777778,89.33333333333333
2161,Caudomedial entothinal cortex,CEnt,80,140,140,44280,909.0,ENT,,8,,0.0,0.0,1467.0,65724245.0,157588.0,44801.80299931834,107.42194955691888
2448,"Caudomedial entothinal cortex, layer 1",CEnt1,80,140,140,44290,2161.0,CEnt,,9,876.0,39004633.0,94706.0,876.0,39004633.0,94706.0,44525.836757990866,108.11187214611873
2449,"Caudomedial entothinal cortex, layer 2",CEnt2,80,140,140,44291,2161.0,CEnt,,9,27.0,919499.0,2273.0,27.0,919499.0,2273.0,34055.51851851852,84.18518518518519
2450,"Caudomedial entothinal cortex, layer 3",CEnt3,80,140,140,44292,2161.0,CEnt,,9,18.0,711733.0,1854.0,18.0,711733.0,1854.0,39540.72222222222,103.0
2451,"Caudomedial entothinal cortex, layer 5",CEnt5,80,140,140,44293,2161.0,CEnt,,9,11.0,278803.0,820.0,11.0,278803.0,820.0,25345.727272727272,74.54545454545455
2452,"Caudomedial entothinal cortex, layer 6",CEnt6,80,140,140,44294,2161.0,CEnt,,9,8.0,299518.0,785.0,8.0,299518.0,785.0,37439.75,98.125
1084,Presubiculum,PsS,129,255,161,45190,822.0,RHP,,7,,0.0,0.0,70.0,3533360.0,7982.0,50476.57142857143,114.02857142857142
10699,"Presubiculum, layer 1",PsS1,129,255,161,45200,1084.0,PsS,,8,62.0,3206345.0,7106.0,62.0,3206345.0,7106.0,51715.24193548387,114.61290322580645
10700,"Presubiculum, layer 2",PsS2,129,255,161,45300,1084.0,PsS,,8,7.0,302082.0,774.0,7.0,302082.0,774.0,43154.57142857143,110.57142857142857
10701,"Presubiculum, layer 3",PsS3,129,255,161,45400,1084.0,PsS,,8,1.0,24933.0,102.0,1.0,24933.0,102.0,24933.0,102.0
843,Parasubiculum,PaS,129,255,160,44300,822.0,RHP,,7,,0.0,0.0,368.0,20065526.0,42860.0,54525.885869565216,116.46739130434783
10693,"Parasubiculum, layer 1",PaS1,129,255,160,44400,843.0,PaS,,8,347.0,19036159.0,40565.0,347.0,19036159.0,40565.0,54859.24783861671,116.90201729106629
10694,"Parasubiculum, layer 2",PaS2,129,255,160,44500,843.0,PaS,,8,20.0,1003400.0,2201.0,20.0,1003400.0,2201.0,50170.0,110.05
10695,"Parasubiculum, layer 3",PaS3,129,255,160,44600,843.0,PaS,,8,1.0,25967.0,94.0,1.0,25967.0,94.0,25967.0,94.0
1037,Postsubiculum,Post,128,255,160,44700,822.0,RHP,,7,,0.0,0.0,41.0,2278568.0,4441.0,55574.829268292684,108.3170731707317
10696,"Postsubiculum, layer 1",Post1,128,255,160,44800,1037.0,Post,,8,37.0,2151714.0,4124.0,37.0,2151714.0,4124.0,58154.43243243243,111.45945945945945
10697,"Postsubiculum, layer 2",Post2,128,255,160,44900,1037.0,Post,,8,3.0,106453.0,258.0,3.0,106453.0,258.0,35484.333333333336,86.0
10698,"Postsubiculum, layer 3",Post3,128,255,160,45000,1037.0,Post,,8,1.0,20401.0,59.0,1.0,20401.0,59.0,20401.0,59.0
502,Subiculum,SUB,128,255,151,45500,822.0,RHP,,7,,0.0,0.0,689.0,30918010.0,73577.0,44873.74455732946,106.78809869375907
509,Dorsal subiculum,DS,129,255,151,45600,502.0,SUB,,8,,0.0,0.0,109.0,4694266.0,10809.0,43066.66055045871,99.1651376146789
829,"Dorsal subiculum, molecular layer",DS-m,129,255,151,45700,509.0,DS,,9,14.0,898020.0,1726.0,14.0,898020.0,1726.0,64144.28571428572,123.28571428571429
845,"Dorsal subiculum, pyramidal layer",DS-sp,100,230,121,45800,509.0,DS,,9,36.0,1579991.0,3683.0,36.0,1579991.0,3683.0,43888.63888888889,102.30555555555556
837,"Dorsal subiculum, stratum radiatum",DS-sr,129,255,151,45900,509.0,DS,,9,,0.0,0.0,0.0,0.0,0.0,,
518,Ventral subiculum,VeS,130,255,151,46000,502.0,SUB,,8,,0.0,0.0,178.0,8269242.0,19302.0,46456.41573033708,108.43820224719101
853,"Ventral subiculum, molecular layer",VeS-m,130,255,151,46100,518.0,VeS,,9,51.0,2421183.0,5564.0,51.0,2421183.0,5564.0,47474.17647058824,109.09803921568627
870,"Ventral subiculum, pyramidal layer",VeS-sp,100,230,121,46200,518.0,VeS,,9,5.0,149622.0,391.0,5.0,149622.0,391.0,29924.4,78.2
861,"Ventral subiculum, stratum radiatum",VeS-sr,130,255,151,46300,518.0,VeS,,9,13.0,451299.0,1244.0,13.0,451299.0,1244.0,34715.307692307695,95.6923076923077
2440,"Subiculum, transition area",STr,130,255,151,46310,502.0,SUB,,8,,0.0,0.0,392.0,17688063.0,42757.0,45122.60969387755,109.07397959183673
2441,"Subiculum, transition area, molecular layer",STr-m,130,255,151,46320,2440.0,STr,,9,14.0,713077.0,1499.0,14.0,713077.0,1499.0,50934.07142857143,107.07142857142857
2442,"Subiculum, transition area, pyramidal layer",STr-sp,130,255,151,46330,2440.0,STr,,9,364.0,16447801.0,39861.0,364.0,16447801.0,39861.0,45186.26648351648,109.50824175824175
2443,"Subiculum, transition area, stratum radiatum",STr-sr,130,255,151,46340,2440.0,STr,,9,14.0,527185.0,1397.0,14.0,527185.0,1397.0,37656.07142857143,99.78571428571429
703,Cortical subplate,CTXsp,80,255,80,46400,688.0,CTX,,4,,0.0,0.0,1663.0,74828908.0,171732.0,44996.33674082983,103.26638604930848
16,"Layer 6b, isocortex",6b,80,255,81,46500,703.0,CTXsp,,5,,0.0,0.0,0.0,0.0,0.0,,
583,Claustrum,Cl,80,255,85,46600,703.0,CTXsp,,5,,0.0,0.0,418.0,22294082.0,48012.0,53335.124401913876,114.86124401913875
2002,Dorsal claustrum,DCl,80,255,85,46610,583.0,Cl,,6,114.0,5906701.0,13135.0,114.0,5906701.0,13135.0,51813.166666666664,115.21929824561404
2003,Ventral claustrum,VCl,80,255,85,46620,583.0,Cl,,6,215.0,11405777.0,24693.0,215.0,11405777.0,24693.0,53050.12558139535,114.85116279069767
942,Endopiriform nucleus,En,80,255,87,46700,703.0,CTXsp,,5,,0.0,0.0,256.0,11183466.0,26356.0,43685.4140625,102.953125
952,Dorsal endopiriform nucleus,DEn ,81,255,87,46800,942.0,En,,6,211.0,8943778.0,21504.0,211.0,8943778.0,21504.0,42387.57345971564,101.91469194312796
966,Ventral endopiriform nucleus,VEn,82,255,87,46900,942.0,En,,6,22.0,1115553.0,2269.0,22.0,1115553.0,2269.0,50706.954545454544,103.13636363636364
2085,Intermediate endopiriform claustrum,IEn,82,255,87,46910,942.0,En,,6,22.0,982226.0,2381.0,22.0,982226.0,2381.0,44646.63636363636,108.22727272727273
2426,Retroendopiriform nucleus ,REn,82,255,87,46920,942.0,En,,6,1.0,141909.0,202.0,1.0,141909.0,202.0,141909.0,202.0
131,Lateral amygdaloid nucleus,La,80,255,88,47000,703.0,CTXsp,,5,,0.0,0.0,238.0,10087896.0,23430.0,42386.117647058825,98.4453781512605
2068,"Lateral amygdaloid nucleus, dorsolateral part",LaDL,80,255,88,47010,131.0,La,,6,141.0,5156268.0,12951.0,141.0,5156268.0,12951.0,36569.27659574468,91.85106382978724
2052,"Lateral amygdaloid nucleus, ventrolateral part",LaVL,80,255,88,47020,131.0,La,,6,21.0,1193525.0,2536.0,21.0,1193525.0,2536.0,56834.52380952381,120.76190476190476
2060,"Lateral amygdaloid nucleus, ventromedial part",LaVM,80,255,88,47030,131.0,La,,6,75.0,3717007.0,7825.0,75.0,3717007.0,7825.0,49560.09333333333,104.33333333333333
295,Basolateral amygdalar nucleus,BL,80,255,83,47100,703.0,CTXsp,,5,,0.0,0.0,249.0,9800558.0,22931.0,39359.670682730924,92.09236947791165
303,"Basolateral amygdaloid nucleus, anterior part",BLA,81,255,83,47200,295.0,BL,,6,157.0,6111645.0,14052.0,157.0,6111645.0,14052.0,38927.67515923567,89.5031847133758
311,"Basolateral amygdaloid nucleus, posterior part",BLP,82,255,83,47300,295.0,BL,,6,77.0,3145381.0,7597.0,77.0,3145381.0,7597.0,40849.103896103894,98.66233766233766
451,"Basolateral amygdaloid nucleus, ventral part",BLV,73,255,83,47400,295.0,BL,,6,15.0,543532.0,1282.0,15.0,543532.0,1282.0,36235.46666666667,85.46666666666667
319,Basomedial amygdalar nucleus,BM,80,255,84,47500,703.0,CTXsp,,5,,0.0,0.0,146.0,5732643.0,13458.0,39264.67808219178,92.17808219178082
327,"Basomedial amygdaloid nucleus, anterior part",BMA,81,255,84,47600,319.0,BM,,6,55.0,1919285.0,4871.0,55.0,1919285.0,4871.0,34896.09090909091,88.56363636363636
334,"Basomedial amygdaloid nucleus, posterior part",BMP,82,255,84,47700,319.0,BM,,6,91.0,3813358.0,8587.0,91.0,3813358.0,8587.0,41905.03296703297,94.36263736263736
780,Amygdalohippocampal area,AHi,80,255,89,47800,703.0,CTXsp,,5,,0.0,0.0,286.0,12999881.0,30760.0,45454.12937062937,107.55244755244755
2086,"Amygdalohippocampal area, anterolateral part",AHiAL,80,255,89,47810,780.0,AHi,,6,190.0,8719306.0,20156.0,190.0,8719306.0,20156.0,45891.084210526315,106.08421052631579
2087,"Amygdalohippocampal area, posteromedial part",AHiPM,80,255,89,47820,780.0,AHi,,6,79.0,3399571.0,8644.0,79.0,3399571.0,8644.0,43032.54430379747,109.41772151898734
2088,"Amygdalohippocampal area, posterolateral",AHiPL,80,255,89,47830,780.0,AHi,,6,17.0,881004.0,1960.0,17.0,881004.0,1960.0,51823.76470588235,115.29411764705883
623,Cerebral nuclei,CNU,176,216,255,47900,567.0,CH,,3,,0.0,0.0,13964.0,639811248.0,1398923.0,45818.62274419937,100.18067888857061
477,Striatum,STR,160,200,232,48000,623.0,CNU,,4,,0.0,0.0,12918.0,592688393.0,1296094.0,45880.81692212417,100.33240439696547
485,Striatum dorsal region,STRd,160,216,232,48100,477.0,STR,,5,,0.0,0.0,1671.0,92135649.0,183227.0,55138.030520646316,109.65110712148415
672,Caudate Putamen ,CP,160,216,248,48200,485.0,STRd,,6,,0.0,0.0,1671.0,92135649.0,183227.0,55138.030520646316,109.65110712148415
2376,Caudoputamen- rostral extreme,CPre,160,216,248,48210,672.0,CP,,7,238.0,11401259.0,23837.0,238.0,11401259.0,23837.0,47904.44957983193,100.15546218487395
2491,Caudoputamen- rostral,CPr,160,216,248,48220,672.0,CP,,7,,0.0,0.0,189.0,8998233.0,18575.0,47609.69841269841,98.28042328042328
2294,"Caudoputamen- rostral, medial","CPr, m",160,216,248,48221,2491.0,CPr,,8,80.0,4099884.0,8143.0,80.0,4099884.0,8143.0,51248.55,101.7875
2295,"Caudoputamen- rostral, intermediate, dorsal","CPr, imd",160,216,248,48222,2491.0,CPr,,8,10.0,327841.0,795.0,10.0,327841.0,795.0,32784.1,79.5
2296,"Caudoputamen- rostral, intermediate, ventral","CPr, imv",160,216,248,48223,2491.0,CPr,,8,51.0,1996857.0,4621.0,51.0,1996857.0,4621.0,39154.05882352941,90.6078431372549
2497,"Caudoputamen- rostral, lateral","CPr, l",160,216,248,48224,2491.0,CPr,,8,,0.0,0.0,48.0,2573651.0,5016.0,53617.729166666664,104.5
2395,"Caudoputamen- rostral, lateral, lateral strip","CPr, l, ls",160,216,248,48225,2497.0,"CPr, l",,9,9.0,387971.0,1045.0,9.0,387971.0,1045.0,43107.88888888889,116.11111111111111
2297,"Caudoputamen- rostra,l lateral, ventromedial","CPr, l, vm",160,216,248,48226,2497.0,"CPr, l",,9,39.0,2185680.0,3971.0,39.0,2185680.0,3971.0,56043.07692307692,101.82051282051282
2492,Caudoputamen- intermediate,CPi,160,216,248,48230,672.0,CP,,7,,0.0,0.0,284.0,15126218.0,30119.0,53261.33098591549,106.05281690140845
2498,"Caudoputamen- intermediate, dorsomedial","CPi, dm",160,216,248,48231,2492.0,CPi,,8,,0.0,0.0,171.0,9250063.0,18323.0,54093.93567251462,107.15204678362574
2299,"Caudoputamen- intermediate, dorsomedial, dorsolateral","CPi, dm, dl",160,216,248,48232,2498.0,"CPi, dm",,9,4.0,332930.0,508.0,4.0,332930.0,508.0,83232.5,127.0
2298,"Caudoputamen- intermediate, dorsomedial, intermedial","CPi, dm, im",160,216,248,48233,2498.0,"CPi, dm",,9,94.0,4378175.0,9563.0,94.0,4378175.0,9563.0,46576.32978723404,101.73404255319149
2374,"Caudoputamen- intermediate, dorsomedial, central dorsal","CPi, dm, cd",160,216,248,48234,2498.0,"CPi, dm",,9,9.0,395843.0,948.0,9.0,395843.0,948.0,43982.555555555555,105.33333333333333
2380,"Caudoputamen- intermediate, dorsomedial, dorsal tip ","CPi, dm, dt",160,216,248,48235,2498.0,"CPi, dm",,9,64.0,4143115.0,7304.0,64.0,4143115.0,7304.0,64736.171875,114.125
2500,"Caudoputamen- intermediate, ventromedial","CPi, vm",160,216,248,48236,2492.0,CPi,,8,,0.0,0.0,50.0,2084641.0,4462.0,41692.82,89.24
2302,"Caudoputamen- intermediate, ventromedial, ventromedial","CPi, vm, vm",160,216,248,48237,2500.0,"CPi, vm",,9,38.0,1383660.0,3294.0,38.0,1383660.0,3294.0,36412.10526315789,86.6842105263158
2480,"Caudoputamen- intermediate, ventromedial, ventral","CPi, vm, v",160,216,248,48238,2500.0,"CPi, vm",,9,10.0,650733.0,1026.0,10.0,650733.0,1026.0,65073.3,102.6
2483,"Caudoputamen- intermediate, ventromedial, central ventromedial","CPi, vm, cvm",160,216,248,48239,2500.0,"CPi, vm",,9,2.0,50248.0,142.0,2.0,50248.0,142.0,25124.0,71.0
2499,"Caudoputamen- intermediate, dorsolateral, ","CPi, dl",160,216,248,48240,2492.0,CPi,,8,,0.0,0.0,21.0,1072575.0,2331.0,51075.0,111.0
2300,"Caudoputamen- intermediate, dorsolateral, dorsal","CPi, dl, d",160,216,248,48241,2499.0,"CPi, dl",,9,13.0,756737.0,1566.0,13.0,756737.0,1566.0,58210.53846153846,120.46153846153847
2301,"Caudoputamen- intermediate, dorsolateral, intermedial dorsal","CPi, dl, imd",160,216,248,48242,2499.0,"CPi, dl",,9,8.0,315838.0,765.0,8.0,315838.0,765.0,39479.75,95.625
2501,"Caudoputamen- intermediate, ventrolateral","CPi, vl",160,216,248,48243,2492.0,CPi,,8,,0.0,0.0,42.0,2718939.0,5003.0,64736.642857142855,119.11904761904762
2479,"Caudoputamen- intermediate, ventrolateral, intermedial ventral","CPi, vl, imv",160,216,248,48244,2501.0,"CPi, vl",,9,16.0,574553.0,1420.0,16.0,574553.0,1420.0,35909.5625,88.75
2482,"Caudoputamen- intermediate, ventrolateral, ventral","CPi, vl, v",160,216,248,48245,2501.0,"CPi, vl",,9,8.0,494561.0,1155.0,8.0,494561.0,1155.0,61820.125,144.375
2481,"Caudoputamen- intermediate, ventrolateral, ventral tip","CPi, vl, vt",160,216,248,48246,2501.0,"CPi, vl",,9,11.0,1307476.0,1615.0,11.0,1307476.0,1615.0,118861.45454545454,146.8181818181818
2370,"Caudoputamen- intermediate, ventrolateral, central ventrolateral","CPi, vl, cvl",160,216,248,48247,2501.0,"CPi, vl",,9,7.0,342349.0,813.0,7.0,342349.0,813.0,48907.0,116.14285714285714
2496,Caudoputamen- caudal,CPc,160,216,248,48250,672.0,CP,,7,,0.0,0.0,751.0,46564579.0,88119.0,62003.43408788282,117.33555259653795
2493,"Caudoputamen- caudal, dorsal","CPc, d",160,216,248,48251,2496.0,CPc,,8,,0.0,0.0,556.0,35007801.0,65294.0,62963.67086330935,117.43525179856115
2484,"Caudoputamen- caudal, dorsal, dorsomedial","CPc, d, dm",160,216,248,48252,2493.0,"CPc, d",,9,230.0,14021023.0,26478.0,230.0,14021023.0,26478.0,60960.96956521739,115.12173913043478
2485,"Caudoputamen- caudal, dorsal, dorsolateral","CPc, d, dl",160,216,248,48253,2493.0,"CPc, d",,9,92.0,6776025.0,10584.0,92.0,6776025.0,10584.0,73652.44565217392,115.04347826086956
2486,"Caudoputamen- caudal, dorsal, ventromedial","CPc, d, vm",160,216,248,48254,2493.0,"CPc, d",,9,84.0,5185300.0,10146.0,84.0,5185300.0,10146.0,61729.76190476191,120.78571428571429
2494,"Caudoputamen- caudal, intermediate","CPc, i",160,216,248,48255,2496.0,CPc,,8,,0.0,0.0,130.0,7028330.0,14568.0,54064.07692307692,112.06153846153846
2487,"Caudoputamen- caudal, intermediate, dorsal","CPc, i, d",160,216,248,48256,2494.0,"CPc, i",,9,33.0,2110246.0,3846.0,33.0,2110246.0,3846.0,63946.84848484849,116.54545454545455
2489,"Caudoputamen- caudal, intermediate, ventromedial","CPc, i, vm",160,216,248,48257,2494.0,"CPc, i",,9,16.0,1045093.0,1990.0,16.0,1045093.0,1990.0,65318.3125,124.375
2488,"Caudoputamen- caudal, intermediate, ventrolateral","CPc, i, vl",160,216,248,48258,2494.0,"CPc, i",,9,8.0,304507.0,820.0,8.0,304507.0,820.0,38063.375,102.5
2490,"Caudoputamen- caudal, ventral","CPc, v",160,216,248,48259,2496.0,CPc,,8,65.0,4528448.0,8257.0,65.0,4528448.0,8257.0,69668.43076923076,127.03076923076924
2495,Caudoputamen- caudal extreme,CPce,160,216,248,48260,672.0,CP,,7,138.0,6410494.0,14566.0,138.0,6410494.0,14566.0,46452.85507246377,105.55072463768116
2001,Lateral stripe of the striatum ,LSS,160,216,248,48296,672.0,CP,,7,6.0,185246.0,534.0,6.0,185246.0,534.0,30874.333333333332,89.0
2050,Amygdalostriatal transition area,ASt ,160,216,248,48297,672.0,CP,,7,65.0,3449620.0,7477.0,65.0,3449620.0,7477.0,53071.07692307692,115.03076923076924
493,Striatum ventral region,STRv,160,232,232,48300,477.0,STR,,5,,0.0,0.0,8773.0,384552050.0,865579.0,43833.58600250769,98.66396899578251
56,Accumbens nucleus,Acb,160,232,224,48400,493.0,STRv,,6,,0.0,0.0,2645.0,116564784.0,251955.0,44069.86162570889,95.2570888468809
2074,"Accumbens nucleus, core region",AcbC,160,232,224,48410,56.0,Acb,,7,912.0,40327172.0,86605.0,912.0,40327172.0,86605.0,44218.39035087719,94.96162280701755
2006,"Accumbens nucleus, shell region",AcbSh,160,232,224,48420,56.0,Acb,,7,1696.0,74898419.0,161910.0,1696.0,74898419.0,161910.0,44161.80365566038,95.46580188679245
2007,"Lateral accumbens, shell region",LAcbSh,160,232,224,48430,56.0,Acb,,7,37.0,1339193.0,3440.0,37.0,1339193.0,3440.0,36194.40540540541,92.97297297297297
998,Interstitial nucleus of the posterior limb of the anterior commissure,IPAC,160,228,224,48500,493.0,STRv,,6,,0.0,0.0,31.0,1284260.0,2720.0,41427.74193548387,87.74193548387096
2012,"Interstitial nucleus of the posterior limb of the anterior commissure, medial part",IPACM,160,228,224,48510,998.0,IPAC,,7,5.0,146267.0,362.0,5.0,146267.0,362.0,29253.4,72.4
2372,"Interstitial nucleus of the posterior limb of the anterior commissure, lateral part",IPACL,160,228,224,48520,998.0,IPAC,,7,26.0,1137993.0,2358.0,26.0,1137993.0,2358.0,43768.96153846154,90.6923076923077
754,Olfactory tubercle,Tu,160,224,224,48600,493.0,STRv,,6,,0.0,0.0,6044.0,263817489.0,605015.0,43649.48527465255,100.10175380542687
481,Island of Calleja,ICj,160,224,224,48700,754.0,Tu,,7,38.0,1303228.0,3822.0,38.0,1303228.0,3822.0,34295.47368421053,100.57894736842105
489,"Island of Calleja, major island",ICjM,160,224,224,48800,754.0,Tu,,7,43.0,1714099.0,3870.0,43.0,1714099.0,3870.0,39862.767441860466,90.0
458,Olfactory tubercle 1 ,Tu1,160,224,224,49000,754.0,Tu,,7,4810.0,208730661.0,481079.0,4810.0,208730661.0,481079.0,43395.147817047815,100.01642411642412
465,Olfactory tubercle 2,Tu2,160,224,224,49100,754.0,Tu,,7,96.0,4074730.0,9409.0,96.0,4074730.0,9409.0,42445.104166666664,98.01041666666667
473,Olfactory tubercle 3,Tu3,160,224,224,49200,754.0,Tu,,7,65.0,2338523.0,5884.0,65.0,2338523.0,5884.0,35977.276923076926,90.52307692307693
2018,Navicular nucleus of the basal forebrain,Nv,160,224,224,49210,754.0,Tu,,7,57.0,2268886.0,5631.0,57.0,2268886.0,5631.0,39805.01754385965,98.78947368421052
275,Lateral septal complex,LSX,160,239,232,49300,477.0,STR,,5,,0.0,0.0,1376.0,65889816.0,138563.0,47885.04069767442,100.6998546511628
242,Lateral septal nucleus,LS,153,239,232,49400,275.0,LSX,,6,,0.0,0.0,1120.0,54544545.0,113410.0,48700.486607142855,101.25892857142857
250,"Lateral septal nucleus, dorsal part",LSD,153,237,232,49500,242.0,LS,,7,284.0,13326015.0,27709.0,284.0,13326015.0,27709.0,46922.58802816901,97.5669014084507
258,"Lateral septal nucleus, intermediate part",LSI,153,237,233,49600,242.0,LS,,7,522.0,25166184.0,54759.0,522.0,25166184.0,54759.0,48211.08045977011,104.90229885057471
266,"Lateral septal nucleus, ventral part",LSV,153,237,234,49700,242.0,LS,,7,308.0,15857880.0,30432.0,308.0,15857880.0,30432.0,51486.62337662338,98.8051948051948
2008,Zona limitans,ZL,153,237,234,49710,242.0,LS,,7,6.0,194466.0,510.0,6.0,194466.0,510.0,32411.0,85.0
310,Septofimbrial nucleus,SFi ,147,239,232,49800,275.0,LSX,,6,25.0,993325.0,2194.0,25.0,993325.0,2194.0,39733.0,87.76
333,Septohippocampal nucleus,SHi ,139,239,232,49900,275.0,LSX,,6,5.0,320822.0,687.0,5.0,320822.0,687.0,64164.4,137.4
2009,Septohypothalamic nucleus,SHy ,139,239,232,49910,275.0,LSX,,6,226.0,10031124.0,22272.0,226.0,10031124.0,22272.0,44385.50442477876,98.54867256637168
278,Striatum-like amygdalar nuclei,sAMY,160,208,232,50000,477.0,STR,,5,,0.0,0.0,1098.0,50110878.0,108725.0,45638.32240437158,99.02094717668488
23,Anterior amygdaloid area,AA,186,208,248,50100,278.0,sAMY,,6,310.0,13155527.0,30021.0,310.0,13155527.0,30021.0,42437.18387096774,96.84193548387097
292,Bed nucleus of the accessory olfactory tract,BAOT,160,208,232,50200,278.0,sAMY,,6,21.0,1491421.0,2666.0,21.0,1491421.0,2666.0,71020.04761904762,126.95238095238095
536,Central amygdalar nucleus,Ce,171,208,248,50300,278.0,sAMY,,6,,0.0,0.0,263.0,11433223.0,25653.0,43472.33079847909,97.53992395437263
544,"Central amygdaloid nucleus, capsular part",CeC,171,209,248,50400,536.0,Ce,,7,27.0,1356484.0,2756.0,27.0,1356484.0,2756.0,50240.148148148146,102.07407407407408
551,"Central amygdaloid nucleus, lateral part",CeL,171,209,249,50500,536.0,Ce,,7,216.0,9326694.0,20923.0,216.0,9326694.0,20923.0,43179.13888888889,96.86574074074075
559,"Central amygdaloid nucleus, medial part",CeM,171,209,250,50600,536.0,Ce,,7,20.0,750045.0,1974.0,20.0,750045.0,1974.0,37502.25,98.7
1105,Intercalated nuclei of the amygdala,I,184,208,248,50700,278.0,sAMY,,6,,0.0,0.0,8.0,408137.0,1028.0,51017.125,128.5
2375,"Intercalated amygdalar nucleus, main part",IM,184,208,248,50710,1105.0,I,,7,1.0,59234.0,168.0,1.0,59234.0,168.0,59234.0,168.0
403,Medial amygdaloid nucleus,Me,176,208,248,50800,278.0,sAMY,,6,,0.0,0.0,496.0,23622570.0,49357.0,47626.14919354839,99.5100806451613
411,"Medial amygdaloid nucleus, anterodorsal part",MeAD,176,209,248,50900,403.0,Me,,7,54.0,2643067.0,5237.0,54.0,2643067.0,5237.0,48945.68518518518,96.98148148148148
418,"Medial amygdaloid nucleus, anterventral part",MeAV,176,208,249,51000,403.0,Me,,7,17.0,706102.0,1696.0,17.0,706102.0,1696.0,41535.41176470588,99.76470588235294
426,"Medial amygdaloid nucleus, posterodorsal part",MePD,176,208,250,51100,403.0,Me,,7,16.0,621473.0,1613.0,16.0,621473.0,1613.0,38842.0625,100.8125
435,"Medial amygdaloid nucleus, posteroventral part",MePV ,176,208,251,51500,403.0,Me,,7,409.0,19651928.0,40811.0,409.0,19651928.0,40811.0,48048.72371638142,99.78239608801955
803,Pallidum,PAL,160,200,176,51600,623.0,CNU,,4,,0.0,0.0,1046.0,47122855.0,102829.0,45050.53059273423,98.30688336520076
1022,Globus pallidus,GP,160,216,177,51800,803.0,PAL,,5,70.0,3192755.0,7043.0,70.0,3192755.0,7043.0,45610.78571428572,100.61428571428571
1031,Entopeduncular nucleus,EP,160,216,178,51900,803.0,PAL,,5,12.0,582789.0,1319.0,12.0,582789.0,1319.0,48565.75,109.91666666666667
835,Ventral pallidum,VeP,160,208,176,52000,803.0,PAL,,5,,0.0,0.0,246.0,11023442.0,24576.0,44810.739837398374,99.90243902439025
342,Substantia innominata,SI,152,208,176,52100,803.0,PAL,,5,,0.0,0.0,92.0,4424923.0,10108.0,48096.989130434784,109.8695652173913
2371,"Substantia innominata, basal part",SIB,152,208,176,52110,342.0,SI,,6,8.0,277892.0,676.0,8.0,277892.0,676.0,34736.5,84.5
2027,Extension of the amygdala,EA,152,208,176,52120,342.0,SI,,6,82.0,4022950.0,9168.0,82.0,4022950.0,9168.0,49060.365853658535,111.8048780487805
2013,Cell bridges of the ventral striatum,CB,160,228,224,52130,342.0,SI,,6,2.0,124081.0,264.0,2.0,124081.0,264.0,62040.5,132.0
298,Magnocellular nucleus,MCPO,162,208,176,52200,835.0,VeP,,6,,0.0,0.0,0.0,0.0,0.0,,
2028,Basal nucleus (Meynert),B,162,208,176,52210,835.0,VeP,,6,1.0,33504.0,70.0,1.0,33504.0,70.0,33504.0,70.0
826,"Pallidum, medial region",PALm,160,224,176,52300,803.0,PAL,,5,,0.0,0.0,63.0,2573511.0,5899.0,40849.380952380954,93.63492063492063
904,Medial septal complex,MSC,160,224,176,52400,826.0,PALm,,6,,0.0,0.0,54.0,2180250.0,4980.0,40375.0,92.22222222222223
564,Medial septal nucleus,MS,118,224,176,52500,904.0,MSC,,7,,0.0,0.0,7.0,342390.0,738.0,48912.857142857145,105.42857142857143
2005,Lambdoid septal zone,Ld,118,224,176,52510,564.0,MS,,8,2.0,39791.0,132.0,2.0,39791.0,132.0,19895.5,66.0
2280,Diagonal band nucleus,NDB,138,224,176,52600,904.0,MSC,,7,,0.0,0.0,47.0,1837860.0,4242.0,39103.40425531915,90.25531914893617
596,Nucleus of the vertical limb of the diagonal band,VDB,138,224,176,52610,2280.0,NDB,,8,28.0,906762.0,2369.0,28.0,906762.0,2369.0,32384.35714285714,84.60714285714286
2293,Lateral nucleus of the diagnoal band,LDB,138,224,176,52620,2280.0,NDB,,8,5.0,265421.0,465.0,5.0,265421.0,465.0,53084.2,93.0
2004,Nucleus of the horizontal limb of the diagonal band,HDB,138,224,176,52630,2280.0,NDB,,8,14.0,665677.0,1408.0,14.0,665677.0,1408.0,47548.357142857145,100.57142857142857
581,Triangular septal nucleus,TS,128,224,176,52700,826.0,PALm,,6,9.0,393261.0,919.0,9.0,393261.0,919.0,43695.666666666664,102.11111111111111
809,"Pallidum, caudal region",PALc,160,190,176,52800,803.0,PAL,,5,,0.0,0.0,563.0,25325435.0,53884.0,44983.010657193605,95.70870337477797
2308,Nucleus of stria medullaris,SM,160,190,176,52810,809.0,PALc,,6,10.0,334789.0,743.0,10.0,334789.0,743.0,33478.9,74.3
351,Bed nuclei of the stria terminalis,ST,160,190,160,52900,809.0,PALc,,6,,0.0,0.0,552.0,24964833.0,53068.0,45226.14673913043,96.1376811594203
359,"Bed nuclei of the stria terminalis, anterior division",STa,160,190,161,53000,351.0,ST,,7,,0.0,0.0,176.0,6912247.0,16257.0,39274.130681818184,92.36931818181819
537,"Bed nucleus of the stria terminalis, medial division, anterolateral part",STMAL,160,190,161,53100,359.0,STa,,8,33.0,1555697.0,3448.0,33.0,1555697.0,3448.0,47142.333333333336,104.48484848484848
498,"Bed nucleus of the stria terminalis, medial division, anterior part",STMA,160,190,161,53200,359.0,STa,,8,25.0,908367.0,2193.0,25.0,908367.0,2193.0,36334.68,87.72
513,"Bed nuclei of the stria terminalis, fusiform nucleus",Fu,160,190,161,53400,359.0,STa,,8,12.0,734354.0,1378.0,12.0,734354.0,1378.0,61196.166666666664,114.83333333333333
546,"Bed nucleus of the stria terminalis, lateral division, juxtacapsular part",STLJ,160,190,161,53500,359.0,STa,,8,5.0,116659.0,341.0,5.0,116659.0,341.0,23331.8,68.2
554,"Bed nucleus of the stria terminalis, lateral division, dorsal part",STLD,160,190,161,53700,359.0,STa,,8,77.0,2737752.0,6877.0,77.0,2737752.0,6877.0,35555.22077922078,89.31168831168831
529,"Bed nucleus of the stria terminalis, medial division, posterolateral part",STMPL,160,190,161,53900,359.0,STa,,8,24.0,859418.0,2020.0,24.0,859418.0,2020.0,35809.083333333336,84.16666666666667
2359,"Bed nuclei of the stria terminalis, medial division",STm,160,190,161,53910,351.0,ST,,7,,0.0,0.0,147.0,6191580.0,14144.0,42119.5918367347,96.21768707482993
2010,"Bed nucleus of the stria terminalis, medial division, ventral part",STMV,160,190,161,53920,2359.0,STm,,8,44.0,1912566.0,4351.0,44.0,1912566.0,4351.0,43467.40909090909,98.88636363636364
2025,"Bed nucleus of the stria terminalis, medial division, posteromedial part",STMPM,160,190,168,53930,2359.0,STm,,8,103.0,4279014.0,9793.0,103.0,4279014.0,9793.0,41543.82524271845,95.07766990291262
367,"Bed nuclei of the stria terminalis, posterior division",STp,160,190,168,54000,351.0,ST,,7,,0.0,0.0,43.0,2055431.0,4125.0,47800.72093023256,95.93023255813954
578,"Bed nucleus of the stria terminalis, medial division, anteromedial part",STMAM,160,190,168,54200,367.0,STp,,8,16.0,877580.0,1704.0,16.0,877580.0,1704.0,54848.75,106.5
585,"Bed nucleus of the stria terminalis, medial division, posterointermediate part",STMPI,160,190,168,54300,367.0,STp,,8,27.0,1177851.0,2421.0,27.0,1177851.0,2421.0,43624.11111111111,89.66666666666667
2360,"Bed nuclei of the stria terminialis, lateral division",STl,160,190,168,54510,351.0,ST,,7,,0.0,0.0,130.0,5923878.0,12744.0,45568.29230769231,98.03076923076924
2015,"Bed nuclus of the stria terminalis, lateral division, posterior part",STLP,160,190,168,54520,2360.0,STl,,8,84.0,3784807.0,8211.0,84.0,3784807.0,8211.0,45057.22619047619,97.75
2014,"Bed nucleus of the stria terminalis, lateral division, ventral part ",STLV,160,190,168,54530,2360.0,STl,,8,43.0,2044105.0,4289.0,43.0,2044105.0,4289.0,47537.32558139535,99.74418604651163
2022,"Bed nucleus of the stria terminalis, lateral division, intermediate part",STLI,160,190,168,54540,2360.0,STl,,8,3.0,94966.0,244.0,3.0,94966.0,244.0,31655.333333333332,81.33333333333333
2049,"Bed nucleus of the stria terminalis, intraamygdaloid",STIA,160,190,168,54550,351.0,ST,,7,56.0,3881697.0,5798.0,56.0,3881697.0,5798.0,69316.01785714286,103.53571428571429
287,Bed nucleus of the anterior commissure,BAC,160,190,152,54600,809.0,PALc,,6,1.0,25813.0,73.0,1.0,25813.0,73.0,25813.0,73.0
512,Cerebellum,CBL,240,255,160,54700,8.0,grey,,2,,0.0,0.0,17398.0,863784940.0,1862570.0,49648.51937004254,107.05655822508334
528,Cerebellar cortex,CBX,240,240,128,54800,512.0,CBL,,3,,0.0,0.0,17378.0,862758161.0,1860331.0,49646.57388652319,107.05092645874093
645,Vermal regions,VERM,240,242,128,54900,528.0,CBX,,4,,0.0,0.0,6014.0,282787407.0,605566.0,47021.51762554041,100.69271699368142
912,Lobule 1 of the cerebellar vermis,1Cb,240,242,128,55000,645.0,VERM,,5,,0.0,0.0,20.0,762224.0,1973.0,38111.2,98.65
10707,"Lobule 1 of the cerebellar vermis, molecular layer",1Cb-mo,240,242,128,55100,912.0,1Cb,,6,7.0,286838.0,726.0,7.0,286838.0,726.0,40976.857142857145,103.71428571428571
10705,"Lobule 1 of the cerebellar vermis, granular layer",1Cb-gr,227,219,97,55300,912.0,1Cb,,6,13.0,475386.0,1247.0,13.0,475386.0,1247.0,36568.153846153844,95.92307692307692
976,Lobule 2 of the cerebellar vermis,2Cb,240,242,128,55500,645.0,VERM,,5,,0.0,0.0,856.0,48391439.0,91035.0,56532.05490654206,106.34929906542057
10710,"Lobule 2 of the cerebellar vermis, molecular layer",2Cb-mo,240,242,128,55600,976.0,2Cb,,6,765.0,43968852.0,80486.0,765.0,43968852.0,80486.0,57475.623529411765,105.21045751633987
10708,"Lobule 2 of the cerebellar vermis, granular layer",2Cb-gr,227,219,97,55800,976.0,2Cb,,6,91.0,4422587.0,10549.0,91.0,4422587.0,10549.0,48599.857142857145,115.92307692307692
984,Lobule 3 of the cerebellar vermis,3Cb,240,242,128,55900,645.0,VERM,,5,,0.0,0.0,594.0,28181432.0,61142.0,47443.488215488214,102.93265993265993
10713,"Lobule 3 of the cerebellar vermis, molecular layer",3Cb-mo,240,242,128,56000,984.0,3Cb,,6,485.0,23240205.0,50343.0,485.0,23240205.0,50343.0,47917.948453608245,103.8
10711,"Lobule 3 of the cerebellar vermis, granular layer",3Cb-gr,227,219,97,56200,984.0,3Cb,,6,109.0,4941227.0,10799.0,109.0,4941227.0,10799.0,45332.35779816514,99.07339449541284
928,Culmen,CUL,240,242,128,56300,645.0,VERM,,5,,0.0,0.0,1417.0,67865692.0,145822.0,47893.925194071984,102.908962597036
992,Lobule 4 of the cerebellar vermis,4Cb,240,242,128,56400,928.0,CUL,,6,3.0,82455.0,288.0,3.0,82455.0,288.0,27485.0,96.0
1001,Lobule 5 of the cerebellar vermis,5Cb,240,242,128,56800,928.0,CUL,,6,,0.0,0.0,0.0,0.0,0.0,,
1091,Lobules 4 and 5 of the cerebellar vermis,4/5Cb,240,242,128,57200,928.0,CUL,,6,,0.0,0.0,1414.0,67783237.0,145534.0,47937.22560113154,102.92362093352192
10722,"Lobules 4 and 5 of the cerebellar vermis, molecular layer",4/5Cb-mo,240,242,128,57300,1091.0,4/5Cb,,7,1171.0,57173381.0,121672.0,1171.0,57173381.0,121672.0,48824.4073441503,103.90435525192143
10720,"Lobules 4 and 5 of the cerebellar vermis, granular layer",4/5Cb-gr,227,219,97,57500,1091.0,4/5Cb,,7,243.0,10609856.0,23862.0,243.0,10609856.0,23862.0,43661.95884773663,98.19753086419753
936,Lobule 6 of the cerebellar vermis,6Cb,240,242,128,57600,645.0,VERM,,5,,0.0,0.0,910.0,37645716.0,85472.0,41368.91868131868,93.92527472527472
10725,"Lobule 6 of the cerebellar vermis, molecular layer",6Cb-mo,240,242,128,57700,936.0,6Cb,,6,740.0,30737117.0,69759.0,740.0,30737117.0,69759.0,41536.644594594596,94.26891891891891
10723,"Lobule 6 of the cerebellar vermis, granular layer",6Cb-gr,227,219,97,57900,936.0,6Cb,,6,170.0,6908599.0,15713.0,170.0,6908599.0,15713.0,40638.81764705882,92.42941176470588
944,Lobule 7 of the cerebellar vermis,7Cb,240,242,128,58000,645.0,VERM,,5,,0.0,0.0,405.0,21414184.0,41553.0,52874.52839506173,102.6
10728,"Lobule 7 of the cerebellar vermis, molecular layer",7Cb-mo,240,242,128,58100,944.0,7Cb,,6,246.0,13353453.0,25730.0,246.0,13353453.0,25730.0,54282.329268292684,104.59349593495935
10726,"Lobule 7 of the cerebellar vermis, granular layer",7Cb-gr,227,219,97,58300,944.0,7Cb,,6,159.0,8060731.0,15823.0,159.0,8060731.0,15823.0,50696.4213836478,99.51572327044025
951,Lobule 8 of the cerebellar vermis,8Cb,240,242,128,58400,645.0,VERM,,5,,0.0,0.0,255.0,10802757.0,23628.0,42363.75294117647,92.65882352941176
10731,"Lobule 8 of the cerebellar vermis, molecular layer",8Cb-mo,240,242,128,58500,951.0,8Cb,,6,146.0,6272379.0,13875.0,146.0,6272379.0,13875.0,42961.5,95.03424657534246
10729,"Lobule 8 of the cerebellar vermis, granular layer",8Cb-gr,227,219,97,58700,951.0,8Cb,,6,109.0,4530378.0,9753.0,109.0,4530378.0,9753.0,41563.10091743119,89.4770642201835
957,Lobule 9 of the cerebellar vermis,9Cb,240,242,128,58800,645.0,VERM,,5,,0.0,0.0,645.0,28151425.0,64624.0,43645.62015503876,100.19224806201551
10734,"Lobule 9 of the cerebellar vermis, molecular layer",9Cb-mo,240,242,128,58900,957.0,9Cb,,6,442.0,19236047.0,44605.0,442.0,19236047.0,44605.0,43520.46832579186,100.91628959276018
10732,"Lobule 9 of the cerebellar vermis, granular layer",9Cb-gr,227,219,97,59100,957.0,9Cb,,6,203.0,8915378.0,20019.0,203.0,8915378.0,20019.0,43918.118226600986,98.61576354679804
968,Lobule 10 of the cerebellar vermis,10Cb,240,242,128,59200,645.0,VERM,,5,,0.0,0.0,912.0,39572538.0,90317.0,43390.94078947369,99.03179824561404
10737,"Lobule 10 of the cerebellar vermis, molecular layer",10Cb-mo,240,242,128,59300,968.0,10Cb,,6,731.0,31670109.0,71774.0,731.0,31670109.0,71774.0,43324.362517099864,98.18604651162791
10735,"Lobule 10 of the cerebellar vermis, granular layer",10Cb-gr,227,219,97,59500,968.0,10Cb,,6,181.0,7902429.0,18543.0,181.0,7902429.0,18543.0,43659.82872928177,102.4475138121547
1073,Hemispheric regions,HEM,240,241,128,59600,528.0,CBX,,4,,0.0,0.0,11364.0,579970754.0,1254765.0,51035.79320661739,110.41578669482577
1007,Simple lobule,Sim,240,241,128,59700,1073.0,HEM,,5,,0.0,0.0,830.0,39823908.0,85935.0,47980.61204819277,103.53614457831326
10674,"Simple lobule, molecular layer",Sim-mo,240,241,128,59800,1007.0,Sim,,6,783.0,37084402.0,80631.0,783.0,37084402.0,80631.0,47361.94380587484,102.97701149425288
10672,"Simple lobule, granular layer",Sim-gr,227,219,97,60000,1007.0,Sim,,6,47.0,2739506.0,5304.0,47.0,2739506.0,5304.0,58287.36170212766,112.85106382978724
1056,Crus 1 of the ansiform lobule,Crus1,240,241,128,60200,1073.0,HEM,,5,,0.0,0.0,1689.0,89292346.0,186515.0,52866.989934872705,110.42924807578449
10677,"Crus 1 of the ansiform lobule, molecular layer",Crus1-mo,240,241,128,60300,1056.0,Crus1,,6,1675.0,88814076.0,185037.0,1675.0,88814076.0,185037.0,53023.32895522388,110.46985074626866
10675,"Crus 1 of the ansiform lobule, granular layer",Crus1-gr,227,219,97,60500,1056.0,Crus1,,6,14.0,478270.0,1478.0,14.0,478270.0,1478.0,34162.142857142855,105.57142857142857
1064,Crus 2 of the ansiform lobule,Crus2,240,241,128,60600,1073.0,HEM,,5,,0.0,0.0,2773.0,147435234.0,319233.0,53168.13342949874,115.12188965019834
10680,"Crus 2 of the ansiform lobule, molecular layer",Crus2-mo,240,241,128,60700,1064.0,Crus2,,6,2614.0,139659870.0,301785.0,2614.0,139659870.0,301785.0,53427.64728385616,115.44950267788829
10678,"Crus 2 of the ansiform lobule, granular layer",Crus2-gr,227,219,97,60900,1064.0,Crus2,,6,159.0,7775364.0,17448.0,159.0,7775364.0,17448.0,48901.660377358494,109.73584905660377
1025,Paramedian lobule,PM,240,241,128,61000,1073.0,HEM,,5,,0.0,0.0,2016.0,106773082.0,228224.0,52962.83829365079,113.2063492063492
10683,"Paramedian lobule, molecular layer",PM-mo,240,241,128,61100,1025.0,PM,,6,1868.0,99846020.0,212127.0,1868.0,99846020.0,212127.0,53450.76017130621,113.55835117773019
10681,"Paramedian lobule, granular layer",PM-gr,227,219,97,61300,1025.0,PM,,6,148.0,6927062.0,16097.0,148.0,6927062.0,16097.0,46804.47297297297,108.76351351351352
1033,Copula of the pyramis,Cop,240,241,128,61400,1073.0,HEM,,5,,0.0,0.0,1202.0,55956201.0,124636.0,46552.57986688852,103.69051580698836
10686,"Copula of the pyramis, molecular layer",Cop-mo,240,241,128,61500,1033.0,Cop,,6,924.0,43028060.0,95950.0,924.0,43028060.0,95950.0,46567.1645021645,103.84199134199135
10684,"Copula of the pyramis, granular layer",Cop-gr,227,219,97,61700,1033.0,Cop,,6,278.0,12928141.0,28686.0,278.0,12928141.0,28686.0,46504.10431654676,103.18705035971223
1041,Paraflocculus,PFl,240,241,128,61800,1073.0,HEM,,5,,0.0,0.0,1892.0,91662337.0,202501.0,48447.32399577167,107.03012684989429
10689,"Paraflocculus, molecular layer",PFl-mo,240,241,128,61900,1041.0,PFl,,6,1250.0,59716980.0,131411.0,1250.0,59716980.0,131411.0,47773.584,105.1288
10687,"Paraflocculus, granular layer",PFl-gr,227,219,97,62100,1041.0,PFl,,6,642.0,31945357.0,71090.0,642.0,31945357.0,71090.0,49759.123052959505,110.73208722741433
1049,Flocculus,Fl,240,241,128,62200,1073.0,HEM,,5,,0.0,0.0,962.0,49027646.0,107721.0,50964.288981288984,111.97609147609148
10692,"Flocculus, molecular layer",Fl-mo,240,241,128,62300,1049.0,Fl,,6,786.0,39938841.0,87387.0,786.0,39938841.0,87387.0,50812.774809160306,111.1793893129771
10690,"Flocculus, granular layer",Fl-gr,227,219,97,62500,1049.0,Fl,,6,176.0,9088805.0,20334.0,176.0,9088805.0,20334.0,51640.9375,115.5340909090909
519,Cerebellar nuclei,CBN,240,240,144,62900,512.0,CBL,,3,,0.0,0.0,20.0,1026779.0,2239.0,51338.95,111.95
989,Medial cerebellar nucleus,Med,240,240,82,63000,519.0,CBN,,4,,0.0,0.0,9.0,487603.0,1098.0,54178.11111111111,122.0
2244,"Medial cerebellar nucleus, dorsolateral protuberance",MedDL,240,240,82,63010,989.0,Med,,5,,0.0,0.0,0.0,0.0,0.0,,
2245,"Medial cerebellar nucleus, lateral part",MedL,240,240,82,63020,989.0,Med,,5,,0.0,0.0,0.0,0.0,0.0,,
91,Interposed cerebellar nucleus,Int,240,240,82,63100,519.0,CBN,,4,,0.0,0.0,9.0,382749.0,932.0,42527.666666666664,103.55555555555556
2239,"Interposed cerebellar nucleus, anterior part",IntA,240,240,82,63110,91.0,Int,,5,3.0,123482.0,271.0,3.0,123482.0,271.0,41160.666666666664,90.33333333333333
2240,"Interposed cerebellar nucleus, dorsolateral hump",IntDL,240,240,82,63120,91.0,Int,,5,,0.0,0.0,0.0,0.0,0.0,,
2241,"Interposed cerebellar nucleus, posterior part",IntP,240,240,82,63130,91.0,Int,,5,,0.0,0.0,0.0,0.0,0.0,,
2242,"Interposed cerebellar nucleus, posterior parvicellular",IntPPC,240,240,82,63140,91.0,Int,,5,6.0,259267.0,661.0,6.0,259267.0,661.0,43211.166666666664,110.16666666666667
2281,Dentate nucleus ,DN,240,240,82,63200,519.0,CBN,,4,,0.0,0.0,2.0,156427.0,209.0,78213.5,104.5
846,Lateral (dentate) cerebellar nucleus,Lat,240,240,82,63210,2281.0,DN,,5,2.0,156427.0,209.0,2.0,156427.0,209.0,78213.5,104.5
2247,"Lateral cerebellar nucleus, parvicellular part",LatPC,240,240,82,63220,2281.0,DN,,5,,0.0,0.0,0.0,0.0,0.0,,
343,Brain stem,BS,144,96,128,63300,8.0,grey,,2,,0.0,0.0,42196.0,2026018647.0,4352117.0,48014.47167978007,103.1405109489051
1129,Interbrain,IB,255,95,95,63400,343.0,BS,,3,,0.0,0.0,17439.0,847520748.0,1833950.0,48599.15981420953,105.16371351568324
549,Thalamus,TH,255,112,128,63500,1129.0,IB,,4,,0.0,0.0,9660.0,471465795.0,1021853.0,48805.98291925466,105.78188405797101
2414,Periventricular gray ,PVG,255,112,128,63510,549.0,TH,,5,146.0,8113235.0,16015.0,146.0,8113235.0,16015.0,55570.102739726026,109.6917808219178
864,"Thalamus, sensory-motor cortex related",DORsm,255,128,176,63600,549.0,TH,,5,,0.0,0.0,1504.0,73364275.0,161404.0,48779.43816489362,107.31648936170212
2115,Ethmoid thalamic nucleus,Eth,255,131,130,63610,864.0,DORsm,,6,20.0,980471.0,2139.0,20.0,980471.0,2139.0,49023.55,106.95
2116,Retroethmoid nucleus,REth,255,131,130,63620,864.0,DORsm,,6,31.0,1105950.0,2741.0,31.0,1105950.0,2741.0,35675.8064516129,88.41935483870968
2117,Scaphoid thalamic nucleus,Sc,255,131,130,63630,864.0,DORsm,,6,,0.0,0.0,0.0,0.0,0.0,,
2120,Posterior intralaminar thalamic nucleus,PIL,255,108,144,63640,864.0,DORsm,,6,64.0,3268250.0,6921.0,64.0,3268250.0,6921.0,51066.40625,108.140625
637,Ventral group thalamic nucleus,VENT,255,108,160,63700,864.0,DORsm,,6,,0.0,0.0,556.0,24676959.0,55797.0,44383.01978417266,100.35431654676259
629,Ventrolateral thalamic nucleus,VL,255,108,161,63800,637.0,VENT,,7,98.0,4517609.0,9829.0,98.0,4517609.0,9829.0,46098.051020408166,100.29591836734694
2316,Ventral anterior thalamic nucleus,VA,255,108,161,63810,637.0,VENT,,7,40.0,1553344.0,3581.0,40.0,1553344.0,3581.0,38833.6,89.525
685,Ventromedial thalamic nucleus,VM,255,108,162,63900,637.0,VENT,,7,187.0,8218816.0,18487.0,187.0,8218816.0,18487.0,43950.88770053476,98.86096256684492
709,Ventral posterior thalamic nucleus,VP,255,108,144,64000,637.0,VENT,,7,,0.0,0.0,231.0,10387190.0,23900.0,44966.19047619047,103.46320346320347
718,Ventral posterolateral thalamic nucleus,VPL,255,108,145,64100,709.0,VP,,8,89.0,4581994.0,9737.0,89.0,4581994.0,9737.0,51483.07865168539,109.40449438202248
733,Ventral posteromedial thalamic nucleus,VPM,255,108,147,64200,709.0,VP,,8,,0.0,0.0,105.0,4404955.0,10535.0,41951.95238095238,100.33333333333333
2362,"Ventral posteromedial nucleus of the thalamus, dorsal part",VPMd,255,108,147,64210,733.0,VPM,,9,9.0,386696.0,988.0,9.0,386696.0,988.0,42966.22222222222,109.77777777777777
2363,"Ventral posteromedial nucleus of the thalamus, ventral part",VPMv,255,108,147,64220,733.0,VPM,,9,22.0,907586.0,2190.0,22.0,907586.0,2190.0,41253.90909090909,99.54545454545455
2361,"Ventral posterior nucleus of the thalamus, parvicellular",VPPC,255,108,147,64230,709.0,VP,,8,37.0,1400241.0,3628.0,37.0,1400241.0,3628.0,37844.35135135135,98.05405405405405
406,Subparafascicular thalamic nucleus,SPF,255,112,165,64500,864.0,DORsm,,6,,0.0,0.0,55.0,2013727.0,5269.0,36613.218181818185,95.8
422,"Subparafascicular thalamic nucleus, parvicellular part",SPFPC,255,110,165,64700,406.0,SPF,,7,10.0,284839.0,700.0,10.0,284839.0,700.0,28483.9,70.0
1044,Peripeduncular nucleus,PP,255,112,163,64900,864.0,DORsm,,6,40.0,2345868.0,4932.0,40.0,2345868.0,4932.0,58646.7,123.3
2158,Subbrachial nucleus,SubB,255,112,160,64910,864.0,DORsm,,6,236.0,11560465.0,26353.0,236.0,11560465.0,26353.0,48985.02118644068,111.66525423728814
1008,Geniculate group of the thalamus,GENd,255,112,160,65000,864.0,DORsm,,6,,0.0,0.0,502.0,27412585.0,57252.0,54606.74302788845,114.04780876494024
475,Medial geniculate nucleus,MG,255,112,162,65100,1008.0,GENd,,7,,0.0,0.0,264.0,15796149.0,31480.0,59833.89772727273,119.24242424242425
1072,"Medial geniculate nucleus, dorsal part",MGD,255,112,162,65200,475.0,MG,,8,9.0,567083.0,1017.0,9.0,567083.0,1017.0,63009.22222222222,113.0
1079,"Medial geniculate nucleus, ventral part",MGV,255,112,162,65300,475.0,MG,,8,51.0,3143315.0,6332.0,51.0,3143315.0,6332.0,61633.62745098039,124.15686274509804
1088,"Medial geniculate nucleus, medial part",MGM,255,112,162,65400,475.0,MG,,8,2.0,105119.0,225.0,2.0,105119.0,225.0,52559.5,112.5
2126,Marginal zone of the medial geniculate,MZMG,255,112,162,65410,475.0,MG,,8,86.0,5612676.0,10546.0,86.0,5612676.0,10546.0,65263.67441860465,122.62790697674419
170,Dorsal lateral geniculate nucleus,DLG,255,112,161,65500,1008.0,GENd,,7,238.0,11616436.0,25772.0,238.0,11616436.0,25772.0,48808.554621848736,108.28571428571429
856,"Thalamus, polymodal association cortex related",DORpm,255,136,176,65600,549.0,TH,,5,,0.0,0.0,8000.0,389389964.0,843161.0,48673.7455,105.395125
138,Lateral group of the dorsal thalamus,LAT,255,130,130,65700,856.0,DORpm,,6,,0.0,0.0,609.0,31092041.0,62863.0,51054.25451559934,103.22331691297208
218,Lateral posterior thalamic nucleus,LP,255,135,130,65800,138.0,LAT,,7,,0.0,0.0,266.0,14898299.0,27900.0,56008.642857142855,104.88721804511279
2069,"Lateral posterior thalamic nucleus, mediorostral part",LPMR,255,135,130,65810,218.0,LP,,8,137.0,7713638.0,13753.0,137.0,7713638.0,13753.0,56303.92700729927,100.38686131386861
2070,"Lateral posterior thalamic nucleus, mediocaudal part",LPMC,255,135,130,65820,218.0,LP,,8,5.0,177851.0,423.0,5.0,177851.0,423.0,35570.2,84.6
2071,"Lateral posterior thalamic nucleus, laterorostral part",LPLR,255,135,130,65830,218.0,LP,,8,123.0,6910073.0,13533.0,123.0,6910073.0,13533.0,56179.455284552845,110.02439024390245
2127,"Lateral posterior thalamic nucleus, laterocaudal part",LPLC,255,135,130,65840,218.0,LP,,8,1.0,96737.0,191.0,1.0,96737.0,191.0,96737.0,191.0
2094,Intramedullary thalamic area,IMA,255,135,130,65850,138.0,LAT,,7,11.0,1015102.0,1361.0,11.0,1015102.0,1361.0,92282.0,123.72727272727273
1020,Posterior thalamic nuclear group,Po,255,134,130,65900,138.0,LAT,,7,,0.0,0.0,305.0,13171313.0,29954.0,43184.632786885246,98.20983606557377
2055,Angular thalamic nucleus,Ang,255,134,130,65910,1020.0,Po,,8,,0.0,0.0,0.0,0.0,0.0,,
2128,"Posterior thalamic nuclear group, triangular part",PoT,255,134,130,65920,1020.0,Po,,8,98.0,4179638.0,9800.0,98.0,4179638.0,9800.0,42649.36734693877,100.0
1029,Posterior limitans thalamic nucleus,PLi,255,133,130,66000,138.0,LAT,,7,18.0,1301171.0,2577.0,18.0,1301171.0,2577.0,72287.27777777778,143.16666666666666
325,Suprageniculate thalamic nucleus,SG,255,131,130,66100,138.0,LAT,,7,9.0,706156.0,1071.0,9.0,706156.0,1071.0,78461.77777777778,119.0
239,Anterior group of the dorsal thalamus,ATN,255,136,136,66200,856.0,DORpm,,6,,0.0,0.0,868.0,40697161.0,88959.0,46886.1301843318,102.48732718894009
255,Anteroventral thalamic nucleus,AV,255,136,133,66300,239.0,ATN,,7,,0.0,0.0,139.0,5602860.0,13184.0,40308.34532374101,94.84892086330935
2035,"Anteroventral thalamic nucleus, ventrolateral part",AVVL,255,136,133,66310,255.0,AV,,8,17.0,632601.0,1739.0,17.0,632601.0,1739.0,37211.82352941176,102.29411764705883
2036,"Anterovent thalamic nucleus, dorsomedial part",AVDM,255,136,133,66320,255.0,AV,,8,8.0,306964.0,753.0,8.0,306964.0,753.0,38370.5,94.125
1096,Anteromedial thalamic nucleus,AM,255,136,134,66400,239.0,ATN,,7,,0.0,0.0,223.0,10215803.0,22614.0,45810.775784753365,101.40807174887892
1104,"Anteromedial thalamic nucleus, ventral part",AMV,255,136,134,66600,1096.0,AM,,8,11.0,461310.0,1008.0,11.0,461310.0,1008.0,41937.27272727273,91.63636363636364
64,Anterodorsal thalamic nucleus,AD,255,136,135,66700,239.0,ATN,,7,95.0,4947455.0,9969.0,95.0,4947455.0,9969.0,52078.47368421053,104.93684210526315
1120,Interanteromedial thalamic nucleus,IAM,255,136,129,66800,239.0,ATN,,7,82.0,3719203.0,8906.0,82.0,3719203.0,8906.0,45356.134146341465,108.60975609756098
1113,Interanterodorsal thalamic nucleus,IAD,255,144,159,66900,239.0,ATN,,7,222.0,10505211.0,22575.0,222.0,10505211.0,22575.0,47320.77027027027,101.6891891891892
2282,Lateral dorsal nucleus of thalamus,LD,255,136,128,67000,239.0,ATN,,7,,0.0,0.0,107.0,5706629.0,11711.0,53332.98130841122,109.44859813084112
155,"Laterodorsal thalamic nucleus, ventrolateral part",LDVL,255,136,128,67010,2282.0,LD,,8,58.0,3322293.0,6816.0,58.0,3322293.0,6816.0,57280.91379310345,117.51724137931035
2046,"Laterodorsal thalamic nucleus, dorsomedial part",LDDM,255,136,128,67020,2282.0,LD,,8,49.0,2384336.0,4895.0,49.0,2384336.0,4895.0,48659.91836734694,99.89795918367346
444,Medial group of the dorsal thalamus,MED,255,144,176,67100,856.0,DORpm,,6,,0.0,0.0,1405.0,67625718.0,149500.0,48132.18362989324,106.40569395017793
59,Intermediodorsal thalamic nucleus,IMD,255,144,164,67200,444.0,MED,,7,112.0,4977385.0,11225.0,112.0,4977385.0,11225.0,44440.9375,100.22321428571429
2091,Posteromedian thalamic nucleus,PoMn,255,144,164,67210,444.0,MED,,7,18.0,619146.0,1506.0,18.0,619146.0,1506.0,34397.0,83.66666666666667
362,Mediodorsal thalamic nucleus,MD,255,144,163,67300,444.0,MED,,7,,0.0,0.0,1127.0,55267776.0,121654.0,49039.73025732032,107.9449866903283
617,"Mediodorsal thalamic nucleus, central part",MDC,255,144,163,67400,362.0,MD,,8,175.0,6959753.0,18156.0,175.0,6959753.0,18156.0,39770.01714285714,103.74857142857142
626,"Mediodorsal thalamic nucleus, lateral part ",MDL,255,144,163,67500,362.0,MD,,8,200.0,10653185.0,20419.0,200.0,10653185.0,20419.0,53265.925,102.095
636,"Mediodorsal thalamic nucleus, medial part",MDM,255,144,163,67600,362.0,MD,,8,484.0,23567576.0,53142.0,484.0,23567576.0,53142.0,48693.33884297521,109.79752066115702
366,Submedius thalamic nucleus,Sub,255,144,161,67700,444.0,MED,,7,,0.0,0.0,148.0,6761411.0,15115.0,45685.20945945946,102.12837837837837
2377,"Submedius thalamic nucleus, dorsal part",SubD,255,144,161,67710,366.0,Sub,,8,83.0,3877565.0,8478.0,83.0,3877565.0,8478.0,46717.65060240964,102.144578313253
2378,"Submedius thalamic nucleus, ventral part",SubV,255,144,161,67720,366.0,Sub,,8,20.0,1067557.0,2325.0,20.0,1067557.0,2325.0,53377.85,116.25
571,Midline group of the dorsal thalamus,MTN,255,134,134,67900,856.0,DORpm,,6,,0.0,0.0,2611.0,129908638.0,279638.0,49754.361547299886,107.0999617004979
149,Paraventricular nucleus of the thalamus,PVT,255,133,133,68000,571.0,MTN,,7,,0.0,0.0,1640.0,83638909.0,176650.0,50999.33475609756,107.71341463414635
3001,"Paraventricular thalamic nucleus, anterior part",PVA,255,133,133,68010,149.0,PVT,,8,743.0,38119318.0,80677.0,743.0,38119318.0,80677.0,51304.600269179005,108.58277254374158
2089,"Paraventricular thalamic nucleus, intermediate part",PV,255,133,133,68020,149.0,PVT,,8,674.0,34074164.0,73051.0,674.0,34074164.0,73051.0,50555.13946587537,108.38427299703264
2090,"Paraventricular thalamic nucleus, posterior part",PVP,255,133,133,68030,149.0,PVT,,8,223.0,11445427.0,22922.0,223.0,11445427.0,22922.0,51324.78475336323,102.78923766816143
15,Parataenial thalamic nucleus,PT,255,133,134,68100,571.0,MTN,,7,418.0,20079604.0,44198.0,418.0,20079604.0,44198.0,48037.33014354067,105.73684210526316
2038,Xiphoid thalamic nucleus,Xi,255,133,134,68110,571.0,MTN,,7,,0.0,0.0,172.0,8198750.0,18906.0,47667.151162790695,109.9186046511628
2039,Paraxiphoid nucleus of thalamus,PaXi,255,133,134,68120,2038.0,Xi,,8,112.0,5784839.0,12865.0,112.0,5784839.0,12865.0,51650.34821428572,114.86607142857143
2032,Accessory neuosecretory nuclei,ANS,255,133,134,68130,571.0,MTN,,7,3.0,101469.0,249.0,3.0,101469.0,249.0,33823.0,83.0
181,Reuniens area,RE,255,133,132,68200,571.0,MTN,,7,,0.0,0.0,349.0,16509786.0,36864.0,47305.977077363896,105.62750716332378
2092,Reuniens thalamic nucleus,Re,255,133,132,68210,181.0,RE,,8,218.0,10517481.0,23405.0,218.0,10517481.0,23405.0,48245.3256880734,107.36238532110092
2093,Retrouniens area,RRe,255,133,132,68220,181.0,RE,,8,73.0,2995269.0,6832.0,73.0,2995269.0,6832.0,41031.08219178082,93.58904109589041
2037,Ventral reuniens thalamic nucleus,VRe ,255,133,132,68230,181.0,RE,,8,58.0,2997036.0,6627.0,58.0,2997036.0,6627.0,51673.03448275862,114.25862068965517
51,Intralaminar nuclei of the dorsal thalamus,ILM,255,136,132,68300,856.0,DORpm,,6,,0.0,0.0,1793.0,83089459.0,183654.0,46341.025655326266,102.42833240379252
189,Rhomboid thalamic nucleus,Rh,255,128,132,68400,51.0,ILM,,7,256.0,9423696.0,24121.0,256.0,9423696.0,24121.0,36811.3125,94.22265625
599,Central medial thalamic nucleus,CM,255,134,132,68500,51.0,ILM,,7,742.0,34780490.0,76816.0,742.0,34780490.0,76816.0,46873.97574123989,103.5256064690027
907,Paracentral thalamic nucleus,PC,255,132,132,68600,51.0,ILM,,7,,0.0,0.0,410.0,19480893.0,42338.0,47514.373170731706,103.26341463414634
2064,Oval paracentral thalamic nucleus,OPC,255,132,132,68610,907.0,PC,,8,5.0,161719.0,419.0,5.0,161719.0,419.0,32343.8,83.8
575,Centrolateral thalamic nucleus,CL,255,135,132,68700,51.0,ILM,,7,131.0,7289637.0,13082.0,131.0,7289637.0,13082.0,55646.083969465646,99.86259541984732
930,Parafascicular thalamic nucleus,PaF,255,130,132,68800,51.0,ILM,,7,254.0,12114743.0,27297.0,254.0,12114743.0,27297.0,47695.83858267716,107.46850393700787
262,Reticular nucleus (prethalamus),Rt,255,128,128,68900,856.0,DORpm,,6,225.0,11279133.0,23358.0,225.0,11279133.0,23358.0,50129.48,103.81333333333333
1014,"Geniculate group, ventral thalamus",GENv,255,135,133,69000,856.0,DORpm,,6,,0.0,0.0,124.0,6316376.0,13834.0,50938.51612903226,111.56451612903226
27,Intergeniculate childlet,IGL,255,135,134,69100,1014.0,GENv,,7,14.0,685515.0,1512.0,14.0,685515.0,1512.0,48965.357142857145,108.0
178,Pregeniculate nucleus of the prethalamus,PrG,255,135,135,69200,1014.0,GENv,,7,,0.0,0.0,99.0,5167307.0,11191.0,52195.020202020205,113.04040404040404
2072,"Pregeniculate nucleus, magnocellular part",PrGMC,255,135,135,69210,178.0,PrG,,8,46.0,2276356.0,4803.0,46.0,2276356.0,4803.0,49486.0,104.41304347826087
2073,"Pregeniculate nucleus, parvicellular part",PrGPC,255,135,135,69220,178.0,PrG,,8,27.0,1635601.0,3416.0,27.0,1635601.0,3416.0,60577.81481481482,126.51851851851852
321,Subgeniculate nucleus of the prethalamus,SubG,255,135,133,69500,1014.0,GENv,,7,11.0,463554.0,1131.0,11.0,463554.0,1131.0,42141.27272727273,102.81818181818181
958,Epithalamus,EPI,255,136,144,69600,856.0,DORpm,,6,,0.0,0.0,365.0,19381438.0,41355.0,53099.830136986304,113.3013698630137
483,Medial habenular nucleus,MHb,255,134,144,69700,958.0,EPI,,7,213.0,11919171.0,24942.0,213.0,11919171.0,24942.0,55958.54929577465,117.09859154929578
186,Lateral habenular nucleus,LHb,255,135,144,69800,958.0,EPI,,7,,0.0,0.0,152.0,7462267.0,16413.0,49093.86184210526,107.98026315789474
2058,"Lateral habenular nucleus, medial part",LHbM,255,135,144,69810,186.0,LHb,,8,32.0,1556454.0,3477.0,32.0,1556454.0,3477.0,48639.1875,108.65625
2059,"Lateral habenular nucleus, lateral part",LHbL,255,135,144,69820,186.0,LHb,,8,36.0,1593886.0,3737.0,36.0,1593886.0,3737.0,44274.61111111111,103.80555555555556
953,Pineal gland,Pi,255,132,144,69900,958.0,EPI,,7,,0.0,0.0,0.0,0.0,0.0,,
1097,Hypothalamus,HY,255,105,110,70000,1129.0,IB,,4,,0.0,0.0,7779.0,376054953.0,812097.0,48342.32587736213,104.39606633243348
157,Periventricular zone,PVZ,255,76,80,70100,1097.0,HY,,5,,0.0,0.0,429.0,20835364.0,46881.0,48567.282051282054,109.27972027972028
390,Supraoptic nucleus,SO,255,76,60,70200,157.0,PVZ,,6,,0.0,0.0,58.0,3180448.0,5985.0,54835.31034482759,103.1896551724138
2051,"Supraoptic nucleus, retrochiasmatic part",SOR,255,76,60,70210,390.0,SO,,7,1.0,68507.0,86.0,1.0,68507.0,86.0,68507.0,86.0
2034,Episupraoptic nucleus,ESO,255,76,60,70220,390.0,SO,,7,26.0,1401279.0,2844.0,26.0,1401279.0,2844.0,53895.346153846156,109.38461538461539
332,Accessory supraoptic group,ASO,255,76,62,70300,157.0,PVZ,,6,,0.0,0.0,2.0,75286.0,206.0,37643.0,103.0
432,Circulur nucleus,Cir,255,76,62,70400,332.0,ASO,,7,2.0,75286.0,206.0,2.0,75286.0,206.0,37643.0,103.0
38,"Paraventricular hypothalamic nucleus, anterior part",PVH,255,76,77,70500,157.0,PVZ,,6,,0.0,0.0,156.0,8298254.0,19522.0,53193.9358974359,125.14102564102564
71,"Paraventricular hypothalamic nucleus, magnocellular division",PVHm,255,76,76,70600,38.0,PVH,,7,,0.0,0.0,116.0,6322943.0,14908.0,54508.129310344826,128.51724137931035
79,"Paraventricular hypothalamic nucleus, medial magnocellular part",PaMM,255,76,74,70800,71.0,PVHm,,8,11.0,593248.0,1362.0,11.0,593248.0,1362.0,53931.63636363636,123.81818181818181
652,"Paraventricular hypothalamic nucleus, lateral magnocellular part",PaLM,255,76,73,71000,71.0,PVHm,,8,52.0,2884447.0,6663.0,52.0,2884447.0,6663.0,55470.13461538462,128.1346153846154
660,"Paraventricular hypothalamic nucleus, posterior part",PaPo,255,76,73,71100,71.0,PVHm,,8,53.0,2845248.0,6883.0,53.0,2845248.0,6883.0,53683.92452830189,129.8679245283019
94,"Paraventricular hypothalamic nucleus, parvicellular division",PVAp,255,76,72,71200,38.0,PVH,,7,,0.0,0.0,40.0,1975311.0,4614.0,49382.775,115.35
55,"Paraventricular hypothalamic nucleus, anterior parivcellular part",PaAP,255,76,69,71300,94.0,PVAp,,8,,0.0,0.0,15.0,828259.0,1944.0,55217.26666666667,129.6
2026,Anterior perifornical nucleus,APF,255,76,69,71310,55.0,PaAP,,9,,0.0,0.0,0.0,0.0,0.0,,
87,"Paraventricular hypothalamic nucleus, medial parvicellular part",PaMP,255,76,71,71400,94.0,PVAp,,8,25.0,1147052.0,2670.0,25.0,1147052.0,2670.0,45882.08,106.8
30,"Paraventricular hypothalamic nucleus, ventral part",PaV,255,76,78,71600,157.0,PVZ,,6,23.0,1199977.0,2524.0,23.0,1199977.0,2524.0,52172.913043478264,109.73913043478261
223,Arcuate hypothalamic nucleus,Arc,255,76,79,71800,157.0,PVZ,,6,,0.0,0.0,190.0,8081399.0,18644.0,42533.67894736842,98.12631578947368
2061,"Arcuate hypothalamic nucleus, dorsal part",ArcD,255,76,79,71810,223.0,Arc,,7,10.0,450847.0,1044.0,10.0,450847.0,1044.0,45084.7,104.4
2062,"Arcuate hypothalamic nucleus, lateral part",ArcL,255,76,79,71820,223.0,Arc,,7,16.0,720841.0,1547.0,16.0,720841.0,1547.0,45052.5625,96.6875
2104,"Arcuate hypothalamic nucleus, lateroposterior part",ArcLP,255,76,79,71830,223.0,Arc,,7,29.0,1378959.0,2845.0,29.0,1378959.0,2845.0,47550.31034482759,98.10344827586206
2095,"Arcuate hypothalamic nucleus, medial part",ArcM,255,76,79,71840,223.0,Arc,,7,22.0,1022325.0,2197.0,22.0,1022325.0,2197.0,46469.318181818184,99.86363636363636
2103,"Arcuate hypothalamic nucleus, medial posterior part",ArcMP,255,76,79,71850,223.0,Arc,,7,39.0,1339711.0,3632.0,39.0,1339711.0,3632.0,34351.5641025641,93.12820512820512
141,Periventricular region,PVR,255,77,80,71900,1097.0,HY,,5,,0.0,0.0,1712.0,83348007.0,183835.0,48684.58352803739,107.3802570093458
272,Anteroventral periventricular nucleus,AVPe,255,77,84,72300,141.0,PVR,,6,47.0,1971541.0,4720.0,47.0,1971541.0,4720.0,41947.68085106383,100.42553191489361
668,Dorsal hypothalamic area,DA,255,77,85,72350,141.0,PVR,,6,104.0,5200842.0,11355.0,104.0,5200842.0,11355.0,50008.096153846156,109.1826923076923
830,Dorsomedial hypothalamic nucleus,DM,255,77,85,72400,141.0,PVR,,6,,0.0,0.0,327.0,16384132.0,35508.0,50104.37920489297,108.58715596330275
2076,"Dorsomedial hypothalamic nucleus, dorsal part",DMD,255,77,85,72500,830.0,DM,,7,20.0,945179.0,2259.0,20.0,945179.0,2259.0,47258.95,112.95
2077,"Dorsomedial hypothalamic nucleus, compact part",DMC,255,77,85,72600,830.0,DM,,7,12.0,734639.0,1259.0,12.0,734639.0,1259.0,61219.916666666664,104.91666666666667
2078,"Dorsomedial hypothalamic nucleus, ventral part",DMV,255,77,85,72700,830.0,DM,,7,140.0,7189014.0,15395.0,140.0,7189014.0,15395.0,51350.1,109.96428571428571
452,Median preoptic nucleus,MnPO,255,77,86,72800,141.0,PVR,,6,2.0,62697.0,186.0,2.0,62697.0,186.0,31348.5,93.0
2307,DA14 Dopamine Cells,DA14,255,77,86,72810,141.0,PVR,,6,,0.0,0.0,0.0,0.0,0.0,,
523,Medial preoptic area,MPA,255,77,87,72900,141.0,PVR,,6,,0.0,0.0,560.0,26850054.0,59317.0,47946.525,105.92321428571428
2016,Strial part of the preoptic area,StA,255,77,87,72910,523.0,MPA,,7,5.0,220083.0,429.0,5.0,220083.0,429.0,44016.6,85.8
2023,Striohypothalamic nucleus,StHy,255,77,87,72920,523.0,MPA,,7,120.0,5542530.0,12785.0,120.0,5542530.0,12785.0,46187.75,106.54166666666667
2306,Anterior commissural nucleus,AC,255,77,87,72930,523.0,MPA,,7,28.0,1113045.0,2565.0,28.0,1113045.0,2565.0,39751.607142857145,91.60714285714286
763,Vascular organ of the lamina terminalis,VOLT,255,77,88,73000,141.0,PVR,,6,1.0,125018.0,228.0,1.0,125018.0,228.0,125018.0,228.0
914,Posterodorsal preoptic nucleus,PDPO,255,77,89,73100,141.0,PVR,,6,,0.0,0.0,0.0,0.0,0.0,,
1109,Parastrial nucleus,PS,255,77,90,73200,141.0,PVR,,6,52.0,2290271.0,5269.0,52.0,2290271.0,5269.0,44043.67307692308,101.32692307692308
133,Periventricular hypothalamic nucleus,Pe,255,77,93,73500,141.0,PVR,,6,245.0,12999385.0,27787.0,245.0,12999385.0,27787.0,53058.71428571428,113.41632653061224
347,Subparaventricular zone of the hypothalamus,SPa ,255,77,80,73600,141.0,PVR,,6,2.0,82734.0,151.0,2.0,82734.0,151.0,41367.0,75.5
286,Suprachiasmatic nucleus,SCh,255,77,94,73700,141.0,PVR,,6,,0.0,0.0,37.0,1708951.0,3943.0,46187.86486486487,106.56756756756756
2030,"Suprachiasmatic nucleus, dorsolateral part",SChDL,255,77,94,73710,286.0,SCh,,7,,0.0,0.0,0.0,0.0,0.0,,
2031,"Suprachiasmatic nucleus, ventromedial part",SChVM,255,77,94,73720,286.0,SCh,,7,1.0,16240.0,53.0,1.0,16240.0,53.0,16240.0,53.0
338,Subfornical organ,SFO,255,77,80,73800,141.0,PVR,,6,4.0,230346.0,482.0,4.0,230346.0,482.0,57586.5,120.5
2011,Ventromedidal preoptic nucleus,VMPO,255,77,80,73810,141.0,PVR,,6,109.0,4826875.0,11089.0,109.0,4826875.0,11089.0,44283.25688073395,101.73394495412845
689,Ventrolateral preoptic nucleus,VLPO,255,77,80,73900,141.0,PVR,,6,222.0,10615161.0,23800.0,222.0,10615161.0,23800.0,47816.04054054054,107.2072072072072
467,Hypothalamic medial zone,MEZ ,255,78,80,74000,1097.0,HY,,5,,0.0,0.0,1824.0,88986156.0,192782.0,48786.26973684211,105.69188596491227
88,Anterior hypothalamic nucleus,AHN,255,78,81,74100,467.0,MEZ ,,6,,0.0,0.0,337.0,17184134.0,37039.0,50991.49554896142,109.90801186943621
700,"Anterior hypothalamic area, anterior part",AHA,255,78,81,74200,88.0,AHN,,7,48.0,2273222.0,4609.0,48.0,2273222.0,4609.0,47358.791666666664,96.02083333333333
708,"Anterior hypothalamic area, central part",AHC,255,78,81,74300,88.0,AHN,,7,191.0,9615320.0,20711.0,191.0,9615320.0,20711.0,50341.98952879581,108.43455497382199
724,"Anterior hypothalamic area, posterior part",AHP,255,78,81,74500,88.0,AHN,,7,,0.0,0.0,54.0,3061104.0,6660.0,56687.11111111111,123.33333333333333
2029,Lateroanterior hypothalamic nucleus,LA,255,78,81,74510,88.0,AHN,,7,44.0,2234488.0,5059.0,44.0,2234488.0,5059.0,50783.818181818184,114.97727272727273
2047,Stigmoid hypothalamic nucleus,Stg,255,78,81,74520,724.0,AHP,,8,,0.0,0.0,0.0,0.0,0.0,,
331,Mammillary body,MBO,255,78,82,74600,467.0,MEZ ,,6,,0.0,0.0,688.0,32655298.0,70079.0,47464.09593023256,101.85901162790698
210,Lateral mamilllary nucleus,LM,255,78,83,74700,331.0,MBO,,7,160.0,7058089.0,15236.0,160.0,7058089.0,15236.0,44113.05625,95.225
491,"Medial mammillary nucleus, medial part",MM,255,78,84,74800,331.0,MBO,,7,,0.0,0.0,319.0,16875298.0,34912.0,52900.620689655174,109.44200626959248
2118,Mammillary recess of the 3rd ventricle,MRe,255,78,84,74810,491.0,MM,,8,,0.0,0.0,0.0,0.0,0.0,,
2119,"Medial mammillary nucleus, lateral part",ML,255,78,84,74820,491.0,MM,,8,149.0,8237781.0,15986.0,149.0,8237781.0,15986.0,55287.12080536913,107.28859060402685
732,"Medial mammillary nucleus, median part",MnM,255,78,84,74900,491.0,MM,,8,1.0,27441.0,66.0,1.0,27441.0,66.0,27441.0,66.0
525,Retromamillary nucleus,RM,255,78,85,75000,331.0,MBO,,7,,0.0,0.0,142.0,6179675.0,14276.0,43518.83802816901,100.53521126760563
1110,"Retromamillary nucleus, lateral part",RML,255,78,85,75100,525.0,RM,,8,,0.0,0.0,0.0,0.0,0.0,,
1118,"Retromamillary nucleus, medial part",RMM,255,78,85,75200,525.0,RM,,8,29.0,1255189.0,3072.0,29.0,1255189.0,3072.0,43282.379310344826,105.93103448275862
557,Tuberomammillary nucleus,TM,255,78,86,75300,331.0,MBO,,7,,0.0,0.0,67.0,2542236.0,5655.0,37943.82089552239,84.40298507462687
1126,Dorsal tuberomammillary nucleus,DTM,255,78,86,75400,557.0,TM,,8,,0.0,0.0,0.0,0.0,0.0,,
1,Ventral tuberomammillary nucleus,VTM,255,78,86,75500,557.0,TM,,8,67.0,2542236.0,5655.0,67.0,2542236.0,5655.0,37943.82089552239,84.40298507462687
515,Medial preoptic nucleus,MPO,255,78,87,75600,467.0,MEZ ,,6,,0.0,0.0,110.0,5436760.0,12052.0,49425.09090909091,109.56363636363636
748,"Medial preoptic nucleus, lateral part",MPOL,255,78,87,75800,515.0,MPO,,7,55.0,2735911.0,6056.0,55.0,2735911.0,6056.0,49743.836363636365,110.10909090909091
756,"Medial preoptic nucleus, medial part",MPOM,255,78,87,75900,515.0,MPO,,7,55.0,2700849.0,5996.0,55.0,2700849.0,5996.0,49106.34545454545,109.01818181818182
980,"Premamillary nucleus, dorsal part",PMD,255,78,88,76000,467.0,MEZ ,,6,4.0,162512.0,352.0,4.0,162512.0,352.0,40628.0,88.0
1004,"Premamillary nucleus, ventral part",PMV,255,78,89,76100,467.0,MEZ ,,6,13.0,800319.0,1805.0,13.0,800319.0,1805.0,61563.0,138.84615384615384
63,"Paraventricular hypothalamic nucleus, descending division",PVHd,255,78,90,76200,467.0,MEZ ,,6,,0.0,0.0,3.0,165724.0,341.0,55241.333333333336,113.66666666666667
439,"Paraventricular hypothalamic nucleus, dorsal cap",PaDC,255,78,90,76300,63.0,PVHd,,7,3.0,165724.0,341.0,3.0,165724.0,341.0,55241.333333333336,113.66666666666667
693,Ventromedial hypothalamic nucleus,VMH,255,78,91,76700,467.0,MEZ ,,6,,0.0,0.0,316.0,15947983.0,33957.0,50468.30063291139,107.45886075949367
2044,"Ventromedial hypothalamic nucleus, shell region",VMHSh,255,78,91,76710,693.0,VMH,,7,157.0,8080678.0,16648.0,157.0,8080678.0,16648.0,51469.28662420382,106.03821656050955
769,"Ventromedial hypothalamic nucleus, central part",VMHC,255,78,91,76900,693.0,VMH,,7,31.0,1421123.0,3119.0,31.0,1421123.0,3119.0,45842.67741935484,100.61290322580645
777,"Ventromedial hypothalamic nucleus, dorsomedial part",VMHDM,255,78,91,77000,693.0,VMH,,7,45.0,1987966.0,4594.0,45.0,1987966.0,4594.0,44177.02222222222,102.08888888888889
785,"Ventromedial hypothalamic nucleus, ventrolateral part",VMHVL,255,78,91,77100,693.0,VMH,,7,44.0,2348619.0,4880.0,44.0,2348619.0,4880.0,53377.704545454544,110.9090909090909
2474,Posterior hypothalamic area,PHA,255,78,91,77110,467.0,MEZ ,,6,,0.0,0.0,353.0,16633426.0,37157.0,47120.18696883853,105.26062322946176
946,Posterior hypothalamic nucleus,PH,255,79,83,77150,2474.0,PHA,,7,,0.0,0.0,353.0,16633426.0,37157.0,47120.18696883853,105.26062322946176
2364,"Posterior hypothalamic nucleus, dorsal part",PHnd,255,79,83,77160,946.0,PH,,8,144.0,6714087.0,15499.0,144.0,6714087.0,15499.0,46625.604166666664,107.63194444444444
2365,"Posterior hypothalamic nucleus, ventral part",PHnv,255,79,83,77170,946.0,PH,,8,129.0,6283333.0,13616.0,129.0,6283333.0,13616.0,48708.007751937985,105.55038759689923
2075,"Posterior hypothalamic area, dorsal part",PHD,255,79,83,77180,946.0,PH,,8,40.0,1927494.0,4359.0,40.0,1927494.0,4359.0,48187.35,108.975
2102,Submammillothalamic nucleus,SMT,255,79,83,77190,946.0,PH,,8,10.0,413021.0,922.0,10.0,413021.0,922.0,41302.1,92.2
290,Hypothalamic lateral zone,LZ,255,79,80,77200,1097.0,HY,,5,,0.0,0.0,3784.0,181299986.0,385008.0,47912.25845665962,101.7463002114165
2309,Juxtaparaventricular part of lateral hypothalamus,JPLH,255,79,81,77300,194.0,LH,,7,111.0,5884922.0,12611.0,111.0,5884922.0,12611.0,53017.31531531532,113.61261261261261
194,Lateral hypothalamic area,LH,255,79,81,77300,290.0,LZ,,6,,0.0,0.0,2679.0,129317137.0,272269.0,48270.67450541247,101.63083240014932
2065,Magnocellular nucleus of the lateral hypothalamus,MCLH,255,79,81,77310,194.0,LH,,7,3.0,119349.0,275.0,3.0,119349.0,275.0,39783.0,91.66666666666667
2033,Ventrolateral hypothalamic nucleus ,VLH,255,79,81,77320,194.0,LH,,7,3.0,131812.0,291.0,3.0,131812.0,291.0,43937.333333333336,97.0
2105,Gemini hypothalamic nucleus,Gem,255,79,81,77330,194.0,LH,,7,13.0,718768.0,1496.0,13.0,718768.0,1496.0,55289.846153846156,115.07692307692308
2081,Peduncular lateral hypothalamus,PLH,255,79,81,77340,194.0,LH,,7,83.0,5341686.0,10105.0,83.0,5341686.0,10105.0,64357.66265060241,121.74698795180723
2048,Tuberal region of lateral hypothalamus,TuLH,255,79,81,77350,194.0,LH,,7,,0.0,0.0,0.0,0.0,0.0,,
2473,Perifornical part of lateral hypothalamus,PeFLH,255,79,81,77360,194.0,LH,,7,,0.0,0.0,0.0,0.0,0.0,,
226,Lateral preoptic area,LPO,255,79,82,77400,290.0,LZ,,6,333.0,16880323.0,34974.0,333.0,16880323.0,34974.0,50691.66066066066,105.02702702702703
2379,Paraterete nucleus,PTe,255,79,80,77610,290.0,LZ,,6,,0.0,0.0,0.0,0.0,0.0,,
364,Parasubthalamic nucleus,PSTh,255,79,80,77700,290.0,LZ,,6,45.0,1856291.0,4098.0,45.0,1856291.0,4098.0,41250.91111111111,91.06666666666666
173,Retrochiasmatic area,RCh,255,79,84,77800,290.0,LZ,,6,,0.0,0.0,108.0,4620974.0,10726.0,42786.7962962963,99.31481481481481
2283,"Retrochiasmatic area, medial part",RChM,255,79,84,77850,173.0,RCh,,7,56.0,2176059.0,5557.0,56.0,2176059.0,5557.0,38858.19642857143,99.23214285714286
2042,"Retrochiasmatic area, lateral part",RchL,255,79,84,77810,173.0,RCh,,7,32.0,1266959.0,3094.0,32.0,1266959.0,3094.0,39592.46875,96.6875
470,Subthalamic nucleus,STh,255,79,85,77900,290.0,LZ,,6,10.0,312080.0,792.0,10.0,312080.0,792.0,31208.0,79.2
2063,Subincertal nucleus,SubI,255,79,85,77910,290.0,LZ,,6,30.0,1508333.0,3205.0,30.0,1508333.0,3205.0,50277.76666666667,106.83333333333333
614,Medial tuberal nucleus,MTu,255,79,86,78000,290.0,LZ,,6,,0.0,0.0,122.0,5353176.0,11433.0,43878.49180327869,93.71311475409836
2080,Terete hypothalamic nucleus,Te,255,79,86,78010,614.0,MTu,,7,56.0,2357364.0,4949.0,56.0,2357364.0,4949.0,42095.78571428572,88.375
2079,Perifornical nucleus,PeF,255,79,86,78020,290.0,LZ,,6,39.0,1647671.0,3515.0,39.0,1647671.0,3515.0,42247.97435897436,90.12820512820512
2111,Ventral linear nucleus of the thalamus,VLi,255,79,87,78030,290.0,LZ,,6,2.0,89568.0,196.0,2.0,89568.0,196.0,44784.0,98.0
797,Zona incerta,ZI,255,79,87,78100,290.0,LZ,,6,,0.0,0.0,416.0,19714433.0,43800.0,47390.463942307695,105.28846153846153
2125,"Zona incerta, caudal part",ZIC,255,79,87,78110,797.0,ZI,,7,14.0,904983.0,1603.0,14.0,904983.0,1603.0,64641.642857142855,114.5
2043,"Zona incerta, rostral part",ZIR,255,79,87,78120,797.0,ZI,,7,71.0,3531073.0,7601.0,71.0,3531073.0,7601.0,49733.42253521127,107.05633802816901
2053,"Zona incerta, dosal part",ZID,255,79,87,78130,797.0,ZI,,7,120.0,5862766.0,13587.0,120.0,5862766.0,13587.0,48856.38333333333,113.225
2054,"Zona incerta, ventral part",ZIV,255,79,87,78140,797.0,ZI,,7,99.0,4280463.0,9945.0,99.0,4280463.0,9945.0,43237.0,100.45454545454545
796,DA13 dopamine cells,DA13,255,79,87,78200,797.0,ZI,,7,8.0,329280.0,726.0,8.0,329280.0,726.0,41160.0,90.75
2110,Nucleus of the fields of Forel,F,255,79,87,78300,797.0,ZI,,7,20.0,1185433.0,2357.0,20.0,1185433.0,2357.0,59271.65,117.85
10671,Median eminence,ME,255,80,80,78400,1097.0,HY,,5,30.0,1585440.0,3591.0,30.0,1585440.0,3591.0,52848.0,119.7
313,Midbrain,MB,255,200,255,78500,343.0,BS,,3,,0.0,0.0,9415.0,440967077.0,964480.0,46836.65183218269,102.44078597981944
2107,Prerubral field,PR,255,200,255,78510,313.0,MB,,4,51.0,1985909.0,4435.0,51.0,1985909.0,4435.0,38939.39215686275,86.96078431372548
339,"Midbrain, sensory related",MBsen,255,176,254,78600,313.0,MB,,4,,0.0,0.0,2955.0,127253119.0,285529.0,43063.66125211506,96.62571912013536
2476,Superior colliculus,SC,255,176,254,78610,339.0,MBsen,,5,,0.0,0.0,894.0,37548069.0,85399.0,42000.07718120806,95.52460850111856
302,"Superior colliculus, sensory related",SCs,255,152,250,78700,2476.0,SC,,6,,0.0,0.0,567.0,22109747.0,51701.0,38994.26278659612,91.18342151675485
851,Optic layer of the superior colliculus,Op,255,152,250,78800,302.0,SCs,,7,90.0,3733473.0,8348.0,90.0,3733473.0,8348.0,41483.03333333333,92.75555555555556
842,Superficial gray layer of the superior colliculus,SuG,255,152,250,78900,302.0,SCs,,7,177.0,6865778.0,16143.0,177.0,6865778.0,16143.0,38789.706214689264,91.20338983050847
834,Zonal layer of superior colliculus,Zo,255,152,250,79000,302.0,SCs,,7,300.0,11510496.0,27210.0,300.0,11510496.0,27210.0,38368.32,90.7
4,Inferior colliculus,IC,255,152,255,79100,339.0,MBsen,,5,,0.0,0.0,1896.0,81567567.0,181861.0,43020.86867088608,95.91824894514768
811,Central nucleus of the inferior colliculus,CIC,255,152,255,79200,4.0,IC,,6,493.0,20781030.0,45604.0,493.0,20781030.0,45604.0,42152.19066937119,92.50304259634889
820,Dorsal cortex of the inferior colliculus,DCIC,255,152,255,79300,4.0,IC,,6,549.0,20025286.0,49547.0,549.0,20025286.0,49547.0,36475.93078324226,90.2495446265938
828,External cortex of the inferior colliculus,ECIC,255,152,255,79400,4.0,IC,,6,,0.0,0.0,854.0,40761251.0,86710.0,47729.802107728334,101.53395784543325
2188,"External cortex of the inferior colliculus, layer 1",ECIC1,255,152,255,79410,828.0,ECIC,,7,373.0,17303312.0,38293.0,373.0,17303312.0,38293.0,46389.576407506705,102.66219839142092
2189,"External cortex of the inferior colliculus, layer 2",ECIC2,255,152,255,79420,828.0,ECIC,,7,78.0,3231774.0,7180.0,78.0,3231774.0,7180.0,41433.0,92.05128205128206
2190,"External cortex of the inferior colliculus, layer 3",ECIC3,255,152,255,79430,828.0,ECIC,,7,89.0,3704571.0,8416.0,89.0,3704571.0,8416.0,41624.393258426964,94.56179775280899
2457,Commissural nucleus of the inferior colliculus,Com,255,152,255,79440,4.0,IC,,6,,0.0,0.0,0.0,0.0,0.0,,
2475,Recess of the inferior colliculus,ReIC,255,152,255,79450,4.0,IC,,6,,0.0,0.0,0.0,0.0,0.0,,
580,Nucleus of the brachium of the inferior colliculus,BIC,255,152,253,79500,339.0,MBsen,,5,35.0,1981921.0,3963.0,35.0,1981921.0,3963.0,56626.31428571429,113.22857142857143
271,Sagulum nucleus,Sag,255,152,251,79600,339.0,MBsen,,5,9.0,510441.0,1156.0,9.0,510441.0,1156.0,56715.666666666664,128.44444444444446
874,Parabigeminal nucleus,PBG,255,152,252,79700,339.0,MBsen,,5,84.0,4060981.0,9773.0,84.0,4060981.0,9773.0,48345.01190476191,116.3452380952381
2163,Microcellular tegmental nucleus,MiTg,255,152,252,79710,339.0,MBsen,,5,26.0,883052.0,2234.0,26.0,883052.0,2234.0,33963.53846153846,85.92307692307692
460,Mesencephalic trigeminal nucleus,Me5,255,152,254,79800,339.0,MBsen,,5,,0.0,0.0,0.0,0.0,0.0,,
2108,Subcommissural organ ,SCO,255,152,254,79810,339.0,MBsen,,5,11.0,701088.0,1143.0,11.0,701088.0,1143.0,63735.27272727273,103.9090909090909
323,"Midbrain, motor related",MBmot,255,132,255,79900,313.0,MB,,4,,0.0,0.0,5136.0,248087911.0,538273.0,48303.720989096575,104.80393302180686
2147,Mesencephalic reticular formation,mRt,255,132,255,79910,323.0,MBmot,,5,967.0,47925217.0,103327.0,967.0,47925217.0,103327.0,49560.72078593588,106.85315408479835
2131,prosomere 1 reticular formation,p1Rt,255,132,255,79920,323.0,MBmot,,5,576.0,27139282.0,60773.0,576.0,27139282.0,60773.0,47116.80902777778,105.50868055555556
2181,Isthmic reticular formation,isRt,255,132,255,79930,323.0,MBmot,,5,222.0,10126736.0,23602.0,222.0,10126736.0,23602.0,45615.92792792793,106.31531531531532
2154,Pararubral nucleus,PaR,255,132,255,79940,323.0,MBmot,,5,31.0,1041445.0,2586.0,31.0,1041445.0,2586.0,33595.0,83.41935483870968
381,"Substantia nigra, reticular part",SNR,255,178,247,80000,323.0,MBmot,,5,243.0,10942228.0,24280.0,243.0,10942228.0,24280.0,45029.74485596708,99.91769547325103
749,Ventral tegmental area,VTA,255,178,246,80100,323.0,MBmot,,5,,0.0,0.0,1098.0,50408317.0,112405.0,45909.21402550091,102.37249544626594
2138,Paranigral nucleus of the VTA,PN,255,178,246,80110,749.0,VTA,,6,87.0,4170778.0,9483.0,87.0,4170778.0,9483.0,47939.97701149425,109.0
2144,Parainterfascicular nucleus of the VTA,PIF,255,178,246,80120,749.0,VTA,,6,239.0,10633740.0,24373.0,239.0,10633740.0,24373.0,44492.6359832636,101.97907949790795
2124,Parabranchial pigmented nucleus of the VTA,PBP,255,178,246,80130,749.0,VTA,,6,509.0,23254700.0,52026.0,509.0,23254700.0,52026.0,45687.033398821215,102.21218074656188
2427,"Ventral tegmental area, rostral part",VTAR,255,178,246,80140,749.0,VTA,,6,105.0,4954082.0,10478.0,105.0,4954082.0,10478.0,47181.73333333333,99.79047619047618
2112,Rostral interstitial nucleus of the medial longitudinal fasciculus,RI,255,178,246,80150,313.0,MB,,4,12.0,666889.0,1326.0,12.0,666889.0,1326.0,55574.083333333336,110.5
2101,DA11 dopamine cells,DA11,255,178,246,80160,313.0,MB,,4,17.0,909693.0,2085.0,17.0,909693.0,2085.0,53511.35294117647,122.6470588235294
246,Retroisthmic nucleus,RIs,255,178,249,80200,323.0,MBmot,,5,,0.0,0.0,126.0,5470925.0,12444.0,43420.03968253968,98.76190476190476
2153,Retrorubral field,RRF,255,178,249,80210,246.0,RIs,,6,120.0,5271799.0,11913.0,120.0,5271799.0,11913.0,43931.65833333333,99.275
294,"Superior colliculus, motor related",SCm,255,178,248,80700,2476.0,SC,,6,,0.0,0.0,327.0,15438322.0,33698.0,47211.99388379205,103.0519877675841
26,Deep gray layer of the superior colliculus,DpG,255,178,248,80800,294.0,SCm,,7,67.0,2852954.0,7155.0,67.0,2852954.0,7155.0,42581.40298507463,106.7910447761194
42,Deep white layer of the superior colliculus,DpWh,255,178,248,80900,294.0,SCm,,7,23.0,1404650.0,2746.0,23.0,1404650.0,2746.0,61071.739130434784,119.3913043478261
17,Intermediate white layer of the superior colliculus,InWh,255,178,248,81000,294.0,SCm,,7,97.0,4024887.0,9030.0,97.0,4024887.0,9030.0,41493.68041237113,93.09278350515464
10,Intermediate gray layer of the superior colliculus,InG,255,178,248,81100,294.0,SCm,,7,140.0,7155831.0,14767.0,140.0,7155831.0,14767.0,51113.078571428574,105.47857142857143
795,Periaqueductal gray,PAG,255,144,255,81500,323.0,MBmot,,5,,0.0,0.0,817.0,44892917.0,89209.0,54948.49082007344,109.19094247246022
2141,Dorsomedial periaqueductal gray,DMPAG,255,144,255,81510,795.0,PAG,,6,11.0,540635.0,1207.0,11.0,540635.0,1207.0,49148.63636363636,109.72727272727273
2142,Lateral periaqueductal gray,LPAG,255,144,255,81520,795.0,PAG,,6,260.0,12923571.0,27276.0,260.0,12923571.0,27276.0,49706.04230769231,104.9076923076923
2143,Pleoglial periaqueductal gray,PlPAG,255,144,255,81530,795.0,PAG,,6,,0.0,0.0,0.0,0.0,0.0,,
2148,Dorsolateral periaqueductal gray,DLPAG,255,144,255,81540,795.0,PAG,,6,24.0,1348557.0,2805.0,24.0,1348557.0,2805.0,56189.875,116.875
2162,Ventrolateral periaqueductal gray,VLPAG,255,144,255,81550,795.0,PAG,,6,320.0,18850305.0,35910.0,320.0,18850305.0,35910.0,58907.203125,112.21875
2114,prosomere 1 periaqueductal gray,p1PAG,255,144,255,81560,795.0,PAG,,6,122.0,6954900.0,14048.0,122.0,6954900.0,14048.0,57007.37704918033,115.14754098360656
2123,Lithoid nucleus,Lth,255,144,255,81570,323.0,MBmot,,5,8.0,515229.0,946.0,8.0,515229.0,946.0,64403.625,118.25
50,Precommissural nucleus,PrC,255,144,255,81600,323.0,MBmot,,5,36.0,1771127.0,4117.0,36.0,1771127.0,4117.0,49197.97222222222,114.36111111111111
67,Interstitial nucleus of Cajal,InC,255,145,255,81700,323.0,MBmot,,5,,0.0,0.0,27.0,987925.0,2355.0,36589.81481481482,87.22222222222223
2129,"Interstitial nucleus of Cajal, shell region",InCSh,255,145,255,81710,67.0,InC,,6,18.0,669813.0,1513.0,18.0,669813.0,1513.0,37211.833333333336,84.05555555555556
587,Nucleus of Darkschewitsch,Dk,255,146,255,81800,323.0,MBmot,,5,9.0,368279.0,955.0,9.0,368279.0,955.0,40919.88888888889,106.11111111111111
2152,Supraoculomotor cap,Su3C,255,146,255,81810,323.0,MBmot,,5,15.0,685321.0,1864.0,15.0,685321.0,1864.0,45688.066666666666,124.26666666666667
2156,Supraoculomotor periaqueductal gray,Su3,255,146,255,81820,323.0,MBmot,,5,28.0,1643281.0,3359.0,28.0,1643281.0,3359.0,58688.607142857145,119.96428571428571
1100,Pretectal region,PRT,255,176,250,81900,323.0,MBmot,,5,,0.0,0.0,353.0,16165881.0,36184.0,45795.69688385269,102.5042492917847
215,Anterior pretectal nucleus,APT,255,176,249,82000,1100.0,PRT,,6,,0.0,0.0,110.0,5828915.0,11683.0,52990.13636363636,106.2090909090909
2099,"Anterior pretectal nucleus, dorsal part",APTD,255,176,249,82010,215.0,APT,,7,45.0,2164002.0,4644.0,45.0,2164002.0,4644.0,48088.933333333334,103.2
2100,"Anterior pretectal nucleus, ventral part",APTV,255,176,249,82020,215.0,APT,,7,12.0,498963.0,1190.0,12.0,498963.0,1190.0,41580.25,99.16666666666667
531,Medial pretectal area,MPT,255,176,248,82100,1100.0,PRT,,6,98.0,4403294.0,10303.0,98.0,4403294.0,10303.0,44931.57142857143,105.13265306122449
2415,Retrocommissural nucleus,ReC,255,176,248,82110,1100.0,PRT,,6,51.0,2312379.0,5470.0,51.0,2312379.0,5470.0,45340.76470588235,107.25490196078431
628,Nucleus of the optic tract,OT,255,176,247,82200,1100.0,PRT,,6,31.0,1459404.0,3041.0,31.0,1459404.0,3041.0,47077.54838709677,98.09677419354838
634,Nucleus of the posterior commissure,PCom,255,176,246,82300,1100.0,PRT,,6,,0.0,0.0,11.0,525296.0,1274.0,47754.181818181816,115.81818181818181
2121,Magnocellular nucleus of the posterior commissure,MCPC,255,176,246,82310,634.0,PCom,,7,6.0,275556.0,705.0,6.0,275556.0,705.0,45926.0,117.5
706,Olivary pretectal nucleus,OPT,255,176,245,82400,1100.0,PRT,,6,27.0,877353.0,2411.0,27.0,877353.0,2411.0,32494.555555555555,89.29629629629629
1061,Posterior pretectal nucleus,PPT,255,176,244,82500,1100.0,PRT,,6,9.0,237550.0,610.0,9.0,237550.0,610.0,26394.444444444445,67.77777777777777
2122,Retroparafascicular nucleus,RPF,255,176,244,82510,1100.0,PRT,,6,16.0,521690.0,1392.0,16.0,521690.0,1392.0,32605.625,87.0
616,Cuneiform nucleus,CnF,255,178,254,82600,323.0,MBmot,,5,,0.0,0.0,84.0,3809921.0,8289.0,45356.20238095238,98.67857142857143
2192,Precuneiform area,PrCnF,255,178,254,82610,616.0,CnF,,6,42.0,1889537.0,4338.0,42.0,1889537.0,4338.0,44988.97619047619,103.28571428571429
214,Red nucleus,R,255,134,249,82700,323.0,MBmot,,5,,0.0,0.0,52.0,2792646.0,6087.0,53704.730769230766,117.0576923076923
2137,"Red nucleus, parvicellular part",RPC,255,134,249,82710,214.0,R,,6,39.0,1847510.0,4518.0,39.0,1847510.0,4518.0,47372.05128205128,115.84615384615384
2139,"Red nucleus, magnocellular part",RMC,255,134,249,82720,214.0,R,,6,10.0,709042.0,1187.0,10.0,709042.0,1187.0,70904.2,118.7
2136,Medial accessory oculomotor nucleus,MA3,255,168,255,82730,323.0,MBmot,,5,45.0,2444055.0,4909.0,45.0,2444055.0,4909.0,54312.333333333336,109.08888888888889
35,Oculomotor nerve,3N,255,168,255,82800,323.0,MBmot,,5,,0.0,0.0,53.0,2601671.0,5480.0,49088.1320754717,103.39622641509433
2157,"Oculomotor nucleus, parvicellular part",3PC,255,168,255,82810,35.0,3N,,6,12.0,633009.0,1519.0,12.0,633009.0,1519.0,52750.75,126.58333333333333
975,Edinger-Westphal nucleus,EW,255,178,253,82900,323.0,MBmot,,5,,0.0,0.0,89.0,4169210.0,8363.0,46845.05617977528,93.96629213483146
2130,Pre-Edinger-Westphal nucleus,PrEW,255,178,253,82910,975.0,EW,,6,44.0,1977013.0,4240.0,44.0,1977013.0,4240.0,44932.11363636364,96.36363636363636
115,Trochlear nucleus,4N,255,178,255,83000,323.0,MBmot,,5,,0.0,0.0,40.0,1869541.0,4137.0,46738.525,103.425
2180,Trochlear nucleus shell region,4Sh,255,178,255,83010,115.0,4N,,6,17.0,805311.0,1759.0,17.0,805311.0,1759.0,47371.23529411765,103.47058823529412
2179,Paratrochlear nucleus,Pa4,255,178,255,83020,115.0,4N,,6,19.0,806933.0,1939.0,19.0,806933.0,1939.0,42470.15789473684,102.05263157894737
757,Ventral tegmental nucleus,VTg,255,177,250,83100,323.0,MBmot,,5,5.0,289418.0,637.0,5.0,289418.0,637.0,57883.6,127.4
231,Anterior tegmental nucleus,ATg,255,177,252,83200,323.0,MBmot,,5,13.0,445537.0,1018.0,13.0,445537.0,1018.0,34272.07692307692,78.3076923076923
2168,Rhabdoid nucleus,Rbd,255,177,252,83210,323.0,MBmot,,5,,0.0,0.0,0.0,0.0,0.0,,
66,Lateral terminal nucleus of the accessory optic tract,LT,255,177,253,83300,323.0,MBmot,,5,2.0,64406.0,179.0,2.0,64406.0,179.0,32203.0,89.5
75,Dorsal terminal nucleus,DT,255,177,253,83400,323.0,MBmot,,5,20.0,958208.0,2027.0,20.0,958208.0,2027.0,47910.4,101.35
58,Medial terminal nucleus,MT,255,177,253,83500,323.0,MBmot,,5,13.0,450323.0,1164.0,13.0,450323.0,1164.0,34640.230769230766,89.53846153846153
615,"Substantia nigra, lateral part",SNL,255,178,247,83600,323.0,MBmot,,5,28.0,1690346.0,3577.0,28.0,1690346.0,3577.0,60369.5,127.75
348,"Midbrain, behavioral state related",MBsta,255,176,253,83700,313.0,MB,,4,,0.0,0.0,1164.0,57775846.0,122483.0,49635.606529209625,105.22594501718213
374,"Substantia nigra, compact part",SNC,255,158,248,83800,348.0,MBsta,,5,,0.0,0.0,112.0,5039851.0,11785.0,44998.669642857145,105.22321428571429
2134,"Substantia nigra, compact part, dorsal tier",SNCD,255,158,248,83810,374.0,SNC,,6,101.0,4545431.0,10598.0,101.0,4545431.0,10598.0,45004.267326732675,104.93069306930693
2135,"Substantia nigra, compact part, medial tier",SNCM,255,158,248,83820,374.0,SNC,,6,10.0,460398.0,1115.0,10.0,460398.0,1115.0,46039.8,111.5
1052,Pedunculotegmental nucleus,PTg,255,158,255,83900,348.0,MBsta,,5,,0.0,0.0,86.0,3800274.0,8572.0,44189.232558139534,99.67441860465117
2183,Subpeduncular tegmental nucleus,SPTg,255,158,255,83910,1052.0,PTg,,6,22.0,1336259.0,2617.0,22.0,1336259.0,2617.0,60739.045454545456,118.95454545454545
165,Midbrain raphÈ nuclei,RAmb,255,158,254,84000,348.0,MBsta,,5,,0.0,0.0,966.0,48935721.0,102126.0,50658.09627329193,105.72049689440993
12,Interfascicular nucleus,IF,255,158,251,84100,165.0,RAmb,,6,199.0,10455325.0,21449.0,199.0,10455325.0,21449.0,52539.3216080402,107.78391959798995
100,Interpeduncular nucleus,IP,255,158,247,84200,165.0,RAmb,,6,,0.0,0.0,355.0,16568057.0,37846.0,46670.58309859155,106.60845070422535
2140,"Interpeduncular nucleus, rostral subnucleus",IPR,255,158,247,84210,100.0,IP,,7,118.0,5961742.0,13119.0,118.0,5961742.0,13119.0,50523.23728813559,111.17796610169492
2145,"Interpeduncular nucleus, lateral subnucleus",IPL,255,158,247,84220,100.0,IP,,7,106.0,4507929.0,10349.0,106.0,4507929.0,10349.0,42527.6320754717,97.63207547169812
2146,"Interpeduncular nucleus, caudal subnucleus",IPC,255,158,247,84230,100.0,IP,,7,75.0,3786043.0,8909.0,75.0,3786043.0,8909.0,50480.573333333334,118.78666666666666
2149,"Interpeduncular nucleus, dorsomedial subnucleus",IPDM,255,158,247,84240,100.0,IP,,7,9.0,370395.0,898.0,9.0,370395.0,898.0,41155.0,99.77777777777777
2151,"Interpeduncular nucleus, dorsolateral subnucleus",IPDL,255,158,247,84250,100.0,IP,,7,2.0,198292.0,354.0,2.0,198292.0,354.0,99146.0,177.0
2150,"Interpeduncular nucleus, intermediate subnucleus",IPI,255,158,247,84260,100.0,IP,,7,45.0,1743656.0,4217.0,45.0,1743656.0,4217.0,38747.91111111111,93.71111111111111
2160,"Interpeduncular nucleus, apical subnucleus",IPA,255,158,247,84270,100.0,IP,,7,,0.0,0.0,0.0,0.0,0.0,,
197,Rostral linear nucleus (midbrain),RLi ,255,158,249,84300,165.0,RAmb,,6,94.0,4129184.0,9190.0,94.0,4129184.0,9190.0,43927.48936170213,97.76595744680851
591,Caudal linear nucleus of the raphÈ,CLi,255,158,253,84400,165.0,RAmb,,6,92.0,4800498.0,9449.0,92.0,4800498.0,9449.0,52179.32608695652,102.70652173913044
872,Dorsal raphÈ nucleus,DR,255,158,252,84500,165.0,RAmb,,6,,0.0,0.0,226.0,12982657.0,24192.0,57445.38495575221,107.04424778761062
2173,"Dorsal raphÈ nucleus, caudal part",DRC,255,158,252,84510,872.0,DR,,7,11.0,644480.0,1158.0,11.0,644480.0,1158.0,58589.09090909091,105.27272727272727
2174,"Dorsal raphÈ nucleus, dorsal part",DRD,255,158,252,84520,872.0,DR,,7,22.0,1864951.0,3121.0,22.0,1864951.0,3121.0,84770.5,141.86363636363637
2175,Dorsal raphÈ interfascicular part,DRI,255,158,252,84530,872.0,DR,,7,8.0,748690.0,967.0,8.0,748690.0,967.0,93586.25,120.875
2176,"Dorsal raphÈ nucleus, lateral part",DRL,255,158,252,84540,872.0,DR,,7,45.0,1990302.0,4497.0,45.0,1990302.0,4497.0,44228.933333333334,99.93333333333334
2177,"Dorsal raphÈ nucleus, ventral part",DRV,255,158,252,84550,872.0,DR,,7,40.0,3023534.0,4227.0,40.0,3023534.0,4227.0,75588.35,105.675
2178,Posterodorsal raphÈ nucleus,PDR,255,158,252,84560,872.0,DR,,7,65.0,2775387.0,6585.0,65.0,2775387.0,6585.0,42698.26153846154,101.3076923076923
1065,Hindbrain,HB,255,155,168,84600,343.0,BS,,3,,0.0,0.0,15342.0,737530822.0,1553687.0,48072.66471125016,101.27017338026333
771,Pons,P,255,155,136,84700,1065.0,HB,,4,,0.0,0.0,4483.0,212814782.0,459540.0,47471.51059558331,102.5072496096364
1132,"Pons, sensory related",P-sen,255,170,98,84800,771.0,P,,5,,0.0,0.0,1148.0,60907605.0,121330.0,53055.40505226481,105.68815331010452
612,Paralemniscal nucleus,PL,255,170,97,84900,1132.0,P-sen,,6,,0.0,0.0,281.0,15227989.0,32038.0,54192.13167259786,114.01423487544484
82,Dorsal nucleus of the lateral lemniscus,DLL,255,170,97,85000,612.0,PL,,7,1.0,13647.0,54.0,1.0,13647.0,54.0,13647.0,54.0
99,Ventral nucleus of the lateral lemniscus,VLL,255,170,97,85200,612.0,PL,,7,82.0,4676093.0,9652.0,82.0,4676093.0,9652.0,57025.5243902439,117.70731707317073
2172,Intermediate nucleus of the lateral lemniscus,ILL,255,170,97,85210,612.0,PL,,7,26.0,1446718.0,3048.0,26.0,1446718.0,3048.0,55643.0,117.23076923076923
2184,"Triangular nucleus, lateral lemniscus",TrLL,255,170,97,85220,612.0,PL,,7,,0.0,0.0,0.0,0.0,0.0,,
7,Principal sensory trigeminal nucleus,Pr5,255,170,95,85300,1132.0,P-sen,,6,,0.0,0.0,43.0,1984042.0,4388.0,46140.51162790698,102.04651162790698
2203,"Principal sensory trigeminal nucleus, dorsomedial part",Pr5DM,255,170,95,85310,7.0,Pr5,,7,1.0,55170.0,109.0,1.0,55170.0,109.0,55170.0,109.0
2202,"Principal sensory trigeminal nucleus, ventrolateral part",Pr5VL,255,170,95,85320,7.0,Pr5,,7,16.0,481248.0,1226.0,16.0,481248.0,1226.0,30078.0,76.625
867,Parabrachial nucleus,PB,255,170,96,85400,1132.0,P-sen,,6,,0.0,0.0,370.0,17896234.0,37927.0,48368.2,102.50540540540541
123,Kolliker-Fuse nucleus,KF,255,165,96,85500,867.0,PB,,7,10.0,632921.0,1250.0,10.0,632921.0,1250.0,63292.1,125.0
881,Lateral parabrachial nucleus,LPB,255,169,96,85600,867.0,PB,,7,,0.0,0.0,276.0,13853830.0,28832.0,50195.036231884056,104.46376811594203
860,"Lateral parabrachial nucleus, central part",LPBC,255,169,96,85700,881.0,LPB,,8,27.0,1033710.0,2285.0,27.0,1033710.0,2285.0,38285.555555555555,84.62962962962963
2458,"Lateral parabrachial nucleus, crescent part",LPBCr,255,169,96,85710,881.0,LPB,,8,43.0,2101867.0,4728.0,43.0,2101867.0,4728.0,48880.62790697674,109.95348837209302
868,"Lateral parabrachial nucleus, dorsal part",LPBD,255,169,96,85800,881.0,LPB,,8,23.0,1140979.0,2648.0,23.0,1140979.0,2648.0,49607.782608695656,115.1304347826087
875,"Lateral parabrachial nucleus, external part",LPBE,255,169,96,85900,881.0,LPB,,8,139.0,6667976.0,14505.0,139.0,6667976.0,14505.0,47971.05035971223,104.35251798561151
883,"Lateral parabrachial nucleus, superior part",LPBS,255,169,96,86000,881.0,LPB,,8,,0.0,0.0,0.0,0.0,0.0,,
891,"Lateral parabrachial nucleus, ventral part",LPBV,255,169,96,86100,881.0,LPB,,8,9.0,435543.0,1111.0,9.0,435543.0,1111.0,48393.666666666664,123.44444444444444
2213,"Lateral parabrachial nucleus, internal part",LPBI,255,169,96,86110,881.0,LPB,,8,15.0,1599207.0,1651.0,15.0,1599207.0,1651.0,106613.8,110.06666666666666
890,Medial parabrachial nucleus,MPB,255,168,96,86200,867.0,PB,,7,,0.0,0.0,81.0,3314502.0,7574.0,40919.77777777778,93.50617283950618
899,"Medial parabrachial nucleus, external part",MPBE,255,168,96,86300,890.0,MPB,,8,7.0,306213.0,630.0,7.0,306213.0,630.0,43744.71428571428,90.0
398,Superior olivary complex,SOC,255,170,94,86600,1132.0,P-sen,,6,,0.0,0.0,454.0,25799340.0,46977.0,56826.740088105726,103.47356828193833
122,"Superior olivary complex, periolivary nucleus",POR,255,170,94,86700,398.0,SOC,,7,,0.0,0.0,97.0,4924254.0,9652.0,50765.50515463918,99.50515463917526
2207,Lateroventral periolivary nucleus,LVPO,255,170,94,86710,122.0,POR,,8,35.0,2672226.0,3888.0,35.0,2672226.0,3888.0,76349.31428571428,111.08571428571429
2208,Medioventral periolivary nucleus,MVPO,255,170,94,86720,122.0,POR,,8,61.0,2206035.0,5695.0,61.0,2206035.0,5695.0,36164.50819672131,93.36065573770492
2209,Dorsal periolivary region,DPO,255,170,94,86730,122.0,POR,,8,1.0,45993.0,69.0,1.0,45993.0,69.0,45993.0,69.0
2227,Caudal periolivary nucleus,CPO,255,170,94,86740,122.0,POR,,8,,0.0,0.0,0.0,0.0,0.0,,
2456,Superior paraolivary nucleus,SPO,255,170,94,86750,398.0,SOC,,7,108.0,5208674.0,10864.0,108.0,5208674.0,10864.0,48228.46296296296,100.5925925925926
105,Medial superior olive,MSO,255,170,94,86800,398.0,SOC,,7,10.0,361367.0,828.0,10.0,361367.0,828.0,36136.7,82.8
114,Lateral superior olive,LSO,255,170,94,86900,398.0,SOC,,7,239.0,15305045.0,25633.0,239.0,15305045.0,25633.0,64037.84518828452,107.2510460251046
2187,Nucleus of the central acoustic tract,CAT,255,170,94,86910,398.0,SOC,,7,,0.0,0.0,0.0,0.0,0.0,,
987,"Pons, motor related",P-mot,255,174,92,87000,771.0,P,,5,,0.0,0.0,2312.0,107038076.0,236880.0,46296.74567474049,102.4567474048443
2191,A7 noradrenaline cells,A7,255,79,87,78320,987.0,P-mot,,6,,0.0,0.0,0.0,0.0,0.0,,
280,Barrington's nucleus,Bar,255,174,80,87100,987.0,P-mot,,6,,0.0,0.0,82.0,3582724.0,8016.0,43691.756097560974,97.7560975609756
2459,"Barrington's nucleus, dorsal part",Bard,255,174,80,87110,280.0,Bar,,7,47.0,1867631.0,4234.0,47.0,1867631.0,4234.0,39736.82978723404,90.08510638297872
2460,"Barrington's nucleus, ventral part",Barv,255,174,80,87120,280.0,Bar,,7,24.0,1241196.0,2621.0,24.0,1241196.0,2621.0,51716.5,109.20833333333333
880,Dorsal tegmental nucleus,DTg,255,174,87,87200,987.0,P-mot,,6,,0.0,0.0,112.0,5084025.0,11306.0,45393.080357142855,100.94642857142857
2210,"Dorsal tegmental nucleus, central part",DTgC,255,174,87,87210,880.0,DTg,,7,1.0,65811.0,86.0,1.0,65811.0,86.0,65811.0,86.0
2201,"Dorsal tegmental nucleus, pericentral part",DTgP,255,174,87,87220,880.0,DTg,,7,4.0,101330.0,249.0,4.0,101330.0,249.0,25332.5,62.25
2230,Posterodorsal tegmental nucleus,PDTg,255,174,87,87230,880.0,DTg,,7,107.0,4916884.0,10971.0,107.0,4916884.0,10971.0,45952.18691588785,102.53271028037383
898,Central gray,CG,255,174,120,87400,987.0,P-mot,,6,,0.0,0.0,170.0,8381128.0,17249.0,49300.75294117647,101.46470588235294
2215,"Central gray, alpha part",CGA,255,174,120,87410,898.0,CG,,7,27.0,1326325.0,2634.0,27.0,1326325.0,2634.0,49123.148148148146,97.55555555555556
2216,"Central gray, beta part",CGB,255,174,120,87420,898.0,CG,,7,7.0,240554.0,677.0,7.0,240554.0,677.0,34364.857142857145,96.71428571428571
2231,"Central gray, gamma part",CGG,255,174,120,87430,898.0,CG,,7,1.0,19223.0,61.0,1.0,19223.0,61.0,19223.0,61.0
2221,"Central gray, nucleus O",CGO,255,174,120,87440,898.0,CG,,7,1.0,21473.0,70.0,1.0,21473.0,70.0,21473.0,70.0
931,Pontine nuclei,Pn,255,174,92,87500,987.0,P-mot,,6,1606.0,75364706.0,166021.0,1606.0,75364706.0,166021.0,46926.96513075965,103.37546699875467
2206,"Pontine reticular nucleus, caudal part",PnC,255,174,85,87600,987.0,P-mot,,6,91.0,4007159.0,9243.0,91.0,4007159.0,9243.0,44034.71428571428,101.57142857142857
2197,Dorsomedial tegmental area,DMTg,255,174,85,87610,1117.0,P-sat,,6,93.0,3606118.0,8834.0,93.0,3606118.0,8834.0,38775.4623655914,94.98924731182795
2220,Sphenoid nucleus,Sph,255,174,92,87710,987.0,P-mot,,6,,0.0,0.0,0.0,0.0,0.0,,
318,Supragenual nucleus,SGe,255,174,84,87800,987.0,P-mot,,6,2.0,202107.0,435.0,2.0,202107.0,435.0,101053.5,217.5
462,Superior salivatory nucleus,SuS,255,174,83,87900,987.0,P-mot,,6,,0.0,0.0,0.0,0.0,0.0,,
534,Supratrigeminal nucleus,Su5,255,174,82,88000,987.0,P-mot,,6,70.0,3233551.0,7029.0,70.0,3233551.0,7029.0,46193.58571428571,100.41428571428571
574,Reticulotegmental nucleus of the pons,RtTg,255,174,81,88100,987.0,P-mot,,6,,0.0,0.0,158.0,6252072.0,15474.0,39570.07594936709,97.9367088607595
2165,"Reticulotegmental nucleus of the pons, pericentral part",RtTgP,255,174,81,88110,574.0,RtTg,,7,51.0,1793998.0,4515.0,51.0,1793998.0,4515.0,35176.43137254902,88.52941176470588
2166,B9 serotonin cells,B9,255,174,81,88120,771.0,P,,5,21.0,1179086.0,2554.0,21.0,1179086.0,2554.0,56146.95238095238,121.61904761904762
621,Motor trigeminal nucleus,5N,255,174,104,88200,987.0,P-mot,,6,,0.0,0.0,9.0,451256.0,946.0,50139.555555555555,105.11111111111111
2204,"Motor trigeminal nucleus, anterior digastric part",5ADi,255,174,104,88210,621.0,5N,,7,2.0,84319.0,183.0,2.0,84319.0,183.0,42159.5,91.5
2453,"Motor trigeminal nucleus, temporalis part",5Te,255,174,104,88210,621.0,5N,,7,4.0,152178.0,355.0,4.0,152178.0,355.0,38044.5,88.75
2194,Interfascicular trigeminar nucleus,IF5/5TT,255,174,104,88220,621.0,5N,,7,1.0,93198.0,200.0,1.0,93198.0,200.0,93198.0,200.0
2454,"Motor trigeminal nucleus, masseter part",5Ma,255,174,104,88220,621.0,5N,,7,,0.0,0.0,0.0,0.0,0.0,,
2455,"Motor trigeminal nucleus, medial pterygoid part",5MPt,255,174,104,88230,621.0,5N,,7,,0.0,0.0,0.0,0.0,0.0,,
2193,Peritrigeminal zone,P5,255,174,104,88230,987.0,P-mot,,6,12.0,479348.0,1161.0,12.0,479348.0,1161.0,39945.666666666664,96.75
1117,"Pons, behavioral state related",P-sat,255,172,120,88300,771.0,P,,5,,0.0,0.0,887.0,38476384.0,87696.0,43378.110484780154,98.86809470124014
679,Nucleus raphÈ,NR,255,172,119,88400,1117.0,P-sat,,6,,0.0,0.0,231.0,10350553.0,24456.0,44807.58874458874,105.87012987012987
137,Paramedian raphÈ nucleus,PMnR,255,172,119,88500,679.0,NR,,7,157.0,6559778.0,16052.0,157.0,6559778.0,16052.0,41782.02547770701,102.24203821656052
130,Median raphÈ nucleus,MnR,255,172,119,88600,679.0,NR,,7,74.0,3790775.0,8404.0,74.0,3790775.0,8404.0,51226.68918918919,113.56756756756756
147,Locus coeruleus,LC,255,172,118,88700,1117.0,P-sat,,6,80.0,3696554.0,7584.0,80.0,3696554.0,7584.0,46206.925,94.8
2284,Laterodorsal tegmental nucleus,LDT,255,172,117,88800,1117.0,P-sat,,6,,0.0,0.0,120.0,5936797.0,12708.0,49473.308333333334,105.9
162,"Laterodorsal tegmental nucleus, dorsal part",LDTg,255,172,117,88810,2284.0,LDT,,7,,0.0,0.0,102.0,5081127.0,10750.0,49814.970588235294,105.3921568627451
2366,"Laterodorsal tegmental nucleus, dorsal part, lateral division",LDTdl,255,172,117,88820,162.0,LDTg,,8,26.0,1304778.0,2913.0,26.0,1304778.0,2913.0,50183.769230769234,112.03846153846153
2367,"Laterodorsal tegmental nucleus, dorsal part, medial division",LDTdm,255,172,117,88830,162.0,LDTg,,8,48.0,2542996.0,4767.0,48.0,2542996.0,4767.0,52979.083333333336,99.3125
2195,"Laterodorsal tegmental nucleus, ventral part",LDTgV,255,172,117,88840,2284.0,LDT,,7,18.0,855670.0,1958.0,18.0,855670.0,1958.0,47537.22222222222,108.77777777777777
146,Pontine reticular nucleus,PRNr,255,172,120,89000,1117.0,P-sat,,6,,0.0,0.0,343.0,13989816.0,32102.0,40786.63556851312,93.59183673469387
2205,"Pontine reticular nucleus, oral part",PnO,255,172,120,89010,146.0,PRNr,,7,335.0,13538022.0,31086.0,335.0,13538022.0,31086.0,40412.00597014926,92.79402985074627
2217,"Pontine reticular nucleus, ventral part",PnV,255,172,120,89020,146.0,PRNr,,7,8.0,451794.0,1016.0,8.0,451794.0,1016.0,56474.25,127.0
2182,Epirubrospinal nucleus,ERS,255,172,120,89030,146.0,PRNr,,7,,0.0,0.0,0.0,0.0,0.0,,
2185,Medial paralemniscial nucleus,MPL,255,172,120,89040,1117.0,P-sat,,6,7.0,281659.0,731.0,7.0,281659.0,731.0,40237.0,104.42857142857143
2186,"Perilemniscal nucleus, ventral part",PLV,255,172,120,89050,1117.0,P-sat,,6,2.0,80289.0,159.0,2.0,80289.0,159.0,40144.5,79.5
238,Pontine raphÈ nucleus,PnR,255,172,115,89100,1117.0,P-sat,,6,11.0,534598.0,1122.0,11.0,534598.0,1122.0,48599.818181818184,102.0
354,Medulla,MY,255,160,176,89400,1065.0,HB,,4,,0.0,0.0,10859.0,524716040.0,1094147.0,48320.8435399208,100.75946219725573
2246,A5 noradrenaline cells,A5,255,79,87,78330,354.0,MY,,5,,0.0,0.0,0.0,0.0,0.0,,
386,"Medulla, sensory related",MY-sen,255,176,176,89500,354.0,MY,,5,,0.0,0.0,3425.0,154581915.0,346227.0,45133.40583941606,101.08817518248175
207,Area postrema,AP,255,176,178,89600,386.0,MY-sen,,6,69.0,3001416.0,6515.0,69.0,3001416.0,6515.0,43498.782608695656,94.42028985507247
2274,Area subpostrema,SubP,255,176,178,89610,386.0,MY-sen,,6,10.0,555936.0,1175.0,10.0,555936.0,1175.0,55593.6,117.5
607,Cochlear nuclei,CN,255,176,177,89700,386.0,MY-sen,,6,,0.0,0.0,555.0,26639152.0,59596.0,47998.47207207207,107.38018018018018
112,Granule cell layer of the cochlear nuclei,GrC (VCCap in 81),255,176,177,89800,607.0,CN,,7,66.0,3315774.0,7113.0,66.0,3315774.0,7113.0,50239.0,107.77272727272727
560,"Ventral cochlear nucleus, granule cell layer",VCAGr,255,176,177,89900,607.0,CN,,7,,0.0,0.0,0.0,0.0,0.0,,
96,Dorsal cochlear nucleus,DC,255,155,205,90000,607.0,CN,,7,,0.0,0.0,88.0,4332572.0,9568.0,49233.77272727273,108.72727272727273
2234,"Dorsal cochlear nucleus, molecular layer",DCMo,255,155,205,90010,96.0,DC,,8,34.0,1632809.0,3659.0,34.0,1632809.0,3659.0,48023.794117647056,107.61764705882354
2235,"Dorsal cochlear nucleus, fusiform layer",DCFu,255,155,205,90020,96.0,DC,,8,3.0,188500.0,324.0,3.0,188500.0,324.0,62833.333333333336,108.0
2236,"Dorsal cochlear nucleus, deep layer",DCDp,255,155,205,90030,96.0,DC,,8,12.0,710985.0,1462.0,12.0,710985.0,1462.0,59248.75,121.83333333333333
101,Ventral cochlear nucleus,VC,255,155,205,90100,607.0,CN,,7,,0.0,0.0,401.0,18990806.0,42915.0,47358.61845386534,107.01995012468828
2238,"Ventral cochlear nucleus, anterior part",VCA,255,155,205,90110,101.0,VC,,8,253.0,12055669.0,27262.0,253.0,12055669.0,27262.0,47650.865612648224,107.75494071146245
2237,"Ventral cochlear nucleus, posterior part",VCP,255,155,205,90120,101.0,VC,,8,80.0,3765993.0,8593.0,80.0,3765993.0,8593.0,47074.9125,107.4125
2243,"Ventral cochlear nucleus, posterior part, octopus cell area",VCPO,255,155,205,90130,101.0,VC,,8,68.0,3169144.0,7060.0,68.0,3169144.0,7060.0,46605.05882352941,103.82352941176471
720,Dorsal column nuclei,DCN,255,177,176,90200,386.0,MY-sen,,6,,0.0,0.0,239.0,8752148.0,21676.0,36619.86610878661,90.69456066945607
711,Cuneate nucleus,Cu,255,177,177,90300,720.0,DCN,,7,,0.0,0.0,235.0,8527104.0,21116.0,36285.54893617021,89.85531914893618
2285,"Cuneate nucleus, dorsal part",CuD,255,177,177,90310,711.0,Cu,,8,20.0,999501.0,2203.0,20.0,999501.0,2203.0,49975.05,110.15
2278,"Cuneate nucleus, rotundus part",CuR,255,177,177,90320,711.0,Cu,,8,38.0,1456538.0,3573.0,38.0,1456538.0,3573.0,38329.94736842105,94.02631578947368
1039,Gracile nucleus,Gr,255,177,178,90400,720.0,DCN,,7,4.0,225044.0,560.0,4.0,225044.0,560.0,56261.0,140.0
903,External cuneate nucleus,ECu,255,176,179,90500,386.0,MY-sen,,6,247.0,9662420.0,22850.0,247.0,9662420.0,22850.0,39119.10931174089,92.51012145748987
642,Nucleus of the trapezoid body,Tz,255,176,181,90600,386.0,MY-sen,,6,29.0,1213635.0,2938.0,29.0,1213635.0,2938.0,41849.48275862069,101.3103448275862
2249,Trigeminal-solitary transition zone,5Sol,255,176,181,90610,386.0,MY-sen,,6,2.0,281651.0,367.0,2.0,281651.0,367.0,140825.5,183.5
651,Solitary nucleus,Sol,255,178,176,90700,386.0,MY-sen,,6,,0.0,0.0,672.0,25015798.0,59324.0,37225.88988095238,88.2797619047619
659,"Solitary nucleus, central part",SolCe,255,178,177,90800,651.0,Sol,,7,26.0,937757.0,2110.0,26.0,937757.0,2110.0,36067.57692307692,81.15384615384616
666,"Solitary nucleus, commissural part",SolC,255,178,178,90900,651.0,Sol,,7,40.0,1625675.0,3561.0,40.0,1625675.0,3561.0,40641.875,89.025
674,"Solitary nucleus, gelatinous part",SolG,255,178,179,91000,651.0,Sol,,7,32.0,1249722.0,3413.0,32.0,1249722.0,3413.0,39053.8125,106.65625
2250,"Solitary nucleus, intermediate part",SolIM,255,178,179,91010,651.0,Sol,,7,29.0,1365760.0,2779.0,29.0,1365760.0,2779.0,47095.1724137931,95.82758620689656
682,"Solitary nucleus, lateral part",SolL,255,178,180,91100,651.0,Sol,,7,54.0,2124665.0,4743.0,54.0,2124665.0,4743.0,39345.648148148146,87.83333333333333
691,"Solitary nucleus, medial part",SolM,255,178,181,91200,651.0,Sol,,7,264.0,9965320.0,23446.0,264.0,9965320.0,23446.0,37747.42424242424,88.81060606060606
2263,"Solitary nucleus, ventral part",SolV,255,178,181,91210,651.0,Sol,,7,88.0,3078578.0,7776.0,88.0,3078578.0,7776.0,34983.84090909091,88.36363636363636
2273,"Solitary nucleus, ventrolateral part",SolVL,255,178,181,91220,651.0,Sol,,7,34.0,1289206.0,2943.0,34.0,1289206.0,2943.0,37917.82352941176,86.55882352941177
2271,"Solitary nucleus, dorsolateral part",SolDL,255,178,181,91230,651.0,Sol,,7,34.0,1062366.0,2636.0,34.0,1062366.0,2636.0,31246.058823529413,77.52941176470588
2264,"Solitary nucleus, dorsomedial part",SolDM,255,178,181,91240,651.0,Sol,,7,28.0,898403.0,2284.0,28.0,898403.0,2284.0,32085.821428571428,81.57142857142857
2265,"Solitary nucleus, interstitial part",SolI,255,178,181,91250,651.0,Sol,,7,2.0,48346.0,146.0,2.0,48346.0,146.0,24173.0,73.0
2470,"Soltary nucleus, rostrolateral part",SolRL,255,178,181,91260,651.0,Sol,,7,,0.0,0.0,0.0,0.0,0.0,,
429,"Spinal trigeminal nucleus, caudal part",Sp5C,255,176,183,91300,386.0,MY-sen,,6,878.0,44411567.0,94743.0,878.0,44411567.0,94743.0,50582.65034168565,107.90774487471526
437,"Spinal trigeminal nucleus, interpolar part",Sp5I,255,176,184,91400,386.0,MY-sen,,6,692.0,33781595.0,74000.0,692.0,33781595.0,74000.0,48817.3338150289,106.9364161849711
445,"Spinal trigeminal nucleus, oral part",Sp5O,255,176,182,91500,386.0,MY-sen,,6,,0.0,0.0,32.0,1266597.0,3043.0,39581.15625,95.09375
45,Dorsomedial spinal trigeminal nucleus,DMSp5,255,176,182,91900,445.0,Sp5O,,7,6.0,225312.0,485.0,6.0,225312.0,485.0,37552.0,80.83333333333333
2270,Paratrigeminal nucleus,Pa5,255,176,182,92010,386.0,MY-sen,,6,,0.0,0.0,0.0,0.0,0.0,,
370,"Medulla, motor related",MY-mot,255,212,219,92200,354.0,MY,,5,,0.0,0.0,6186.0,310113116.0,622954.0,50131.44455221468,100.70384739734885
2477,Ad1 adrenaline cells,Ad1,255,79,87,78340,370.0,MY-mot,,6,,0.0,0.0,0.0,0.0,0.0,,
2478,Ad2 adrenaline cells,Ad2,255,79,87,78350,370.0,MY-mot,,6,,0.0,0.0,0.0,0.0,0.0,,
2266,Ad3 adrenaline cells,Ad3,255,79,87,78360,370.0,MY-mot,,6,,0.0,0.0,0.0,0.0,0.0,,
2198,"Subcoeruleus nucleus, alpha part",SubCA,255,212,219,92210,370.0,MY-mot,,6,11.0,456495.0,1007.0,11.0,456495.0,1007.0,41499.545454545456,91.54545454545455
2199,"Subcoeruleus nucleus, dorsal part",SubCD,255,212,219,92220,370.0,MY-mot,,6,41.0,1904230.0,4398.0,41.0,1904230.0,4398.0,46444.634146341465,107.26829268292683
2200,"Subcoeruleus nucleus, ventral part",SubCV,255,212,219,92230,370.0,MY-mot,,6,62.0,2552967.0,5945.0,62.0,2552967.0,5945.0,41176.8870967742,95.88709677419355
653,Abducens nucleus,6N,255,212,225,92300,370.0,MY-mot,,6,,0.0,0.0,0.0,0.0,0.0,,
2229,Paraabducens nucleus,Pa6,255,212,225,92310,653.0,6N,,7,,0.0,0.0,0.0,0.0,0.0,,
2228,"Abducens nucleus, retractor bulbi part",6RB,255,212,226,92400,370.0,MY-mot,,6,,0.0,0.0,0.0,0.0,0.0,,
661,Facial nucleus,7N,255,212,234,92500,370.0,MY-mot,,6,,0.0,0.0,554.0,39991447.0,58144.0,72186.7274368231,104.95306859205776
2226,Perifacial zone,P7,255,212,234,92510,661.0,7N,,7,59.0,2593246.0,5111.0,59.0,2593246.0,5111.0,43953.32203389831,86.62711864406779
2462,"Facial nucleus, lateral subnucleus",7L,255,212,234,92520,661.0,7N,,7,261.0,20446555.0,27968.0,261.0,20446555.0,27968.0,78339.29118773947,107.15708812260536
2463,"Facial nucleus, dorsolateral subnucleus",7DL,255,212,234,92530,661.0,7N,,7,6.0,920316.0,882.0,6.0,920316.0,882.0,153386.0,147.0
2464,"Facial nucleus, ventral intermediate subnucleus",7VI,255,212,234,92540,661.0,7N,,7,105.0,8227573.0,11098.0,105.0,8227573.0,11098.0,78357.8380952381,105.6952380952381
2465,"Facial nucleus, dorsal intermediate subnucleus",7DI,255,212,234,92550,661.0,7N,,7,2.0,87069.0,187.0,2.0,87069.0,187.0,43534.5,93.5
2466,"Facial nucleus, dorsomedial subnucleus",7DM,255,212,234,92560,661.0,7N,,7,11.0,558824.0,1215.0,11.0,558824.0,1215.0,50802.181818181816,110.45454545454545
2467,"Facial nucleus, ventromedial subnucleus",7VM ,255,212,234,92570,661.0,7N,,7,8.0,311803.0,829.0,8.0,311803.0,829.0,38975.375,103.625
576,"Facial motor nucleus, stylohyoid part",7SH,255,212,235,92600,370.0,MY-mot,,6,1.0,82287.0,169.0,1.0,82287.0,169.0,82287.0,169.0
640,Nucleus of the origin of efferents of the vestibular nerve,EVe,255,212,230,92700,370.0,MY-mot,,6,1.0,30042.0,59.0,1.0,30042.0,59.0,30042.0,59.0
2472,Ambiguus nucleus,Amb,255,212,216,92800,370.0,MY-mot,,6,,0.0,0.0,43.0,1753425.0,3641.0,40777.32558139535,84.67441860465117
135,"Ambiguus nucleus, compact part",AmbC,255,212,216,92810,2472.0,Amb,,7,36.0,1461090.0,2874.0,36.0,1461090.0,2874.0,40585.833333333336,79.83333333333333
2277,"Ambiguus nucleus, loose part",AmbL,255,212,216,92820,2472.0,Amb,,7,6.0,207960.0,536.0,6.0,207960.0,536.0,34660.0,89.33333333333333
2471,Retroambiguus nucleus,Rambn,255,212,216,92830,2472.0,Amb,,7,1.0,84375.0,231.0,1.0,84375.0,231.0,84375.0,231.0
839,Vagus nerve nucleus,10N,255,212,184,93100,370.0,MY-mot,,6,245.0,9299572.0,22999.0,245.0,9299572.0,22999.0,37957.436734693874,93.87346938775511
1048,Gigantocellular reticular nucleus,Gi,255,212,187,93300,370.0,MY-mot,,6,,0.0,0.0,142.0,5786985.0,14194.0,40753.41549295775,99.95774647887323
2223,"Gigantocellular reticular nucleus, alpha part",GiA,255,212,187,93310,1048.0,Gi,,7,14.0,458296.0,1215.0,14.0,458296.0,1215.0,32735.428571428572,86.78571428571429
2224,"Gigantocellular reticular nucleus, ventral part",GiV,255,212,187,93320,1048.0,Gi,,7,10.0,506232.0,1194.0,10.0,506232.0,1194.0,50623.2,119.4
83,Inferior olivary nucleus,IO,255,212,189,93500,370.0,MY-mot,,6,,0.0,0.0,228.0,9433993.0,21088.0,41377.162280701756,92.49122807017544
2253,"Inferior olive, subnucleus A of medial nucleus",IOA,255,212,189,93510,83.0,IO,,7,1.0,36629.0,88.0,1.0,36629.0,88.0,36629.0,88.0
2254,"Inferior olive, subnucleus B of medial nucleus",IOB,255,212,189,93520,83.0,IO,,7,14.0,912983.0,1496.0,14.0,912983.0,1496.0,65213.07142857143,106.85714285714286
2255,"Inferior olive, subnucleus C of medial nucleus",IOC,255,212,189,93530,83.0,IO,,7,2.0,71450.0,167.0,2.0,71450.0,167.0,35725.0,83.5
2256,"Inferior olive, dorsal nucleus",IOD,255,212,189,93540,83.0,IO,,7,66.0,2497108.0,5959.0,66.0,2497108.0,5959.0,37834.969696969696,90.28787878787878
2257,"Inferior olive, dorsomedial cell group",IODM,255,212,189,93550,83.0,IO,,7,3.0,94406.0,205.0,3.0,94406.0,205.0,31468.666666666668,68.33333333333333
2258,"Inferior olive, principal nucleus",IOPr,255,212,189,93560,83.0,IO,,7,35.0,1397630.0,3382.0,35.0,1397630.0,3382.0,39932.28571428572,96.62857142857143
2259,"Inferior olive, ventrolateral protrusion",IOVL,255,212,189,93570,83.0,IO,,7,,0.0,0.0,0.0,0.0,0.0,,
2260,"Inferior olive, cap of Kooy of the medial nucleus",IOK,255,212,189,93580,83.0,IO,,7,1.0,67009.0,137.0,1.0,67009.0,137.0,67009.0,137.0
2261,"Inferior olive, beta subnucleus of the medial nucleus",IOBe,255,212,189,93590,83.0,IO,,7,2.0,112496.0,202.0,2.0,112496.0,202.0,56248.0,101.0
2262,"Inferior olive, medial nucleus",IOM,255,212,189,93595,83.0,IO,,7,9.0,350921.0,846.0,9.0,350921.0,846.0,38991.22222222222,94.0
136,Intermediate reticular nucleus,IRt,255,212,187,93600,370.0,MY-mot,,6,,0.0,0.0,591.0,27825044.0,57019.0,47081.292724196275,96.47884940778341
2225,"Intermediate reticular nucleus, alpha part",IRtA,255,212,187,93610,136.0,IRt,,7,27.0,1419525.0,2531.0,27.0,1419525.0,2531.0,52575.0,93.74074074074075
106,Inferior salivatory nucleus,IS,255,212,190,93700,370.0,MY-mot,,6,2.0,60612.0,136.0,2.0,60612.0,136.0,30306.0,68.0
203,Linear nucleus of the hindbrain,Li,255,212,191,93800,370.0,MY-mot,,6,6.0,311316.0,618.0,6.0,311316.0,618.0,51886.0,103.0
235,Lateral reticular nucleus,LRt,255,212,193,93900,370.0,MY-mot,,6,,0.0,0.0,640.0,34893707.0,65162.0,54521.4171875,101.815625
963,"Lateral reticular nucleus, parvicellular part",LRtPC,255,212,193,94100,235.0,LRt,,7,13.0,1147958.0,1770.0,13.0,1147958.0,1770.0,88304.46153846153,136.15384615384616
395,Paramedian reticular nucleus,PMn,255,212,195,94300,370.0,MY-mot,,6,,0.0,0.0,1066.0,51645809.0,109138.0,48448.22607879925,102.38086303939963
1098,"Medullary reticular nucleus, dorsal part",MdD,255,212,195,94400,395.0,PMn,,7,690.0,34696674.0,72203.0,690.0,34696674.0,72203.0,50285.034782608695,104.64202898550725
1107,"Medullary reticular nucleus, ventral part",MdV,255,212,195,94500,395.0,PMn,,7,330.0,14950990.0,32799.0,330.0,14950990.0,32799.0,45306.030303030304,99.39090909090909
852,Parvicellular reticular nucleus,PCRt,255,212,196,94600,370.0,MY-mot,,6,,0.0,0.0,702.0,42074127.0,76379.0,59934.653846153844,108.8019943019943
2214,"Parvicellular reticular nucleus, alpha part",PCRtA,255,212,196,94610,852.0,PCRt,,7,253.0,14620556.0,27675.0,253.0,14620556.0,27675.0,57788.75889328063,109.38735177865613
2211,Trigeminal transition zone,5Tr,255,212,196,94620,370.0,MY-mot,,6,3.0,193137.0,417.0,3.0,193137.0,417.0,64379.0,139.0
859,Parasolitary nucleus,PSol,255,212,197,94700,370.0,MY-mot,,6,10.0,294000.0,839.0,10.0,294000.0,839.0,29400.0,83.9
938,Lateral paragigantocellular nucleus,LPGi,255,212,198,94800,370.0,MY-mot,,6,,0.0,0.0,146.0,6885481.0,14544.0,47160.82876712329,99.61643835616438
2248,"Lateral paragigantocellular nucleus, external part",LPGiE,255,212,198,94810,938.0,LPGi,,7,28.0,1188165.0,2744.0,28.0,1188165.0,2744.0,42434.46428571428,98.0
970,Dorsal paragigantocellular nucleus,DPGi,255,212,198,94900,938.0,LPGi,,7,16.0,1282464.0,2091.0,16.0,1282464.0,2091.0,80154.0,130.6875
978,"Paragigantocellular reticular nucleus, lateral part",PGRNl,255,212,198,95000,938.0,LPGi,,7,,0.0,0.0,0.0,0.0,0.0,,
2252,Caudoventrolateral reticular nucleus,CVL,255,212,198,95010,370.0,MY-mot,,6,129.0,6640870.0,13091.0,129.0,6640870.0,13091.0,51479.61240310078,101.48062015503876
2469,Rostroventrolateral reticular nucleus,RVL,255,212,198,95020,370.0,MY-mot,,6,7.0,366270.0,737.0,7.0,366270.0,737.0,52324.28571428572,105.28571428571429
2269,Rostral ventral respiratory group,RVRG,255,212,198,95030,370.0,MY-mot,,6,47.0,1839479.0,4026.0,47.0,1839479.0,4026.0,39137.85106382979,85.65957446808511
2468,Botzinger complex,Bo,255,212,198,95040,370.0,MY-mot,,6,,0.0,0.0,36.0,1459154.0,3309.0,40532.055555555555,91.91666666666667
2251,Pre-Botzinger complex,PrBo,255,212,198,95050,2468.0,Bo,,7,34.0,1295113.0,3019.0,34.0,1295113.0,3019.0,38091.55882352941,88.79411764705883
154,Perihypoglossal nuclei,PHY,255,212,219,95100,370.0,MY-mot,,6,,0.0,0.0,224.0,9915999.0,22640.0,44267.85267857143,101.07142857142857
161,Intercalated nucleus,In,255,212,219,95200,154.0,PHY,,7,,0.0,0.0,63.0,2554203.0,6041.0,40542.90476190476,95.88888888888889
2276,Intermedius nucleus of the medulla,InM,255,212,219,95210,161.0,In,,8,34.0,1201139.0,3111.0,34.0,1201139.0,3111.0,35327.617647058825,91.5
177,Nucleus of Roller,Ro,255,212,221,95300,154.0,PHY,,7,4.0,190546.0,404.0,4.0,190546.0,404.0,47636.5,101.0
169,Prepositus nucleus,Pr,255,212,219,95400,154.0,PHY,,7,157.0,7171250.0,16195.0,157.0,7171250.0,16195.0,45676.75159235669,103.15286624203821
1069,Parapyramidal nucleus,PPy,255,212,200,95600,370.0,MY-mot,,6,2.0,239461.0,293.0,2.0,239461.0,293.0,119730.5,146.5
701,Vestibulocerebellar nucleus,VeCb,255,212,201,95900,370.0,MY-mot,,6,,0.0,0.0,723.0,31433107.0,71820.0,43475.943291839554,99.33609958506224
217,Superior vestibular nucleus,SuVe,255,214,201,96000,701.0,VeCb,,7,12.0,536497.0,1332.0,12.0,536497.0,1332.0,44708.083333333336,111.0
209,Lateral vestibular nucleus,LVe,255,214,201,96050,701.0,VeCb,,7,2.0,38850.0,124.0,2.0,38850.0,124.0,19425.0,62.0
202,Medial vestibular nucleus,MVe,255,216,201,96100,701.0,VeCb,,7,,0.0,0.0,478.0,20869665.0,47564.0,43660.3870292887,99.50627615062761
2232,"Medial vestibular nucleus, magnocellular part",MVeMC,255,216,201,96110,202.0,MVe,,8,4.0,111346.0,283.0,4.0,111346.0,283.0,27836.5,70.75
2233,"Medial vestibular nucleus, parvicellular part",MVePC,255,216,201,96120,202.0,MVe,,8,,0.0,0.0,212.0,10073607.0,22396.0,47517.014150943396,105.64150943396227
2368,"Medial vestibular nucleus, parvicellular part, dorsal",MVePd,255,216,201,96130,2233.0,MVePC,,9,121.0,6468370.0,13478.0,121.0,6468370.0,13478.0,53457.603305785124,111.38842975206612
2369,"Medial vestibular nucleus, parvicellular part, ventral",MVePv,255,216,201,96140,2233.0,MVePC,,9,,0.0,0.0,0.0,0.0,0.0,,
225,Spinal vestibular nucleus,SpVe,255,212,201,96200,701.0,VeCb,,7,219.0,9340702.0,21489.0,219.0,9340702.0,21489.0,42651.60730593607,98.12328767123287
2268,F cell group of the vestibular complex,FVe,255,212,201,96310,701.0,VeCb,,7,2.0,78926.0,190.0,2.0,78926.0,190.0,39463.0,95.0
2218,Paracochlear glial substance,PCGS,255,212,201,96320,701.0,VeCb,,7,3.0,255241.0,379.0,3.0,255241.0,379.0,85080.33333333333,126.33333333333333
765,Nucleus X,X,255,212,202,96400,370.0,MY-mot,,6,29.0,1322482.0,2779.0,29.0,1322482.0,2779.0,45602.8275862069,95.82758620689656
2267,Matrix region of the medulla,Mx,255,212,202,96410,370.0,MY-mot,,6,116.0,5138403.0,11028.0,116.0,5138403.0,11028.0,44296.5775862069,95.06896551724138
773,Hypoglossal nucleus,12N,255,212,192,96500,370.0,MY-mot,,6,360.0,15495387.0,35540.0,360.0,15495387.0,35540.0,43042.74166666667,98.72222222222223
2272,Central cervical nucleus of the spinal cord,CeCv,255,212,192,96510,370.0,MY-mot,,6,16.0,702456.0,1573.0,16.0,702456.0,1573.0,43903.5,98.3125
781,Nucleus Y of the vestibular complex,Y,255,212,203,96600,370.0,MY-mot,,6,,0.0,0.0,0.0,0.0,0.0,,
379,"Medulla, behavioral state related",MY-sat,255,176,192,96800,354.0,MY,,5,,0.0,0.0,124.0,6123633.0,12282.0,49384.1370967742,99.04838709677419
206,RaphÈ magnus nucleus,RMg,255,176,193,96900,379.0,MY-sat,,6,,0.0,0.0,43.0,1829117.0,4130.0,42537.604651162794,96.04651162790698
2212,RaphÈ interpositus nucleus,RIP,255,176,193,96910,206.0,RMg,,7,6.0,194212.0,535.0,6.0,194212.0,535.0,32368.666666666668,89.16666666666667
230,RaphÈ pallidus nucleus,RPa,255,176,195,97000,379.0,MY-sat,,6,80.0,4208667.0,8003.0,80.0,4208667.0,8003.0,52608.3375,100.0375
222,RaphÈ obscurus nucleus,ROb,255,176,194,97100,379.0,MY-sat,,6,1.0,85849.0,149.0,1.0,85849.0,149.0,85849.0,149.0
1009,fiber tracts,fiber_tracts,204,204,204,97200,997.0,root,,1,,0.0,0.0,27141.0,1295402360.0,2855150.0,47728.61574739324,105.19693452709922
2155,basilar artery,bas,204,204,204,97210,997.0,root,,1,3.0,215936.0,336.0,3.0,215936.0,336.0,71978.66666666667,112.0
967,cranial nerves,cm,204,204,204,97300,1009.0,fiber_tracts,,2,,0.0,0.0,15716.0,720585737.0,1642840.0,45850.45412318656,104.53296004072283
949,vomeronasal nerve,vn,204,204,204,97500,967.0,cm,,3,44.0,2512633.0,5087.0,44.0,2512633.0,5087.0,57105.295454545456,115.61363636363636
840,olfactory nerve,on,204,204,204,97600,967.0,cm,,3,,0.0,0.0,8594.0,380121016.0,890691.0,44230.97696067023,103.64102862462182
1016,olfactory nerve layer,onl,204,204,204,97700,840.0,on,,4,4244.0,172469288.0,426511.0,4244.0,172469288.0,426511.0,40638.380772855795,100.4974081055608
21,"lateral olfactory tract, general",lotg,204,204,204,97800,840.0,on,,4,,0.0,0.0,4192.0,200067136.0,447438.0,47725.93893129771,106.73616412213741
2279,dorsal lateral olfactory tract,dlo,204,204,204,97900,21.0,lotg,,5,38.0,1754057.0,3775.0,38.0,1754057.0,3775.0,46159.39473684211,99.34210526315789
665,lateral olfactory tract,lo,204,204,204,97900,21.0,lotg,,5,4154.0,198313079.0,443663.0,4154.0,198313079.0,443663.0,47740.26937891189,106.803803562831
459,accessory olfactory tract,aot,204,204,204,98100,21.0,lotg,,5,,0.0,0.0,0.0,0.0,0.0,,
900,"anterior commissure, anterior part",aca,204,204,204,98200,840.0,on,,4,14.0,628092.0,1548.0,14.0,628092.0,1548.0,44863.71428571428,110.57142857142857
2317,"anterior commissure, intrabulbar part",aci,204,204,204,98210,840.0,on,,4,144.0,6956500.0,15194.0,144.0,6956500.0,15194.0,48309.02777777778,105.51388888888889
848,optic nerve,2n,204,204,204,98300,967.0,cm,,3,,0.0,0.0,2700.0,133715092.0,283824.0,49524.108148148145,105.12
916,brachium of the superior colliculus,bsc,204,204,204,98500,848.0,2n,,4,545.0,28937406.0,58892.0,545.0,28937406.0,58892.0,53096.157798165135,108.05871559633027
336,commissure of the superior colliculus,csc,204,204,204,98600,848.0,2n,,4,,0.0,0.0,0.0,0.0,0.0,,
117,optic chiasm,och,204,204,204,98700,848.0,2n,,4,37.0,1632874.0,3491.0,37.0,1632874.0,3491.0,44131.72972972973,94.35135135135135
125,optic tract,opt,204,204,204,98800,848.0,2n,,4,1862.0,90553731.0,194738.0,1862.0,90553731.0,194738.0,48632.508592910846,104.58539205155746
2040,supraoptic decussation,sox,204,204,204,98810,848.0,2n,,4,256.0,12591081.0,26703.0,256.0,12591081.0,26703.0,49183.91015625,104.30859375
832,oculomotor nerve,3n,204,204,204,99000,967.0,cm,,3,,0.0,0.0,159.0,8361268.0,16986.0,52586.591194968554,106.83018867924528
62,medial longitudinal fasciculus,mlf,204,204,204,99100,832.0,3n,,4,143.0,7529589.0,15336.0,143.0,7529589.0,15336.0,52654.468531468534,107.24475524475524
158,posterior commissure,pc,204,204,204,99200,832.0,3n,,4,16.0,831679.0,1650.0,16.0,831679.0,1650.0,51979.9375,103.125
911,trochlear nerve,4n,204,204,204,99300,967.0,cm,,3,,0.0,0.0,0.0,0.0,0.0,,
901,trigeminal nerve,5n,204,204,204,99600,967.0,cm,,3,,0.0,0.0,2481.0,118197653.0,268730.0,47641.13381700927,108.31519548569125
93,motor root of the trigeminal nerve,m5,204,204,204,99700,901.0,5n,,4,51.0,2619796.0,5850.0,51.0,2619796.0,5850.0,51368.549019607846,114.70588235294117
229,sensory root of the trigeminal nerve,s5,204,204,204,99800,901.0,5n,,4,,0.0,0.0,2430.0,115577857.0,262880.0,47562.90411522634,108.18106995884774
705,mesencephalic trigeminal tract,me5,204,204,204,99900,229.0,s5,,5,16.0,813394.0,1662.0,16.0,813394.0,1662.0,50837.125,103.875
794,spinal trigeminal tract,sp5,204,204,204,100000,229.0,s5,,5,2010.0,95682955.0,217259.0,2010.0,95682955.0,217259.0,47603.46019900498,108.08905472636816
798,facial nerve,7n,204,204,204,100100,967.0,cm,,3,,0.0,0.0,142.0,8187895.0,16059.0,57661.2323943662,113.09154929577464
1131,ascending fibers of the facial nerve,asc7,204,204,204,100200,798.0,7n,,4,,0.0,0.0,0.0,0.0,0.0,,
1116,genu of the facial nerve,g7,204,204,204,100300,798.0,7n,,4,1.0,19965.0,51.0,1.0,19965.0,51.0,19965.0,51.0
933,vestibulocochlear nerve,8n,204,204,204,100400,967.0,cm,,3,,0.0,0.0,1058.0,47434998.0,110674.0,44834.59168241966,104.60680529300568
2461,interstitial nucleus of the vestibular part of the 8th nerve,I8,204,204,204,100410,933.0,8n,,4,28.0,1125464.0,3053.0,28.0,1125464.0,3053.0,40195.142857142855,109.03571428571429
413,vestibular root of the vestibulocochlear nerve,8vn,204,204,204,100600,933.0,8n,,4,245.0,10272164.0,25345.0,245.0,10272164.0,25345.0,41927.2,103.44897959183673
948,cochlear nerve,8cn,204,204,204,100700,933.0,8n,,4,,0.0,0.0,335.0,17118804.0,36534.0,51100.90746268657,109.05671641791045
2222,olivocochlear bundle,ocb,204,204,204,100710,967.0,cm,,3,5.0,125157.0,307.0,5.0,125157.0,307.0,25031.4,61.4
841,trapezoid body,tz,204,204,204,100800,948.0,8cn,,5,,0.0,0.0,0.0,0.0,0.0,,
506,dorsal acoustic stria,das,204,204,204,101000,948.0,8cn,,5,,0.0,0.0,0.0,0.0,0.0,,
658,lateral lemniscus,ll,204,204,204,101100,948.0,8cn,,5,111.0,5028283.0,11224.0,111.0,5028283.0,11224.0,45299.84684684685,101.11711711711712
633,commissure of the inferior colliculus,cic,204,204,204,101200,948.0,8cn,,5,,0.0,0.0,0.0,0.0,0.0,,
482,brachium of the inferior colliculus,bic,204,204,204,101300,948.0,8cn,,5,224.0,12090521.0,25310.0,224.0,12090521.0,25310.0,53975.54017857143,112.99107142857143
808,glossopharyngeal nerve,9n,204,204,204,101400,967.0,cm,,3,,0.0,0.0,0.0,0.0,0.0,,
917,vagus nerve,10n,204,204,204,101500,967.0,cm,,3,,0.0,0.0,18.0,672686.0,1563.0,37371.444444444445,86.83333333333333
237,solitary tract,sol,204,204,204,101600,917.0,10n,,4,18.0,672686.0,1563.0,18.0,672686.0,1563.0,37371.444444444445,86.83333333333333
813,hypoglossal nerve,12n,204,204,204,101800,967.0,cm,,3,,0.0,0.0,0.0,0.0,0.0,,
792,dorsal roots,drt,204,204,204,102000,967.0,cm,,3,,0.0,0.0,487.0,20261447.0,46670.0,41604.61396303902,95.83162217659138
932,cervicothalamic tract,cett,204,204,204,102100,792.0,drt,,4,,0.0,0.0,487.0,20261447.0,46670.0,41604.61396303902,95.83162217659138
514,dorsal column,dc,204,204,204,102600,932.0,cett,,5,,0.0,0.0,0.0,0.0,0.0,,
380,cuneate fascicle,cf,204,204,204,102700,514.0,dc,,6,,0.0,0.0,0.0,0.0,0.0,,
388,gracile fasciculus,gr,204,204,204,102800,514.0,dc,,6,,0.0,0.0,0.0,0.0,0.0,,
697,medial lemniscus,ml,204,204,204,103000,932.0,cett,,5,487.0,20261447.0,46670.0,487.0,20261447.0,46670.0,41604.61396303902,95.83162217659138
871,spinothalamic tract,sst,204,204,204,103100,967.0,cm,,3,,0.0,0.0,0.0,0.0,0.0,,
293,vestibulospinal tract,vesp,204,204,204,103700,871.0,sst,,4,,0.0,0.0,0.0,0.0,0.0,,
960,cerebellum related fiber tracts,cbf,204,204,204,104200,1009.0,fiber_tracts,,2,,0.0,0.0,4494.0,229828957.0,473016.0,51141.289942145086,105.25500667556743
744,cerebellar commissure,cbc,204,204,204,104300,960.0,cbf,,3,1.0,59775.0,149.0,1.0,59775.0,149.0,59775.0,149.0
752,cerebellar peduncles,cbp,204,204,204,104400,960.0,cbf,,3,,0.0,0.0,4279.0,219044509.0,449761.0,51190.58401495677,105.10890394952092
326,superior cerebellar peduncle,scp,204,204,204,104500,752.0,cbp,,4,,0.0,0.0,1341.0,74175623.0,136222.0,55313.66368381805,101.58240119313945
812,decussation of the superior cerebellar peduncle,xscp,204,204,204,104600,326.0,scp,,5,,0.0,0.0,1203.0,68295922.0,122922.0,56771.3399833749,102.17955112219451
85,ventral spinocerebellar tract,vsct,204,204,204,104700,812.0,xscp,,6,1031.0,59603020.0,105344.0,1031.0,59603020.0,105344.0,57810.88263821533,102.17652764306499
850,uncinate fasciculus of the cerebellum,un,204,204,204,104800,326.0,scp,,5,25.0,688627.0,1932.0,25.0,688627.0,1932.0,27545.08,77.28
866,ventral spinocerebellar tract-,vsc,204,204,204,104900,326.0,scp,,5,,0.0,0.0,0.0,0.0,0.0,,
78,middle cerebellar peduncle,mcp,204,204,204,105000,752.0,cbp,,4,,0.0,0.0,1590.0,76257637.0,167055.0,47960.77798742138,105.06603773584905
2167,transverse fibers of the pons,tfp,204,204,204,105010,78.0,mcp,,5,944.0,44756676.0,97030.0,944.0,44756676.0,97030.0,47411.733050847455,102.78601694915254
1123,inferior cerebellar peduncle,icp,204,204,204,105100,752.0,cbp,,4,,0.0,0.0,1348.0,68611249.0,146484.0,50898.55267062315,108.66765578635015
553,dorsal spinocerebellar tract,dsc,204,204,204,105200,1123.0,icp,,5,,0.0,0.0,0.0,0.0,0.0,,
490,bulbocerebellar tract,bct,204,204,204,105500,1123.0,icp,,5,,0.0,0.0,0.0,0.0,0.0,,
404,olivocerebellar tract,oc,204,204,204,105600,490.0,bct,,6,,0.0,0.0,0.0,0.0,0.0,,
2275,cerebellar white matter,cbw,204,204,204,105810,967.0,cm,,3,28.0,995892.0,2249.0,28.0,995892.0,2249.0,35567.57142857143,80.32142857142857
728,middle cerebellar peduncle- ,mcep,204,204,204,105900,960.0,cbf,,3,214.0,10724673.0,23106.0,214.0,10724673.0,23106.0,50115.29439252336,107.97196261682242
983,lateral forebrain bundle system,lfbs,204,204,204,106000,1009.0,fiber_tracts,,2,,0.0,0.0,3851.0,179881944.0,402820.0,46710.45027265645,104.60140223318619
776,corpus callosum,cc,204,204,204,106100,983.0,lfbs,,3,,0.0,0.0,1840.0,83447654.0,189975.0,45351.985869565215,103.24728260869566
956,forceps minor of the corpus callosum,fmi,204,204,204,106200,776.0,cc,,4,,0.0,0.0,1524.0,69436621.0,157591.0,45562.08727034121,103.40616797900262
579,external capsule,ec,204,204,204,106300,956.0,fmi,,5,755.0,31787239.0,76863.0,755.0,31787239.0,76863.0,42102.30331125828,101.80529801324504
1108,genu of the corpus callosum,gcc,204,204,204,106500,776.0,cc,,4,103.0,4968304.0,11034.0,103.0,4968304.0,11034.0,48235.961165048546,107.12621359223301
971,forceps major of the corpus callosum,fmj,204,204,204,106600,776.0,cc,,4,13.0,450613.0,1102.0,13.0,450613.0,1102.0,34662.53846153846,84.76923076923077
986,splenium of the corpus callosum,scc,204,204,204,106800,776.0,cc,,4,3.0,89094.0,196.0,3.0,89094.0,196.0,29698.0,65.33333333333333
784,corticospinal tract,cst,204,204,204,106900,983.0,lfbs,,3,,0.0,0.0,1995.0,95605870.0,211177.0,47922.74185463659,105.8531328320802
6,internal capsule,ic,204,204,204,107000,784.0,cst,,4,54.0,2362760.0,5611.0,54.0,2362760.0,5611.0,43754.81481481482,103.9074074074074
924,cerebral peduncle,cp,204,204,204,107100,784.0,cst,,4,1728.0,83586918.0,183292.0,1728.0,83586918.0,183292.0,48372.05902777778,106.07175925925925
190,pyramidal tract,py,204,204,204,107600,784.0,cst,,4,110.0,4485300.0,11157.0,110.0,4485300.0,11157.0,40775.454545454544,101.42727272727272
198,pyramidal decussation,pyx,204,204,204,107700,784.0,cst,,4,32.0,1815679.0,3577.0,32.0,1815679.0,3577.0,56739.96875,111.78125
2169,longitudinal fasciculus of the pons,lfp,204,204,204,107910,784.0,cst,,4,71.0,3355213.0,7540.0,71.0,3355213.0,7540.0,47256.52112676056,106.19718309859155
896,thalamus related,lfbst,204,204,204,108000,983.0,lfbs,,3,,0.0,0.0,16.0,828420.0,1668.0,51776.25,104.25
1092,External medullary lamina,eml,204,204,204,108100,896.0,lfbst,,4,12.0,657813.0,1226.0,12.0,657813.0,1226.0,54817.75,102.16666666666667
14,internal medullary lamina,iml,204,204,204,108200,896.0,lfbst,,4,,0.0,0.0,0.0,0.0,0.0,,
2109,superior thalamic radiation,str,204,204,204,108210,896.0,lfbst,,4,4.0,170607.0,442.0,4.0,170607.0,442.0,42651.75,110.5
1000,extrapyramidal fiber systems,eps,204,204,204,108500,1009.0,fiber_tracts,,2,,0.0,0.0,446.0,25127548.0,48845.0,56339.793721973096,109.51793721973094
760,cerebral nuclei related,epsc,204,204,204,108600,1000.0,eps,,3,,0.0,0.0,99.0,4937903.0,10232.0,49877.80808080808,103.35353535353535
102,nigrostriatal bundle,ns,204,204,204,108800,760.0,epsc,,4,99.0,4937903.0,10232.0,99.0,4937903.0,10232.0,49877.80808080808,103.35353535353535
877,tectospinal tract,ts,204,204,204,109300,1000.0,eps,,3,,0.0,0.0,71.0,3268688.0,6935.0,46037.859154929574,97.67605633802818
1060,dorsal tegmental decussation,dtgx,204,204,204,109500,877.0,ts,,4,26.0,1459604.0,2561.0,26.0,1459604.0,2561.0,56138.61538461538,98.5
863,rubrospinal tract,rs,204,204,204,109700,1000.0,eps,,3,,0.0,0.0,273.0,16828966.0,31405.0,61644.5641025641,115.03663003663004
397,ventral tegmental decussation,vtgx,204,204,204,109800,863.0,rs,,4,29.0,1209360.0,2609.0,29.0,1209360.0,2609.0,41702.06896551724,89.96551724137932
941,vestibulomesencephalic tract,veme,204,204,204,110400,1000.0,eps,,3,3.0,91991.0,273.0,3.0,91991.0,273.0,30663.666666666668,91.0
991,medial forebrain bundle system,mfbs,204,204,204,110500,1009.0,fiber_tracts,,2,,0.0,0.0,2634.0,139978174.0,287629.0,53142.814730447986,109.19855732725892
768,cerebrum related,mfbc,204,204,204,110600,991.0,mfbs,,3,,0.0,0.0,2204.0,118435435.0,242422.0,53736.58575317604,109.99183303085299
908,"anterior commissure, posterior limb",acp,204,204,204,110900,768.0,mfbc,,4,16.0,919422.0,1763.0,16.0,919422.0,1763.0,57463.875,110.1875
940,cingulum,cg,204,204,204,111000,768.0,mfbc,,4,385.0,17274011.0,37638.0,385.0,17274011.0,37638.0,44867.56103896104,97.76103896103896
1099,fornix system,fxs,204,204,204,111100,768.0,mfbc,,4,,0.0,0.0,1329.0,71852939.0,148739.0,54065.41685477803,111.91798344620015
466,alveus of the hippocampus,alv,204,204,204,111200,1099.0,fxs,,5,278.0,13696231.0,29739.0,278.0,13696231.0,29739.0,49267.017985611514,106.9748201438849
530,dorsal fornix,df,204,204,204,111300,1099.0,fxs,,5,22.0,1099667.0,2307.0,22.0,1099667.0,2307.0,49984.86363636364,104.86363636363636
603,fimbria of the hippocampus,fi,204,204,204,111400,1099.0,fxs,,5,985.0,55151534.0,112375.0,985.0,55151534.0,112375.0,55991.40507614213,114.08629441624366
737,postcommissural fornix,fxpo,204,204,204,111700,1099.0,fxs,,5,,0.0,0.0,30.0,1308771.0,2878.0,43625.7,95.93333333333334
436,fornix,f,204,204,204,111900,737.0,fxpo,,6,30.0,1308771.0,2878.0,30.0,1308771.0,2878.0,43625.7,95.93333333333334
618,hippocampal commissures,hc,204,204,204,112000,1099.0,fxs,,5,,0.0,0.0,14.0,596736.0,1440.0,42624.0,102.85714285714286
443,dorsal hippocampal commissure,dhc,204,204,204,112100,618.0,hc,,6,10.0,488080.0,1106.0,10.0,488080.0,1106.0,48808.0,110.6
449,ventral hippocampal commissure,vhc,204,204,204,112200,618.0,hc,,6,4.0,108656.0,334.0,4.0,108656.0,334.0,27164.0,83.5
37,longitudinal association bundle,lab,204,204,204,112500,768.0,mfbc,,4,,0.0,0.0,0.0,0.0,0.0,,
301,stria terminalis,st,204,204,204,112600,768.0,mfbc,,4,,0.0,0.0,474.0,28389063.0,54282.0,59892.537974683546,114.51898734177215
2394,commissural stria terminalis,cmst,204,204,204,112610,301.0,st,,5,,0.0,0.0,0.0,0.0,0.0,,
824,hypothalamus related,mfsbshy,204,204,204,112700,991.0,mfbs,,3,,0.0,0.0,430.0,21542739.0,45207.0,50099.39302325581,105.13255813953488
54,medial forebrain bundle,mfb,204,204,204,112800,824.0,mfsbshy,,4,,0.0,0.0,0.0,0.0,0.0,,
341,retromammillary decussation,rmx,204,204,204,113600,824.0,mfsbshy,,4,7.0,278648.0,646.0,7.0,278648.0,646.0,39806.857142857145,92.28571428571429
46,mammillary related,mfbsma,204,204,204,114300,824.0,mfsbshy,,4,,0.0,0.0,74.0,3380142.0,7580.0,45677.59459459459,102.43243243243244
753,principal mammillary tract,pm,204,204,204,114400,46.0,mfbsma,,5,1.0,19525.0,53.0,1.0,19525.0,53.0,19525.0,53.0
690,mammilothalmic tract,mt,204,204,204,114500,46.0,mfbsma,,5,61.0,2823964.0,6327.0,61.0,2823964.0,6327.0,46294.49180327869,103.72131147540983
681,mammillotegmental tract,mtg,204,204,204,114600,46.0,mfbsma,,5,10.0,377965.0,894.0,10.0,377965.0,894.0,37796.5,89.4
673,mammillary peduncle,mp,204,204,204,114700,46.0,mfbsma,,5,2.0,158688.0,306.0,2.0,158688.0,306.0,79344.0,153.0
1083,epithalamus related,mfbse,204,204,204,115000,824.0,mfsbshy,,4,,0.0,0.0,349.0,17883949.0,36981.0,51243.40687679083,105.96275071633238
802,stria medullaris,sm,204,204,204,115100,1083.0,mfbse,,5,152.0,8134089.0,16656.0,152.0,8134089.0,16656.0,53513.74342105263,109.57894736842105
595,fasciculus retroflexus,fr,204,204,204,115200,1083.0,mfbse,,5,110.0,4191464.0,10930.0,110.0,4191464.0,10930.0,38104.218181818185,99.36363636363636
611,habenular commissure,hbc,204,204,204,115300,1083.0,mfbse,,5,87.0,5558396.0,9395.0,87.0,5558396.0,9395.0,63889.6091954023,107.98850574712644
73,ventricular systems,VS,170,170,170,115800,997.0,root,,1,,0.0,0.0,18551.0,968538052.0,1969251.0,52209.47938116544,106.15336100479759
81,lateral ventricle,LV,170,170,170,115900,73.0,VS,,2,,0.0,0.0,11167.0,588723428.0,1179250.0,52719.92728575267,105.60132533357213
98,ependymal and subendymal layer/olfacotry ventricle,E/OV,170,170,170,116100,81.0,LV,,3,1.0,53475.0,101.0,1.0,53475.0,101.0,53475.0,101.0
108,choroid plexus,chp,170,170,170,116200,81.0,LV,,3,,0.0,0.0,0.0,0.0,0.0,,
124,interventricular foramen,IVF,170,170,170,116400,73.0,VS,,2,,0.0,0.0,0.0,0.0,0.0,,
129,3rd Ventricle,3V,170,170,170,116500,73.0,VS,,2,,0.0,0.0,1110.0,61968643.0,124314.0,55827.606306306305,111.99459459459459
2373,dorsal third ventricle,D3V,170,170,170,116510,129.0,3V,,3,804.0,48475790.0,91812.0,804.0,48475790.0,91812.0,60293.27114427861,114.19402985074628
140,aqueduct,Aq,170,170,170,116600,73.0,VS,,2,397.0,26152873.0,44471.0,397.0,26152873.0,44471.0,65876.25440806046,112.0176322418136
145,4th Ventricle,4V,170,170,170,116700,73.0,VS,,2,,0.0,0.0,5877.0,291693108.0,621216.0,49632.99438489025,105.70290964777948
2219,superior medullary velum,SMV,170,170,170,116710,145.0,4V,,3,160.0,7329661.0,17387.0,160.0,7329661.0,17387.0,45810.38125,108.66875
153,lateral recess of the 4th ventricle,LR4V,170,170,170,116800,145.0,4V,,3,2228.0,125505886.0,251150.0,2228.0,125505886.0,251150.0,56331.18761220826,112.72441651705566
164,central canal,CC,170,170,170,116900,73.0,VS,,2,,0.0,0.0,0.0,0.0,0.0,,
1024,grooves,grv,170,170,170,117000,997.0,root,,1,,0.0,0.0,40.0,1887706.0,4422.0,47192.65,110.55
1032,grooves of the cerebral cortex,grv_of_CTX,170,170,170,117100,1024.0,grv,,2,,0.0,0.0,0.0,0.0,0.0,,
1063,hippocampal fissure,hif,170,170,170,117300,1032.0,grv_of_CTX,,3,,0.0,0.0,0.0,0.0,0.0,,
1071,rhinal fissure,rf,170,170,170,117400,1032.0,grv_of_CTX,,3,,0.0,0.0,0.0,0.0,0.0,,
1040,grooves of the cerebellar cortex,grv_of_CBX,170,170,170,117600,1024.0,grv,,2,,0.0,0.0,0.0,0.0,0.0,,
1087,precentral fissure,pcn,170,170,170,117700,1040.0,grv_of_CBX,,3,,0.0,0.0,0.0,0.0,0.0,,
1095,preculminate,pcuf,170,170,170,117800,1040.0,grv_of_CBX,,3,,0.0,0.0,0.0,0.0,0.0,,
1103,primary fissure,prf,170,170,170,117900,1040.0,grv_of_CBX,,3,,0.0,0.0,0.0,0.0,0.0,,
1112,post superior fissure,psf,170,170,170,118000,1040.0,grv_of_CBX,,3,,0.0,0.0,0.0,0.0,0.0,,
1119,prepyramidal fissure,ppf,170,170,170,118100,1040.0,grv_of_CBX,,3,,0.0,0.0,0.0,0.0,0.0,,
3,secondary fissure,sf,170,170,170,118200,1040.0,grv_of_CBX,,3,,0.0,0.0,0.0,0.0,0.0,,
11,posterolateral fissure,plf,170,170,170,118300,1040.0,grv_of_CBX,,3,,0.0,0.0,0.0,0.0,0.0,,
34,intercrural fissure,icf,170,170,170,118600,1040.0,grv_of_CBX,,3,,0.0,0.0,0.0,0.0,0.0,,
43,ansoparamedian fissure,apmf,170,170,170,118700,1040.0,grv_of_CBX,,3,,0.0,0.0,0.0,0.0,0.0,,
65,parafloccular sulcus,pfs,170,170,170,119000,1040.0,grv_of_CBX,,3,,0.0,0.0,0.0,0.0,0.0,,
624,Interpeduncular fossa,IPF,170,170,170,119100,1024.0,grv,,2,40.0,1887706.0,4422.0,40.0,1887706.0,4422.0,47192.65,110.55
2502,"3rd Ventricle, leaf",3V_leaf,170,170,170,116500,129.0,3V,,3,306.0,13492853.0,32502.0,306.0,13492853.0,32502.0,44094.290849673205,106.2156862745098
103,"lateral ventricle, leaf",LV_leaf,170,170,170,115900,81.0,LV,,3,11166.0,588669953.0,1179149.0,11166.0,588669953.0,1179149.0,52719.85966326348,105.60173741715923
1186,"4th Ventricle, leaf",4V_leaf,170,170,170,116700,145.0,4V,,3,3489.0,158857561.0,352679.0,3489.0,158857561.0,352679.0,45530.971911722554,101.08311837202636
396,"rubrospinal tract, leaf",rs_leaf,204,204,204,109700,863.0,rs,,4,244.0,15619606.0,28796.0,244.0,15619606.0,28796.0,64014.77868852459,118.01639344262296
1055,"tectospinal tract, leaf",ts_leaf,204,204,204,109300,877.0,ts,,4,45.0,1809084.0,4374.0,45.0,1809084.0,4374.0,40201.86666666667,97.2
1003,"corpus callosum, leaf",cc_leaf,204,204,204,106100,776.0,cc,,4,197.0,8503022.0,20052.0,197.0,8503022.0,20052.0,43162.548223350255,101.78680203045685
1221,"Midbrain, leaf",MB_leaf,255,200,255,78500,313.0,MB,,4,80.0,4287710.0,10349.0,80.0,4287710.0,10349.0,53596.375,129.3625
1122,"facial nerve, leaf",7n_leaf,204,204,204,100100,798.0,7n,,4,141.0,8167930.0,16008.0,141.0,8167930.0,16008.0,57928.58156028369,113.53191489361703
1274,"vestibulocochlear nerve, leaf",8n_leaf,204,204,204,100400,933.0,8n,,4,450.0,18918566.0,45742.0,450.0,18918566.0,45742.0,42041.25777777778,101.64888888888889
965,"Midbrain, motor related, leaf",MBmot_leaf,255,132,255,79900,323.0,MBmot,,5,136.0,6418519.0,14000.0,136.0,6418519.0,14000.0,47194.992647058825,102.94117647058823
2196,"Medial cerebellar nucleus, leaf",Med_leaf,240,240,82,63000,989.0,Med,,5,9.0,487603.0,1098.0,9.0,487603.0,1098.0,54178.11111111111,122.0
447,"Cortical subplate, leaf",CTXsp_leaf,80,255,80,46400,703.0,CTXsp,,5,70.0,2730382.0,6785.0,70.0,2730382.0,6785.0,39005.45714285714,96.92857142857143
751,"sensory root of the trigeminal nerve, leaf",s5_leaf,204,204,204,99800,229.0,s5,,5,404.0,19081508.0,43959.0,404.0,19081508.0,43959.0,47231.455445544554,108.80940594059406
2503,"stria terminalis, leaf",st_leaf,204,204,204,112600,301.0,st,,5,474.0,28389063.0,54282.0,474.0,28389063.0,54282.0,59892.537974683546,114.51898734177215
838,"superior cerebellar peduncle, leaf",scp_leaf,204,204,204,104500,326.0,scp,,5,113.0,5191074.0,11368.0,113.0,5191074.0,11368.0,45938.70796460177,100.60176991150442
1378,"Thalamus, leaf",TH_leaf,255,112,128,63500,549.0,TH,,5,10.0,598321.0,1273.0,10.0,598321.0,1273.0,59832.1,127.3
1350,"Pons, leaf",P_leaf,255,155,136,84700,771.0,P,,5,115.0,5213631.0,11080.0,115.0,5213631.0,11080.0,45335.921739130434,96.34782608695652
2171,"middle cerebellar peduncle, leaf",mcp_leaf,204,204,204,105000,78.0,mcp,,5,646.0,31500961.0,70025.0,646.0,31500961.0,70025.0,48763.09752321981,108.39783281733746
521,"inferior cerebellar peduncle, leaf",icp_leaf,204,204,204,105100,1123.0,icp,,5,1348.0,68611249.0,146484.0,1348.0,68611249.0,146484.0,50898.55267062315,108.66765578635015
584,"forceps minor of the corpus callosum, leaf",fmi_leaf,204,204,204,106200,956.0,fmi,,5,769.0,37649382.0,80728.0,769.0,37649382.0,80728.0,48958.88426527959,104.9778933680104
855,"Medulla, leaf",MY_leaf,255,160,176,89400,354.0,MY,,5,1124.0,53897376.0,112684.0,1124.0,53897376.0,112684.0,47951.402135231314,100.25266903914591
2113,"Oculomotor nerve, leaf",3N_leaf,255,168,255,82800,35.0,3N,,6,41.0,1968662.0,3961.0,41.0,1968662.0,3961.0,48016.14634146341,96.60975609756098
2106,"Retroisthmic nucleus, leaf",RIs_leaf,255,178,249,80200,246.0,RIs,,6,6.0,199126.0,531.0,6.0,199126.0,531.0,33187.666666666664,88.5
1999,"Claustrum, leaf",Cl_leaf,80,255,85,46600,583.0,Cl,,6,89.0,4981604.0,10184.0,89.0,4981604.0,10184.0,55973.07865168539,114.42696629213484
1163,"Ventral pallidum, leaf",VeP_leaf,160,208,176,52000,835.0,VeP,,6,245.0,10989938.0,24506.0,245.0,10989938.0,24506.0,44856.88979591837,100.02448979591837
2084,"Interstitial nucleus of Cajal, leaf",InC_leaf,255,145,255,81700,67.0,InC,,6,9.0,318112.0,842.0,9.0,318112.0,842.0,35345.77777777778,93.55555555555556
572,"Olfactory areas, leaf",OLF_leaf,144,255,144,29900,698.0,OLF,,6,26.0,1107528.0,2591.0,26.0,1107528.0,2591.0,42597.230769230766,99.65384615384616
2083,"Periaqueductal gray, leaf",PAG_leaf,255,144,255,81500,795.0,PAG,,6,80.0,4274949.0,7963.0,80.0,4274949.0,7963.0,53436.8625,99.5375
602,"Striatum ventral region, leaf",STRv_leaf,160,232,232,48300,493.0,STRv,,6,53.0,2885517.0,5889.0,53.0,2885517.0,5889.0,54443.71698113208,111.11320754716981
2045,"Lateral amygdaloid nucleus, leaf",La_leaf,80,255,88,47000,131.0,La,,6,1.0,21096.0,118.0,1.0,21096.0,118.0,21096.0,118.0
1998,"Trochlear nucleus, leaf",4N_leaf,255,178,255,83000,115.0,4N,,6,4.0,257297.0,439.0,4.0,257297.0,439.0,64324.25,109.75
86,"decussation of the superior cerebellar peduncle, leaf",xscp_leaf,204,204,204,104600,812.0,xscp,,6,172.0,8692902.0,17578.0,172.0,8692902.0,17578.0,50540.12790697674,102.19767441860465
1997,"Ventral tegmental area, leaf",VTA_leaf,255,178,246,80100,749.0,VTA,,6,158.0,7395017.0,16045.0,158.0,7395017.0,16045.0,46803.90506329114,101.5506329113924
1996,"Substantia nigra, compact part, leaf",SNC_leaf,255,158,248,83800,374.0,SNC,,6,1.0,34022.0,72.0,1.0,34022.0,72.0,34022.0,72.0
1995,"Edinger-Westphal nucleus, leaf",EW_leaf,255,178,253,82900,975.0,EW,,6,45.0,2192197.0,4123.0,45.0,2192197.0,4123.0,48715.48888888889,91.62222222222222
1994,"Red nucleus, leaf",R_leaf,255,134,249,82700,214.0,R,,6,3.0,236094.0,382.0,3.0,236094.0,382.0,78698.0,127.33333333333333
1310,"Medulla, motor related, leaf",MY-mot_leaf,255,212,219,92200,370.0,MY-mot,,6,3.0,85372.0,222.0,3.0,85372.0,222.0,28457.333333333332,74.0
1993,"Cuneiform nucleus, leaf",CnF_leaf,255,178,254,82600,616.0,CnF,,6,42.0,1920384.0,3951.0,42.0,1920384.0,3951.0,45723.42857142857,94.07142857142857
1992,"Pedunculotegmental nucleus, leaf",PTg_leaf,255,158,255,83900,1052.0,PTg,,6,64.0,2464015.0,5955.0,64.0,2464015.0,5955.0,38500.234375,93.046875
420,"Subparafascicular thalamic nucleus, leaf",SPF_leaf,255,112,165,64500,406.0,SPF,,7,45.0,1728888.0,4569.0,45.0,1728888.0,4569.0,38419.73333333333,101.53333333333333
2504,"Botzinger complex, leaf",Bo_leaf,255,212,198,95040,2468.0,Bo,,7,2.0,164041.0,290.0,2.0,164041.0,290.0,82020.5,145.0
2505,"Barrington's nucleus, leaf",Bar_leaf,255,174,80,87100,280.0,Bar,,7,11.0,473897.0,1161.0,11.0,473897.0,1161.0,43081.545454545456,105.54545454545455
627,"Parabrachial nucleus, leaf",PB_leaf,255,170,96,85400,867.0,PB,,7,3.0,94981.0,271.0,3.0,94981.0,271.0,31660.333333333332,90.33333333333333
1019,"Frontal association cortex, leaf",FrA_leaf,112,255,113,600,184.0,FrA,,7,330.0,16339816.0,33453.0,330.0,16339816.0,33453.0,49514.59393939394,101.37272727272727
2506,"Motor trigeminal nucleus, leaf",5N_leaf,255,174,104,88200,621.0,5N,,7,2.0,121561.0,208.0,2.0,121561.0,208.0,60780.5,104.0
889,"Vestibulocerebellar nucleus, leaf",VeCb_leaf,255,212,201,95900,701.0,VeCb,,7,7.0,313226.0,742.0,7.0,313226.0,742.0,44746.57142857143,106.0
1991,"Medial tuberal nucleus, leaf",MTu_leaf,255,79,86,78000,614.0,MTu,,7,66.0,2995812.0,6484.0,66.0,2995812.0,6484.0,45391.09090909091,98.24242424242425
1093,"Ventromedial hypothalamic nucleus, leaf",VMH_leaf,255,78,91,76700,693.0,VMH,,7,39.0,2109597.0,4716.0,39.0,2109597.0,4716.0,54092.230769230766,120.92307692307692
2507,"Intercalated nuclei of the amygdala, leaf",I_leaf,184,208,248,50700,1105.0,I,,7,7.0,348903.0,860.0,7.0,348903.0,860.0,49843.28571428572,122.85714285714286
1990,"Dorsal raphÈ nucleus, leaf",DR_leaf,255,158,252,84500,872.0,DR,,7,35.0,1935313.0,3637.0,35.0,1935313.0,3637.0,55294.65714285714,103.91428571428571
563,"Perihinal cortex, leaf",PRh_leaf,112,255,117,28700,922.0,PRh,,7,14.0,486316.0,1237.0,14.0,486316.0,1237.0,34736.857142857145,88.35714285714286
884,"Midline group of the dorsal thalamus, leaf",MTN_leaf,255,134,134,67900,571.0,MTN,,7,29.0,1380120.0,2771.0,29.0,1380120.0,2771.0,47590.34482758621,95.55172413793103
1989,"Arcuate hypothalamic nucleus, leaf",Arc_leaf,255,76,79,71800,223.0,Arc,,7,74.0,3168716.0,7379.0,74.0,3168716.0,7379.0,42820.48648648649,99.71621621621621
1143,"Amygdalopiriform transition area, leaf",Apir_leaf,160,255,166,36900,566.0,Apir,,7,76.0,3906821.0,7952.0,76.0,3906821.0,7952.0,51405.53947368421,104.63157894736842
179,"Anterior olfactory area, leaf",AO_leaf,144,255,184,31000,159.0,AO,,7,84.0,3952579.0,8788.0,84.0,3952579.0,8788.0,47054.51190476191,104.61904761904762
1988,"Retrochiasmatic area, leaf",RCh_leaf,255,79,84,77800,173.0,RCh,,7,20.0,1177956.0,2075.0,20.0,1177956.0,2075.0,58897.8,103.75
555,"Nucleus of the lateral olfactory tract, leaf",LOT_leaf,160,255,170,34100,619.0,LOT,,7,103.0,4459067.0,10651.0,103.0,4459067.0,10651.0,43291.912621359224,103.40776699029126
539,"Temporal association cortex, leaf",TeA _leaf,112,255,122,28000,541.0,TeA ,,7,7.0,236113.0,637.0,7.0,236113.0,637.0,33730.42857142857,91.0
1987,"Interstitial nucleus of the posterior limb of the anterior commissure, leaf",IPAC_leaf,160,228,224,48500,998.0,IPAC,,7,,0.0,0.0,0.0,0.0,0.0,,
1986,"Suprachiasmatic nucleus, leaf",SCh_leaf,255,77,94,73700,286.0,SCh,,7,36.0,1692711.0,3890.0,36.0,1692711.0,3890.0,47019.75,108.05555555555556
858,"Ectorhinal cortex, leaf",Ect_leaf,112,255,115,29300,895.0,Ect,,7,112.0,4396946.0,11332.0,112.0,4396946.0,11332.0,39258.44642857143,101.17857142857143
1985,"Supraoptic nucleus, leaf",SO_leaf,255,76,60,70200,390.0,SO,,7,31.0,1710662.0,3055.0,31.0,1710662.0,3055.0,55182.645161290326,98.54838709677419
1984,"Nucleus of the posterior commissure, leaf",PCom_leaf,255,176,246,82300,634.0,PCom,,7,5.0,249740.0,569.0,5.0,249740.0,569.0,49948.0,113.8
1983,"Abducens nucleus, leaf",6N_leaf,255,212,225,92300,653.0,6N,,7,,0.0,0.0,0.0,0.0,0.0,,
1982,"Lateral hypothalamic area, leaf",LH_leaf,255,79,81,77300,194.0,LH,,7,2466.0,117120600.0,247491.0,2466.0,117120600.0,247491.0,47494.16058394161,100.36131386861314
1619,"Solitary nucleus, leaf",Sol_leaf,255,178,176,90700,651.0,Sol,,7,41.0,1370000.0,3487.0,41.0,1370000.0,3487.0,33414.634146341465,85.04878048780488
1981,"Anterior pretectal nucleus, leaf",APT_leaf,255,176,249,82000,215.0,APT,,7,53.0,3165950.0,5849.0,53.0,3165950.0,5849.0,59734.90566037736,110.35849056603773
1980,"Principal sensory trigeminal nucleus, leaf",Pr5_leaf,255,170,95,85300,7.0,Pr5,,7,26.0,1447624.0,3053.0,26.0,1447624.0,3053.0,55677.846153846156,117.42307692307692
730,"Olfactory tubercle, leaf",Tu_leaf,160,224,224,48600,754.0,Tu,,7,935.0,43387362.0,95320.0,935.0,43387362.0,95320.0,46403.595721925136,101.94652406417113
1398,"Lateral paragigantocellular nucleus, leaf",LPGi_leaf,255,212,198,94800,938.0,LPGi,,7,102.0,4414852.0,9709.0,102.0,4414852.0,9709.0,43282.86274509804,95.18627450980392
964,"Lateral reticular nucleus, leaf",LRt_leaf,255,212,193,93900,235.0,LRt,,7,627.0,33745749.0,63392.0,627.0,33745749.0,63392.0,53820.97129186603,101.103668261563
1979,"Dorsomedial hypothalamic nucleus, leaf",DM_leaf,255,77,85,72400,830.0,DM,,7,155.0,7515300.0,16595.0,155.0,7515300.0,16595.0,48485.8064516129,107.06451612903226
2508,"Inferior olivary nucleus, leaf",IO_leaf,255,212,189,93500,83.0,IO,,7,95.0,3893361.0,8606.0,95.0,3893361.0,8606.0,40982.74736842105,90.58947368421053
1978,"Central gray, leaf",CG_leaf,255,174,120,87400,898.0,CG,,7,134.0,6773553.0,13807.0,134.0,6773553.0,13807.0,50548.90298507463,103.03731343283582
2509,"Facial nucleus, leaf",7N_leaf,255,212,234,92500,661.0,7N,,7,102.0,6846061.0,10854.0,102.0,6846061.0,10854.0,67118.24509803922,106.41176470588235
1977,"Reticulotegmental nucleus of the pons, leaf",RtTg_leaf,255,174,81,88100,574.0,RtTg,,7,107.0,4458074.0,10959.0,107.0,4458074.0,10959.0,41664.2429906542,102.42056074766356
1976,"Medial preoptic area, leaf",MPA_leaf,255,77,87,72900,523.0,MPA,,7,407.0,19974396.0,43538.0,407.0,19974396.0,43538.0,49077.14004914005,106.97297297297297
1975,"Intermediate reticular nucleus, leaf",IRt_leaf,255,212,187,93600,136.0,IRt,,7,564.0,26405519.0,54488.0,564.0,26405519.0,54488.0,46818.29609929078,96.60992907801419
1974,"Gigantocellular reticular nucleus, leaf",Gi_leaf,255,212,187,93300,1048.0,Gi,,7,118.0,4822457.0,11785.0,118.0,4822457.0,11785.0,40868.279661016946,99.87288135593221
1973,"Parvicellular reticular nucleus, leaf",PCRt_leaf,255,212,196,94600,852.0,PCRt,,7,449.0,27453571.0,48704.0,449.0,27453571.0,48704.0,61143.81069042316,108.47216035634744
1972,"External cortex of the inferior colliculus, leaf",ECIC_leaf,255,152,255,79400,828.0,ECIC,,7,314.0,16521594.0,32821.0,314.0,16521594.0,32821.0,52616.541401273884,104.52547770700637
1971,"RaphÈ magnus nucleus, leaf",RMg_leaf,255,176,193,96900,206.0,RMg,,7,37.0,1634905.0,3595.0,37.0,1634905.0,3595.0,44186.62162162162,97.16216216216216
1863,"Zona incerta, leaf",ZI_leaf,255,79,87,78100,797.0,ZI,,7,84.0,3620435.0,7981.0,84.0,3620435.0,7981.0,43100.416666666664,95.01190476190476
1134,"Paralemniscal nucleus, leaf",PL_leaf,255,170,97,84900,612.0,PL,,7,172.0,9091531.0,19284.0,172.0,9091531.0,19284.0,52857.73837209302,112.11627906976744
1115,"Paramedian reticular nucleus, leaf",PMn_leaf,255,212,195,94300,395.0,PMn,,7,46.0,1998145.0,4136.0,46.0,1998145.0,4136.0,43437.934782608696,89.91304347826087
47,"Spinal trigeminal nucleus, oral part, leaf",Sp5O_leaf,255,176,182,91500,445.0,Sp5O,,7,26.0,1041285.0,2558.0,26.0,1041285.0,2558.0,40049.42307692308,98.38461538461539
1341,"Medial geniculate nucleus, leaf",MG_leaf,255,112,162,65100,475.0,MG,,8,116.0,6367956.0,13360.0,116.0,6367956.0,13360.0,54896.1724137931,115.17241379310344
2510,"Ventral orbital cortex, leaf",VO_leaf,125,255,128,22600,738.0,VO,,8,52.0,2239760.0,5556.0,52.0,2239760.0,5556.0,43072.307692307695,106.84615384615384
1970,"Xiphoid thalamic nucleus, leaf",Xi_leaf,255,133,134,68110,2038.0,Xi,,8,60.0,2413911.0,6041.0,60.0,2413911.0,6041.0,40231.85,100.68333333333334
10691,"Parasubiculum, leaf",PaS_leaf,129,255,160,44300,843.0,PaS,,8,,0.0,0.0,0.0,0.0,0.0,,
1969,"Posterior thalamic nuclear group, leaf",Po_leaf,255,134,130,65900,1020.0,Po,,8,207.0,8991675.0,20154.0,207.0,8991675.0,20154.0,43438.04347826087,97.3623188405797
1124,"Anteromedial thalamic nucleus, leaf",AM_leaf,255,136,134,66400,1096.0,AM,,8,212.0,9754493.0,21606.0,212.0,9754493.0,21606.0,46011.75943396227,101.91509433962264
1968,"Pregeniculate nucleus of the prethalamus, leaf",PrG_leaf,255,135,135,69200,178.0,PrG,,8,26.0,1255350.0,2972.0,26.0,1255350.0,2972.0,48282.692307692305,114.3076923076923
635,"Medial orbital cortex, leaf",MO_leaf,126,255,128,22000,731.0,MO,,8,91.0,3068589.0,7950.0,91.0,3068589.0,7950.0,33720.758241758245,87.36263736263736
1155,"Subiculum, leaf",SUB_leaf,128,255,151,45500,502.0,SUB,,8,10.0,266439.0,709.0,10.0,266439.0,709.0,26643.9,70.9
1967,"Paracentral thalamic nucleus, leaf",PC_leaf,255,132,132,68600,907.0,PC,,8,405.0,19319174.0,41919.0,405.0,19319174.0,41919.0,47701.66419753087,103.5037037037037
480,"Lateral orbital cortex, leaf",LO_leaf,127,255,128,21400,723.0,LO,,8,132.0,6429747.0,13454.0,132.0,6429747.0,13454.0,48710.204545454544,101.92424242424242
2511,"Intercalated nucleus, leaf",In_leaf,255,212,219,95200,161.0,In,,8,29.0,1353064.0,2930.0,29.0,1353064.0,2930.0,46657.379310344826,101.03448275862068
1656,"Medial mammillary nucleus, medial part, leaf",MM_leaf,255,78,84,74800,491.0,MM,,8,169.0,8610076.0,18860.0,169.0,8610076.0,18860.0,50947.19526627219,111.59763313609467
1292,"Lateral parabrachial nucleus, leaf",LPB_leaf,255,169,96,85600,881.0,LPB,,8,20.0,874548.0,1904.0,20.0,874548.0,1904.0,43727.4,95.2
641,"Mediodorsal thalamic nucleus, leaf",MD_leaf,255,144,163,67300,362.0,MD,,8,268.0,14087262.0,29937.0,268.0,14087262.0,29937.0,52564.41044776119,111.70522388059702
1966,"Anterior hypothalamic area, posterior part, leaf",AHP_leaf,255,78,81,74500,724.0,AHP,,8,54.0,3061104.0,6660.0,54.0,3061104.0,6660.0,56687.11111111111,123.33333333333333
7346,"Dentate gyrus, leaf",DG_leaf,114,250,114,39300,726.0,DG,,8,252.0,11250441.0,25574.0,252.0,11250441.0,25574.0,44644.607142857145,101.48412698412699
2512,"Cuneate nucleus, leaf",Cu_leaf,255,177,177,90300,711.0,Cu,,8,177.0,6071065.0,15340.0,177.0,6071065.0,15340.0,34299.80225988701,86.66666666666667
1965,"Medial septal nucleus, leaf",MS_leaf,118,224,176,52500,564.0,MS,,8,5.0,302599.0,606.0,5.0,302599.0,606.0,60519.8,121.2
1964,"Dorsal cochlear nucleus, leaf",DC_leaf,255,155,205,90000,96.0,DC,,8,39.0,1800278.0,4123.0,39.0,1800278.0,4123.0,46160.97435897436,105.71794871794872
2513,"Laterodorsal tegmental nucleus, dorsal part, leaf",LDTg_leaf,255,172,117,88810,162.0,LDTg,,8,28.0,1233353.0,3070.0,28.0,1233353.0,3070.0,44048.32142857143,109.64285714285714
894,"Medial parabrachial nucleus, leaf",MPB_leaf,255,168,96,86200,890.0,MPB,,8,74.0,3008289.0,6944.0,74.0,3008289.0,6944.0,40652.55405405405,93.83783783783784
937,"Primary visual cortex, leaf",V1_leaf,112,255,98,17600,385.0,V1,,8,72.0,2861105.0,7175.0,72.0,2861105.0,7175.0,39737.569444444445,99.65277777777777
1125,"Retromamillary nucleus, leaf",RM_leaf,255,78,85,75000,525.0,RM,,8,113.0,4924486.0,11204.0,113.0,4924486.0,11204.0,43579.5221238938,99.15044247787611
2514,"Submedius thalamic nucleus, leaf",Sub_leaf,255,144,161,67700,366.0,Sub,,8,45.0,1816289.0,4312.0,45.0,1816289.0,4312.0,40361.97777777778,95.82222222222222
1963,"Posterior hypothalamic nucleus, leaf",PH_leaf,255,79,83,77150,946.0,PH,,8,30.0,1295491.0,2761.0,30.0,1295491.0,2761.0,43183.03333333333,92.03333333333333
1962,"Medial vestibular nucleus, leaf",MVe_leaf,255,216,201,96100,202.0,MVe,,8,262.0,10684712.0,24885.0,262.0,10684712.0,24885.0,40781.34351145038,94.98091603053435
1961,"Lateral habenular nucleus, leaf",LHb_leaf,255,135,144,69800,186.0,LHb,,8,84.0,4311927.0,9199.0,84.0,4311927.0,9199.0,51332.46428571428,109.51190476190476
1960,"Anteroventral thalamic nucleus, leaf",AV_leaf,255,136,133,66300,255.0,AV,,8,114.0,4663295.0,10692.0,114.0,4663295.0,10692.0,40906.09649122807,93.78947368421052
389,"Dorsolateral entorhinal cortex, leaf",DLEnt_leaf,128,255,145,41350,918.0,DLEnt,,9,,0.0,0.0,0.0,0.0,0.0,,
2515,"Ventral posteromedial thalamic nucleus, leaf",VPM_leaf,255,108,147,64200,733.0,VPM,,9,74.0,3110673.0,7357.0,74.0,3110673.0,7357.0,42036.12162162162,99.41891891891892
2516,"Medial vestibular nucleus, parvicellular part, leaf",MVePC_leaf,255,216,201,96120,2233.0,MVePC,,9,91.0,3605237.0,8918.0,91.0,3605237.0,8918.0,39617.98901098901,98.0
2517,"Caudoputamen- caudal, intermediate, leaf","CPc, i_leaf",160,216,248,48255,2494.0,"CPc, i",,9,73.0,3568484.0,7912.0,73.0,3568484.0,7912.0,48883.34246575343,108.38356164383562
833,"Dorsal subiculum, leaf",DS_leaf,129,255,151,45600,509.0,DS,,9,59.0,2216255.0,5400.0,59.0,2216255.0,5400.0,37563.64406779661,91.52542372881356
876,"Ventral subiculum, leaf",VeS_leaf,130,255,151,46000,518.0,VeS,,9,109.0,5247138.0,12103.0,109.0,5247138.0,12103.0,48138.880733944956,111.03669724770643
2518,"Medial entorhinal cortex, leaf",MEnt_leaf,80,140,140,44220,2159.0,MEnt,,9,450.0,18323154.0,43413.0,450.0,18323154.0,43413.0,40718.12,96.47333333333333
1959,"Paraventricular hypothalamic nucleus, anterior parivcellular part, leaf",PaAP_leaf,255,76,69,71300,55.0,PaAP,,9,15.0,828259.0,1944.0,15.0,828259.0,1944.0,55217.26666666667,129.6
2519,"Caudoputamen- caudal, dorsal, leaf","CPc, d_leaf",160,216,248,48251,2493.0,"CPc, d",,9,150.0,9025453.0,18086.0,150.0,9025453.0,18086.0,60169.68666666667,120.57333333333334
2520,"Caudomedial entothinal cortex, leaf",CEnt_leaf,80,140,140,44280,2161.0,CEnt,,9,527.0,24510059.0,57150.0,527.0,24510059.0,57150.0,46508.65085388994,108.44402277039848
249,"Posteromedial cortical amygdaloid area, leaf",PMCo_leaf,160,255,181,35800,663.0,PMCo,,9,147.0,5793600.0,13582.0,147.0,5793600.0,13582.0,39412.244897959186,92.39455782312925
710,"Primary somatosensory area, undefined, layer 1, leaf",S1-1_leaf,0,177,92,2900,793.0,S1-1,,9,339.0,12169405.0,31677.0,339.0,12169405.0,31677.0,35897.94985250737,93.4424778761062
