z	y	x
113.731164	352.494797	150.521278
124.054512	358.912706	166.018733
126.687698	361.939363	160.770406
131.877237	367.024153	155.258451
131.378565	368.357518	161.230562
132.488002	364.282325	161.216799
134.717	369.759896	153.316946
139.87647	350.687001	137.891479
138.264509	361.394195	148.150881
140.032468	360.591193	144.604664
140.936152	359.765668	141.087971
135.687896	361.631378	167.720355
136.731787	364.3322	170.97876
138.119288	373.549854	165.896261
148.287027	349.314761	129.266095
140.404222	375.958772	162.372885
150.752237	350.414333	129.139784
146.22189	361.388413	146.776493
143.536549	368.677599	161.376906
144.821961	374.220389	153.563979
151.289512	367.670304	137.638253
147.771327	368.902176	162.033502
151.815397	373.594539	145.392771
158.681073	372.129322	138.109488
156.731254	381.808007	145.064583
150.603255	364.971768	183.132558
161.020057	362.008457	133.885185
161.149686	370.596666	131.057419
152.432092	367.872083	182.326627
158.958829	384.228231	146.724912
164.545012	364.954906	132.853027
166.686553	371.321942	133.511671
165.449082	368.582974	139.683124
166.55602	354.437358	144.163665
166.278946	358.630081	144.975348
167.931816	376.49776	142.962294
164.317783	384.185396	171.958092
165.932392	361.386557	167.428163
176.784889	356.836889	122.76091
173.63132	373.550056	133.296819
177.941351	372.934832	129.808144
183.054903	354.189434	111.183222
170.842797	371.714649	163.727918
176.721598	371.900269	139.262482
181.64497	364.364596	119.120377
183.752486	365.093986	113.167445
177.841034	359.582124	142.823607
177.568282	366.771259	143.573351
177.886128	359.310476	146.20342
178.828433	367.454315	141.820677
178.828433	367.454315	141.820677
176.082465	360.746895	158.201243
186.097492	348.920975	118.196293
179.176229	369.694567	147.737607
185.154903	358.242436	131.036412
191.009155	360.335175	104.955314
183.537152	377.479872	135.579533
186.198475	366.210643	125.753373
186.378867	360.123663	126.000411
177.669506	375.869763	169.432013
184.451364	369.296352	139.938713
182.006908	382.057603	159.640418
193.587693	368.34331	106.981272
186.664344	364.007863	138.322157
189.001718	374.335757	138.917895
199.686977	348.25894	100.717232
190.924386	371.549481	134.753995
192.774379	364.588697	134.924677
192.290216	381.685167	139.614153
189.437463	374.90024	152.357374
190.335486	391.090713	153.317464
193.641044	380.818461	145.502395
199.65701	370.594472	128.085559
209.98226	353.861879	94.932021
210.540485	354.296268	96.62933
198.004854	389.889348	150.543291
197.42871	366.08117	151.273736
206.723952	359.521093	118.60665
201.256006	379.097416	139.570361
206.464622	378.539601	140.432156
211.018739	386.24708	131.953022
212.261817	375.111299	131.424365
206.152914	375.307277	162.037121
214.514684	357.061634	127.220204
210.629611	371.728593	145.520957
223.726581	361.602822	87.965512
215.017386	385.953624	134.571681
217.594459	359.874989	125.473779
216.916049	368.466032	127.569651
212.553607	361.491259	148.230659
216.840487	363.368629	131.977702
211.965095	377.644523	156.266665
228.51569	347.721032	86.962301
214.805882	373.913451	139.841205
213.327846	373.63931	149.679098
211.371248	375.056318	158.732151
216.982826	362.971529	149.224884
220.166942	373.619509	136.712731
230.36782	369.48618	93.641335
221.684738	375.257576	150.052787
225.305789	360.518054	134.972863
235.443809	363.810351	86.321573
227.13376	376.634076	130.09097
228.183553	364.725357	126.418111
226.00361	379.453409	139.291899
227.744282	367.058739	132.253797
229.826067	362.010915	127.489866
232.173896	364.530786	124.860632
230.974239	375.57099	133.707688
239.433227	374.396404	90.962187
229.590933	359.007811	140.351407
240.209187	376.47816	90.860889
227.905584	364.065685	155.903301
230.753499	369.494259	147.527988
242.043172	375.518005	90.978308
224.36987	370.852905	249.306345
234.807933	359.757029	138.124103
226.109238	371.954043	250.044301
226.499507	373.501991	254.336107
234.458336	365.895681	148.004299
226.289741	373.733194	256.084563
226.432437	374.510026	254.281712
227.024462	372.083084	258.737152
227.962283	371.055907	250.884945
227.198077	375.635218	255.056558
249.621345	345.675458	83.627047
227.783057	374.986483	249.782126
227.669964	371.37878	253.514746
238.698737	360.723018	133.138312
227.94226	373.875841	248.955979
227.811996	375.988183	257.625836
228.162438	373.734677	255.979272
228.87733	373.883191	248.910417
229.922854	370.965952	249.899386
228.8931	372.083195	258.614135
229.6735	375.99796	257.518464
230.627029	373.091105	250.62195
230.300763	372.509268	254.167351
230.196611	372.621817	255.0384
230.342317	377.143209	250.419987
230.487293	375.114204	250.522063
230.393088	375.217084	251.400676
230.5679	371.284265	252.468009
229.78201	375.880805	256.648085
229.982232	372.852959	256.776778
229.6735	375.99796	257.518464
229.993737	375.651583	254.90367
230.599754	372.185294	251.546882
230.335865	373.407483	253.248911
231.341925	376.140833	250.421977
230.9206	375.660928	254.848699
232.048625	375.452949	253.045456
232.043288	379.205866	250.226986
231.977471	376.467253	253.001488
233.714456	370.920878	248.789421
254.112198	352.654242	85.486381
232.970326	375.467302	252.988281
232.727002	377.60537	253.779033
232.903913	373.661339	254.810231
233.165308	375.258066	251.239161
232.552805	378.731272	254.611901
233.187404	376.17194	250.31819
233.789029	375.590955	253.801725
233.646489	377.621615	253.72385
233.848401	371.770577	255.679577
233.611095	373.901628	256.480042
233.898558	380.162969	249.205293
233.823353	373.675764	254.745335
233.616207	376.714961	254.635577
233.686517	375.700453	254.673001
233.718314	376.605692	253.763175
233.368034	376.040267	257.280634
234.356389	371.231632	251.342171
246.125511	373.503232	126.552399
233.611095	373.901628	256.480042
245.921468	375.685176	127.288964
233.75561	374.687318	254.709593
233.959369	374.47005	252.968348
234.214513	379.892357	255.339633
234.285891	376.055548	257.216913
234.876041	374.487925	252.905735
234.429727	376.842826	255.446768
235.335344	374.04851	257.206926
234.285891	376.055548	257.216913
235.414578	375.846579	255.416688
235.376891	374.945611	256.314078
235.818852	375.417651	251.935475
235.232189	379.802353	254.411098
235.463641	372.031034	257.258126
236.0062	376.206718	257.95049
238.755686	376.45463	218.013145
236.182257	375.078625	257.110668
235.869113	378.235703	257.898603
236.881643	378.100469	248.261852
235.997839	381.861095	254.286068
235.763093	381.172129	256.941199
237.569439	376.479985	251.776925
237.809416	371.520208	252.794164
237.237862	375.8887	255.284438
237.331603	372.963594	256.221781
237.650051	381.092565	247.207593
237.286678	372.068824	257.103389
239.675212	376.494625	218.009665
238.190025	371.123779	249.331554
237.409613	374.765457	254.444175
237.223664	373.077199	257.083382
236.640717	380.289192	257.783582
237.606071	371.733291	254.520428
237.716423	379.145425	248.168241
237.056556	379.846851	254.29813
237.098308	377.920087	255.229586
236.78098	378.256462	257.835002
238.405323	377.523021	251.683059
238.449727	375.592645	252.613323
238.642451	375.390272	250.874147
238.109349	377.835953	254.296564
239.933485	372.188999	249.160623
239.259436	379.487931	250.686363
238.771525	380.005343	255.051854
238.908492	375.14625	256.895651
238.558399	377.402291	258.587752
238.668903	380.114248	255.922789
238.451953	383.169215	255.843663
238.865519	374.247933	257.773701
238.991317	372.228904	257.801584
238.625282	376.388126	258.604302
240.142199	378.598334	251.530341
239.715195	378.106643	255.903778
239.995951	380.636038	251.472385
240.3255	374.634462	252.501646
239.852095	376.075149	255.941825
240.354277	375.54765	251.610595
240.542468	376.326869	257.59636
241.059736	375.782854	253.275271
241.291737	373.652203	252.450732
240.680377	379.956047	254.057729
240.67241	374.301003	257.61885
240.876119	379.748773	252.314342
240.751621	378.937848	254.080113
240.686696	377.119237	255.85387
242.77839	371.187717	248.108192
241.33587	376.46969	258.384173
241.654275	376.134575	255.797261
241.481296	380.093416	254.865289
242.190949	375.601542	259.173349
243.095268	377.485821	249.624709
242.910624	377.679206	251.362844
245.566492	370.240874	235.885395
244.261029	374.429896	257.30022
245.950877	375.513633	238.229846
243.489512	384.697188	258.099676
244.028457	376.567898	258.157162
247.049903	372.182296	221.764872
259.498226	350.798362	115.197472
244.488058	372.298293	256.444998
244.38237	372.409181	257.298593
243.764363	380.630257	258.140708
243.254601	373.589043	265.803707
244.86625	380.447408	256.339724
245.131518	376.383157	256.360191
248.458405	371.650093	206.743382
245.301785	378.095136	253.758426
245.035384	379.322781	255.481001
245.876749	375.628469	257.999154
258.606348	365.855904	122.912491
244.897464	378.523269	257.216461
246.450758	380.693191	249.305303
246.085522	375.407942	256.283463
257.478549	359.632075	134.844839
245.841284	372.822595	259.681691
246.704448	376.681159	257.925648
247.593195	376.721583	257.847846
247.944487	384.844676	249.106967
247.696734	376.611625	256.989236
247.505091	379.657175	257.000393
247.505091	379.657175	257.000393
247.75859	375.598012	256.982663
247.619123	372.900026	259.506583
261.420962	360.004135	127.787122
250.96905	370.355906	233.854204
248.362791	381.62358	256.065408
248.763721	373.61611	256.881682
249.529395	375.682801	256.823225
261.901111	368.344375	128.969296
261.355018	360.276961	133.105215
252.848305	374.701653	205.693083
249.588973	374.670314	256.811169
249.382124	374.890675	258.518624
250.102709	380.799548	256.792065
251.454327	375.56113	246.458066
250.251061	376.848707	257.61364
250.102709	380.799548	256.792065
250.002246	380.907604	257.656825
251.606302	382.060145	249.783376
251.433536	376.57053	254.963777
250.951005	379.935675	257.576243
263.908359	370.962423	127.01518
251.248456	386.218435	250.611933
251.252054	374.867054	257.500859
251.606302	382.060145	249.783376
251.09163	387.330474	251.474667
251.41071	373.746828	256.630634
250.92431	381.858356	256.72872
251.134549	376.892521	257.535563
256.091709	366.961046	197.506991
252.189776	373.90014	257.397802
252.288221	385.149811	249.691572
252.016967	376.936799	257.45761
254.458792	370.515289	233.651144
252.441228	384.039991	248.830812
253.15072	384.274779	250.512988
253.75117	379.839392	247.075224
252.718663	380.023617	257.431652
252.886681	381.734592	254.859707
253.096543	376.766409	255.667121
253.678667	377.13503	258.158186
255.149649	383.154899	248.65762
256.826576	370.904138	236.867645
255.585348	379.838221	246.085872
267.712497	358.965072	127.015389
267.186671	366.476345	129.134931
266.842326	369.827467	130.664367
254.398882	385.878921	254.746242
258.548137	370.385408	200.792437
263.600453	371.106801	150.060694
256.534393	382.718818	252.86706
256.21522	377.411237	266.334692
259.606959	370.803202	234.190865
261.159924	368.807467	203.576816
262.114588	367.755286	202.798092
259.91034	377.166648	237.342623
266.887733	372.456939	151.733793
261.988248	371.673977	202.469205
258.285804	373.30757	257.638924
261.905422	371.87282	204.201902
267.788436	371.502406	151.822073
262.889132	368.950631	204.441904
268.531739	360.950904	148.331636
271.892269	359.506448	133.243659
263.950114	369.462085	200.037353
269.401643	366.737041	147.837669
261.043464	376.145935	254.967528
261.135469	376.040971	254.117824
260.954608	381.002979	253.377116
260.69628	379.397541	256.76468
270.223935	368.035532	153.891492
265.863281	369.196781	197.439502
261.924837	383.774093	250.766688
261.605955	385.09124	253.375551
261.760585	379.224489	254.982149
262.061385	375.067738	254.0179
261.976826	385.598518	249.045889
271.333304	362.697054	147.303301
270.800012	376.744218	148.731746
262.833878	377.131021	254.005363
262.5575	377.448664	256.559631
262.565849	382.196503	254.128357
271.982005	374.461546	147.160945
264.283987	378.391154	247.174115
263.762886	380.910236	251.466896
273.035942	371.38589	146.538133
272.910032	370.604274	147.491114
272.836401	376.395009	146.990674
263.3987	386.071406	252.400291
263.605934	379.193839	253.992817
266.558212	371.947528	232.969428
273.731284	375.431201	147.066139
277.677281	374.223991	126.661734
274.962247	368.30691	145.908048
265.309612	380.274787	253.891095
274.672927	370.60601	147.477969
265.465622	381.989656	251.362584
265.106578	387.146942	252.29654
265.292619	382.19603	253.080965
265.167871	381.39296	254.775258
275.954147	370.057366	144.859129
274.843781	366.5623	146.949631
266.311753	381.110475	252.141435
266.550882	377.967624	251.222691
266.427856	377.160727	252.893524
276.395428	373.501294	147.206949
266.947289	377.612515	256.225069
267.206406	379.216581	252.887574
267.360279	374.252965	253.580212
268.240644	380.95993	250.31627
277.560174	371.20864	145.62645
277.519765	374.111359	145.375455
275.602906	369.231631	159.859067
278.316278	360.596807	142.097144
272.47185	373.983369	203.980952
268.866488	381.295159	252.822916
269.068908	375.315777	253.492172
268.007292	377.425952	254.465462
281.912644	356.785927	124.351741
268.866488	381.295159	252.822916
289.325955	353.370121	78.142264
270.577709	373.607122	247.558841
269.661416	381.423383	253.621702
282.328504	368.024453	125.258865
270.822134	377.281235	252.599755
280.159529	358.843473	147.594174
279.514365	381.575074	148.250571
270.87206	374.341505	253.342598
279.01507	373.183992	160.321986
272.151849	377.697158	247.518492
271.528964	377.510879	254.234351
285.857626	354.177606	120.860729
283.072028	357.143838	139.659046
284.922628	365.121603	125.440136
285.767115	365.140953	125.422689
283.401826	360.801663	142.91783
282.550766	357.900259	143.187305
286.107912	372.356123	121.230468
282.468618	379.499498	152.757457
286.913544	368.585404	122.407939
294.531108	356.440769	81.090637
279.469387	367.916035	194.876728
288.828737	354.826454	123.488588
277.608906	387.591531	227.018029
288.917951	357.595177	122.346267
290.21512	358.174709	125.011006
278.433017	393.047705	248.1561
286.49856	385.586324	153.975061
286.080216	380.602243	158.720964
287.471823	390.110087	151.901393
292.173158	355.897807	123.349028
288.999561	358.618478	146.620436
293.920667	352.725789	117.173756
291.951304	362.22466	130.094966
289.092125	380.560306	148.192729
287.907797	370.157807	160.479677
288.748765	378.634652	158.846426
293.696075	369.563044	121.285809
290.528285	366.496204	146.743543
289.918433	383.774738	154.938902
291.622396	372.764634	143.512516
290.561374	369.138527	160.546215
290.269102	369.620532	163.119683
291.969815	370.684193	148.108802
290.336717	376.9965	160.707499
291.758365	383.593995	154.057097
291.689921	364.952634	159.201516
295.750427	363.553033	126.301018
298.570653	357.156145	118.569509
292.322633	384.05941	156.637095
293.539586	364.749394	158.329199
292.895363	370.514368	163.01145
298.333277	357.493003	120.383291
295.285842	371.779599	148.852545
298.846095	361.781966	121.846823
294.274379	367.77335	158.896717
294.099262	367.131578	160.712457
293.812801	382.568723	159.35308
294.099017	372.74758	159.30096
293.612298	379.17132	162.239261
293.854404	380.632631	159.503277
295.147263	367.753138	158.892327
295.57224	384.868342	150.419692
299.243395	370.995664	122.912589
296.689859	369.991485	144.580162
295.910163	368.853962	159.655348
300.096307	365.261587	124.284371
297.553093	374.682361	143.277694
295.842483	372.709075	159.291457
305.21601	364.584356	89.194406
296.993304	385.317708	153.002791
296.351466	381.709243	160.27218
295.989122	370.227284	167.389915
301.12393	365.936585	122.390132
296.937443	364.827214	159.17737
301.838507	366.114167	123.283552
297.824664	363.845317	159.276188
302.942156	355.955575	116.786471
297.614218	383.827263	155.732639
297.420776	372.017736	161.095757
297.242348	380.72304	160.344019
297.705242	391.163152	152.601984
296.906276	368.273009	167.583648
301.773324	364.309645	124.350225
297.520279	387.720829	155.455194
302.577327	365.307314	124.259522
298.687979	386.272399	152.920758
298.574589	365.903393	159.939015
300.442819	367.552268	142.104374
298.590885	364.941653	160.038327
299.482152	368.616125	158.786596
299.20169	382.166762	157.597394
299.192397	374.720717	159.967071
299.550692	364.764804	159.175926
299.710777	386.932233	151.113564
303.557344	358.459199	124.84858
299.534009	365.726764	159.076579
300.315969	365.861105	159.940679
299.428557	366.844701	159.841206
298.781496	374.523952	164.358063
301.01966	387.143204	146.697184
299.314861	384.775603	155.650661
300.349974	368.596652	158.786606
299.892268	366.626138	164.250572
299.728328	366.92804	165.972342
300.403193	365.706552	159.077456
300.099976	372.767453	160.142093
304.276117	358.639492	125.745478
305.48417	368.506756	119.399234
300.969693	383.930775	156.578778
300.547376	377.233478	163.241397
301.007096	370.815215	160.324815
301.077218	386.548957	154.636914
300.947702	373.715221	160.053286
302.66463	360.089308	155.258881
301.667651	373.033994	161.867489
302.64777	382.545567	148.779282
301.77121	371.91443	161.09647
295.190186	392.366249	251.073032
302.758069	366.102706	161.676836
304.416083	379.604452	149.001835
303.124447	365.191216	167.927362
303.709063	365.931029	160.818416
303.370209	367.494696	164.170581
312.179105	354.582046	94.510293
308.800525	362.820286	120.784568
305.014141	367.897932	155.336701
305.255634	360.044052	155.270696
309.48996	363.976697	121.604884
310.031489	359.719541	125.647395
306.137118	367.133697	162.466658
307.034405	384.672813	155.629694
307.212821	367.636394	159.780538
306.879118	366.442207	164.306197
307.514112	370.582256	165.640449
308.619948	384.308447	147.747824
308.619948	384.308447	147.747824
308.035037	378.809086	156.099013
307.73159	370.142748	163.050453
309.822843	378.638706	155.24058
310.221376	362.183962	156.850209
309.712311	374.220909	158.273088
310.651093	379.60352	155.16231
311.385991	367.851411	161.564709
311.503166	379.59455	155.167423
311.29148	368.963233	162.329148
312.406056	383.200833	153.11869
312.998253	384.001873	146.014837
314.137787	366.561231	159.976155
314.269065	361.741824	160.510851
317.367069	360.39658	134.746233
318.754786	364.028302	156.78848
320.436458	364.986223	156.717491
327.794049	364.108067	126.431238
328.959695	382.955468	145.377522
334.370461	354.746516	98.988828
331.207566	373.743515	155.974773
331.295772	377.922895	151.143849
331.137465	372.218456	158.789808
332.142675	368.352495	159.237344
339.946934	356.646202	86.428374
337.979659	364.219674	119.482957
343.289854	344.160297	51.040523
334.583609	386.278453	146.945423
335.004793	362.459073	159.086637
338.80164	357.049619	124.679476
335.606058	368.263015	158.40877
336.380529	369.383363	159.174259
344.217731	350.019136	73.658474
340.300293	363.577973	121.447424
339.755253	360.461689	133.446232
338.631003	366.804199	148.851871
337.460897	366.32598	191.922284
339.475854	367.656425	147.886779
338.730904	375.955327	156.704642
341.699039	357.146661	131.115374
342.191356	355.012829	124.079102
344.196176	363.882376	98.076546
334.815514	395.190524	241.120566
345.34377	366.867913	91.660567
343.514192	359.288164	125.564246
344.372689	363.566644	120.720842
341.950185	363.832148	154.559221
345.736389	368.697298	96.073104
343.899996	365.649858	127.721452
342.686624	365.093757	156.19184
342.760691	361.785371	160.147424
344.975853	356.391631	132.192346
342.300145	372.14793	157.140428
342.760691	361.785371	160.147424
343.688993	363.736937	153.701454
343.389278	364.420929	164.249556
344.43273	362.103587	161.892594
346.198994	367.846583	128.511002
344.941903	368.892593	161.050645
345.705039	370.857442	160.819001
347.58118	362.821557	121.826888
345.318263	391.45625	145.85601
348.341333	357.883721	128.570663
346.03398	364.219012	162.51308
345.681789	370.995815	161.681322
348.726049	366.818108	127.803148
347.308799	366.092477	142.882494
342.382674	391.912423	249.131365
350.487923	356.339831	118.894454
347.625224	377.887467	141.756773
348.036318	363.447257	151.125666
347.72014	392.818368	147.536337
354.727211	348.177258	65.021804
353.000604	364.476532	84.505119
350.133338	370.127628	129.351276
350.443206	364.899363	128.031831
348.542469	391.113817	149.384225
348.740193	383.438852	151.699771
349.552819	380.621006	158.90348
349.418801	391.89844	147.623955
350.150045	367.67214	164.714589
350.288174	391.81538	146.784624
353.144119	366.774679	119.984857
350.442327	379.110436	161.664257
351.059183	366.8703	165.689695
351.101695	366.037524	166.673386
350.135574	390.714143	152.88253
358.713393	343.876691	50.026691
351.88987	371.248828	149.433375
351.832274	369.12369	161.027961
353.576938	366.302493	129.799322
353.922433	357.097339	135.070651
351.929038	391.15387	148.576768
351.946754	387.683075	152.260449
350.456023	373.194527	233.038845
352.573932	371.238187	161.652316
353.425869	361.424471	143.482773
353.075959	362.925987	159.156774
352.710081	371.417738	150.296375
355.768827	361.139806	122.328927
354.63219	367.45343	149.869724
354.355238	374.639954	144.792542
356.057196	360.272674	141.886126
356.840847	367.32692	128.948012
355.671302	378.08127	160.045107
356.569558	362.363588	160.984266
356.592428	367.698382	214.098199
356.433325	380.08431	159.854116
359.467154	367.654005	123.747273
358.695949	370.115608	159.173786
361.078717	367.013651	125.618186
364.51416	349.456349	72.49358
365.397059	343.097702	59.226344
361.331882	369.809687	162.68289
361.3941	368.69803	161.944145
362.087974	371.380764	146.966442
363.90313	358.810958	130.757483
364.757618	363.170381	119.92125
363.043091	371.413805	205.999238
359.469498	386.841849	251.599629
365.378904	373.452181	145.972382
371.146258	345.033112	57.915116
366.011692	369.077057	200.98319
361.175134	387.890263	251.697226
372.089941	359.037099	46.102686
367.004841	365.062608	124.239963
366.288983	372.39216	145.22771
366.116301	376.421717	158.565836
366.235549	373.385493	145.138036
366.40187	375.588274	205.67908
367.316978	386.835677	146.66514
368.038989	371.518448	145.338974
369.28933	373.451407	203.249162
370.298874	371.456832	203.433288
365.488997	390.913892	251.108657
366.339675	382.939596	246.866392
370.627453	367.135449	200.3196
370.470806	373.826147	146.039835
370.700534	369.840862	146.393477
370.761184	368.845402	146.484693
369.783168	386.531215	227.979629
371.434849	371.89777	146.224375
371.62345	372.083403	160.761438
372.113188	371.448578	202.577787
372.336896	368.27366	201.102653
373.793364	364.763275	158.0955
372.712111	380.269979	147.277634
373.602178	375.698056	204.042519
374.371862	381.420145	147.237788
374.469874	379.537266	148.22653
375.933591	368.310648	200.268022
375.410614	374.807657	205.046594
375.37493	378.49288	147.478679
379.361981	351.656887	82.717274
372.581779	387.613198	251.686808
376.186248	379.80675	149.099908
376.346359	376.806099	149.330534
377.258669	362.951789	151.407449
380.262665	348.548222	83.017512
377.42941	372.559467	201.712525
374.168192	390.766359	251.835262
376.777415	373.29679	234.978213
381.187016	373.938556	86.338509
379.101682	374.028333	149.610075
381.193821	369.534721	201.179102
376.315778	387.227989	249.420825
379.903905	375.107109	149.544205
380.985132	371.773718	203.67261
380.76013	374.003626	206.187661
381.926408	369.99569	148.276797
380.143485	377.472419	234.264607
377.421183	379.711043	258.068388
383.80966	364.730656	133.267121
379.33357	388.614677	253.248021
379.42799	388.510402	252.379217
379.712915	388.212087	249.770997
379.659146	387.242512	250.647859
383.749459	369.385661	150.063966
385.684344	367.702168	203.299797
380.382978	388.385131	251.605859
380.046908	387.73747	255.081542
384.673888	368.330671	149.304325
385.66432	362.826157	133.40685
381.80302	370.260859	252.398248
381.377884	387.196024	250.841817
381.133972	386.42958	253.447883
380.871859	376.492107	259.210339
386.947974	363.036471	154.047241
383.774761	376.682348	240.726981
381.750733	378.637919	267.051946
390.535548	351.159587	67.391893
387.768909	362.732179	151.489697
386.82474	372.872983	124.284366
387.504548	368.499252	156.184819
384.031946	373.88406	246.817808
385.250895	374.671655	243.533507
383.240094	379.739347	260.514231
384.589542	374.090489	249.455897
383.620068	376.163231	257.879163
385.297664	370.045434	252.049941
384.629281	387.289538	252.998255
389.996738	381.754074	119.62772
390.627515	366.236514	132.379325
390.838991	363.421805	134.251664
385.892389	372.343366	253.870967
386.337538	369.838264	250.523177
385.04786	379.554371	259.91181
386.285428	377.165023	248.842505
386.364301	384.119508	254.106417
386.005951	389.678534	255.815034
385.875451	385.729467	258.430688
391.70718	363.351777	133.402127
392.167603	369.213892	130.522025
392.087916	376.940234	220.338792
387.746516	386.517243	256.940919
390.108077	371.202431	255.398971
390.369195	380.319892	250.296486
396.730291	389.072488	92.751719
395.638186	369.532249	130.533082
392.01081	373.449723	245.377157
391.941659	369.96434	254.86317
391.561785	385.989428	253.95161
392.851915	374.033865	253.334226
398.062923	361.031672	135.2232
392.116945	379.054244	259.307986
393.354238	377.515976	256.030982
393.351649	386.913746	253.302919
393.68173	378.216815	252.584642
393.710313	374.001594	253.48284
395.392196	378.654636	244.88054
394.157423	385.904671	254.328461
395.273667	375.535506	246.717643
394.630182	374.957414	252.767167
395.347414	380.312491	252.825931
395.052924	384.801537	254.48047
394.761063	386.172188	257.076819
400.333864	379.816591	126.711519
401.17973	366.388599	134.105606
395.891363	385.850801	254.582592
397.679437	374.495755	248.894351
397.130156	378.100291	253.147757
396.897772	380.435894	254.839467
398.062394	371.106984	246.400417
400.303114	372.873607	235.073561
397.994306	378.073079	253.289545
399.568144	370.862217	241.332478
402.785483	368.332582	132.315345
397.994306	378.073079	253.289545
399.525463	373.306363	248.344135
404.30365	359.687655	130.972061
399.776723	375.8639	253.630484
401.262562	371.885734	241.545124
400.799111	373.088516	244.998776
400.244311	371.254845	250.289787
401.249316	373.256455	248.627371
400.50484	378.08433	254.585008
402.124523	371.862816	241.675666
400.403728	382.404196	254.452453
405.997714	361.017297	131.751294
402.488486	374.63321	253.230654
402.464464	375.712059	253.194448
404.425897	373.363893	251.812106
404.03089	375.842166	255.223317
408.974786	368.192792	128.90881
404.162275	373.598156	254.428283
405.272383	374.425328	251.907658
405.923398	370.850733	246.786605
405.339169	371.192652	252.040584
411.15387	366.964424	140.023893
406.075098	373.404901	252.967763
406.01043	372.405683	253.886048
405.379202	376.302263	259.855099
408.080737	368.932333	251.684531
407.077532	371.162849	252.324315
408.26764	368.806629	249.931808
411.968024	364.435371	130.738437
408.151771	369.94067	250.758159
407.464432	374.799469	256.698315
409.318345	373.615558	256.141417
409.964816	373.90113	258.897197
416.314242	365.40993	150.310658
410.444164	373.36007	253.634541
411.534679	371.05525	252.108884
411.175007	372.444801	255.57741
416.301651	378.903477	126.910392
419.029351	367.638528	134.899375
420.689689	371.425471	92.531536
420.755914	381.682594	136.375453
422.006456	379.299828	141.559731
422.416572	381.113916	126.102979
424.433103	384.53991	98.094658
424.807957	379.723642	144.185774
425.112735	383.928219	136.461359
426.285078	369.593795	139.177624
425.464189	381.514357	141.627716
426.284568	382.278374	97.346361
425.971937	381.823623	129.633429
430.588095	364.967597	143.519673
432.426705	362.392398	140.196322
431.134596	367.549249	121.557554
433.493966	365.457458	146.97492
433.467589	362.771367	142.742188
433.288805	367.57742	146.969823
433.262714	364.895678	142.727377
433.197559	367.360813	145.263906
433.942465	370.873704	147.851827
433.115875	364.537365	122.571593
433.967616	367.032135	142.738369
434.752942	371.946696	147.883614
434.872521	367.044099	142.762817
435.71948	369.521412	145.339483
435.989168	362.309514	139.439262
436.771521	368.583572	146.222644
437.13413	362.934623	143.677864
436.390801	370.249452	142.812089
437.146021	375.054821	147.139809
436.588492	369.099041	129.323316
438.245286	370.386386	143.728318
438.382626	372.002034	148.018924
438.104902	371.328915	142.876784
439.587454	362.338248	139.547053
439.8619	376.360312	148.99868
439.325606	369.414827	131.10429
439.230928	368.930779	128.587718
439.730474	366.830735	134.502031
438.69457	377.408227	128.422135
439.862568	368.58991	138.702569
439.22073	379.796571	142.979385
440.907198	370.291463	142.982487
440.228188	374.228248	100.15277
441.147663	369.567093	132.015672
441.187375	375.093515	139.613356
441.913222	374.401081	101.124022
442.692368	366.337955	137.975437
442.841745	366.738517	140.507763
440.997651	385.940476	129.259321
443.017851	365.723291	128.803342
443.053568	367.277949	131.283855
442.995693	376.417285	141.411796
444.390068	369.514436	153.459798
442.676787	378.001548	137.9799
442.906823	380.718567	124.255705
443.641458	372.897244	132.933316
443.469591	378.91863	137.161179
444.420438	371.376996	143.149668
444.089873	360.023522	99.560613
445.544572	368.069942	142.328588
445.944698	366.435152	145.73938
445.191149	373.626838	144.065883
445.953583	369.016507	149.202782
444.871994	381.018478	131.209073
444.56458	384.518078	122.510255
446.147675	368.606739	138.972895
446.418155	371.870766	146.685817
445.529442	375.893042	138.110112
446.789368	371.794168	139.012866
447.728004	365.141849	144.116591
446.540559	380.100413	145.085423
445.909655	379.070026	132.132957
446.452058	373.343066	135.60082
446.387368	385.566452	127.765503
447.44416	380.108259	145.138313
447.318616	374.548441	136.491051
449.016641	376.808842	137.432624
448.172868	386.760779	128.695894
449.059144	373.030461	134.033897
449.720519	376.044941	133.195606
450.234224	371.363787	136.643344
451.166011	367.557763	133.337053
452.759431	363.885747	150.404324
450.965096	372.119149	134.983715
450.95609	374.692231	137.53365
454.101805	360.517292	130.240082
454.572372	367.046001	142.830726
455.16563	367.015702	126.056311
456.819062	368.193139	150.77336
454.500055	382.562475	119.592461
456.136399	366.490359	139.518542
457.810836	371.314617	143.086658
457.006056	365.937846	126.17545
457.206215	392.682385	133.458086
458.660319	359.716101	108.990207
459.885334	372.12027	148.468068
460.53982	363.025923	123.1252
460.596662	377.54189	136.350377
460.894937	384.877171	125.837223
463.695712	371.117614	117.122443
464.976915	383.110701	138.344414
466.049785	370.691558	146.287938
465.545579	380.514031	148.176004
465.586185	368.015212	113.097494
468.898336	368.69819	147.356279
467.655344	374.008246	129.856894
469.185119	389.687986	129.611246
470.651515	369.900735	148.393244
471.265993	370.257874	144.029173
470.625411	362.684286	126.856363
472.74981	364.550609	148.473138
476.599265	370.073674	143.51223
478.759947	362.722846	144.512851
478.557624	368.212506	145.414315
479.659684	386.634161	141.911592
481.661976	381.691052	143.866349
490.69524	378.312706	138.109227
492.44098	381.803621	129.116775
496.898306	362.62176	122.698171
502.549558	370.633339	177.943571
502.567476	370.726229	178.810017
503.770961	377.308526	162.623947
508.573625	373.378791	175.077104
511.237022	367.410058	149.262193
511.755148	373.757243	162.429433
511.090022	363.772231	146.66397
514.77867	367.428001	150.49772
516.021033	372.955514	158.442024
107.625314	320.280731	156.472764
105.834875	311.467675	164.85437
106.448056	345.735442	157.704282
117.414541	314.252922	140.524789
115.68651	344.357466	143.007944
115.809888	307.064902	146.646764
110.086454	332.130027	167.81778
121.761137	305.506481	130.726926
122.969023	322.702384	138.582339
115.568693	340.440797	167.516438
116.707897	313.739416	167.905102
124.559976	304.224691	126.694341
121.303177	320.534411	158.487913
121.50385	340.064561	160.674604
120.675059	333.163472	165.750958
120.768431	342.274368	174.554318
122.164919	353.368039	164.540798
121.386401	354.018136	182.557891
125.039516	357.776731	170.123578
132.924994	344.727948	144.697715
131.336876	350.889517	148.922198
118.730294	325.084779	236.724886
144.982981	323.939707	104.730628
144.968269	322.98771	104.738758
129.353475	316.740428	191.423191
142.700274	340.241112	130.590987
136.099662	349.054057	157.020269
130.823001	342.041757	190.995444
132.527219	343.081288	190.925926
139.125229	311.979059	157.769151
126.876206	326.400926	229.317791
144.611325	345.691438	132.243266
129.506722	328.648612	230.238485
151.478857	339.104481	109.705787
149.390694	339.56273	124.63848
151.671804	332.207773	120.825987
152.357409	319.767286	114.339324
153.489169	302.835028	114.040628
139.637401	322.804945	190.092448
138.919744	318.940949	194.592331
139.380846	324.108219	191.693343
156.759742	308.151659	106.608373
156.724697	307.218495	106.648357
141.50694	323.83214	194.281438
157.49337	317.028462	109.097522
144.6139	323.815041	202.139205
147.615192	357.55662	186.456246
158.347105	322.265847	132.769988
151.785891	349.703353	171.235361
167.020893	326.894903	112.407464
152.192991	325.45127	190.121168
151.520866	321.607722	194.694241
170.636189	318.31081	101.962852
161.240915	315.168895	148.139776
153.478236	324.195117	192.847718
153.726766	324.78442	191.073519
163.532697	312.910639	141.144917
166.765239	315.696548	131.266254
173.008738	324.377168	104.901388
162.276474	312.755455	154.454007
172.938925	332.031452	114.599987
178.110308	307.741148	89.89717
162.460146	311.399493	161.572099
167.823935	315.713935	144.521789
178.564636	312.820465	98.126865
163.006062	312.678725	167.576553
180.038902	314.174084	95.551413
167.902212	312.546486	147.359983
160.2828	328.384753	192.826032
177.295278	324.490697	110.602887
162.076991	328.294551	191.989641
161.674662	325.038211	194.825908
163.519745	329.951586	181.285267
184.272044	299.492261	85.894146
170.974341	326.759483	146.514523
166.508094	319.434158	166.997201
178.287985	315.127629	122.910171
167.983371	318.756865	167.887725
164.720059	328.240096	191.15274
185.526167	334.139245	91.779153
171.778585	318.69671	153.02854
171.432478	343.415709	156.153186
171.688291	326.334401	162.058179
171.575693	322.561232	162.307891
167.85452	332.897959	194.595853
183.299633	347.011042	119.033008
173.4905	319.490703	160.750725
174.690835	331.796053	159.923671
185.93899	343.28479	115.916849
191.804032	329.449898	87.954271
170.538746	329.786894	192.951151
191.321649	320.372218	100.322916
175.437108	323.122883	163.910985
180.458223	334.084973	142.665097
172.578922	320.285453	188.06449
176.776815	322.610868	165.656105
181.684639	332.620455	144.404238
173.091922	318.955647	190.870427
173.005552	337.216918	196.32994
176.594078	329.660173	172.173868
177.147734	317.376241	167.815056
180.678486	345.92754	152.290658
177.939972	315.554266	167.96158
197.371699	302.831798	86.114554
197.978544	305.002157	88.02791
191.565652	328.403005	118.212376
196.775468	323.266713	100.797629
177.016787	334.177452	189.987867
197.60778	311.918879	95.35439
196.790478	324.213569	100.802035
181.3153	334.168291	160.433756
183.181926	310.238212	150.157773
178.012969	322.013	186.116528
188.112141	310.266882	140.685126
202.291492	302.343036	89.300783
178.1077	325.342822	219.769058
200.382656	328.140149	100.987624
200.47538	307.874031	98.143681
199.500932	300.156667	100.588414
188.89601	338.540889	143.249216
185.749791	326.516218	159.139519
206.160894	302.158519	84.434639
197.396688	324.214248	116.044009
185.220708	333.747785	162.054106
204.195897	337.519761	88.522081
195.023544	332.266093	124.762673
188.911243	324.531055	149.080319
203.594978	327.651352	98.586562
191.06645	355.355679	148.334436
191.218349	328.983229	147.105515
208.549648	331.940668	85.589309
192.300619	349.519212	143.583711
193.279854	338.990242	139.945525
185.05668	334.177339	188.972393
190.201694	311.392516	153.581159
210.717078	301.143208	84.960423
209.442837	314.780919	92.140941
194.67902	348.570459	147.682864
194.712903	311.658364	149.319761
188.405113	324.864394	189.619239
194.932308	346.870087	153.496114
200.239574	343.856689	134.107084
212.136278	333.114938	95.173805
197.52174	347.305423	150.167124
195.353028	321.30344	158.728118
189.201951	327.886096	231.004489
189.567326	330.725149	225.044678
196.991268	340.948765	152.155049
198.362991	327.353967	146.462015
189.218454	328.952297	231.900999
189.962409	325.528724	234.065354
190.332266	330.642478	230.896833
190.134426	328.152722	232.963139
190.260799	326.364604	227.300461
200.78306	345.348789	144.577759
208.541712	338.876799	117.40414
207.265377	328.240456	121.968128
192.186906	327.833862	231.171775
215.995049	326.127578	94.906443
214.24553	331.938981	102.097227
217.860128	317.387541	91.081701
218.914025	319.148864	90.262182
196.264705	331.052068	234.97397
203.269223	326.909414	151.624265
198.312235	316.960057	180.43467
205.319948	317.312843	146.57621
220.995536	322.745415	92.765283
203.56274	335.106351	154.295855
196.480859	354.412548	257.190126
203.757101	345.471326	153.564909
209.837498	351.542969	134.755735
223.396012	302.936576	86.427687
221.325114	323.391022	95.265068
204.839478	344.435293	152.832993
207.106689	315.40254	150.217877
205.190551	320.988832	159.031064
223.281847	334.857964	91.838339
209.677406	319.909391	140.637886
208.283751	324.994018	146.094433
212.777241	337.684996	133.928267
227.044915	330.679102	82.226215
208.670316	329.350747	148.286041
200.918199	329.566893	245.518176
226.162476	320.13742	89.796603
211.307107	346.492633	142.353081
209.404193	336.112844	152.77601
209.102083	341.122511	154.028341
210.093181	320.079972	153.359472
202.945713	334.358254	262.178831
213.18341	338.75931	142.067524
212.602894	343.10867	144.230187
226.94745	338.72072	89.779697
213.016683	323.079314	148.999989
212.307698	334.278821	152.251505
205.739347	334.575021	264.660964
230.135177	324.656094	91.357805
213.775939	340.642236	150.198998
206.893864	357.534003	263.112152
214.68285	324.325317	149.846262
214.30314	332.373925	151.698357
206.939051	331.508507	262.239277
208.931001	322.366006	195.354191
231.840502	338.344377	87.427725
215.260981	319.861376	151.109038
209.115988	328.423768	259.759413
214.583	329.092496	158.790665
217.172349	321.869029	151.067103
235.841343	318.528591	86.140139
235.877932	316.559492	86.2369
235.296106	321.069228	88.467871
215.355914	333.28962	171.493256
220.275772	332.469249	150.461056
220.030221	330.747997	151.423198
239.291149	320.669173	86.114226
222.29431	338.318775	150.20287
239.901265	317.131186	87.978637
214.429761	346.637824	274.28418
224.244556	333.534994	149.874813
247.116866	298.062103	44.727658
225.792585	334.011922	147.416386
226.807767	330.065275	146.907689
228.149621	351.48102	142.32185
232.025982	349.69967	134.238391
246.722397	307.901091	79.938948
222.276152	366.445071	254.105584
246.294629	318.011401	81.327653
227.603446	346.839638	156.926205
222.552224	367.980954	250.461946
222.665056	364.143533	251.591522
245.083935	326.170594	86.618316
231.155899	345.531351	145.454323
227.990492	317.265903	158.47421
224.089318	362.651407	247.185301
223.528709	364.238003	252.418975
223.077126	367.534489	254.872538
223.888565	361.968514	249.896737
223.528709	364.238003	252.418975
224.330818	363.470964	254.166343
226.405528	330.805102	169.563197
224.425033	367.074754	251.314639
224.076944	368.398752	253.889585
232.263375	336.5193	144.373798
224.928161	361.858207	248.961279
224.709105	364.892174	249.670421
224.801987	362.93165	249.785706
224.886473	362.832505	248.904342
225.802083	366.574574	246.850258
225.879994	361.850462	248.905038
225.499264	367.854182	249.444464
224.756337	362.059457	250.720873
225.381914	363.346626	253.232753
226.275983	362.294997	243.53447
225.723044	366.667205	247.73612
253.369744	296.922667	37.208346
227.287981	362.216555	242.596724
249.368305	321.532665	82.765124
229.907093	324.471334	165.233365
226.785897	362.820637	248.79268
226.030034	365.527457	254.809999
231.941203	317.307076	157.92973
227.645142	362.915144	249.610018
227.461837	364.978866	250.382862
228.752708	362.726203	247.79354
227.81169	360.871045	248.83514
226.831466	371.267829	252.692195
251.962615	294.636262	73.71556
227.793933	369.375894	253.616275
225.644415	344.794863	268.990646
250.602109	335.767039	81.424487
228.539766	363.895126	249.49647
227.992064	369.157745	251.867889
229.383059	321.268256	205.413521
228.21492	365.185871	252.068505
227.769937	371.268667	252.639505
227.806661	367.496728	254.584824
226.063232	360.045144	270.226891
228.605485	371.381165	253.45886
228.566047	370.48987	254.379955
251.43125	325.199028	84.984623
234.292393	316.859046	155.466612
229.079511	370.859879	249.073969
229.922854	370.965952	249.899386
229.879917	367.27747	252.713834
231.532682	326.030546	205.144848
230.624074	362.735681	247.665449
231.463029	324.044255	204.405496
229.043455	356.100413	263.377498
236.795324	351.907705	155.064123
232.649535	329.837228	204.889101
232.318898	357.193828	239.944794
229.580672	351.892411	266.66009
234.628786	325.89894	166.558577
230.790958	369.172451	251.686903
240.462462	311.854937	134.911825
232.58514	327.847622	204.152175
255.005094	300.97154	75.425037
237.870267	353.770347	149.873998
232.429712	324.181413	205.370014
232.429712	324.181413	205.370014
230.907929	367.177251	251.77635
232.804202	334.368592	202.677346
232.111936	366.887924	249.095032
255.184933	317.210441	78.561529
233.587399	328.929002	205.036221
232.198415	366.794818	248.221605
238.388707	319.46713	149.361129
233.55772	327.884066	204.221169
233.801123	335.45949	203.568213
233.689642	331.665692	203.896581
233.374528	357.969258	237.191332
233.440544	325.156107	205.355377
230.637543	365.693168	268.796284
234.528154	327.92062	204.289196
234.230408	321.628611	207.511002
234.019786	362.081056	239.579434
233.977066	360.267262	241.436261
242.526195	344.838232	136.853361
234.771131	335.501041	203.638052
233.624851	371.016148	249.66331
257.169061	312.168809	76.90624
260.47164	295.071736	44.436089
237.556675	319.021709	165.586297
235.657694	332.692445	203.952549
255.725602	329.351797	83.689718
234.185047	369.483862	244.452707
235.758087	350.108492	245.21435
236.686467	334.441929	202.075927
234.376148	359.056409	256.862975
243.496286	348.929427	141.045196
236.755196	337.2993	201.824452
236.730449	336.441263	202.800146
235.442139	361.653674	245.617133
234.696701	369.933613	248.768984
236.660528	333.491038	202.159004
262.093438	295.202394	44.344942
237.477819	331.549637	210.433437
235.903601	367.771776	247.042039
235.789774	366.951923	248.818177
233.056074	362.318201	271.810137
237.784998	339.835807	198.073857
235.003907	367.777628	255.719092
237.733337	361.194877	239.39743
234.062852	368.794903	269.225405
238.792864	342.572365	196.104069
237.463701	354.941032	245.711964
238.35283	355.915466	245.592423
237.490207	364.304829	251.340195
237.721219	363.127271	249.654478
237.809416	371.520208	252.794164
237.286678	372.068824	257.103389
240.430814	333.168421	206.900156
235.926444	354.751711	272.130287
235.78193	366.109539	270.674423
264.147396	296.431811	34.040812
263.954258	297.709129	36.6913
248.827267	354.025756	133.140735
238.146153	367.405147	252.036769
237.630384	367.94341	256.319147
264.670234	297.936971	38.473001
263.570023	298.352451	44.070931
263.99316	306.456473	43.532606
243.993055	335.084189	156.953695
236.674886	335.519107	268.115193
238.610956	370.691661	244.984491
237.34806	371.062489	257.122349
247.065785	315.148212	143.02465
265.356645	301.868147	36.273911
264.640968	302.088411	51.265093
236.970402	354.622733	271.162719
246.025378	320.835431	154.353375
237.725494	339.065812	267.031627
238.402837	361.556473	266.221928
265.708151	300.858856	47.503089
247.097533	319.389063	148.184065
247.865987	319.634358	149.121672
239.131882	359.882032	267.718568
239.107365	351.523897	269.163183
238.39429	366.270822	271.175122
247.45202	317.14697	151.026385
245.94502	324.322835	161.431712
242.79145	321.035019	208.905241
266.953103	299.288768	40.072641
243.304311	342.30251	239.813722
248.500177	316.000144	150.249628
253.433236	348.900178	128.346137
244.519219	343.759807	195.586435
241.544532	363.95932	255.13799
243.165496	368.872262	232.59899
242.218363	365.149765	248.327146
239.687149	370.606374	266.971887
239.645762	351.897807	271.464033
239.833201	347.99346	270.562651
243.259024	366.923991	245.633437
267.838491	310.841824	43.864903
240.565744	341.659694	271.961511
268.553882	302.173699	36.956629
253.995232	351.337463	129.971218
240.236018	349.420734	273.691671
255.197985	346.984763	128.513819
241.222874	343.754227	273.425542
268.880065	305.893273	44.112784
241.725514	350.708698	269.494212
268.924756	304.890619	44.17832
268.398651	306.639984	53.513384
269.686328	307.800802	42.028276
253.033353	340.999634	143.842812
269.520778	308.10392	45.78941
250.336522	346.540248	159.368589
244.178668	365.04008	254.838148
252.112159	313.202545	150.613919
245.67408	367.286164	247.956064
269.954735	299.928329	44.44399
244.904978	364.300131	256.412624
252.512716	315.689511	148.703626
243.514394	351.672119	269.217805
244.488058	372.298293	256.444998
244.69103	364.523203	258.087053
243.233451	347.286004	271.524451
254.404962	347.400957	141.752106
243.112822	347.404203	272.341018
243.00542	346.575357	273.136641
248.187896	353.864852	197.51576
270.902013	311.435442	48.273101
271.792469	302.374844	36.705655
245.335693	369.539948	258.041694
244.949851	372.78602	259.769116
243.935336	344.681797	272.935386
271.96591	308.27074	45.554375
245.101615	330.401207	271.463469
266.433336	337.633717	93.678392
272.455651	312.618203	48.985338
250.8945	355.150931	199.300598
245.662174	355.069737	272.175341
268.823866	335.783281	84.201441
249.095462	369.465392	236.567613
246.135132	361.164652	274.003706
258.738462	352.479397	138.034972
254.742087	328.132116	160.047744
248.145372	367.587917	249.399708
254.865373	318.79816	157.813285
246.689201	349.321093	271.775215
251.804617	355.193807	199.335655
246.569715	358.839862	271.41421
253.330003	325.318038	171.104374
250.143621	368.37784	234.840685
248.098636	367.652317	257.727349
246.447286	358.963417	272.239852
254.827429	345.920986	160.627649
251.830228	353.254243	199.522567
249.028805	363.836921	251.000896
246.433575	362.753812	271.623921
246.655576	343.728121	272.43304
273.540482	306.616331	48.336796
272.772595	316.550927	68.224378
271.091123	317.597093	82.49656
257.540248	314.199285	146.33702
247.36542	361.794884	271.448576
270.858529	335.469759	81.445932
256.526997	315.677521	152.574584
248.775249	369.807956	258.512457
247.814668	329.398581	271.053524
255.953159	319.600172	156.923206
253.026714	326.772319	188.083605
252.816031	349.2488	198.206283
253.285317	365.47904	202.874218
249.23649	366.475771	255.935539
248.932175	368.693363	257.649961
247.468326	349.44572	272.444026
246.676601	364.380968	275.715137
253.483747	360.31678	200.681292
256.044441	330.059602	164.585211
250.517805	358.52531	254.861861
274.72265	317.74794	48.404409
253.345644	338.147075	213.813966
275.341455	305.475765	45.449633
275.066504	304.06543	52.090385
263.510351	349.757673	126.737675
258.347597	314.748484	152.721413
256.591281	350.953881	161.206817
276.278483	304.354086	43.592156
275.580551	312.15569	52.457754
271.967159	343.123892	83.35674
259.120388	320.71236	148.834767
249.415732	335.195402	272.019225
254.360554	361.329834	200.614919
251.61301	364.956888	250.725133
248.867597	373.540691	270.19774
257.974493	330.544971	157.372459
259.197761	316.917508	153.579175
249.879339	351.630232	273.744797
250.4259	335.076643	271.062501
276.301061	315.187032	52.183289
251.611058	365.931234	258.120283
250.520298	338.753421	270.171029
250.019608	350.548387	272.872063
277.292485	303.045604	39.911596
257.991575	323.905374	163.249149
255.649538	343.307971	196.327506
251.574232	368.820283	257.367282
258.319274	318.291642	159.889
257.951671	327.008148	163.98275
255.663484	329.364051	193.303335
255.12839	363.599173	203.071375
249.60885	367.060021	273.059571
260.397896	321.595155	152.503347
257.820478	326.210265	164.939437
255.991645	363.728327	203.952831
257.610571	353.36874	189.218217
256.420457	321.657626	193.951828
256.610009	332.378254	193.962947
256.645484	335.276188	193.699306
256.224304	359.364348	199.968958
273.787642	342.109867	82.410009
260.063959	314.991993	153.71777
256.645484	335.276188	193.699306
256.562446	329.480002	194.212572
257.506864	330.471738	194.176294
258.432852	330.495785	194.219592
254.080935	369.987533	239.603514
250.815241	362.016944	271.797716
278.122636	312.145259	50.318307
257.553736	331.349844	193.233528
256.224304	359.364348	199.968958
251.749905	347.78745	273.282707
261.752596	316.890509	149.148149
261.95243	355.504247	150.430542
260.238869	325.340136	160.544698
259.766885	325.09757	164.203253
257.42637	321.487365	192.268874
257.5386	328.357822	192.617096
257.434475	326.605519	194.49536
278.361719	306.0939	49.784132
261.233025	328.831052	153.999375
257.505132	328.44892	193.478743
254.84472	368.241751	242.101218
257.464157	321.389087	191.400681
257.553637	337.322173	194.4161
251.74961	363.90066	270.985298
258.415627	327.504644	193.602395
258.508898	338.2296	193.503943
257.74502	366.5409	201.984982
253.048512	343.611978	270.57147
252.726687	358.134794	271.295324
279.672129	302.347316	41.623565
278.299329	312.291121	61.448502
258.30039	323.727053	194.764962
258.397034	354.646641	191.745482
255.073586	361.359956	251.95459
258.523601	335.242607	192.926626
258.104583	356.423843	199.428651
254.982192	361.458357	252.771871
254.92306	360.573169	253.566981
279.615879	300.61613	44.54179
278.733655	306.864585	57.11579
259.69732	325.6626	185.910483
258.337232	320.538911	192.384521
259.378479	327.434203	192.784713
259.39104	330.429299	193.402866
258.51179	339.195966	193.407223
258.309509	343.647944	198.995799
279.712267	303.166971	39.704451
263.734303	352.636834	150.705681
263.12696	320.677838	152.686084
258.467595	328.380975	192.6625
258.88653	360.435907	199.929326
258.723477	364.522493	201.299021
256.8152	369.970401	237.734829
253.694885	371.406189	260.520138
253.316394	338.623701	268.938729
279.519796	306.351124	41.292753
259.378479	327.434203	192.784713
259.362389	333.506617	194.859378
263.971073	325.455472	147.927592
261.709249	323.976555	163.455698
259.404038	334.387136	193.914586
278.279041	316.147863	60.300991
259.316594	322.495796	192.292339
259.32532	326.558007	193.723096
259.45205	336.233902	192.874407
259.161641	320.845001	195.02211
255.908087	362.389004	251.878112
255.826052	359.629046	253.445699
253.70135	355.221268	270.977721
280.545825	304.929723	36.71588
279.548511	306.920147	57.030808
261.731202	324.95148	163.40104
259.404542	331.396981	193.318927
259.360424	328.493742	193.566027
254.471465	373.466026	260.508377
259.289729	355.641876	191.668783
259.423945	337.28809	193.637602
259.010608	357.337424	198.488066
258.718744	363.639331	202.25278
279.555483	318.195994	49.7471
259.463133	339.134424	192.587207
259.39446	333.419988	194.003557
260.31182	341.265219	194.136697
258.750365	363.545951	201.387128
280.598204	296.555247	43.901648
278.829656	322.345966	61.692613
263.996232	349.335836	149.170799
263.574906	350.909769	151.728275
259.425733	330.338969	192.543266
259.341623	325.497355	192.938004
260.393844	334.232318	192.237491
259.218399	324.80467	195.592544
254.109632	337.76793	269.614745
253.359259	350.816686	273.978112
253.144824	358.626388	274.488089
277.698477	331.9424	80.157976
264.521787	358.621535	151.136093
260.338675	343.112256	193.076352
260.311961	338.36432	194.432955
254.2416	355.586943	273.329879
264.582002	319.861131	149.139853
260.325823	326.391271	192.041783
260.151647	321.736041	194.133352
260.365931	335.289096	193.004575
260.235221	355.575485	190.829369
260.293959	331.506633	194.215392
260.260932	331.593946	195.0707
280.843418	306.146197	48.618565
269.576919	333.930082	122.460354
260.36348	331.327962	192.499738
261.177325	334.601575	195.69441
276.929642	321.103787	87.06205
262.657323	324.966232	163.447699
262.404319	323.371973	165.363723
260.342132	337.311182	193.673806
261.160255	327.653989	194.582652
260.201966	327.724856	195.400707
255.653172	369.367778	259.420599
277.090389	333.693617	84.517975
262.785766	342.173883	171.222265
261.253433	326.4089	192.082213
261.194967	339.438317	195.221182
261.226361	332.493946	194.165529
261.052531	323.872967	195.746821
261.188221	342.340284	194.920815
263.576815	328.61827	172.399103
261.338064	329.222958	190.982416
277.756644	310.31142	91.880492
262.278881	335.14796	191.358683
262.208965	341.133693	192.48652
262.112493	329.607136	194.455978
262.141726	338.405632	194.496351
262.077993	332.685018	195.905541
262.078469	345.263758	194.637754
261.717686	356.445655	198.636648
261.552572	359.633531	200.922909
279.042818	336.39704	81.46465
266.167271	316.221618	150.294769
265.019267	322.113602	159.124453
264.904559	322.303821	160.028379
262.12002	327.580068	193.762106
261.775204	353.530587	198.937991
261.705332	355.561316	199.594233
256.368545	337.195331	272.466242
279.469488	312.309399	81.106865
261.958852	322.920554	195.85823
261.247615	364.979993	204.773031
259.606959	370.803202	234.190865
262.29632	332.148479	190.767575
263.072879	333.496346	194.142796
262.156934	344.122826	193.031447
262.136213	331.543672	194.286746
262.141599	339.373197	194.397922
279.594064	320.039245	79.817537
262.108333	322.545168	192.417452
263.022052	345.196576	193.807196
262.452931	360.540965	199.97737
262.422513	357.88364	202.833701
283.312524	294.080452	38.488029
283.103589	299.209209	38.890816
281.67921	313.315724	59.176334
281.33815	313.836944	63.775062
263.033682	324.59412	193.170917
262.930308	347.305122	195.304983
262.314047	364.535435	200.468101
257.013266	351.715569	272.716051
265.684256	326.585243	161.659029
263.055392	323.528894	192.383114
263.002141	347.131215	193.594048
263.012612	346.163926	193.700924
282.874541	300.689212	43.348634
263.11204	343.086002	192.306724
263.052556	336.487539	194.718232
262.94129	349.154017	194.236289
262.612319	356.468165	198.650161
262.671295	353.552518	198.953021
282.507278	320.905933	54.860225
263.204229	337.100925	191.201213
262.977775	321.685126	193.389692
263.074246	343.174484	193.162686
262.958489	324.779506	194.888246
262.965704	347.218669	194.450016
257.284512	349.540236	270.96277
265.79071	332.416872	161.295735
263.054598	337.455472	194.622355
263.002141	347.131215	193.594048
263.009543	334.637116	195.756211
262.599229	355.583684	199.607331
263.332989	338.753247	188.423444
263.09614	323.431617	191.518967
263.089739	325.46922	192.233958
262.9947	344.315504	194.766887
280.55062	333.614434	76.149699
263.037647	343.261689	194.017485
263.008379	342.379965	194.974393
264.029358	342.134971	192.43682
263.98295	332.542207	194.262103
258.405561	331.205614	270.916925
257.98951	352.59234	271.840947
283.686182	315.531843	50.444292
283.685242	312.742581	52.510186
266.76954	329.325896	160.621187
263.982263	323.54107	192.418916
264.07996	339.142664	191.889202
263.942227	323.636675	193.280658
264.038286	340.199953	192.643513
263.96384	335.53458	194.840498
264.140105	328.20038	190.307997
264.120369	339.051543	191.032161
264.120786	337.115574	191.230383
263.742419	351.284397	195.754441
263.332127	359.677712	200.940102
278.931731	309.017997	94.513783
264.000218	340.288127	193.497961
264.622311	345.737888	198.953082
258.220072	340.92015	271.387252
284.450332	310.998673	54.416303
264.005957	322.472816	191.62736
264.118936	336.147189	191.326784
265.03199	340.032174	190.955966
264.925493	344.08357	192.247833
264.949335	334.403521	193.25477
264.836578	329.73632	195.403769
264.802537	348.131569	193.526894
257.875822	363.222037	271.002504
269.696169	354.773715	147.067891
265.003582	321.309835	189.998069
265.03271	335.190865	191.449345
265.009343	331.313468	191.81104
264.953026	335.37226	193.161305
264.914935	335.460645	194.014797
264.774803	350.066586	193.309029
268.987451	325.213143	150.875937
269.101226	338.013994	151.021938
266.852274	324.749412	167.319483
266.576537	320.206506	169.412907
264.950467	340.213507	192.667952
264.914978	339.333898	193.623557
264.854681	347.074886	192.779553
264.843713	336.601744	195.621513
264.841774	335.633418	195.716714
264.711884	349.275844	195.129415
264.491995	357.208677	195.994241
284.937302	304.36985	48.387822
282.056778	322.243462	79.445165
265.036466	337.128181	191.257377
264.98633	341.091249	191.709178
265.802634	343.217422	193.229687
264.735161	320.927054	195.251313
264.842455	348.042029	192.670506
264.846883	344.260802	193.957241
265.724941	343.39205	194.93471
264.792134	332.813531	196.841017
265.718247	335.729477	196.588284
268.074716	341.070115	165.226278
264.953734	326.463066	192.224224
265.919941	343.912053	190.555
265.935342	332.293167	191.750965
265.814509	346.029995	192.051003
265.470026	355.19334	195.356162
265.970354	331.229138	190.980025
265.792247	323.656469	193.346201
265.85054	342.160594	192.481487
265.830432	336.44025	193.943673
265.74857	348.054932	192.688114
265.816863	341.281665	193.44028
265.783542	340.400908	194.395858
265.791184	335.558789	194.89084
265.771222	342.337264	194.18826
265.681289	347.265164	194.507184
265.719321	336.697916	196.492635
265.576312	349.37683	195.998518
259.762926	352.613674	271.626046
269.416884	315.925127	153.191176
265.970354	331.229138	190.980025
265.750338	339.518562	195.348068
265.667292	345.414934	195.574049
260.145921	337.895254	270.384388
286.414076	292.517587	41.139686
285.1976	309.265231	56.316527
265.948369	339.075261	191.081898
265.948369	339.075261	191.081898
265.876607	344.004608	191.412087
265.843116	343.128171	192.375282
266.780351	338.297886	192.915333
265.829026	338.377171	193.74684
265.801385	330.627047	194.493205
265.793835	344.185134	193.122866
265.591236	348.407603	196.105559
266.766995	341.202383	192.606471
266.782736	336.360734	193.113413
266.743052	336.44942	193.965993
266.654191	348.065617	192.703814
266.670622	343.315616	194.100777
266.660981	344.283761	193.993877
265.975271	360.703887	200.859724
260.156139	336.929746	270.407074
266.990246	332.98325	189.106286
266.947142	339.862658	189.284645
266.814781	324.442128	191.577962
266.904595	334.14665	190.73578
266.742218	322.597689	192.590041
266.820051	334.332531	192.449913
266.716025	323.664085	193.376487
266.765506	345.948142	191.211828
266.721989	346.040119	192.068194
266.667396	347.098183	192.813918
266.74018	334.511795	194.157081
266.624784	328.873605	196.39245
266.564879	342.604217	196.75525
282.792674	339.003131	76.376662
266.800346	323.470985	191.653099
266.800346	323.470985	191.653099
266.741466	347.881376	190.990108
266.799148	346.820909	190.24349
266.741466	347.881376	190.990108
266.775978	333.453812	193.397203
266.726232	341.291438	193.459774
266.700282	328.697034	194.690144
266.625928	347.187817	193.668732
266.704375	336.536706	194.81689
266.566757	351.059078	193.229066
266.621497	344.371014	194.845798
266.571625	348.244619	194.413668
266.619714	332.833415	196.889109
266.629349	335.738988	196.609781
285.217767	308.274873	56.384234
285.148135	305.512587	58.42356
284.522518	321.888831	61.98338
268.837167	335.449424	166.631413
266.932987	331.1408	190.145994
266.883636	342.860059	189.824846
266.861694	334.240478	191.593707
266.780351	338.297886	192.915333
266.736874	339.354981	193.666663
266.679713	346.130652	192.923512
266.666612	336.622719	195.666085
266.593109	343.488395	195.80222
266.272708	352.646339	199.10092
266.838461	342.954353	190.682451
266.857249	340.051996	191.000493
266.857861	333.271038	191.686126
266.865378	337.147395	191.305239
266.794664	343.046935	191.538879
266.625319	350.000203	192.482549
266.703787	335.568009	194.913291
266.65628	332.748089	196.041743
266.30595	358.115643	195.048507
266.999313	337.829342	188.629139
266.908845	337.053816	190.447888
266.852104	341.019691	190.895793
266.810156	327.450777	192.203676
266.821536	338.207685	192.061098
266.820051	334.332531	192.449913
266.654191	348.065617	192.703814
266.654191	348.065617	192.703814
266.625319	350.000203	192.482549
266.638583	346.219859	193.777742
266.598505	346.307858	194.630843
266.559807	324.031422	196.797971
267.457744	328.084142	198.195255
266.936965	341.797166	189.073641
266.952735	337.926803	189.489338
266.822457	335.301627	192.355462
266.794664	343.046935	191.538879
266.80516	331.424227	192.722559
266.731876	332.57379	194.34132
267.654961	335.487825	194.083565
266.701773	334.59925	195.008005
266.597952	349.123557	193.449396
266.625928	347.187817	193.668732
266.624329	333.801898	196.797536
266.591557	334.854392	197.549899
261.066403	334.982582	270.381778
260.395123	357.669518	272.713781
285.598931	322.402074	57.207649
267.9374	329.976666	188.530742
266.941544	327.157869	189.616049
266.903909	324.242513	189.847535
266.896422	327.25746	190.48055
266.865489	336.178675	191.403294
266.81634	333.363254	192.542558
266.823518	336.270527	192.259174
267.677724	326.580908	193.170198
267.7252	340.151122	191.875382
266.736874	339.354981	193.666663
266.659353	339.528507	195.367766
266.564879	342.604217	196.75525
265.586864	324.336331	219.173667
286.768003	305.613692	58.26873
267.95915	333.858987	188.175842
267.827919	324.248514	189.876831
267.907847	332.989137	189.130578
267.666487	322.603757	192.619588
266.852788	332.301396	191.776729
266.742364	337.418059	193.867834
267.504339	328.966738	197.264564
267.53637	333.809268	196.818616
267.487473	344.465953	195.711185
267.539857	335.746621	196.629681
266.407721	353.26678	195.580786
269.957241	327.166966	164.534007
267.779442	336.185293	191.424944
267.734709	334.339246	192.472385
267.687875	339.273513	192.83305
267.635008	341.299171	193.47748
268.056808	358.228866	195.92114
287.139538	305.879482	51.767212
282.396835	307.14973	93.56212
267.76869	323.377761	190.817874
267.817163	333.18333	190.851629
267.822517	335.122343	190.664299
267.673282	345.955807	191.227543
267.616517	347.015319	191.972895
267.681156	331.521903	193.601559
267.64138	331.611484	194.454437
267.650908	338.39402	193.787433
267.654961	335.487825	194.083565
267.530665	347.196489	193.682751
267.586552	342.35549	194.223488
267.513241	329.935123	197.178306
260.846498	360.995605	275.367795
286.403944	318.699837	59.233608
271.015779	354.807399	155.989828
267.920295	328.033798	188.697044
267.911412	338.803357	188.548658
267.861811	333.087243	189.991978
268.543233	341.304898	193.493501
268.503811	345.17725	193.061785
267.646859	339.362517	193.685503
267.529631	350.008966	192.495423
267.515376	345.34813	194.753311
267.607818	332.668614	195.214995
267.577399	335.66157	195.782765
267.367184	352.217916	194.843322
267.370775	347.545105	197.088993
263.220702	362.336554	255.941143
287.392447	300.607674	49.411835
284.766262	322.293635	83.65807
272.011126	327.235421	155.438823
268.779949	337.937272	189.529755
268.626948	345.867171	190.384774
268.625104	329.495858	192.944809
268.508841	347.988474	191.87428
268.566327	336.462045	194.005489
268.526257	336.549705	194.855631
268.267569	352.225647	194.852357
267.987416	361.142538	195.610662
262.824886	353.186615	268.135411
287.716515	323.806966	41.067828
288.237031	295.766908	50.677121
276.009332	320.155594	129.537546
271.262537	318.479869	160.491618
268.831665	327.066276	188.803745
268.809094	330.08177	189.41953
268.752388	342.774764	189.000874
268.760013	341.8079	189.109529
268.568071	346.928258	191.129858
268.483784	343.329968	194.131497
268.372379	351.075309	193.251353
268.273145	354.072152	193.77625
268.821476	326.094371	188.883084
269.744233	334.934945	188.985446
268.736982	335.126835	190.685069
268.684791	339.095667	191.141784
268.596667	331.52684	193.623796
268.463246	350.889333	191.537215
268.464114	348.080502	192.729935
268.515538	339.455928	194.553227
268.444791	332.846121	196.930973
268.373463	328.089081	198.218042
268.083696	349.833939	200.275953
271.51371	326.069091	159.156767
270.744717	325.401836	165.588103
268.868349	331.922409	188.380427
268.755735	329.209958	190.367612
269.696602	336.002368	189.74817
268.705083	324.353908	190.770221
268.730044	339.001485	190.285174
268.733648	338.033267	190.387911
268.736982	335.126835	190.685069
269.622329	341.907096	189.98261
268.692741	335.220974	191.542151
268.666172	341.999104	190.824418
268.639957	326.491127	192.337219
268.638048	331.435567	192.769322
269.465357	344.122593	192.330524
269.475909	343.154808	192.439946
268.564301	337.430843	193.906157
268.543233	341.304898	193.493501
268.382632	352.917584	192.170897
268.461322	345.266621	193.914691
268.354935	352.043264	193.140117
269.376158	340.515399	195.313211
268.374211	342.619654	196.784525
278.127163	348.203238	122.357289
269.793083	334.834515	188.123605
269.775115	329.983127	188.578012
268.878395	336.77069	187.909326
269.704486	327.170953	189.694036
269.638339	325.328379	190.718298
269.650297	336.098589	190.606437
268.724181	331.247862	191.054676
269.605381	334.254578	191.657018
269.484463	327.651371	193.992728
269.50131	340.250617	192.761741
269.274748	351.080221	193.260162
269.399879	342.365629	194.252136
268.202987	351.43357	196.668693
263.126576	347.058031	273.380084
269.737236	332.025421	189.265124
269.613869	342.874223	189.873496
269.550999	339.19124	192.013106
269.559235	337.254232	192.218113
269.399167	348.959603	191.772615
269.36734	350.893597	191.54667
269.465561	330.650548	194.586524
269.30313	351.95503	192.291404
269.477025	333.558408	194.312264
269.396691	346.1492	192.963431
269.437855	335.58448	194.970868
269.348042	343.421797	194.994732
269.39503	332.76422	196.103586
269.391369	331.795295	196.195342
269.238189	348.354108	195.300293
268.859361	362.121686	195.511808
268.629453	359.848876	201.814774
268.404396	323.12529	216.88945
288.909643	297.01662	52.340976
283.540701	312.862091	96.782469
272.113721	327.604141	161.828084
269.740751	337.841365	188.687903
269.74311	336.872935	188.789092
269.658083	327.270834	190.557799
269.594124	344.807715	189.652004
269.537984	324.552986	192.520922
270.515173	332.316609	191.862695
269.499341	344.997715	191.365267
269.52622	327.558872	193.137057
269.474439	346.931815	191.141626
269.431224	349.831803	190.80234
269.485451	342.186887	192.548369
269.440961	323.772025	194.315828
269.518176	333.468911	193.46043
269.414032	347.992442	191.885235
269.519857	335.407292	193.269451
269.396691	346.1492	192.963431
269.291898	350.112111	193.371889
269.383178	339.546564	195.417141
269.349449	338.663159	196.36648
269.352915	331.881095	197.041645
269.283396	335.923902	198.351778
268.953221	358.235885	195.92525
285.101434	307.085621	87.196297
269.721275	324.153059	189.063019
269.732616	339.777113	188.480039
269.712566	342.678073	188.156499
269.683693	339.875579	189.339173
269.686008	331.153834	190.21628
269.600072	338.130255	191.261599
269.575455	342.002071	190.839168
269.487314	345.964846	191.253784
269.545074	340.159449	191.90825
269.518745	336.376271	193.171297
270.187545	352.925156	192.185837
269.430565	331.708266	195.347035
269.318049	342.539232	195.9502
269.32634	328.006694	197.394452
269.256817	325.188478	198.490343
269.187521	346.588016	197.216733
288.227561	311.762015	58.616802
274.020541	331.891499	154.289216
270.649352	331.05579	189.374903
270.572015	342.777527	189.028647
270.600042	338.908228	189.459425
270.607612	336.971712	189.66523
270.478276	346.741064	189.437726
270.45162	328.530452	193.074172
270.348888	342.278824	193.413349
270.324056	340.430504	194.47751
270.3059	342.367756	194.264252
270.653164	337.841598	188.70404
270.505874	339.099564	191.173131
270.415084	347.804467	190.181632
270.393112	326.683192	194.098112
270.372925	324.743557	194.260851
270.349077	322.803896	194.417581
270.333336	347.027007	192.007427
270.223428	350.990089	192.411529
270.389256	335.498286	194.13757
270.269427	334.789596	196.777746
270.129389	346.505484	196.377598
286.256942	303.73948	79.253545
270.701863	331.925158	188.421983
270.638584	329.114404	189.54943
270.637886	340.744554	188.388024
270.580516	341.81065	189.138413
270.441496	345.871452	190.408343
270.41522	324.649939	193.403948
270.320057	327.833445	195.719005
270.288028	328.890416	196.481753
270.113786	347.475225	196.268565
269.849655	358.240819	195.928165
270.162636	340.77241	197.862499
288.753369	300.213666	53.9182
270.623944	327.172182	189.716833
270.465158	347.707029	189.323731
270.546502	339.972762	190.211476
270.453509	344.904661	190.52071
270.492491	341.035464	190.96064
270.40078	348.770705	190.067542
270.446603	341.12875	191.815476
270.409365	328.622714	193.929177
270.389256	335.498286	194.13757
270.200637	324.13504	197.747703
270.184738	331.083182	198.836829
269.324317	366.703266	201.158224
270.643304	324.154607	189.087787
270.615245	326.200808	189.797946
270.571944	322.314019	190.105901
270.600042	338.908228	189.459425
270.600042	338.908228	189.459425
270.551719	330.281577	191.185181
270.559941	332.221734	191.005263
270.392879	342.188478	192.56104
270.387282	336.467253	194.038766
270.348113	335.586335	194.987107
270.120798	353.987545	192.9315
270.327648	328.802586	195.632989
270.311406	326.864321	195.803522
270.093601	353.11242	193.899984
270.223137	326.071574	197.58414
269.826384	359.212289	195.822916
270.672059	327.07011	188.851294
270.663323	326.098438	188.931814
270.637886	340.744554	188.388024
270.649352	331.05579	189.374903
270.609625	336.002962	189.765289
270.594576	339.876008	189.353932
270.465158	347.707029	189.323731
270.563721	334.161064	190.818067
270.468225	331.44004	192.809782
270.431786	334.43966	193.383212
270.392879	342.188478	192.56104
271.277908	344.123983	192.352253
270.223428	350.990089	192.411529
270.158741	352.051243	193.155367
270.176871	351.083056	193.267562
270.067799	352.234807	194.866247
269.982999	354.265386	195.501459
269.849918	360.088418	194.858017
270.114043	341.82528	198.600949
269.804428	358.333695	196.786052
269.711083	360.372286	197.437469
270.697847	330.954663	188.511524
270.653728	325.126597	189.010634
270.577152	327.272145	190.580396
270.490646	345.774879	189.551114
270.494909	328.436495	192.21713
270.406088	344.999123	191.37655
270.380386	346.93333	191.151856
270.303342	351.766341	190.582816
270.30362	348.961597	191.781568
270.401747	327.652973	194.014431
270.387393	332.590837	194.423693
270.348888	342.278824	193.413349
289.292844	302.677518	57.347948
289.191137	305.760432	58.044055
290.022485	303.827089	58.117617
288.904204	320.624355	56.990443
271.684787	326.049861	174.686032
272.513671	337.011329	175.57473
270.721566	326.965828	187.983803
270.703162	325.021721	188.141888
270.689193	340.643521	187.52788
273.349725	342.666922	188.200797
271.489921	341.80913	189.150514
270.604402	337.940132	189.563234
271.48762	326.300979	190.683837
270.558909	325.329886	190.742096
271.467788	338.03557	190.435128
270.428672	346.838052	190.295275
270.465944	338.224098	192.131665
270.320019	350.800002	190.696959
271.335467	343.063672	191.609019
270.253942	351.862718	191.441087
270.337532	338.493022	194.685824
270.113786	347.475225	196.268565
271.591169	327.069731	188.872792
271.441713	326.399306	191.545761
271.42321	324.457729	191.706543
271.354717	341.128134	191.827529
271.31059	326.683288	194.119099
270.994056	353.113754	193.904879
270.953565	355.051694	193.682351
270.98708	351.266758	194.982387
271.019081	344.652557	197.448993
289.989674	300.969456	59.249867
273.968858	342.279261	161.634889
271.57067	332.995073	189.210606
271.542709	327.171879	189.738158
271.471185	343.742564	188.928717
271.385177	346.739889	189.446954
271.471849	337.067151	190.537873
271.382718	342.969569	190.753983
272.279017	343.93395	190.652106
271.191565	347.119359	192.870283
270.889766	357.958795	193.352657
271.163024	328.977197	197.347168
271.090737	325.190087	198.53347
270.814483	355.329483	196.251508
270.989048	346.592819	197.232805
290.593771	294.000769	51.564703
290.083541	303.714962	57.203705
274.722937	354.607729	155.1326
271.621228	333.863803	188.254323
271.522026	336.00177	189.780892
271.510834	338.906831	189.47324
271.458609	323.38748	190.920853
271.385177	346.739889	189.446954
271.256441	348.866569	190.932796
271.299873	342.188151	192.572305
271.143512	350.022852	192.531273
271.281412	339.373401	193.745134
271.17642	331.883326	197.076646
271.179241	333.821037	196.888903
271.122842	338.750727	197.237257
290.183397	304.486289	55.298626
271.614191	330.953664	188.530564
271.458609	323.38748	190.920853
271.449039	345.674927	188.702824
271.502555	328.242717	190.517555
271.46258	339.003717	190.330634
271.420955	343.840595	189.786359
271.320989	347.803686	190.190149
271.174614	350.895906	191.56125
271.289374	343.156129	192.46277
271.108178	351.958225	192.304515
271.987265	348.268064	194.470173
271.096697	341.658665	196.924448
271.075585	339.80386	197.977134
281.36461	311.754522	118.32769
274.396527	317.456577	165.254841
272.559737	326.963432	188.025706
272.485266	324.153427	189.13302
272.435082	332.121659	190.180697
272.378049	338.032689	190.447947
271.467536	330.281115	191.204287
271.408936	340.066743	191.08045
272.24079	346.834442	190.311987
272.27846	339.189482	192.052829
272.270619	326.588908	193.283322
272.079752	348.08552	192.764177
271.972347	353.892193	192.082068
271.942487	353.019435	193.052475
272.129064	332.764858	196.153249
271.821782	352.326586	195.728707
271.620428	361.063538	194.754835
290.830602	307.724725	56.836492
288.050848	325.563618	83.153516
273.793287	320.567569	171.47383
272.526194	329.980602	188.637067
272.510317	340.637503	187.55248
272.522594	338.703166	187.766847
272.50961	327.067852	188.892875
272.458064	340.739126	188.412288
272.450083	341.705981	188.302708
273.297536	342.767255	189.059182
272.414656	339.871274	189.378989
272.343886	346.637242	188.596703
272.321825	327.464464	192.341727
272.262395	341.125653	191.838252
272.105179	343.334913	194.17527
271.902484	354.956188	192.827482
271.860899	356.892964	192.604544
272.122062	336.640778	195.762981
272.061386	339.633822	196.300186
271.735941	356.208731	195.289127
271.597735	356.484074	197.854795
265.333304	356.178743	275.368391
290.625974	310.044808	59.44274
290.208616	323.290025	61.281282
272.534326	332.891121	188.364696
272.474983	344.501992	187.106868
272.435823	335.029944	189.894373
272.367001	327.368274	191.48254
272.343509	333.283441	191.802445
272.270619	326.588908	193.283322
272.128248	350.797559	190.709354
272.211777	332.589079	194.456468
271.861424	350.386043	195.950142
290.606185	296.424835	62.271375
289.810756	329.762733	64.512638
273.454757	327.166141	175.550934
272.535039	333.860698	188.270064
272.516941	339.670517	187.660479
272.48009	336.868428	188.83476
272.435823	335.029944	189.894373
273.263442	345.666047	188.718639
272.426452	337.935659	189.590626
272.316715	348.56817	188.365648
273.246675	342.865609	189.916371
272.342021	335.221833	191.608526
273.031976	350.793385	190.713745
272.095048	349.926842	191.681086
272.137125	340.428968	194.500123
273.024732	327.917454	196.623686
271.959332	347.38803	195.432648
271.805281	355.145202	194.542206
271.499743	360.377716	197.437229
270.125325	352.847548	241.283978
280.254392	313.532921	129.93896
273.495888	330.843076	187.699686
273.339623	343.633111	188.088173
273.222836	348.562796	188.371436
273.308559	324.354787	190.885437
272.379397	323.386368	190.943091
272.893408	352.921225	192.198632
272.774141	354.079667	193.799012
273.390638	362.031755	194.647812
272.836559	343.67936	197.571295
272.780027	344.734275	198.306888
292.044656	296.293998	53.076113
291.298088	318.024955	58.797962
291.023472	316.637535	63.522882
289.015692	321.512141	82.45415
273.442391	336.762075	187.986707
273.444953	330.94685	188.564411
273.304722	346.530045	187.744583
273.347338	323.282572	190.098537
273.281605	338.996033	190.353814
273.246675	342.865609	189.916371
273.281605	338.996033	190.353814
273.084257	350.694956	189.855889
273.199128	328.525537	193.130204
273.065288	348.859928	190.94463
273.103629	338.399156	193.872383
272.843532	353.016492	193.055406
272.774141	354.079667	193.799012
272.57538	362.804698	192.820752
272.996157	334.785573	196.819413
272.917158	331.079375	198.884566
272.806508	345.619639	197.354035
272.629977	352.503594	197.434574
272.671988	350.560321	197.6532
273.535542	327.82457	187.092756
274.247108	327.262221	190.657058
273.153698	349.629309	189.113743
273.235652	343.832441	189.803956
273.266063	340.931285	190.137793
274.117268	345.758579	189.582353
273.067312	351.660932	189.739851
274.051559	346.823174	190.323819
273.233593	339.091548	191.209404
273.146323	346.829743	190.318455
273.935515	353.586324	189.5104
273.197071	342.96209	190.77233
273.19939	337.248524	192.273214
273.210403	332.403704	192.766764
273.886084	348.076331	192.774073
273.01427	346.145833	192.996581
272.893408	352.921225	192.198632
272.814733	352.141326	194.023985
272.711264	348.617677	197.871986
273.362948	359.307525	196.680753
266.189998	357.178169	275.377361
291.687063	307.659238	55.847962
280.229233	319.547998	130.535057
276.202128	322.493492	165.927351
273.492695	329.872691	187.788669
273.374839	339.766586	188.531075
273.371826	326.195914	189.859668
274.262041	333.081221	190.115377
273.137819	350.594842	188.997303
273.252981	323.483196	191.827466
273.206862	330.464814	192.951854
273.055943	321.924195	195.418139
272.972749	322.105996	197.123037
272.82546	349.324336	195.214371
272.637591	358.053498	194.214301
281.825067	342.279152	126.378652
277.709407	313.892657	152.658615
274.383831	340.519852	186.710886
274.41069	330.837197	187.714795
274.113595	349.520727	188.259033
273.254046	331.340668	192.004817
274.154205	327.456739	192.376964
273.165116	334.433776	193.427421
273.755228	354.851798	191.972625
273.703562	354.948843	192.830698
273.629063	347.642668	197.985028
273.459663	353.561293	198.177137
291.691642	296.979859	58.514543
280.816943	340.765889	132.840246
276.369797	320.203109	164.236482
274.156895	346.624581	188.609086
274.143067	347.590155	188.492821
274.208695	329.300404	191.343556
273.951044	347.01483	192.034528
273.946868	344.203978	193.227739
273.652928	355.044605	193.688038
273.91481	339.539361	195.472887
273.43575	356.389046	197.00067
273.58588	347.728257	198.829754
291.306928	310.329631	61.200413
277.982089	315.433389	150.754323
277.156128	352.082806	157.146111
274.412845	333.745835	187.434466
274.309558	331.042759	189.442183
274.153818	342.858811	189.923922
274.214204	333.178568	190.973668
274.103699	342.9556	190.779753
274.142081	325.516849	192.545816
274.117426	335.305469	192.487948
273.827572	353.786216	191.228443
273.833163	350.98021	192.430087
274.002917	339.362281	193.776177
273.900486	335.749804	196.731679
273.459352	355.416559	197.108765
288.772417	319.836144	84.39354
281.94384	337.202161	125.838056
277.792494	318.73562	152.414205
274.395327	326.955154	188.062187
274.353435	336.755125	187.998018
274.353816	329.000816	188.757868
274.359461	330.94109	188.5794
274.308606	334.919872	189.060774
274.182524	344.69281	188.839693
274.042561	350.588016	189.000919
274.18052	324.449705	191.76726
274.042561	350.588016	189.000919
274.20011	327.360436	191.518031
273.971224	351.654543	189.742893
273.88377	350.884506	191.574009
273.788064	355.720523	190.999848
273.846759	352.819019	191.3434
274.030349	329.673465	194.76334
273.775362	353.883912	192.086498
273.609446	356.983481	193.465117
273.908449	332.843152	197.025756
273.707068	350.2895	195.105258
273.505259	353.47209	197.326521
277.878718	316.600691	151.609813
274.411662	334.714715	187.337071
274.343298	338.690384	187.788358
274.32932	340.624244	187.571711
274.24012	338.891869	189.506632
274.247108	327.262221	190.657058
274.25887	330.172538	190.394251
273.988401	350.688504	189.859373
274.163532	335.2119	191.633753
273.985363	347.886834	191.064482
274.053391	325.705159	194.259434
273.775362	353.883912	192.086498
273.994698	323.858581	195.278719
273.764307	352.043067	193.171232
273.744502	353.011637	193.057381
292.663511	297.667806	55.651367
292.350684	298.255986	60.189034
289.784026	335.398704	80.442699
275.760072	324.296847	170.367286
274.441347	325.877077	187.275047
274.412337	331.807054	187.623293
274.338803	326.088827	189.012096
275.130929	345.547689	187.871341
274.267448	341.693112	188.320576
274.058678	349.62244	189.117812
274.114678	341.988302	190.891452
273.988401	350.688504	189.859373
274.022357	327.735163	194.94125
273.802352	350.105967	193.39936
273.735029	351.167504	194.139488
275.859043	343.624324	168.683487
274.40472	328.896657	187.892147
274.367279	342.451879	186.488594
275.165504	342.650324	188.2153
274.297828	321.232526	189.401945
274.300185	328.132467	189.708761
274.267448	341.693112	188.320576
274.211542	346.522433	187.750317
274.128619	348.555534	188.376092
275.132501	340.817829	189.297206
274.190452	338.989546	190.363589
273.935184	347.982345	191.919794
273.795093	352.916022	192.200781
273.918029	346.140245	193.002015
273.946023	334.694799	195.986253
273.640534	351.349943	195.844842
274.457	328.79019	187.02456
274.297003	337.824593	188.754204
274.295266	327.161999	189.794075
275.101155	343.717642	188.959861
274.089236	347.690838	189.35095
274.142426	343.825595	189.810976
274.182721	339.957197	190.255745
275.060621	342.850237	189.930432
274.838834	350.779358	190.719495
274.783632	353.679334	190.370867
274.912142	343.136304	192.49375
273.573269	352.410745	196.585184
273.263056	363.201249	196.268294
278.223814	318.551938	156.108582
275.379438	332.662491	186.677366
275.265645	328.023822	188.860058
275.273444	330.933796	188.593219
274.905156	346.911762	191.183961
274.582825	355.911111	192.718017
274.61571	352.130231	194.027616
274.234062	360.276529	196.573385
279.661698	346.705967	145.974648
279.029039	324.152374	150.313344
275.16159	336.947942	189.727126
275.098913	338.981343	190.372296
275.010017	342.947331	190.786158
274.919699	324.822171	195.214144
274.771693	349.036985	192.662624
274.665473	352.036257	193.172789
274.837661	337.594881	195.691922
274.493114	351.433905	196.697198
274.597187	343.753759	198.425687
274.209762	359.397291	197.535152
292.984756	310.311165	60.142655
283.640031	349.779178	119.437122
278.713491	319.712042	152.386831
275.326101	332.76869	187.542552
275.252933	338.681428	187.797367
275.271058	334.810196	188.211109
275.216538	335.880222	188.971235
275.223241	331.035581	189.455902
275.200317	338.783473	188.65712
275.723197	354.534254	189.395593
274.92014	345.944644	191.299168
274.656417	354.844936	191.973086
274.62494	353.973609	192.94454
274.827722	324.033273	196.999116
274.411357	359.015186	194.103705
293.163798	295.327546	60.35868
291.443964	327.69051	81.809831
275.263999	336.746514	188.008188
275.198599	344.478436	187.127553
275.250266	325.112112	189.110915
276.133775	329.087879	189.650549
275.155804	337.915812	189.622167
275.048798	347.581052	188.496932
275.009092	346.716053	189.471419
274.864499	339.444539	194.633524
275.605699	350.090259	193.403506
274.807828	335.743416	196.741984
274.818722	331.868213	197.133566
274.475257	354.256145	195.511049
275.105299	359.391396	197.532201
274.284617	356.475871	197.853159
294.088793	296.119228	58.411556
291.45453	326.693649	81.884738
275.346328	323.928581	187.451608
276.238651	332.759234	187.55416
276.186947	330.924996	188.605959
275.939316	348.53553	188.382491
276.084827	329.187867	190.512284
275.928598	345.739366	189.591403
275.991628	330.351136	192.138399
275.666837	354.636451	190.255246
275.692708	345.247279	193.975679
275.417354	358.81	192.381693
275.205225	355.495955	197.959246
268.979818	335.853989	270.555479
293.270034	326.757127	62.573795
276.137479	341.570224	187.474803
275.967127	342.839924	189.936016
275.62717	356.569723	190.025049
275.687133	331.945687	197.988397
275.079721	362.21825	196.362601
272.460644	370.426511	236.850921
293.96214	295.37213	60.300327
293.578863	302.935177	64.309413
288.118024	321.742894	104.173636
279.427777	315.075194	153.567132
278.429194	333.579051	162.446484
276.222489	337.599389	187.050918
277.110077	340.4863	186.731922
276.105468	323.267039	190.154658
276.007034	338.97146	190.380044
275.938697	341.00285	191.016032
275.666837	354.636451	190.255246
275.55758	354.836246	191.972803
275.25444	357.256926	196.03446
275.620977	324.286571	199.551864
275.636807	334.935781	198.535821
269.022248	355.072655	274.196891
294.70367	305.331014	59.468327
294.490284	308.673073	61.983503
279.914097	315.256285	149.899384
277.200428	327.79529	187.154205
276.238708	330.820895	187.741543
275.907847	350.465811	188.146401
276.014685	338.003835	190.487435
276.951293	331.214456	191.199785
275.79609	350.670063	189.863595
269.602897	344.802224	271.214986
279.32974	321.78916	162.378832
277.110766	321.109142	188.587838
277.125565	338.553863	186.951447
276.951293	331.214456	191.199785
276.68419	354.418409	188.534913
276.865131	339.05646	191.24216
276.437726	355.794034	191.857399
276.437307	351.14245	194.14295
276.585411	334.842323	197.704377
275.975902	362.210961	196.35835
276.150447	355.39629	197.105238
276.327431	347.620226	197.992534
294.993512	296.914821	56.458736
294.651491	310.288214	59.091795
283.702839	344.316164	130.75565
281.272839	343.055816	147.186963
277.202844	328.765125	187.067074
277.151371	329.841259	187.844806
276.828603	349.488093	188.266082
276.945234	334.120467	190.908793
276.60793	352.691687	190.487668
276.361659	356.862027	192.60275
276.262367	358.900519	193.239295
276.262367	358.900519	193.239295
276.488276	343.565268	196.747403
276.579322	335.811133	197.603089
276.413323	336.142527	200.95432
294.783877	308.067102	57.411116
294.730532	308.185351	58.326591
294.423859	314.62287	61.542984
293.971565	328.942958	63.26414
283.670872	324.708003	131.195079
283.430227	345.682746	132.466794
277.193326	325.854961	187.323059
277.110077	340.4863	186.731922
277.146009	334.684833	187.368389
276.987283	346.383684	186.902311
277.099594	331.883686	188.523855
276.943471	345.523663	187.879009
277.000441	340.694453	188.451802
277.041183	334.891026	189.091576
276.99972	331.116588	190.340951
277.912461	330.13626	190.445295
276.699702	350.658166	189.864568
276.513415	354.726242	191.113529
276.373213	358.699158	191.518593
276.526323	349.111061	193.519963
276.317281	358.800486	192.379222
276.383525	355.892925	192.715803
276.058456	362.985933	194.533813
276.478562	337.917087	199.076901
276.196571	351.595272	198.395494
276.320859	345.763367	199.056771
269.803697	355.174849	274.978208
276.886265	349.383397	187.406842
276.975081	323.360376	191.036426
275.979238	364.059781	195.293672
276.4333	332.267403	201.349087
277.952181	346.26115	186.044427
278.003338	334.776148	188.239321
277.958322	332.942134	189.299336
277.863934	330.234287	191.304533
277.806958	334.204367	191.773685
277.566266	349.777925	190.839975
277.626913	343.102988	192.507571
277.626913	343.102988	192.507571
277.71315	334.391133	193.480114
277.35995	354.813569	191.970447
277.325649	335.162746	201.063374
274.912355	349.474393	237.398572
278.118405	330.692165	186.898212
278.064901	330.798716	187.764273
278.060088	326.921657	188.121384
278.012689	330.902985	188.628566
277.806557	348.404026	187.526894
277.96161	329.067212	189.675447
277.699984	351.403828	188.029041
277.807207	344.646392	188.856913
277.699984	351.403828	188.029041
277.528885	354.509295	189.393803
277.770051	329.456014	193.110284
277.667637	324.797295	195.261322
277.421507	351.908768	192.318011
277.295666	357.718931	191.628121
277.184769	357.919344	193.347062
277.059734	360.931551	193.878795
277.125232	356.171315	195.284266
276.897874	361.227595	196.457591
294.787019	302.235946	58.786535
294.032702	328.813557	62.352203
281.693483	313.344155	150.041586
278.15412	337.356953	185.338836
278.04726	336.606495	187.171368
277.961709	331.005064	189.491059
277.77933	346.577743	188.622465
277.415176	354.713663	191.112183
277.217308	358.789244	192.376268
277.167533	352.3778	196.585273
277.189844	351.40628	196.697737
276.998675	355.477702	197.95514
277.340708	337.988951	199.921196
277.336986	333.225236	201.261965
281.868038	325.906685	149.352282
277.893248	346.368751	186.904635
277.886608	342.612576	188.230122
277.858056	326.358248	191.663371
277.811013	326.454864	192.522609
277.460449	349.972455	192.55099
277.230167	355.979139	193.571481
277.434282	340.645326	197.081576
276.901115	363.07711	195.390542
276.876217	364.051004	195.288609
276.846899	363.176594	196.251183
277.117135	350.612231	198.505717
277.136307	347.781388	199.68091
295.840263	301.689573	54.16685
294.69465	306.32231	59.392462
278.111239	334.565163	186.513028
278.09051	338.432634	186.095491
278.026606	339.505996	186.848313
277.895215	335.946155	189.856266
277.566788	352.57698	189.62879
277.296135	353.069703	193.913154
277.049786	357.238167	196.029352
276.975888	360.156713	195.704781
277.50543	331.925834	198.010104
277.359897	339.845311	198.872094
295.640326	302.159145	57.814285
292.367014	313.882552	88.193784
282.520999	316.450366	150.820296
279.361782	317.482046	170.887428
277.77545	350.33321	187.288548
277.946388	335.846006	188.997498
277.822432	338.946797	190.39309
277.863188	331.203011	191.21052
277.772344	339.043566	191.248269
277.381421	332.175439	200.525452
277.384141	328.304015	200.903362
296.434783	302.201474	57.754816
279.305404	320.552641	171.605129
277.991938	323.146962	189.319513
277.862432	344.543798	187.998766
277.352651	357.616678	190.767802
277.217308	358.789244	192.376268
277.283982	355.88121	192.713891
277.420419	344.435576	195.793034
277.331961	334.193866	201.163267
270.735327	357.065784	274.247946
295.453398	310.335384	59.026835
295.271193	299.933945	63.503486
281.75883	327.069985	150.19234
281.549844	355.549422	150.56017
281.184373	325.655183	162.166041
281.199916	327.5881	162.031702
277.930819	343.474055	187.255801
278.012689	330.902985	188.628566
277.962334	340.577259	187.597733
277.806557	348.404026	187.526894
277.958168	327.128696	189.85272
277.925946	338.74748	188.678293
277.895215	335.946155	189.856266
278.412088	355.460516	189.275097
277.394576	355.681286	190.996646
277.273834	358.687542	191.515756
278.122467	354.121609	194.652161
277.167533	352.3778	196.585273
277.385164	329.271561	200.810737
280.561845	347.060037	166.542093
279.086103	330.569923	186.040607
278.905844	342.386321	186.514359
278.874341	328.085917	189.776717
278.646894	352.245587	187.049319
278.818724	333.028538	190.167987
277.641992	351.508191	188.888237
278.431638	354.494266	189.392176
277.878601	361.992613	194.62882
277.743633	363.166207	196.245945
278.190861	341.856566	199.500226
296.189616	304.678879	61.246532
295.643317	327.061493	63.267319
284.595534	340.691717	136.490103
283.690641	346.901251	142.341047
282.370095	335.369348	152.35499
279.027999	332.615299	186.718564
278.859407	323.239724	190.201432
278.354825	342.483746	196.020668
278.448978	324.085386	197.910175
278.040559	351.483702	197.546263
277.845792	359.268251	196.665016
277.846607	355.557083	198.803352
296.401972	298.353773	58.983932
296.32277	302.445995	59.577606
296.236595	306.536909	60.18163
296.944195	310.677054	60.731738
282.176083	317.03229	153.534903
281.976505	319.348099	155.239216
279.021706	334.550523	186.520901
278.916169	341.421219	186.628764
278.977422	330.785491	187.774359
278.887721	338.629364	187.824352
278.842071	337.76564	188.792631
278.863898	324.209179	190.119838
278.509327	353.423727	188.650384
278.7748	331.190116	191.220504
278.038119	359.847699	193.122675
278.417112	330.945511	198.116839
278.106399	348.568174	197.882972
277.89676	353.608476	199.021192
278.147969	339.110098	201.491986
296.460088	305.059266	56.604466
296.236595	306.536909	60.18163
295.480249	331.196284	63.881598
278.848846	342.492593	187.374583
279.631599	347.405004	187.647787
278.621044	350.422817	188.148014
278.823767	331.092052	190.36172
279.662507	336.014554	190.7271
279.615594	340.849247	190.180033
279.391651	351.578645	189.745414
279.334368	354.477602	189.390217
278.41317	352.663724	190.486212
278.899157	357.116894	195.167172
278.106399	348.568174	197.882972
278.213201	337.089049	200.867004
297.205537	295.416817	59.169856
297.144917	295.543381	60.075199
280.844312	325.020268	174.94281
279.944438	329.696004	187.010303
279.88962	330.770879	187.783715
278.755015	345.492939	187.883896
279.374723	355.337851	188.412416
279.410022	350.612336	189.864353
279.24232	343.438031	195.911505
278.905418	358.962744	194.088166
272.518603	362.882461	272.986196
297.164537	309.191744	57.147906
296.927179	304.852201	62.099459
294.291877	339.279006	82.476325
284.055027	351.528551	145.541881
279.838456	329.907069	188.741664
279.779899	332.913345	189.316423
279.631802	343.647532	188.978593
279.724713	333.981233	190.07601
279.075359	358.659314	191.509023
279.140247	351.101908	194.141781
279.030356	355.951419	193.56641
278.961134	358.862888	193.229073
278.843918	355.360615	197.098051
279.079688	339.984854	200.557174
286.27686	343.406563	130.817877
279.763952	346.225854	186.047545
279.823197	334.745934	188.254242
279.732249	339.681863	188.57797
279.787266	330.00931	189.604634
279.687108	343.544773	188.120616
279.589364	346.54428	188.625371
279.738172	329.14116	190.558693
279.689078	327.302554	191.600102
279.302807	348.006053	192.78549
278.696136	363.054148	195.380152
278.746397	361.10605	195.589577
278.794043	357.307493	196.877786
275.411212	368.308551	244.821863
296.931747	303.860774	62.175672
279.997085	331.523192	185.956174
280.902379	333.441005	185.769737
279.81265	342.368411	186.517478
279.584502	350.298865	187.288224
279.644669	342.681688	189.094653
279.334368	354.477602	189.390217
279.296076	353.61428	190.367014
279.075359	358.659314	191.509023
280.098347	343.509887	196.759862
279.767101	354.372307	197.206811
279.788817	349.685758	199.460785
279.09344	339.014741	200.663636
287.533279	321.30125	128.701666
280.758933	338.488622	186.973116
280.758933	338.488622	186.973116
280.609871	346.314359	186.908651
280.719786	336.661909	188.051252
279.766983	321.289678	190.3747
279.688772	338.816725	189.54696
280.25825	356.285112	188.292413
279.927715	347.566845	197.996749
279.838915	351.45422	197.544194
273.843342	344.920467	272.685049
298.041711	298.311566	57.963836
297.834411	306.627218	60.063747
297.600649	304.167728	63.94079
284.648237	323.798637	148.616088
284.655795	358.641332	146.670543
283.881471	329.968505	154.599601
280.795844	323.007286	188.491733
280.661831	342.455753	187.38037
280.521065	348.350223	187.528314
280.585874	339.765061	189.440011
280.733721	347.723395	199.684052
297.994095	296.450175	59.034352
297.923611	300.547175	59.621157
285.172034	354.042904	143.508645
283.790141	333.045361	155.280729
283.588809	321.660366	156.972541
280.908666	331.506767	185.964415
280.855494	330.648227	186.926471
280.697233	330.961638	189.519114
280.666373	336.764805	188.911231
280.592995	343.525701	188.122849
280.478689	347.490493	188.506907
280.650809	329.126029	190.568501
280.646769	331.061852	190.379763
281.315714	351.330345	188.025666
280.509208	345.559809	188.745166
280.294855	351.560177	189.744311
279.72003	358.170769	195.909261
280.015124	345.537506	197.378417
279.818243	354.279596	196.354925
279.538195	363.140693	196.234939
279.588126	359.336646	197.512318
298.045901	297.318202	58.045697
297.603094	303.176553	64.016583
297.532802	303.309523	64.926636
280.850117	332.583138	186.734535
280.574526	361.94942	194.613885
279.822542	356.129364	195.27582
280.492521	363.024974	195.369251
279.535608	361.287738	197.300836
297.987503	298.436169	58.872241
283.627478	329.051209	164.689203
281.745554	335.464235	186.437518
280.798991	323.976269	188.410409
281.500539	347.257374	186.789286
281.647882	333.743342	188.36934
281.456485	346.399874	187.768665
281.564692	328.141832	190.670018
281.261209	354.225599	187.665725
279.876235	356.032869	194.420121
280.640183	351.615903	199.237238
297.53035	296.376909	65.454843
284.759915	315.306377	154.603832
281.68299	336.537459	187.194971
281.71851	326.866754	188.166428
281.297856	352.295422	187.905341
281.463162	330.27185	192.200445
280.487796	361.174711	196.438267
280.689126	351.526997	198.39081
280.198705	351.486882	207.717083
297.865443	300.673898	60.530951
281.81665	332.455883	185.875263
281.625683	342.328134	186.522635
281.44299	343.60844	188.982792
281.058847	358.30644	188.918338
280.994275	346.311521	195.572263
280.539486	359.22495	196.652335
280.590336	353.56401	199.015051
280.591736	351.703945	200.082269
280.922426	333.248928	202.129687
281.657468	339.433867	186.865904
281.161082	356.265196	188.289545
280.632055	361.84739	193.753225
280.46199	356.580189	199.535798
285.760893	321.483805	146.941538
285.783908	339.983135	146.551816
283.175365	343.335636	167.839697
283.083676	343.495463	168.713322
281.70962	322.024742	188.584157
281.161082	356.265196	188.289545
280.624097	360.002697	194.828977
280.771369	343.919343	200.966585
298.729895	295.624598	59.968381
298.650168	310.517712	58.785096
298.657194	301.708484	60.397686
298.476634	298.132872	63.437313
287.039763	355.454224	136.162246
281.882041	328.475565	185.380415
281.762546	321.91754	187.712183
281.654114	321.161185	189.533437
281.662967	329.874623	188.7596
281.563252	329.109564	190.577761
281.099732	356.372824	189.150329
281.415616	330.366428	193.055898
280.632055	361.84739	193.753225
280.564809	354.538535	198.904594
298.72049	299.595821	59.646523
284.986798	327.661418	152.949089
284.874114	327.850959	153.848537
281.812621	333.422461	185.776434
281.822611	330.521898	186.067002
281.611454	329.976935	189.622596
281.096898	343.313755	195.069431
280.897745	341.809981	199.511494
299.401457	297.910232	61.570453
299.274087	301.150701	63.153142
287.725258	341.892882	132.755467
285.384285	333.82781	149.771883
285.268256	320.335273	150.664568
282.598862	335.551	187.306225
281.611101	338.574312	187.8382
281.456485	346.399874	187.768665
281.564692	328.141832	190.670018
281.304683	362.232266	197.1862
299.576093	295.535304	59.010481
288.064623	328.707551	130.981218
286.788006	340.754805	145.582138
285.121297	359.632362	156.315105
282.711486	335.334097	185.578073
282.682364	322.871376	187.644274
282.622151	339.303956	186.007584
281.647529	340.398843	186.752875
282.60552	334.585059	187.410567
281.899357	358.393754	189.776276
282.150515	343.015399	192.521351
281.827282	347.352446	196.305553
281.617731	354.243966	196.350297
296.629799	310.081406	87.344741
286.348904	327.859904	149.297881
282.577398	328.889206	188.861242
282.53656	336.621996	188.061335
282.527854	328.024153	189.817029
282.262842	352.164683	187.043874
282.365579	332.188199	192.012893
281.568445	356.189615	196.124438
300.23354	304.77037	60.055813
288.583884	340.941754	132.829958
282.678863	330.612293	186.942359
282.639759	337.374373	186.229012
282.60552	334.585059	187.410567
282.53199	342.30585	186.524911
282.297285	350.23575	187.286006
282.472705	330.059048	190.492063
285.194342	322.989507	158.750575
282.685852	326.743192	187.307587
282.551392	334.689989	188.272841
282.16458	354.203604	187.663551
282.884339	357.296428	189.027597
281.531804	361.829648	193.748336
282.767143	337.892486	199.956748
300.115145	307.016972	61.725358
299.941379	300.472442	64.998468
283.698932	331.338292	185.117619
283.613321	336.277112	185.477351
283.380386	342.389577	187.387301
283.426265	331.872627	189.444475
281.718212	343.817315	200.131812
299.940433	299.481119	65.075235
290.534231	352.910889	123.62334
286.893575	328.434816	152.007661
283.70242	330.372133	185.212775
283.438213	342.282194	186.527145
283.296141	344.424489	188.009793
283.086714	353.214921	187.781742
282.398524	360.939211	194.711542
282.488907	351.488947	198.38874
290.298211	351.317389	125.585814
284.482974	351.722507	171.285693
283.626788	334.346964	185.687
283.58159	332.524877	186.754921
283.385452	346.137308	186.050719
282.50518	358.892075	194.072458
282.341509	361.039823	195.57048
282.28293	359.285228	197.499509
284.463716	342.035672	184.805989
283.491193	337.459696	187.095807
283.460545	334.668638	188.278442
283.262831	350.102305	186.425367
283.310202	343.459742	188.12854
282.966836	356.220983	188.284014
283.767845	355.444769	190.120144
283.514931	350.313599	196.806957
283.415848	352.34993	197.425802
300.869234	301.235698	63.052562
300.669525	307.599201	65.323808
287.666244	341.71859	145.501526
287.903566	329.208119	151.05164
283.522479	358.66621	192.350948
283.448092	355.079646	195.378604
283.132362	363.072027	196.213282
284.415062	341.184008	185.785012
284.221281	333.9828	190.966167
283.597975	360.394905	190.403769
283.430416	357.898349	194.181273
283.522817	343.776248	200.137553
300.737125	297.541226	65.180957
296.232605	319.548661	100.457053
286.313681	321.303984	165.281728
284.62225	327.452694	185.494998
284.552731	331.428172	185.99287
284.36965	334.64599	188.283916
284.150362	351.040572	186.302858
284.18675	345.364136	187.891471
283.849668	357.16324	188.163693
283.766086	358.240167	188.908442
301.043824	297.858394	60.562243
287.918076	332.093552	150.839375
286.20645	317.607067	166.430832
284.505453	329.605217	187.05169
284.290615	346.111702	186.051596
285.26124	336.552112	188.075404
284.242881	341.505556	188.365803
300.927317	302.094502	62.063884
291.929265	330.152251	128.159978
289.293687	339.987194	146.562178
289.108896	323.827625	148.684082
288.132356	352.359447	154.378874
285.250567	342.230934	186.531961
285.20558	341.374542	187.509555
284.208503	362.742011	193.627512
285.429975	336.228791	185.486592
285.430647	321.852914	187.75651
285.240912	338.481491	187.853862
285.169532	327.196719	191.658555
284.25782	360.794472	193.843859
284.307155	358.848211	194.065714
284.468621	350.197956	195.957635
284.115853	361.973705	195.4547
284.028371	361.19735	197.277085
300.742042	303.491665	64.718747
300.742325	301.507476	64.87267
288.485175	340.326143	152.874826
285.322956	320.130359	189.659465
284.215613	356.222056	196.970099
278.087715	348.917419	273.561508
289.224749	323.636107	147.781973
285.622764	333.957615	183.093281
285.270922	345.01024	185.312867
285.16508	344.266696	187.154126
284.23314	361.768078	193.734937
284.23314	361.768078	193.734937
284.422007	352.140606	195.724134
286.945328	317.925107	168.250277
285.451903	333.335482	185.800298
285.476071	328.508858	186.283367
281.699822	364.085906	234.362182
289.610975	355.792781	142.40875
289.016243	327.868377	149.330835
288.287214	317.435202	155.471918
285.34045	333.551879	187.530578
285.088039	349.085977	186.547113
285.138458	332.993522	191.07553
283.974772	363.152278	197.067302
301.665045	299.291709	63.161277
285.503102	334.188367	184.830999
285.380901	335.374319	186.458041
284.53343	337.931712	200.804491
286.649586	349.144195	168.052145
285.274882	340.303389	186.765293
285.293411	332.691399	188.49552
284.990683	362.927344	195.344535
284.41695	350.290435	196.807003
291.892855	336.365315	134.105554
289.257359	355.370849	145.14135
289.035481	332.229642	156.304298
286.24227	334.491759	187.432478
285.233468	357.851431	194.176003
285.125783	359.899479	194.809624
286.399243	324.623891	186.644881
285.508902	358.298747	189.764684
285.196735	355.128884	196.22886
289.525804	319.772189	152.604216
302.561374	305.02269	60.82052
287.227228	338.101933	185.275806
286.323927	330.525498	186.970396
286.054582	348.946227	185.68743
285.100416	360.873917	194.699785
284.990683	362.927344	195.344535
285.193845	353.276512	197.309741
303.196767	304.474132	63.589745
303.19207	297.523098	64.136735
288.554236	345.113186	167.630781
287.205735	340.027475	185.048165
286.011109	362.695086	193.619969
303.352996	305.06177	60.774751
303.069667	298.795709	65.876999
295.994283	350.295294	114.58497
289.283663	349.537475	160.011856
288.453645	347.181299	168.277449
287.205735	340.027475	185.048165
287.105737	333.606072	188.405291
286.205014	359.564076	192.22971
285.865872	363.880758	195.23579
294.278739	351.488191	120.947824
289.60808	324.105653	159.652827
287.179427	337.249198	186.250933
287.134603	341.101773	185.79453
286.110809	358.799165	194.060772
285.95105	362.800146	194.480677
293.594728	319.558678	128.854532
287.157562	322.989728	189.435385
286.274693	350.147073	195.959107
279.555959	356.040347	274.737833
304.188762	304.96637	59.818039
287.938773	340.325899	187.637469
287.59745	323.905952	198.033475
286.929661	359.849167	194.804965
286.852825	362.775247	194.477635
286.946375	351.460576	199.235902
304.727797	301.748118	35.289881
292.183817	356.758694	142.294176
289.175951	347.461321	170.014872
287.801911	348.997972	186.550875
287.609818	363.935394	196.089217
304.193252	302.977166	59.976769
304.047073	301.395007	62.869559
289.438171	322.218703	170.718856
288.08845	341.922378	184.818339
288.107248	335.294072	186.474079
287.863804	348.88594	185.690603
286.974045	362.563137	192.755952
286.913061	362.669835	193.617079
286.955277	358.874596	194.916752
282.415334	339.222269	261.860672
303.869938	299.82765	65.757393
289.254586	348.264551	169.032476
286.785177	359.172561	197.484394
302.556384	334.637275	75.03443
291.497622	338.301131	157.59484
288.557517	323.794837	197.195248
303.992023	301.533105	63.780547
292.755459	316.924168	148.232963
290.673803	327.348542	166.707862
289.16266	331.192309	185.156667
288.907253	343.92823	185.445192
290.157487	347.281178	169.148632
289.031442	325.73429	188.324145
287.950606	359.614938	193.086666
287.695447	362.853723	195.335049
287.971013	342.847116	201.945406
294.728242	334.103219	132.458237
294.052795	348.565748	135.813469
289.145898	323.592108	186.754269
289.098568	332.266483	185.925893
288.599707	324.671447	196.252945
295.332792	352.418366	125.439758
287.669299	363.831176	195.229392
304.730588	302.704794	64.57235
292.122483	324.767108	153.237954
290.00018	355.078211	169.088282
287.743755	359.047945	196.628222
281.341218	358.934072	274.087604
288.489418	345.634216	191.330714
288.557517	323.794837	197.195248
288.979488	333.445756	187.555015
287.840669	361.668312	193.723632
288.703951	358.92039	195.772196
291.096141	341.519176	169.826207
290.781753	329.787789	175.519013
289.690124	347.858311	185.820599
292.108473	332.099055	160.880944
290.057489	333.089364	184.963385
289.569002	348.079993	187.540146
289.333215	356.879975	187.298518
295.206686	338.547352	134.852581
289.968971	330.420475	186.998207
289.269466	356.993064	188.159473
289.774816	356.739447	194.28996
294.007923	318.819622	152.724882
291.82639	351.196172	169.554908
290.99157	330.173213	185.267762
290.979617	322.580253	186.853479
290.743777	338.199241	187.024103
289.691638	357.814989	195.0305
289.737336	352.16468	197.432732
294.012153	328.421458	152.084806
290.833716	339.903242	185.068774
290.890942	335.094746	185.628128
290.80916	332.423622	187.671956
289.744791	362.37068	191.891346
290.346053	362.874722	196.19081
289.466586	360.06882	197.372494
291.465817	349.716146	185.582362
290.480866	350.82783	186.313715
289.713159	345.706521	201.618074
290.380808	352.869842	186.926802
290.61841	335.622363	189.939589
290.651415	332.731552	190.258742
295.223527	324.03709	149.661709
294.222011	357.047217	153.840123
293.73329	345.615584	160.435005
292.657346	349.403729	170.658206
291.861939	328.330032	186.334953
291.562437	332.700775	190.266729
290.674238	354.861734	195.381372
298.142444	348.220528	123.94919
295.29456	341.120849	147.380182
292.803639	351.015575	168.692379
291.774236	332.286587	186.814038
291.640332	342.866504	185.582296
290.525597	362.558125	193.613334
290.465116	362.664927	194.473141
290.432017	361.792475	195.440705
292.719576	351.166009	169.557475
291.910368	329.182226	185.370389
290.586731	362.450023	192.752957
284.01599	355.929213	274.745178
292.758197	330.224164	186.152587
291.708531	338.057952	186.168561
291.668933	340.94305	185.820934
290.543911	359.735248	194.804848
290.821438	360.173259	190.395046
291.994945	333.586951	198.788756
291.417498	358.830718	195.776557
307.208356	302.533408	62.634265
295.493623	321.274571	155.337871
292.066057	355.812986	187.428968
291.527887	356.778199	195.1511
291.36945	362.63502	194.474076
291.469385	355.025982	197.090137
291.44223	354.146265	198.056768
291.191801	362.948822	197.04886
297.939869	321.046944	135.215189
295.90365	316.721033	151.956484
292.620717	341.757957	184.846836
291.429873	362.527885	193.614482
292.82969	328.191481	185.471331
296.651048	330.803938	144.618028
292.694202	340.683182	184.101669
292.708591	321.778597	188.69951
292.647513	323.805821	189.401456
292.345763	331.033291	193.054606
291.47122	356.878639	196.005565
291.429873	362.527885	193.614482
291.422339	360.680775	194.694567
292.7303	333.108384	185.852809
292.727447	327.44654	187.305429
292.703484	330.332007	187.020989
291.919363	357.006482	189.028997
291.55262	362.309693	191.893641
291.533569	358.62505	194.063777
296.883463	328.055768	150.311097
292.369906	363.364495	192.646931
295.482882	356.877865	158.278462
294.670126	350.805294	167.833236
293.265973	361.488111	193.730171
293.549913	350.773233	195.022985
300.482443	351.382139	124.576269
297.059057	329.274819	156.606505
296.358032	356.857539	158.277354
294.092678	324.50325	196.316311
293.179457	362.573	194.478354
298.421405	325.05311	145.047753
297.251317	329.888545	154.737146
293.416907	351.939976	196.60421
293.336797	353.010187	197.335211
293.115603	358.968726	197.492357
294.602757	319.699122	188.001797
294.443901	320.965896	190.541641
299.670046	327.825585	134.780762
293.03304	363.765208	196.087388
296.752841	337.086387	167.649944
296.062407	356.116736	170.712071
295.411469	320.838686	189.678674
294.328368	362.100924	191.042843
293.998139	363.627765	195.231498
294.619317	337.438564	199.225019
298.395908	315.162982	153.91053
296.873874	332.159688	167.239238
294.080738	360.689777	195.561435
293.908274	362.857646	197.054405
295.547839	330.021264	185.307083
294.145065	362.43298	193.622771
294.217878	355.804381	196.136645
298.074579	339.440993	153.890825
296.232033	342.575145	184.761482
295.556988	322.44913	186.892274
295.448575	329.277287	187.142749
298.868505	324.473377	156.983924
298.464548	341.213179	158.227333
295.206597	352.844783	196.499667
295.071692	354.013725	198.080576
295.099521	353.037465	198.198438
301.806217	351.933257	127.272742
295.211055	356.54194	194.317359
295.185842	346.396319	200.713786
296.205851	340.766258	185.863111
295.127082	352.061759	198.316757
299.876813	321.768331	148.029973
298.400153	355.37933	155.776565
297.099774	351.157477	170.447644
296.42581	321.566645	187.857566
295.207941	363.042905	190.936069
294.873064	362.721514	196.201132
300.886699	346.707035	135.966066
296.433467	327.219578	186.467626
296.064599	345.683854	186.118018
295.100157	358.59716	194.938521
299.659164	324.042605	149.708471
297.380563	323.352228	186.825219
297.256391	334.861551	185.687525
296.061626	352.906753	197.357928
296.123666	343.527801	201.91364
298.696512	358.225318	160.770344
297.154647	341.578309	184.8918
297.099235	326.738758	190.911188
296.348763	360.715297	188.586705
297.987885	342.613735	185.64536
296.481796	357.686504	188.080989
296.171466	354.558175	194.563771
296.479075	335.434385	199.472315
298.751409	331.964213	166.367776
310.770194	310.732736	85.967133
299.783195	344.195161	153.41406
297.31556	339.267256	199.034085
298.270848	330.88311	185.237929
298.068364	337.813351	186.232471
298.071942	334.081617	187.535498
297.53119	332.333174	198.12234
296.865039	353.062568	199.063045
290.302076	348.824225	276.369485
300.942054	344.642639	150.6656
299.418328	338.91829	167.46873
296.949751	361.245873	192.892539
298.061601	341.541557	184.902829
297.944148	338.98799	187.842408
297.855671	351.955873	198.344606
300.319713	344.462542	165.947789
299.236424	326.060999	185.710424
298.890692	339.805098	186.876223
298.291121	357.613964	188.099518
297.104776	361.885077	190.200288
297.594611	362.623569	196.216287
297.994562	343.370176	201.101144
313.27278	328.741794	60.473946
299.022286	321.782263	190.502672
298.93187	321.014823	192.325348
297.933256	354.588426	195.434988
311.253994	328.812796	85.458445
299.04719	336.709079	185.491422
299.028001	326.477002	189.19753
298.736659	322.337303	195.695171
297.964587	348.056811	198.824304
301.501725	318.880307	158.299082
300.502102	359.942581	159.694996
299.006725	328.394715	189.012156
298.876825	322.067023	193.10749
302.310652	336.852129	155.978954
298.703477	357.584867	195.94032
304.7902	321.361084	136.183533
304.435825	343.676056	135.338064
299.886327	337.741158	186.256075
300.031016	322.512327	188.683868
299.553035	349.497893	186.524783
301.193186	339.820434	167.381746
299.999076	330.072925	187.095569
305.711137	350.179699	122.828901
303.165757	337.265454	147.770338
299.986573	331.031025	186.997938
299.799365	339.76835	186.888616
299.460594	348.755434	188.367802
298.760073	355.629888	196.177253
301.394428	342.232066	164.422718
298.560199	362.483552	195.366495
300.054058	333.689636	184.957743
299.892639	326.544042	190.075808
298.801585	363.884848	190.85085
298.845762	350.849256	197.628337
303.183332	325.957532	149.610181
300.149838	326.030309	185.719845
302.512982	315.839464	157.581057
300.437357	350.42473	186.41236
299.554318	361.361254	194.630577
299.443298	359.715156	197.423088
312.85144	323.057693	86.856138
302.566692	338.896561	162.100818
299.751359	356.364967	194.3618
300.865308	336.637952	185.515803
300.963776	329.934202	186.236949
312.653393	301.786531	91.258415
302.586015	343.506017	160.698722
300.492962	358.493732	195.842236
304.346327	321.399554	156.338878
301.578761	344.386366	185.453443
303.1329	358.921825	159.816022
301.875878	329.901292	186.248477
301.875878	329.901292	186.248477
301.861115	327.135205	187.398108
301.407069	347.495591	186.80247
300.292682	361.646192	197.204512
301.805572	334.687171	185.74546
301.733493	325.521423	190.187925
300.823721	348.636964	196.200727
300.754916	344.144876	200.184548
304.24032	354.768211	158.521829
302.721152	337.415162	184.565489
302.578611	342.317802	184.848862
302.663146	334.759481	186.625357
302.736383	329.973263	187.130639
301.694457	332.127558	188.654902
301.884822	358.440985	188.024717
301.513713	361.940649	191.963302
301.485794	362.919636	191.849076
307.149415	333.115923	136.273285
302.667137	337.525222	185.431441
302.180196	353.247064	186.063917
301.571447	354.444733	195.479644
302.363961	360.170441	193.920045
304.96407	322.834681	158.985727
301.402345	358.459008	195.852776
303.650836	326.216931	188.382151
302.449867	362.771276	191.00103
302.335196	364.846857	191.634877
307.086172	333.71559	144.46666
303.57602	337.490214	185.446051
303.589666	333.767627	186.744536
305.243515	356.360941	156.567246
303.411612	343.353051	185.605887
302.559384	343.185894	201.173129
308.698308	350.751157	125.543351
303.557322	335.682488	186.532056
309.234711	340.527011	123.701735
304.254941	352.684312	169.423727
303.4712	337.704848	187.174542
302.36661	358.319343	195.010669
302.25263	360.385654	195.629751
302.167134	361.474022	196.368825
305.587373	336.324393	158.777027
303.450301	341.43348	185.846718
308.548002	352.862799	126.267856
302.308161	360.278672	194.775241
306.273266	347.744001	157.556614
306.269364	333.913925	161.734017
303.396989	352.521784	196.60079
303.131792	361.333929	195.525007
306.900051	324.4058	157.07207
304.547148	330.863996	187.060419
304.35052	334.041231	189.353118
306.516709	333.454362	159.060188
304.114152	350.163949	185.612616
304.495275	319.78406	191.598214
303.174933	356.634169	197.815883
306.324944	344.883254	157.879082
304.666245	325.98206	186.648545
303.35924	357.20049	194.289215
307.784523	335.517353	154.341045
306.982324	348.03073	159.324102
306.496001	346.198002	165.79923
318.65878	332.567738	58.360655
305.24553	334.965292	189.261931
305.50528	324.243802	188.579872
305.151673	344.353027	186.378169
306.729225	353.101864	160.516005
304.250445	354.440091	196.370663
316.544669	320.685333	89.867479
309.244587	327.072791	150.510932
309.001969	325.655701	153.355381
308.574105	340.274691	153.881187
308.09194	355.86503	153.96979
311.204464	310.522034	135.076746
305.190909	353.428069	196.507616
312.617013	346.100896	121.37973
310.836888	315.866775	137.520519
306.042935	355.349774	196.278056
305.982495	357.308763	196.035388
308.035238	347.527748	168.33715
307.184958	333.738308	187.672487
317.279861	332.330908	87.048475
306.189339	350.465198	196.892892
311.674006	311.25825	138.71535
307.359213	325.993793	187.561686
306.012846	364.602458	190.821459
310.183549	328.816049	149.474631
308.960808	336.573704	160.602781
307.012583	337.774056	188.963963
307.230876	336.398795	185.621459
309.325871	354.006569	160.439932
305.93121	363.852124	192.649581
310.023024	317.065656	153.941846
307.906172	334.102486	191.141057
307.756473	349.063294	185.811105
306.923647	356.295847	196.171438
307.445779	357.031714	186.522859
306.974007	351.600774	198.479322
307.013987	353.36004	196.539032
307.965427	350.494078	197.773463
307.984924	351.373135	196.803022
307.927383	348.729323	199.708064
307.831418	348.911111	201.390849
308.771139	340.588033	188.654244
307.845518	354.405484	197.280768
307.868253	350.684032	199.463163
307.783526	360.955297	193.880702
308.771139	340.588033	188.654244
309.250946	356.970371	186.560533
310.055775	326.006115	188.479862
308.968281	356.678329	191.82082
308.580998	358.401029	197.659792
309.059941	360.12592	187.906726
311.830219	326.07722	161.569231
309.848652	339.283301	186.206671
308.707952	354.472517	198.144541
310.923389	354.263265	162.216073
309.991873	359.121901	188.047227
309.767525	354.140248	195.617682
309.624866	357.181914	196.09765
312.935772	326.568834	158.818462
309.745107	362.405146	190.254729
311.253886	358.102492	167.974961
315.351738	317.486275	135.654816
313.197637	328.809459	154.999906
315.228731	313.999262	137.700696
309.795646	345.824748	200.951272
312.26916	343.326971	160.835546
316.17519	324.048051	134.314336
315.23672	318.622513	136.500851
312.574689	336.377095	159.772124
310.674126	351.375107	197.703546
315.923142	342.01045	131.004177
313.504387	346.250395	155.118174
313.568271	331.61384	160.235673
316.078966	324.221151	135.220766
316.102416	318.632096	136.514848
310.990842	354.339765	189.546483
311.168214	353.03302	187.105086
316.953142	314.976839	137.673484
312.648068	327.161997	191.053112
311.790703	344.519537	198.587649
311.584162	348.60054	199.781163
317.842023	325.991059	134.203295
312.809889	356.978082	187.500487
317.936622	313.850077	136.839098
315.24572	340.813574	157.551237
318.082366	315.418852	134.910398
313.523569	333.633604	188.671628
312.928839	348.568463	191.201971
312.760821	357.093019	188.356188
318.693292	314.993136	137.70448
319.08946	316.999294	132.992487
318.782358	329.509198	132.113281
314.94781	357.626258	165.450258
318.674578	323.288295	135.330679
318.766966	323.116334	134.423987
313.562614	346.40744	198.382906
319.548765	326.009909	134.232198
320.438663	327.773309	133.196935
320.603946	318.328434	134.777184
316.390925	343.408238	198.814131
316.449112	344.200736	197.005754
316.952082	353.244552	198.435707
317.21788	346.304485	198.467387
318.13157	346.281646	198.488817
325.897654	318.990455	133.004387
324.927708	348.752987	129.616798
324.464145	353.239515	132.835735
324.742026	326.752964	143.475687
320.752286	351.014112	197.083569
325.059796	336.821082	134.390471
326.556138	324.774802	132.622929
325.310152	348.715621	135.118209
324.597241	341.305862	137.643598
326.283264	332.485818	132.024645
316.500548	330.746772	268.243201
327.901405	325.524912	126.146479
324.769094	351.54496	140.287926
322.154546	339.053584	196.048397
322.100498	338.257055	197.853706
321.629618	351.976783	196.977619
322.902301	342.116898	197.403059
322.842178	344.060344	197.159535
322.832163	343.175208	198.123474
316.444467	355.722982	268.80988
322.811285	345.03325	197.036276
323.678086	349.610077	193.897862
326.263851	349.264171	144.187756
323.745856	343.159267	198.144377
318.348364	329.646001	268.470372
327.047701	341.483621	138.596726
323.784116	347.566601	193.305569
323.723926	345.018203	197.057407
323.900463	347.272709	190.761317
329.345507	316.297621	134.175032
327.27671	341.017127	135.896839
326.061344	346.163091	149.050702
324.604367	345.978521	196.953855
328.802111	330.745665	133.144104
326.629248	350.284373	150.431966
324.604367	345.978521	196.953855
328.86679	323.540086	136.445785
325.600117	321.14622	191.844776
324.636464	345.004373	197.078134
324.699015	343.05845	197.323933
324.401248	351.840391	196.195251
334.177519	318.244088	86.854326
324.548614	349.694727	194.763744
324.597015	345.092188	197.919082
324.564963	346.067234	197.794865
324.628515	344.117948	198.042457
334.081135	316.603168	88.833112
330.13459	319.982968	133.037713
326.404916	349.579977	193.960235
325.626069	344.813574	195.413724
325.770774	339.078446	196.979674
333.073379	344.618077	93.225658
325.488534	347.82606	195.881073
325.268792	351.034688	198.024421
334.083785	328.162686	91.758433
329.797671	326.896658	133.464269
325.239116	353.790371	195.958922
325.533437	343.215354	199.02433
326.389954	346.042738	197.833932
334.938222	326.173917	91.95407
326.292134	349.861514	196.4887
326.288699	348.974167	197.456504
326.218666	350.932551	197.20238
326.138225	360.789682	188.178662
327.332997	322.234821	193.548585
326.222614	352.704368	195.26286
331.471301	322.592446	136.574185
330.544627	320.998739	138.49852
326.253926	349.952946	197.329626
336.002519	304.780064	89.711761
329.636606	346.704799	146.35159
327.048403	358.174534	191.127811
331.2742	327.404352	136.223508
327.405941	343.996105	197.260879
327.056726	352.885503	196.964783
327.234647	347.986294	197.601305
336.668577	304.141216	91.652811
329.886217	340.956756	146.943452
327.164182	355.235802	191.515439
327.123386	349.140727	199.152672
330.799589	331.09736	140.521515
327.530278	348.980579	188.897623
337.124841	314.733802	78.874786
332.175188	318.621396	141.44846
328.578582	346.8362	187.46984
328.193181	329.621695	190.295815
328.93798	331.789534	192.706638
328.401195	347.332571	191.718358
327.990792	357.190689	191.274543
328.375129	341.150774	198.484019
328.14521	353.276448	191.793236
328.218035	346.912379	196.905403
328.075832	349.935327	197.365118
328.329219	349.277057	191.463429
328.399126	345.57756	193.661521
328.076921	350.824063	196.397063
332.486539	318.74769	136.854746
328.036429	354.45541	193.353886
328.171184	345.215104	199.670948
332.579108	313.316759	139.024722
329.159831	330.390746	188.499751
328.134208	355.89376	188.861295
328.14758	352.399246	192.768095
328.258087	348.590941	194.126393
338.510344	300.665542	66.848035
328.038616	353.574019	194.326979
328.686165	344.802456	186.865015
328.81712	339.215064	189.288114
329.050564	353.273536	191.811126
333.638771	316.315328	134.280261
329.408295	348.770176	187.237368
329.272495	348.300787	191.610543
333.172872	313.989747	142.669801
329.293709	351.678859	186.85096
329.584745	340.452499	191.749712
329.007253	355.126376	190.704911
328.623145	362.317997	192.34351
328.868987	355.531664	194.085216
328.946066	353.569637	194.343822
328.836631	354.7435	195.899587
331.281057	344.281603	149.374938
329.480377	347.698672	186.511915
329.165967	349.466801	193.172911
329.130715	349.561575	194.016579
329.860639	350.903345	197.269527
329.2193	342.196145	199.219213
329.155345	344.146559	198.974437
338.169321	326.777343	79.106066
334.122858	320.678676	136.770133
329.200985	349.370823	192.328235
339.116468	304.762373	89.887221
334.208755	314.449102	139.916756
332.003368	325.467286	152.912926
330.277606	348.872844	188.108333
330.039077	349.558049	194.03366
334.290034	312.526861	140.029737
330.056167	352.966571	189.288469
330.005227	347.876606	196.812796
329.709415	354.833751	196.755856
329.675362	354.032281	198.563957
333.786255	321.506645	141.30095
329.853409	353.566575	194.359739
329.634605	355.912251	197.468414
330.024231	343.322861	200.785749
339.796264	316.392751	65.960812
330.743475	338.920235	186.762894
330.243902	348.974298	188.958132
329.770131	356.411443	193.127369
330.533678	357.691079	195.542238
335.279384	313.942109	137.220862
330.991491	352.86401	188.45726
331.057103	346.629242	194.432814
333.878345	325.167679	151.147592
331.252801	347.80281	187.404116
330.681892	355.527739	194.115137
330.726534	353.66003	195.216631
330.499069	357.787721	196.384458
335.25402	313.149929	138.183968
332.805455	337.264633	160.164955
331.925727	329.413431	188.659349
331.73506	333.42986	190.001438
331.196112	342.7372	194.930989
330.698725	351.074693	198.960843
331.021704	339.486051	202.116369
330.992078	340.461432	201.997609
336.012781	314.282002	139.054865
332.795064	342.288079	155.086668
330.715178	358.829038	188.520823
330.668003	357.291473	192.167519
330.837719	351.605065	194.633802
330.567839	357.593106	194.699466
331.315696	331.571987	201.340357
330.585715	354.027724	198.577472
336.124031	315.698881	136.21975
336.188131	312.980005	137.300501
333.306077	333.408181	154.143971
332.628062	337.860236	186.058449
331.749241	355.025497	189.90582
331.603905	357.190395	191.335922
331.580528	356.411634	193.155278
332.486575	340.844451	186.575451
331.925081	352.76247	187.624529
331.588199	355.527777	194.128498
335.839235	318.130622	138.816468
331.612895	356.311373	192.311244
331.700855	353.46849	193.546023
336.121832	313.150333	138.206239
335.839235	318.130622	138.816468
331.729399	356.768256	187.94834
331.667777	353.564427	194.388475
331.424451	359.463968	193.61081
331.514707	356.608329	194.841346
331.22263	363.518274	193.947589
331.495946	354.024455	198.589991
331.90203	351.995641	189.451877
331.634321	353.659081	195.230166
331.825622	346.082093	198.771355
331.77305	352.392771	192.833127
331.530666	358.275288	192.050928
331.862247	346.891349	196.969672
336.012781	314.282002	139.054865
332.194938	346.836757	187.549386
331.520888	359.153785	191.075677
331.855438	349.554919	194.064809
331.754872	348.935045	197.553894
331.566121	353.844458	196.9114
331.683155	349.105636	199.228784
340.008974	337.586563	77.642689
340.181401	319.339249	88.116466
332.506992	357.193701	191.348396
332.234321	334.321488	199.357221
333.923173	327.21571	186.272349
333.638297	334.978687	186.400067
333.13072	346.739247	186.714972
341.465137	316.976058	80.939197
332.380585	360.140473	190.957882
332.392008	359.261597	191.932994
332.412422	357.496054	193.880702
335.3277	332.676797	149.678957
333.915256	353.105242	155.703575
332.826286	352.767119	187.639652
332.475811	357.295755	192.193153
332.307009	361.230588	191.67486
333.054777	336.328721	199.988324
334.469338	333.422	190.062299
332.428939	355.720082	195.824239
333.441342	354.549361	194.282083
332.700042	348.846298	196.728349
333.423274	352.86029	197.063318
333.780085	341.267089	200.250142
342.923054	307.199573	64.937605
333.409357	354.643926	195.123582
336.956322	316.401434	150.87289
336.67975	314.59873	157.376448
333.440112	357.095541	190.514344
333.317718	357.499184	193.891158
335.654936	341.592999	150.672043
334.437842	334.384601	189.959458
333.584081	354.931298	189.085284
333.367695	358.180027	191.228698
333.294883	359.26612	191.943387
334.275421	355.630965	195.002876
333.254125	357.69312	195.575932
343.042269	298.216251	64.563246
342.915145	329.336334	71.991246
342.309719	337.376079	76.966793
335.350522	335.258662	189.016917
334.469114	354.163935	190.919593
334.111734	356.085093	199.202847
343.487635	319.680847	62.408411
334.253338	357.40522	193.057244
334.192092	357.600761	194.742754
343.672299	308.575329	61.210019
334.428699	356.787554	187.984852
334.137958	356.895307	197.395608
334.523873	345.253715	200.60295
335.295268	353.576143	194.431349
337.885984	335.268358	147.68253
335.358848	355.048938	189.951827
335.175258	353.03805	198.757467
343.531141	305.951881	75.27447
335.608758	349.191569	190.741541
335.172629	358.193786	191.246184
335.042105	359.480643	193.647933
335.344888	351.704307	195.533018
338.790463	317.044572	149.048226
336.464073	345.313572	168.421298
336.367987	328.775711	192.29621
335.254109	354.558385	194.300372
335.313077	351.793432	196.372347
335.160604	354.834586	196.821761
335.168691	353.937617	197.790366
337.935577	334.309363	147.769659
338.551091	321.038569	149.711734
336.140941	340.761861	185.791859
335.170501	356.525059	194.038586
335.012241	359.579298	194.49118
336.642714	342.317348	167.881694
335.798053	347.727036	186.631946
335.097952	357.606045	194.750305
344.524693	299.876318	62.732552
344.390005	308.99624	64.039076
336.6021	325.557401	189.108914
335.58362	338.547372	203.128667
338.698992	318.963454	148.929713
335.036143	357.794906	196.433442
336.757363	319.802869	189.567788
336.01874	358.403652	192.940578
335.128084	357.509504	193.907992
345.31892	297.066423	63.892849
338.843186	331.742005	149.846971
337.63776	326.156251	185.57027
336.556604	351.513161	185.269679
336.524656	348.318613	191.725597
345.052586	313.059165	64.800287
337.575765	328.074903	185.406005
337.304345	334.893427	185.616492
336.516319	350.851928	187.950284
336.384015	345.175487	199.786802
337.667858	325.197183	185.649188
337.155173	338.743124	185.181584
337.391889	328.523479	189.736437
339.991639	321.148275	156.157602
337.076869	340.67009	184.950317
336.374947	353.00271	189.379353
336.894574	358.510841	193.788153
336.003737	357.612689	194.75639
336.554961	336.590688	203.371497
345.911164	308.409021	60.504795
345.737072	315.997225	64.706548
337.686354	345.808006	186.911375
337.401948	351.733796	186.978141
336.880185	357.714687	195.602536
337.260426	345.253549	200.627609
345.799554	315.422293	61.028486
345.660227	321.62118	62.533045
345.773063	314.867242	63.844158
345.717203	317.819675	63.675175
338.136981	336.823939	185.420726
337.108512	357.690082	187.026657
337.419147	346.643733	194.51745
337.169881	350.8214	196.515888
340.689431	354.681335	122.230278
336.869426	361.059161	190.018635
337.433916	342.163589	199.333641
345.866066	310.651456	62.231246
340.119206	327.294493	146.562729
338.579466	325.196123	185.670582
338.609488	324.236502	185.747726
336.986652	353.946849	197.802034
340.622198	334.026588	146.029309
339.528225	338.396964	167.483596
338.600173	323.368119	186.697145
338.603654	320.664832	188.665084
338.271042	345.924042	197.16699
346.086658	324.967818	70.737797
337.786498	357.723465	195.605461
346.759673	301.533501	60.979133
346.819089	297.746322	62.129136
340.573223	333.371149	147.917673
339.479488	339.353139	167.377872
337.936233	358.789514	187.745093
337.985324	355.375823	192.500967
346.687122	306.438418	60.692429
342.10595	318.473652	151.793419
340.656426	344.529704	150.479457
339.604208	342.782784	157.922934
340.167533	331.92793	185.104363
339.986758	335.875389	185.560223
338.604377	359.7104	195.347327
338.781995	358.237453	191.262222
346.705618	305.319929	59.82923
346.701603	305.457634	60.749461
346.772759	300.692366	61.95573
346.654705	316.372891	46.178052
346.622381	311.207013	59.488469
341.521373	337.115713	141.198053
341.205428	333.317469	153.43304
342.140695	314.284505	155.698436
339.519506	345.731677	186.079087
340.025347	329.656201	191.413083
338.850438	354.68376	195.159391
339.255431	341.26472	200.303194
345.574792	336.472319	72.786381
340.119591	324.028102	193.663676
338.60507	358.002869	198.129235
347.516954	301.386918	60.129617
340.879131	339.87955	151.882518
341.25117	333.169791	152.531524
339.787602	340.698234	184.991474
338.781995	358.237453	191.262222
338.619846	361.292723	191.713145
345.885368	331.657646	85.045135
342.850277	342.233584	125.232664
341.50548	329.184654	151.954457
340.067314	351.955663	154.15586
340.682103	334.320952	166.114149
339.534455	344.861275	187.057722
338.77924	355.75951	195.868256
338.648771	358.721615	195.476847
340.131367	332.890388	185.007373
339.986758	335.875389	185.560223
338.711179	359.321678	191.974504
338.576224	359.803835	196.189638
339.188134	343.223266	200.05569
339.186495	342.316425	201.012558
340.947953	342.838364	146.113258
338.541532	361.593	194.246527
338.750232	355.848796	196.708221
348.324152	298.295001	59.45152
342.881884	322.812823	148.784186
341.718995	336.107038	158.671677
340.491957	344.676452	185.362698
341.073943	328.441379	188.945045
340.39152	335.336962	200.188001
348.323728	298.432649	60.370206
343.198614	351.090303	124.465456
340.341409	359.526902	158.624822
341.008538	332.120021	186.847406
339.633936	358.448599	192.949441
348.357715	296.466608	60.484176
347.671001	332.38775	61.279396
347.984798	314.979824	65.002078
342.449189	332.118422	146.237723
340.690844	340.709483	185.002885
339.640102	360.012431	189.307429
339.959327	346.247233	200.513847
349.070177	299.269804	59.464041
340.861322	335.978208	186.433274
339.437334	360.805715	196.061004
343.513978	324.394112	152.358649
340.257651	360.626484	159.379585
340.915039	350.508296	193.170353
340.504872	357.757385	195.605635
343.271259	331.471368	148.14418
343.214443	328.536133	153.879161
342.309958	321.437274	186.926964
340.653023	356.39766	192.370373
340.663275	354.707232	195.159624
341.311898	332.548449	202.197608
349.816048	300.243847	59.479128
342.63748	340.568405	150.027355
341.340578	344.887125	187.072054
348.780032	318.655082	56.525442
349.083237	298.703603	62.276443
348.534378	324.693757	63.626108
341.805842	335.021483	186.554391
343.847741	326.277997	164.136717
343.097422	320.811549	190.503087
341.441128	358.47836	192.945218
349.829486	299.536583	61.372968
349.578599	312.426276	61.59299
344.617097	350.058128	130.060162
344.807524	316.704861	152.877292
343.032841	328.090497	185.519123
342.819557	333.006133	185.915845
341.481488	356.692834	194.893292
341.846297	346.111269	198.849021
344.329491	326.167942	151.333515
343.652633	336.22107	153.219503
343.124476	323.450757	187.666729
341.202448	361.823719	195.928648
349.52929	318.648068	56.609787
349.471401	322.599742	56.403254
349.767016	303.054915	58.393154
349.716514	305.422348	61.046873
345.203503	329.250833	146.535322
343.763924	332.048483	186.029014
343.579149	336.006796	186.468783
342.386966	356.707884	194.889651
342.271309	358.774757	195.468433
349.262132	330.088862	59.730644
344.059581	321.607199	188.707504
342.317898	360.167983	190.143995
342.89793	343.100423	198.398752
342.127998	360.937305	196.895354
349.17087	333.232397	60.492893
349.066811	333.668299	63.231817
349.666329	303.577937	74.104277
348.656018	308.380965	99.494955
345.249059	329.094422	145.632026
343.680093	352.136464	148.794042
345.413438	318.420865	157.370704
343.597367	336.783359	184.641567
344.10452	322.397974	186.89043
343.670611	331.437309	189.562234
342.365508	359.184277	190.276836
342.351566	355.982166	197.541715
349.736324	318.009077	43.610456
349.584425	315.565325	55.84295
349.349573	323.406151	61.931562
348.454017	339.461384	72.947517
345.535495	319.591192	152.720558
343.914227	344.482844	155.99816
345.115997	318.597607	164.674819
342.782795	360.959008	161.14101
343.718514	333.885929	184.965173
343.805744	329.330716	188.038152
343.180008	343.161442	189.033546
349.897358	309.550481	39.461294
346.41727	332.660592	132.553774
345.549153	322.663884	147.939078
343.618475	335.03983	186.578293
343.872801	327.398774	188.218499
342.528674	356.137721	189.834993
342.250388	359.671563	194.495554
342.107577	361.838708	195.924473
350.673664	316.382436	38.222095
350.123002	324.111579	60.128688
343.711457	345.320492	161.334176
342.248449	361.254917	190.857493
342.251195	360.468207	192.677932
342.925414	338.480152	202.344367
349.410874	316.587724	90.861669
344.89803	330.32075	152.857396
343.906093	329.059769	185.447003
344.740165	330.997108	185.27641
342.96612	348.803878	186.553661
342.405583	355.80981	195.862241
342.219016	358.953252	197.15196
342.127998	360.937305	196.895354
351.092265	311.565008	62.73053
344.975853	356.391631	132.192346
344.384532	341.258677	148.172338
344.156598	319.592534	187.98292
343.21573	343.849178	186.360576
342.316567	357.785814	195.599197
343.084048	360.771002	195.203599
343.14859	333.45973	201.265095
351.2628	304.287523	60.331943
346.405792	344.832358	134.229628
344.563562	334.082349	186.696143
344.039213	335.348947	200.208224
351.065545	318.385311	54.930648
351.332416	301.074605	58.649524
350.934006	322.846542	58.425714
346.103413	324.557185	153.321773
344.031883	357.811435	153.518989
343.678282	352.716879	186.011184
343.836925	338.484575	202.345811
350.141938	319.997726	87.992688
350.799947	303.81353	91.646069
345.845916	356.270952	131.331068
345.043376	343.490005	149.772748
345.617935	332.399509	153.612296
344.679725	344.920658	158.680662
343.178256	359.594481	193.647093
344.653416	342.351208	201.021585
351.243091	305.268383	60.279306
351.278699	302.881652	64.116797
350.643706	331.501922	62.609026
343.246948	357.711498	194.752679
343.154765	359.688353	194.490182
343.939789	360.968991	196.884163
346.630614	332.618398	149.037406
345.714462	331.289552	152.7941
344.891918	354.266599	162.020476
345.377198	336.903219	185.518217
346.052662	318.533181	187.214978
345.400876	335.151548	187.453653
344.27492	357.934828	187.863677
343.964312	361.685781	194.224187
344.11102	335.210981	198.539651
352.096264	301.199828	59.644132
351.737989	319.019003	59.640148
346.002304	343.879637	146.118498
345.824857	343.795561	151.570641
346.112889	336.835247	156.862262
345.795247	326.262734	186.604393
344.920628	344.255151	189.754494
345.017067	334.309026	199.492992
344.138987	356.093939	198.371157
352.153401	298.52706	61.640841
351.956731	307.356708	61.175369
344.814164	347.866764	186.687701
344.029398	361.394228	191.689963
343.941271	361.779687	195.068583
339.353499	325.794965	269.038082
351.892887	311.866161	58.14997
352.096264	301.199828	59.644132
344.978206	354.538521	157.509625
344.905976	345.921133	186.954284
345.816145	319.026893	192.437341
345.098873	355.943846	196.685237
351.419805	333.217771	60.769068
347.961571	321.162682	156.337861
346.62953	329.077615	185.488962
346.704738	326.266198	186.618608
346.399876	330.571057	190.547935
345.376397	352.459422	192.047054
347.359825	323.365354	170.793832
346.474877	332.948146	185.102273
346.560362	330.137223	186.259734
346.565145	329.259162	187.215606
346.423014	332.254009	187.781544
352.920878	300.161973	52.345485
352.306908	330.801028	58.209703
352.59459	313.238216	60.952903
352.181028	331.349193	61.880534
347.633826	329.889264	150.201316
347.867419	326.034188	150.502235
347.860537	324.565421	153.357108
346.597414	329.169305	186.35324
345.173777	357.956454	187.856402
344.845391	361.798332	195.0611
352.744191	310.994967	51.754132
345.404449	360.198758	162.142117
345.35514	350.018334	197.480618
352.775867	321.084262	44.707818
352.916629	299.092057	58.901698
352.206286	327.637482	63.919518
348.782541	327.346386	146.758056
348.759848	325.228742	151.494271
348.311763	328.49216	159.485309
346.703491	354.580256	157.521748
345.887619	349.712147	170.670723
347.227835	335.959213	185.646433
346.189687	355.916457	187.276137
346.460768	349.354601	190.7672
345.900434	360.350491	190.959667
344.986949	358.825866	195.449726
345.750968	361.004662	196.869109
346.110172	353.075218	197.913352
352.67341	314.188554	53.452296
352.921502	298.95918	57.981165
352.232235	308.964334	87.847084
348.886795	321.0151	155.448457
346.620496	357.050736	154.533968
347.20014	336.052426	186.501974
346.152619	356.118835	188.966112
352.30763	325.361834	62.188598
348.697939	323.240444	157.131085
347.339376	333.92671	185.007362
345.984241	356.8654	195.704847
345.797392	360.826326	195.181285
346.152376	352.0866	198.045761
346.246116	349.199189	199.277685
352.966911	298.065728	51.535633
352.702421	312.218595	53.554855
347.230416	346.609461	156.707791
348.255912	329.454583	159.40624
347.4988	330.052471	185.408027
346.840575	342.247882	189.169499
353.778757	309.645946	40.743809
353.486537	311.228683	53.688923
353.561879	301.557126	74.563361
347.820443	321.339662	186.159374
347.142244	337.8983	185.415476
345.844894	359.835283	195.310915
353.070125	326.212891	61.311395
347.78909	342.128126	147.242439
347.665636	320.797933	190.582164
346.143135	353.815747	195.264819
353.400373	312.835679	58.267424
353.38496	311.401303	62.059327
347.935049	337.238189	153.203936
348.847183	321.164571	156.354608
348.303094	329.982241	156.617069
346.42906	358.021101	160.65105
345.726846	361.90907	195.897405
353.749904	298.058355	51.605973
352.747666	317.112989	83.833765
349.377894	317.686985	147.419832
348.902235	320.200472	156.416817
346.296829	353.178094	189.377619
345.819394	360.734521	194.337292
345.750968	361.004662	196.869109
353.893094	326.803676	58.592308
353.859072	328.798701	58.494579
354.120852	313.223815	61.123909
352.733146	320.312262	99.989473
347.249152	358.319382	162.394782
348.285534	332.96819	185.120682
348.077473	336.156081	187.361003
353.952723	324.6849	57.766428
349.55982	333.506349	137.137307
349.490007	324.354954	157.984597
348.418079	328.30179	187.330327
347.420679	349.874524	186.405722
347.618702	337.331553	199.975649
347.380825	343.295753	200.054581
353.91032	325.808161	58.641182
353.829101	326.209585	61.404584
348.138981	333.416527	189.399628
347.023374	355.540893	192.465118
346.843379	357.874315	195.563764
347.771693	356.989395	196.527358
347.34811	343.364248	200.885843
354.405567	328.741255	41.739867
354.263628	313.827314	50.838663
354.109475	316.641971	57.231008
355.224762	299.60788	62.801809
349.753797	323.30325	151.647235
349.036223	335.984384	185.657732
346.880319	358.497604	192.060573
354.282646	313.71257	49.910858
354.974917	318.766682	50.678379
353.489792	335.063085	82.902679
349.46425	342.307016	148.162247
348.271395	350.871774	186.261029
349.165673	323.25921	196.437409
348.086108	350.893508	195.652434
347.747811	357.07244	197.368414
348.325281	342.322428	200.178608
355.109325	328.951735	43.677042
354.948188	314.417281	55.562816
355.130448	303.978236	58.875646
353.554179	336.56066	80.100881
349.175601	348.48605	143.890647
347.695097	359.694883	193.604289
347.77006	357.806954	194.711812
347.513377	362.038158	196.723843
354.798022	322.447142	56.104019
347.674783	359.786412	194.447979
347.653684	359.876177	195.291579
347.725628	357.980472	196.395796
348.185202	345.348323	200.62241
350.473989	325.39159	152.429377
348.334563	357.096833	154.545388
350.483753	322.396743	186.995953
348.741404	341.12413	187.604753
348.36925	348.920342	186.537544
348.465338	346.969929	186.811344
349.416657	362.318075	189.804483
347.954077	353.853646	195.247508
349.16746	342.466119	201.834642
352.111845	315.103757	149.449711
351.729348	320.255008	150.965028
351.691018	320.410374	151.870325
349.376903	353.544835	156.780117
349.851819	337.941047	185.426386
349.983305	335.025452	185.775426
348.651568	343.071888	187.34612
349.471652	337.281243	199.141023
349.201173	342.400816	201.004503
355.985618	306.564073	48.577544
356.020561	301.24071	53.510356
355.553915	320.713945	58.143356
351.112547	329.920722	150.261535
351.410597	322.284762	157.241204
348.851971	360.43524	163.006277
348.488369	360.978153	195.995686
348.439716	361.971495	195.868029
355.849406	308.38	55.012892
355.913581	303.252498	60.846475
349.362984	355.596292	151.170443
349.318082	347.965813	186.668922
348.986667	354.027857	187.525129
349.463634	344.249407	188.901173
348.745785	355.93531	195.80884
355.276199	338.730395	57.279614
352.172689	317.037078	143.850851
349.363847	361.90472	195.011041
348.743714	355.108796	197.621977
350.593633	340.970223	185.905151
355.494625	325.55123	56.979534
355.262312	329.339189	62.36119
351.065254	330.264394	187.16493
350.002969	351.994303	186.949574
349.568497	358.65976	192.870057
349.57819	357.850622	194.689317
349.481765	359.831313	194.425118
355.567182	322.445986	56.195832
350.143339	355.356051	155.666935
349.635632	357.579652	192.1613
349.764243	353.894215	195.226811
349.650784	355.956306	195.797718
350.34665	338.273092	199.014754
350.098562	357.554311	150.94864
350.817416	325.407995	198.797342
350.59403	324.794965	203.916997
356.976862	295.061321	52.045242
356.742123	304.189592	53.437086
356.047308	338.736682	57.374466
351.888749	331.708934	149.210819
352.44895	322.346831	151.755621
351.441124	336.473546	154.246063
350.66122	339.11591	187.007698
356.967598	299.28895	46.252233
356.772263	302.341832	54.460552
352.623979	317.303704	156.653103
351.01411	332.119761	186.104096
350.730213	338.049629	186.280396
349.392595	361.000316	195.984425
350.144356	341.425912	201.127276
356.174107	313.595561	76.123041
351.824463	332.675678	149.126929
350.616353	340.090131	186.882046
349.469538	360.636969	192.604799
356.753061	304.934857	51.535767
356.516268	314.287793	54.809038
353.199861	325.042754	184.174504
350.705464	338.141801	187.131142
350.987523	346.093137	197.136326
357.697215	298.017685	51.962223
357.697215	298.017685	51.962223
357.353919	310.461103	56.011315
357.196457	316.627375	57.587015
352.869575	347.231634	135.982729
350.923644	357.719624	151.826463
351.727144	336.901753	184.694236
351.808192	334.167753	186.749168
350.247394	362.017034	195.845092
357.789457	299.166007	45.40137
357.282046	316.140851	53.874068
351.311733	344.101992	187.201975
350.421351	359.672427	192.72402
351.117906	341.304807	199.460538
357.556432	314.028032	44.62682
353.201076	343.009653	134.57498
352.460258	337.06448	146.002356
353.416982	320.567988	152.800886
351.235701	352.204724	154.276912
350.837475	357.043074	159.907262
351.834908	334.076241	185.894003
350.906168	348.066822	196.867072
350.600136	354.156893	197.733294
357.022211	326.550107	57.120463
353.750197	319.140772	144.66154
350.664112	359.38689	162.260209
351.974778	337.758447	168.649689
352.765216	333.994163	185.039593
350.604267	356.524183	191.441787
350.413967	358.951283	195.387774
351.843942	319.614955	200.209025
351.877508	345.266202	198.928566
357.959221	318.479058	56.657914
352.793411	352.776625	127.38337
351.585049	349.128648	147.462781
354.043738	323.7802	154.426175
352.739218	334.087474	185.896349
353.141453	324.343905	186.863757
351.306089	359.788993	193.55506
351.404436	357.809055	193.821162
351.385586	357.896823	194.66405
351.238438	360.870446	194.269121
351.170056	361.952566	194.986321
353.689332	330.760347	149.315586
353.103498	320.862672	191.512767
352.842858	322.277336	196.556892
352.163396	337.37531	199.962835
358.17418	316.555554	49.264509
357.596849	338.752238	57.565016
353.2492	338.710204	144.040354
354.440534	319.945579	149.19263
353.45984	333.81739	149.96201
352.819332	330.452779	188.886932
351.306089	359.788993	193.55506
358.433618	301.72154	49.987539
358.433618	301.72154	49.987539
358.202526	307.499742	56.23405
358.136705	310.455819	56.09634
357.649949	337.61036	56.694737
346.525445	338.641649	265.959035
357.97137	322.086545	53.687525
352.583919	354.125793	187.476729
352.523166	352.137854	197.140013
353.204118	334.366743	199.494426
359.251867	302.469243	48.162216
359.421633	294.665646	49.486689
359.069934	309.622945	49.678834
354.959481	344.075647	129.107167
354.096312	336.883994	150.593657
353.508541	337.024525	185.548096
353.834207	328.42182	188.233549
352.324838	357.744101	192.964252
352.657002	350.002877	195.737622
352.718099	348.102998	196.846945
353.644567	320.580449	200.129688
347.442693	337.595615	266.010083
358.740256	321.211989	54.755319
357.084101	315.722044	126.713053
353.298995	341.021349	185.895413
352.700217	349.01466	195.874559
352.946268	343.092658	196.687071
352.172536	359.991157	195.230888
352.249567	358.089864	196.336819
352.249567	358.089864	196.336819
359.273144	301.4795	48.211903
354.761142	327.202169	151.439255
354.862631	324.084512	156.245217
355.138495	319.387555	157.473844
354.13215	342.109791	186.605453
359.187545	304.563543	48.990326
358.940805	310.328409	55.253579
358.772139	319.22711	54.846026
353.300755	357.297493	188.730632
353.75651	345.993571	195.438399
353.974028	339.233354	198.03706
359.428845	299.915093	43.645503
359.106151	307.64525	49.77374
358.859386	312.547017	57.019549
358.352587	314.551641	81.782853
354.625191	342.930351	145.458976
354.893854	337.866292	150.505569
354.480926	335.967764	184.811771
355.037363	321.505004	187.990021
353.534547	353.16964	187.604148
359.324999	297.757186	50.259007
354.642799	332.945904	184.292673
354.200483	341.038398	185.890138
355.660263	327.713766	148.666634
354.942153	333.538638	166.410099
354.340131	337.311601	188.09639
353.325142	355.790924	193.221771
353.153663	358.11349	196.323393
352.987894	361.179966	196.780527
356.094518	323.032736	144.439131
356.218081	317.148669	155.787163
355.811568	321.766049	160.075264
354.364521	338.014387	185.423307
354.273188	339.177193	186.997471
354.315636	337.399073	188.943092
353.600196	352.090335	186.90213
353.160603	358.848701	193.65941
353.628162	348.955729	195.026352
353.937628	340.219448	197.907691
354.160399	330.562803	201.618263
360.569357	294.256467	38.479102
360.155788	303.878598	43.510527
359.812156	312.588144	49.623009
355.167581	352.458303	131.072036
354.661318	332.064665	185.258721
353.173407	358.030293	195.479906
353.179875	357.200353	197.298195
353.015922	360.26578	197.753874
353.876974	338.507251	201.486604
355.57397	322.873282	167.309098
354.411191	337.038226	185.546101
354.433181	336.154415	186.518808
353.126696	359.748532	192.681801
354.04057	334.499913	201.152339
360.81597	305.311771	47.242804
360.096547	299.60882	49.308815
359.714761	319.532852	49.304836
359.646781	314.274978	55.160921
355.990012	324.814835	143.401183
354.387881	337.131201	186.397954
354.452678	335.267558	187.488416
354.894132	321.833217	191.443971
353.227035	357.769194	192.949765
353.894528	361.939832	194.098405
346.469698	348.803608	277.72494
361.208945	298.457559	40.154487
360.947812	296.001635	52.342857
356.950014	331.386117	120.238403
356.007625	334.156767	151.781806
360.440179	315.142828	54.275459
355.360146	336.074634	185.663884
355.485799	332.344228	187.82705
354.323976	353.837214	193.482509
354.095162	357.97	194.62204
354.400106	351.111407	196.413285
359.983395	338.653851	56.933104
356.047284	334.51655	148.104384
356.186062	332.575598	148.277205
356.157873	332.72987	149.175536
354.118231	360.053804	159.522577
355.313684	337.051741	185.543036
355.469737	333.233701	186.863564
355.607348	321.290418	196.66266
354.877015	341.912601	194.29994
354.661508	346.011541	195.427796
354.342635	350.410903	199.89746
355.029502	330.624928	202.446698
357.175065	319.471235	146.510558
357.31021	316.222595	150.362995
356.980464	319.756897	153.804043
354.604467	352.868617	157.787707
357.538736	320.66307	165.645518
355.978574	322.30378	186.179159
355.221955	338.214004	187.119627
355.976597	317.842783	190.908854
356.288841	331.78457	192.179996
355.019903	334.381204	199.487977
354.057505	358.137587	196.309571
358.026889	318.322329	151.156378
357.533057	324.615419	153.482218
355.76943	345.177853	187.023295
355.669453	347.13824	186.742462
355.16107	354.935806	194.170983
355.112944	355.92659	194.034178
355.274929	350.360426	199.048748
355.316124	349.366962	199.183886
355.897307	330.685007	203.273415
361.688536	303.209045	46.486812
361.222946	313.400939	56.31114
357.748775	322.868706	149.033645
356.330005	334.221838	186.748596
361.938042	293.284747	46.97185
357.861844	339.533038	125.961105
357.580997	324.969687	149.799926
358.395297	313.305341	150.537034
356.927052	321.324275	186.262947
355.669453	347.13824	186.742462
356.119044	353.138419	196.111822
355.502816	345.329317	198.890415
361.819115	294.75637	50.611931
357.303623	333.161508	186.004795
355.886022	343.124312	186.45427
356.295037	333.503676	189.414861
354.995114	358.71969	191.939998
354.961085	358.162105	196.295415
355.569706	344.269765	198.192217
355.927287	334.388301	199.484002
362.361312	304.651359	50.231074
362.245335	306.113118	53.905053
360.643942	329.497095	63.952271
357.892862	326.805895	174.266864
357.338598	331.380289	187.932442
356.153626	350.448808	199.87371
362.777272	293.15642	46.115224
362.338701	305.641623	50.186884
357.620136	338.830802	138.65394
357.730969	331.631193	166.604974
356.904068	341.088687	185.868399
357.09616	337.170757	186.384868
357.164533	335.301259	187.478933
357.050752	337.350678	188.082005
356.232205	353.24515	187.559002
357.329884	323.310703	197.329162
358.068229	344.574589	137.236549
357.842453	333.059416	150.982166
357.118205	337.077965	185.533694
357.073685	337.261654	187.234284
355.974086	357.57123	190.37108
357.130153	327.37097	198.608031
361.583641	325.219539	62.403596
356.588468	351.069747	146.418121
359.347869	324.318106	151.682585
357.729848	318.886271	191.70587
356.012191	356.676262	191.352803
357.419182	320.368248	197.60882
357.485724	342.249807	197.609072
356.799067	334.458153	200.31036
362.291234	306.747781	51.072938
362.388963	301.918129	52.21968
362.2671	305.993564	52.975765
359.587963	324.658951	137.07722
359.543773	322.060262	150.011148
359.215897	325.07684	156.199277
356.768353	358.95325	193.598175
357.665824	338.223064	197.30607
356.686011	360.119611	195.158927
357.866248	326.6881	202.885457
357.458725	354.119277	134.548069
356.651796	361.117449	159.386456
357.902943	339.144231	186.123375
357.976496	337.274132	187.227704
358.642023	318.87957	191.709309
356.868632	356.968566	193.867088
358.011966	329.275496	197.553633
356.821328	356.375299	198.218698
359.724318	319.296089	151.104006
357.834553	340.217431	186.839903
362.124811	313.798068	51.701276
360.133516	314.113905	149.588289
359.543773	322.060262	150.011148
360.036623	314.584552	152.298946
358.356554	329.337399	187.282929
357.60286	344.327607	187.983572
357.014121	355.336907	188.101552
356.966378	354.98454	194.140417
357.97561	329.341028	198.390469
356.995943	354.074629	195.119415
356.583685	362.109525	194.902786
357.246317	346.422014	199.567085
357.669646	334.525774	201.135397
363.105961	317.001282	45.083842
363.238967	302.5459	49.467586
358.828762	318.467032	187.370395
357.971907	338.070422	185.401793
358.270754	331.299092	187.075334
357.242631	350.595179	190.49777
357.665824	338.223064	197.30607
357.156779	350.182133	196.510919
363.835642	294.223918	38.723621
362.009497	328.52043	70.6224
361.306568	334.877346	82.897879
359.32629	339.372934	135.921387
359.152816	341.495518	136.633756
358.760022	332.251718	151.969087
358.860841	319.267656	185.548478
358.412076	329.157651	185.563842
357.998593	337.183293	186.378435
357.096762	352.833677	192.736136
356.686011	360.119611	195.158927
357.792853	330.574425	201.610196
362.411575	336.535027	56.395621
358.674029	349.600769	131.419755
359.882053	319.634219	141.963576
359.893489	317.192388	150.320343
359.678512	331.957763	150.174778
358.705735	341.120867	185.849113
356.833938	357.873056	192.887535
356.842851	356.299617	197.375193
357.206961	347.415881	199.431368
364.114447	297.938803	52.538479
359.684177	320.113115	150.138818
360.578424	319.45236	152.00945
359.596785	320.579209	152.849689
358.25174	349.263399	187.258857
357.877838	355.648148	190.615095
358.013873	330.193079	196.605178
358.126396	349.134314	195.798482
357.351073	346.140636	196.22839
357.770856	355.401733	198.33728
360.107748	328.263164	140.459034
360.550168	320.773519	148.273345
360.306379	323.855297	148.978015
357.785754	356.907852	193.007223
357.669749	358.980112	193.582214
358.007432	328.356046	198.499859
357.879735	354.177963	195.945582
358.10406	349.209529	196.635781
357.736967	357.161409	195.539354
358.370688	362.250482	195.723591
365.14659	299.126605	29.345283
363.910699	317.000757	45.170538
363.85114	313.342909	48.142382
361.022588	347.475039	93.587498
359.156657	332.196939	186.107442
358.852947	338.176867	186.244004
358.75537	340.1396	185.982893
358.94819	336.213858	186.495303
358.971541	335.321873	187.46746
357.63211	359.883551	192.603244
364.947337	304.942006	44.840868
360.443742	323.056322	144.474119
359.481062	335.234781	146.246631
360.038677	327.090017	150.568178
359.429379	325.414213	187.664165
359.17559	331.305151	187.071645
360.010035	332.381619	187.810658
359.085271	329.834523	192.391031
357.549445	361.678498	190.645355
357.761813	357.71876	191.181862
357.669749	358.980112	193.582214
358.060537	350.202781	196.497109
358.338607	341.47054	200.229725
364.934376	303.34037	30.949039
359.991863	327.908727	149.593057
361.009591	325.456163	152.516329
358.994908	335.232249	186.616817
358.637899	342.196278	186.560032
358.199792	350.246899	187.114728
359.17624	329.596352	189.844057
357.748928	357.81016	192.026517
358.404057	343.112067	195.795072
358.495834	340.213134	197.034631
357.746241	356.323685	197.360877
358.553869	358.342523	197.082955
365.110817	300.74076	43.164913
361.71916	316.875085	148.519103
359.224842	345.109848	195.506925
358.741747	354.354162	197.614527
359.682307	326.684746	202.883273
361.821071	315.740044	147.675711
361.182493	323.860352	148.979186
361.223102	322.532017	152.721968
361.300216	320.360373	157.436634
358.590109	358.182254	195.390813
359.374829	360.283685	195.962143
358.572579	358.263445	196.236708
358.523217	359.259995	196.105945
359.582938	332.497075	200.538121
359.481924	334.537454	201.124951
361.134995	324.677955	148.009643
359.874781	335.331434	187.460177
360.193846	327.549514	189.190338
359.151173	349.285735	187.243146
358.893523	353.604931	190.037597
360.209305	322.110252	194.881303
358.636157	357.926373	192.854716
359.354046	361.110844	194.136243
359.050636	348.235564	196.761177
359.598755	355.374734	197.465618
365.133648	295.228862	47.139411
364.601515	320.210256	47.00075
364.935254	300.427898	48.77455
361.034759	337.371052	146.963177
359.301807	349.056326	145.769067
361.762001	316.058736	149.479365
361.313627	333.623366	148.213227
360.822795	335.159381	185.7489
359.944347	334.259151	186.728718
359.555815	342.118505	185.701764
360.082494	329.599669	189.840259
358.984481	349.302445	197.459574
366.553499	305.331539	30.979368
361.055768	330.242347	186.310306
360.439149	342.228611	186.535706
359.869469	352.455607	188.478462
359.652541	355.880241	192.267783
359.522997	358.040309	193.683633
359.910891	349.249163	196.608203
360.115903	341.556716	201.04295
365.027497	305.317328	96.173628
362.353801	319.96136	149.239438
362.833707	313.288481	150.550255
360.675915	338.108278	185.374653
360.4892	341.244776	186.673003
360.233718	346.163266	185.97194
361.017402	329.51935	188.982712
360.409242	358.151893	194.513568
359.82263	351.239046	196.329709
359.391031	360.200713	195.113664
360.08017	342.551964	200.909088
353.560886	336.672123	273.904474
365.247102	315.014415	53.879451
364.581453	329.530548	64.436734
365.522603	298.93593	72.989021
364.764362	312.509999	82.493303
361.206539	335.265043	146.251183
362.573383	317.03353	149.421093
361.664631	328.901063	149.517524
360.28584	345.179706	186.114697
360.844474	333.458447	188.540445
360.54737	339.45522	188.633047
360.862174	332.55786	189.505287
359.441845	359.204523	195.243746
360.208264	361.390301	196.671225
361.356906	332.563472	201.359268
366.067418	296.636268	42.492598
361.785398	327.612618	147.795103
362.332501	331.684638	148.380275
362.517571	317.347352	151.22582
359.8056	353.537055	189.177648
361.186529	320.136908	195.061366
359.549877	357.864107	191.992735
359.485226	358.946223	192.703479
360.170376	344.134205	195.633534
359.287212	362.193329	194.858948
360.276227	360.310871	195.947629
360.761668	323.607294	201.532027
366.567048	304.330642	31.02847
365.909034	305.494034	41.155743
365.741506	307.811276	43.856631
362.474226	329.37198	152.212199
360.77956	352.384386	187.617726
360.93724	349.423959	188.052873
360.747795	350.337922	197.293564
360.309077	359.392643	196.924875
366.642341	304.226289	30.117058
365.676792	311.797069	43.685732
363.034835	322.736219	148.14414
363.085218	321.408184	151.880064
361.119256	346.277909	186.800817
360.768737	352.479705	188.460852
360.461636	357.800249	191.130113
361.766228	324.406434	198.913273
360.240359	361.224929	194.970545
360.521214	355.322888	196.607138
361.055252	340.5724	201.167391
363.034835	322.736219	148.14414
361.726662	339.49362	147.664996
363.530731	316.05677	149.477991
363.20886	320.120612	150.139358
363.563971	314.726457	153.201661
363.088776	319.12556	162.081469
361.725075	335.167853	185.739553
361.8435	332.304748	186.9431
361.355935	342.149997	185.675854
361.407172	341.165918	185.813322
361.992008	325.819253	191.941647
360.450038	357.891146	191.975691
360.423896	358.067003	193.667363
361.774063	325.329335	197.969798
360.637421	352.404518	197.858041
361.124044	338.581995	201.431364
358.21896	366.665659	230.225767
365.928086	297.970761	45.222066
364.475437	319.116992	80.416594
361.348559	349.454201	124.376501
363.260029	319.805298	148.33681
363.060665	322.074087	150.01156
362.441326	330.041449	150.335927
362.123126	327.201428	185.741807
361.557674	338.213062	186.213682
362.0897	325.5794	189.37542
360.885184	350.410813	187.907747
360.791	349.341424	197.432413
360.338795	358.470313	197.902106
360.782984	348.482932	199.246283
360.741883	349.480722	199.109039
361.680746	335.348824	187.442576
362.079338	326.480748	188.421609
361.923111	329.521453	188.976739
361.564774	337.408006	188.039042
360.949636	349.329607	187.210093
362.067778	323.847837	192.132964
360.472323	357.707421	190.284631
360.589391	354.99933	193.233227
360.372506	359.061654	193.533775
360.508797	356.160697	194.78314
360.254586	361.139017	194.120927
360.393459	358.234707	195.360091
360.899661	347.277934	196.873792
361.727496	321.629447	201.733336
361.286995	333.613801	202.06721
366.345747	309.352216	48.559162
361.826867	352.554935	130.351989
362.527597	329.418144	146.745491
363.462826	317.531665	146.658003
363.285797	319.646056	147.436211
361.939212	331.138645	185.338935
361.606742	337.228575	186.342483
362.438646	318.520775	188.242841
361.703181	335.259311	186.591962
361.79731	333.289683	186.829332
361.322616	342.336284	187.367452
360.895949	349.695955	190.577359
360.437476	357.980076	192.821423
360.56797	354.325607	196.742877
360.473722	356.32029	196.472476
361.362014	333.495301	200.406748
365.646055	316.100688	68.801218
365.862493	305.124461	95.34658
363.285797	319.646056	147.436211
363.55826	315.898277	148.576732
362.029227	335.589579	148.036766
363.183479	320.276651	151.04129
362.271313	332.146378	151.069572
363.13317	320.585408	152.846423
363.4212	316.679247	153.088016
360.974952	348.528678	189.039672
360.588917	355.633607	189.71895
361.849524	327.943427	193.437809
360.831655	350.773433	191.274257
361.218026	339.323497	197.972828
360.172872	362.306595	195.695609
361.911384	343.447009	199.086739
360.984176	342.564408	200.89955
366.807325	301.498769	41.406366
361.86796	332.214761	186.087788
362.676707	333.383894	187.672625
362.560741	335.444197	188.281329
361.349982	357.918164	191.958638
361.389292	357.012678	192.940726
360.423896	358.067003	193.667363
361.672335	350.284801	196.440058
360.156654	362.389248	196.547289
361.949418	342.450588	199.223537
368.836944	292.774049	27.183837
367.335571	309.793181	43.929885
367.244523	312.894543	44.742176
364.564554	314.101601	149.589107
364.314661	317.19039	150.318152
363.819549	323.365656	151.744277
362.987809	328.984072	183.811301
362.223247	342.351236	187.353409
362.491698	336.517268	189.002514
361.901262	348.364199	187.338411
362.893062	326.725329	190.984762
361.55142	354.575802	188.998898
361.413903	356.835162	191.250418
361.517496	354.850585	191.529633
363.3968	329.428955	146.743884
363.714309	325.010552	149.805587
364.0907	320.122725	150.135976
363.344716	319.409148	187.290693
363.385997	318.424769	187.367406
362.972503	327.379184	187.459232
362.583479	335.356648	187.43236
362.018696	346.296716	186.784777
361.848664	349.35108	187.192882
362.965352	325.658558	190.227687
362.789242	327.867738	192.584734
362.83162	325.967304	193.638691
361.84456	346.299508	197.000422
361.978556	342.384871	198.389899
361.259973	358.419868	197.040154
362.233762	334.491882	200.276715
367.364704	310.683641	42.955684
367.051278	322.111837	46.25196
367.116226	316.106252	46.492986
366.330871	338.766512	57.694119
366.00433	331.996143	67.266282
364.189508	319.488436	146.534477
365.27493	316.212144	150.372006
363.46609	328.09786	150.487301
362.488013	337.329157	187.180247
363.223479	340.390497	187.615527
361.539854	354.029858	193.35617
361.572263	353.117505	194.338516
361.650401	350.358052	197.27959
368.443524	305.010926	28.376258
366.310276	322.652227	65.864798
362.791727	337.961879	138.787926
364.4952	315.577634	146.774335
364.164652	319.648583	147.434134
363.789867	324.032994	149.874636
363.01609	326.393242	187.555586
362.307375	341.179958	185.799726
363.233895	320.565179	188.949494
363.057112	343.444202	188.041761
361.701434	350.965223	192.938982
361.803269	348.142633	195.044237
361.125793	361.336574	195.806545
361.327125	357.343291	196.324223
361.356374	356.421511	197.303348
361.686001	348.500912	199.233876
363.000775	337.541902	200.716233
367.736546	302.150831	85.769526
365.50436	317.173164	124.107622
364.912087	321.448901	146.404952
364.556991	325.682203	147.932601
365.472407	313.434471	151.443078
363.86696	329.079958	184.667326
363.07306	343.353199	187.197956
362.576755	352.432022	187.581448
362.387197	355.685455	189.682966
362.425208	354.136444	194.182827
362.245511	357.289462	195.46265
362.722323	346.385957	197.824179
366.492543	328.812296	78.416606
364.866159	321.767379	148.203204
364.22677	329.753269	148.533789
364.614999	319.823698	173.86282
363.777346	328.536057	189.066403
363.20486	340.479259	188.460184
363.253047	339.490853	188.596196
363.15614	341.467624	188.322314
362.302042	356.951174	192.078462
362.529589	351.30248	196.285721
362.371822	354.372254	196.713499
368.855801	299.728754	35.123153
368.305796	312.360514	40.155304
367.761748	323.334827	48.17556
364.500409	326.503112	146.963391
364.73387	323.566298	147.171875
363.261999	341.718709	167.241547
364.291492	337.34733	187.155214
362.970193	345.327912	186.912514
363.416623	336.439313	188.144421
363.369141	337.427186	188.015762
363.185576	340.566144	189.303548
363.718218	328.699382	190.77297
363.676609	329.687803	190.666169
363.402462	353.634936	189.10586
363.739234	325.96399	193.633528
362.376965	355.777959	190.527503
362.404775	354.963124	192.356104
362.440719	354.053744	193.339666
362.237843	358.033776	192.788199
362.054846	361.19568	194.090765
362.210839	358.204961	194.482176
362.747161	346.315915	196.987381
362.078045	360.36562	195.919129
363.166927	332.567931	201.349249
367.135438	325.255233	63.074064
365.351669	315.737776	147.670879
364.269246	340.229863	145.791964
364.798305	322.237334	150.904059
366.410435	312.607102	152.393423
363.842774	334.046335	156.345963
364.578004	332.227236	186.058362
363.946177	324.586313	189.457919
363.057112	343.444202	188.041761
363.591981	331.665069	190.444047
362.900816	362.221447	193.950027
362.041212	361.281205	194.941468
362.324783	355.371045	196.577625
362.852601	342.462768	199.213113
362.963606	339.472414	199.619575
362.705516	362.187332	164.480825
364.330465	337.164321	185.454741
364.291492	337.34733	187.155214
365.01871	320.631062	189.80509
364.296919	336.53313	188.979141
363.841273	345.528201	188.582419
363.941177	343.548246	188.869123
364.295435	335.709054	190.796992
364.251444	330.400181	199.083509
362.926521	361.392614	195.779218
363.755396	342.474553	199.202728
368.189762	319.730499	59.676505
366.235916	314.717072	153.185117
365.088752	320.463489	188.070565
364.192409	339.323751	186.890735
364.091248	341.299788	186.617532
364.43617	334.382113	187.532112
364.621716	330.427847	187.990827
364.982795	320.712016	190.669385
364.249997	337.522666	188.849336
364.295435	335.709054	190.796992
364.719807	324.896617	192.876289
363.61066	349.670012	189.685287
363.626903	348.102168	194.175959
363.261128	355.238319	194.872736
362.941182	361.309435	194.927368
363.410288	351.397016	197.112625
364.042332	334.499525	200.263785
369.103101	314.359064	40.153953
369.130848	308.461271	41.326781
366.284184	315.416132	145.869379
365.255333	327.805827	148.680471
364.506761	333.305221	186.798839
364.154582	339.501676	188.582628
364.624132	328.698564	190.764996
364.593659	328.777399	191.615796
363.61066	349.670012	189.685287
363.326052	354.160026	194.166862
363.079878	358.393885	196.163466
367.950004	314.475896	77.329053
367.275468	313.778529	147.775027
366.210205	314.868957	154.08793
364.140821	356.0942	193.028646
363.326052	354.160026	194.166862
369.006117	307.785137	44.165942
364.129116	353.884215	162.062113
365.290744	335.376712	187.396746
365.09322	339.334159	186.876228
365.025195	340.413831	187.586512
364.924212	342.393218	187.307875
365.613687	326.716761	190.963344
365.895482	319.793848	191.611711
365.129598	336.787165	191.4993
364.370575	351.19031	194.573396
364.980077	333.506531	200.382972
369.006117	307.785137	44.165942
367.127025	336.458085	75.385957
366.683943	342.597946	80.364461
367.023958	316.365956	151.259189
364.205734	352.633251	160.460009
364.9914	341.312311	186.60212
365.290744	335.376712	187.396746
364.331946	352.847589	190.918574
364.435275	350.113751	193.874597
364.700964	343.282044	196.546669
364.17427	354.418422	196.68495
364.94651	335.43712	199.296567
363.980325	358.419983	196.149584
364.220822	353.418034	196.82201
369.134628	317.263069	39.102196
368.629334	322.225348	47.368514
368.140731	339.325254	54.134359
368.105449	312.709271	72.849924
364.531547	349.126641	133.362705
364.043806	355.538415	135.440271
366.905948	317.12473	155.771043
365.810019	325.308501	186.761779
365.409631	333.309259	186.786891
365.059284	340.230846	185.892415
365.675907	326.554661	189.251078
364.703585	346.444076	187.577881
365.622006	325.804938	191.917496
365.705502	321.997001	194.01009
364.112057	356.913861	191.198644
364.216964	354.924676	191.477889
364.127159	356.178602	193.874531
365.122475	332.323513	198.003422
364.838243	338.42795	198.902493
363.92984	359.420288	196.019779
364.356054	350.417176	197.238307
365.669956	333.541986	147.30413
366.58202	322.090041	149.989388
366.42562	324.050375	149.855999
366.870491	318.325405	151.140676
365.921836	321.526974	188.847606
365.221038	336.454156	188.119311
365.588606	328.53396	189.048568
364.755459	345.454038	187.722955
365.513084	323.264492	197.314987
364.662947	345.130085	194.589799
364.161724	355.262399	194.857453
364.161724	355.262399	194.857453
364.551326	346.347674	196.96145
370.186711	304.136235	38.771388
367.037914	319.158044	124.018295
366.983828	317.537221	146.643839
367.403565	312.47812	146.035774
365.810019	325.308501	186.761779
365.481097	332.230261	186.046627
365.529482	331.241444	186.157917
365.315895	334.474035	188.370291
364.974957	341.40357	187.448048
365.025195	340.413831	187.586512
364.791731	344.553717	188.710163
365.129598	336.787165	191.4993
364.127159	356.178602	193.874531
369.370718	325.356036	48.276794
366.425595	324.400563	146.195933
366.803016	319.657245	147.41969
366.564952	322.59837	147.22753
365.590267	334.52232	147.218924
365.891761	330.756373	148.44344
366.032624	328.951161	149.495159
366.011241	339.252358	186.012654
365.161947	338.253823	186.161206
365.042563	340.323289	186.740161
365.749936	325.481609	188.488118
364.974957	341.40357	187.448048
365.45439	331.503781	188.723398
365.852346	321.691005	190.576238
364.51036	349.690286	189.667953
364.468212	349.950141	192.192631
365.086708	353.700069	130.333014
366.326018	325.54023	147.023688
366.759507	319.973416	149.217534
365.855292	324.319945	186.852741
365.588606	328.53396	189.048568
365.36256	333.483944	188.49123
365.858435	341.504845	188.277287
364.638758	347.526351	188.275196
364.291248	353.751097	189.931707
364.15336	356.007763	192.183026
364.037224	358.087136	192.755741
363.959612	359.256133	194.319777
363.878531	360.420525	195.891915
369.789323	312.66867	43.115798
365.944462	330.286688	145.759777
367.038883	327.512016	146.873399
366.208601	326.835239	148.746894
367.799632	318.014721	149.331674
368.042287	314.558471	152.265318
365.661702	327.460083	188.293391
366.612375	326.466847	188.382224
365.749936	325.481609	188.488118
365.025195	340.413831	187.586512
365.808327	342.496302	188.136407
364.806823	344.463896	187.867172
365.641082	345.560713	188.549182
364.741263	345.544681	188.565908
364.238305	354.743905	189.788895
365.050943	332.450142	199.673235
364.880427	358.445963	196.136167
369.502041	312.434108	49.712624
367.36165	323.585623	147.153423
367.101738	326.687824	147.841851
367.004505	326.966011	161.482365
366.234477	335.201829	185.67883
365.889522	340.600024	189.260587
366.056089	336.713103	190.6438
365.421854	349.619847	188.808013
365.626425	345.649427	189.391565
366.65241	321.914336	193.14809
365.942205	338.78055	191.220159
366.614603	321.988149	194.004065
365.294784	351.786863	190.202371
365.28841	351.13106	193.716194
364.924398	358.199862	193.588335
364.87194	359.197901	193.455572
365.536143	344.363378	197.230868
366.328567	322.457308	199.943995
367.443469	322.249546	150.879665
366.670453	326.293348	186.657709
366.214	335.293028	186.531981
366.826294	340.435112	187.555596
365.964163	338.698923	190.377796
365.421854	349.619847	188.808013
365.511514	347.723388	189.94245
365.242795	352.780806	190.057867
366.093875	334.884342	192.587363
365.674419	343.074437	194.022166
365.849459	334.505015	200.250697
365.559839	342.496814	199.182361
371.342769	299.701934	35.30784
367.125663	338.602335	125.375032
367.562222	320.957285	149.145766
367.404631	322.556405	152.679971
366.905224	328.743139	154.05005
366.357202	335.643899	159.792031
365.875275	341.415536	187.432375
366.074457	337.45183	187.97572
366.17106	335.469618	188.23319
366.309192	349.729689	189.633354
365.282644	351.875262	191.045317
365.465075	347.977722	192.465622
365.16804	353.953294	191.602448
366.003857	355.06014	192.289953
365.027091	356.203389	193.859094
364.672709	362.449346	195.630543
365.027518	355.442458	196.535272
371.034756	306.023579	37.830572
368.228194	323.389595	151.701577
367.713037	318.633056	152.933057
366.260944	332.662168	190.297133
365.538088	347.544411	188.257826
366.603538	324.73129	191.152036
365.642635	344.826779	191.218517
365.594631	345.821241	191.074188
366.232906	350.900614	191.173126
365.179621	353.864924	190.758271
365.179621	353.864924	190.758271
364.75312	361.280736	194.048027
364.880427	358.445963	196.136167
371.181648	317.100491	46.883683
370.851217	304.009109	104.520791
369.941	315.117316	118.978074
367.701408	329.95513	149.399528
366.995606	337.370535	187.112674
366.826294	340.435112	187.555596
366.672272	343.410453	187.13296
367.097909	334.567165	189.19376
366.88687	338.62351	189.519988
366.934335	337.630122	189.654093
366.692097	342.596881	188.964093
366.27815	350.539669	187.800377
367.436022	325.794276	191.900614
367.678096	319.849169	192.460282
366.65241	321.914336	193.14809
366.6423	342.012493	193.31138
366.460018	346.000767	192.739431
366.253045	350.071762	193.0022
365.888141	357.141849	192.860138
366.310511	348.23188	194.97188
366.158016	350.455116	197.212167
365.83018	357.469891	196.254537
365.879356	356.467909	196.3875
366.682407	336.504529	199.98516
366.091379	351.528582	197.915903
368.563461	319.664059	147.403122
368.699702	317.499454	152.080472
367.065421	336.28922	186.391565
367.360252	330.341604	187.100157
367.593788	325.385704	187.605219
367.354028	329.521488	188.921194
366.724103	342.418784	187.275385
367.119462	333.656893	190.165035
371.344899	306.207703	48.210594
367.336286	331.243721	186.132602
367.115761	335.298131	186.517719
367.192176	333.403848	187.614293
367.716233	319.771947	191.597434
366.475779	346.658717	189.229406
366.424678	347.652403	189.083307
365.75846	359.309871	194.291464
366.311438	347.378841	196.79449
366.643259	338.440905	198.884846
366.646757	337.504026	199.853006
369.868081	314.245606	150.442854
368.443489	318.073557	168.473737
367.014595	337.280204	186.262563
367.381251	329.436834	188.065018
366.876656	339.443133	187.692974
366.907077	338.538232	188.674793
366.758869	341.516235	188.26153
366.642151	343.590099	188.821249
367.336257	347.579245	188.222971
367.267997	329.764139	191.478937
367.323967	347.669525	189.066229
367.118879	351.005955	191.999796
366.055011	354.062683	192.430604
367.118906	350.249781	194.671654
367.147655	327.284234	197.72977
366.026858	354.229318	194.120587
368.050858	336.317354	151.555651
368.191182	331.420457	187.832873
368.071503	333.492321	188.452766
367.628879	322.66321	190.470605
367.411101	345.766662	190.200806
367.196006	349.837092	190.459219
367.330315	346.931804	191.738564
366.966497	353.99907	191.569738
366.64371	359.419259	195.12978
366.628579	359.499882	195.982025
369.730109	316.400808	145.782932
368.373379	332.390291	151.909233
369.526638	317.952587	154.771013
367.777298	339.451907	187.677325
368.071503	333.492321	188.452766
367.505659	344.507668	187.816753
367.608473	342.520731	188.103923
367.691254	340.619968	189.230234
367.388491	346.585383	188.369442
367.219718	349.658581	188.772964
368.628195	318.847178	192.538369
367.943688	330.264901	197.382914
366.537942	361.421743	194.876007
367.338747	344.388337	197.207582
362.990457	366.775418	244.309537
372.015565	316.095227	47.00441
370.778603	314.437132	145.889998
369.325221	320.965451	149.124165
367.896699	337.377204	187.097411
367.788233	338.631023	189.505435
367.691254	340.619968	189.230234
367.585688	341.86507	191.617213
367.58236	337.445989	199.010597
372.620688	328.048552	36.219059
372.308217	312.548249	42.41645
370.06166	312.802236	142.381849
370.655929	315.738998	147.622636
368.816605	318.443091	188.195621
368.997396	333.407931	187.58607
368.588254	319.837476	192.452317
367.092973	351.829212	190.168198
367.565109	341.94492	192.457905
367.068721	352.003795	191.855663
368.272546	322.246895	197.399065
366.926541	354.251797	194.106
371.415066	318.864077	61.009267
371.074271	327.444806	64.376761
370.361119	319.353017	145.590128
370.576099	316.363473	151.213123
368.918918	335.306754	186.487392
368.285797	329.434902	188.052528
367.675466	341.437959	187.399987
369.209484	328.522949	189.003124
368.022548	333.65897	190.152417
368.668742	338.721228	190.3354
368.376151	344.698481	189.487387
368.181453	347.945539	191.577426
368.14862	348.10895	193.261286
368.197834	345.402949	197.054578
367.95853	350.491476	197.187925
372.220249	311.759503	44.328052
372.220249	311.759503	44.328052
371.440982	317.86228	61.044891
368.575344	341.448411	187.383411
368.778393	337.471576	187.931026
368.806982	336.562954	188.910801
369.536604	319.748075	191.579681
368.260785	346.777868	190.038749
367.865372	354.021409	191.554058
368.996902	327.206835	196.873772
368.000069	350.344517	195.500986
367.556099	359.36273	194.265644
368.879799	327.399769	199.399834
369.856886	325.25866	145.197566
369.683228	327.182539	150.496666
370.139066	319.297409	170.182043
368.778393	337.471576	187.931026
368.902912	334.573058	189.166482
368.879123	334.655844	190.015112
368.235097	347.595992	188.205646
368.339526	345.606011	188.498481
368.426146	343.702379	189.632009
368.274623	346.690403	189.195821
368.118389	349.677315	188.755713
369.174057	326.851659	192.632334
367.980387	351.937967	190.995809
369.224579	323.09364	195.593901
367.84029	354.191757	193.245725
368.958809	327.272779	197.71727
367.775915	355.275074	193.953162
367.556099	359.36273	194.265644
367.489851	360.447558	194.990199
367.542501	359.445456	195.11789
371.251669	309.767035	131.776352
369.480093	329.605465	153.034154
369.119014	331.332961	186.962495
369.376907	325.458679	188.44462
369.435638	323.556174	189.495718
368.925906	334.488399	188.316319
369.069508	331.505297	188.673903
368.737515	337.642394	189.62546
368.524635	341.709987	189.917919
368.600615	339.799539	191.041321
368.018287	351.025385	191.984213
368.036421	350.189435	193.814861
368.156538	347.262938	195.088246
368.155533	346.40601	196.91241
367.821942	353.503779	196.770326
369.249163	332.404684	151.895654
369.019848	333.319953	186.731649
369.21651	329.34602	187.180424
368.79766	337.383345	187.08171
368.339526	345.606011	188.498481
369.025207	328.989288	194.115587
368.860173	332.974311	193.646906
369.287946	319.260826	197.680241
369.196127	344.549811	124.094967
370.83782	313.261609	150.486447
369.483855	324.293485	186.807069
368.746598	338.377037	186.948685
368.523415	342.44238	187.241849
369.180769	328.605255	189.859532
369.358681	324.630417	190.263638
368.333171	344.108726	193.838957
368.242045	346.108823	193.550802
370.169411	328.348728	187.27066
368.79766	337.383345	187.08171
369.209484	328.522949	189.003124
369.346174	325.542141	189.306525
368.559259	341.537467	188.229312
368.737515	337.642394	189.62546
368.118389	349.677315	188.755713
368.095186	349.855665	190.442797
367.876203	353.93327	190.708516
367.865372	354.021409	191.554058
368.036421	350.189435	193.814861
368.130539	348.187763	194.102968
368.695979	334.253793	196.885349
367.695401	356.437857	195.513399
368.848266	336.389573	187.212171
368.877179	335.482809	188.190728
369.523882	321.571459	189.675327
369.163207	329.516932	188.89638
369.062092	330.675078	190.493268
369.569898	338.727524	190.320888
369.473741	340.722254	190.043679
368.274623	346.690403	189.195821
368.310874	345.781115	190.18471
369.458336	318.983223	194.254382
369.341053	321.958362	193.981874
368.466043	341.954857	192.443941
368.132076	348.943823	191.431632
369.262476	322.100784	195.691287
367.979973	350.419025	196.344319
374.959785	304.163823	30.743646
374.288017	310.004836	37.959474
374.149836	317.148104	38.645776
369.83549	335.750367	147.976688
371.25533	319.005792	149.222051
371.202784	319.468279	151.915983
370.926995	322.724402	153.522593
370.630639	336.48546	188.031229
369.629006	338.472507	187.781407
369.876758	333.49512	188.424334
369.560287	339.555404	188.492351
369.805187	334.575158	189.15222
370.085732	328.601053	189.846961
368.441935	343.61552	188.78852
369.173772	346.705515	189.17925
370.44946	318.820668	192.520499
369.893093	331.748367	191.215892
369.569898	338.727524	190.320888
370.092443	323.152229	196.437782
368.752238	354.129428	192.385209
369.165216	344.341224	196.346067
369.012695	347.423564	196.758693
368.988764	347.493638	197.600439
374.979301	309.087911	29.62938
371.155446	320.145426	150.057129
371.483936	316.209215	150.299759
371.056475	321.284066	150.891434
370.147254	332.116464	150.095585
370.454367	322.386023	187.840348
369.647075	338.383765	186.93233
370.343335	323.547175	189.483729
370.432792	321.560626	189.663728
369.47508	341.458354	187.366672
369.40799	342.543125	188.07085
370.06963	327.764336	191.663152
369.324158	359.577183	195.951084
371.705374	324.091492	149.779883
370.993642	321.207615	162.742393
369.805187	334.575158	189.15222
370.189011	325.696232	191.013414
370.008273	347.806192	189.860176
369.749099	333.896993	192.667105
370.046041	322.290803	198.236275
369.274802	342.26452	195.79081
373.123328	315.858603	61.291067
371.687337	313.9308	148.621533
371.719525	323.936574	148.884178
371.040069	321.437115	151.789735
371.283889	318.484055	151.977331
371.095118	331.298224	151.05361
371.094948	327.434643	188.220088
370.397696	321.641581	190.529432
369.966132	330.672836	190.480714
369.874574	332.665051	190.247325
370.325223	321.798041	192.255119
369.069711	348.699072	188.885651
369.210449	345.795053	190.168789
368.739259	354.213521	193.231744
369.94003	326.204194	196.975167
375.061916	303.058122	29.867644
370.575465	347.38055	133.586364
372.342009	316.725629	147.536042
370.851852	332.413796	187.674398
370.325119	341.728683	189.887147
370.518584	337.734807	190.442204
371.318174	319.799513	192.4239
370.325119	341.728683	189.887147
370.258289	342.811151	190.588065
370.496236	337.815381	191.287335
369.892913	349.891385	190.411131
369.880213	349.977544	191.255333
369.86641	350.061795	192.099447
370.734303	350.24119	193.775087
369.786975	351.227293	193.644103
369.391232	358.492887	195.225929
370.665381	346.152176	138.107198
372.473337	315.070215	149.445176
371.36932	328.035215	149.497168
370.560589	337.56815	188.748345
371.350548	320.636574	190.605752
371.11292	323.851281	192.914723
371.078866	322.078259	195.676103
370.605279	333.116295	195.312492
370.022252	346.212492	194.365522
369.955593	346.432037	196.89057
369.955593	346.432037	196.89057
370.331448	340.461266	152.019759
372.048302	326.432273	188.30584
370.779189	333.4957	188.409452
370.241042	343.638872	188.75583
370.422736	339.731715	190.168348
370.930844	328.755018	191.543689
370.565876	336.736438	190.575858
370.306794	341.811956	190.731031
370.029444	346.976323	191.693288
370.533196	334.185867	196.027746
370.883664	325.19968	197.074516
370.48996	354.495097	195.752062
374.587867	320.799957	44.254627
371.071878	352.531855	127.917837
372.172915	318.695446	147.414934
371.857792	322.274015	150.809691
373.307739	315.530283	152.119515
371.978643	328.339416	187.240335
370.410079	340.559569	188.337421
372.259911	320.623914	190.593399
370.540025	337.6524	189.595897
370.175173	344.723828	189.455214
370.044896	346.892791	190.850237
370.313271	340.972356	192.558212
370.448704	337.971078	192.974346
370.012911	347.057968	192.536038
376.494749	308.271706	31.634354
373.482734	313.955	143.17703
371.626665	335.408914	151.58841
372.368904	326.68055	153.207248
372.126013	325.351125	187.538045
371.726332	333.322491	186.683944
372.204577	322.532476	189.549026
371.582052	335.491077	188.144597
371.378446	339.481733	187.61226
371.77948	331.500656	188.630791
371.274139	341.476697	187.332984
371.391999	338.655467	189.445288
371.274389	340.737579	190.013516
370.109825	345.808457	190.15312
371.626742	332.820611	191.919804
371.464963	335.896785	192.385666
369.955642	355.421404	145.1694
373.463813	313.929557	148.590697
373.313942	315.140299	155.776997
372.170322	322.613393	190.414707
371.609311	334.57768	189.12274
372.26657	319.708791	191.547225
371.292664	340.653315	189.167893
372.142469	321.774686	192.233504
371.699895	331.744044	191.190331
371.554315	333.896469	192.643087
370.778918	349.994537	191.240829
371.186806	358.540904	195.208037
370.441004	355.500965	195.615529
376.454026	312.298498	31.491001
375.603183	313.531746	42.690159
374.494849	338.815691	57.682286
371.902888	329.42191	187.995889
371.745419	330.745597	191.306956
372.189045	318.94139	194.22826
370.842873	348.908026	190.542381
372.060698	319.152199	196.8067
371.548979	332.113787	195.426459
372.09616	325.436183	188.403583
371.80431	331.415813	187.774329
371.848458	329.588355	189.71166
371.441039	337.656547	189.580926
371.537923	335.658847	189.845017
372.104849	321.850158	193.094869
371.158138	342.820653	190.573204
370.893722	347.907402	190.688881
373.866755	319.532844	146.426171
371.730666	332.498152	188.514136
372.828505	328.50337	188.94728
372.533731	334.493975	188.255219
372.971787	325.510803	189.252911
372.799923	328.585236	189.806148
371.935117	345.659446	188.432533
371.206883	341.820334	190.716368
372.251113	338.823859	191.123126
370.993774	345.905761	190.981586
372.366602	335.897745	192.373107
372.199338	338.125874	194.635665
374.642417	310.314575	124.644241
373.14604	327.750359	147.676137
372.780168	329.501403	188.839735
373.065958	323.517344	189.443453
372.36224	337.57616	188.717153
372.242778	339.66021	189.292177
372.724095	329.663864	190.553445
371.922049	345.747441	189.277965
372.024406	343.746445	189.56933
373.180808	318.777554	192.488354
371.857052	346.834752	189.976361
372.000271	343.069858	193.089594
371.660668	344.501965	140.022961
373.530456	323.324748	145.277034
373.852482	319.690727	147.319281
373.979527	318.183734	150.12698
372.971787	325.510803	189.252911
372.106124	342.572793	188.02139
372.209825	340.574309	188.30514
372.752567	329.583551	189.697433
372.36224	337.57616	188.717153
372.142007	341.660265	189.010891
372.124882	341.745104	189.856836
372.391854	335.820367	191.526758
372.203424	339.825233	190.984401
372.067496	341.988664	192.389902
372.269558	337.049817	193.928825
371.84089	346.159718	193.498467
371.567927	351.341322	194.466078
371.9325	343.293592	195.616328
371.643167	349.404984	195.597643
371.092059	358.913875	199.491326
373.078206	342.917667	81.907671
372.444902	335.812983	147.934185
374.109909	315.404599	163.948059
372.583686	333.495245	188.378635
373.123904	321.60618	190.49201
372.677428	330.662733	190.440668
372.223584	339.743633	190.138784
373.050964	321.762294	192.221823
372.298403	337.822569	191.259901
371.741394	348.923503	190.527914
372.087663	341.909303	191.546268
372.633258	329.893996	193.111784
371.876692	346.000387	191.811299
372.171872	338.197253	195.477471
372.50141	329.242132	197.463372
371.289162	356.528556	195.471643
365.112076	369.265352	263.275561
376.303444	320.693478	43.476694
374.144719	336.57117	81.517529
372.432743	336.491557	187.999247
372.261037	339.574958	188.444509
373.656569	329.578222	189.682843
372.158191	341.573595	188.164028
372.142007	341.660265	189.010891
373.087853	321.685125	191.357847
372.106779	341.828116	190.701938
372.619747	330.818556	192.145729
371.677392	350.010976	191.226978
372.57604	326.307707	198.646423
374.025485	317.716927	147.442443
373.065958	323.517344	189.443453
372.33024	338.489138	187.732542
372.412254	336.576763	188.849996
371.784115	348.564856	187.145624
372.704916	330.582105	189.585756
373.098193	319.847266	193.266264
372.057792	342.829565	190.558621
372.275193	337.90108	192.105264
371.821658	345.377733	196.171742
372.806917	329.417396	187.980313
372.933139	327.336758	187.32642
372.606411	333.409732	187.523698
372.381686	337.49036	187.867127
372.51024	333.740699	190.934279
372.974613	321.911387	193.94423
372.428393	333.969906	193.477365
372.023858	342.14191	194.075377
372.905257	327.422102	188.190078
372.940313	325.592019	190.115454
372.461893	335.577403	188.98023
372.225692	338.052724	193.793075
372.656523	326.178066	196.953209
371.339069	355.52195	195.606339
371.134314	359.546583	195.079506
375.535677	319.19369	96.388318
376.287954	312.14915	138.764144
374.647567	320.684417	147.237243
373.859594	326.416846	188.274938
372.924305	326.508039	189.153772
372.529487	332.818491	191.907165
373.964713	320.828479	193.164844
372.633258	329.893996	193.111784
372.920112	342.999616	192.233686
373.270746	334.111734	195.15691
372.579571	349.266641	193.896441
372.982672	338.402553	197.991897
375.351302	312.810129	142.319574
374.938374	317.404228	145.63933
374.460058	322.817887	148.001072
373.973365	323.506497	189.428737
373.462238	333.577697	189.216888
374.169756	318.606533	190.737159
373.192921	338.664269	189.414974
373.996379	321.67235	191.344845
373.074333	340.750571	189.983919
372.775666	346.011805	191.798204
373.717739	324.962893	194.495384
372.80607	345.087445	192.788135
373.640977	325.102071	196.201847
373.143203	337.123449	194.761381
371.814663	362.039331	199.993152
373.585562	331.494915	188.600002
373.057553	341.581276	188.14794
373.242604	337.663115	189.550925
373.878111	322.821635	192.978059
373.477765	331.814622	192.015384
373.313581	334.895636	192.491095
373.268055	335.898074	192.360636
373.151784	337.980185	192.93758
373.638587	326.032084	195.244515
376.117358	313.851419	153.965838
373.996862	328.563004	158.471815
373.435384	334.494027	188.239267
374.626531	327.65161	190.74279
373.432074	332.815768	191.894436
373.199216	337.825242	191.246338
374.099853	337.827292	191.232963
373.589215	347.948769	190.647485
373.330495	333.967962	193.466047
373.386827	332.035733	194.561658
372.946053	342.072957	193.220972
372.661439	348.101749	192.350985
374.505828	326.090515	196.087387
373.442212	329.168764	196.610569
373.321051	332.174535	196.252713
376.083092	314.390063	151.21678
374.704916	326.572481	189.986142
374.339854	333.657403	190.054978
374.867731	321.736126	192.196926
373.955057	340.838124	190.816261
374.562775	327.805253	192.457577
373.719168	345.770594	189.248343
374.873547	320.814296	193.153062
374.440782	329.881651	193.088748
373.789664	343.931642	191.231676
373.982606	339.913904	191.803147
374.142997	335.973073	193.195143
374.256916	332.101091	195.398643
374.34681	327.287755	198.523925
374.576237	340.616748	140.338681
375.285454	323.344731	145.240504
376.043521	314.916872	148.475137
375.296811	323.439623	151.556288
374.864153	324.41095	188.452104
373.974049	340.75617	189.969508
375.00032	337.828712	191.219843
373.886996	341.922715	191.519851
374.358079	350.140285	192.03769
374.115588	336.046631	194.040937
374.172453	334.108879	195.147463
373.956786	339.135406	194.476986
374.54646	324.15866	197.149862
373.429604	350.287638	193.742178
373.134153	355.562114	195.591343
373.183513	354.553258	195.727311
372.980995	358.586765	195.194825
375.997928	323.971606	127.367774
374.531974	329.652364	190.525513
374.950514	320.662108	191.42109
373.906004	341.841846	190.674066
374.260796	333.891025	192.606797
373.91386	340.996634	192.507444
374.052398	337.981914	192.925818
373.559863	348.114633	192.339297
373.494766	349.201301	193.039921
377.408431	312.452062	59.012397
374.410289	333.407556	187.49045
374.38773	333.492672	188.346796
374.56047	329.572372	189.66794
374.042777	339.670106	189.261869
375.558302	325.794717	192.65618
374.076659	337.905491	192.079867
373.886996	341.922715	191.519851
374.621972	345.026393	191.919825
374.298854	331.097951	195.520028
374.223333	332.16953	196.244476
372.806584	360.911068	198.38265
374.143163	337.665529	189.536025
375.45318	328.722057	191.479274
375.638798	324.719259	191.896867
374.9732	338.75294	190.234471
375.737857	321.797518	193.048499
375.095745	335.819924	191.48741
374.523367	347.038915	191.627986
375.104609	334.034589	194.291605
374.537249	346.191168	193.465831
375.327605	328.082465	195.859441
374.927135	336.255205	196.565302
373.804077	358.910673	198.62548
376.788069	316.517552	151.971092
376.503053	319.000981	168.210073
374.840045	341.681036	188.965434
375.283346	331.805329	191.990077
375.16262	333.88795	192.594863
374.952813	337.98297	192.914412
375.134155	333.962132	193.443815
375.449256	326.010807	195.225596
375.369321	327.080667	195.970378
377.063148	313.459483	145.838846
376.615633	318.496233	151.850412
375.464276	329.56601	189.652777
375.241776	333.654897	190.040447
375.143271	335.660842	189.786327
375.339241	331.649802	190.282075
374.737681	342.934052	191.363744
375.023922	336.901656	192.203036
374.952813	337.98297	192.914412
375.321292	329.0157	194.895575
375.533777	324.010536	195.43332
375.073954	334.105336	195.138296
375.410887	326.079488	196.078851
375.249104	329.152378	196.59499
373.804077	358.910673	198.62548
377.81523	312.969786	75.646779
376.721684	327.272396	150.33557
376.333016	321.765102	153.455253
375.41584	331.403044	187.708717
375.658615	325.563103	190.071687
375.387613	330.647653	190.398158
375.022465	337.748927	190.371094
375.434006	327.870519	193.301031
374.834621	340.922873	191.649755
376.156377	331.874724	192.830278
375.421459	347.049484	191.617176
375.148309	333.02983	194.418102
375.243709	330.087857	195.629904
375.285735	329.084867	195.745973
377.416437	329.982709	67.746455
375.912155	338.589367	188.519542
375.043579	337.667359	189.521277
376.170522	330.943493	193.801729
376.050139	333.024738	194.408338
376.315809	326.067867	196.070321
374.392784	349.214478	193.029968
376.234987	327.136928	196.813638
378.049118	316.726135	60.850816
376.532006	325.631317	190.920449
375.712866	341.004776	192.48476
376.303839	327.933201	194.14476
375.944887	335.970148	193.173023
376.234987	327.136928	196.813638
374.826012	357.620295	195.316315
376.862048	318.63754	191.56582
376.591697	323.707154	191.981355
375.996722	335.818525	191.474654
376.735982	319.786655	193.218478
376.21512	329.939539	193.918827
375.782198	339.065214	193.612194
375.57256	342.309077	195.725016
370.605563	353.643655	250.393263
377.39543	322.885332	74.429654
376.842451	320.47422	189.649696
376.339431	329.638723	190.496747
376.069725	334.735452	190.753155
375.922766	337.749932	190.357418
376.104012	331.084215	195.502511
376.315597	324.197833	197.988
376.496323	327.474181	188.989069
376.68425	321.70818	192.17026
375.435509	346.200229	193.456637
375.415679	346.27652	194.303245
374.891718	354.876024	199.138293
376.3419	339.733425	135.082456
376.695275	323.471423	189.381334
376.853727	319.556432	190.608388
376.044269	335.659894	189.771794
376.214443	331.723112	191.123239
375.754066	340.847052	190.790189
376.064284	333.884238	192.58311
376.064284	333.884238	192.58311
375.712866	341.004776	192.48476
376.60966	320.929602	194.856727
374.977455	354.588634	195.716911
376.167961	333.570817	189.170877
376.091762	333.808516	191.731998
375.924512	336.901131	192.191164
376.564347	342.01634	192.331883
375.617535	343.019673	192.198622
376.08083	332.952862	193.558885
376.08083	332.952862	193.558885
375.339429	348.218147	193.166039
374.91587	354.807479	198.281614
374.937418	353.861481	199.271141
377.497591	318.409485	145.516716
377.847275	314.60801	146.647841
378.608244	316.066114	149.236157
378.833307	313.549272	152.093405
377.271628	329.551769	189.621877
375.922766	337.749932	190.357418
377.068501	332.722012	190.989513
375.823257	339.760268	190.082188
376.391943	325.929091	194.360187
376.181426	330.010465	194.770736
377.599698	320.769113	193.115341
377.012343	332.873912	192.696696
377.559298	320.842324	193.981496
377.151036	329.858661	193.05396
377.118261	329.931088	193.908307
376.609738	320.001754	195.812147
375.772932	338.201052	195.441859
376.104772	350.405375	194.568315
380.634537	316.428523	42.099616
378.677891	315.124797	143.901864
378.259212	319.87703	148.099694
377.213394	329.708693	191.340939
376.467708	344.033614	192.043861
377.341574	324.915182	194.453489
376.788957	336.111984	194.858942
377.092379	329.066131	195.728989
379.124154	326.066338	69.016433
378.370547	318.573678	146.381875
377.371426	327.545843	189.83682
377.069653	333.56744	189.155515
376.425917	345.713949	188.359719
377.045261	333.648182	190.011506
377.772396	318.620899	191.550802
376.799441	336.975196	193.028814
376.937126	333.953665	193.422513
376.448427	344.111781	192.891202
375.965635	350.828707	199.678331
379.370194	334.037613	60.317967
378.978583	311.95368	148.579801
377.019837	333.727158	190.866147
377.822603	335.735905	190.597261
377.672678	338.757414	190.194674
377.677401	337.90641	192.033262
377.995475	329.055791	195.720811
377.00633	331.07634	195.494119
376.844218	334.164871	195.968762
376.360027	345.273671	194.440689
375.873892	354.605159	195.71381
379.965716	323.314732	71.038267
379.508957	315.915517	148.317742
378.019402	331.710714	191.09628
378.038453	330.781177	192.070572
378.133494	328.77112	192.297875
378.275031	325.759916	192.618112
377.99072	331.786906	191.952524
377.012343	332.873912	192.696696
376.48574	343.953662	191.196172
377.231244	346.216053	193.441259
378.253197	322.102195	197.322571
377.394836	342.243841	194.8658
379.462766	316.521885	151.887653
377.722923	337.750079	190.331132
378.93548	338.935403	82.703557
379.520033	315.760789	147.427912
378.58802	326.0004	148.569306
378.383879	328.593023	151.99173
378.497549	325.199003	186.543057
378.42225	321.826286	193.875901
377.298479	345.127805	192.737953
377.94634	349.414107	194.703312
379.53091	315.604833	146.539135
379.497686	316.069004	149.208628
377.749602	336.821349	191.317527
378.082098	327.046463	195.945088
376.837225	353.531497	194.994507
376.204571	364.113503	198.923325
376.390597	360.123719	200.243004
383.245057	303.2855	33.186899
378.186785	340.560798	150.969503
379.882954	322.194349	162.399123
378.999744	330.61998	190.340133
378.747534	334.802208	191.568185
378.431157	340.934429	191.605826
378.470522	319.89845	194.92734
378.292152	323.899805	194.544217
378.889902	329.98264	194.743043
378.176529	345.210286	193.580003
379.020128	329.69137	191.313831
378.400853	341.864885	190.613524
379.00421	328.834447	193.144362
378.332174	342.954686	191.320598
378.147402	346.145308	192.585706
378.797507	334.64625	189.857775
378.599582	336.970261	193.009374
377.831078	351.5174	195.27182
378.043589	349.943716	134.291873
380.412983	315.819245	160.065636
378.572205	338.757639	190.18236
379.860204	329.830288	193.020147
379.47674	337.902759	192.013108
378.552554	337.980235	192.873667
379.247341	321.018806	196.55156
377.733228	353.545406	194.993223
380.31002	325.585133	83.532497
378.557309	343.875554	134.751782
379.669455	333.862911	192.539066
379.353364	339.1352	194.428631
379.697343	333.788251	191.683666
380.110872	322.002601	196.446019
374.318663	344.331284	250.81653
378.094351	349.165223	129.997102
379.162719	337.77753	140.503388
379.25992	342.024355	192.305654
379.66779	332.057383	195.349783
378.67982	350.7931	198.831492
384.185524	296.337101	34.368704
381.066162	318.514519	151.70253
380.205072	324.579658	190.959288
380.170038	324.655672	191.827258
379.593535	334.945737	193.26494
379.610101	334.007237	194.246537
379.398801	338.122696	194.566653
379.168602	343.187845	193.862947
383.747924	304.686566	36.936561
379.923363	329.681892	191.30041
378.876804	342.149764	148.13483
380.190767	322.796326	193.755939
380.022692	324.007417	196.246188
379.75681	330.04052	195.589547
378.660996	351.743901	197.837398
381.851101	335.114905	60.503857
380.653116	336.053651	83.904051
379.860204	329.830288	193.020147
379.826914	329.901994	193.877933
379.934275	326.015417	196.037194
381.011783	329.917999	159.943006
380.277863	339.923706	191.728591
380.870346	326.869625	194.201615
380.917168	325.86388	194.307461
380.703942	329.020824	195.698146
382.388913	313.839594	153.757169
379.922889	346.233627	193.426917
382.293642	318.849078	85.682978
381.185602	321.705084	192.969297
384.08923	309.648305	61.558253
381.729603	329.661314	191.274096
380.916004	344.205978	193.712312
381.196537	338.114161	194.556625
381.519923	332.837434	192.643964
381.242397	337.099954	194.6924
380.829655	343.535631	198.115995
379.778705	363.318625	200.829433
385.337198	311.747993	36.875098
384.503086	304.622441	54.094166
381.82942	324.912408	195.264498
385.473628	307.602513	36.0342
381.41115	333.991289	194.232166
382.687488	325.902614	195.151733
381.561046	330.01684	195.576036
380.772256	345.50732	196.979548
383.397824	321.458709	145.132378
383.509329	321.526636	157.741218
382.222279	320.536169	191.297842
381.859739	325.778612	193.432709
382.640466	326.909862	195.04539
382.693087	324.963313	196.119612
385.237195	305.862242	56.033128
382.405394	331.957853	194.474208
386.109148	311.846988	37.87448
382.246087	335.937885	193.111125
382.294244	334.924618	193.241309
382.499397	329.936373	194.71087
380.880896	360.140848	199.431838
381.347676	351.258089	128.996196
383.677115	318.774554	147.090084
382.726706	325.833928	194.287297
384.1973	323.935647	68.673347
384.725806	317.537598	151.618467
383.685468	328.833283	152.67823
383.518393	321.71291	165.929546
383.746495	318.8336	167.030827
382.993483	338.102259	194.550555
382.563413	345.507694	196.988916
383.728643	323.80482	194.480111
384.122494	324.943875	160.199446
383.971448	318.786658	194.946849
383.401492	329.923136	194.704028
384.458676	320.086524	148.764147
383.593395	329.24539	149.05346
383.534123	327.834687	194.065158
383.922952	319.788504	194.857725
381.974028	356.952266	198.073238
384.564717	318.783445	147.054879
383.631385	325.818125	194.277602
383.544258	326.89441	195.037485
385.450193	315.234409	65.323754
381.997758	350.634335	162.261035
383.496645	327.903171	194.928962
387.181657	307.596295	36.140733
383.971448	318.786658	194.946849
383.388316	330.865324	193.726522
384.44798	326.878352	195.030006
383.211607	333.972364	194.220599
384.172974	333.821251	192.495133
384.592795	323.855272	195.339482
384.015917	335.992363	193.9586
377.267725	329.125047	266.995221
384.831657	319.768755	194.846046
387.35132	307.615496	45.669718
386.397074	341.681305	54.88543
387.911207	310.731207	37.067348
385.622996	318.068069	161.517134
383.393275	347.48146	195.856244
386.933533	312.657734	146.469323
385.400515	325.852483	195.128127
385.011519	333.950381	194.212309
379.529392	335.302139	253.105324
386.623835	324.261045	70.70702
386.779239	314.30951	83.515569
385.590447	322.762616	194.556937
388.913885	302.640101	37.281183
388.113466	316.637581	44.600246
387.028371	321.119062	148.583104
385.880493	318.60464	193.164409
387.227778	318.964259	147.824905
386.422106	325.628625	192.505189
386.058096	330.892805	194.572
385.911313	333.938248	194.209468
387.574108	319.460286	72.759852
386.547762	321.737444	194.64095
385.993111	332.854133	193.469368
387.986394	309.261227	78.361531
387.766904	313.983611	154.414724
386.410251	334.861173	139.656251
387.998657	321.140674	154.832408
387.506621	320.711923	194.721917
388.609607	299.977515	71.184387
387.998657	321.140674	154.832408
388.173724	319.545846	157.650494
387.289263	325.681403	193.368524
387.603431	319.638396	193.930991
388.658962	314.124242	155.26502
387.605782	326.499339	163.560361
389.397088	296.52082	45.917605
386.615887	331.407966	86.354766
388.425022	315.512898	145.330349
388.407475	317.192298	162.348323
387.540744	321.578876	192.872719
387.362656	333.507369	86.278833
388.019026	319.977355	147.721327
387.393858	323.663308	193.565062
387.341536	324.671899	193.467989
388.080668	321.065331	168.502367
387.498609	321.648931	193.752344
388.40651	321.629109	193.740212
386.943664	347.541518	196.765987
390.660308	318.690271	44.732217
390.049653	304.688901	69.461188
387.349068	338.313155	198.004111
386.824877	363.542566	202.825798
380.420198	334.388238	268.428276
392.118294	333.354716	37.6989
390.066298	303.98041	71.292259
387.686122	349.723133	198.243416
381.952722	365.998584	252.322117
381.80302	370.260859	252.398248
392.461911	317.575748	43.910173
391.101129	315.387258	144.338383
390.680214	321.709188	158.278699
393.060499	312.780057	37.332169
392.698782	316.240806	41.070928
390.990728	316.906543	75.781794
391.354586	309.4427	79.475272
390.297861	325.200476	154.431595
392.520847	296.402064	53.653098
390.712795	323.917407	74.659163
390.831849	317.228818	82.855451
392.199282	313.391493	144.425693
392.090815	315.292203	149.626151
390.949262	325.005803	141.050507
390.645153	328.356832	142.595657
388.047146	359.946433	153.444333
393.654358	315.126078	40.18758
393.172488	318.821695	45.851173
391.882985	317.874309	153.046268
393.852244	333.387645	37.81053
395.140147	292.769604	39.566301
387.947066	360.833029	152.506089
391.67196	335.070764	139.468902
394.439094	306.287181	43.21202
394.705683	303.955783	40.382513
394.811703	296.085946	42.351503
384.0757	370.471289	255.225984
390.30167	353.851232	153.059251
391.172904	350.79023	199.093571
386.640549	329.132893	253.623499
394.913198	317.818415	45.971586
386.011788	368.433257	246.255739
395.737026	303.763625	38.527476
394.523087	300.967917	71.521056
394.468755	301.57754	80.526117
393.791244	310.992619	82.250686
390.057895	357.027171	153.676337
395.682604	296.089111	42.380273
395.060388	308.638528	46.098005
392.626357	331.89486	83.207897
389.934967	357.790114	151.877275
384.277306	343.716234	270.333075
394.370187	314.499383	89.144329
391.841768	351.156246	135.833131
394.974542	314.27545	155.822461
392.75938	320.835076	198.200396
395.261784	305.729132	63.273258
392.208806	345.239613	126.766849
394.756083	309.332756	84.061373
396.233515	311.178532	41.330773
395.995681	308.539879	45.181678
391.927789	349.812655	134.191786
385.326853	364.263789	270.742703
385.611583	364.753784	267.548582
397.47712	308.757114	37.596155
397.090141	300.441807	45.261379
396.890022	307.532521	45.227193
395.606778	312.101761	71.601984
386.40711	331.608924	270.955968
385.315823	356.460134	273.4753
388.934937	366.056287	244.175841
398.005012	303.277161	43.374743
398.613547	312.544172	44.298054
390.05224	342.145974	242.664181
395.171776	328.940903	88.63835
394.452158	348.308993	156.05265
399.224854	304.817626	38.64541
388.552954	330.952167	267.411693
396.802455	323.924993	158.684266
399.224854	304.817626	38.64541
398.717341	304.50828	45.308606
399.346073	312.770259	46.248998
389.871148	368.560515	250.241523
398.065916	311.141492	87.633441
397.864462	320.272233	148.097237
393.102194	335.655123	234.608784
397.025601	329.768278	82.649507
399.157533	315.348579	143.099419
400.29059	295.832171	39.674383
399.450157	307.672993	46.284261
397.712023	316.046779	86.681086
397.208256	330.578165	130.959534
399.406283	321.451068	142.666891
392.07429	348.273252	245.128328
398.734791	327.265711	140.569648
399.896788	318.695168	150.757906
398.366112	320.288842	208.943937
400.330473	342.702606	77.322841
402.054802	306.809971	47.326325
403.439243	301.239819	42.57111
402.516628	298.845418	81.619496
397.922216	367.887317	206.814111
403.203372	304.483126	44.47731
391.377023	369.089306	270.613594
403.32697	305.296098	42.568377
401.527776	339.684448	60.515544
392.242624	350.872403	267.370874
400.991961	318.572488	88.40846
402.24647	302.211525	83.419272
400.876395	337.691801	128.752188
399.099767	350.144978	139.199211
401.455947	324.353315	90.715965
400.668671	330.254879	207.184335
392.733394	365.162676	266.569226
393.676723	364.99748	265.949249
393.381518	367.538848	268.479148
405.241189	295.529056	45.422715
393.620611	347.803849	273.20816
404.247859	310.092307	86.920144
404.494794	320.969321	79.765474
403.377575	343.879045	167.731075
399.335061	360.195998	239.119479
405.363946	307.26535	87.800666
401.785	359.493853	136.974736
396.147499	369.168673	266.658927
405.809067	313.12421	81.7139
402.775325	358.650698	137.856455
405.627534	326.898749	204.013173
405.645611	323.959625	206.092815
404.056466	354.656219	138.871131
405.353064	328.049343	206.638169
404.750567	354.412218	131.200546
405.106365	344.46154	141.043425
405.088271	336.154778	204.013666
406.444764	325.954999	205.939262
406.702104	319.972123	207.346361
397.821427	369.257198	267.859008
397.750436	369.398243	268.681909
406.300847	329.972193	204.660775
407.578284	325.795237	203.222434
407.662034	321.85783	205.383768
407.318771	327.914249	204.871142
407.088298	328.047355	207.601975
407.045567	345.020522	81.391689
405.981434	353.993518	140.574729
412.000393	294.276093	31.528302
405.466925	358.96563	138.660878
409.100124	331.998708	172.984912
408.286081	326.878423	204.981111
408.131015	326.967865	206.808766
408.477371	324.809872	204.237236
407.947645	343.996431	81.482133
411.449656	316.072274	168.421959
412.151843	311.314379	81.690589
411.34957	322.738433	204.435358
413.021986	319.324211	169.948021
413.494574	324.255571	167.710615
411.591461	342.205194	138.383479
410.206818	353.831358	131.99447
413.005731	328.313898	137.377112
410.943041	348.530404	138.125219
416.112106	299.781681	34.282652
413.512743	317.704078	204.811876
415.35023	334.624696	142.888014
418.490798	300.291186	37.978809
413.927222	343.372239	132.373943
413.316846	351.684667	137.103054
412.921378	362.016974	149.591864
413.047366	353.366649	134.50761
414.049362	352.349516	134.530355
419.110168	304.585455	39.84976
415.081566	344.885775	140.717741
416.1553	329.805032	88.621867
415.960727	340.295361	82.574681
418.12229	333.247555	140.318752
418.635801	329.599526	168.875506
421.49105	295.403386	37.957286
416.297157	349.965921	138.8018
417.042235	328.560559	92.036172
421.376624	300.54335	69.501933
417.47367	357.984924	159.218027
418.12197	359.921059	157.382398
418.984946	338.815358	97.841226
418.656079	359.287165	130.045929
421.191873	320.848413	89.796292
419.929467	350.102235	138.736246
422.270828	318.410891	92.337688
426.718885	295.363536	43.36753
420.577662	363.132785	157.260328
422.977396	333.890376	90.71491
420.405042	355.322535	222.108667
426.923422	311.888514	142.316319
423.665037	343.564045	143.960758
420.440306	322.871722	241.365473
426.413372	333.761125	141.781564
425.365482	324.566862	91.211042
428.533892	312.546696	139.69488
428.110627	305.395791	86.879587
426.782492	318.45609	91.30276
421.580752	339.682606	245.098002
429.498866	323.88359	173.450134
425.861386	360.104856	147.779075
419.506204	369.28445	264.871898
429.010222	337.604134	145.800362
428.048721	345.910066	144.67313
431.946725	316.12323	141.907041
428.070524	360.057947	139.320458
433.115197	317.02908	147.782919
432.277675	325.383227	148.089071
432.27711	332.311536	145.155642
431.284873	350.332753	145.403671
431.867299	322.010032	91.871294
434.108024	328.161419	153.093935
432.809856	345.18062	146.376187
434.250729	335.453882	152.721218
434.041438	310.232002	88.206602
434.968127	321.224236	140.695393
436.185632	321.280756	166.058341
435.745705	333.309254	144.257309
437.224347	321.236866	147.460966
436.390896	333.996063	141.710695
437.353741	328.486145	147.034942
435.172927	329.776915	83.807967
435.976075	344.931841	152.397806
434.408456	339.891314	86.743267
438.634957	325.515229	148.055805
435.946461	331.033003	84.609129
434.278815	362.541488	141.075781
438.659455	324.248324	146.421885
435.398874	337.823138	86.882366
439.339089	327.982125	171.164993
440.124723	320.495418	149.228289
435.715101	358.609731	130.311801
439.075319	351.60364	154.931039
437.458065	357.133425	140.354107
440.445563	329.901219	141.917155
437.816101	357.972601	146.251941
435.948441	321.948133	245.996728
440.201415	333.272485	143.449736
433.044833	334.050148	261.257809
437.621661	354.881395	139.545967
442.517261	324.99639	151.562218
440.751575	341.643305	150.831231
438.24866	359.51672	142.035434
439.172985	349.849997	141.317224
440.333224	318.81753	93.129847
442.806302	319.17416	146.757574
440.632128	344.58165	141.444366
440.016947	349.732166	140.504977
443.548799	320.100266	145.852335
444.329167	315.660069	151.319367
440.474882	353.9756	140.465331
444.551013	321.718448	150.053445
441.305221	355.772125	154.093152
439.46704	347.549102	224.020105
434.127144	338.932873	268.196389
444.690457	329.923453	181.640154
444.171156	310.355902	89.117092
445.593588	320.81574	150.99016
442.475997	344.729136	142.321103
443.968133	338.957063	154.456314
445.33188	317.33088	156.472475
445.065528	335.376887	185.301302
441.316886	353.852658	139.658024
442.710181	350.407449	153.312171
441.674963	324.152461	235.355905
445.050447	328.559129	154.903307
446.398873	321.085776	173.567023
442.639306	345.095415	144.837083
441.266077	360.245782	147.205107
442.290508	352.103269	149.830798
443.339124	342.731424	150.866917
444.295766	335.826121	154.569696
443.968133	338.957063	154.456314
446.204341	323.508695	178.164661
442.311585	323.868923	231.706542
442.842974	357.175074	140.519174
443.117076	357.795921	144.729547
446.859275	324.739426	149.059896
445.368631	330.244197	136.979847
442.738879	358.23586	140.51058
443.471643	361.102893	154.186773
445.624857	348.337283	153.442883
447.612765	331.425287	144.51021
445.376338	349.77824	140.667728
446.398412	355.216051	149.120763
447.371733	325.50411	223.263499
450.069358	320.888275	183.227316
446.607179	355.645268	152.577252
449.870018	323.046274	151.819228
447.04612	350.844919	140.721542
447.276989	351.351817	144.078432
449.940871	330.706061	139.565741
446.948458	360.243549	139.843673
447.972349	359.903105	152.665455
449.300416	327.578853	222.261107
452.785361	317.282035	147.044386
448.223653	330.542886	235.288582
450.0891	320.766016	94.383739
447.28989	355.990857	128.328911
449.498858	353.563987	152.723105
448.541543	340.135516	227.517123
451.507641	336.128783	156.571266
447.864238	338.847516	104.10879
448.554351	360.540011	149.247712
449.346334	355.216168	141.637648
451.08201	346.0871	151.977774
450.544361	352.62403	153.650225
451.354773	341.556933	149.468999
451.72694	339.793561	152.10946
451.118485	354.534549	151.946732
449.893418	336.626851	234.193291
451.380609	352.52862	152.826887
452.561707	348.760503	140.987298
451.902134	356.284606	141.768523
453.095979	353.713556	153.801908
456.143089	320.837239	150.399982
453.037539	343.374404	140.22777
453.598492	340.747501	143.639177
452.478369	329.271842	101.523397
453.923849	336.32054	142.058916
453.927525	353.616059	152.982419
455.167253	326.720825	134.031128
453.678885	349.279738	144.400727
455.729756	331.97085	148.188314
457.287761	317.658062	149.747109
457.366379	320.494962	189.280533
452.992392	359.288236	147.782231
452.653621	363.65429	148.667064
452.666543	354.907535	128.598536
453.736588	335.575972	116.703472
454.705818	354.68399	153.038028
454.087482	358.470709	149.563135
454.999695	330.542381	102.363824
454.954804	342.465609	141.165288
455.943918	351.630501	153.97932
455.787007	351.297979	151.359758
455.984821	324.869746	233.620635
457.200192	331.390231	144.013931
456.311755	355.65101	152.283942
456.820591	351.639866	154.038248
458.869761	321.566239	229.012868
458.608329	321.724221	230.877757
458.330963	321.884446	232.731873
455.208085	343.739874	125.602425
459.256224	330.83482	147.534267
460.706449	317.565867	149.011874
459.094791	331.754754	146.644603
459.167446	339.548822	158.671843
458.534396	322.735504	230.861739
456.484586	360.499006	148.88672
458.543941	320.794019	231.821323
458.595785	346.630011	148.102294
455.8114	350.191779	117.471333
457.859916	347.585021	140.44551
457.897401	350.223095	143.801754
460.60631	341.088452	173.346099
459.659161	342.544872	135.595667
459.53068	360.159738	154.326121
460.751396	321.360622	99.251956
459.983862	345.883789	143.097442
463.648311	314.61202	150.160187
460.971243	334.007861	140.764968
460.362926	335.129061	134.88483
459.822463	341.646762	136.438284
463.882426	319.508914	148.186514
463.996603	312.611027	92.468287
461.283362	338.203623	129.139924
464.280689	320.98983	143.842884
464.798627	318.374119	147.416548
465.760103	317.350652	147.50838
464.169197	346.179185	152.805267
460.965801	352.445157	118.452778
463.430785	348.3762	145.865678
464.923853	345.946993	151.124237
464.48665	338.835829	95.947019
468.404356	325.018297	179.857647
464.973296	350.486251	145.98325
464.966034	361.095747	146.075782
468.100607	332.119263	167.502309
469.002478	315.654634	142.559782
470.324464	326.021062	190.425316
468.98091	335.274354	158.49393
470.364019	321.975539	160.736742
466.718244	358.555587	143.60098
466.616833	349.905913	121.111181
472.630532	309.229072	92.181977
471.430542	336.305621	158.652705
474.659031	327.560173	195.299406
474.053749	315.024094	123.787232
472.48747	331.324139	131.328935
475.337355	315.735156	135.970341
475.616127	312.919238	95.825828
474.204257	326.740977	109.761919
477.430798	318.898894	162.16561
477.680072	319.486027	167.557456
475.613618	329.496092	114.215953
475.252318	360.34043	142.503077
475.042577	346.368747	123.801145
479.100408	334.327363	189.476551
476.996378	338.558017	145.155516
478.388152	342.30407	157.393119
477.010376	338.500026	101.754274
478.348914	333.452517	146.144814
477.446016	342.8142	103.631821
479.746677	346.512947	157.525415
477.82651	347.189091	128.116141
480.221136	353.120959	159.402128
482.328262	347.363179	194.025338
485.92506	321.573586	143.418551
484.520673	329.168061	116.856305
485.391477	344.027813	108.811873
486.281948	345.861505	139.835719
488.523877	326.790564	98.412185
486.661095	344.534574	145.072614
490.441383	325.88752	98.394605
492.499726	325.76202	189.945134
489.322406	334.399638	117.856681
492.345137	320.636751	136.942204
497.025008	321.604589	191.067708
493.653203	339.756616	112.457094
493.745889	349.625921	138.723957
498.19608	320.041782	195.759654
497.735512	326.30936	195.534735
495.928466	345.921397	113.525736
500.170199	345.773174	174.642434
503.943762	342.691557	193.374157
513.429199	337.291852	120.657576
517.473294	341.260638	191.309736
517.193676	358.138786	182.240582
518.960602	348.927766	148.526844
528.27869	329.159955	147.359038
529.691669	323.965649	153.322044
532.267403	350.726577	148.600585
81.698088	279.94739	141.806883
79.570404	292.574386	177.079768
87.849331	273.8861	161.224803
95.730177	275.203938	121.024589
88.071144	290.197628	177.062884
90.169994	288.210395	170.093966
100.855223	292.200264	126.217616
91.738733	281.434224	179.137392
96.920851	301.900443	171.676999
100.573199	296.130721	170.057282
103.088504	268.426603	157.204046
100.192972	299.545531	187.846689
104.880525	306.808654	165.725759
102.469292	293.808238	176.970885
104.368372	297.501585	175.996624
99.739787	282.146144	196.679045
105.103934	299.691459	172.544993
104.57789	303.954489	174.964732
111.145781	294.695373	150.04662
105.064701	270.97146	195.530691
120.534446	258.605918	117.742045
106.225477	281.286255	205.210861
121.759245	266.584542	115.68694
122.91448	261.849734	124.998042
117.605814	269.563746	166.001089
119.320943	291.182992	158.033035
119.019095	269.951916	162.420053
115.665612	281.656725	192.95798
124.882393	283.291794	142.767528
123.86882	284.359417	149.186209
130.401956	265.828701	120.515836
130.584297	293.363338	124.652887
126.870939	286.754972	146.372686
117.985047	305.015173	194.036507
124.996837	296.272102	158.755096
136.059941	267.047359	92.373861
128.256874	300.641795	146.968659
130.191681	271.739873	127.536558
127.767961	284.73665	150.130505
129.629806	293.34855	141.551507
128.321616	283.212947	146.509462
130.33548	294.463968	142.435896
129.275715	283.103334	145.597957
129.984546	285.213997	141.804043
114.549673	321.298531	227.485202
132.182895	288.588992	134.206918
131.660035	283.330754	140.960374
137.003575	256.699372	106.921133
131.45093	285.457415	142.72795
121.374562	312.905209	202.627371
136.100182	263.344201	111.808194
128.102433	282.300053	162.056846
128.102433	282.300053	162.056846
139.509413	257.756213	98.279296
135.431817	279.229889	121.653794
133.1753	288.375342	137.947085
128.361939	291.288427	170.36453
134.376973	284.163249	134.396841
132.727084	269.90207	142.60834
137.658774	259.794846	117.442473
134.398247	281.272251	133.609425
132.97171	271.476041	146.266282
136.292902	264.106667	125.346976
133.512784	268.111112	142.733249
136.388825	274.316295	130.297028
133.449445	268.171619	148.340099
136.468431	287.596626	132.357053
135.748083	273.12136	134.08203
123.994998	315.93046	202.38844
138.041687	278.248798	120.832229
134.210462	271.046046	143.521166
137.740938	270.947428	126.816856
136.484211	269.490428	134.309237
135.506437	273.352929	140.611685
137.297105	269.523993	134.326508
134.816818	265.753296	144.785999
135.360227	269.763054	146.435776
133.557034	267.964934	163.092244
129.223811	296.730557	187.794777
137.858719	269.802789	140.879605
140.416665	264.242328	125.447324
134.164949	271.822206	169.118252
141.997411	276.637537	126.534638
137.154469	281.683231	155.915173
140.562216	270.576963	134.336162
144.724217	272.831824	115.875378
130.753484	297.936078	197.750558
144.406006	294.219135	125.458334
131.836075	304.487782	196.467765
145.587968	273.788036	115.827149
144.442984	268.300023	121.625802
133.427142	314.159058	187.393843
146.24815	257.974499	112.455787
131.441414	297.198019	198.646551
140.422292	300.103375	149.347669
137.029622	284.525046	166.507294
144.918608	274.458793	119.392511
144.388489	287.455975	124.001746
133.707549	288.025424	185.891479
138.721934	284.572632	161.175034
146.099548	265.60073	117.315623
145.230018	265.539965	121.828191
132.606002	298.824254	196.854992
146.751621	264.866393	118.285439
139.202766	268.221586	157.781615
146.827453	269.523439	117.969389
133.258084	295.228431	197.945419
148.28014	262.311526	114.907237
147.624463	275.30091	118.486623
135.407513	297.691363	195.265106
133.961699	277.118426	203.610849
134.998583	299.142577	197.693421
142.456445	266.488168	152.444677
148.81197	274.988121	116.726027
141.509981	282.410322	158.65522
140.171785	267.080096	166.943329
148.34979	270.675338	118.834986
142.342147	293.80282	159.631714
141.219833	282.717617	160.437503
135.711503	276.281792	193.477945
142.101313	279.853753	159.757667
144.843096	295.103085	145.891609
143.975955	286.39972	149.230685
142.053988	304.634272	162.43676
137.138928	290.98217	194.909775
150.827552	263.304346	114.917677
136.738002	272.280409	197.225003
151.223428	264.817847	113.039998
143.51148	295.377195	157.721757
151.637717	271.916086	115.226637
141.5924	279.422947	167.834626
155.832466	293.894018	95.822891
137.445007	273.414376	197.99633
137.302004	274.513821	203.938446
144.705976	293.105194	155.171161
143.079596	267.533814	168.756416
139.468882	289.345955	190.870093
139.297492	286.672043	191.903943
144.95472	286.107182	157.504168
144.097822	272.933287	162.113269
137.919407	296.03798	200.508325
152.483761	278.641259	115.65297
143.241883	271.993087	167.541434
141.461272	294.714903	183.788028
138.699843	291.322111	200.87073
146.160687	282.828742	159.578752
139.452857	294.404777	201.523061
154.184375	271.980479	115.298681
146.959692	267.938103	154.30594
154.797044	273.323055	112.528327
148.728481	307.054812	148.811089
155.761053	269.417053	111.95826
148.433313	273.788354	150.207284
141.435405	291.081648	194.139915
148.379178	292.810549	152.458462
142.022752	310.788039	196.091267
141.682294	305.441673	198.192059
140.658944	280.564533	204.401239
141.194698	298.334319	201.278574
144.645124	297.805358	179.331297
150.07913	305.455971	149.775057
140.677611	274.739695	204.034721
151.171725	300.389251	147.354794
142.302362	273.879616	198.965567
157.82031	266.272253	110.479612
148.539919	282.039408	159.663371
141.83096	292.831856	202.57836
161.811624	263.322675	101.195899
158.992984	269.668811	112.934424
147.417171	292.736894	172.033392
144.553265	286.723863	195.404555
148.53399	281.05246	169.540458
152.17444	291.350427	153.485973
150.485161	297.962311	159.265537
160.090402	285.993887	109.046213
151.093119	282.012859	158.783272
161.650096	265.20919	105.399371
165.132361	293.654637	94.358263
149.887104	280.486454	166.067553
163.119007	274.296116	102.975342
145.708302	317.633224	199.986945
151.675906	267.284489	159.935463
146.201186	311.052681	196.16101
153.565885	298.37878	155.632557
145.601233	303.539263	206.271302
146.867833	308.43941	197.236012
164.23779	263.539284	102.114384
154.671659	270.547976	151.482362
167.106963	293.50412	93.540932
164.870743	261.663181	106.633858
156.633216	299.934286	148.276501
155.480531	304.081224	150.69663
147.543712	282.767735	203.615285
166.055381	267.348235	101.868226
165.780301	263.746732	103.011392
152.406794	293.796774	171.064669
154.471087	292.489259	158.808719
165.571514	275.457215	103.834574
156.632115	292.232127	147.035444
154.772143	275.089047	155.741041
148.167757	300.345797	199.616471
147.683365	291.331193	202.919927
164.765663	277.117602	107.218833
153.722594	302.877879	164.139928
164.738812	276.177903	107.291566
165.212215	268.846151	108.754689
149.264319	315.592361	198.515987
154.975932	268.246839	164.412709
157.700418	307.32722	152.238467
151.59998	305.618078	187.244729
154.482517	300.073933	168.752092
151.514292	307.67578	187.93674
149.991363	315.825932	199.398235
166.10424	269.801935	108.711271
150.224146	293.411241	202.860776
155.381158	271.532755	166.837922
151.821336	299.746335	191.149542
159.698113	301.413996	145.449777
159.166749	298.052351	147.511743
155.234413	270.758057	167.784278
154.965045	288.059034	169.831228
150.524411	317.369075	201.943246
169.587195	267.386846	101.95817
158.220833	304.755034	153.312126
168.800353	260.374428	105.091329
150.712895	279.366445	204.912159
168.958544	278.512047	104.580234
152.544541	300.914591	191.929947
152.123924	296.690101	194.839784
157.351263	286.367979	160.243102
169.77602	284.561351	101.454986
168.777085	258.478372	105.227632
147.12178	285.787295	232.935423
168.56832	272.100103	105.958506
151.967223	294.014051	195.912
152.854131	297.861655	195.631026
152.965806	316.212013	195.98133
148.925721	316.361065	231.106845
171.556362	276.86783	101.241428
155.3299	309.072116	184.418687
172.010863	277.241437	102.997902
159.633925	271.524027	160.609269
174.097191	270.465569	98.308641
172.877067	276.513393	99.535257
151.34138	311.368349	224.086801
172.510866	270.827494	104.403603
159.713807	271.422389	165.098287
174.680504	277.475089	99.500232
163.737318	306.37685	150.476003
161.181987	303.141644	163.157032
157.065762	301.915271	195.42785
155.594033	275.662933	199.238088
155.75162	310.506803	200.000594
160.572503	275.181881	164.79829
156.522828	305.302985	193.402269
175.970636	275.223243	97.946479
176.371381	297.934751	97.259633
164.784587	307.179963	149.521379
156.537987	317.547164	201.316377
179.062179	293.479766	88.572863
165.081117	303.854967	151.557337
157.76517	294.384828	196.055667
157.659885	287.750742	196.595933
161.687784	296.793919	168.999917
158.502844	309.776469	191.351595
176.312137	259.096541	103.630981
176.200116	266.886813	103.920103
156.231833	295.775749	217.323308
162.584045	289.096222	167.971516
162.976005	311.743208	167.652877
158.227934	284.337481	198.629752
176.351919	261.947814	103.419198
177.44034	272.387633	102.641628
159.273518	297.670798	197.582773
156.574299	316.732251	225.967702
178.141825	257.362245	100.310921
164.076346	268.501776	163.571518
164.966355	275.071629	163.046792
179.316951	284.109607	99.110914
164.149663	278.814377	168.040737
160.226466	298.495667	196.663318
177.847771	271.82852	104.471136
180.671147	275.06546	97.171749
167.781077	294.032773	153.292471
180.679014	259.640406	97.567338
178.811325	264.062926	104.197344
162.522648	309.859551	186.14231
161.499553	309.550226	194.066345
168.604768	289.289224	152.822842
163.218316	309.137977	187.0804
166.317912	283.076349	165.007541
159.353343	312.582972	223.643673
165.823896	302.778302	169.278163
180.933538	277.521197	99.656143
181.644847	268.997915	100.3459
180.756212	280.340902	103.927112
166.284378	300.364839	171.249759
182.185952	255.069658	98.824699
182.069097	265.758439	98.847538
181.783743	275.635165	99.824976
162.176845	294.751833	201.444495
182.775563	268.810232	99.498182
170.519457	310.218285	158.0519
172.380447	301.686878	148.175109
164.083236	290.528748	199.156778
187.410221	291.388467	88.146483
170.651976	267.007096	159.252891
170.092955	282.773127	162.382265
162.483846	312.616628	228.534256
185.379224	255.630287	97.092146
185.107508	272.235573	97.492677
184.83586	294.587792	99.665574
172.030907	296.109598	153.115376
172.46223	297.620491	151.197234
171.91998	293.334839	153.368402
165.761668	307.701151	193.398192
170.255886	303.670685	163.018255
186.271809	254.675273	97.180883
186.589867	278.500053	95.245259
187.228818	276.044897	92.764459
173.48366	297.495705	150.320606
185.192254	267.115547	100.566522
166.292574	307.320443	196.11102
165.605323	291.901578	200.859432
174.936084	306.626264	148.669748
164.295931	302.580934	225.571948
163.164326	319.207666	233.872083
166.700398	295.398265	198.826551
166.636737	291.603634	199.118788
166.439895	290.991899	200.944861
166.170532	301.361198	204.667659
167.311125	306.066243	194.437987
164.194659	298.807124	235.75234
174.100331	283.273826	154.304111
168.219466	315.893778	195.540715
167.502189	292.592262	199.057242
164.669396	314.884999	236.069484
171.825221	308.701123	168.660235
172.149136	289.133797	165.310996
190.77642	268.815362	86.329627
167.695084	306.975462	198.863792
175.291442	293.518112	153.367066
168.067304	297.11062	202.320433
168.422873	301.332636	199.302984
189.060129	294.056989	97.197745
174.80976	294.950816	155.899315
169.107244	309.916413	194.175149
168.919424	310.265223	195.945919
173.083296	312.142291	166.585686
168.640683	306.836083	197.994221
169.454276	315.2253	192.000034
175.757644	295.953891	151.363052
175.835672	297.80475	151.196732
190.407205	277.364068	94.532846
167.511532	303.350394	219.313625
175.681543	285.387801	155.021901
170.327535	312.259426	191.323716
165.989932	302.945657	237.563258
174.638914	304.676353	162.013106
171.125943	317.354784	192.774373
169.795398	307.294857	195.280343
177.611735	299.749462	151.032867
192.573906	292.396937	93.831838
179.172649	298.174852	147.634274
178.706622	291.866504	149.075086
175.047895	309.056488	169.465081
191.612642	270.152443	96.894509
172.014436	311.388292	191.404036
176.860485	272.666062	162.441873
168.812379	306.913363	238.600172
172.077819	287.383018	195.957899
172.124431	304.908396	197.307605
196.260771	276.416392	85.790211
173.536146	302.648999	200.235259
197.17012	276.40658	85.817335
179.734402	283.915651	156.091493
172.015725	319.709246	225.273367
178.186803	308.537544	165.99071
174.366614	300.786948	200.390642
175.43054	308.372589	199.878249
173.791227	319.893178	226.374907
174.022398	318.146903	221.754945
173.749671	315.829663	224.698502
173.590057	313.183107	225.768839
182.234364	291.861068	152.689084
178.228287	310.603115	176.321358
174.004274	319.247917	222.639218
175.340575	275.325314	197.664868
176.843458	297.255487	201.619571
200.87122	263.428846	93.0905
176.364351	289.40692	230.698153
176.930922	310.135343	229.983526
208.743673	261.84236	67.454792
181.553456	308.368383	183.645177
202.937174	265.130483	92.100535
203.147407	279.356122	91.322472
183.529764	309.767712	175.517365
178.18344	290.562583	231.718614
179.311744	305.359927	235.057084
178.888101	290.327627	235.433465
179.568934	309.702265	233.056481
185.385919	308.765929	174.749223
180.548055	311.723295	234.002258
180.291572	306.29782	235.11601
182.243089	313.200741	220.774855
181.094717	282.062404	227.536988
181.940499	313.248994	226.490444
182.064177	318.226179	228.152735
181.311368	308.163538	235.14375
190.303858	298.793331	152.151053
183.56424	311.096251	230.52329
183.452882	308.300114	230.633659
192.792156	277.034884	147.901365
183.681135	312.798878	229.507331
208.857878	280.976158	90.736482
184.911065	311.66484	222.96857
211.899381	292.418601	78.707755
190.083421	283.725794	166.96312
186.138241	323.928687	229.114045
210.802246	259.742101	89.840853
193.954792	271.987025	151.067576
187.012708	318.667468	225.622749
186.904517	323.727631	233.966041
190.940923	313.523261	173.428843
214.116056	273.721959	83.979104
187.761321	322.015612	235.068838
215.715691	278.786207	81.409463
197.853789	285.312978	145.529085
189.81759	319.258213	229.620062
188.432093	288.324213	235.368919
189.39464	316.75951	237.327581
193.823628	310.568828	172.048157
214.129098	258.043302	90.859822
190.707591	322.116563	236.20119
200.127333	299.434423	144.412686
214.595468	257.638789	89.078492
189.394526	283.036668	232.752669
198.309226	291.553336	161.057275
193.572038	274.93753	198.363719
192.957357	318.306243	224.056907
195.472753	290.657227	188.510292
192.432806	287.813553	232.890903
193.11012	305.318237	230.490176
193.147943	313.3332	239.585223
194.655177	321.270833	237.396194
194.547727	314.5793	230.132375
227.475189	252.224279	44.807928
228.360039	252.232935	44.841454
196.52952	318.49114	237.62267
222.701247	266.498865	81.741297
220.443817	262.80532	90.79153
196.007526	290.947577	245.209612
222.554578	278.932616	87.262396
198.701951	318.795519	233.89795
224.229706	263.863042	82.735977
198.700677	321.327978	238.488945
202.793896	310.101899	167.122629
196.216912	285.369296	258.179939
223.671445	253.83751	84.782778
203.228874	275.476495	171.80964
199.012755	323.689038	255.779391
227.799972	279.426921	71.792556
226.605116	263.30379	80.113851
201.884844	320.425778	232.944974
232.827846	254.145877	50.656777
200.317638	305.133114	253.134319
201.262247	295.287969	243.552577
202.613213	281.102163	205.838396
233.863583	263.66352	49.998955
208.395717	297.949373	167.041822
208.009249	285.041068	170.201188
207.759717	281.543713	172.334074
235.322749	253.355829	51.62083
228.221267	273.739777	89.288697
208.137155	285.833821	169.226268
207.761311	282.496872	172.241495
210.711495	288.16057	170.913909
231.362375	276.178494	87.766825
206.282217	285.405477	231.055618
211.307725	296.987287	166.407044
208.061732	327.563432	259.850406
211.208005	296.052682	183.613383
207.391007	296.247465	263.586872
209.334881	296.319697	264.476189
210.322746	297.317159	265.269798
236.546103	251.535236	82.516878
238.635825	290.670669	76.805907
243.716261	245.12868	48.327858
244.578641	245.148762	48.401397
240.332382	286.940805	76.665559
244.261991	253.284703	50.71074
216.533135	314.212984	196.758565
214.410524	304.015613	253.378642
214.357191	303.11006	253.447823
213.194356	296.43903	266.18008
215.882053	324.9822	248.284181
217.274544	276.087016	191.057779
245.945063	282.203289	56.496977
241.408745	268.283301	85.498845
228.464739	307.553536	134.560529
215.990604	298.547106	269.302068
247.50065	245.774635	51.810184
220.969454	294.115486	181.75434
241.534044	262.295864	88.144808
221.594631	301.836264	175.632565
249.212753	244.873811	46.447563
220.253476	316.08387	249.578877
219.513626	305.582221	252.225994
250.054734	274.942734	51.2438
222.410909	311.255892	194.777034
220.562437	307.477976	252.892424
222.742878	294.443773	183.647315
244.786661	252.126319	84.776973
222.286623	276.798692	201.932193
223.02557	309.759357	205.074276
223.143813	312.565074	204.83719
225.553235	312.57252	175.832787
252.006594	262.189656	50.47227
220.518331	288.005805	267.609861
221.390856	326.952148	272.022659
248.726547	293.251822	78.002251
254.349385	254.719827	45.837251
254.250155	253.856387	46.653254
249.004584	285.200359	80.254075
254.27313	262.550746	52.257813
227.23586	307.437168	193.718169
254.27313	262.550746	52.257813
226.481517	284.042865	198.122741
253.139822	257.885707	59.692786
249.216143	255.088375	80.497577
225.696304	313.334681	264.516325
256.214941	251.612712	44.41589
228.227693	317.601239	206.571614
255.280276	266.284352	50.611906
228.373059	320.191154	204.522491
256.413986	249.435476	49.279148
255.264983	286.480525	53.998598
229.342066	320.330289	205.493093
255.316424	287.384851	53.092415
256.649434	259.874397	53.237379
229.949031	313.081341	207.970634
230.764686	309.239827	207.41967
257.820776	272.148015	48.904105
230.576896	305.597798	208.596473
232.053643	295.366198	188.7012
255.013078	293.239905	75.311598
231.18206	279.327079	198.633785
258.670521	274.090451	48.009409
257.154953	255.323323	60.81731
255.964026	266.055733	77.32993
258.125615	259.035187	65.167749
243.147592	299.999202	133.837826
260.498871	289.359328	48.368724
261.568765	264.993119	45.817927
259.197026	250.071864	63.54058
233.205033	289.403278	252.220673
262.651942	269.609081	49.901846
236.075863	284.216281	198.588974
235.007865	295.177408	208.636098
262.41186	285.305371	46.671648
261.828594	287.920383	52.893477
235.071814	298.107198	241.607414
262.061306	282.847056	52.128439
262.606371	288.985208	52.83016
262.096617	247.781159	61.218376
237.476763	295.3828	195.328369
263.239245	289.137736	43.731078
262.826731	288.725247	50.113689
236.105008	283.535912	245.433138
264.299676	267.734075	49.985526
263.993563	273.911658	51.491258
263.99444	269.059506	52.495265
264.95607	260.111683	45.253474
239.059326	280.888621	195.346258
265.225169	286.800468	39.305648
264.826873	281.66209	48.55355
244.393599	288.293733	148.864463
265.771817	252.329155	46.409173
238.073873	283.181952	243.60211
239.991461	286.080984	197.789794
267.022634	274.264015	44.527839
267.234581	247.698425	48.248877
245.832555	290.869303	151.500637
242.333728	296.328248	194.672977
242.79145	321.035019	208.905241
268.806714	246.641682	40.934125
245.605465	292.904689	166.020061
264.024402	259.012865	78.569114
239.581177	306.240967	271.55504
242.778791	293.757369	204.631336
269.809181	249.554159	46.607109
269.419066	284.30757	58.92909
246.167334	300.576968	197.331351
270.996612	280.294524	41.380969
271.563406	286.420679	40.849683
269.476083	257.883232	66.57542
266.985241	264.330018	84.690558
244.887256	294.656881	271.483844
245.035139	323.898794	272.054014
245.852434	324.88987	272.593798
274.039494	251.550658	51.59058
254.159628	304.194487	153.921502
254.612092	301.896469	156.817852
248.217154	310.803652	248.578614
255.038721	311.401407	155.440416
255.099938	281.207432	151.57315
276.653742	265.74712	12.553823
255.55999	300.505176	150.534014
273.622599	257.043473	60.686166
270.775086	251.446073	78.088666
255.033599	302.278988	154.06859
251.187967	313.736747	202.058256
247.266139	307.392292	268.00075
259.921724	292.871445	131.243531
247.808313	328.464356	271.130672
257.284607	305.789658	152.181004
258.205586	300.767127	151.565425
258.136914	307.950827	153.034936
255.886887	293.780859	160.074228
262.936099	267.762502	123.478276
256.93852	302.702442	160.587067
251.743424	325.225823	252.634526
260.251189	303.192868	145.17195
258.272205	307.747951	152.137387
257.675607	310.68763	156.545769
257.01733	296.516968	159.066039
276.454337	289.85808	50.195728
259.153423	310.882384	152.94854
258.732783	310.510885	155.694047
257.399478	310.100728	158.399286
251.058978	322.207592	266.641237
257.896864	311.839093	162.031535
251.026185	302.2682	266.249654
260.05204	311.573284	147.491865
256.368579	319.724466	194.088389
253.720353	318.248528	249.455831
251.212253	328.557577	272.137728
265.810732	268.442048	118.125328
256.368579	319.724466	194.088389
260.282036	303.503202	150.617632
258.808181	306.806311	161.407211
257.251233	317.811296	194.268554
261.01653	301.789903	151.650468
257.270015	319.840355	195.00059
254.792816	325.647097	248.49522
265.738391	275.494331	123.197878
261.437509	311.275699	150.305487
262.032515	309.764943	152.233184
252.369151	321.663835	270.396237
262.640518	289.74882	145.933078
260.436757	306.227342	163.370357
258.250025	318.700062	193.384368
268.80438	268.114794	116.412991
263.218584	304.322162	149.802615
262.764581	302.995233	152.589446
261.505738	307.03686	162.462572
256.009833	300.283413	250.261662
259.107492	315.812885	193.621464
259.032758	316.00988	195.353315
280.043016	288.462206	44.677456
266.628351	274.71852	127.7526
261.023297	296.699173	164.785277
268.733695	263.341546	116.618201
268.544303	262.598586	117.545014
268.537429	273.314455	117.977896
262.392423	308.638329	155.97433
261.725706	306.671806	160.643918
276.534892	275.15789	82.667217
275.992918	269.87152	85.484512
266.855476	267.591928	126.28755
256.137458	314.694087	252.019794
280.986611	270.82488	49.61812
268.556761	263.553182	117.50294
282.388761	256.208507	46.232812
264.552627	308.767695	147.8304
263.346492	309.626832	155.974559
260.044699	318.927189	195.201095
262.976684	314.290068	159.418855
262.004779	302.716498	165.4675
270.157049	264.784216	118.379395
269.250017	262.842117	118.447532
282.692303	282.33989	43.308357
265.115508	306.295955	149.794521
270.626013	272.003969	116.285839
270.343717	265.52817	117.452487
263.570951	314.863085	162.188086
282.823332	281.118191	41.648299
262.871628	299.813285	165.647241
278.785174	287.405449	79.53063
261.091148	318.651153	192.650329
270.99287	260.99579	118.564682
265.294377	308.491064	155.200192
261.967667	319.829351	194.352806
269.494988	283.425278	127.436132
264.380176	310.002631	162.463413
271.806377	268.882862	119.129599
271.764641	266.015606	119.254887
264.771205	300.811698	165.688402
265.240183	307.094498	162.642331
283.795455	268.253829	44.508995
262.694783	310.053197	194.147197
284.616364	269.189709	43.530799
271.777982	266.971297	119.212907
262.814437	318.000324	195.387457
284.918094	250.159692	45.63303
265.334514	310.990588	162.461269
257.816253	328.074413	268.923236
272.303844	267.295767	116.516719
272.792969	263.926571	118.46773
272.929899	260.849922	117.707156
273.027546	268.495763	117.374917
267.21549	306.383738	154.464738
266.501377	311.611185	160.638199
265.479743	295.162207	166.904295
267.511215	312.981969	153.251959
265.493099	300.19052	167.596247
263.689992	314.039362	194.819139
285.653668	291.474211	41.302505
271.079113	281.78227	128.444628
265.966701	307.462981	164.506523
281.385186	278.56441	83.341012
268.530449	311.824633	152.431354
259.451857	310.942573	271.538546
285.970652	276.45171	43.68844
267.207839	306.93975	161.814503
264.715315	319.958214	195.322105
268.361065	305.033568	152.739001
268.021638	301.550443	154.724925
267.280612	314.913979	162.357899
259.951377	304.676818	267.404586
268.143129	301.355094	153.819988
264.66888	315.986372	194.730198
286.756474	273.577841	44.786164
286.971945	268.301587	43.490613
274.884205	262.618277	116.764313
287.120412	254.423791	46.174652
274.696412	260.915112	117.734352
273.480559	299.878242	126.834752
268.947482	301.565462	154.762036
268.868285	313.798504	156.947702
268.225305	310.845667	161.673628
269.478347	307.7576	151.740979
264.560038	305.239339	211.704938
260.68275	308.644054	268.84571
284.945062	265.529837	65.419546
281.957866	281.863852	84.954713
269.961926	305.458122	154.621871
268.628868	310.767971	166.311417
266.393519	310.186516	195.168489
266.483145	312.02358	194.183683
286.196534	277.514992	51.492575
266.570709	315.902782	193.935566
286.946631	284.464659	49.969608
274.107697	296.276892	127.897735
268.856361	302.281331	163.0259
288.032281	268.658919	38.186926
286.97867	266.781622	53.994257
281.186818	269.972787	93.395936
280.089214	276.111351	99.347096
274.556603	294.671589	125.281679
287.470663	283.3788	41.134662
287.968912	247.533219	47.348585
287.526878	267.804197	46.970065
287.425215	283.486564	42.015717
268.337088	297.140144	166.933169
288.848548	255.128911	43.492527
288.827499	256.139104	43.429925
287.930465	291.790765	42.911275
288.219028	275.78876	45.378297
288.051041	281.945206	45.685035
288.357557	249.242026	51.499391
270.256896	298.474527	158.642043
287.911075	290.889975	43.906971
287.753588	267.825399	53.89039
274.975788	272.641471	126.226171
270.694297	307.800014	156.383255
267.374485	314.165825	195.823063
266.359157	319.628175	220.408476
289.020686	247.54351	53.249219
271.98891	308.200018	153.654208
272.074656	312.081047	153.476132
263.492313	304.509786	268.074951
288.514682	275.758499	52.388427
288.125735	292.099721	53.722975
271.429776	299.083372	156.815089
268.261253	312.232498	195.981184
268.302532	318.232426	197.29952
288.751761	263.601602	52.397802
288.427704	282.770818	51.806498
287.982799	286.462147	56.888195
283.044884	297.487476	93.991777
275.978623	306.189773	128.404856
272.912198	308.724423	147.247357
270.599309	301.507907	164.055043
289.094129	280.423871	41.339707
284.273497	257.729543	85.916932
270.52355	307.691885	165.612245
271.376809	308.846161	166.513068
290.080233	270.356952	42.268712
289.693921	284.71388	42.626595
273.608747	311.088266	148.991901
270.447405	289.387909	172.879231
290.314791	269.778074	37.944508
290.338426	268.765045	38.038168
283.056379	280.693891	97.3847
271.697687	315.318294	164.357756
290.288523	265.066475	40.974983
289.277009	271.9156	53.523136
288.898592	280.406906	56.41225
274.018899	305.426756	145.60815
289.507139	282.245867	47.339028
288.2918	290.213365	61.975221
279.908186	283.359663	109.723177
289.2882	276.802668	52.260005
274.754002	309.726292	147.263245
273.419621	305.896346	156.57496
272.417632	309.656618	165.589621
289.715109	283.706267	42.730625
288.973479	280.285218	55.530897
288.294471	289.22265	62.045086
271.382782	310.592827	176.534114
270.222507	315.046496	194.987918
289.406792	277.56822	50.426463
289.132404	292.70618	49.97407
286.784751	295.171925	75.221037
265.615886	288.460353	263.085719
287.379878	284.602586	76.6743
275.038602	291.31355	143.539241
290.453919	255.647773	52.799201
274.044146	306.863192	151.953436
272.922791	314.787315	161.66311
272.381177	307.709595	165.68179
270.216011	317.081267	195.713169
291.001345	274.763208	36.520665
277.431713	299.718117	129.620044
289.636481	287.430603	55.807047
272.414107	293.587161	163.557213
265.249026	311.202643	268.144953
264.86363	309.661827	271.575962
289.91657	284.970585	52.412169
287.814438	295.048851	79.652283
284.067134	268.791908	96.09579
273.120714	302.391648	158.569794
272.194349	308.049367	167.504257
264.820124	313.561552	271.52925
291.701646	261.575343	44.622835
291.34026	274.932861	45.267133
265.986567	312.279983	269.450111
290.880423	274.880047	52.326013
290.880423	274.880047	52.326013
286.276559	294.862414	89.564483
273.422239	308.517898	164.757603
290.757805	280.00923	52.787367
291.009163	288.871006	58.298201
286.234409	280.111027	93.828075
286.019548	276.426736	94.880625
266.722772	285.200999	269.968333
266.629613	306.692568	272.207576
292.463639	264.518154	43.486901
292.95706	268.067784	46.64235
266.575513	326.993339	269.906603
292.709371	286.974062	43.069861
291.11285	282.778385	57.875388
292.635114	284.291674	46.036181
291.842063	293.765816	56.942933
291.123686	253.298725	62.343719
288.324522	258.122174	86.744608
284.65049	267.406544	106.834477
276.452009	303.95579	147.58246
276.117684	289.096411	155.588059
268.929177	310.011054	259.12278
292.067406	288.437238	54.660617
285.262917	286.257538	104.268585
268.731017	285.811087	257.525807
288.395643	275.658968	85.992859
276.781479	312.913118	152.678257
274.994403	309.042859	167.552533
274.361696	293.153831	171.93503
271.44266	306.342693	223.299127
267.472535	308.631087	272.55919
287.401379	289.667017	92.473604
287.145733	273.204684	93.231929
273.062591	315.917128	194.138127
267.339249	305.864068	273.941499
293.025389	286.884824	34.110053
292.635114	284.291674	46.036181
286.528073	274.91297	96.721653
276.036642	292.830377	164.633987
292.353211	282.973392	51.536426
292.17147	283.328989	54.194507
292.01943	286.561889	55.721933
292.060724	280.578171	56.211547
273.957367	316.980728	194.954322
292.180012	282.330064	54.278936
286.84368	274.541063	94.955646
293.730857	281.525235	40.01385
292.907676	254.066094	60.508375
292.619746	283.984825	58.581852
294.095652	276.795504	50.201214
292.787666	289.592397	55.414727
290.949299	270.601449	74.636717
293.45243	284.213777	45.093404
289.230966	286.581358	86.323869
276.085154	313.743911	166.426555
275.935459	310.021009	167.533888
274.018576	314.845643	193.365246
292.368044	294.29079	60.494202
293.65771	286.52303	54.718559
290.461528	270.360622	83.532714
286.726741	269.014579	104.991784
278.686869	310.801931	151.919274
277.870396	310.203011	158.364657
271.171856	293.786464	252.308324
293.32989	287.136715	59.18533
293.167128	294.335905	60.4359
278.602735	312.934421	152.732064
270.559074	285.676622	257.498111
281.83755	297.945422	129.783805
278.910271	304.024523	156.843618
293.665048	285.525427	54.80401
293.469792	264.235847	60.806551
290.923672	289.562389	80.725803
279.512479	312.944441	152.757553
276.921563	307.91311	166.746408
274.991172	314.741438	192.521714
289.629866	255.871946	93.905616
289.430608	287.450238	95.230457
275.929544	315.707059	192.476801
294.1711	292.0247	57.831419
290.480245	296.125082	89.362266
289.629866	255.871946	93.905616
277.889157	291.879738	164.731816
293.821672	294.632759	62.184461
293.7393	278.910087	64.248935
293.423332	275.656805	74.270845
283.667494	292.985576	129.127168
276.660902	309.117575	194.688173
271.391561	304.216473	270.504335
280.772844	312.36592	150.066028
278.75643	313.918679	167.410746
277.931795	280.566292	172.589392
272.214368	294.582888	262.058272
294.470732	293.947506	64.009296
289.244441	267.153887	100.60157
289.095889	282.019276	101.75885
288.628454	269.863314	104.066597
278.744537	312.947054	167.462811
271.0509	314.248832	272.171171
295.250845	290.470755	53.361244
291.321709	287.248099	88.921456
282.268693	302.488022	145.067376
294.892291	294.17575	58.51428
288.17712	272.378805	106.646775
282.129548	301.723332	146.013914
277.557936	310.179036	195.516494
296.2132	281.276639	52.324778
294.896252	293.182541	58.595089
294.70147	284.631202	61.991352
291.763722	297.638083	86.52477
271.467582	312.758728	276.404937
277.480689	308.341153	196.506891
288.92865	286.296136	107.850176
277.586823	312.115242	195.386682
292.317766	288.10367	87.950298
282.016047	275.307498	145.353304
282.254994	309.448254	145.66129
296.141292	283.398892	53.034091
295.630763	291.362721	59.601833
296.05785	252.355153	61.307946
295.340069	283.952641	63.800818
274.085089	295.349293	250.430662
280.552244	310.035984	167.661025
297.549728	249.1843	54.483075
296.418733	293.390034	59.386355
296.573862	283.19199	58.401147
296.416086	294.382987	59.305679
296.138893	279.036382	64.111778
293.592172	289.605145	85.12527
282.352383	312.778672	151.922473
280.540878	309.065108	167.710181
278.404744	318.282418	198.401482
274.542894	292.895872	255.737974
297.651722	282.593825	53.901604
295.982965	271.392125	66.408656
296.353039	294.509312	60.209741
296.368648	282.593765	61.151192
292.756259	257.381695	95.598477
274.139245	290.379243	269.952288
297.651722	282.593825	53.901604
296.202037	256.69541	73.351359
286.157534	266.941299	129.378427
282.742177	307.74693	155.855687
279.369407	307.261149	195.748294
296.025698	252.094426	75.302902
288.660705	270.488795	119.305461
298.356497	285.748676	54.477102
297.584166	284.715348	54.617653
298.009873	288.502772	59.684324
281.583116	311.811915	166.673405
279.39263	316.156948	196.865693
298.06434	291.355824	58.539905
297.999258	294.463868	59.197071
297.999258	294.463868	59.197071
292.891477	295.57188	100.170732
297.959588	279.690065	61.280104
297.743178	292.009304	63.048495
294.422507	288.769327	90.563377
291.567953	289.323324	107.713371
283.294652	286.669724	157.727904
280.395301	314.991489	195.238853
280.328468	313.151585	196.242023
274.091724	318.49789	276.07762
298.531349	249.447042	61.315191
298.507952	250.448722	61.272659
298.119808	275.432518	59.805074
298.066722	290.361703	58.622222
297.959588	279.690065	61.280104
291.146554	262.532272	109.743519
280.338801	310.154405	195.581219
298.077174	264.750532	62.292752
280.36317	312.0891	195.44838
280.359157	316.05307	196.026051
297.661451	275.291813	65.183207
295.827344	283.016575	80.926435
292.383303	263.833881	102.512728
297.886781	279.828454	62.169071
283.693592	311.305525	163.988136
283.420704	311.811306	166.713528
298.102888	278.42143	59.580569
298.066722	290.361703	58.622222
297.572101	279.404195	65.79978
292.393202	266.734865	102.397398
282.549326	315.447882	176.541055
298.250791	285.999182	56.264514
298.179373	290.108751	56.822469
297.734245	280.109196	63.948684
294.070619	259.756505	92.814526
282.93718	315.678848	171.980591
276.979611	296.952199	260.117268
276.531883	312.968034	264.163562
298.865244	285.426703	58.979428
298.736047	289.666221	60.452017
294.172615	263.672221	97.1317
276.70724	326.324187	260.065012
298.733668	292.6457	60.21064
285.298338	312.419641	150.173298
284.141067	309.22945	168.701324
299.578019	294.541758	59.092436
299.964427	249.825036	62.963886
293.712224	261.345354	99.913033
282.177208	319.018796	196.683324
296.890989	285.896277	85.237022
284.107816	316.171683	169.229302
284.004311	313.424082	170.303915
282.273133	319.801921	194.890486
282.138252	320.074869	197.455163
299.671398	279.490357	59.406075
299.176006	283.448127	65.426708
282.216204	317.960834	195.906354
299.987534	289.43334	64.935654
282.273133	319.801921	194.890486
282.267903	318.834866	194.96984
300.451912	280.521816	59.279684
300.384214	282.64852	60.014362
300.133757	295.107389	62.664289
288.772867	272.02771	130.100178
284.572993	293.36684	173.124319
300.538055	264.704566	61.283108
300.334926	258.330031	65.171417
286.395009	307.776832	155.940159
283.4832	319.195846	189.713561
298.32744	256.634905	82.140751
297.223301	273.765149	88.577388
288.750399	295.980808	137.270316
286.862149	310.890734	152.120131
301.226363	266.883592	61.993184
284.656325	301.125547	172.780875
300.256031	283.916521	61.724722
300.986367	268.331487	64.574866
285.694069	316.625704	171.965363
283.187004	318.819599	194.983884
301.07453	275.003664	62.345
300.936455	274.300981	64.18846
286.997416	296.554793	158.305236
285.883929	307.447851	169.743672
298.058622	269.898835	88.741367
295.143655	271.728779	106.680877
284.213473	312.714618	192.846873
300.942446	273.30674	64.255524
295.33075	277.331682	105.543123
285.761856	302.759587	170.889742
298.984929	290.391422	82.176283
288.100869	306.040828	156.978455
279.705071	302.531931	269.690775
300.926955	276.288754	64.051405
285.149562	314.633388	192.720738
301.946164	286.698335	59.599711
301.501353	285.690763	66.045261
300.03482	289.132375	80.401143
301.992163	290.544448	58.371225
301.834512	294.91674	60.75617
301.858721	276.033627	62.229227
301.871783	267.217201	63.710712
301.119824	252.11417	74.229607
287.929053	310.261529	158.607814
301.779001	295.050747	61.662484
301.515743	290.644755	65.671473
286.752802	312.440611	170.40518
285.021028	317.819764	195.089549
301.791031	276.178364	63.118154
301.778271	294.057905	61.742407
301.772277	287.107941	62.296398
287.569397	278.56799	160.93946
302.262161	295.780991	66.151296
285.814584	312.194633	197.27584
302.666309	267.250086	63.667917
302.800073	280.623985	59.137546
285.789035	315.178857	197.910496
292.612418	307.944076	129.481174
291.667899	292.765716	135.635071
288.591146	313.393818	170.375397
303.406652	289.027787	61.147931
303.401042	272.265359	63.306201
303.060789	295.820754	66.108221
303.350892	283.205637	62.51614
286.464738	320.48708	202.591565
282.637292	290.51501	256.935156
303.060789	295.820754	66.108221
289.663526	312.37146	159.447323
291.269417	310.555306	145.795477
287.093193	314.399849	191.003096
304.036648	275.581589	64.841391
290.678004	314.122767	158.450105
287.707612	312.067327	196.443141
282.513997	293.498964	268.887819
304.288508	292.767622	58.971954
291.459157	304.962176	151.576319
288.017975	315.347722	190.942699
287.872031	316.608791	193.47752
301.10655	296.159655	90.877159
288.017975	315.347722	190.942699
304.021976	287.496675	63.966853
287.707612	312.067327	196.443141
296.531458	304.136609	120.603696
295.710165	301.453513	126.192215
288.640401	313.97587	196.309606
282.038366	325.988705	275.845643
303.956881	285.656236	65.019393
305.188861	266.042336	61.836883
305.053029	271.183613	62.401456
290.164903	293.379137	173.22487
305.075452	265.348824	63.662633
305.482455	286.863507	65.767351
294.945271	299.227054	138.145679
291.252683	309.660828	171.532554
305.866239	265.378708	63.622299
305.413531	284.037086	66.889701
292.385577	310.444759	159.590556
284.275168	282.718051	267.306872
305.357938	288.149953	67.499833
294.964914	302.114802	138.014892
293.185923	309.015427	152.3289
294.598441	300.77492	140.815806
292.991561	313.229841	153.944521
292.784969	312.628118	155.809231
292.071984	283.781862	162.629437
306.516765	270.549507	64.162725
306.397851	291.56968	63.537952
306.39147	288.591157	63.771026
306.33686	288.735533	64.675074
306.157964	289.175902	67.389256
292.573506	307.917976	167.064309
306.557121	279.214112	61.755495
306.448595	291.427843	62.632095
292.443303	295.527244	168.569197
291.74864	319.018076	189.805477
294.113792	314.462001	160.312488
292.95543	293.380001	173.263682
296.874861	302.9241	137.091176
291.13846	317.31219	201.23613
295.00181	312.874175	152.157735
286.68853	321.792411	260.630363
292.824053	297.531398	174.90521
303.937755	277.334473	94.619971
295.972279	296.34822	152.036293
294.916389	300.19287	161.958865
292.718418	318.891374	188.939828
293.865222	289.516936	173.448304
292.518038	312.552365	192.957005
292.190384	315.111699	198.859519
294.401801	304.055074	167.279504
288.216549	293.938203	256.654288
295.885372	302.302377	152.69005
292.314864	310.039033	196.6502
287.777348	297.301228	262.063813
308.711269	276.914519	65.44397
294.220485	297.612901	169.416233
294.556488	307.447441	176.24395
287.844357	293.343302	260.881246
296.269889	286.83299	157.958517
296.156177	280.267488	159.161807
295.839178	304.046494	161.791316
288.146881	297.794503	267.722506
295.647959	295.706114	164.007019
294.729291	291.590916	174.283926
299.651282	297.9825	136.443328
295.540964	313.072796	175.012203
295.595877	294.62513	175.071189
294.554174	318.841574	188.955919
289.578456	289.418212	261.253516
306.857895	300.552406	91.401248
307.004171	277.691801	90.920266
295.685752	312.79155	173.213002
296.518643	315.800414	173.938064
297.657117	286.722413	162.584039
290.657269	301.815962	260.703949
297.115212	279.964478	168.405014
296.311461	280.435087	177.573751
295.472006	318.815818	188.96383
290.194012	292.488818	273.776677
308.949384	286.217938	88.590441
298.046924	279.009014	168.463073
308.961594	289.158893	88.411692
297.531591	297.370334	174.04463
299.686295	277.758864	161.168993
297.307626	318.762904	188.979622
297.307626	318.762904	188.979622
297.06414	318.288169	193.420148
299.30812	294.609818	175.108032
293.333448	297.797426	261.340597
300.436903	278.091269	163.00805
311.222117	274.911569	91.016404
300.611577	292.185278	160.546898
313.651647	294.550525	54.767736
299.2409	274.117916	188.007668
294.058168	316.250095	269.368762
299.960633	318.877981	190.754954
302.800059	296.330036	156.722397
301.784936	279.992512	168.468285
299.942375	312.266523	192.152531
299.793847	313.501371	194.704547
306.583651	267.697757	125.932766
300.558611	298.627118	183.128714
299.787543	315.41783	194.553374
295.596565	293.370965	256.014015
304.871225	305.979489	137.056739
314.691096	255.816019	64.685015
295.803907	301.743324	264.209515
312.654393	300.803664	91.325435
303.055939	280.348486	164.782506
295.927754	298.710439	262.954491
303.225191	282.914996	162.825406
312.654393	300.803664	91.325435
305.332472	305.778387	140.740165
296.315558	294.458942	258.425069
304.459304	294.754151	158.647018
303.981454	283.234122	164.662056
313.932383	289.348286	88.353474
307.77848	296.433241	128.404122
303.675841	312.32531	165.102111
303.819804	278.740833	166.712026
296.811651	296.731786	263.183292
304.250727	278.922331	162.10025
304.820781	285.312355	165.498388
305.172375	299.881154	160.259612
307.524035	306.027339	137.092475
304.918434	280.358787	164.807075
304.371709	298.544277	169.470401
304.989913	285.002621	163.674761
304.1569	296.092221	172.332499
298.799832	292.567139	261.076124
305.812091	289.960916	164.381647
304.420458	306.851065	179.968235
308.310241	305.266209	138.059008
305.989919	287.728656	162.646334
305.895304	303.076465	161.948734
306.50104	289.63266	157.060005
309.076913	301.07943	131.862151
306.199776	278.775342	161.212605
298.612505	290.805192	262.804947
306.947285	281.015715	162.961897
306.951347	280.056676	163.00635
298.866709	322.435211	265.313169
307.337053	271.749189	159.716139
306.768909	283.244798	164.69808
305.722732	295.660997	176.026797
306.867507	295.406474	162.315142
306.550986	294.105638	166.037113
308.009842	287.417043	160.849183
307.72423	292.68583	163.364709
307.544332	280.673188	166.670544
307.462059	280.822198	167.583494
300.429514	294.559264	263.403545
310.276036	305.886968	136.224372
307.804015	302.91372	161.063608
308.480222	279.71632	166.729442
300.999641	317.125714	264.153156
308.819665	291.414118	161.601177
311.280822	303.795582	135.428407
308.480222	279.71632	166.729442
301.269302	302.320454	264.297233
300.470903	316.711765	268.928673
309.716023	283.901602	162.868334
302.43718	296.196125	261.667436
312.355193	304.402937	133.582399
311.912207	308.01716	137.057781
311.686584	310.298632	138.76785
309.706235	295.248691	161.441518
302.146663	284.848354	262.863536
309.688144	287.736672	162.694672
309.582708	290.767946	163.474752
309.044189	299.331124	168.563309
309.353785	289.305547	166.291431
309.385374	284.510923	166.51449
312.113016	294.300159	145.950311
308.279849	292.9318	193.488785
310.207071	288.493248	167.258295
309.753388	288.385371	172.765812
303.351282	287.423887	260.456875
311.299412	295.709285	164.18864
309.223652	315.640583	190.204798
312.7548	300.411707	147.522986
313.609358	298.803386	139.369539
303.847695	306.154373	265.462762
311.836228	287.960408	170.059852
310.617884	297.004779	172.350936
304.851023	290.487917	264.371385
310.104725	314.754085	191.169069
311.92861	294.382102	167.9208
314.450397	308.231363	138.006619
305.126691	281.562307	259.612068
305.828605	285.530341	262.792962
317.57171	270.417693	124.160653
305.767417	296.234305	264.93282
312.709876	272.911866	172.672131
317.257577	277.555185	125.709434
313.408907	276.395386	164.199028
316.916373	305.066236	131.79442
313.302692	279.419305	164.972633
314.092702	292.827567	164.360982
306.368145	291.615903	267.476199
319.280502	264.082832	126.246468
315.366094	275.284738	163.362564
319.210932	267.940136	126.106406
320.631838	305.810862	120.80219
314.682883	312.816028	192.261497
319.447222	296.030853	135.028891
316.284371	310.585906	167.174524
310.120242	302.90445	266.809173
318.516694	303.321983	163.938387
312.941151	292.925809	265.814501
326.317572	268.201276	127.154094
315.761436	304.318738	265.106666
314.176135	323.56044	266.870403
322.531039	283.693201	190.628438
328.091993	269.174848	127.159873
323.446866	274.663594	179.218465
328.091993	269.174848	127.159873
326.344535	303.775807	144.881666
324.252099	286.12313	178.618096
317.316851	304.459963	267.471647
323.411543	282.812909	191.605633
325.102824	310.208443	171.910305
325.163026	282.950555	193.448259
329.150745	307.890699	141.075364
326.995508	280.568592	180.805826
336.406885	277.636735	77.426118
330.811195	301.689385	134.100869
328.186317	289.423547	162.024386
336.42358	269.452403	46.838512
329.522289	310.816756	146.425934
328.417862	308.018789	163.907446
330.617826	273.618959	160.040285
337.058155	283.722942	78.032953
331.055723	307.549697	139.305318
337.703183	291.596011	77.589781
330.257491	296.268705	169.07327
332.114649	304.494477	138.571736
329.610496	275.214373	184.822869
332.837261	310.090742	137.378567
331.472276	301.022655	162.486212
337.879216	284.740207	66.913873
329.418527	318.057548	190.405752
331.680073	305.865758	156.785392
332.561166	307.272098	143.019616
333.574926	308.682831	140.223034
332.992493	284.433912	161.435124
330.711442	283.847663	194.40818
330.208084	318.29016	193.050781
324.91142	289.128879	264.14464
340.043921	260.08455	38.690198
333.279566	305.062296	146.807215
324.417678	322.840474	265.684256
334.372843	304.55815	144.114438
333.519982	303.136632	157.870306
333.835871	305.874174	151.352547
333.424376	285.422283	167.823804
332.248196	312.285891	173.788381
332.366383	299.380279	178.092442
325.475123	278.727938	265.111738
332.563045	302.615074	173.379723
334.508251	310.263616	138.327846
335.515733	309.919803	136.53898
335.075332	275.775307	161.87714
340.909372	286.55935	66.055943
335.820987	305.7195	134.939652
334.624812	297.382912	158.156901
336.88876	302.651191	134.209315
335.856725	311.275321	143.804697
334.992173	303.045939	163.388704
336.353639	306.585907	139.486888
336.173516	293.234643	151.065646
335.161511	291.968947	166.642841
335.425779	279.637302	168.144003
340.892682	287.394587	65.079602
335.96342	310.148136	142.952324
332.964843	318.251333	193.115311
336.555735	306.06746	136.772335
333.155882	310.523826	192.788374
342.530282	258.11352	64.03334
341.599516	292.472485	65.735154
341.674024	286.557	66.105285
333.110041	310.601729	193.668783
334.931471	303.187181	164.293411
333.166297	312.355498	191.77746
335.089072	312.017305	172.062426
334.365018	291.387467	194.035738
328.686344	304.389787	263.43607
336.356713	286.880626	165.070712
337.005827	295.146865	151.003664
334.11151	308.596025	192.938599
328.470958	298.713173	265.448012
343.110909	264.252134	70.149695
337.767725	304.08519	146.963703
336.328665	287.840103	165.026465
338.6131	301.858632	135.209634
337.43407	273.843549	168.470663
337.137559	293.441553	163.877785
337.213693	282.481853	168.048424
337.114036	302.300558	158.908672
338.367507	305.889606	135.913688
338.02395	281.690842	157.086995
337.628223	289.679993	158.564547
337.053073	302.44918	159.813879
329.158158	287.154077	266.311129
343.370698	292.355195	92.692158
338.939332	279.910539	158.103214
335.052371	312.246559	190.940521
330.20725	300.641418	266.075745
338.280673	282.190001	166.248872
329.669159	312.963878	269.442641
337.43403	313.266488	161.124502
330.395707	301.451355	264.453139
338.510158	306.166025	147.794999
339.027139	303.749428	156.147577
337.336361	306.578176	167.842098
331.362043	297.438367	263.908414
339.492028	307.589249	145.004803
339.034638	287.935236	166.003005
339.145292	300.871156	156.282336
338.906872	306.626658	156.008928
338.791149	306.929145	157.819506
337.529089	312.69923	177.52831
340.316515	302.815959	135.207684
340.316515	302.815959	135.207684
340.063928	306.848846	135.908415
338.808726	307.737273	156.867005
339.49669	285.153024	160.637533
338.928389	297.928244	161.891876
338.904205	288.208645	167.820992
339.548019	304.075758	147.00806
338.940982	308.236939	154.103313
338.701791	311.419618	155.766056
338.973871	289.855722	165.914472
344.284804	285.256257	96.780115
338.751472	307.887669	157.772352
339.498292	286.924917	159.644056
338.989581	297.782752	160.985867
330.744606	318.66941	267.069275
339.925221	298.58503	160.058859
340.252081	278.311579	166.475395
332.036247	303.474442	265.812125
340.144106	292.823908	160.318248
337.807472	310.371552	192.015436
346.034689	270.369926	70.932393
340.046426	298.286806	158.247284
340.31444	289.793368	159.539233
337.807472	310.371552	192.015436
342.102022	301.053738	136.256194
340.719863	301.454922	159.94893
340.252537	310.379552	161.343328
340.916025	299.237084	158.225918
341.368915	287.707443	158.739342
346.529155	274.59718	60.671517
341.519857	304.36008	143.388046
342.16745	300.864252	150.87516
341.536433	286.440719	156.967332
340.955341	298.276707	158.269641
341.706836	299.524367	160.059868
338.344863	316.562671	196.851934
347.081712	282.382227	59.349609
341.805223	289.670533	165.074461
341.116305	307.919148	164.2252
347.171447	279.701149	61.345442
339.513514	317.945448	190.646332
343.115343	287.014818	160.641955
335.388423	286.247003	259.503077
342.328204	306.238655	159.766366
342.456294	295.561103	165.741325
334.65009	279.055545	264.44569
334.688202	287.731534	265.533172
342.754143	294.854048	161.206352
343.259898	281.39001	161.809208
342.85936	287.591272	164.275737
334.586542	310.397874	266.553422
342.942151	290.046564	161.421419
335.506032	282.327365	257.972013
342.85936	287.591272	164.275737
347.840965	281.677423	54.851609
342.656474	298.552671	160.125965
343.206028	275.226965	165.766409
340.393854	316.174512	192.551902
335.095119	278.74952	260.814948
334.142684	323.734536	267.863494
343.423663	276.579662	162.029537
344.869464	276.302633	154.735002
343.846194	291.809225	160.450511
342.85936	287.591272	164.275737
342.551304	285.417847	184.541251
348.454326	291.829385	62.602386
348.361954	296.428419	72.51177
344.125924	299.561994	149.155058
335.793383	282.681525	263.173932
341.957987	289.114854	192.517054
344.67748	301.212453	137.228912
343.084317	296.20969	170.299304
349.0654	295.270931	82.771644
344.527392	301.77937	156.368483
349.13876	294.795984	56.018943
349.611939	276.274108	58.941506
349.668905	275.870915	62.630077
344.694009	301.315805	153.65288
345.023617	292.003558	155.897516
349.573673	277.123314	57.977264
349.397818	285.068007	63.966796
345.082443	278.752808	163.805478
342.430528	311.18902	191.176701
336.846157	294.174526	263.172644
335.901279	285.235736	269.837317
344.95578	309.768087	157.828241
337.565031	306.077058	264.628269
337.535006	301.17734	265.086974
350.384613	277.697948	61.665008
346.430119	298.825216	140.12335
345.351932	278.170742	160.164817
346.21285	278.299052	161.096151
343.176819	306.812348	196.787162
343.553783	279.059554	199.404123
336.881479	284.139665	269.060953
337.71128	300.039923	263.613395
337.519559	299.223993	265.225744
349.930167	294.623011	61.647815
345.839334	287.929035	160.664949
346.146008	278.445124	162.006101
343.509717	306.284787	190.624528
345.80195	284.510121	163.563153
344.453999	305.306829	190.705418
343.847856	280.591087	194.832448
343.09607	318.077585	192.463085
350.835672	265.306201	53.229206
344.323097	313.808973	188.386179
344.421979	302.578499	192.659925
338.535556	292.22131	263.965704
346.145034	305.61169	156.226445
344.011808	318.071542	192.480316
337.509579	293.177388	272.201365
347.074918	278.424733	162.027378
346.876131	278.85198	164.758751
346.449142	282.419441	169.178769
345.746642	294.60944	173.179627
350.745222	292.228072	59.072855
346.943541	276.92514	164.848434
338.784285	290.080019	261.71814
350.766492	290.969108	57.295671
350.745222	292.228072	59.072855
352.03701	264.496905	82.458992
346.000683	310.92788	153.218599
348.195606	282.3257	156.38305
347.190125	302.713964	156.383989
351.522302	292.357494	60.055081
352.457851	266.616884	61.419403
348.135252	278.111299	160.229133
346.546022	296.63899	174.015645
345.184938	315.729543	188.276051
339.852143	288.944372	260.200733
352.434153	286.730407	55.813722
347.926698	302.845295	140.878082
340.059924	278.233444	257.168086
339.704675	278.439146	260.10527
353.110174	268.432894	54.090999
352.508	287.863991	75.107083
348.848239	304.25505	138.092998
352.315119	291.411764	53.701215
353.560562	276.670167	55.510052
348.126673	299.298024	159.300737
340.501808	299.841468	262.775989
354.047408	270.975669	75.013683
348.674253	310.914667	153.274309
348.202351	289.687545	166.134914
346.059491	315.80732	189.171212
353.155623	289.29573	52.961898
353.646558	274.405644	53.806569
353.008943	295.156937	59.111447
347.563507	290.802442	191.62501
341.160592	279.53072	263.072117
354.554291	257.587583	55.600929
349.188992	298.024092	157.551208
346.726729	316.269284	194.408792
341.92021	281.931467	257.221725
353.365224	282.092748	51.53729
354.610513	257.186403	59.227368
354.183694	264.315349	59.796745
353.950991	270.506895	66.800353
346.986747	316.682629	188.245428
353.5542	276.855153	50.013582
353.000619	295.56927	61.866789
353.579891	281.144471	76.397824
354.510113	262.316001	100.850454
349.480578	283.608333	164.599031
347.003091	314.834029	189.255964
341.968388	279.034183	256.454538
341.866032	278.135181	257.17831
340.901657	315.11058	265.736834
354.552806	257.590493	49.309138
353.347619	282.625375	55.180999
353.347619	282.625375	55.180999
348.965331	304.425902	174.606207
350.766761	298.332437	142.979023
349.186562	289.651953	180.805662
347.931007	315.709431	188.329891
342.301736	290.93929	262.414284
350.482189	306.179092	138.031339
350.516666	295.154009	152.227637
350.707089	275.868647	164.973366
342.513123	279.189304	259.415926
342.282561	282.220699	261.692455
342.123726	277.52026	262.269696
350.428031	303.334182	143.644013
350.653231	283.019356	160.981958
347.642664	316.26189	194.423214
353.821713	293.894218	57.394922
355.556196	260.597437	92.759585
349.134376	308.251204	167.13273
349.341139	280.217906	183.107737
347.642664	316.26189	194.423214
354.361348	276.84859	50.063511
355.140475	261.152154	52.752024
353.806456	294.617533	55.503853
354.014922	286.848064	56.84922
347.794257	315.068002	191.893577
354.059188	285.324806	53.247121
354.145535	282.617047	55.237351
353.797106	294.879945	57.342301
355.919359	250.509774	61.352693
356.41294	257.106423	70.174066
352.268801	301.203655	122.844118
349.430164	311.369114	156.00977
350.246015	310.845568	158.796645
342.448579	287.912311	260.953035
355.678879	266.004872	51.628083
350.388996	312.681522	152.298581
350.598915	279.654368	178.573043
347.975091	312.892015	189.404509
348.633657	313.348254	194.65835
343.231916	286.009767	261.720224
354.581289	294.870679	57.411142
354.945372	282.608241	55.293698
354.691697	290.791671	56.700633
354.477545	297.289146	78.511259
349.534255	285.934698	191.926112
356.988643	258.005053	52.084616
356.229612	257.006834	52.101534
356.922698	259.005149	52.033774
355.565254	288.887856	50.401425
355.906806	278.360087	53.73949
350.36027	307.274265	160.803725
351.951213	279.767084	172.164622
350.853954	279.775961	188.635058
350.469468	283.099173	192.995569
357.096016	256.584587	49.464071
356.042238	280.571048	89.357704
354.703851	301.89712	97.461259
349.626164	315.052127	191.923406
355.799961	281.206753	52.668182
356.42594	286.288925	53.370374
352.171046	296.408926	154.026912
351.273554	310.393091	156.091918
350.511062	283.979603	192.045226
356.905501	261.728313	68.213482
356.023112	279.963242	75.685861
357.246922	260.168974	95.569089
357.332883	258.595555	97.438269
349.794099	311.986258	190.380183
343.993063	289.960703	263.176433
356.357618	288.354175	60.645927
352.208149	312.517853	151.423175
350.767206	312.779366	188.574348
357.856692	257.584007	49.443973
356.72573	278.687399	49.193848
358.034816	259.341292	105.628431
344.969603	288.88456	262.43
344.807991	300.794429	264.132125
344.679532	314.808349	264.073126
358.381004	250.430906	48.916656
357.331309	265.85722	50.809723
356.207389	294.081437	52.029576
345.573071	278.848235	256.475105
357.229525	268.320228	47.05176
357.79671	258.286267	53.904544
353.909434	294.362982	137.77376
353.149192	302.344253	143.74506
352.411881	307.994669	153.487478
350.431019	316.166521	193.598453
356.207389	294.081437	52.029576
356.35575	288.400074	54.181162
351.527915	313.98642	191.14946
351.443448	314.141382	192.890746
346.279942	277.953754	257.95243
345.91616	278.171839	260.890169
356.837079	276.437337	47.494598
356.878637	274.83408	50.322362
356.731133	278.084367	51.97321
346.370357	277.903685	257.214173
353.884449	272.347613	175.302703
357.061432	293.580719	48.419173
356.96231	294.580189	55.778378
356.979854	293.987484	77.020538
353.629793	299.074354	158.496038
353.471046	301.974839	158.360224
351.400776	314.216207	193.758594
358.661667	258.469346	61.154717
353.733991	304.936519	147.271369
353.309902	304.876007	158.221789
351.540014	314.87723	190.207523
351.235695	317.276248	195.256678
351.62165	314.711064	188.457765
351.641152	310.104425	191.41739
351.314451	314.360711	195.488586
357.029321	293.824683	50.257457
357.015351	293.94803	51.177143
357.02914	293.083057	52.149082
358.024101	286.399112	54.405361
357.794526	293.453752	54.975878
353.912557	304.273076	143.66319
353.531817	308.645442	146.168504
353.794781	303.968595	147.31999
354.686007	303.960638	147.334155
354.112672	286.946549	161.78844
351.498037	312.199644	193.031662
358.868146	269.048602	45.278838
358.844797	269.177431	46.177385
358.024101	286.399112	54.405361
357.833355	292.337234	54.105546
357.815894	292.993828	77.126025
354.188669	306.503133	156.327618
353.920017	308.206564	160.81432
352.24671	315.252316	194.560876
357.813346	293.938783	51.244378
355.330062	297.146158	142.2145
347.203062	279.811734	257.981441
358.356402	278.065841	52.074699
357.990125	287.389505	54.355346
353.289892	311.871539	172.492462
352.458674	312.11218	192.172364
352.44239	311.217262	193.113338
352.145981	312.611147	198.235349
346.081414	318.14606	266.675222
358.792864	270.176681	46.120983
358.198913	282.649622	49.078514
359.664935	255.28329	54.109801
355.827893	291.611709	138.848093
354.458817	308.475491	145.279779
355.464825	291.37962	147.933445
359.060069	280.440265	54.758274
359.352153	277.782827	75.055775
352.87664	314.735647	200.648636
359.196032	277.794445	50.306851
358.923164	284.754015	49.940312
355.036484	308.942405	153.47631
354.678823	313.275907	155.989446
353.058082	314.479401	197.230802
349.171705	287.871754	249.344891
346.568033	321.572484	269.311656
359.408505	273.55095	48.705151
358.705506	290.220214	53.350984
354.622444	312.752772	158.762555
359.444173	272.222628	53.332692
354.751486	307.65135	163.59612
354.259853	310.294617	194.076855
353.189475	314.270471	194.646501
354.303871	317.521969	187.411171
359.719465	284.870174	50.91164
359.521822	289.477133	55.299961
360.574695	267.95217	123.61458
357.078012	295.059853	146.883238
355.594164	312.451938	156.958351
353.767528	313.811386	201.589464
359.49829	290.337321	54.333771
356.003836	310.086744	148.863912
354.074778	310.575729	197.54524
348.975335	277.826644	257.985999
348.548945	288.734766	262.407312
359.521778	290.082457	52.496
356.633846	300.393099	149.354871
356.457782	311.090755	160.697926
354.350256	310.143701	192.331036
355.063575	314.177875	193.800173
354.835306	316.410511	197.086743
360.002945	278.523088	48.486418
359.610894	287.237823	53.560209
356.99528	308.950101	148.022546
357.616737	279.4867	171.343129
355.092464	313.203196	193.873644
349.457073	300.476672	262.474758
357.955648	298.713126	140.367021
355.792761	315.855674	173.211018
349.210408	305.650556	264.278945
360.547416	285.477221	48.173389
357.996871	298.54056	139.46873
355.273403	313.786235	189.447144
349.899231	298.159136	258.764522
361.73236	267.78974	36.439211
360.490848	288.216196	46.185992
360.700811	282.245363	46.505072
360.490848	288.216196	46.185992
358.308344	293.066453	141.548535
357.574692	300.220757	148.464723
356.814828	310.40045	150.681008
356.886962	307.95893	153.545596
356.190266	280.903222	192.270993
360.679531	281.624866	49.292215
360.218496	293.909034	51.446412
360.218496	293.909034	51.446412
360.401806	289.030327	77.467243
355.273403	313.786235	189.447144
358.112686	295.975028	141.408688
355.448517	307.053283	190.778909
355.158857	309.380695	195.02702
355.239056	306.462994	195.232077
357.914167	298.884773	141.26555
355.167867	315.817983	190.180694
355.32629	310.945685	190.52345
355.149399	311.254842	194.016973
358.212389	304.090684	148.282277
357.420399	312.291739	156.067651
357.787851	306.46705	156.367089
356.388615	304.070944	172.92078
358.962511	298.184078	137.687821
357.605191	309.37894	156.220343
355.837855	309.705089	199.360463
363.297921	252.155845	47.202104
358.155025	303.601036	151.037411
357.605191	309.37894	156.220343
358.673689	287.814053	161.813151
356.188631	313.776003	189.455965
356.109709	306.517235	196.11425
355.856971	312.498174	197.411391
362.746812	277.271533	83.465484
358.22834	274.073344	192.621167
356.332742	305.249574	192.676538
355.45522	317.754945	202.098963
361.849249	293.765164	50.658617
359.262573	283.430525	172.093784
362.729943	272.316767	54.413629
363.243943	265.139812	65.645235
358.354423	309.960311	159.853732
363.525328	274.475929	68.091216
363.852342	270.503499	73.708538
363.573712	266.659973	103.773775
358.53973	309.220686	155.320724
350.540002	313.030551	267.17613
359.806072	304.866422	152.809263
359.611885	305.625264	157.333016
359.352397	308.834705	159.000515
357.920921	307.457124	196.061445
364.703673	256.017359	46.167275
360.6878	307.630159	146.301529
359.378787	310.85228	153.413781
359.400081	309.36379	156.231296
363.22792	281.094946	45.799831
361.506628	298.677105	140.416608
361.042036	304.048392	142.858168
359.965027	274.168986	194.429844
364.304013	269.425058	33.742385
363.270251	280.098665	45.850738
359.351314	286.15119	198.298828
365.285206	261.370809	41.432764
363.385656	277.982478	45.044184
360.6878	307.630159	146.301529
364.644229	290.906039	27.943586
363.889648	289.463033	40.819262
363.661742	270.455417	55.448632
359.941228	313.692185	158.74749
364.325682	279.884592	101.543533
359.795793	309.730723	171.749678
363.331501	294.461495	91.083283
360.781972	300.903375	158.48047
360.437943	305.907498	159.149582
358.436428	313.632249	199.918006
364.119018	286.125463	38.244327
358.584519	311.549153	198.3671
365.965012	262.933133	70.374766
364.348365	290.278023	74.060453
361.858628	304.375269	144.661878
360.869274	312.857172	159.708457
365.892474	262.998542	45.877465
359.403526	311.662747	200.085369
365.287043	276.24471	83.625379
359.778855	317.479469	187.44627
365.043955	280.472889	41.346632
364.966762	279.079776	45.99635
361.130785	311.659822	152.463196
353.262888	302.922667	267.549169
365.330927	289.26351	47.409493
362.056243	308.80686	159.00528
355.080341	289.282589	260.082419
366.707458	267.876192	37.533752
362.392271	305.295099	155.530147
361.606291	308.108513	174.565456
365.184436	290.123052	53.858047
362.504154	305.498991	150.965842
360.108859	317.59209	200.427635
367.056923	290.996146	28.997412
363.025306	308.505197	157.191556
361.595438	313.867962	191.229158
368.453191	256.49403	35.517468
366.019113	292.352971	48.259627
367.556206	263.258533	66.785399
368.017695	258.310364	72.38927
363.424638	306.638198	146.365121
362.992153	309.331822	156.235767
362.857807	311.282041	156.133121
361.331405	311.505696	198.378376
363.569944	304.68965	146.467671
355.167685	283.056644	266.288885
363.287198	302.402462	162.064495
366.877225	274.074582	46.321599
365.84472	293.362033	85.881824
364.01098	309.381829	150.762556
363.675234	308.070232	167.265605
364.497654	308.071647	128.21021
364.610464	300.768545	152.115981
363.853734	311.993007	148.800759
364.093139	306.397798	156.383575
365.527346	298.081429	94.682634
362.467916	310.234271	194.999781
362.633251	313.607692	188.605488
362.324665	310.443741	197.596835
362.304638	309.530626	198.535012
366.837372	289.969665	53.059948
364.240045	307.607165	146.314688
362.324665	310.443741	197.596835
364.529087	300.405314	155.772735
362.478158	317.537514	188.318686
365.180896	296.230279	143.285258
365.634482	297.472387	155.91661
364.751038	310.142421	155.273416
364.185202	309.379116	177.212529
362.249664	314.299322	196.423368
370.064716	256.254074	82.504736
364.757533	311.328453	150.654532
367.801813	286.852874	52.311969
365.394903	303.861969	147.419662
366.170035	302.475317	156.573721
364.761813	308.086088	160.859595
364.302043	317.515957	188.311686
363.226795	312.321285	196.581508
358.951067	293.861189	257.452219
367.551063	288.424687	143.686981
365.737217	309.679818	152.559345
365.927779	301.920816	165.732464
365.013169	315.157531	168.698669
364.205304	310.341813	196.734113
365.948954	309.057931	143.516501
364.342582	314.72931	190.280095
365.574058	312.301145	150.596506
364.166896	314.130138	194.698369
366.410435	312.607102	152.393423
363.859515	318.344717	197.79334
366.789936	307.045534	154.512349
365.009099	312.357951	197.441692
364.09449	312.373922	197.442675
369.086916	294.005358	89.66769
366.517532	311.982561	148.791059
367.106991	302.98972	153.81203
366.539338	311.319222	150.645238
365.072378	310.392721	197.597509
364.770548	318.333542	197.79131
367.404114	311.469952	151.538864
368.076663	282.185384	164.867962
364.89843	314.392086	198.137582
367.560231	310.022045	148.89375
367.380232	312.137002	149.684279
367.507109	305.795497	165.521362
360.746177	297.734933	257.092203
368.259274	299.227495	154.907576
369.209121	278.276228	165.059
366.110391	312.057693	193.978555
365.68141	318.321858	197.788626
367.45233	310.645252	152.493429
368.732573	287.018832	164.62914
360.299491	285.32754	261.103224
370.80464	266.448566	74.111446
367.761526	307.245724	149.951181
367.601167	308.688677	152.59875
367.350904	311.77659	153.34157
369.294778	284.483491	154.740549
365.937961	313.257358	196.498782
365.955937	311.357943	197.518637
366.16741	316.505787	188.374844
366.169991	315.603949	189.323315
366.167294	306.380307	197.023708
371.617651	265.159157	66.882062
368.441469	299.609866	145.829549
368.11977	300.498687	156.66182
366.145848	311.073943	194.052267
367.741264	307.906933	148.10219
367.646103	307.863169	153.551904
366.963743	316.74004	190.983979
368.416566	311.171392	144.294326
368.422009	309.660426	152.537741
370.564848	297.646927	130.644823
368.161832	309.700202	165.309215
367.083019	315.589723	189.316387
366.962316	317.646905	190.035767
368.392481	311.334605	145.189732
367.967196	312.644282	165.152061
367.164929	313.616951	189.461393
366.592107	318.309669	197.785325
373.329564	254.634631	68.985126
368.269841	312.133598	149.676446
368.451802	305.648337	164.603489
366.704243	316.267921	197.107014
366.737994	315.281261	197.191927
369.649731	307.08629	143.614676
369.618362	304.524442	157.346856
367.949008	317.466895	188.283129
369.394827	309.190517	149.830165
369.405566	300.021894	174.014609
367.684618	314.279378	197.271633
368.628999	282.109847	200.285406
374.970165	256.411285	73.53374
370.152801	310.989398	148.814204
370.533105	303.819535	159.193412
368.922173	307.974926	174.513152
373.136942	280.424372	50.068144
370.595598	304.750287	152.778549
371.878082	282.658877	162.099375
370.312262	309.028456	148.922998
370.470279	306.555511	151.775471
370.264059	308.819088	153.469426
370.108903	307.711463	165.383898
369.671918	311.660466	172.477284
371.050923	300.559163	145.768622
372.334519	293.696048	78.210679
370.98401	311.80982	147.85124
372.047288	299.8926	142.198818
371.235124	307.295171	156.264704
370.68215	312.613618	165.105974
369.824399	313.730234	191.188215
374.17776	266.218577	73.326233
369.615506	311.285674	197.504454
371.309679	306.314917	156.316572
371.678016	301.420785	156.574187
369.783238	314.718707	191.113425
371.214112	309.366396	145.278166
369.700292	316.697323	190.958977
369.741873	315.707745	191.03704
370.962153	311.967633	148.747507
371.288936	307.000444	154.461878
371.084869	306.715674	165.419135
371.445683	305.567961	151.816538
369.782195	315.627036	190.164011
370.695011	315.611172	190.153404
369.510494	314.246515	197.262393
369.545671	313.25891	197.344578
373.056094	297.77004	146.807399
372.422774	304.579695	151.856756
372.026013	306.570176	164.495354
370.683716	317.425481	188.250154
372.235213	307.212638	149.903949
371.508927	312.991055	167.80632
370.233416	318.255976	197.766669
371.957218	309.936135	154.288341
371.449392	314.574104	164.976788
376.494992	256.905272	65.368992
371.744674	312.733988	153.224586
371.612963	312.470976	164.181111
370.65189	316.601524	190.076502
370.775728	307.18609	196.05917
366.080637	277.226255	257.807648
373.3488	303.892074	153.691088
373.329147	302.799982	159.200814
373.370779	301.959622	160.156113
372.866928	307.53872	164.425453
366.051775	296.664194	257.248781
372.928257	309.839821	147.936767
372.76179	311.805659	147.825275
373.631962	311.960792	148.704568
364.766029	304.695644	267.150956
373.832479	308.939774	154.307384
372.285776	313.204621	197.326388
374.048171	307.045102	148.980959
373.345712	314.019291	161.311923
374.132019	299.564301	171.219482
374.147302	305.010981	154.520664
372.353009	317.722213	191.716007
365.740105	306.57881	266.109622
372.469413	317.480215	189.099246
375.109397	305.42436	145.45366
375.047688	305.900815	148.127147
374.466471	312.42107	151.373774
374.569217	309.349903	163.372239
374.420202	310.727544	166.037998
376.186841	272.930136	178.061843
373.182381	317.859137	193.440439
374.55862	311.64461	146.900815
374.817992	308.331447	150.699262
374.343996	312.887892	160.439859
374.657439	307.641403	165.290157
374.446101	310.598425	165.131482
373.433301	315.56141	190.116165
375.131205	304.918732	148.181886
373.256577	314.036517	195.505791
377.251327	284.335643	86.7624
374.466471	312.42107	151.373774
376.489671	297.580941	157.609644
374.770357	307.683959	158.90119
375.450892	297.439773	163.094228
373.351154	315.720917	191.865432
379.927511	256.699571	64.521033
375.71926	298.397859	144.948942
374.680419	310.340923	145.174456
375.047688	305.900815	148.127147
374.569217	309.349903	163.372239
375.447541	311.643679	146.883593
376.625253	296.317018	155.865891
375.622183	307.367082	163.454549
379.840559	258.298078	68.135702
375.652076	308.778061	153.369048
377.681603	296.421833	145.038769
374.305243	315.624731	190.978387
374.345619	311.890366	193.90934
378.999261	281.401643	128.863073
377.00819	303.923735	148.204735
377.221087	299.664793	158.383305
373.957647	317.133951	196.971792
378.399452	298.66536	135.971859
377.343956	299.997368	148.42649
376.610175	308.321086	150.660409
369.112506	306.85038	259.891703
376.403916	310.593956	152.339867
375.947745	314.660729	165.76538
374.918053	317.972233	195.149815
378.625683	285.647218	140.268421
377.318026	310.439725	151.42112
376.507749	308.073931	161.566533
377.487924	308.467471	151.532829
377.26173	310.036875	161.432661
377.239141	310.17077	162.337527
379.167409	282.033432	165.699735
376.893564	314.392398	163.926085
379.593405	284.351445	143.915877
375.914731	317.809954	193.405464
370.750004	291.556218	255.559322
378.784814	304.263448	144.561025
379.701883	292.752318	152.403699
378.783975	304.065941	149.057207
378.385371	308.462481	151.509174
378.617856	305.251867	156.21171
377.047076	314.655005	191.88924
382.1199	253.873998	76.44867
378.734051	304.739403	147.222239
378.345215	307.917074	160.609349
379.321502	292.987034	166.90091
380.498523	271.635452	71.645698
378.23043	310.285186	150.503082
378.953478	301.720913	152.792928
377.046577	312.820936	193.796736
381.992411	263.151342	68.112164
378.50252	307.378728	145.276506
378.683325	304.818097	153.520713
379.344996	298.042424	143.132518
378.219726	310.497364	145.992223
378.12753	311.423835	151.340129
377.816765	314.253035	162.991396
378.507183	307.17358	149.779651
379.018363	300.337191	156.487029
379.57035	290.655351	164.296716
377.134059	310.83774	193.947135
378.915233	311.99735	161.264347
379.38682	307.320636	150.647736
379.700342	303.905484	148.146864
379.940737	300.728661	152.826768
379.48193	305.940774	154.335865
378.978583	311.95368	148.579801
379.897755	298.588516	164.741672
380.887864	300.421294	151.020836
380.318695	306.774123	153.357623
379.992645	310.312571	156.778366
373.209933	294.591937	256.937095
381.154697	296.387852	156.664931
384.32678	266.848224	30.905488
380.112408	309.039195	155.037331
383.710965	262.966258	67.231855
380.458935	305.34283	150.735731
381.720986	301.456056	145.561786
381.225988	305.909767	160.62964
384.148147	267.849556	67.204351
380.785186	311.7132	153.044593
381.686555	301.142305	155.459357
381.416322	304.237582	156.185422
381.52694	303.583748	146.329629
381.7915	300.412437	150.997409
380.724991	312.288063	156.633493
379.65054	315.744476	193.518575
385.105723	256.776241	65.486532
381.677925	311.645623	146.722785
382.97018	296.914388	153.877142
383.545542	274.567114	59.822501
382.437138	303.422518	145.422942
381.931017	308.884242	154.079586
381.898312	309.169671	155.872343
382.367141	301.734644	166.301346
382.114469	306.730776	141.662237
382.134737	305.898653	160.597493
381.798875	310.425081	151.28451
382.20824	305.773599	153.356472
386.202759	257.073345	78.297174
385.175494	269.282658	80.908041
382.134799	306.342428	156.939773
382.321461	302.595742	165.340073
380.655205	312.811216	194.619326
381.991798	308.296115	150.509027
388.34026	249.059969	32.663514
382.875669	308.441728	151.368815
382.138057	306.615442	152.406469
382.575451	310.747085	166.675589
375.996851	280.951105	257.541824
385.809722	269.888689	73.632938
382.478039	312.846391	153.815705
384.133396	304.480994	151.570385
383.9007	293.741872	165.817686
388.247004	250.052642	32.616873
382.940498	307.684333	146.93014
385.25803	292.109623	143.395755
383.685699	308.981366	161.262151
385.619632	285.704421	158.110743
386.993973	265.172288	69.097172
384.708839	307.987921	148.640195
383.603108	309.97396	161.205627
383.344411	315.589724	192.577578
385.670118	297.42648	151.071904
385.878261	295.161202	149.4233
384.972323	305.050208	155.104016
384.693477	308.161369	155.82486
385.193864	302.364706	157.070382
383.294041	316.588858	192.497388
376.629671	285.655863	266.675403
385.377091	300.762219	147.292365
384.62628	308.827336	147.695716
387.564458	279.196659	34.107159
385.24496	311.654519	146.599532
386.222623	301.359248	150.799682
387.564458	279.196659	34.107159
389.117322	253.286922	42.183078
385.615944	307.835143	147.723319
387.438153	270.518732	71.841754
385.501923	309.129349	149.433064
384.595221	316.55799	181.716211
384.262764	313.720113	194.48315
385.539693	308.519876	145.898656
385.664488	307.441236	151.326854
385.295044	311.413214	151.089468
389.225706	269.031043	32.70233
387.955892	274.11438	70.03433
385.620319	307.708091	159.438754
389.641742	255.235509	68.261453
385.833435	305.605246	152.334675
385.464553	309.560204	158.423123
384.262764	313.720113	194.48315
385.37594	306.980965	176.840996
388.203609	284.08078	81.902308
386.957792	303.181323	149.760727
386.357492	309.714401	152.950924
387.473428	296.702799	159.155272
387.793543	303.899476	154.162976
388.786939	292.774968	153.071035
388.340985	297.834403	153.643707
392.093262	257.805504	30.543652
388.160318	299.912843	148.150227
388.721219	293.612412	152.122208
386.323323	316.800506	184.35042
387.924596	311.665405	146.494378
387.694358	304.85823	147.839675
391.329422	264.364492	64.559668
388.314065	307.683593	146.740615
389.117721	299.366039	150.827821
386.843217	317.581812	193.233009
389.083879	299.603945	146.362814
388.65627	305.216167	189.592412
389.734911	301.985126	161.434676
389.618457	303.251106	144.328012
390.782648	289.792517	159.497039
391.575013	264.251349	42.758646
390.933788	286.076199	42.332674
390.689116	292.019091	148.604974
388.906348	310.974288	148.279914
389.445951	305.588701	152.186562
393.794948	251.104296	40.493552
389.787743	301.907184	154.211349
389.501473	304.704335	146.892803
390.15127	297.928671	148.21683
388.805099	312.666457	158.976966
393.557972	259.901543	47.348472
390.423106	304.087686	143.360849
390.245831	306.721488	152.972124
390.604803	302.890935	154.109918
392.130807	285.180163	155.278349
394.241514	253.655867	44.821192
390.690791	294.283256	73.077875
391.00335	298.144449	143.746936
391.202656	296.393477	150.955679
389.628431	313.531999	157.9711
391.84416	293.280991	52.669166
393.546613	271.25185	76.51196
391.001562	307.839258	147.509324
393.383476	273.359509	44.402701
390.605483	311.83098	147.258206
393.556281	272.153013	42.600143
392.201061	295.400805	150.989346
383.250431	280.62574	264.67625
393.031443	296.235135	150.010633
392.240433	283.963101	195.283052
393.817908	286.558791	37.757025
393.818071	281.082705	42.467739
394.781035	267.177383	75.584065
391.477177	312.709371	152.514689
391.52131	312.660249	158.836231
392.955993	289.160283	51.754296
393.177935	292.17187	43.271706
394.346785	291.733359	152.957338
396.913451	247.842521	37.98264
393.701533	283.966991	41.502389
382.984163	317.970983	274.433757
394.381562	291.167418	155.677666
396.492983	257.600445	44.708028
396.414366	257.831767	46.483386
396.705273	254.891205	46.546706
392.792065	308.138823	149.186663
393.949577	296.083469	149.100502
393.945842	305.992837	154.639605
398.589355	254.561561	43.885068
397.994903	250.370372	49.293354
393.52798	315.137163	189.674669
397.209401	268.636538	72.841603
395.482821	299.304869	156.835942
396.6752	285.820822	153.313281
388.721087	277.836036	264.840342
388.721087	277.836036	264.840342
397.633292	295.787614	153.422016
400.641789	251.021995	46.598184
396.405174	308.006256	148.140721
400.389446	264.929537	79.24037
398.111878	299.887609	147.77604
400.102322	288.596311	152.104484
399.494474	291.898237	40.617801
399.26734	290.402098	45.315197
400.177287	286.032252	82.231985
399.992689	292.521372	46.277524
402.698777	256.93188	46.437936
400.502195	291.814377	81.459018
404.002578	251.891839	59.001615
392.514066	307.397011	255.597099
401.154824	285.23141	83.11875
402.140761	288.230183	43.474081
404.914571	252.324016	48.272885
395.589138	277.05364	253.331185
404.275802	267.926185	68.145646
406.684665	253.740208	43.830811
393.522845	322.464186	265.337205
404.349726	278.16537	76.612965
404.044664	295.097642	190.617828
404.06041	279.25745	65.642209
397.473098	278.015176	252.634166
401.343456	318.116916	207.401502
407.060762	248.71754	50.084132
394.829698	306.682623	267.176611
404.483553	285.577295	74.094365
403.746781	273.741205	206.322693
404.338819	298.600244	85.149593
396.472387	286.93407	274.992028
407.988407	280.508208	164.989837
407.927089	278.413323	77.467873
407.172115	284.862811	69.467008
406.283005	290.030046	201.87684
400.14193	277.796685	260.719655
409.528504	302.496971	198.354395
404.285569	276.969712	249.90507
412.489111	271.637687	87.297723
411.81482	282.676463	196.608663
409.32587	310.843936	205.256524
409.203667	312.821247	205.127922
410.132428	307.111338	209.169485
407.303096	279.725668	247.370183
416.986121	263.352165	89.142986
414.411733	285.63246	197.312684
415.798941	291.408049	31.594244
415.254176	278.028352	79.052609
409.139566	275.952037	248.581642
414.504351	294.213066	75.994497
415.050379	279.992954	79.110534
409.160539	282.600542	246.472278
408.737968	283.803072	249.041888
414.029802	309.779611	205.314728
410.003099	284.559696	246.426185
416.050233	291.408448	196.032762
413.512743	317.704078	204.811876
416.693678	307.103296	180.923457
410.820369	277.046945	249.558606
414.522861	317.640615	203.88199
418.049193	287.872438	88.155055
411.972889	284.518922	245.677179
411.239883	277.399657	253.165828
419.166421	284.57564	197.264918
422.051489	253.330185	50.842546
419.362786	292.683805	187.466683
413.208976	277.360011	252.420404
414.479136	285.103495	241.300497
413.335743	277.274196	251.532072
421.852969	275.904616	75.966203
409.907187	316.313047	264.058271
424.587906	255.671631	52.573761
423.955272	265.554776	83.337205
416.672447	279.817779	247.108852
416.120545	277.329817	251.716966
422.873195	275.143702	76.823868
416.312365	281.951852	248.800214
416.251849	277.239804	250.82283
423.696535	276.020555	75.875797
416.21156	278.220047	250.778987
416.21156	278.220047	250.778987
424.871397	279.711008	199.272589
426.257005	278.668245	78.505703
418.358362	280.917803	248.060935
426.207168	290.979882	40.632432
417.059254	309.362984	251.427663
428.158054	267.784471	153.236848
427.68952	285.74762	37.946953
427.327726	286.207812	75.831542
419.062919	305.632212	251.893904
428.841073	273.96432	46.862957
426.923422	311.888514	142.316319
429.418184	267.804952	93.318424
421.665262	285.383771	243.461236
422.764658	284.03183	249.041741
420.373134	286.713825	265.743102
432.075185	279.966474	190.846056
432.940372	282.854481	189.720006
422.69416	291.832699	267.234129
433.766612	283.90915	190.56898
425.53306	303.109589	253.421621
434.327959	282.882338	91.648734
427.085198	301.824323	250.038392
438.429827	257.754932	84.574066
436.875999	284.840854	79.605878
437.212331	294.380252	184.137857
428.419617	304.083569	252.636496
436.97594	283.86446	85.06461
439.501658	255.682876	83.838433
430.800051	302.308554	244.802136
438.082815	313.036949	148.041381
438.192476	308.903594	165.201727
439.087417	310.655321	145.65005
442.436572	265.669036	93.181791
440.075475	304.585063	153.954243
441.244817	297.240426	145.064241
440.244116	302.667957	187.271125
442.898089	271.036914	94.618251
432.37163	302.980821	259.059341
443.010509	310.413375	150.839216
434.227271	300.336191	261.044827
434.063978	312.368251	255.980655
444.474065	292.494719	147.217639
435.009736	299.580904	262.871006
444.425873	311.203713	166.835213
446.039003	287.875554	74.474506
436.701217	307.197361	260.721575
436.813381	310.678956	265.766077
437.674077	307.235295	260.747153
446.362408	313.755271	152.35188
436.758172	311.642068	265.714906
442.291679	320.075216	233.649722
438.473664	311.997235	259.663428
437.776218	312.554392	264.841626
437.506193	315.536266	265.560066
447.051354	293.196401	208.923931
437.399131	317.459277	265.473245
447.638019	289.315331	81.536307
448.333151	309.036991	147.526498
439.087498	308.644271	264.205199
438.471367	317.412221	264.652847
437.404437	315.632433	266.415418
438.318165	316.642869	266.40808
439.087498	308.644271	264.205199
438.156091	321.355693	265.355932
438.31371	318.470869	265.469796
438.474756	315.583351	265.594895
438.639037	312.692028	265.73065
443.127339	320.740123	240.005583
439.60938	314.570834	264.81065
450.181729	293.432984	75.046391
449.424684	315.086589	163.875539
440.86925	311.623988	264.106799
450.488712	287.187355	96.134805
440.641802	313.650538	264.880207
450.917978	283.899225	83.458298
449.519039	295.996625	94.912434
446.340575	293.95044	238.010669
441.56485	314.661652	264.861449
453.058153	269.45671	87.315154
451.60501	302.983173	148.042623
447.110739	300.815775	236.885367
447.607934	309.373483	242.127899
447.436323	309.471181	243.026664
453.87718	292.475112	138.530806
448.577776	316.438981	233.793182
453.012742	300.649015	80.174664
456.333236	262.736003	99.864378
455.501849	292.735815	156.007689
453.857536	303.358506	159.487478
451.775668	316.814917	225.389656
454.321078	312.517425	149.979925
455.265902	286.443523	84.138888
456.050155	287.677779	84.962432
455.316529	312.426376	179.074747
451.672939	319.4156	231.892342
457.472493	296.969981	148.620706
457.564156	297.293724	151.222125
452.984156	320.847367	235.543678
454.865996	309.820208	234.794167
452.767703	282.141137	256.562575
454.19589	289.930954	245.321177
454.943297	319.416134	230.020518
454.620851	285.438943	250.013111
453.998042	282.940302	254.673343
456.689954	314.823826	233.777975
461.502499	293.574915	154.254899
461.059808	307.207841	177.699286
457.805479	312.855235	233.790057
457.904058	319.570428	229.990039
457.08201	302.957245	235.79021
458.665495	314.911439	233.749542
460.895917	312.566844	158.994754
456.219561	286.405295	258.074055
459.221212	316.499645	229.086527
458.942795	320.552805	229.028625
458.820861	316.754115	231.876495
458.753564	317.764089	231.863369
463.782916	270.566253	101.017879
460.125459	307.10674	226.411437
458.543941	320.794019	231.821323
464.388196	262.773521	97.226819
465.00654	266.450867	100.503009
462.033039	306.594425	182.495749
462.932931	305.650748	152.453198
462.284915	311.654497	151.15394
460.13072	313.67533	230.969947
461.544314	312.43372	228.17048
461.471967	309.5639	230.070416
458.046939	286.784282	252.559725
465.885837	266.656371	101.396788
466.351359	260.636862	101.94651
461.718787	309.381492	228.209885
460.504027	320.895524	231.793536
460.838499	319.717169	229.947204
461.297063	312.610632	230.034015
460.712597	317.856636	231.832071
458.454163	293.080252	254.138045
464.316932	300.676111	153.743454
460.979003	315.743209	230.92799
462.143509	314.680978	229.9909
464.489165	307.788936	153.239076
464.687442	306.927474	186.360946
465.969511	292.764026	156.191958
464.350726	308.704381	152.29415
463.47333	312.504927	228.129961
463.104103	316.670177	229.015932
467.981681	275.70143	149.703209
468.406374	268.528521	99.449106
466.930808	285.172631	210.300868
466.293959	305.447972	150.823608
468.381056	293.483164	153.530306
470.113868	269.516921	104.78596
468.270627	302.300629	150.227043
467.64211	307.061103	147.272262
467.680546	307.166455	148.139564
469.16587	304.135046	178.17326
467.92729	305.240801	149.143258
471.077562	268.56033	104.879362
469.456403	299.359806	151.351529
469.683217	297.432762	152.380526
470.27434	272.082241	202.713873
467.982489	313.131931	164.657093
472.057897	267.315744	103.201701
469.845813	294.540436	89.023098
471.680949	285.478695	155.137983
470.216046	300.805237	175.643502
470.243557	294.601724	211.724192
471.118185	290.602162	89.318547
471.75322	282.986383	150.904105
470.544593	304.120078	148.435937
474.303972	261.09767	101.975095
471.806632	300.068228	148.742102
473.342719	286.666183	156.859411
471.940856	299.155981	149.687102
474.373917	283.265716	153.590174
473.466194	293.374301	152.793279
473.42978	291.884384	148.481673
473.24597	295.301873	151.762227
472.959304	297.03282	148.985265
475.965435	262.486109	103.657777
474.510156	292.728946	156.424961
475.854086	276.534056	157.717552
474.232411	293.086384	150.183105
476.631317	277.54237	157.648084
476.123868	292.443519	153.827914
476.451181	288.218598	152.369086
476.775095	294.460181	153.707814
475.233742	307.95056	165.294637
477.788995	283.343574	154.542659
478.952723	284.188728	200.363928
476.925006	309.227037	168.018013
478.175573	291.333535	91.204403
479.057487	294.991236	149.328662
478.909831	297.195845	150.951252
477.708275	314.160852	176.051211
477.44603	313.906807	154.395177
479.612283	298.131099	170.630575
481.764749	259.206656	87.924189
479.338147	293.249249	152.103766
480.231953	301.40844	152.524128
480.93745	290.481074	91.340439
482.119422	290.116992	151.514529
482.757878	277.343628	167.64529
480.018747	311.036141	166.255985
481.574969	303.700156	197.371466
482.315913	305.774639	197.270232
482.219146	297.076609	150.207711
483.246511	286.194696	200.290289
482.891484	288.605993	214.705218
482.650315	312.686255	193.16605
483.356143	301.07447	191.910462
483.773612	294.583786	200.708867
484.76172	262.220226	105.525297
484.76172	262.220226	105.525297
483.189958	300.206172	182.599304
482.066839	316.912268	224.88032
482.930272	299.263745	172.496264
483.068591	291.511002	104.041802
483.183556	305.858365	198.212421
483.57317	299.100587	204.155758
484.587162	283.631593	158.245865
486.278885	267.848814	95.262168
485.787479	287.356757	202.077528
487.768489	274.138839	89.392527
486.351469	309.997346	198.028773
487.114827	272.732361	202.917042
488.056361	272.780418	162.638505
487.841615	267.182969	110.508983
484.967471	312.659777	154.020291
487.260228	293.670214	202.623837
488.072509	294.612441	201.647196
489.479745	268.390045	111.322841
487.615382	293.009631	150.651209
488.661221	278.966	202.589133
488.399288	292.83317	148.922415
489.909319	280.858812	162.129923
490.284332	280.019065	106.864583
491.794378	267.816837	164.804592
490.000926	289.113469	199.217822
488.770587	309.384911	192.451845
488.66398	299.113658	151.273507
490.094743	291.828459	171.357913
490.698048	293.483037	145.44593
491.258834	291.466812	156.189713
491.827204	290.780873	171.468693
492.354626	271.501102	202.108977
493.910171	276.466764	199.093031
491.484025	301.567425	146.033576
494.260751	287.744245	196.537223
494.546784	281.662927	198.772686
493.331829	292.866521	172.292727
494.387571	292.205592	153.612605
494.576904	296.80345	149.008016
494.759862	301.313936	164.744316
495.809062	292.497956	202.690562
493.883432	301.378614	115.645665
496.010663	290.566421	146.662153
498.249061	278.097776	153.522633
496.096023	297.712457	148.1658
497.59978	285.329481	155.818918
498.622725	274.084037	153.738679
497.217477	283.60859	228.395621
496.959939	302.832072	201.175192
498.552602	285.679202	197.592674
497.767734	298.839297	193.078317
497.833182	301.677165	200.31118
499.33173	284.255624	155.026511
498.181914	310.029272	199.893129
500.588176	269.091249	121.11904
501.654213	266.326384	123.05398
501.162034	272.323089	122.703192
497.607452	305.017171	121.166399
501.386155	269.520719	124.63935
497.889017	308.532599	126.620068
499.695036	310.738631	197.082929
500.678463	309.994554	199.896671
504.272635	265.629329	124.846811
502.623232	286.503348	195.699038
503.089946	296.396966	200.619103
504.323098	275.339503	156.41137
504.795202	276.258854	198.174654
503.860406	280.475168	157.965704
505.799707	267.885486	126.478685
504.323477	274.914553	127.011483
504.795202	276.258854	198.174654
505.634466	271.094574	168.293995
506.768895	266.19181	129.210091
505.609038	287.353402	155.968232
505.119581	289.26651	202.894145
505.412508	297.403289	156.571174
506.201774	300.64642	201.321998
508.085296	271.175744	169.2031
507.481613	288.72365	197.420974
509.965139	267.578936	159.460067
509.515398	299.496959	200.504053
510.614597	275.705884	203.695568
509.355797	291.334071	130.950352
511.202595	273.142827	137.735766
509.783043	307.518888	197.34136
511.567972	285.057959	191.254232
511.859457	285.106714	203.178108
513.250983	269.241393	137.851611
513.064744	275.818727	204.603497
514.047652	271.658696	204.811724
514.443018	280.797423	201.588736
515.55981	270.785287	144.023464
513.400306	301.293665	197.734492
516.537369	289.242063	202.095613
517.90449	275.749534	202.771005
517.993276	273.671485	202.867959
517.020044	288.138609	190.282183
519.298623	284.56806	141.055841
520.364827	273.356769	198.290127
520.545449	280.753225	141.974557
520.338679	281.908192	144.678303
517.568599	305.785089	150.216321
520.727686	276.112505	179.034804
520.589851	278.195932	179.86971
521.327173	280.09648	146.49311
521.04076	276.636182	199.985417
519.177104	306.153178	143.22874
521.415686	285.883428	198.675049
521.381002	283.331897	193.301875
522.435266	281.942154	200.694864
521.285132	311.011079	153.214187
525.279997	270.046829	192.938026
525.158779	293.325295	199.382424
528.060839	277.723818	135.523521
526.605037	280.456797	205.426579
527.747773	288.167625	198.752687
528.076141	297.181929	195.722357
530.179199	292.948654	204.153796
529.421597	297.143839	149.66416
529.378215	305.479818	156.199125
532.257185	279.780962	206.493581
535.051142	279.718202	162.858346
536.245343	296.686698	197.931766
538.867073	274.071677	207.723826
539.96447	282.560953	198.413623
540.274051	322.660778	239.243309
545.708674	293.231818	189.440786
548.809723	279.629603	193.273323
549.52495	299.96044	154.023172
553.606866	280.311079	185.111332
553.593696	306.286567	149.100091
561.122479	273.845623	170.24087
70.739302	224.861451	160.463533
73.739241	239.497515	168.097974
72.691901	238.734263	184.286353
74.971494	223.183997	173.830988
77.109503	229.911083	158.844867
76.637192	255.974369	163.259652
80.516636	231.284516	146.958066
81.213826	220.162733	142.502298
80.017141	224.132093	163.630818
77.932631	235.990739	174.875111
80.349192	221.604726	173.120658
79.051119	228.123089	179.765519
82.179666	223.920532	160.933239
79.021867	229.078645	179.75726
81.230625	233.840487	171.215365
82.102564	235.969394	165.576013
76.091991	265.792732	193.627472
81.947394	233.387425	181.742973
88.073611	237.619992	148.076232
87.564065	227.085473	153.786505
90.176693	236.404925	145.409302
88.127335	224.538499	162.220033
82.649157	264.264041	186.312561
86.82513	225.277329	175.367798
88.336302	239.929275	163.925684
86.645352	237.483234	174.238785
90.366425	227.827911	164.214224
91.628386	227.6639	155.88987
88.780489	234.553839	172.501068
88.140426	237.413399	179.979138
90.665591	243.029773	164.907243
91.736535	260.038294	159.786993
91.418201	223.810986	169.02992
94.708603	222.702421	146.891768
90.709328	232.681254	171.693151
98.348036	253.535542	112.279558
92.440301	242.878967	169.675146
89.828767	228.77535	185.977773
94.583241	259.890231	151.481078
89.994079	229.623372	185.007784
90.350046	232.751968	186.82923
94.135935	235.915125	166.193035
92.255202	241.481665	180.007338
93.673624	230.451771	174.738326
96.858903	231.548515	160.850515
94.444518	244.342338	172.525916
94.507418	241.256776	177.296607
97.38553	232.794578	162.730562
94.817301	240.723106	180.128461
94.595343	224.600947	188.21707
95.671077	234.316401	181.329809
99.346532	223.506336	163.065017
96.587966	238.029313	180.301525
96.511567	234.378268	181.366864
95.855991	224.933158	190.153954
98.61122	245.2733	177.313522
98.983868	226.612814	178.942162
103.026266	224.446163	161.4889
100.833713	250.711608	168.873925
104.676905	233.669917	147.331416
101.344451	254.80549	165.027421
99.053267	227.104991	182.69529
104.135866	220.601186	160.729595
98.325141	232.162989	185.276264
101.351707	233.716969	174.189491
101.698386	244.152804	174.733145
101.871131	226.58278	177.26118
103.637612	225.133601	172.754374
106.313845	245.464793	150.760682
106.654427	221.721952	160.937418
102.217207	226.512259	183.837912
104.677673	229.669448	170.830598
104.593569	226.965517	171.84165
102.755885	228.090107	181.008289
102.114575	230.304612	183.674575
107.75258	232.415001	150.43101
104.847397	229.549917	169.915103
106.865005	235.94486	161.465683
105.107277	226.314077	173.769561
103.861102	225.200052	180.254178
105.235593	237.859805	175.198281
103.528334	232.421795	184.574083
101.439479	254.855586	190.468131
111.383987	239.11564	139.171142
106.629073	231.134474	173.714287
107.448727	251.333005	164.581645
110.020899	233.705142	158.059803
106.81484	240.761458	175.159236
106.16868	231.992385	180.124889
100.675441	267.633324	200.233513
106.228597	249.344797	176.527876
107.117511	224.942043	176.76765
109.341335	248.538168	163.899532
108.606609	230.713196	176.646883
108.832233	246.056849	172.268214
106.615938	224.81167	183.245064
92.514483	241.480979	270.324265
112.922283	220.019154	154.078348
107.82859	238.547367	178.984091
107.022161	233.489055	183.771677
106.944143	228.877457	184.922336
114.709077	247.225533	137.180363
113.416439	240.89795	149.591658
110.917808	251.384534	163.860055
108.668827	224.717048	181.53037
110.206988	233.919834	172.005311
108.206992	241.629899	180.656734
110.135637	241.232453	170.746732
107.886711	224.187198	185.202088
111.965543	225.310479	164.11585
110.822364	240.480742	171.744627
111.205163	233.849569	171.15641
110.390252	238.062197	174.585396
106.874988	243.86678	190.343552
112.801189	254.001594	156.434269
111.238265	260.853454	165.247298
110.451644	241.655045	173.495936
110.443022	234.035469	179.362297
108.568359	262.725189	183.853507
116.66392	257.654461	133.132205
113.638449	229.0244	163.193811
111.892475	248.459057	168.660736
106.005992	252.321451	196.785354
114.387322	251.476318	157.586393
111.172931	228.056947	176.941347
106.600484	251.97427	194.178715
112.333094	234.317556	173.975184
113.694527	228.78261	167.85502
112.854042	233.951098	171.269437
110.855173	249.895405	178.498143
113.133542	240.073239	168.23851
109.176703	244.144882	191.249533
112.751322	241.92832	174.52829
114.914952	245.442616	166.24651
114.256375	225.982791	174.490038
110.938493	225.942412	189.846972
109.572538	243.919914	189.506263
112.435278	238.164403	181.058894
112.313581	228.055109	183.434771
115.887474	242.793085	160.899877
114.340969	228.684568	173.456739
117.530829	238.464824	150.94894
113.154764	225.724847	179.945181
117.049443	230.998821	156.861177
114.27723	230.559246	173.367414
113.741152	236.403867	174.879015
116.253645	253.070159	161.326949
111.575233	246.599198	187.601437
117.580928	255.294968	157.591028
116.674117	232.834635	168.830157
114.926892	263.117582	172.529807
115.2597	234.758743	175.972464
117.226085	247.611432	161.671601
123.297247	256.764171	122.487793
118.893899	225.423744	162.828844
121.288101	226.522935	146.112629
117.784563	233.551864	167.031022
123.506625	226.435442	134.985215
108.059069	259.834945	213.756528
118.363252	240.084478	166.746222
111.777285	242.498686	198.427734
120.044549	221.576188	162.133345
119.553454	225.600497	163.804474
120.045588	225.90847	165.687515
121.018426	233.007018	162.660072
120.086525	237.393375	166.998638
121.179107	238.091617	165.192551
121.04728	241.787208	164.988557
113.6444	258.040901	199.753442
122.874216	231.085917	161.951331
121.256672	259.405928	164.91823
131.576051	236.011707	98.868648
127.526013	223.768845	130.658913
114.864518	257.849263	198.041816
124.22832	228.835229	159.3563
114.770298	253.832075	202.689797
115.148302	253.588338	200.976935
123.974748	234.411306	159.077304
114.766872	249.129488	203.09101
124.602426	242.609472	152.163991
116.360604	230.702373	201.220093
125.82791	230.576406	164.023862
117.296164	254.003484	202.686301
127.028832	246.250611	156.776383
129.228994	249.187595	146.439718
121.460266	235.181001	196.624148
128.419535	240.309358	159.967267
135.241607	218.831677	124.743229
123.097338	248.479043	195.538983
130.527394	250.524602	153.922896
129.032501	248.473473	164.132655
133.98847	237.513889	133.190949
127.637396	259.700758	170.596447
139.411482	250.372108	108.236503
124.121059	241.644849	206.518686
132.119893	246.913481	165.285133
125.103553	239.664875	205.848467
126.762519	231.907487	198.765783
136.045833	225.967634	157.376022
126.373665	257.561457	203.418991
138.029535	220.337445	152.092144
143.543286	235.803643	115.346021
134.85416	259.142974	170.905273
148.487025	238.773938	98.808846
131.413625	230.802046	196.367727
146.960634	219.193928	109.011295
147.938427	240.292563	101.294162
146.091345	245.97415	114.050162
131.922876	262.35939	196.280322
129.531254	240.337507	208.491087
131.743099	260.627429	197.282932
146.92962	246.924952	114.030368
139.72019	239.62437	159.598321
138.439607	264.38793	167.980602
138.458537	260.707106	168.236195
140.606651	250.307943	156.215708
129.469035	245.733784	217.612716
134.385327	235.537665	201.217637
133.916977	234.506367	207.295652
142.059346	261.336123	165.598474
135.934083	234.330823	205.610328
144.971714	251.819194	153.468292
143.079596	267.533814	168.756416
144.407053	256.034705	161.481892
144.926256	226.583005	165.966139
136.368656	240.567364	207.7335
144.536257	245.826915	167.578368
146.956805	237.788306	164.489091
148.351772	232.782602	157.455941
140.027963	239.761416	201.807665
133.927696	244.893751	247.992945
148.13313	232.00354	163.922476
146.896965	254.134879	166.189418
141.309376	265.385412	199.700084
147.466731	241.709693	165.176819
133.993128	247.898981	247.786526
149.195886	226.333101	164.235043
142.363239	269.977834	198.459155
147.777005	259.581225	164.938416
142.98674	266.424382	199.655044
149.294827	253.293163	166.285231
150.939308	226.195427	163.357213
161.73445	243.253352	106.00174
138.261716	244.125082	240.136676
151.353664	244.625189	165.063242
152.63656	227.005069	162.429602
153.552311	237.740513	158.212372
145.73198	229.239541	202.458714
146.17644	266.774026	200.574445
146.472986	271.361565	204.541545
153.116125	239.014132	165.418777
152.999564	242.785235	165.196035
154.106587	257.167737	160.678144
153.493583	249.536196	165.686196
153.949892	242.649287	164.313387
153.388059	257.015397	165.195272
154.98636	258.009389	165.146355
155.268394	258.631487	163.309169
155.65528	257.260427	166.099995
156.591833	259.005244	165.095075
151.388631	272.577391	199.369827
151.371227	271.634136	199.445629
145.540598	249.774386	240.514057
146.107228	249.942471	235.391607
156.807129	252.295295	164.648216
157.960243	249.185853	163.058352
151.456787	263.943996	204.388158
174.113784	223.053231	93.509864
147.516038	246.467354	238.173514
158.341363	265.447319	163.75687
147.131935	263.643965	244.973571
159.012578	266.571977	164.574332
160.705159	242.474027	162.596441
154.307473	246.069358	201.251873
161.179407	226.407222	164.366963
154.058856	262.020573	203.682894
159.680111	262.095035	165.800338
175.217975	228.077339	102.878469
161.459123	261.067852	164.995655
161.312828	265.904271	165.534365
156.225641	270.188949	200.528298
150.400565	270.604902	250.086086
156.803044	240.297573	201.528807
177.185147	232.61327	101.861676
156.785287	234.240513	206.996132
163.3719	243.176006	166.174779
153.344873	256.661628	236.707579
157.631095	235.399795	201.781243
163.402555	240.296071	171.654222
164.232662	258.025837	163.443267
181.13726	247.939467	93.294074
158.897678	244.852791	204.643292
156.426285	274.857025	228.407629
180.804502	235.597283	98.357176
158.951528	263.915759	236.508933
185.892864	210.806821	94.093985
189.564711	233.887132	83.183027
170.651976	267.007096	159.252891
158.843953	258.528648	262.54225
163.451286	277.378401	250.415161
168.069287	243.496347	201.069209
165.259733	276.610287	251.465687
166.903278	255.664211	218.798836
167.544566	236.527609	218.726962
168.731586	247.452485	217.330067
169.817473	247.150512	215.569884
167.222118	278.519123	250.701334
171.326394	266.406931	202.495001
176.933281	236.861978	167.593216
180.653866	243.227144	164.631451
175.44573	253.01915	197.98158
200.190316	245.191167	90.111355
198.973674	250.996907	94.050267
171.749502	253.465808	267.252519
183.872407	238.918117	162.264123
183.640985	226.051291	167.383054
173.617005	272.24139	254.154672
183.968872	232.273583	163.52659
201.817888	212.955269	91.376397
184.551905	228.850114	166.383424
185.457648	222.344931	163.144216
182.930278	238.058893	173.756989
174.354311	273.803502	258.776779
184.164653	234.874444	166.953723
184.440135	228.024154	167.306363
184.329255	227.195251	168.226237
183.864109	231.425921	169.768118
183.826154	232.406132	169.717953
185.638037	227.725399	165.574103
185.371837	227.052813	167.373195
184.329756	224.288388	174.465173
185.205375	230.976715	167.177941
184.328549	239.418686	170.233289
187.333546	263.575045	148.83783
203.532449	244.444702	90.960668
185.22038	239.43625	170.252955
182.661699	233.5301	194.018318
187.268069	227.903057	166.490513
186.839887	231.157404	168.089818
186.92104	242.39977	170.126973
187.622303	234.112793	167.957654
188.080447	229.87879	166.413227
187.736876	231.170723	168.110628
187.188695	238.339048	169.483652
186.900761	238.648602	171.212578
187.044128	238.494343	170.349433
186.57325	236.162397	173.943359
188.636341	231.184323	168.132033
187.626544	230.341938	169.030229
183.374067	265.992667	198.305755
189.020969	228.909676	166.483596
188.82725	230.047275	167.309236
188.671078	233.971431	167.106061
187.615614	236.028408	173.111688
187.691124	237.839584	172.149196
207.786941	236.21509	88.677571
189.811918	228.093347	167.428804
188.736094	237.703904	171.311831
189.251717	237.193924	173.963272
182.453082	277.754069	235.038886
208.687828	249.445414	91.399483
190.234758	239.025127	173.0276
190.497209	254.79196	167.669132
191.197027	235.156352	167.994322
190.705239	241.345636	169.409212
190.759614	235.621394	170.601491
190.45439	225.489119	175.425255
190.657694	238.565324	170.442325
190.085775	243.92195	172.751569
192.217803	232.225327	168.172627
191.023589	242.964529	172.834749
191.709821	238.428082	169.599649
185.123291	269.026413	235.374934
218.541733	217.165818	55.882693
192.606736	242.32889	174.659761
192.208969	230.347321	180.373994
191.959753	238.284979	179.987617
192.208969	230.347321	180.373994
192.859637	230.635599	182.067434
194.915899	233.256689	168.1946
193.854724	240.081514	173.082842
212.736322	249.055177	89.571472
195.052664	228.389288	174.567912
193.634727	244.238331	179.745934
195.856207	235.191595	173.400129
195.660277	241.103036	173.086739
217.661976	224.815975	84.205578
194.593512	237.710732	194.28061
199.628932	240.68499	159.823746
197.814792	228.431239	174.654577
196.159159	244.586922	181.529224
193.955718	253.148586	196.903697
223.56558	211.264717	49.877641
196.383922	250.045644	178.680671
224.477283	212.230849	49.840395
197.204903	242.429417	174.813238
197.204903	242.429417	174.813238
218.066664	245.425883	86.06205
191.697424	268.995117	258.940567
196.790106	232.452179	192.968453
198.904521	251.388251	180.429068
201.101082	240.388104	174.186103
221.628366	225.258645	85.849922
200.487181	234.445023	186.410003
203.521724	236.083079	177.967605
202.9472	253.0015	177.917044
202.303359	241.325175	185.353526
197.261039	273.089966	247.562605
229.891555	237.88185	51.546831
197.804404	274.94406	236.37083
202.682379	260.956488	178.262339
202.331629	235.478304	186.454427
203.662256	242.77034	181.952382
203.100687	237.63022	187.240798
202.635218	227.347159	192.664401
204.292812	246.042382	183.528846
204.014963	238.646471	187.243268
204.155218	237.511971	186.456188
204.977786	242.513417	186.277328
227.404526	217.091112	83.173813
204.977786	242.513417	186.277328
204.952373	233.789764	188.335342
198.771978	261.192414	268.482027
205.392775	248.741502	181.72782
206.693623	238.714339	181.415737
205.984508	234.67671	187.508055
206.351922	247.77656	181.820622
205.756842	250.455003	185.938169
206.195528	249.891697	182.56332
205.79397	248.480541	186.038478
207.534861	237.876635	182.345694
206.734766	254.274115	184.929559
206.862506	247.373245	185.292688
206.823483	249.349932	185.193074
206.703201	244.676428	187.113812
206.574287	235.092818	190.047364
207.40422	247.654559	181.009072
209.81224	246.676038	164.27048
207.084519	247.09321	183.606114
206.805299	234.826787	188.385527
207.341677	238.253691	190.802866
207.588029	253.453514	185.874531
208.411156	244.709414	181.200413
207.956701	230.685163	187.765458
207.699119	236.850027	188.34706
207.513802	235.109205	190.095634
209.287066	238.051909	183.266977
209.366114	235.053771	183.400559
208.048059	239.540073	192.476649
208.476053	244.852103	188.044509
209.413364	234.135845	190.231352
209.476582	231.10977	190.35394
236.708392	245.009302	53.354321
210.240566	241.914763	182.271075
206.838459	255.696298	211.619602
209.642876	233.871259	188.562576
210.799944	238.363225	178.996482
210.341973	237.931536	182.457013
209.398865	245.864832	188.044797
210.057028	240.203204	184.059881
209.900601	247.155145	183.727059
209.713151	235.747484	187.642684
231.270933	245.591914	86.118227
210.906525	234.49279	186.048495
211.251824	238.947427	182.44704
210.263904	227.330105	192.228334
211.396985	237.810508	181.642001
210.625856	231.873008	188.688901
210.474122	238.905469	188.396956
211.299144	228.232207	191.401177
213.050168	241.972978	182.376326
212.146309	236.107608	183.466822
211.567124	236.785201	187.685174
211.213533	238.18913	190.159259
212.057159	250.025938	188.835242
212.275827	242.93719	188.310315
212.545456	229.885378	188.856314
214.218155	241.709795	180.696369
214.042666	235.142052	183.581551
213.422144	237.82295	187.724749
214.122671	245.679023	180.496836
213.828187	244.120729	183.168455
213.67574	246.245616	183.924663
213.234389	241.958251	188.395912
214.218155	241.709795	180.696369
213.459621	230.912334	188.857027
213.169116	234.201974	190.412108
214.056328	248.646588	180.339777
214.202017	237.866207	181.742339
214.109543	237.006266	182.641504
212.965805	233.455575	192.127379
212.342547	264.613576	193.273724
214.051502	243.109585	189.238045
243.355105	224.806656	43.978852
236.412461	224.642276	82.11867
214.364001	248.526103	185.56782
215.904739	244.871031	181.470392
209.684962	251.396358	238.366453
214.768884	231.595434	193.136578
213.483371	239.245095	203.001161
215.820257	234.310542	184.544479
214.70338	235.637595	192.97861
215.771356	246.004625	182.27981
243.874966	206.998859	43.422635
216.454949	232.717623	187.208392
215.01044	230.323193	191.499792
244.639803	207.144817	44.239883
216.410538	234.730737	187.124113
216.19623	229.067353	189.90314
215.790542	239.412578	191.17953
216.523894	229.689778	187.333717
216.629409	246.42343	190.92489
244.509904	237.377917	48.489782
217.373365	238.627242	186.139872
244.569821	222.452978	47.170449
218.058231	237.801285	181.009343
217.806755	234.210863	183.761088
217.55252	230.585668	186.483239
217.413091	231.726594	187.287939
245.660591	241.990512	46.971435
217.941005	237.941103	181.868849
216.97895	231.239037	190.704921
245.65643	207.99035	43.529655
217.341572	241.849893	193.71903
245.409194	216.513452	51.984721
246.601791	237.004274	46.348884
214.503611	260.357285	227.438075
213.519872	250.384848	238.567914
247.459137	237.023113	46.419783
239.821943	249.7572	87.279958
220.061377	241.541174	179.143643
219.757507	239.218125	189.649589
219.570563	231.548401	192.517705
220.768156	246.667894	179.781891
220.653067	237.136071	182.865794
220.224807	236.677648	186.332941
220.811346	244.685022	179.886412
221.258118	242.424609	184.381444
220.240227	230.768999	187.440711
247.182136	208.358422	50.602122
221.359306	232.540498	185.688413
220.242424	243.770994	192.918722
247.727566	202.615476	51.446544
221.578752	236.371923	190.702705
220.611854	273.221359	197.601826
217.7621	282.569916	261.0825
251.09824	224.924268	44.552225
249.697228	228.550294	48.257278
219.297268	254.103243	225.954264
223.66094	237.915341	181.183104
218.365534	252.548033	239.694455
224.505111	232.193635	183.21507
222.743301	266.913103	194.524967
250.99912	241.849911	51.34572
251.488622	240.329832	48.254858
250.762029	245.042776	52.89539
250.534733	201.316888	50.03645
224.303546	235.54856	191.712019
220.935461	282.957452	257.504513
221.462526	282.060508	245.730325
247.419827	215.302775	74.383038
229.253585	238.316716	155.249185
251.856791	243.821945	51.399437
225.646473	232.945314	181.474813
221.536187	238.703978	218.304528
220.536877	283.873001	264.493866
225.714554	234.812694	180.515738
225.908646	238.65921	185.584887
253.395929	238.15484	46.871352
253.408141	241.094665	46.827506
253.280233	238.288094	47.640923
225.359563	241.330737	189.785113
250.515022	235.440298	63.726548
228.001379	236.283093	176.986314
253.389216	202.00296	48.6427
253.320238	227.362703	57.307757
231.282425	250.654975	157.273832
254.367323	241.953381	51.624067
254.853719	242.391148	48.484898
221.023448	249.608788	274.570068
227.142845	233.583456	191.912016
223.546771	281.455018	261.109396
226.382251	260.397616	196.779865
224.354096	283.840323	265.284798
229.555627	234.750204	179.75622
231.188781	245.748936	179.24931
231.416034	234.789309	179.810334
231.676641	235.630209	185.048284
228.316298	270.602749	212.375984
250.541791	217.621566	84.627636
232.306776	247.456916	177.40831
258.285157	241.395419	47.947561
231.804326	234.491537	184.229411
227.915494	239.343916	222.15879
252.090924	226.656086	81.879832
254.272629	248.614297	76.361263
226.286074	244.886385	261.505763
257.873801	235.959554	56.002977
233.277243	245.495726	177.544326
230.053675	239.942678	219.610878
229.046493	280.710743	264.505493
229.913176	243.396228	222.169051
230.567015	276.000812	251.399617
255.929175	233.095602	80.243388
236.587637	241.98444	174.256019
231.789256	239.231261	221.464463
231.648329	236.330216	222.399886
237.058956	236.569075	171.871425
237.272041	237.477823	177.192932
232.345283	253.818979	218.485442
255.864467	245.789759	80.987419
237.086361	247.403112	176.657986
233.015294	241.846633	218.8266
232.786318	238.085641	220.660285
264.489647	244.945702	44.168528
234.441525	234.318887	222.569373
234.073804	273.374338	254.113009
235.01206	269.898618	250.591603
235.568198	280.827935	252.793136
233.731538	245.878639	248.93363
241.252385	241.09022	174.440452
263.570808	239.238949	57.244489
237.303759	254.431008	216.01788
236.228407	277.110734	253.873569
235.603126	250.429517	252.499176
237.556977	278.180168	248.396636
242.822036	245.38744	176.049386
237.859462	276.544468	257.389597
239.272404	245.97693	212.859836
261.940559	206.644401	78.870206
260.847636	227.50548	85.139946
243.726042	247.381735	175.967915
243.769174	231.769812	178.559239
239.52736	280.122074	249.109658
239.58443	268.988248	252.262323
244.540125	248.535504	176.828157
263.958814	218.101237	73.699101
244.760322	240.472861	176.370958
263.094227	225.968515	82.574394
263.211637	243.375527	82.352609
242.729476	241.324937	194.844086
263.240497	220.913605	81.708213
240.251205	271.840381	259.25189
243.746373	248.189448	193.701036
241.291484	278.124868	249.155154
265.247141	211.698668	75.512603
245.303317	238.084167	180.081594
269.753085	224.931268	48.764991
241.546704	280.711667	247.212976
240.173416	269.809313	258.439491
244.520134	240.487174	195.82966
265.763982	213.105017	77.337239
241.154186	254.817232	243.496323
268.027825	226.234681	70.436989
266.68831	222.857401	72.99242
246.219313	239.099685	180.060573
267.496232	217.982119	73.027781
265.803417	224.864908	81.829852
248.306006	237.860908	178.401279
246.316479	243.64784	196.646383
268.095263	238.913303	74.711005
246.399569	244.51794	195.73435
243.284689	268.910878	252.997796
275.707585	198.981231	14.704076
248.830249	237.445071	182.005575
267.597082	212.05586	81.001182
244.152486	267.893684	252.981923
268.037632	227.226688	79.249149
269.016971	219.247473	78.420604
268.71025	229.399332	80.152961
266.652417	242.38676	86.091638
247.049189	250.774767	211.271423
273.826924	210.054436	48.852863
269.458429	208.956286	80.143477
246.576036	275.307577	251.721632
269.798218	207.550239	78.343853
246.238861	272.803191	254.491047
245.453691	265.726614	259.106639
245.501057	272.085331	264.149606
271.60573	210.203232	68.765715
268.625438	223.64327	84.652343
270.93698	204.1185	72.111912
246.815554	265.799485	252.892383
275.553694	201.93094	47.951099
247.704791	280.207333	253.121211
246.153288	265.036692	261.676029
250.052662	235.704538	197.1207
247.228681	270.046912	264.095923
271.916583	234.56009	76.696247
276.386052	201.944138	47.958175
270.503543	224.455918	83.822519
253.901422	248.290527	169.001411
273.120506	206.494024	69.614806
248.329408	276.940148	267.088838
272.733076	219.911534	76.794896
261.573021	228.040974	127.218175
271.329873	216.699257	83.862141
273.568244	216.015859	76.798168
250.691139	238.235854	221.288017
278.24047	202.676002	46.369247
250.401594	276.954425	251.442329
252.885796	262.840801	212.7795
255.894759	243.670158	176.543177
254.782182	263.037692	186.281457
251.653492	281.505655	250.200206
250.186713	274.728086	265.398465
253.815695	240.791589	197.061044
272.892695	218.799352	80.342233
264.606195	258.129193	119.461569
250.24998	273.602208	263.748666
250.164977	277.804558	267.72587
273.916953	236.20243	79.376711
266.115769	243.958281	116.522791
263.885838	232.350169	128.884421
251.05188	263.086101	256.160143
251.05188	263.086101	256.160143
279.505648	207.317086	49.684503
273.884831	220.664803	83.93767
255.513595	264.423492	188.929528
254.832737	239.685325	196.26453
265.257932	234.630222	126.045299
265.096128	233.88021	126.994512
252.849229	263.070815	256.899512
257.969743	268.376858	182.521388
253.178079	278.238729	264.955466
281.267625	204.187216	48.815386
276.604779	226.317936	78.661619
275.413717	208.266611	84.803518
254.632597	275.24799	255.64469
253.791363	276.545345	267.537333
276.773756	224.158251	77.791028
256.601537	247.538694	209.132408
277.746132	214.111362	72.486421
268.051587	233.436582	120.655891
276.434513	228.475176	79.526381
253.744039	274.587488	266.815933
257.479763	249.049609	198.621312
276.408362	240.228618	83.762101
267.70774	234.809216	122.416444
278.243277	239.10782	78.536591
254.933237	264.635052	255.041157
282.191014	209.337339	54.628802
278.936178	223.616794	75.19541
254.078713	235.981019	246.601261
267.592352	239.899004	127.656768
269.112442	244.706506	119.265778
254.933237	264.635052	255.041157
254.313688	268.874951	266.932115
279.006064	212.879565	79.540869
255.778863	279.981476	256.136308
283.399764	238.279931	47.827337
259.623326	242.637644	195.435726
255.683154	277.317044	267.343019
270.195388	250.251576	118.131444
270.000673	245.689639	119.236849
270.024936	226.594012	120.054588
256.304125	276.428656	258.917036
255.669028	278.334973	268.098026
279.806541	215.768834	75.166812
278.086969	239.322317	83.805121
283.20322	240.560568	49.437429
278.746125	245.394649	84.547781
270.745441	226.828892	120.968424
257.279275	275.452448	268.978392
284.548607	230.856382	45.485674
255.103341	243.015803	261.487426
265.362304	266.083707	158.27363
261.467913	264.772388	198.080198
257.646563	263.487325	254.870726
283.692363	244.014894	51.835985
280.320083	250.387973	75.65134
257.58383	281.055625	268.538508
283.81467	235.992564	52.066245
261.60778	246.50973	194.463347
257.966363	272.419902	258.132478
257.739801	279.873407	266.1682
280.913797	236.077143	77.73972
261.395915	237.811866	196.558215
257.806044	279.789483	265.340111
258.361534	256.660981	239.675561
280.620928	235.518883	83.901739
286.296197	213.044311	47.242293
271.337614	239.800071	126.798277
258.516096	263.52779	255.659052
258.317013	276.222194	268.036435
258.311555	280.202501	270.197353
272.74107	259.148754	118.679343
258.464077	264.684668	257.352884
258.800192	278.604012	263.696815
258.435942	277.072785	267.154172
259.27862	270.006171	263.162949
258.219781	273.334842	267.340987
286.612229	210.958545	52.150693
282.234732	242.407296	79.368863
272.071827	243.856596	127.529076
259.234581	276.141373	267.971241
287.574089	197.49773	44.530138
288.390724	198.517944	44.533815
283.235834	229.473463	74.332272
260.25155	262.548494	256.374471
259.21926	277.157598	268.735447
286.774775	234.545036	54.564387
274.448184	249.656253	119.128876
273.128467	244.633527	126.595222
260.152022	276.061035	267.906568
288.180116	201.840905	46.235034
287.259212	231.80295	50.415193
286.722728	237.554209	54.496667
272.977634	249.620045	127.268888
260.017711	276.225679	269.542291
261.297519	266.472429	257.996133
287.841828	222.017773	46.372596
271.194004	225.667646	146.744788
261.774474	280.070848	261.724412
261.017474	275.047798	267.885491
287.498525	235.271574	46.974967
275.521127	253.299943	118.081414
273.86995	245.823232	127.459321
273.512161	226.324507	131.094039
261.630588	276.238762	261.139722
261.265169	275.730726	265.366528
260.935117	276.145722	269.476267
275.722594	222.496308	118.425645
288.269849	236.308485	46.920609
288.118396	236.583746	48.598194
285.042254	230.329823	73.449474
262.260903	257.281316	237.924027
261.383456	280.569316	266.69174
261.237636	277.765981	266.913192
260.935117	276.145722	269.476267
284.924221	227.557622	74.34264
267.793946	248.722863	170.261762
264.868613	242.352257	200.009332
261.805951	268.08056	264.619998
274.438802	224.428269	131.181888
262.278663	266.308043	257.091577
260.992574	271.05554	265.510561
290.137987	202.287943	42.931546
288.626229	221.547225	54.671741
268.734195	247.764945	170.33358
262.393608	267.157383	256.245782
262.424795	276.334018	262.763886
261.66848	270.29917	267.920211
262.107243	258.193756	252.879948
288.492929	233.450009	53.705838
262.355427	249.267917	243.771172
263.371999	271.13586	258.667963
263.259216	281.347945	266.509006
287.697231	204.637848	68.867116
270.278991	256.556216	164.423551
270.604229	248.778924	170.326324
262.788767	267.917485	263.711854
291.028048	213.45819	48.783225
289.24324	244.24899	51.676998
268.145732	248.706681	195.47523
263.93879	270.568155	262.804954
290.055863	243.274864	51.683951
288.517035	218.373597	68.230536
270.706536	248.623462	169.423892
264.638077	263.209962	247.794324
282.100259	252.578693	102.047115
265.285666	263.645193	251.911786
265.78897	280.295587	257.303198
291.421909	212.719052	44.640364
290.674849	243.064512	44.043363
285.991595	237.270415	82.100205
291.048545	212.448937	48.775747
286.179269	219.733664	86.729664
264.623102	274.819238	268.439795
291.407347	245.116624	43.914647
287.755595	212.607806	73.386427
265.5458	280.625377	260.649759
265.029669	272.28132	261.886125
282.785811	246.080808	103.17529
264.483261	271.004437	267.680507
288.250088	229.647697	74.296293
264.377253	269.136121	267.67281
287.836583	240.886272	75.861833
272.578285	249.636088	169.415312
265.150742	272.108721	260.216534
264.914418	271.431155	262.731039
264.884948	274.489123	265.162462
265.809637	264.247517	257.660279
282.453702	234.960519	105.333768
266.011234	272.123608	260.994918
291.887715	239.023574	50.069544
265.37999	266.935399	265.109056
293.46185	225.064821	45.313901
265.809637	264.247517	257.660279
289.584436	211.736364	77.754447
266.736752	264.182554	257.594257
265.700014	252.375128	262.120182
270.960256	253.769561	196.248802
270.817612	248.005058	197.351746
295.194211	203.093607	41.13263
278.478882	230.908089	133.661081
294.117248	217.727766	49.525305
292.504177	240.344798	51.690115
289.804781	238.607965	74.130369
289.307793	228.760084	83.077524
271.764883	254.019904	198.034964
267.519572	268.407721	262.52464
285.067532	242.743705	105.086179
281.260131	238.828699	121.46561
293.604138	241.691641	47.352317
285.735711	253.481858	101.132654
284.313211	224.588112	110.1638
282.481643	235.566023	119.783616
268.661897	271.061013	261.656483
294.85986	211.148635	51.960745
290.327218	209.012993	78.591735
268.645631	264.996767	257.480392
295.40402	208.190517	46.948399
280.373843	256.63912	131.587469
272.865893	248.771329	195.617167
267.1214	250.865294	266.589949
267.343429	261.758972	271.028176
294.699278	214.334955	52.825026
295.454729	206.167527	46.920657
294.787093	214.175306	51.989178
275.795793	254.887579	165.553669
272.717588	249.012476	197.371389
268.511648	273.261936	264.940174
268.231642	270.6266	266.564867
290.883466	214.51477	84.883083
268.661897	271.061013	261.656483
269.488431	259.934832	254.876242
269.217707	270.472235	265.679433
269.203076	271.48781	266.50321
293.071791	224.062041	70.753636
270.709039	268.629742	257.411719
270.3426	269.135369	262.333316
295.134481	244.361196	56.527427
283.807875	256.352378	121.657641
271.522903	267.711283	258.165475
293.535762	223.903987	78.618136
271.159209	272.19721	265.567179
294.076056	232.816321	74.12875
291.961177	227.948992	87.48237
271.679567	278.496263	263.011461
293.859497	237.958136	74.913957
271.89005	277.243268	259.746733
271.153123	268.21473	263.056539
296.926218	225.341399	51.866122
290.028838	248.738347	96.818315
277.014366	261.131685	192.564609
272.825695	276.160574	258.914208
292.973117	232.398585	81.190339
293.100728	223.534442	81.279851
272.525747	271.559665	259.791571
288.563667	250.576479	104.810868
278.933334	233.578883	173.020752
272.512668	255.316331	249.02845
271.966853	271.275291	266.293377
291.694364	223.487137	89.324349
290.136179	238.187012	101.617369
279.06119	245.052225	170.691672
277.183442	256.872092	190.064643
290.796834	237.339159	98.043198
288.373728	224.023039	107.430815
271.88631	268.393626	265.405628
290.929563	241.979179	97.017418
290.078618	255.591247	101.045305
285.005048	224.847375	127.49759
279.060619	257.688895	170.070391
272.871261	277.097629	258.884517
294.648208	240.95947	74.819346
278.669229	250.522301	174.078057
279.907339	257.858812	170.998245
291.718971	231.547459	98.173873
297.844516	240.978807	53.959516
298.284142	202.904549	60.074923
297.454473	226.797621	68.87249
292.475816	248.069227	97.707701
284.271699	227.230103	138.43212
278.145085	241.439588	199.515718
278.535914	254.822845	196.439731
274.229283	272.602423	262.148515
298.539329	218.335749	61.982983
298.133784	221.882462	64.563421
278.348385	237.120109	197.017238
277.957857	249.771281	202.755494
293.446448	220.171533	99.260843
275.651329	278.852911	259.553825
292.22391	254.36576	103.765638
297.475297	230.940344	74.051119
294.794631	227.924985	91.001636
276.273477	242.813775	242.44343
298.307982	221.027966	69.741621
297.73325	220.275751	79.404499
295.008611	223.79854	90.153176
275.022152	263.849056	268.730708
294.648433	220.715003	97.416833
300.446147	209.346237	61.843099
293.100346	254.398895	103.759864
280.533116	243.720385	194.229104
279.239016	247.724299	209.741162
301.472946	206.168771	60.908207
293.326713	239.688399	103.342426
294.920232	250.309406	98.501357
300.502564	214.505087	67.052294
280.981705	241.477937	199.577515
277.232131	273.104448	259.568562
283.322732	260.454881	174.614929
296.412939	248.560349	94.951525
302.547266	204.813426	59.156316
297.478477	219.577912	96.468205
285.128229	233.309809	176.765589
279.026359	250.993737	247.078625
301.525385	222.307209	70.503399
301.473846	224.301675	70.493415
292.025744	231.667722	122.658007
300.175233	233.005748	78.324718
279.662428	238.041419	244.579499
298.753923	217.789446	89.211788
287.270298	258.652604	163.746541
279.694039	236.96288	243.8084
291.369419	220.812251	134.998158
286.697012	242.140504	170.049337
280.448701	242.162557	237.616944
280.034799	276.805195	261.090818
302.484265	222.136893	69.601325
298.092891	217.126769	98.302262
293.041691	235.325845	121.613132
286.686376	245.063513	169.917518
299.018065	215.197297	98.302158
298.265652	222.903742	101.864017
300.751626	220.333843	87.350537
299.116013	254.307471	93.822729
282.070967	276.455768	258.584987
302.658717	212.145549	81.92088
291.983714	237.857004	141.699101
288.770438	261.254471	167.331916
283.078345	247.280177	231.271577
304.937015	208.043394	72.955147
283.056414	276.321052	257.742618
304.068458	236.114963	73.721409
302.383165	218.627874	88.218781
300.978249	255.151891	92.863366
289.718279	263.199338	167.25235
281.228711	263.68397	271.027903
284.307353	242.821369	226.446245
304.360708	220.392903	74.797566
302.623608	207.822563	88.206011
301.477904	227.563517	92.656841
298.546152	249.835128	108.392321
304.675971	221.786312	72.14915
302.598845	222.124465	86.393441
301.681788	224.40981	91.793838
303.633286	245.433884	75.249925
291.756632	246.947794	157.920531
290.833617	250.349549	166.058884
305.632337	232.030643	68.491828
295.570661	239.949009	128.753962
280.709387	247.386822	278.784308
306.81423	223.218	59.946596
304.57786	240.493803	75.358874
289.803182	246.158829	176.338269
285.455958	257.687081	229.634689
303.620323	222.271221	90.869895
291.871718	257.937262	164.782724
306.129627	208.922165	76.466415
296.213344	230.956417	131.853493
296.196806	224.395666	133.017586
292.558304	268.059474	167.061341
307.437785	210.087512	72.917966
306.147574	244.520943	75.188042
305.947568	234.365695	78.999152
297.268705	230.776596	130.941135
306.206303	237.75259	76.257032
297.384623	231.538722	129.99286
286.726961	243.308953	231.215877
293.849248	256.847649	163.944479
298.281463	233.485871	129.92254
307.371647	207.838984	79.988055
305.893767	212.043231	89.055041
306.594328	222.336591	82.706726
306.938711	218.945449	80.930356
299.425473	235.987944	127.994882
292.616026	271.236982	188.013939
304.907911	223.948726	93.538526
294.79852	264.567255	163.577672
294.69453	255.094987	164.96792
307.990238	225.281232	78.192184
307.351495	241.546643	79.679722
307.850119	216.983985	80.912069
307.484345	226.103121	81.755513
306.453147	213.493747	90.86016
298.963547	232.94581	131.785179
299.312408	231.059901	136.470988
310.135627	208.936141	71.968649
309.099869	207.871335	79.953799
308.441898	222.164561	81.769118
299.186824	246.765466	128.504496
308.810601	217.780364	79.996776
307.463244	208.600357	90.842581
295.635996	256.075925	164.934761
310.599737	218.366884	65.021902
308.71575	212.26835	81.779522
309.239037	237.433305	78.838362
307.357276	232.822372	93.347247
296.674454	254.969589	164.08013
307.695246	236.114131	90.562343
310.67641	220.374811	78.16581
308.584531	248.511365	88.428612
312.519769	236.888292	44.786501
308.539861	237.118185	90.525203
297.075484	267.463887	169.011971
301.779872	224.504578	133.020584
296.967702	249.296165	170.820654
296.523875	242.2395	175.709827
312.333388	218.216957	64.112152
308.444089	235.362848	91.467821
298.274364	227.486999	169.850529
309.059895	234.823609	93.279198
312.325905	209.610947	74.577325
301.18068	223.691106	153.417124
312.220213	221.611852	79.016306
312.60653	209.69963	79.015225
305.36882	227.008513	126.473617
304.424419	227.958708	126.441081
311.705621	209.881068	91.69376
313.091095	206.63175	82.578997
300.4414	255.993514	164.087256
301.473663	257.773222	163.089638
305.702624	232.670896	129.975722
306.244813	218.712457	128.587965
301.556572	264.340356	161.841729
302.230414	257.139365	164.984294
306.99755	248.045215	124.838191
307.352767	221.228864	126.659074
306.731623	222.242993	131.260061
302.224817	260.025027	164.841855
313.248307	221.483742	90.704914
307.105748	232.834596	126.286168
301.430854	247.861211	173.723473
306.931185	229.382691	128.247447
313.596843	231.762547	92.375861
308.970238	226.304968	127.432401
307.905648	233.055859	127.204531
307.857993	229.397504	128.25102
307.993609	234.780077	126.224429
307.919418	226.496081	128.347183
307.763475	218.367244	131.387522
304.110382	259.085574	164.917106
303.555573	229.13491	173.519727
309.161091	218.546205	127.672811
308.832489	239.616984	126.063455
309.093541	226.099261	126.51376
308.624087	231.548345	129.106618
304.38557	259.572467	162.118137
296.533548	273.772463	260.2928
309.833283	229.220452	127.342388
309.649139	222.080312	130.351973
309.408432	222.480117	132.193786
309.875609	232.879659	126.297976
309.682111	236.945185	127.08191
309.773311	232.119565	127.246162
309.775656	226.522644	128.355571
305.803406	235.89178	160.424485
309.69919	224.788767	129.337904
307.884629	243.779302	140.655002
309.751418	218.190943	130.473526
315.424591	232.567621	91.439994
310.84751	225.361756	127.472359
310.628916	224.800731	129.343248
297.273538	267.94754	268.466958
310.818672	231.927455	126.335107
306.178311	258.791174	163.109858
310.36652	226.173801	131.151082
306.1023	255.101446	164.215806
315.738623	245.776928	92.96546
310.569993	238.888547	127.021185
310.652445	223.831009	129.374461
311.924525	219.550798	127.657014
311.631949	226.54673	128.366685
307.0093	263.758347	163.802791
311.948178	227.865829	125.547574
311.444059	220.358226	131.346751
307.207841	259.601964	162.158697
311.602918	233.112064	127.225355
312.560106	226.557837	128.373285
311.252908	228.123155	131.092493
307.543701	253.95384	168.926662
300.952371	278.653407	254.163121
300.558916	279.942839	258.894055
307.461931	252.173259	169.935468
312.441465	226.761448	129.293071
308.951688	252.236621	164.396346
308.983298	262.655687	162.961628
313.703856	237.347557	124.333012
314.279543	243.560023	125.973011
314.650119	217.835868	128.658915
314.066218	249.547014	126.682264
314.580937	229.073316	126.456055
314.607868	223.464522	127.559456
310.007929	263.462878	162.011164
314.558238	230.040981	126.425009
310.927877	253.055539	163.460061
314.909359	260.927229	125.375658
316.253358	236.827711	126.22096
311.124571	234.135462	173.4778
316.86873	252.276128	125.705226
317.196401	235.871465	126.263246
315.927921	235.371872	137.373999
318.375411	221.553485	127.657139
318.07401	233.18516	127.287183
318.146383	221.959618	129.503404
317.745281	254.216916	125.650979
311.986081	245.363357	183.154357
318.998537	233.192981	127.298759
318.393274	263.10699	126.266072
318.671699	258.852588	124.589819
318.712397	231.867289	130.119186
320.072367	235.691582	125.381126
319.699337	221.596759	132.327304
320.61794	229.942663	130.210452
315.802799	271.177084	181.114531
321.655638	229.745902	129.304298
309.183823	278.787321	263.915935
316.332284	262.297	187.081843
316.40802	260.268261	186.265622
319.964179	256.269151	178.261395
320.793644	250.728464	180.360324
320.820585	258.306086	179.099539
321.791302	255.409244	179.252952
321.604604	248.05987	182.30919
321.584935	250.960169	182.194825
321.182563	237.057505	188.041534
327.164589	235.371718	128.289263
322.605522	242.215818	182.528541
322.521448	242.336174	183.430693
333.632342	227.960758	79.031592
322.64151	247.922773	181.418687
322.383373	238.661408	185.337074
321.948506	228.440331	190.822056
322.946457	250.320973	177.659345
322.821992	255.269229	178.356827
322.589576	244.163307	182.464857
323.063417	231.197522	189.053966
323.089306	228.203685	189.084031
323.685341	238.166597	181.758597
323.327493	240.601941	185.302375
323.880622	252.236654	177.591622
334.391892	217.393459	76.486048
333.753246	228.472295	89.893287
324.152267	264.071535	172.405015
323.807951	251.399513	178.546708
323.47937	242.319115	183.446925
323.862125	254.164299	177.504518
315.897697	270.156695	266.330591
336.807517	206.244171	75.730497
335.57283	223.801565	78.24781
324.412356	245.220274	183.368382
324.415314	235.559247	184.543392
324.362079	241.443316	184.392907
324.39673	237.526713	184.497611
324.329055	235.67582	185.437501
330.134786	234.970209	126.512984
324.655962	269.499627	176.750258
324.337969	244.36637	184.303243
324.463804	239.369764	183.548673
324.157518	235.904598	187.220717
324.122619	230.071157	188.199761
336.651148	208.313405	88.360962
331.214309	232.830726	125.678945
325.743625	256.057604	177.448481
324.822716	230.377133	190.857099
325.47289	234.435515	183.685774
325.183599	228.941116	187.344337
324.830829	229.379205	190.865464
337.480741	214.438896	67.754852
337.010268	215.436607	76.588026
330.541726	252.372365	125.957916
336.987588	232.970411	64.750113
326.554769	254.365505	179.381034
326.334733	244.208241	183.43365
326.204427	240.541272	185.351366
326.187097	242.49393	185.296307
337.913747	207.215029	83.863834
331.860302	227.046917	130.520733
326.203673	231.793065	186.434445
326.193906	251.107401	184.092401
335.539939	238.405939	94.344957
337.863835	216.452832	89.258114
332.451798	252.174687	125.093213
332.992104	229.355953	127.687215
339.222219	219.686716	42.643081
328.42221	266.872165	165.864234
337.217906	222.467816	93.740727
326.835776	230.222478	190.013246
339.094531	219.28313	80.219004
328.299356	254.568389	181.237944
333.509997	250.041678	124.270224
326.966454	245.858451	197.716019
323.910622	249.391585	238.859832
340.058921	209.340554	88.497062
330.656283	237.64927	179.159638
341.306079	219.416818	62.56971
340.478458	218.795945	86.608362
335.405533	245.401377	125.389372
336.035895	221.577878	128.010225
335.969282	223.522179	127.948539
339.393342	242.150495	79.851883
336.547818	223.333872	131.689444
336.869707	221.772319	128.958234
336.528122	236.891055	126.615494
336.606865	229.540791	128.705485
336.707626	223.91447	129.816441
340.392563	241.109724	69.996686
336.903132	220.799456	128.989279
336.903132	220.799456	128.989279
332.298913	256.384325	167.376957
340.889669	233.927853	69.313866
340.241378	241.966819	78.984566
342.274539	224.889958	74.008351
342.093782	215.946951	91.268726
337.717976	229.136871	126.894974
331.869268	248.171499	185.205553
339.322819	231.461393	128.722508
335.419392	261.368238	162.56964
335.175873	254.394652	167.5232
343.006183	242.084199	34.712987
339.447488	234.739804	125.845852
339.5263	225.642074	128.914603
339.533363	234.539654	124.93016
344.372579	214.019502	83.201263
335.21624	247.382286	179.814752
334.998004	261.854565	179.171554
334.905871	246.884323	183.480951
344.084249	234.731557	63.191893
336.474193	262.970274	160.666492
344.993257	232.906774	73.97899
345.782427	233.748323	63.290021
347.553362	208.601203	77.107162
341.539641	248.656997	127.309006
342.91052	228.134638	131.718687
348.671597	205.415557	76.297281
349.19818	208.831957	78.081797
343.214077	252.507236	127.236665
330.815209	267.983492	263.368244
347.067721	250.500715	71.793044
344.842955	232.379841	128.867325
342.172053	251.7102	164.074035
350.457859	218.697988	53.382329
343.246733	226.42632	159.518075
348.886302	247.520244	71.972443
349.083241	244.712142	72.968015
351.382402	216.557872	63.030541
347.060903	247.632277	127.524708
347.347859	237.380702	129.710007
343.94208	259.240307	162.844196
350.713259	233.498749	67.055154
350.048784	235.781222	100.456617
347.465359	226.516916	133.765322
345.101963	228.343482	159.494248
348.270038	237.36872	129.74134
351.675778	231.865232	68.915844
350.941842	238.46927	94.958208
344.883912	259.214452	162.864482
353.711356	212.437811	89.130005
352.31775	232.340725	89.669276
345.644339	233.33591	173.143646
353.783799	226.526477	67.333328
355.060005	208.189116	83.787248
346.579857	263.168576	163.639201
346.745577	257.373713	163.908549
347.902568	230.225052	159.488524
352.232008	244.747794	96.696571
347.548544	262.176643	163.704349
355.773366	203.87758	69.559087
351.745425	253.958002	93.706159
351.898045	247.898487	102.075587
350.236872	232.148719	142.879138
352.49804	243.097017	74.964273
348.671651	234.263395	160.282529
354.225738	242.108737	75.060005
353.413109	253.549866	96.51778
351.978762	235.9906	142.788748
354.884954	244.144101	94.087994
356.248891	226.805207	78.151795
356.165623	237.708995	68.048652
357.910173	217.506985	72.093743
357.660274	219.478036	81.026041
350.627039	253.384187	164.159429
350.290809	257.678941	166.727853
355.536987	246.691176	96.784984
350.496257	255.463565	164.987116
357.109965	226.884418	53.353262
357.161172	226.106984	70.13086
356.190504	236.136322	97.967571
356.525677	244.15058	98.709762
353.122167	257.846247	140.166345
356.029602	236.889814	123.597604
353.12919	246.498069	147.016683
342.740739	276.196259	257.138055
357.207767	235.616049	72.620965
343.07314	274.573547	261.416242
358.480433	230.322749	49.778618
357.177021	244.547198	50.038535
356.843908	253.5424	92.107924
357.731989	239.06243	97.964977
358.376723	227.404697	102.830068
360.517581	216.96688	69.519171
358.667372	237.509764	99.864085
360.854277	222.273068	80.194205
358.455626	254.090314	99.431907
359.502544	236.568285	104.492989
360.173499	229.447863	94.608184
360.286636	228.763651	68.388168
359.894655	232.80237	52.34777
352.06047	237.631767	195.650839
360.612155	225.609749	51.739752
346.191457	271.345473	257.735839
360.098106	231.403613	76.40187
361.546532	224.27987	75.675852
360.011643	240.68971	51.169388
361.069508	239.47485	104.479954
360.881041	242.39233	104.397426
360.831317	256.988684	99.436382
361.157534	251.334032	105.073261
362.106578	236.910399	69.148593
362.383073	234.566633	77.312838
362.880762	238.429752	43.408377
362.992533	237.348538	76.370639
362.483873	241.143516	53.868537
356.657114	258.669437	193.283728
362.880762	238.429752	43.408377
362.795026	239.088978	107.298366
364.02239	225.498919	50.94089
363.149124	244.598169	44.0032
364.011567	235.189304	75.539556
365.593379	217.470105	66.976475
364.743302	226.532152	72.127567
359.126621	247.538441	166.387081
365.686772	225.544911	72.168525
359.707189	265.847853	188.472924
365.897197	243.204246	41.479981
370.775904	202.193221	32.999131
365.505275	249.632167	83.42978
361.077286	253.565611	175.324666
366.494763	235.639577	72.883864
361.832543	255.91717	164.224148
369.399438	209.197628	44.700775
369.039025	211.672151	47.176302
367.858505	221.517786	51.132885
359.948384	247.491001	200.783352
371.932451	197.765589	37.468287
367.930525	229.451646	76.648446
368.665845	222.799317	46.765856
370.005355	218.06703	48.681215
366.884375	256.106935	109.676178
368.563241	231.507236	72.109402
364.235096	225.960585	168.188935
368.683944	230.813363	78.450602
372.665343	203.297194	45.809514
370.644713	220.095552	48.614984
372.495138	207.727294	81.689779
367.890809	235.286899	141.41751
371.245276	221.369969	75.960163
367.503868	262.540968	141.243169
366.606945	251.030226	165.409621
363.966187	239.280751	199.252133
373.222117	230.812219	39.534306
374.671191	212.8903	73.477803
372.481422	247.060427	80.947001
366.199977	256.215145	192.499485
372.97854	241.365713	81.98149
357.687773	258.986133	278.75128
374.217591	233.925429	125.229279
367.595294	231.319524	201.204501
377.764397	205.145365	44.087144
376.274669	223.18762	75.092555
371.480668	254.029914	174.43614
369.540167	234.117309	200.275384
378.120155	223.21654	48.531995
378.338768	219.865504	73.367014
378.934257	213.900392	78.030542
371.969972	267.233829	187.479938
377.323918	230.816539	78.600143
367.761849	243.37808	231.021547
366.060073	238.391481	243.320263
367.678406	238.403665	244.93891
379.763502	232.410543	76.773754
374.467208	246.386354	196.384931
374.444561	248.350825	196.318937
380.163707	238.203937	81.249468
379.810521	241.927573	80.265554
375.430042	251.170795	195.32026
365.314274	267.953137	277.399678
383.362158	216.697595	45.32874
383.394533	213.359715	75.346153
375.146138	232.828646	200.311566
381.970142	237.414818	42.768955
378.586389	241.587803	171.342443
377.198801	245.354553	197.282732
383.985765	224.650172	72.381924
384.952491	223.850196	73.307422
378.653096	258.265349	199.465182
369.365136	268.365603	274.337721
385.472369	247.455255	83.920791
381.049798	242.147505	196.461764
383.319519	246.939518	168.382585
380.571402	246.480664	200.741679
382.729941	254.93998	186.099026
384.248815	246.90925	168.38082
388.336472	226.080171	84.306399
389.228962	225.892678	83.391055
385.316503	240.028518	168.687501
376.904985	235.00961	244.91616
387.979385	246.994964	76.600875
377.147896	264.596539	256.540651
389.692196	245.093902	53.932713
386.928791	246.079578	170.211884
383.996442	243.237981	212.120573
377.295345	262.908715	269.436579
387.674064	252.526489	183.423212
377.389601	262.827698	268.703582
382.16231	233.94877	246.933033
396.780482	212.312068	83.693688
381.245681	270.257568	267.128678
387.903545	244.475763	218.083328
381.4407	269.153778	265.614966
381.43558	270.10795	265.609859
383.083128	273.41499	259.442242
397.294764	224.481068	76.026461
397.906474	218.765777	81.708826
395.134114	247.563554	84.942057
394.288177	263.210808	160.233534
383.483212	273.179879	256.278514
383.321173	251.385301	258.646267
384.498956	271.223455	255.649261
386.060243	236.652411	245.608433
393.059624	231.768303	197.504119
385.367466	263.643784	256.672558
384.347548	266.206255	264.47995
391.862382	258.917584	215.0658
394.183629	238.547185	195.47326
394.614745	228.905391	200.211338
404.656023	200.621497	35.726257
404.860966	206.461182	33.764995
397.726341	242.462064	175.655053
400.962437	242.237854	39.907104
400.962437	242.237854	39.907104
397.884764	234.418109	195.545487
399.096907	244.079695	181.807396
402.284308	238.333269	40.042905
404.209342	226.975866	83.467875
402.575581	243.374326	40.718005
403.846493	239.594441	41.702291
403.089945	244.466673	48.486035
404.582518	232.853619	42.78795
392.120797	267.917838	260.793762
405.062106	237.425871	40.059631
405.635141	231.778969	41.966205
409.54303	206.87981	47.963947
404.045043	244.242557	46.736379
406.477438	231.929179	42.805204
403.519913	228.201734	173.563439
406.448486	239.16861	45.132288
405.747135	238.232421	81.391976
395.69844	243.632943	249.612881
406.866753	234.784999	48.704257
407.164513	233.182297	44.4615
394.812232	264.541505	254.499261
393.63265	273.888282	262.511099
405.473484	233.841359	171.525208
395.734605	263.595629	254.614142
407.331768	246.051447	51.89979
409.295133	230.307537	44.543782
396.64218	263.617049	254.717452
412.441153	205.747167	46.288706
408.922971	231.865923	54.850654
410.031023	231.442051	45.354435
409.443416	243.662397	48.438173
412.343317	217.057125	86.583437
412.502916	219.328128	43.229017
411.820519	231.508787	45.348675
412.77086	221.780266	80.823741
411.451362	235.537683	87.1323
410.264033	244.542475	47.540718
415.069407	215.593376	37.504025
398.717072	275.304231	265.723968
411.422856	243.123943	44.125582
399.733979	274.307308	265.083264
406.711438	249.600634	216.064907
413.183161	227.634039	45.473974
414.478344	224.009575	47.291205
401.842123	265.84859	257.007814
402.34053	268.393786	252.663126
407.25579	238.776296	218.991269
418.310761	216.504946	42.506025
414.289185	246.338253	155.766308
404.191428	267.461651	252.862082
415.107671	244.838711	89.736699
413.344651	243.170764	177.194232
414.334273	239.090271	176.515527
404.573188	270.718749	256.34506
404.898932	266.661843	254.703795
404.834973	271.214254	261.6046
406.314891	269.877206	257.429398
405.772992	274.081214	260.751226
407.175926	271.854148	257.466035
416.991782	239.192221	178.254005
417.77167	250.103786	63.414094
419.146777	239.768282	88.058662
415.945213	228.295412	190.179072
414.953077	239.317317	217.111858
418.936011	233.010435	176.796459
418.902882	239.043091	177.368186
423.271623	225.19667	52.585372
419.772732	240.097843	178.186774
412.931199	244.912117	246.509548
421.723543	235.892963	176.641596
421.599236	235.079508	178.439739
412.302059	273.511758	253.403312
412.267858	274.491262	253.366282
427.468811	214.071384	49.579117
421.516253	229.07452	190.087733
413.157704	275.49013	253.395257
411.043582	250.080636	274.903693
423.551456	232.861939	176.793349
423.124716	224.342458	181.567621
414.27834	255.963267	256.424712
422.503196	227.968642	189.256534
424.332869	238.055688	179.150678
426.392687	222.059117	159.751369
424.858828	226.408113	183.217347
425.258431	230.988174	178.63652
425.131983	231.151047	180.376964
416.426221	253.743707	254.770557
425.226457	234.050137	179.35754
425.131983	231.151047	180.376964
426.175329	237.001588	179.2008
426.198094	240.980623	178.98284
425.619843	225.518543	184.996781
427.031129	236.060125	180.123483
426.952607	229.098054	180.474309
427.971544	238.020552	180.016153
427.849143	232.127113	181.197247
427.315797	225.580893	186.728121
428.065433	234.86745	178.43579
430.49756	243.906924	87.205301
419.642781	266.752334	263.93116
429.289605	224.374799	185.041748
429.893706	227.664447	189.230103
432.620632	251.703608	91.440941
431.061932	228.430258	186.590037
430.929754	233.64429	188.946537
424.740537	251.962656	249.727998
432.596621	232.801657	179.418397
432.617912	234.793976	179.31256
436.899948	228.996715	33.305223
432.547319	233.877013	180.233509
432.769986	225.415269	187.593452
431.796683	239.771631	190.384422
433.517624	232.769073	179.421295
432.248612	223.767556	192.857999
435.208712	230.860164	181.2639
434.994325	230.076685	183.908062
435.077942	231.005591	182.993874
434.799247	227.210996	185.77947
435.879829	228.040103	184.008827
435.82889	238.270459	186.094242
436.326307	231.596206	178.617828
435.684543	229.241225	186.54973
435.594187	232.383821	188.130286
435.718929	227.17237	185.782275
435.612024	233.388388	188.080976
435.792193	231.178709	185.58883
435.2416	226.541618	191.000843
436.909411	235.009388	183.658039
436.893311	239.093231	184.308743
437.71833	227.964807	184.016462
437.355212	228.28688	188.327178
437.836536	230.897475	183.004507
437.557256	227.094414	185.788975
437.557256	227.094414	185.788975
438.949065	235.719985	181.014248
438.307667	226.176728	187.562328
440.219891	247.207934	175.068906
439.025552	231.410176	190.776621
429.486007	269.227781	267.901665
439.025552	231.410176	190.776621
440.745506	237.731956	181.777409
440.62114	237.879312	183.509923
440.312709	226.975962	185.801469
440.986153	226.112603	188.434714
441.641809	235.692321	181.893138
442.051221	237.152453	175.706652
441.012963	231.204937	189.059166
442.939547	247.851882	94.661986
441.812068	234.468683	179.350638
441.0322	232.212473	189.010473
442.186107	228.903471	185.714875
442.27471	229.843352	184.803762
441.613636	227.306783	191.833652
442.379444	236.87568	184.439073
443.047585	234.021222	187.194245
443.202533	249.151106	186.380011
444.062788	223.77896	172.072214
443.216602	235.902445	185.362512
444.104313	233.85238	185.472994
444.021214	228.824517	185.725495
443.984841	230.897822	186.488282
444.818625	230.997277	175.196008
444.338058	247.748452	195.259764
445.04344	230.732301	184.769948
449.062855	219.49194	71.690498
445.133511	224.151227	192.843444
446.777435	236.764264	173.121037
444.366627	268.782826	205.248674
447.323005	228.700555	162.194112
446.730952	236.845604	173.991441
450.588856	242.035494	93.455407
450.570288	235.415582	170.586884
450.227966	225.895765	176.360473
449.697936	230.478379	183.938257
450.618629	231.351562	169.952532
450.315711	229.813119	175.28436
450.382792	232.734134	174.247951
451.481648	236.388683	170.529014
451.576261	232.240502	169.027018
452.496618	227.251353	169.310023
452.404869	231.377162	170.832604
452.341356	239.446081	171.213821
452.105988	231.819929	176.053063
453.366314	230.27933	170.02181
453.320248	231.350712	170.836639
453.306337	223.407697	171.259621
453.459139	224.182284	168.595295
453.22649	231.500819	172.579006
454.281712	230.253487	170.025472
453.837857	233.90108	177.687027
453.379084	253.422212	94.347966
453.909642	226.761116	176.331476
454.422804	225.070736	167.676085
443.761948	255.008332	271.710487
454.9862	224.542307	173.830679
455.15209	229.306531	170.956799
456.342787	224.873369	165.934001
456.162615	223.186029	169.527287
456.921549	235.317148	171.484083
457.803113	229.366231	172.709595
456.934349	226.338227	171.995868
457.838425	234.291139	171.547904
457.893325	231.220978	170.852588
457.63483	225.572652	175.531422
457.571469	224.63663	176.449826
455.456687	231.243894	202.120246
457.624191	223.580056	175.629988
458.813117	229.20131	170.968005
449.890588	262.771607	268.04082
459.990138	226.762545	165.834402
459.960804	224.855504	166.813982
459.583031	231.377295	173.474445
459.745044	234.095658	169.804738
460.890862	263.632059	151.63601
461.772288	239.258571	160.651636
463.382388	229.075508	170.974048
465.212976	232.960072	169.867963
455.794636	268.687974	265.931594
466.20152	250.459792	90.30428
461.3636	275.137524	259.130298
463.164638	254.08277	270.368768
473.274686	241.498927	164.870214
473.712409	264.091464	208.481679
476.203807	254.959441	146.089744
478.095056	245.959918	95.138087
477.656154	262.565188	161.522771
478.855153	256.23903	159.327197
479.406806	242.563269	166.541037
480.180943	263.561982	161.454844
480.728294	257.565894	103.198227
480.234021	252.220422	207.141539
482.866864	261.215265	158.060482
483.562911	262.852406	153.479553
484.834326	261.215354	105.605005
487.852022	249.062774	158.90054
487.227182	268.54517	203.117287
491.214981	232.013169	159.912863
490.835634	240.828801	156.716871
489.68372	261.736976	165.203584
492.212348	261.532436	162.524594
493.168092	245.49971	166.246331
491.632094	268.234944	200.450055
495.702974	257.827041	99.675295
496.348742	249.54821	165.965202
494.271393	248.034511	238.089954
497.62033	254.59649	150.404668
500.085157	243.165667	159.994025
499.273306	263.910126	120.554941
500.490515	249.930252	155.109167
501.621033	258.742632	166.271782
503.51697	234.696362	127.490758
501.003426	268.019806	199.577981
503.530482	223.532549	165.437933
504.266868	226.550669	166.180865
502.177822	259.721202	200.913687
504.272635	265.629329	124.846811
504.546343	242.012564	201.76038
504.577547	262.784188	199.84565
504.577547	262.784188	199.84565
505.116145	245.422122	206.993277
505.41512	234.000515	208.440487
506.933584	240.015157	154.607525
506.734481	256.323457	158.243205
507.843243	239.594291	165.427442
505.403379	261.162296	206.279748
506.748477	254.518918	123.677554
507.121508	261.368979	131.22299
508.614317	240.658147	166.258881
506.870987	266.418268	206.022758
507.813901	263.4856	131.986693
510.44879	237.593349	163.645554
510.287029	263.87323	165.035245
509.534931	262.172316	205.308102
510.783333	254.451015	199.304932
514.472299	245.553369	92.382698
512.272207	257.593829	199.126513
512.018085	263.33474	139.902571
515.077512	220.625402	139.166938
513.650599	251.909437	166.47353
513.032765	260.69722	144.45857
513.984335	259.486831	140.913945
513.484434	265.794071	196.862642
515.241377	264.080229	148.75235
514.183361	267.750402	194.920214
516.97156	238.528341	156.136088
513.868451	237.758256	250.640399
515.58236	258.027802	187.142972
515.63275	254.009901	206.522316
515.755422	250.945416	207.563114
518.317192	223.800261	139.739736
516.559215	232.291552	208.506586
516.743929	264.862644	161.319622
518.448762	245.84818	207.752544
518.33195	247.98306	208.554639
518.452376	263.555657	192.333204
518.620669	260.166422	203.472164
518.802548	256.146147	205.468806
519.606214	238.64837	208.092572
520.616712	265.034767	130.67479
519.221184	264.420167	204.191142
523.425666	241.280036	144.913904
522.280096	256.281344	166.09429
522.732485	224.496505	208.810859
521.810989	262.284206	165.880584
523.207115	231.710992	209.284762
522.750297	256.826533	211.732332
526.380074	230.903891	150.612592
526.390069	245.147114	158.194385
524.651004	252.282282	205.536322
525.434572	253.176622	202.75862
526.945989	251.700256	148.824683
525.960373	243.023839	205.014812
526.322274	266.242935	196.74356
529.030236	230.966268	204.634713
529.486104	263.564917	130.279359
529.166771	243.260178	204.933448
530.868491	251.858402	132.362375
530.006361	257.711448	145.760013
528.77547	250.422344	204.641568
531.354288	242.693128	162.665288
529.734331	262.452815	198.713287
530.470599	263.793465	202.33475
531.598604	258.034882	191.538634
531.48499	259.677822	201.556136
531.851134	253.376827	199.03113
532.355222	244.338254	201.197155
536.140624	227.501328	168.549453
533.50802	251.745378	203.643412
533.57468	250.668691	202.768481
537.259171	223.162867	155.783834
536.618106	234.307983	165.515525
537.842565	223.901013	173.214656
535.854235	253.429542	194.435106
537.680918	256.19028	164.808939
537.879133	236.833499	177.403254
537.257668	243.404489	193.836626
538.502045	254.430105	168.530888
537.818695	247.440496	192.778504
540.00016	230.658555	165.497243
539.214638	236.575984	194.024324
539.672697	233.045421	177.463566
539.331111	254.449831	167.586136
540.147906	239.826536	172.601069
542.42215	227.246005	172.904922
540.762255	239.358424	184.66107
539.839531	268.766449	205.102717
542.3567	239.43852	182.767786
542.56782	239.048617	172.550202
543.149531	227.416403	175.649359
542.948083	227.722561	184.918854
543.932811	244.891284	167.705438
545.848865	231.987166	185.654096
544.723615	250.54131	200.99463
547.224415	232.979799	160.504315
547.238949	225.733126	172.766486
545.479622	252.027301	189.892054
544.842976	263.904625	203.496079
546.53072	261.582133	197.141573
550.237939	227.138554	176.352698
549.541457	224.23115	178.293444
548.809559	231.760216	196.720273
548.373446	256.934644	200.962915
551.361263	236.01357	175.214296
549.436005	251.741693	196.457041
553.102924	233.219754	175.239344
554.115176	237.605876	163.899064
555.791802	247.096006	156.15562
556.644914	233.967249	165.806412
553.611765	264.068796	195.473016
555.052811	269.029072	207.453836
557.67526	241.137323	169.411178
559.273693	247.155565	154.220402
559.78615	232.447461	169.541772
559.067091	268.985748	188.092286
562.32543	227.038533	174.298779
560.071199	270.371612	177.72603
569.353939	226.011043	167.717581
574.531472	235.453955	149.808135
575.147364	225.452432	158.406595
66.102792	200.64736	178.212741
67.330964	196.600485	176.260527
68.673041	217.294265	169.739126
68.014101	216.891921	174.506002
69.403122	187.935985	168.47867
68.407799	219.23483	177.429769
71.008019	176.85453	173.199128
71.794315	191.205987	161.962719
69.960205	213.068685	173.584794
70.273169	197.492495	173.462589
71.197692	184.17277	176.239124
70.799542	214.852294	179.449423
72.047742	181.410762	177.211647
75.398461	215.433309	145.858591
76.809139	215.003359	148.623201
74.790722	208.371296	164.186599
74.48267	203.8597	166.97376
76.957439	192.501774	147.522197
74.586022	212.275788	171.846618
72.093246	201.514962	189.347663
76.098042	208.778626	173.832278
79.878034	201.151817	145.031403
79.696573	186.998809	148.590267
79.338463	177.043985	154.914522
79.90456	208.921444	145.092596
79.770036	182.211081	149.519844
80.394999	176.020668	154.086696
76.889968	182.106177	179.466117
81.146256	195.964267	142.426908
79.642667	199.668838	161.522153
82.120408	203.69903	141.605063
74.83244	206.016675	192.446884
83.261632	208.351298	139.897781
83.030813	188.440496	143.483749
78.475156	208.866705	180.791217
78.652451	201.64858	185.733777
84.509296	173.038493	151.723696
85.572469	185.007506	139.346217
84.755473	196.286033	142.668134
79.72314	198.117254	179.853743
79.861765	178.883357	183.59312
78.612151	192.049854	187.676547
85.141596	193.933797	140.061314
80.716915	181.814382	182.70893
84.017871	202.026481	161.846705
89.104264	188.743973	125.692288
80.190171	199.507007	191.763723
79.931105	202.539348	192.724377
80.163041	200.486821	191.759219
82.039453	195.190341	186.921482
79.594758	201.746482	194.681208
84.175997	182.42501	177.044774
83.114111	184.991807	182.939462
85.342109	205.453966	164.807973
85.265854	201.205279	177.297084
82.378077	197.941319	193.871684
87.20172	207.432077	164.01569
86.688561	204.98637	167.761852
86.562252	204.128463	168.703405
84.035412	191.318923	186.052151
88.200806	208.358967	163.155067
85.099679	195.127535	184.158829
87.82707	205.805714	165.951814
89.772907	204.945029	152.098523
89.728717	190.688049	161.301461
85.469615	199.307451	186.160687
84.097409	196.115314	193.985738
87.852436	180.664452	176.361654
86.046761	183.597593	186.162356
90.804224	217.263312	150.354097
88.684438	206.852014	166.025284
87.120501	190.700029	178.368644
85.933643	190.389395	185.198098
89.588409	204.99202	166.093357
89.976237	217.048834	162.370313
84.446523	223.395221	192.62821
85.372726	196.428076	196.029791
87.784902	196.234115	183.372003
87.426905	203.174926	184.309544
86.557614	209.407534	188.118894
90.019484	205.40977	168.98744
88.275788	187.307837	182.396905
93.197494	213.86542	145.959247
93.777284	200.986572	149.700204
87.498943	204.601458	188.227757
87.590916	200.688533	188.267141
94.175391	194.897702	147.938337
87.245717	207.624254	189.158034
87.377497	194.98382	190.260707
92.847293	203.823337	156.055237
91.985818	195.076268	163.421925
88.697021	222.692991	184.147637
89.483729	190.586438	184.496102
93.170342	214.861679	158.88417
88.453241	199.780116	188.332426
92.837885	201.848057	162.589581
89.749876	216.406519	179.485541
94.347715	184.411297	156.170319
90.520389	212.12812	175.725357
88.263606	217.216765	187.124405
89.204474	183.966183	187.444861
86.990988	197.545712	196.115248
96.216	205.868615	137.217275
95.805901	215.973264	146.140353
95.823423	196.155359	148.996585
87.134851	207.181054	194.036342
96.15806	187.387227	149.073422
91.035644	186.450559	181.652178
89.600347	190.030842	188.473655
94.533401	196.463663	158.056686
93.426911	209.777127	163.597927
91.910573	209.947982	172.966208
88.818559	196.192855	191.339394
93.985939	177.659239	172.078098
90.021139	188.870904	186.526303
91.698999	221.138648	177.631194
89.860502	202.950362	189.376397
97.152564	188.320514	154.624946
97.428295	188.065442	152.825025
90.372418	200.258924	191.399718
91.94202	184.489382	190.690592
89.916851	212.085591	192.150563
96.509802	196.326265	162.937859
92.578151	199.699616	184.713912
88.438485	189.838776	206.99316
99.410975	207.518146	140.156231
99.747664	178.411215	146.810216
98.617616	179.454465	153.883357
90.469605	206.47764	194.22546
98.418953	183.379657	153.852755
97.640786	218.876297	151.794503
94.89877	177.324457	177.044896
92.372503	188.180915	187.728904
91.699771	185.559467	191.657651
98.790195	189.571465	149.325768
91.565354	221.816586	191.026616
92.187583	220.557384	188.219305
99.373938	202.120101	148.402747
99.797055	182.092655	151.277766
100.853393	177.371411	146.035178
99.380271	190.886549	151.196572
99.091996	188.35002	153.914318
94.64855	199.657934	182.930733
100.688876	187.771721	149.531521
99.649715	186.852297	156.734776
100.986586	174.442387	152.337958
97.633365	216.845131	163.93925
91.647737	200.983763	197.301993
99.312772	204.084411	154.826918
93.157532	216.248435	192.213258
93.155205	197.839324	194.550375
101.802293	181.136034	150.58738
94.665525	183.612943	189.95938
93.794604	205.769563	194.425146
94.620303	223.642619	188.24942
103.071152	191.950239	144.317901
97.335311	220.268988	175.194152
102.229841	193.756273	149.657637
102.356121	188.053616	150.612828
101.37103	191.758936	155.998054
94.845041	222.583132	187.342629
96.719755	215.904051	179.030633
93.734386	208.707584	194.352854
103.046519	179.964624	148.917091
102.778408	177.419475	151.61023
101.557091	190.657354	155.097184
101.730953	183.945929	156.045393
99.905523	204.068115	168.014054
104.225243	199.982509	139.800054
96.880615	203.870211	184.041515
97.713169	194.79246	181.298325
95.506677	194.76444	191.856724
103.220365	184.347792	158.061024
95.775028	181.996781	193.066051
93.197563	205.466995	201.099967
103.625244	182.138835	156.259328
97.875333	214.420735	182.014231
100.658705	202.315857	169.049149
99.125402	201.32156	177.508755
104.558588	196.174395	151.721789
105.155087	186.319521	150.919659
99.143815	212.358464	180.242214
101.996146	216.882396	169.036515
106.628488	178.430942	150.197281
98.935817	215.818328	184.921281
107.364482	179.550498	144.842575
99.528416	206.906961	183.247875
106.334014	178.699171	151.984216
96.896769	205.14346	195.57772
96.727041	194.458599	197.779415
98.64981	219.768962	185.742223
99.283812	208.94532	184.148934
96.649047	197.426935	197.690164
99.727578	206.811751	182.305812
98.325002	206.485807	188.928522
96.857728	207.106385	195.520672
104.311862	209.293998	161.839898
96.054472	205.489407	199.330333
107.649882	193.095103	143.843072
106.823575	180.995269	153.861951
103.57519	207.975543	166.476425
99.033357	212.396753	188.829758
106.263517	188.941783	154.703706
100.164206	207.069732	184.257347
99.242563	202.640713	189.082114
109.035485	175.212928	147.732693
103.155428	218.31021	171.939908
102.960333	188.88694	177.995559
102.073969	218.972607	177.489322
101.433039	222.156605	180.184066
101.460956	197.280765	183.578877
102.076413	203.743716	179.687877
98.597302	186.639473	198.147967
108.549554	181.231131	148.56663
108.318288	175.757884	157.713496
103.73295	209.464071	170.253126
104.900012	210.262869	168.472164
101.231219	216.115676	186.01904
100.855482	178.373393	193.621653
98.785668	201.65393	198.644115
105.445444	213.617728	164.717294
99.218102	201.487157	196.775111
102.501867	212.628497	180.51509
108.833844	187.430542	150.393127
105.798804	189.42138	172.532442
102.782514	219.62602	182.242009
101.910251	222.90513	185.831833
101.039478	215.692895	190.74437
104.407669	214.949451	174.949698
108.408958	187.712903	158.662171
101.621901	179.423533	193.686497
106.340845	217.366117	163.804522
104.079471	188.308984	181.045899
109.820693	183.620358	156.967809
102.762762	222.011795	185.916397
104.34818	192.484907	182.971393
102.983211	188.122547	189.729471
105.604666	182.281698	179.30136
102.273365	205.93088	190.183219
101.134842	209.307048	194.739542
100.616599	199.116804	201.661418
103.971354	196.908564	187.683772
102.12575	200.525852	195.090722
102.970071	193.367136	192.506225
111.757892	180.817244	157.188801
109.882245	184.956683	166.354595
104.676662	210.569464	186.431835
104.254107	201.072731	189.518174
101.878453	189.135021	201.193633
103.919226	216.663938	188.998677
102.234244	202.810841	197.853278
103.683584	197.382869	192.444796
112.202556	183.094154	159.104926
109.023271	194.576908	172.878734
109.312863	183.896068	173.923388
104.997608	224.212031	186.886122
104.336568	215.950119	190.921215
105.584867	216.339125	185.369789
111.97432	181.381824	160.947454
107.354779	209.752668	178.168211
106.601169	223.37514	179.580872
105.312828	209.754793	187.448741
113.451119	177.415779	153.668296
104.837942	193.410708	191.701531
105.449664	212.038769	190.201713
113.811584	189.054718	152.760206
106.73428	220.041276	183.444924
108.8556	218.854704	173.371498
113.141581	217.991934	153.216698
106.189429	205.356721	191.426224
105.650375	210.424721	193.080031
112.951131	196.124343	161.024108
106.856459	205.094648	188.655507
105.871	210.335058	192.162919
109.418967	221.876722	174.261043
107.255061	198.142446	187.944626
108.993447	204.612651	183.174
105.422362	194.197872	199.325594
105.167881	195.271232	200.200602
115.104783	189.582389	155.686396
107.724885	212.853079	187.516619
107.195466	217.877642	189.144772
106.804832	204.522718	192.438059
106.727223	208.44287	192.288028
115.232697	212.265837	152.614589
108.699638	207.624485	184.009055
108.096991	186.761747	193.154008
106.535536	191.184083	198.58762
106.241456	206.076893	197.937133
113.301718	192.448243	169.580793
112.094631	184.425874	177.14238
110.576053	220.428623	177.19907
109.620179	220.012885	181.789847
106.856353	209.747162	195.03483
107.206281	202.783431	194.404296
120.140056	174.666344	131.276234
109.071253	208.844142	185.882608
109.413959	211.0332	187.702586
108.283094	224.916534	190.696573
117.647517	178.830535	155.042686
112.727379	218.731829	170.916542
107.507213	194.157312	197.58469
111.787137	189.17127	184.76752
106.966142	180.403443	201.895726
114.53882	182.28966	174.546364
109.487356	194.826358	192.987718
117.699549	205.255285	150.187202
114.959521	185.92862	171.711462
113.258604	196.321583	177.130505
108.900732	190.073877	195.967131
118.660429	203.389223	150.310078
114.81378	216.698193	169.299033
110.574804	213.278226	189.54712
113.906474	217.287631	173.861466
109.256941	199.162163	196.547903
109.87698	215.499987	192.170693
118.233408	197.294123	160.64813
121.674733	176.704348	147.0598
112.55685	194.462919	187.568764
111.886609	201.525457	189.164932
110.852294	196.00432	193.984707
118.956251	190.254154	158.903551
114.930371	221.850764	171.930659
113.265747	207.723962	182.512153
109.768684	218.844666	195.646216
112.576278	197.721884	190.292927
117.732591	214.700576	167.754414
112.702824	188.133195	194.436299
119.049211	185.313964	173.120279
111.75524	186.400852	198.210147
112.052417	186.578115	200.091324
121.975691	202.750836	151.558115
119.045133	207.941758	167.11864
121.899339	178.945944	161.11066
112.31147	196.464969	197.778934
115.580471	181.949513	191.05706
113.308543	188.499692	198.21604
125.867739	199.497153	128.523203
117.816356	223.230675	173.952931
118.03998	207.219013	176.398047
118.710266	222.619616	169.425147
114.237279	191.225158	194.421397
119.224265	222.238042	166.697225
113.045188	200.498221	197.626271
122.348431	217.503029	148.404397
120.044549	221.576188	162.133345
123.810566	193.664886	154.660488
124.545151	177.406816	156.663285
120.038054	218.632753	167.823817
120.478384	209.113313	168.155413
114.664055	222.589577	192.017254
124.410777	197.557659	154.667402
116.653002	183.165863	193.010408
115.986135	180.338208	195.896207
126.1274	179.447587	156.811821
123.270657	201.017101	164.841496
119.030987	182.801565	187.493066
120.448442	179.447957	182.879651
116.11407	184.53081	197.627058
125.278912	212.743292	153.473756
124.983091	220.132621	152.271252
134.940675	193.795981	88.593716
128.297926	191.776191	148.47414
128.618103	201.241861	147.417602
122.260942	179.443475	194.410095
118.943638	181.145363	205.225329
130.578389	198.245009	157.970331
130.828534	179.613744	163.815371
129.285771	202.918823	163.412351
128.786175	199.581872	167.19679
131.600132	195.381134	158.091328
134.296795	175.538554	155.574639
122.726272	180.935742	200.823965
135.303405	201.597842	133.671272
132.39898	212.32538	150.206003
132.149917	209.960318	153.09097
133.979693	182.228958	154.605715
134.230989	205.719249	140.115934
123.402831	184.822094	197.948968
134.349262	192.605492	152.659203
124.524324	183.773258	197.11996
134.783144	211.241935	139.041633
127.454297	209.671008	185.21348
139.798609	197.002493	111.740811
135.867814	188.26412	155.637662
133.729396	211.737086	157.828375
134.638188	180.313999	161.265485
133.879471	180.8155	164.983894
124.199036	213.959852	197.335254
136.884091	193.465146	151.857201
128.73983	206.017372	187.242819
136.146036	214.397909	145.621774
137.02942	205.527825	144.049384
136.901386	185.371066	155.726342
136.019333	195.192542	156.499053
136.006822	188.853682	159.413352
139.030984	212.471291	130.738637
124.57719	211.960184	205.299997
141.027529	187.691588	136.058931
139.386602	192.512211	146.32955
125.930468	227.048064	206.01908
139.401625	182.64087	156.836027
133.825989	208.609591	175.556032
128.604751	183.252513	202.619234
129.144869	183.519299	206.124379
129.007528	189.701727	205.794051
142.698419	195.140031	150.234942
141.9661	191.408755	156.874445
131.672214	181.306666	203.608846
132.767992	181.438701	205.355851
134.467036	212.879039	201.898229
157.89863	196.698841	74.990596
136.031011	204.590543	199.801683
149.744663	208.949121	132.245145
156.271174	183.198778	104.789038
155.443868	200.378458	109.874341
138.164978	195.670757	202.017889
140.669973	220.222526	203.119012
142.336108	220.256217	203.093422
166.348059	172.870366	100.192396
162.474508	211.915923	110.864555
165.256983	188.409349	106.978936
145.724771	228.254044	202.521282
172.521492	176.462021	71.20446
147.557187	224.204707	201.884133
147.369469	220.336258	202.987027
146.111661	220.163331	209.010843
148.675596	186.329089	201.507913
147.568995	212.177998	202.648441
160.35654	201.508317	160.796635
160.13512	217.941416	154.689666
150.765204	214.33006	203.287656
169.897834	207.784519	109.497326
171.973506	202.115106	100.834708
151.984312	214.107712	201.558052
152.64911	215.235162	202.321363
152.95826	202.918052	202.245439
153.81476	202.913831	202.224782
153.315951	223.40818	202.628273
152.461429	216.95708	207.354397
174.454022	196.888534	98.341207
154.172045	224.418212	202.538662
173.444031	205.913759	109.669734
174.03468	200.839776	108.019115
156.101801	212.20124	202.420079
176.37395	196.711923	101.950183
157.213391	205.967946	201.939867
157.806776	215.250369	202.165978
158.98545	184.112779	201.427105
159.318363	180.924375	200.692107
161.043222	180.891343	200.662102
160.816825	195.096287	206.891797
160.802338	215.616218	204.615609
161.396717	205.02867	202.744253
186.084574	181.472339	91.70384
163.342801	203.881387	201.903899
164.562317	195.513081	201.544474
163.532312	204.315153	205.32229
175.993282	175.767224	154.207434
163.967242	210.150403	202.321411
170.920719	185.867636	179.269451
190.636002	166.592969	83.006354
165.814715	203.974224	202.690356
165.880747	199.840653	202.966163
164.909025	229.082067	205.324092
167.414625	194.347417	200.681492
173.796074	188.003894	180.971129
170.877942	190.244954	201.723144
190.061368	182.684853	106.926691
181.057474	191.855242	151.321555
172.927391	186.99978	201.008659
173.790197	188.500063	205.25692
184.473518	198.949406	153.07814
168.11336	209.449842	261.662499
180.57989	222.773013	165.699858
184.675808	182.695114	163.43854
182.930338	202.773596	164.719847
188.542976	190.392001	148.798433
187.823872	195.56294	150.500201
183.411129	218.858699	165.926322
186.04754	214.329261	162.596473
187.497509	199.104677	160.436616
187.189871	201.218397	161.271661
187.488914	202.621073	163.934208
190.480907	194.15382	160.645192
190.128884	194.41662	162.434516
191.365901	194.150971	160.670248
188.280919	222.156641	167.664758
191.231703	199.640288	164.120903
189.251272	205.942744	172.725624
190.282485	215.491233	163.547444
185.424718	190.531351	196.458234
192.835851	196.262091	161.561652
186.871012	184.082862	195.092298
178.410714	205.222709	261.06131
192.901469	195.270392	161.589525
191.435832	207.553965	170.090881
186.42689	198.226278	199.435693
194.583232	201.930437	159.642211
194.196491	200.366058	162.385873
194.056775	205.182047	161.329496
211.670064	162.078417	81.32736
197.369717	191.768849	158.18867
195.132993	206.746998	164.896044
193.280622	218.825821	171.455066
188.1644	208.134648	209.936272
190.573145	219.062417	199.147885
202.118457	177.382311	147.626911
191.19999	213.425758	196.143021
192.765394	187.918437	201.843235
200.911494	179.972532	167.594111
195.6968	203.009741	188.447436
196.063881	189.117183	194.183927
199.277749	217.460714	169.045137
195.375063	190.556773	197.498681
197.789411	204.846232	186.749169
196.96143	190.156708	194.161095
207.516094	189.02228	153.114534
227.837958	194.003803	45.953154
209.498173	186.071576	153.251689
205.044667	208.790204	192.758227
205.748097	219.098305	192.337425
225.714312	194.838274	89.908788
210.330517	211.349521	188.662206
218.540729	196.459639	149.617263
218.540729	196.459639	149.617263
211.203229	218.418222	187.56181
213.514084	201.972768	188.323096
212.911027	214.58918	189.487904
214.428343	196.89556	189.410972
213.431019	226.990459	189.859206
214.021705	207.382665	189.829584
213.970445	209.449859	189.743447
214.40189	197.936057	189.369602
214.883073	201.655071	185.824451
213.156706	223.296597	192.531949
214.355683	186.154528	196.646121
214.206242	211.078147	193.927805
236.942902	204.548791	82.403358
216.980406	211.316643	188.090948
237.054846	192.793124	85.255724
217.527585	221.707679	188.549162
217.479871	223.746913	188.465435
217.454478	194.305757	193.899047
217.311326	214.896016	191.368562
238.979504	201.263669	80.604976
217.09814	225.145909	190.949068
246.030828	195.177202	43.519692
217.955117	223.246238	191.914209
227.091443	199.9227	146.10648
218.772458	223.38729	192.797885
221.551167	204.611859	184.2381
220.520267	218.563652	187.944752
219.969608	208.964595	193.429576
220.837653	225.210854	191.114407
222.587805	190.321136	186.522077
221.051343	200.63705	193.806022
248.391706	184.264342	48.197464
220.023248	186.073365	213.152907
223.976004	213.851708	190.846736
224.168603	210.635251	190.124357
225.635913	224.131	183.599199
224.25244	208.341707	196.211782
239.491421	193.384128	108.022987
224.760706	215.019056	191.691138
224.780132	213.986759	191.732872
233.435817	195.341778	141.861403
225.360285	198.176044	190.648702
225.517724	219.297604	185.527119
235.047707	199.285667	141.775997
228.563699	204.262951	181.020898
252.538987	184.551875	49.964321
250.130954	198.236485	71.863408
238.647742	202.132166	140.856114
230.332796	222.198452	190.778456
257.217445	171.751844	45.072249
257.801381	194.632682	46.464517
225.120646	234.170726	275.137137
253.968351	199.858168	74.762063
233.953681	217.41491	178.910353
259.321372	191.813175	47.270063
234.150419	183.213453	207.011662
263.622472	174.643215	50.095851
263.354975	196.062624	75.185511
234.723917	212.828279	274.743018
242.100295	185.093341	203.816002
267.426137	179.244	48.765671
261.996718	198.809135	82.424161
269.019803	190.415487	45.209243
264.982401	179.185721	69.539903
258.624193	205.986773	107.475823
271.095163	173.603188	39.947922
269.311577	180.59592	59.36837
241.782236	226.835404	233.337207
271.50031	193.579777	46.123019
259.124063	170.234885	119.538162
245.165175	184.60432	208.267332
271.529543	187.438554	45.165002
245.424496	183.320223	206.582764
267.111722	182.451788	82.378098
266.288327	175.027723	86.985679
268.15116	191.704376	77.081123
245.149508	220.399282	225.915445
272.239378	201.553739	69.470997
271.851765	189.21245	70.875257
270.615398	200.734832	78.250075
250.475357	180.964882	204.194971
277.292661	192.793211	46.941353
274.150048	194.57926	72.847318
274.879713	177.838259	67.980192
271.979857	189.752622	84.456604
279.618253	194.134735	48.577118
275.586495	161.455292	75.005094
278.420068	161.588546	56.489637
270.719814	174.663005	96.62595
280.132439	170.290227	56.698371
268.582686	172.49147	120.571778
281.695171	189.531773	45.221674
267.733447	207.174131	119.827256
280.111759	175.184414	56.847542
281.296559	195.159745	48.598837
275.885918	178.690363	82.512619
282.421138	182.354686	38.585474
270.955694	177.952059	110.036974
277.481306	203.804366	78.476983
277.664769	170.75977	77.821544
277.975333	200.209793	75.729721
282.159495	188.160308	48.374052
277.607542	182.573172	82.58974
281.91707	166.42576	56.611917
269.475053	215.939707	124.159554
279.620921	182.86777	76.210179
284.428589	196.150825	42.949072
279.290435	165.796087	84.378747
279.384292	169.367076	83.427504
266.321281	178.807431	162.073297
281.947103	160.820551	68.727744
284.63576	197.216489	48.623186
284.801301	175.225171	47.881006
278.477318	173.470175	88.141824
270.359456	196.489442	133.229976
277.358109	163.956164	95.845697
279.973069	167.95401	85.320879
274.627842	197.499558	106.992472
281.638609	172.965082	75.138763
287.163112	182.967594	41.702825
280.870268	190.620092	83.679226
279.580669	166.103143	92.953838
270.792575	216.832924	132.432752
277.293986	195.40923	102.328551
274.280484	206.898108	118.00801
287.574089	197.49773	44.530138
282.376735	179.243241	80.735269
280.790731	184.331369	89.161868
287.244905	163.599704	56.578804
273.010163	179.67388	138.252476
281.268887	169.937774	92.929531
287.409743	160.534325	55.698667
262.572397	185.019145	218.046053
289.205835	165.94797	40.263334
282.846782	185.550558	82.681595
281.858277	173.747141	89.112973
289.291607	165.799265	39.451414
285.446831	185.937231	72.730535
283.571098	174.445966	84.410768
276.975694	205.994553	118.033459
283.775933	168.009408	89.136336
284.234522	165.877793	92.017132
287.305234	178.146756	72.542582
286.173577	182.691985	78.968617
286.087136	163.202926	81.621103
284.078099	189.45902	90.151822
284.799983	179.327944	91.965028
285.621994	172.567643	88.173461
281.056272	186.046054	107.124117
288.269462	181.272661	77.117018
287.054959	164.423461	86.323244
287.942441	178.34738	84.438407
287.452573	178.115066	87.24278
286.37051	181.519579	92.909623
289.545803	184.496743	74.472739
286.001502	175.504307	95.760364
286.051628	173.57893	95.76959
287.939702	181.513378	89.137012
287.27723	165.399571	90.111515
289.361804	193.717325	80.091613
288.863829	173.08224	90.052556
294.776624	161.969664	53.168589
288.889041	172.120136	90.054961
286.637754	167.568501	98.690462
294.420643	158.929086	56.53502
294.28366	164.661346	56.572377
289.580758	206.181374	83.025585
274.056017	192.856369	182.20598
288.525122	188.549198	90.122811
289.111199	164.447361	90.116321
289.713516	171.856603	85.333747
288.393123	196.320943	90.198259
288.281036	170.213415	93.872115
288.551007	197.055654	89.282874
287.574236	185.168208	95.738738
290.426026	179.585394	85.364978
275.51667	208.519463	174.728378
275.482226	196.357553	184.76446
297.945487	170.519076	37.738241
292.053758	182.272869	80.760201
291.890191	163.957494	84.424468
289.660198	173.592766	95.74157
291.924741	202.768416	84.749689
279.58693	187.45335	163.583726
275.178831	200.576722	193.418862
291.857067	197.129449	85.578036
286.234814	212.119937	110.45499
291.766411	184.939793	87.262922
294.360706	200.542969	75.701319
292.649468	178.405773	88.138777
287.811726	192.371686	108.8856
291.420207	169.980566	96.705566
290.235586	168.529693	98.646314
292.130602	168.054458	92.905068
281.995624	183.000298	160.959648
285.250769	210.376209	128.020926
295.414214	165.913116	73.283637
292.019749	177.45086	91.908791
280.812659	195.049133	166.094345
299.048643	173.585878	43.485073
293.738424	202.410298	79.31416
291.55939	170.70421	95.743022
276.176456	199.318912	200.352526
296.344846	169.536533	72.381379
295.477513	175.529257	76.977627
292.265863	177.464282	95.691386
282.820611	185.097276	153.641847
283.641815	203.194803	141.207026
283.362047	194.074538	146.088449
293.409025	187.397068	92.855594
289.94908	208.888164	104.944739
292.057008	168.526945	98.62459
293.36886	176.258114	94.732503
282.994952	198.559827	155.114549
283.895153	202.214531	146.75875
296.179683	166.127856	85.308542
290.634179	188.521149	108.887305
285.167596	198.930835	145.011654
290.3771	181.424203	111.802395
294.957244	180.852078	89.993377
283.968056	188.816737	158.086951
295.185728	181.833107	93.751741
285.222403	200.757032	144.03519
297.687503	176.265093	79.707113
285.018	191.629593	156.192057
292.751707	203.124578	104.966187
295.570524	192.528263	90.061906
296.574252	172.3869	87.146388
297.694292	186.961999	83.506305
296.518081	179.886199	86.227373
278.552329	182.332032	211.788287
298.117535	176.530115	76.96117
297.622928	189.893359	83.548657
296.84543	196.706897	87.317685
280.345764	194.83758	197.786886
297.785755	202.942092	81.036142
295.912337	188.636856	93.754787
286.747906	204.08759	145.758401
285.468395	181.310967	163.667068
299.104271	189.948639	79.880425
293.79955	203.875403	104.014307
292.810514	200.21774	104.992256
286.869036	203.924388	144.842376
286.779913	203.095172	145.789794
285.539879	202.783388	155.890131
300.247906	178.779822	74.250238
300.11568	160.66571	78.81767
300.8088	187.262121	69.080898
300.082287	161.617218	78.801301
298.372907	202.426244	82.815809
296.273195	184.753597	97.501346
299.66599	197.067621	80.900045
297.967962	191.091845	91.864451
298.298456	173.852119	92.777762
299.641761	175.54573	84.303395
299.909708	187.2544	80.730918
301.309259	189.285444	77.122282
294.71975	184.200304	106.977042
290.441605	205.737492	138.300801
298.743429	195.977933	91.878786
304.031133	182.842175	58.550779
303.822765	189.804612	58.749067
289.634433	182.944722	159.979425
288.230403	208.043641	163.026686
300.632409	199.231792	85.445316
296.57832	194.435839	104.974155
289.820977	178.804552	160.074537
298.462924	172.581467	103.243653
287.56911	193.829757	179.432048
285.115934	182.85414	205.564141
305.534174	164.603632	71.427481
302.734752	181.88537	86.149892
291.22078	179.270849	163.650835
287.840368	186.896609	192.569139
291.984737	206.922239	155.7478
291.771317	203.328122	158.585148
291.879444	200.28334	158.659702
287.157462	191.648947	196.831265
306.787394	194.438107	61.369146
303.536137	180.186032	87.061229
301.941369	177.97369	97.433639
303.57123	174.598887	87.993189
301.913873	183.570556	96.464815
291.479579	219.477871	164.541645
304.154274	179.228119	83.336744
301.589016	179.42271	99.324343
290.351783	191.878223	180.303101
305.951904	160.010586	76.04245
292.786953	201.313091	158.630768
304.864761	194.429058	81.665151
305.1784	175.347442	83.312178
305.270787	190.03596	79.780915
303.654277	186.028003	90.811031
293.602144	178.820964	160.038415
305.80189	181.730554	77.844078
301.533878	202.300902	101.100306
306.28325	169.544483	83.319102
291.887071	216.026965	161.899239
293.433697	218.107713	156.332084
293.569078	213.124777	156.486064
290.395626	205.020391	184.551418
309.474511	169.57045	59.94983
304.516783	182.848887	97.370926
294.326329	176.043767	162.799158
294.915797	214.499025	152.767086
304.159746	176.000891	101.215566
307.129356	178.779531	81.460523
306.76502	169.293439	86.121465
304.987485	182.12987	94.539033
306.184206	169.276522	89.88809
306.49579	177.519331	91.710727
304.075706	174.283863	102.187506
292.98152	181.015276	177.785875
306.290638	192.653994	89.873927
305.739404	182.374277	95.470581
305.427972	182.852745	97.358704
295.399229	204.542845	159.457221
296.22754	181.02743	160.866125
291.207804	191.51192	195.02572
307.41623	176.081898	86.083647
299.696123	195.262597	134.828532
308.921426	186.520004	73.386404
306.942548	181.427831	87.956798
306.981902	172.184286	89.853932
305.397347	193.107304	95.46571
291.756933	187.606428	198.461528
309.706087	184.223081	68.02584
299.247403	209.063672	134.450557
296.890983	211.542667	152.858156
311.304775	162.291867	61.672963
308.145852	186.894633	78.793624
306.770738	178.012159	89.827553
296.831103	213.537036	152.799129
308.379613	180.038481	78.713689
307.898078	192.461775	85.243414
306.875648	208.127514	89.02805
296.779617	179.412429	164.488299
308.905767	171.494712	83.295756
307.57083	180.939187	89.817646
305.070435	168.656938	103.21314
296.856273	180.341991	163.571552
309.171152	197.843605	75.362813
308.269646	193.726916	82.512026
308.012841	193.209264	84.33371
307.80705	166.848458	91.802588
299.749891	197.065476	133.853739
309.798931	178.805487	81.444081
309.699132	167.136939	85.198989
307.359133	202.199163	92.667564
307.897303	180.929149	93.568312
307.715511	195.106936	91.716882
296.22541	186.84124	173.247554
300.270795	214.558514	132.424192
297.434057	180.690273	166.240964
298.448184	184.641704	164.364761
308.75258	199.546965	89.875636
306.767758	168.873122	104.14685
308.991592	196.368487	88.935162
309.18191	203.533556	86.233504
308.617344	182.14851	94.499404
298.474165	178.599195	166.2766
299.297819	178.714534	167.156719
296.377125	207.791707	173.870314
310.417919	177.058598	89.806475
310.079907	171.20008	93.626135
312.239801	181.347697	75.990228
309.848291	189.014219	90.744426
309.21636	167.960826	100.333394
311.014326	198.234456	80.720305
296.925114	225.383155	182.554402
309.801171	186.319119	91.672068
308.852801	185.059506	98.254726
310.879155	198.461357	81.627767
310.721655	169.286292	89.868886
300.541333	177.446065	165.395143
299.464095	201.492539	165.864892
298.657675	223.066821	167.235912
298.137572	208.975651	174.751934
311.829809	185.728811	77.847564
310.977621	194.19213	87.980096
298.728533	215.171089	168.336454
298.054006	200.024658	177.508817
312.40568	197.351362	77.101298
310.041035	197.569113	93.548169
311.675694	188.052008	90.730082
301.093462	183.849047	166.149639
301.747044	207.602365	152.970955
311.596566	182.662737	92.601058
313.601567	195.540366	81.574277
311.820436	193.907053	94.461309
305.571536	175.990829	139.907734
302.480547	210.782597	153.809278
290.517181	211.698342	261.319409
312.083901	168.702022	99.362381
313.707895	174.866875	92.643853
302.43213	223.71853	158.970291
314.233949	188.609397	85.170046
302.96674	215.275588	156.452393
306.874872	172.647758	138.128716
304.407019	178.391319	164.461439
304.557833	180.25082	162.633158
303.679836	196.104818	164.141608
304.373707	210.804728	153.815485
303.486603	198.3035	165.008739
304.869167	211.44023	157.478078
308.00891	217.967439	129.543531
305.339688	206.945654	154.832922
305.013585	210.278883	156.588322
304.787459	191.965077	164.20662
304.805382	206.6862	159.414872
306.060083	207.259442	156.662432
306.990712	195.586123	160.539289
306.409162	196.253918	165.040449
309.751418	218.190943	130.473526
306.848434	187.809776	164.273817
305.928852	184.680571	172.316112
309.741069	214.488915	131.514116
307.438658	187.17815	159.792875
305.380792	215.256095	168.374597
308.587812	204.485986	152.15164
308.474983	204.640471	153.065522
306.757721	219.149744	155.447744
317.516868	182.729543	88.877838
308.113101	208.986633	154.798589
308.149032	187.436182	161.590003
307.267215	219.8008	159.124332
307.571084	205.838724	160.356227
311.103405	215.648613	127.765747
310.71127	217.227434	130.508186
310.705832	209.798247	132.58492
307.622897	214.483262	157.421517
308.891097	205.021613	149.381617
308.856171	206.026313	149.356346
307.483561	215.642855	158.312024
307.283084	198.328048	165.012544
311.566866	191.631865	131.174847
310.526982	215.671964	132.413592
308.885868	202.15625	150.370893
308.970277	205.25385	156.720762
306.621108	217.11597	173.79507
311.699028	211.573331	131.610074
309.463141	206.509181	152.109032
307.61178	210.925028	166.642728
308.857607	205.403146	157.631833
308.197328	209.189018	162.12217
308.811246	191.723089	162.415873
309.942596	202.006047	149.461308
312.605044	216.271434	130.549736
309.93043	184.563023	163.441354
309.721416	189.776377	163.349972
312.549213	218.221063	130.491102
310.288615	203.792588	154.013037
308.959991	201.567968	165.876654
312.35498	194.205231	139.509142
310.374222	207.521934	152.091186
309.187453	201.296001	164.074555
313.8344	213.927599	128.764153
313.477764	214.524963	131.53909
311.052428	205.974943	154.887424
310.874043	208.150537	155.755383
313.330792	215.698657	132.434178
311.634477	214.19424	155.621403
312.659565	202.175385	150.397042
313.948111	219.026756	134.19898
311.378277	196.007951	163.261443
311.553167	206.582126	158.541983
311.732077	204.40031	157.672151
311.89861	209.009823	154.826605
313.079981	211.553184	152.015999
312.489664	203.676836	159.517619
314.951781	209.606448	136.348707
313.526758	201.320878	151.342798
316.163539	214.742254	132.490771
315.099042	208.434864	135.452395
314.58506	204.043594	149.451876
316.076127	217.674077	132.402457
315.252384	203.071505	143.948219
313.769099	203.240407	156.799138
315.064208	202.396886	145.810518
314.874589	198.838051	148.657271
314.76607	201.869544	148.585084
313.727775	201.346935	157.748244
313.524974	207.453804	157.62743
313.211921	210.793871	159.389071
314.655144	202.026269	149.500256
316.381113	203.738853	142.093394
315.140661	203.236819	144.867041
314.322836	202.489486	152.241934
314.672574	201.348651	157.757403
313.739893	200.548972	165.923129
306.703813	229.623525	226.917108
316.550883	208.186674	139.194668
316.684237	204.217426	139.30275
316.269268	203.907932	143.013532
316.115724	202.237055	144.903054
314.471632	207.456017	157.637083
315.076545	198.870532	155.07258
314.289659	193.940863	163.314174
316.401858	206.061442	149.423807
316.538108	202.030827	149.521177
316.098324	202.645556	153.174744
315.692968	202.224785	156.838894
315.687226	199.303885	157.806109
317.012705	197.521242	146.872117
317.297966	207.552541	141.077334
315.944557	197.99401	156.011732
315.768793	203.095593	155.908533
315.309152	207.607443	158.558695
316.648279	201.874287	148.606197
316.534018	196.246634	151.486722
316.129426	198.725955	154.173425
316.129426	198.725955	154.173425
317.185072	201.48093	152.296297
317.082872	204.518766	152.227543
317.181171	198.580133	153.274514
318.235047	217.863818	138.005194
317.951644	197.522918	146.884024
318.883615	213.972983	133.478625
318.672495	204.048021	138.404321
318.493176	206.210923	139.273359
320.097416	215.347844	130.65906
320.158576	213.39212	130.716204
318.126976	201.481612	152.308255
317.79374	199.017667	156.013508
318.517754	199.304019	157.840057
319.688887	201.561766	146.812028
318.954329	198.727261	154.20859
321.623811	194.8421	132.153775
320.40154	196.1016	150.625467
320.3113	204.899879	148.583429
319.771585	205.684177	153.155663
320.841743	198.379984	145.983983
320.40154	196.1016	150.625467
321.961637	208.55525	141.118302
320.723555	195.94439	156.114007
323.652239	195.501031	147.019742
325.072885	199.583181	141.408104
324.779814	208.554852	141.167334
318.99952	224.57248	191.661455
336.1688	174.086108	65.90877
325.428684	208.07498	143.971486
320.118306	227.362866	189.920309
324.492095	210.919939	160.457153
321.819526	222.602326	192.576902
320.911562	226.557994	191.688891
327.465645	203.078165	144.141903
322.125875	228.22212	189.06759
328.169731	197.67115	147.976012
336.979641	177.259997	74.845906
322.793571	221.566507	192.591577
328.171646	217.615214	141.896699
326.880011	207.27406	156.908341
335.903912	192.514598	76.585454
327.575789	200.448224	152.48803
328.35774	207.897297	143.10834
327.818238	199.136169	150.689246
327.619993	202.323738	151.529981
328.276885	197.518329	147.062205
327.995934	201.172937	157.052433
329.572276	205.563987	141.345194
329.409307	201.069204	144.233937
329.29123	198.37046	146.14278
329.227385	200.384205	146.092118
328.983675	201.704362	147.896565
328.010502	197.225922	158.039045
339.102446	163.032918	80.581693
323.840046	222.458371	191.743931
323.778166	219.506069	192.601837
336.019467	202.607053	89.286958
329.974254	215.156272	134.575076
329.366182	199.220478	145.201945
328.757875	205.88243	148.70981
328.772559	202.014181	149.724056
321.358597	203.004685	214.123609
335.753773	201.551098	92.972117
329.9698	203.552792	146.950939
329.596794	206.035414	149.644173
329.550832	204.17969	150.607924
324.695569	224.567211	192.630612
324.681153	216.510148	193.464998
340.210574	175.541617	67.917879
328.958285	204.072126	156.09984
328.773401	207.25969	156.945263
325.283219	227.828757	186.470878
324.885554	223.34541	190.891729
324.37424	219.888769	196.061685
324.670842	227.588077	192.624189
324.549292	220.71055	194.350446
331.164256	207.290314	134.831323
330.075249	203.392909	146.035285
329.176904	199.861282	155.277433
325.749722	224.439742	191.779405
337.610607	196.544598	84.804046
331.4842	204.562099	141.415216
331.614363	198.107031	150.794988
338.062403	190.004058	94.109073
331.63397	206.205474	139.520142
331.453175	205.556942	141.387639
330.986902	204.390178	146.029912
340.472992	162.245799	85.30446
337.351396	208.770696	90.217568
331.453175	205.556942	141.387639
325.909919	226.242803	190.026387
325.811526	227.354058	190.896279
325.307406	212.746551	196.869255
332.069563	208.273474	134.825385
331.697018	204.220299	139.575837
331.002933	200.533932	147.048751
330.642239	199.12449	150.74965
340.723334	162.531902	82.534791
338.739549	193.364991	83.958609
330.702486	203.863566	148.801015
331.17602	206.488714	152.425328
330.998931	205.784388	154.273517
329.592604	207.788365	166.983916
338.776834	183.175784	90.487248
330.774547	203.188097	157.07046
330.672625	203.332145	157.978738
330.720505	205.217839	157.027814
330.218435	201.991945	162.545086
340.946684	188.650153	68.853921
341.551938	173.384135	75.145011
340.523898	181.844774	81.37453
332.139154	204.060354	144.218463
341.295397	184.463219	67.991549
340.79912	181.919722	77.759539
340.801116	171.98769	85.161523
331.629369	200.991006	149.810443
330.619093	205.363768	157.937278
332.722705	207.828402	137.644008
331.437987	204.167916	150.648923
330.8297	201.153742	157.112505
339.642572	191.63065	84.927872
333.231941	213.40238	130.977704
333.134427	216.334806	130.887756
331.802403	200.127904	157.154716
326.116162	208.741189	198.540218
341.504516	192.64835	68.886888
332.485382	204.007229	149.757184
331.389305	212.425053	157.803439
327.208022	205.480558	197.684273
343.190596	175.099349	61.996722
330.864617	202.387244	165.272346
341.758315	182.468086	76.014701
331.999113	203.75526	154.340735
341.659944	169.53291	87.106077
339.59862	199.91815	90.385081
341.203877	194.612969	84.994317
340.67532	195.235181	91.402744
333.799227	201.525012	147.089462
333.354642	203.147443	150.717023
332.864396	206.776176	154.291816
341.534129	203.660269	68.868214
343.047047	178.854315	73.421597
340.830573	189.800717	93.322934
334.93844	218.279365	130.875048
331.618847	206.605683	166.136162
341.486072	192.182888	83.197687
334.346181	204.997621	149.776006
343.041421	178.871154	85.22218
332.539454	204.330621	158.000058
333.714252	203.018436	156.226253
341.641615	192.52638	92.407757
335.905452	217.29945	130.931119
345.961089	165.086405	57.033882
342.76143	187.789843	81.474004
342.994023	183.090191	82.429113
333.992133	203.590871	153.473856
332.640456	203.522525	166.202204
331.761083	223.459989	170.411339
344.383929	184.894029	56.93079
341.534441	200.241268	87.720952
341.56268	186.816169	97.137982
336.207264	213.979715	129.175466
334.459693	203.295633	158.065489
342.134256	200.77147	77.776255
341.062915	204.865128	90.414174
343.765497	192.747282	56.035348
343.186546	192.673558	68.980882
342.865465	194.862579	85.998099
335.319084	203.985538	149.824613
346.546668	165.881123	60.523076
343.45329	181.778277	88.915753
342.613789	192.304573	91.535851
342.987312	200.006285	78.720588
345.604296	175.537363	63.902422
334.288049	183.623502	164.746892
344.053234	166.818556	91.970639
334.162756	195.79764	162.738319
342.523377	184.115442	98.169
335.60761	202.999591	156.271987
343.568936	172.514122	103.135177
338.075086	213.97168	129.230095
345.395608	164.929187	88.354059
346.161294	171.069084	85.520591
345.153193	177.833537	92.797772
345.88308	192.095017	66.509961
344.847816	200.94969	74.346991
346.991057	164.812941	80.150932
344.37015	201.896947	82.390064
344.617966	195.643811	85.175612
345.046482	187.983664	86.180384
336.16186	211.354386	157.931585
333.048741	193.997782	190.098163
347.007672	167.873189	88.408587
337.678448	201.344403	146.271056
337.900655	206.27165	151.669258
337.282391	212.043981	156.104223
337.051197	193.714744	162.851047
345.859726	188.97947	86.220476
338.673443	205.557117	153.542307
345.469144	194.136904	87.068134
338.057684	207.440306	158.980245
339.49816	189.813609	150.272778
337.932172	204.683975	160.860675
347.577058	186.27853	75.468892
338.747755	206.412093	152.605494
346.394968	183.45966	95.596977
338.077305	202.514341	159.995561
338.072155	190.616691	162.934595
348.445183	193.338731	63.172034
339.66985	207.403119	152.604002
349.569739	174.325856	71.218904
339.39918	210.710583	154.350439
347.993281	200.510488	80.787892
339.688514	219.435103	158.727436
339.950963	203.503601	160.024653
339.992037	217.982575	156.010753
339.612396	193.029303	165.642237
348.421902	185.257143	91.03792
339.882537	206.541586	159.959515
339.69741	210.719507	160.779227
349.902237	187.201463	79.200852
349.096627	194.483958	84.531603
341.030435	210.1246	157.159848
349.785738	177.421487	91.235537
341.173566	207.970078	156.298641
341.337115	185.085503	160.432541
349.030354	193.19402	87.286537
349.119421	168.882662	104.47053
342.316657	207.661876	154.50162
342.219246	207.808958	155.412635
340.145418	215.711622	174.357047
349.625084	190.392788	80.060323
350.330667	171.823376	88.566208
351.813848	184.770817	60.826145
341.730389	221.073836	156.882887
352.315678	181.16555	74.913865
344.709132	183.310192	147.826873
342.680101	195.709131	162.979201
342.615959	189.790633	164.89096
354.558118	162.551799	75.256212
351.574304	198.571437	81.002571
343.901873	183.367202	163.254436
350.982218	202.324566	88.209287
344.430045	210.179009	151.735283
353.117052	195.026667	70.411642
344.376022	195.932783	164.836478
342.766891	213.957182	177.14988
352.642547	197.712718	77.470918
345.893624	187.243195	161.434683
345.24115	200.003908	164.787609
355.978281	178.668788	55.970685
345.546672	189.649401	164.086586
345.615955	195.550102	162.164636
354.432247	189.030854	90.426831
347.415289	207.990609	150.957789
357.330899	164.385556	70.942816
357.118026	181.862901	41.609143
346.835244	187.238523	161.46489
343.509421	228.260303	196.50283
357.12717	168.543899	83.512702
358.621477	161.277328	81.874116
344.346453	220.3325	198.297907
356.200277	188.303037	91.467014
350.582188	217.730164	134.154896
348.832056	191.07357	159.634251
355.664583	202.160176	79.373676
349.750538	209.67516	155.563148
358.239993	186.401171	44.138657
355.773366	203.87758	69.559087
349.700827	185.17757	161.600383
335.811295	226.965458	274.470186
359.398841	166.203162	78.212337
359.190197	162.215878	85.566725
357.767002	188.397316	76.056607
359.731738	175.331425	75.419658
359.544202	176.008869	78.096689
358.593588	168.884718	100.338379
348.444107	209.807359	178.254131
350.418444	181.402155	164.414873
350.174588	178.622877	167.167758
359.753571	187.340854	71.721083
357.979337	201.637528	89.503968
358.792448	188.568512	92.53548
351.542976	177.184517	163.64174
361.066688	178.985275	78.139594
359.668871	192.109113	86.983811
357.611471	211.055815	104.090421
352.334519	204.170793	159.437318
359.927757	186.90159	89.845802
353.054042	215.134447	159.161112
353.202721	203.279753	160.396048
360.297375	176.553064	95.624409
353.679841	178.923359	160.957787
353.124512	207.292538	160.292795
352.023422	182.575742	175.224738
360.813729	197.809101	60.246964
362.709252	169.175182	78.34999
347.990384	198.249165	208.745017
353.923358	183.652369	166.291517
350.39475	192.979634	196.998932
361.406551	194.728764	81.551193
361.253679	185.740399	113.253236
355.354676	198.971587	158.739833
362.969501	199.967777	69.901139
356.310845	177.093025	162.893663
361.948179	202.932856	98.914124
363.721419	200.585799	72.575835
357.448496	208.699172	164.016672
357.744937	190.553476	164.458166
365.896333	191.200572	87.284856
359.481266	203.255455	154.179719
361.340381	214.567854	129.107624
358.514795	188.724467	166.33239
360.871905	192.638813	143.539946
358.659976	185.565118	165.499984
361.980358	196.133338	140.737566
368.244513	170.863743	88.653448
368.85893	171.512079	75.882786
367.93435	177.744986	84.838269
361.473307	176.59846	158.515481
345.976204	228.336981	274.282245
361.937949	201.405749	148.822501
359.725623	179.227693	173.796434
362.632612	202.177495	141.501487
361.296616	191.632291	157.269389
362.203927	181.775521	159.335705
357.714148	186.54774	199.276567
363.130155	181.776533	159.361421
363.09677	177.82912	160.353025
359.37014	186.607085	201.112473
369.892173	200.062356	70.097914
365.626679	202.351071	148.904499
355.157377	230.138965	241.115759
360.708191	189.446131	197.617144
364.33343	192.394008	163.693406
369.867225	206.042993	116.814276
373.660022	195.727408	43.526821
373.609228	195.874564	44.370786
376.002299	180.926013	51.581672
369.872245	205.976049	130.639332
364.522896	190.278438	196.889003
364.32222	182.070051	198.880594
368.147574	191.241614	162.907526
368.950467	193.341943	163.780884
365.346992	189.787313	205.677463
375.800375	207.979017	121.59567
380.517186	195.624437	127.681252
381.469023	205.48542	84.650469
385.473494	190.747801	53.987163
389.316956	191.891892	42.946376
388.807427	198.463907	61.480734
388.698457	212.853738	127.332031
390.423821	185.806232	131.814713
398.169048	191.335077	49.660634
395.901595	206.830671	131.364401
400.987657	198.073095	81.213636
399.103373	194.317025	130.858443
397.681369	184.524347	168.690412
406.155207	193.145251	46.097997
393.975508	224.923696	227.996456
395.883302	187.984788	217.664874
402.138378	209.655339	188.437731
403.091092	199.959883	195.848709
407.655357	224.55785	189.565376
409.52553	188.797819	176.554196
412.69744	220.664021	194.02785
422.856508	189.940041	44.254907
415.913954	212.121214	188.191018
415.31504	189.190469	190.707002
414.689577	179.340036	203.455364
420.284821	199.304311	145.345291
422.070231	184.050843	137.421279
417.972091	214.919166	186.326256
418.159978	200.159389	191.212657
423.445113	193.846551	140.092225
424.488762	189.952166	139.2201
420.789736	207.196398	193.570532
421.042776	197.968658	189.504956
420.990258	204.052683	191.059634
419.072662	186.37188	205.747184
417.829364	180.548524	215.731664
422.341568	211.860445	188.16365
421.908773	199.969694	190.312418
422.845848	204.975587	191.015922
422.803407	207.023366	191.817372
424.078906	214.887874	189.784322
423.745713	195.85897	189.550364
424.307423	201.640999	185.004711
427.424503	178.851553	149.815832
424.548073	221.634824	186.036708
424.657073	203.895294	191.041436
425.564931	222.528682	185.126828
422.632466	180.232763	213.842327
425.210589	195.909052	193.037042
425.424066	192.814182	190.502616
425.118087	195.939706	193.910486
427.008205	194.553931	184.318424
427.352436	223.517864	185.950089
426.573344	210.866744	191.659295
427.724996	209.680813	189.09393
427.663961	217.839611	191.389506
429.078299	221.509138	186.901379
428.738285	213.634224	188.948763
436.339299	192.780478	81.941859
429.415615	190.563602	187.040579
430.297334	188.536865	187.086308
439.567368	176.757289	82.167861
430.767403	208.822098	195.178113
431.354964	214.612293	190.638626
432.803677	223.351302	186.819756
432.397471	219.580221	190.440086
431.900358	206.644477	192.654069
432.660767	220.411265	187.811409
431.968104	212.708743	193.302036
432.615898	195.292217	183.42852
432.994415	206.519485	190.925397
433.185565	217.584849	191.383735
435.45224	218.231888	187.039208
434.456615	184.426175	190.677505
437.247164	223.267642	188.555329
437.25724	220.204163	187.824093
437.27993	221.205528	187.781624
438.017179	220.271084	189.547764
441.817674	196.580295	149.075102
437.840841	204.487993	197.027237
439.04612	188.229155	191.453559
439.923955	223.196988	189.425529
442.212404	186.879344	178.363423
441.102136	178.1446	196.972541
444.060362	216.813336	171.503459
443.604607	194.033938	193.03786
447.504293	183.055321	146.449151
444.899008	206.961154	191.781168
446.690974	215.868376	173.304439
446.627944	215.932345	174.174259
447.179552	208.4404	165.668897
446.539321	214.025833	175.117754
445.457969	193.943365	193.046122
451.186427	187.556023	144.738408
448.612864	217.705637	172.368889
448.629526	219.675982	172.285487
450.415856	206.804203	171.87863
451.043098	197.479353	162.385896
451.261528	205.84879	172.785234
451.791395	199.549027	165.0106
452.70224	182.348211	150.030578
452.521757	217.317438	168.903926
454.256392	201.662917	169.389851
454.414348	217.194841	168.039017
454.04671	200.834508	172.043655
454.322289	221.265232	169.614168
454.04886	221.596193	173.969062
455.384916	217.10097	167.168255
455.997984	211.502534	171.759411
456.906144	202.641537	171.136672
457.223431	220.979264	167.003032
456.833747	208.587921	172.730646
456.808621	221.502674	173.98177
457.868274	215.368455	171.624269
458.138389	215.065735	167.253147
457.865781	206.504995	171.041516
457.960741	211.33268	170.018013
457.908802	197.678643	169.479671
457.948453	209.379015	170.080604
458.265669	189.690994	163.376974
458.825412	203.509158	170.242856
458.525274	212.60032	175.223743
459.011592	220.013339	167.926086
448.463203	181.360012	271.969079
458.579314	219.516276	174.948102
459.635288	212.416705	172.611411
459.635288	212.416705	172.611411
459.80373	211.277101	170.022588
460.695965	199.53343	169.452443
460.7309	203.408269	169.369038
460.484466	220.389399	174.039189
460.98253	209.023109	165.700073
461.636239	201.44376	169.414432
461.623442	207.318652	170.146495
462.421911	216.265344	172.468211
463.358366	208.335823	171.872149
463.599202	215.959592	168.0949
464.336935	185.183384	151.882058
464.596188	198.304483	165.945587
465.313552	208.191535	170.118937
465.264225	209.214396	170.966027
465.579081	200.164003	165.02682
466.014165	185.326587	154.539259
466.337147	208.073115	168.361239
466.466898	204.067675	199.817131
470.569529	191.891734	154.497821
461.319521	206.36841	264.807573
473.234895	191.926914	155.367828
479.417002	205.470238	159.490107
473.321345	214.773401	261.967429
481.144022	196.941883	161.427618
481.966428	183.617	158.905028
483.715175	181.757446	158.894476
481.929015	195.615377	194.362968
485.536985	185.55002	159.731871
486.410333	184.621301	159.725951
491.870712	200.656071	157.589921
490.850082	189.456498	162.273499
492.853861	197.474494	182.794153
496.300453	177.320481	106.34576
486.666553	201.808687	269.026799
495.139003	217.012237	156.089022
495.265731	214.378692	203.751222
497.69716	217.487792	164.953737
497.465334	184.960633	210.448062
501.340101	178.070938	149.651853
503.807172	203.532974	197.209218
503.531874	206.477373	202.552203
505.663469	180.995073	149.478751
506.499656	179.175254	149.460313
506.851198	221.531737	202.820529
509.432507	211.607104	128.337736
510.727737	205.058718	157.748967
512.493913	182.928489	145.655777
512.274764	182.884384	168.982268
514.125968	199.423174	155.058132
508.041093	206.324239	262.092248
514.15405	184.232595	150.865
517.016377	216.518558	149.012849
517.776979	213.730151	135.771746
517.974449	208.448667	142.150731
513.811522	213.447317	259.193826
518.552023	192.791384	198.222832
520.721297	204.691466	158.213086
521.617467	198.048865	156.535179
520.099414	210.182927	199.559444
521.14323	216.762203	148.789305
521.659725	179.10356	151.440133
520.589131	214.288947	210.312257
522.412705	197.797969	150.22248
523.282056	196.483702	161.922867
523.663603	217.236241	154.933107
524.917629	185.24418	158.402549
524.583524	214.480143	156.797034
525.720778	196.959075	148.277822
525.828748	185.807388	150.267725
526.495802	199.844918	148.157922
526.216076	213.467038	153.127203
527.816892	215.819063	160.217785
528.258532	189.811544	151.863061
529.049962	193.566729	150.85026
529.74751	200.893167	166.062804
529.174913	207.145625	207.524897
529.20829	211.8593	193.558804
529.272385	186.294423	197.814426
531.387019	190.682752	165.279772
531.008915	216.745123	153.640559
530.936049	188.341509	194.924329
532.101711	180.503734	164.458547
530.203004	223.041504	205.898142
533.100675	194.94637	153.292667
534.529171	181.665002	165.243856
533.332722	188.612122	196.637371
535.405573	196.632755	164.955174
533.957822	179.445703	193.024692
533.69104	218.258829	198.616855
534.276162	182.061923	178.141916
536.192164	195.832419	166.765576
535.084048	184.021851	179.9319
535.790214	218.369851	159.702984
536.742743	217.770446	146.90185
536.855252	205.466598	171.08394
537.27622	185.356083	193.703663
538.402402	176.970758	147.006782
537.456184	188.045594	184.385655
537.333039	185.323841	189.071606
537.346293	196.54617	194.405714
539.2007	207.580053	170.901184
538.847534	184.616696	193.636437
539.173235	202.114169	178.43451
539.762423	216.236795	170.605969
539.842775	190.170702	185.150099
539.732631	186.515293	188.930271
539.772527	197.705649	189.613501
539.73664	200.538425	190.470119
540.616542	196.813796	186.813284
540.197941	223.235911	175.902244
540.363114	182.044222	195.456398
541.10934	223.058597	168.474011
541.77101	202.779544	163.560057
540.543469	180.020503	181.572269
540.487538	200.654552	192.271577
541.392374	209.019622	179.974311
540.849797	223.504554	182.346412
541.183286	209.225811	189.226399
541.278749	189.529995	193.416704
542.300883	203.396535	179.160211
542.343918	190.299233	179.471991
542.188897	205.376353	182.807428
543.694844	180.987326	157.533992
541.728866	223.443669	177.678299
542.337704	182.785453	175.901663
542.19647	193.250219	186.814918
544.044205	209.60912	163.248452
542.206298	223.931982	191.528977
544.505023	186.643203	157.413167
544.18435	203.875167	162.496571
543.894861	207.223271	175.284293
543.668392	192.584605	192.30256
543.40003	216.119436	186.139922
543.445647	216.070221	184.289843
543.749623	201.831756	185.594416
543.590387	209.424456	186.316799
543.46425	180.607187	199.956532
544.108498	219.978293	183.226871
544.558727	189.784838	186.781747
544.723151	193.349773	180.219336
545.862092	222.579653	170.131882
545.40639	200.989275	182.765528
545.731849	223.688788	173.80395
548.92809	198.475949	128.984467
546.189105	204.785962	180.779562
546.332459	224.027926	181.182412
546.929821	197.49304	186.483805
546.718954	212.541014	183.310629
546.733954	219.82915	172.025555
548.572145	186.348849	141.008586
546.685641	217.180256	178.568521
546.499971	218.321334	184.093341
547.520526	182.854973	194.215165
548.566221	215.971763	168.375504
547.936502	188.971829	179.256503
547.427248	208.99268	189.834039
549.598193	204.782641	172.34094
548.504014	184.632316	186.733559
550.206776	196.333693	156.042843
548.619934	197.552074	182.718781
550.425759	184.897858	154.475988
549.316399	201.438629	184.431884
548.919137	216.639964	184.042279
551.442363	190.128715	148.891557
550.375189	213.054466	164.70954
549.508176	196.602282	179.939336
549.69582	223.115696	174.606771
549.874571	187.824961	198.623556
549.883101	183.143578	195.976469
549.9373	192.410258	194.810904
549.541457	224.23115	178.293444
551.068958	202.344359	178.806025
550.834092	205.366262	184.267874
550.906127	185.81015	187.5543
550.979463	198.744632	183.523546
551.513325	202.781152	189.852236
553.924656	179.252063	152.645345
553.803335	206.668595	165.694748
554.315786	184.667116	160.716399
554.431513	186.332709	157.943471
554.456893	181.644423	158.031849
553.120298	184.376722	194.930668
553.111771	183.451167	194.952078
553.015313	216.847353	179.28914
553.062762	213.128106	182.149912
552.998115	212.276599	184.944384
553.092265	202.025882	190.749902
553.371097	201.75046	182.441737
555.080062	199.571089	157.596715
555.441965	213.121955	159.930561
553.83015	202.161463	192.570728
556.656867	200.732254	159.342336
554.613032	209.636354	186.816645
556.407201	206.60661	161.934776
554.879281	196.45164	188.094915
555.407295	204.180532	191.557374
555.497323	193.008985	195.567976
556.260249	206.968693	187.773601
556.5021	203.042106	184.175458
556.399158	191.136143	192.833536
556.007672	212.753122	189.490024
558.742816	185.419951	156.012892
556.335718	192.125196	194.654759
556.327662	203.215308	188.796564
556.833507	220.120656	180.069896
557.018439	206.162241	189.62882
556.822171	217.397066	183.832501
557.91867	187.66745	196.594518
558.027675	189.414938	192.849077
557.558866	220.273684	181.916857
558.608251	209.999624	186.736499
559.205336	183.506876	182.740155
560.426463	186.797558	173.374597
559.08201	223.217943	179.993531
559.717695	183.90493	191.089389
560.648529	216.042913	170.801882
559.934327	195.733379	183.379057
563.999832	194.554124	150.199905
561.292065	185.95673	192.877835
563.353202	224.096262	158.490698
562.949762	198.997697	187.891076
563.093834	199.77013	184.154173
562.642191	199.30485	195.298298
564.131682	182.923387	183.586046
566.427222	214.402659	156.878834
566.511077	205.180733	161.736276
566.835803	190.017246	162.120031
565.582418	182.317294	188.228947
565.970888	184.671521	179.804844
567.311151	216.212567	154.973549
568.408729	202.722984	144.440707
566.282168	194.563385	188.904251
568.721309	182.615517	175.155091
567.616825	210.585559	184.80315
569.699007	191.774811	171.255189
570.44379	186.358619	174.139398
569.844816	192.633755	184.259837
570.925994	187.757434	180.617215
573.507304	221.68434	160.342439
574.397578	206.931627	157.017901
574.392564	201.438835	159.912576
576.078788	209.758668	156.025383
577.702497	211.853485	168.915007
579.233058	205.592673	162.570273
580.466592	200.672792	171.935947
75.247366	169.754614	162.013966
73.295197	166.008156	179.976217
77.374489	171.425612	158.455884
76.455582	158.173685	171.421453
81.391882	169.430221	156.004857
80.520031	168.407397	163.240781
78.713343	168.137024	177.383157
80.689362	170.943968	174.637573
80.23383	169.395219	178.492223
84.741672	170.938956	150.881016
83.7241	148.175225	167.267072
81.312771	173.114867	175.690223
81.026081	173.328966	177.632484
85.54321	158.93511	150.269454
85.544957	147.467269	161.072072
79.065312	172.30562	196.444274
87.398326	156.253744	151.325356
89.168026	150.896986	148.100516
87.563082	148.415012	159.408818
86.528297	172.979061	163.713958
88.560393	170.178483	150.309103
89.510868	162.761555	147.006997
88.921374	166.100498	149.517486
86.394624	173.095143	164.636218
84.285799	154.706271	186.4477
87.464574	142.594415	168.497114
87.047055	153.111866	179.772481
85.576704	167.461193	183.873203
90.95112	140.280115	164.254828
90.679405	139.326953	172.427143
92.63294	160.753059	151.656377
84.824814	166.978048	198.861977
84.705994	170.844248	197.933086
89.116301	161.317655	180.114835
90.311402	158.298785	179.188986
87.689128	155.529116	191.750946
93.201123	141.577172	172.605854
90.408869	171.302421	179.44446
86.501281	172.246133	201.124019
96.439718	130.275101	162.185002
90.748271	174.537111	181.516747
95.814113	151.970606	158.237369
90.909442	171.566348	181.489893
87.783681	175.929266	197.294188
97.668646	169.189532	145.832212
91.571	148.806222	191.871069
99.89886	154.04493	143.594045
95.970287	152.348477	168.243517
91.121116	176.685318	192.616371
97.636316	165.290174	159.25905
91.933824	172.478555	189.646
92.714043	154.369316	197.212705
93.886693	147.159904	194.012267
100.036443	168.837655	148.698968
101.24083	159.282916	150.663685
95.23484	136.870567	190.827642
94.2507	143.169309	193.877156
92.040855	168.986048	194.642714
99.402716	147.251219	165.810895
96.398655	164.921512	172.19313
92.914941	150.48221	198.039868
101.222421	149.817295	154.292655
96.154737	163.692563	178.951863
100.179463	167.706193	154.083529
100.119639	139.985104	164.09251
102.21869	143.119363	156.21864
93.4786	166.276979	196.754427
101.299472	159.10684	156.026728
101.426796	156.893065	161.473837
97.861756	163.833252	179.155629
100.352977	146.593283	176.144614
102.799393	167.083068	155.260832
98.402037	165.984337	180.2554
95.75291	150.811328	200.347057
105.276195	133.653706	152.177347
95.635457	172.939093	192.071027
97.917644	137.443555	194.989429
101.517717	130.29242	175.203559
107.134774	149.891662	139.726567
97.479113	172.976857	191.272885
96.941896	175.113529	193.225471
106.535948	169.239693	148.418613
105.714089	173.713283	151.930406
101.268239	161.202763	180.495236
106.823061	172.670616	151.141594
106.913456	173.520797	150.242874
104.077829	137.970966	178.294805
107.642709	168.188909	147.628519
106.209289	140.636428	165.567228
103.660492	160.534703	172.983846
108.94914	151.948918	151.394208
106.471303	153.069759	160.174962
105.418137	143.624422	173.818472
102.743376	153.677177	184.399256
107.42268	173.007031	153.021405
107.626566	156.793837	157.578098
101.751225	154.087032	189.260068
97.092365	170.450874	208.964345
104.8822	159.956432	176.016972
108.882379	166.043455	152.267557
108.833953	166.874232	157.743782
107.937754	171.307959	161.363077
107.023454	157.45727	170.481722
105.051057	168.091642	177.175942
108.996095	171.262878	160.557301
110.427935	165.456714	154.246332
112.298408	128.517236	155.400578
107.645443	149.87836	174.199833
110.771851	167.040085	151.548106
110.863671	172.540406	148.824376
109.323176	173.859779	157.823915
110.26873	173.087483	152.409747
114.092719	147.914811	149.131106
111.068551	172.304571	153.409537
109.025634	144.811307	173.308293
113.95372	163.918694	143.669089
110.339081	155.367136	168.017479
112.176215	163.743901	155.338547
104.945067	173.132637	188.129373
114.587264	150.242754	150.977262
113.102055	173.152188	151.787357
111.886778	170.365419	159.958804
112.890966	174.271264	152.685099
102.876743	161.511383	207.47525
115.96009	160.086774	143.822518
106.239188	161.605297	193.091167
113.6848	173.487079	153.6883
109.065206	162.033253	184.469164
116.249422	144.76005	153.832967
114.987032	166.651051	153.802667
107.877969	158.752975	194.182622
114.841946	154.116357	163.848097
115.392513	167.103885	156.616935
117.603087	160.352145	144.856064
115.775533	165.857535	154.801041
116.380558	168.025904	155.800227
116.336232	166.17761	156.710816
108.155943	156.969785	197.122556
109.909645	156.765228	193.348737
108.232391	172.896168	195.4152
118.261608	151.203403	155.864418
117.218565	166.238736	156.803649
115.105128	148.185086	173.141957
118.836498	171.264104	150.503813
120.266191	155.867195	146.878411
114.164786	159.71114	178.140505
111.204712	146.906597	195.023416
111.170537	137.184158	199.37546
118.775614	156.032728	161.506698
120.958713	152.383728	149.674975
119.381309	162.267838	156.063957
118.229513	156.364603	164.250943
117.053201	161.309828	172.72429
119.863988	130.571607	167.730061
108.265061	157.904636	212.575936
120.269221	148.565983	165.265944
122.731442	136.252344	155.241603
122.556903	147.920243	152.536893
121.590326	157.286333	155.301376
122.88826	169.059523	148.072012
124.398609	148.817548	145.304843
118.024806	173.361286	173.007213
121.897627	162.229393	161.913652
121.792842	142.921581	168.104915
128.688881	128.04798	119.225365
125.457352	147.799688	150.915358
117.129474	166.502628	185.479433
123.212518	148.065645	168.354482
125.847786	146.386546	154.630089
123.431757	170.998515	160.28386
116.915584	156.911638	192.122724
121.422912	169.05664	178.14939
117.687845	161.090775	194.253213
114.842492	155.762621	209.226791
115.161959	157.832731	210.203232
119.248207	174.075976	191.500825
125.708023	156.461726	170.67683
115.161959	157.832731	210.203232
128.470821	167.986303	152.26156
120.650398	137.174663	197.432435
129.592374	172.330894	148.616869
125.70853	152.239786	179.161942
120.01343	175.317559	194.392486
130.922087	140.601093	162.35479
129.95179	132.259056	169.532027
132.796675	155.132689	151.521587
120.257897	170.614125	200.149023
132.468242	153.566229	154.288494
132.455497	146.598812	161.649534
130.97529	161.918723	164.628976
131.854871	174.478931	155.391091
134.400084	132.303563	159.717056
125.078734	156.989169	189.87588
134.547166	154.203651	151.63238
130.763702	172.085105	166.623203
129.66334	131.622125	186.398788
126.666544	143.110573	194.339928
129.220905	155.730525	184.352695
134.296795	175.538554	155.574639
124.186861	168.572259	198.470612
125.098081	148.41262	201.123619
122.77127	168.787533	203.04752
134.93773	166.394004	160.279215
136.900322	163.722676	149.067257
137.664944	129.929692	156.226812
132.150084	166.914412	173.311007
131.0774	146.786752	186.137039
133.24036	165.218419	176.210105
131.540461	157.799208	184.548258
138.682821	174.569263	149.239354
137.756689	161.507709	160.411864
125.608417	148.694843	210.441101
130.414346	166.146417	189.339563
133.498407	149.631883	182.557941
137.957116	173.243385	159.591054
136.158622	147.176171	176.013412
131.583047	151.240582	194.872459
138.793868	151.359221	166.877334
138.527598	152.459495	167.822822
132.42627	154.128494	191.184298
129.785806	142.423549	203.953813
138.388307	151.553381	168.733586
140.011592	151.169892	165.073978
139.74835	149.369573	166.894665
134.417654	152.950037	187.457067
139.005214	151.660522	169.71444
141.398617	150.858704	162.340925
139.012777	163.66671	169.937257
134.336613	154.09895	190.31907
137.347731	145.575355	181.722481
141.215795	168.949385	156.93179
141.169254	162.435233	159.694373
140.522215	174.132485	158.802825
130.018798	169.914661	203.132283
141.381771	143.55542	168.735726
139.154835	146.539993	180.902557
139.618963	140.474559	180.755352
132.688927	163.588151	198.727461
135.724402	157.143984	190.418609
137.302568	145.025625	191.174346
129.29932	151.856486	215.896999
143.862916	150.890561	162.481837
142.923176	139.023408	174.3241
144.701323	174.294685	153.353518
144.373797	164.934061	163.653279
145.046235	170.10356	158.079586
145.051287	155.001276	163.55136
139.348226	178.941713	183.945398
139.151436	178.012726	184.875566
139.327704	156.202246	192.374041
146.282136	158.09962	164.593735
133.76935	165.998943	207.682716
138.917085	151.223547	195.099642
135.198336	165.821202	203.238862
149.786311	172.23343	141.288683
140.740058	146.074014	193.196825
149.448877	145.112585	156.134884
147.924435	166.036556	157.243372
147.822084	147.126886	164.482331
134.913217	170.063258	205.795318
148.869585	170.532358	154.476867
147.641965	141.746598	170.89341
144.596133	140.614697	183.828609
138.259034	157.657057	206.0436
159.104896	137.680193	98.471289
140.468516	161.581879	200.608376
138.913082	133.365075	215.864509
138.264316	164.913586	206.802359
162.485189	159.627913	81.96987
148.602217	132.592332	186.600822
142.761765	153.416811	203.383578
157.935162	165.715397	132.303365
157.638194	144.504163	145.321369
155.27127	132.08373	164.58092
144.966242	150.280443	202.49563
149.046179	140.795335	191.451953
143.313338	153.488411	206.974217
148.08434	166.152151	190.592602
158.80766	138.142213	156.474612
144.85577	146.312259	209.709277
150.516092	142.843555	194.284781
146.223101	162.723343	205.917063
160.252964	131.336934	168.467058
155.798388	133.409539	186.876706
148.904151	177.886477	199.227432
149.137731	150.239696	205.208684
149.40432	150.21396	204.309744
148.757578	149.317292	209.696835
151.925559	149.004299	198.89478
153.72064	146.848041	196.175859
149.659641	142.20167	215.120973
151.74275	149.146239	205.221809
152.894262	134.81236	206.17271
149.930971	152.426318	210.548792
152.495092	150.157257	205.212384
150.369362	139.145254	216.931927
169.948869	150.789419	124.762706
169.180476	147.196111	132.036131
156.86162	136.599466	197.116735
174.192768	125.846618	101.233074
154.287938	169.389197	196.765227
151.557674	153.436853	210.531781
155.711445	140.739881	199.853986
159.026465	135.434999	192.550655
153.405842	141.061545	214.270169
156.74592	162.210533	198.706103
176.826759	137.380642	104.686371
159.875562	139.529847	197.175637
158.594573	142.695793	200.793843
169.743948	141.508167	153.207418
156.261645	138.847462	210.737156
156.071037	139.966832	214.312679
173.974854	134.497697	145.116249
158.632341	165.68139	206.626243
162.459861	139.480579	199.964451
161.684419	145.662912	200.798435
175.073531	145.138209	144.210759
159.912466	142.902008	211.641088
163.182606	157.861554	197.876573
172.656589	172.18021	156.006661
172.914974	171.074889	155.100573
165.310579	156.570821	193.397614
178.562054	140.329602	145.269322
166.824069	132.221882	201.964074
184.666582	148.631213	107.418762
179.603212	132.705504	147.164328
165.571932	139.757479	214.489883
165.66783	153.128709	209.680915
169.261658	160.530173	193.319192
177.29787	169.876154	154.292012
178.614877	165.817118	153.433351
168.006097	151.079722	211.550288
168.358493	137.620719	214.600625
168.760801	178.736654	201.514334
185.311023	128.629983	139.243346
180.395375	166.22785	157.144528
189.820205	136.796622	111.35188
181.767357	161.606288	151.704752
168.888408	151.063071	211.557973
186.212545	133.572776	147.391042
171.893511	151.952164	209.758252
189.136285	146.493169	134.676316
189.295891	127.847515	141.204817
191.045332	131.509785	139.419151
193.483332	145.754076	123.932805
182.036469	131.350159	188.620941
180.528358	136.574976	193.104898
175.258614	159.176998	208.584481
175.837292	146.838	213.567492
192.956059	130.389128	138.592351
177.136763	178.416217	199.685638
179.58839	153.074937	195.408407
176.033573	146.779768	212.67648
190.514778	152.29897	149.263495
180.24092	153.097388	196.316407
195.20356	130.858451	135.049351
191.537488	152.171984	148.383222
194.304771	140.870956	136.713244
195.544884	132.195139	137.75136
198.398069	147.867582	119.462068
198.592541	126.411598	131.615821
194.639117	148.967659	146.672607
184.296423	155.085158	197.19574
183.378193	165.617802	198.539742
205.119333	157.590355	90.803298
199.145224	129.210331	137.899572
184.506581	160.380625	198.77215
183.823793	140.036608	207.65211
183.360887	141.18105	209.400934
207.589223	130.414764	84.062504
196.084673	160.904974	148.491008
186.921439	150.729581	194.694291
197.730149	156.628985	145.822829
194.567995	173.298009	161.143394
186.427899	158.811278	206.830906
209.716081	150.678046	89.850764
200.286085	154.753374	146.834959
187.394873	173.317228	203.442311
189.791705	162.336194	198.742092
211.536047	161.337947	82.257136
206.280653	143.164377	120.59781
192.021693	150.619016	195.685286
191.26063	149.7951	199.279082
190.757662	151.992457	200.966505
203.216872	151.104468	141.46119
210.29694	126.950485	110.985692
216.774809	132.940978	64.611193
205.013631	150.109067	141.526017
201.910371	143.258984	160.659675
198.899351	156.159231	171.457789
192.848054	149.800653	200.193083
195.540805	147.457175	196.755613
206.638763	145.046787	148.924084
201.819463	167.218093	171.443673
214.951526	137.451195	105.096508
204.566607	153.614684	166.225422
214.304208	157.395954	109.27436
206.518563	152.845198	169.957214
197.886967	179.252763	200.684262
225.092961	135.538748	59.834644
211.263393	154.312409	144.473962
212.769693	139.136781	140.936505
219.308932	155.250394	94.231063
218.18945	133.275668	120.091791
216.528767	127.30381	132.996891
202.42512	165.247075	198.824556
216.885358	128.617073	135.716416
216.292817	146.61798	138.250572
222.079247	129.912722	106.328035
215.81959	142.751809	147.43928
212.40968	159.469653	165.594369
219.486585	154.054674	142.938691
227.036378	143.03643	109.713395
224.626678	146.236378	135.768062
232.262702	129.238175	108.349419
229.065534	129.057838	141.633118
232.509421	135.528809	116.599356
218.575004	178.089298	190.234728
213.752347	140.584863	221.886409
226.067345	164.191134	153.290651
225.135444	142.988126	164.370001
226.458689	161.579493	156.996868
234.363438	128.04448	118.725878
217.76242	179.1447	209.882057
220.008044	165.508783	203.595167
217.90024	166.836683	215.5322
229.254159	165.417725	155.236922
239.073774	132.116244	108.372929
221.306943	159.416456	207.299359
235.411242	130.797107	140.015467
221.072168	154.225149	209.215842
223.926414	161.147361	203.009871
232.776699	156.632979	158.184426
224.007905	155.797985	203.190633
238.356237	135.361673	136.356901
225.433538	151.739869	205.966115
225.398571	153.882108	205.890229
223.821481	148.398721	215.57324
223.821481	148.398721	215.57324
244.655845	132.55869	105.643209
228.147407	169.922774	204.59794
244.255335	136.018195	119.712009
221.374762	161.991199	257.502693
229.122341	151.729808	206.076026
226.59603	145.861388	221.800175
228.675687	163.736673	207.398066
246.426613	129.98147	125.561254
253.082715	144.34911	73.043799
255.359747	116.168506	76.633359
249.976223	130.642632	105.856096
249.744593	138.508616	116.974678
234.305177	177.727325	206.326991
238.864365	141.887273	186.587263
253.918047	127.081693	97.558685
251.31395	145.82505	109.217932
243.711486	142.554752	161.440513
247.363829	163.204172	136.39269
242.143663	146.713402	178.578095
255.452838	121.07705	101.70077
237.243946	174.438407	205.682341
255.09087	145.46916	107.410721
250.161619	157.435244	137.447509
243.25622	141.692469	183.186686
241.223284	137.164383	198.246313
253.899171	166.460422	120.42672
244.255548	129.341683	189.78469
253.029381	140.370242	136.768669
239.486208	174.534005	215.275697
246.008474	131.422619	189.781153
249.857575	144.948097	167.09721
240.420646	161.473091	215.696038
254.841933	165.60081	126.17494
248.555521	141.495731	179.786781
242.858105	140.564335	213.833791
258.244588	135.922431	133.25601
256.006818	163.478075	137.515804
248.771266	131.40145	189.875046
250.112422	148.865866	179.655858
249.850727	128.070696	185.563835
244.687856	170.236188	206.075911
261.652643	127.769581	111.973418
243.281836	135.5356	217.483844
244.964488	143.642017	212.068472
261.498101	124.301378	121.51521
265.116876	121.74748	95.322702
245.613638	132.624706	209.878614
268.938987	128.136206	84.630254
246.016031	157.17448	216.023023
264.511708	135.664519	106.995134
267.693092	120.966958	96.391537
267.150146	135.993455	94.615442
264.921209	124.396047	122.535787
248.002568	161.465526	215.098944
262.75733	134.893361	133.390155
246.940984	142.456411	229.409624
256.041536	138.323799	180.080421
248.436072	173.913	218.213921
264.606017	137.673563	131.484696
256.473793	137.400352	182.801955
250.288053	140.601323	214.057881
268.390748	137.022738	104.164952
250.462693	132.500469	219.515107
269.525276	137.593783	102.254266
256.639266	129.182167	188.414756
256.875865	156.433133	181.373694
252.173664	154.678955	212.806609
273.709908	150.690806	77.022194
271.199381	158.926653	91.034196
250.494596	182.394667	224.041065
258.777714	150.137613	182.465871
253.433866	176.20955	209.60445
273.855331	129.670528	87.510816
258.7593	155.389225	181.426487
251.500346	177.916331	223.351529
250.906352	154.25294	227.48383
270.409323	124.184456	121.723335
254.235628	179.583434	210.386767
251.409773	180.21991	224.13519
268.763116	148.20937	121.899337
268.58305	142.869722	125.786455
268.576882	141.014989	126.771751
252.205582	149.546447	225.056628
274.357906	131.433996	95.961381
262.433296	142.247188	174.707395
276.816364	158.644584	78.772491
256.134282	167.646222	210.763879
275.670699	141.522662	89.755969
253.739459	137.903209	227.986863
275.10202	137.870961	94.696184
272.941649	141.62726	107.890283
254.099414	141.92065	225.309184
273.766085	127.016649	108.490258
254.967845	155.39485	218.905944
274.053272	137.735954	108.041417
275.211907	142.501337	98.327611
254.796565	138.881843	227.123728
274.58212	126.188367	109.48581
276.901378	123.53205	100.243785
257.93185	155.75672	212.005746
274.401308	140.22428	110.807102
274.228001	138.622591	112.754887
277.008497	132.370644	95.962219
275.752068	143.87108	100.200785
275.744965	133.112649	104.456014
276.666016	162.759423	94.894772
264.27624	152.314034	182.453554
276.912336	130.23881	110.27683
259.522362	139.690471	215.13724
280.856785	118.06998	86.666276
277.524876	147.474569	99.136032
280.368982	159.605493	78.809193
277.178963	139.862218	104.192275
259.745986	134.180233	214.473766
273.262153	138.821615	133.458153
282.637611	150.291077	71.642151
258.092042	148.282974	223.474199
277.153331	156.068829	98.886521
261.01641	132.944399	212.812966
277.848081	127.436153	111.357412
284.24366	123.824713	73.296083
260.812356	173.174672	210.631356
278.40229	122.196145	109.741346
257.977836	159.13826	230.933906
279.544146	145.938769	92.497247
259.196233	140.5513	222.853033
280.124924	146.377382	94.403328
280.545173	147.029657	97.259899
279.302656	137.85835	109.041154
269.61753	137.148648	177.683483
262.78738	130.88565	213.774661
278.822715	134.796273	113.883467
262.19096	168.125859	214.248196
280.243716	162.770919	94.922799
278.582424	130.4672	117.822029
285.989799	151.060423	67.124502
282.245788	153.983662	90.33091
280.841995	122.443943	111.633879
261.403742	162.981779	226.522722
278.895101	124.507955	125.587503
283.683192	147.863451	88.638289
280.37769	142.150523	106.040018
263.384395	172.319122	212.383486
261.13459	138.056203	228.942018
283.818345	157.52602	85.479429
275.789417	154.035817	134.044118
280.529282	141.955899	105.095693
261.505974	159.581468	225.761983
261.383127	158.591817	226.655116
285.448634	133.377814	87.511286
281.813435	155.835359	97.95926
280.571422	144.852722	109.754615
262.232047	133.615227	228.221574
284.869783	152.815687	85.613506
282.518064	153.963846	94.169001
262.198174	155.415558	227.612262
283.64417	133.066377	99.808348
287.055252	133.30039	82.836909
286.904651	119.319331	88.563358
281.84087	136.212258	111.0146
288.488993	129.934823	80.301144
264.212815	141.118351	227.161722
287.173048	143.220029	85.073362
283.378858	134.51548	107.311125
286.000888	150.196218	90.473422
282.213545	150.481924	108.64028
265.196642	164.098331	226.468552
286.021334	153.748227	89.400569
283.793415	148.691645	104.87825
265.026241	145.589147	227.892838
285.47521	144.664911	95.46594
286.993088	126.613852	91.748536
286.016457	161.345185	93.041638
284.822769	142.844415	100.313577
278.188037	161.939643	140.404187
285.588137	145.716135	100.203435
285.249778	133.505565	107.36431
287.22732	161.820935	91.118067
290.836738	130.068043	76.613693
284.855811	143.064595	106.022642
276.44615	135.015748	176.944569
268.014961	162.640417	213.500503
266.42897	132.246301	225.72934
287.057484	162.060896	92.069852
285.448156	132.353776	106.474383
267.899089	158.35396	214.509493
269.995769	180.04723	212.073052
268.170606	135.615902	226.473842
268.057426	166.305117	226.355733
290.171153	152.10383	86.602439
282.7996	147.657891	132.324224
269.862313	148.543752	214.82967
288.691903	154.170222	95.125907
288.529372	150.796326	97.149124
288.455716	140.109785	101.385489
288.937388	152.035855	94.235165
292.107911	138.72474	77.863715
290.332686	130.534109	92.448368
270.612532	159.573237	215.290571
269.016329	132.48362	227.424655
290.918093	119.925758	92.272895
270.518973	150.914292	216.462379
292.218919	158.495452	77.962818
291.253213	143.852266	87.899705
287.98825	156.035	98.909644
279.006326	159.391451	164.323039
288.805376	133.349874	101.709532
292.731099	123.518814	91.083477
279.615444	173.676317	161.208588
293.038914	132.925666	85.728713
289.397611	151.745986	97.114094
288.072764	160.781531	102.629216
293.293101	122.8239	87.426438
291.543211	141.129665	92.779338
288.21804	131.47565	113.117278
270.12377	173.892556	225.182009
288.621026	138.321102	107.155521
271.244662	145.222125	224.419669
293.836272	155.197362	79.903441
272.590799	147.578357	215.691345
290.835884	126.695547	103.015879
272.129785	134.472109	225.639876
295.226716	145.623575	79.349565
293.302885	139.413301	93.814079
293.468352	123.879398	98.509965
292.291949	145.222273	98.298061
283.361587	134.951601	175.199907
274.85991	131.243456	215.49117
298.42852	119.610697	71.21076
273.016593	151.880428	225.023655
288.397245	157.570092	119.807925
275.347487	144.435874	216.6298
297.955658	120.618004	81.178544
299.047052	129.613205	70.320413
298.234976	123.786172	78.142216
294.785774	147.006696	93.445305
297.483947	125.920115	89.052725
299.460494	118.061814	77.752869
297.584991	147.923597	81.10716
293.040005	141.161763	107.019482
284.038086	134.016904	177.035682
295.307938	163.22557	96.758204
298.387649	133.057281	86.66643
280.766997	157.78823	194.361763
299.380306	117.519722	85.123899
278.107803	176.51662	208.515408
284.156089	141.621982	179.332513
297.100707	136.502534	93.964125
287.748556	154.524363	157.190964
286.607809	162.360289	162.370261
300.497225	144.552951	74.784855
294.765409	161.603061	106.355431
295.953023	153.023025	107.522519
302.404953	117.132785	83.324884
288.327731	170.494146	160.302986
301.865084	121.388579	85.712808
300.577309	126.54738	92.720675
288.127843	174.648345	160.194504
284.563558	147.195558	196.472027
281.124734	143.434268	216.533299
303.099057	157.919319	71.5262
303.473442	124.069185	79.971285
288.864688	145.853366	178.209528
304.496419	128.322272	77.776282
300.990347	137.957053	91.979513
285.464159	132.335457	199.841495
303.876228	123.823916	83.667667
288.72747	170.663393	171.037591
304.224187	128.692051	79.583557
289.516555	147.618923	173.693866
297.524605	165.254035	105.284746
289.232214	165.209847	169.419031
304.334964	158.824559	75.152712
290.07118	152.9824	174.325257
293.905661	167.646219	138.294535
304.549836	123.212134	85.55724
289.73556	157.290956	175.024548
289.966528	145.794979	177.321144
291.199228	157.41458	165.217311
288.851551	165.045148	178.260926
289.646734	142.814035	180.118488
293.118877	159.698162	156.987945
292.104386	170.500366	160.268537
291.465512	140.379821	175.822318
290.494819	158.437173	175.846999
289.546727	171.429445	178.056988
291.159728	175.31443	165.538705
290.882021	136.461458	180.451053
291.562595	145.952905	179.058062
292.36387	141.446528	175.762722
306.929692	133.106582	78.321996
293.361807	143.499255	174.76468
294.247347	153.231783	165.375358
293.001744	138.482169	178.569181
292.750027	140.664736	179.330858
292.488388	159.426173	174.896932
292.199432	156.492502	177.66009
287.309408	179.449238	203.838612
308.542198	135.139417	79.099032
295.273533	176.046884	162.790276
309.345886	146.626497	75.623093
294.624034	151.058527	176.12998
296.946857	163.41008	162.25886
309.698715	156.23652	76.145486
296.058476	140.500043	176.680236
309.278023	156.904575	78.891729
295.852055	138.519935	178.552811
296.244934	159.884758	168.648352
296.568667	146.921533	177.202924
296.571698	150.017878	176.162228
297.816491	152.366276	167.189319
296.764352	166.291382	169.291226
296.348075	172.711245	169.990807
295.99735	175.024962	171.704909
296.806222	154.00352	173.324377
310.170722	148.110891	82.03517
309.981311	147.920804	89.552314
296.721247	158.732236	178.361556
310.253399	157.308307	84.475441
311.255775	131.924562	86.739982
308.960868	161.05211	91.918607
298.739688	155.424305	166.152395
309.266702	160.593337	90.034917
296.817793	159.709717	177.446442
312.711009	128.527565	84.209989
312.570456	128.707253	85.119257
311.547209	133.604433	90.353124
309.020572	157.787051	98.672215
301.3044	165.907543	156.743092
299.182759	152.233614	176.895602
297.502619	177.10164	180.391684
310.194296	129.773265	100.876941
299.32171	158.324497	173.976422
313.519758	140.161088	80.640789
309.030651	156.353682	105.396817
300.385002	175.567246	167.219218
309.079984	164.508505	102.312274
300.682971	174.300368	165.470733
301.264631	144.932659	178.150474
302.982031	146.017222	166.601934
302.156006	149.577742	170.863435
309.939989	162.769833	103.30515
301.412281	151.035265	175.189101
303.347272	162.788893	156.850448
303.371555	149.41652	169.097369
315.611686	158.606739	77.970286
302.020687	146.072845	178.950165
302.900009	175.020042	162.763389
313.462988	164.346655	97.548931
302.823478	146.15698	179.807844
303.353805	143.825936	177.329906
305.006761	167.80321	163.857295
314.168891	148.256405	104.735534
307.353307	155.618427	158.052056
306.245344	166.547458	162.113319
306.516302	163.310694	161.335635
304.585791	149.348326	179.60973
316.422915	121.410115	111.597107
308.080156	149.443601	169.093869
310.188052	145.607051	162.154495
309.310729	131.944421	173.628102
309.893127	158.838277	158.828127
308.985341	147.440903	170.088107
307.948685	167.47672	170.049636
309.77407	158.940818	159.723937
310.718041	153.938799	161.748329
310.547587	136.895941	169.797026
309.502159	153.819208	170.630293
309.815563	170.732788	161.983129
311.731502	161.852541	157.814195
310.597037	149.011069	164.676955
311.844335	134.649422	168.138035
314.058135	159.475375	146.946301
312.605982	155.926465	160.76996
313.445019	147.983114	164.746015
313.989466	167.404879	152.187792
313.369079	157.069214	161.620603
313.271636	159.151236	161.528866
314.034986	165.299258	160.396929
314.950437	145.220785	168.467242
314.851357	170.403609	159.338783
315.231153	157.075219	161.634671
313.980756	147.411291	180.573777
317.185044	144.971742	165.826577
316.038954	145.740185	173.736385
316.263154	143.565096	172.987839
316.779754	143.233309	169.478972
317.970616	153.121826	163.631836
318.810702	142.121247	168.670343
318.915896	145.075444	166.729285
319.98684	161.978951	158.789451
319.313176	159.297248	172.176213
322.622703	150.126495	164.725151
322.095469	143.45415	171.290408
324.444875	148.154417	165.740952
324.464775	145.124105	166.789653
325.798087	143.4909	171.339213
336.967409	163.07422	92.571223
338.49434	159.903974	79.689943
325.905358	164.079174	177.309707
339.359427	141.182717	82.183829
340.322075	128.016303	93.810929
328.700454	163.343838	170.429167
341.181381	150.415198	76.443202
340.413691	125.06577	93.916591
340.944203	136.223476	86.128718
328.874796	150.03336	173.68156
340.122565	147.195063	95.979555
329.301818	164.3517	179.989637
331.620325	142.339588	169.721379
330.639695	158.221354	171.565553
343.803373	142.887165	81.412354
342.261373	149.28271	92.272588
344.736905	134.249155	77.189904
333.904797	145.7413	172.261003
334.703407	148.164266	165.017852
345.197865	149.592155	81.283385
342.990731	162.84158	95.739876
343.413305	149.599498	97.950673
344.842981	159.498489	78.270459
326.914853	149.724943	224.320438
334.585557	151.994951	171.962052
331.366576	147.759677	196.3766
345.444796	156.026692	83.899435
329.832593	154.152723	211.293108
348.543565	138.747433	71.795159
347.316398	126.892196	88.483443
333.345875	172.091681	183.377015
347.17293	134.116237	94.765509
349.080758	148.003138	78.807229
349.697974	133.100195	81.064412
337.100661	156.268008	172.722565
350.371979	130.980322	75.711352
351.286932	136.850789	71.9872
350.607692	138.247248	78.234095
350.386526	135.221473	81.948606
338.636785	149.392114	177.519603
341.751112	133.333859	173.060941
352.009518	155.179436	80.656056
353.117413	133.168791	90.373262
341.835073	150.143202	174.050875
338.332799	170.022274	196.614283
354.882838	149.182941	71.898912
343.293856	155.518273	175.637687
344.476601	155.627508	165.841413
344.332005	156.752513	166.694568
342.774575	150.758311	181.150286
356.82756	121.285083	85.20642
345.242558	150.720616	168.758506
356.199285	147.085352	79.23223
345.450783	149.212596	175.113821
356.394335	137.376547	83.073043
357.350287	146.446643	76.584502
349.238079	164.776729	146.539769
357.976007	139.527378	84.019341
357.065391	138.616468	101.578238
359.212533	146.727421	85.799766
358.579743	152.45668	89.379445
348.576076	175.322323	165.386012
358.618636	153.199033	88.443791
358.149627	156.050992	92.091742
349.037534	160.510976	172.99614
348.958672	163.62673	172.886902
360.691675	159.641222	79.277959
361.185528	159.203875	96.874895
352.520563	175.130862	163.720579
365.04258	140.398679	62.791159
352.835208	174.822375	161.022829
353.038887	175.527544	167.338393
353.226505	171.308534	166.543178
353.170333	160.21097	169.560396
352.792013	146.228757	176.406973
364.457947	154.879584	67.887722
354.012428	159.266307	170.522938
354.689622	153.692311	166.190034
353.141825	157.188582	170.564066
365.367986	147.99799	75.130134
355.316904	170.101696	164.834367
365.274974	142.117256	90.727782
355.212428	175.239808	164.710516
356.078687	173.285006	165.687996
357.573881	175.767261	160.239539
365.935144	139.104738	94.479509
368.054424	152.89982	55.019489
356.755874	160.323561	170.58007
368.0121	153.425075	69.814165
366.222695	154.476516	93.432066
365.962221	161.787255	91.47387
357.657959	171.681684	160.332141
368.640696	147.22599	79.780034
369.050596	152.267	68.976121
358.691071	171.589511	159.454082
358.929698	175.250809	164.827965
368.541881	161.334119	93.453164
369.799025	150.526346	85.273072
369.789159	148.088856	87.140213
372.063949	143.163359	94.659228
372.966577	150.044276	90.928527
358.344128	165.413233	216.60326
360.659182	167.518981	199.183717
379.154057	126.393178	75.807727
372.034662	140.527105	129.773178
379.109522	129.04269	74.859424
367.451485	145.773681	168.506056
367.345674	167.815804	173.406352
370.265398	149.190129	159.216898
364.60355	149.504687	218.789134
378.983396	139.543737	107.840324
380.794686	142.366141	106.960675
382.994707	147.422535	91.196022
375.702872	173.292938	155.26604
367.022263	167.818791	227.475644
375.326484	141.945442	171.433595
384.128006	147.36343	98.667268
380.418269	145.633082	134.499875
379.676547	171.034843	144.479356
378.881697	148.658727	162.958985
373.070198	155.418319	217.205017
371.623502	148.640518	227.003123
370.706666	135.427107	232.541932
389.803864	131.741482	93.349781
379.521952	135.288053	216.494021
379.256794	159.772209	225.052988
380.776994	153.942572	213.974902
391.999191	143.967725	127.346847
387.451847	147.01952	166.619151
388.819319	143.752506	162.935326
381.915635	178.301731	219.839419
392.731365	145.402479	136.434303
382.558699	147.858043	220.398757
383.380858	152.048269	221.1117
381.537931	155.624629	227.882623
383.81877	167.658831	218.668629
382.423694	154.537639	227.941376
385.461036	173.316542	206.04698
398.727786	144.884909	106.343229
383.068095	156.376831	223.544925
390.739202	134.307799	185.390252
387.06397	166.601975	221.373482
386.061501	156.476129	227.899304
390.981862	150.341682	211.408329
392.056401	156.541258	210.268123
394.729405	141.814392	209.795388
410.119392	157.643993	70.111779
412.995822	151.270114	62.26566
401.512333	136.340207	184.042841
398.915151	137.527339	211.538849
410.220235	144.433495	139.105282
412.496035	155.578651	140.899143
405.006458	166.411745	207.773811
406.777819	153.863554	207.218206
408.059349	167.278299	204.960611
408.858357	167.261207	205.83124
423.353463	127.953476	90.624999
410.178096	144.385254	208.232773
410.189377	154.796707	208.861763
410.137886	150.635458	208.976312
410.496006	136.085017	211.986529
419.529165	151.923256	133.735595
411.034179	140.202953	208.296208
417.978542	146.110476	156.862879
414.556177	177.31144	204.419293
425.211807	152.36383	113.066089
415.654736	154.591132	208.678597
415.40388	145.324362	216.961784
416.627571	150.402562	207.862296
419.222737	146.368883	193.423215
417.816066	163.814262	206.553035
423.060834	164.0886	158.650325
417.037223	154.567254	212.212797
430.821491	157.950293	98.209713
426.482741	153.209805	143.424118
419.78975	154.459485	212.135454
429.786382	143.981074	138.193829
422.02353	141.95854	215.099295
423.287704	161.539071	206.476825
425.53987	142.193154	193.363745
432.333826	144.145328	139.092295
440.689132	134.455138	71.719337
427.076884	175.689108	190.030964
426.955208	168.587779	207.07258
429.503958	160.34181	200.155336
436.203348	133.269065	136.696449
433.982523	154.293397	192.194329
437.583753	148.558179	165.800127
440.30045	150.529074	165.818093
448.997779	133.111689	130.998997
451.207848	154.218229	123.597098
448.881	145.011075	198.028967
456.190171	152.868645	126.414418
454.521822	171.91788	149.09005
450.721467	148.949519	198.879974
456.049295	168.343399	152.618065
457.061642	152.040253	148.199851
454.879435	171.660024	198.215643
460.56665	167.354642	151.787271
460.493944	170.261693	153.570325
456.359016	149.987306	198.053131
457.115868	149.938717	199.90539
459.553969	167.629618	197.566302
460.09815	154.8748	198.90676
459.724136	149.910311	201.799489
464.85475	152.260469	150.05705
461.73475	155.787336	201.652377
466.761812	134.961297	144.052111
463.743196	148.173775	197.305431
463.563105	154.823593	201.728246
469.260768	166.592711	155.400455
465.555784	162.600183	202.405309
465.734221	166.51728	201.35238
465.665265	170.399932	202.983519
466.424055	148.204352	198.268304
470.007044	135.23731	146.618732
467.571631	159.750998	199.830415
474.79733	133.059648	123.60296
475.630755	152.235697	132.828113
470.713183	136.454196	209.636271
473.348155	174.23941	202.13926
471.302644	130.698202	211.496808
478.581575	171.224563	127.290997
476.778005	170.319687	205.098925
476.428984	137.817449	206.783662
477.890225	132.192292	208.585028
482.709774	171.38775	201.563906
484.671982	136.605592	203.778001
491.584011	162.880408	146.443965
486.16871	132.950425	205.530035
488.272687	158.977609	210.142184
497.011328	169.313286	143.682979
492.460431	135.932422	210.934511
496.761626	151.577539	157.65215
499.944883	170.209596	164.877792
497.324655	133.616184	190.150561
501.645999	154.08871	148.697944
501.638613	163.675031	157.613312
501.13384	135.787684	168.929693
500.535945	146.881148	205.246711
502.409312	156.464327	195.132213
505.194276	166.571524	157.507925
502.216475	136.693805	166.203222
504.163719	149.351242	161.854155
506.896232	158.977027	150.294189
505.430505	155.748134	160.996902
503.441481	134.223729	188.072758
507.991079	170.181091	152.961486
503.925452	136.039389	212.24231
505.440999	141.613882	176.203312
505.664054	141.575785	171.623271
509.222479	160.356525	157.315731
508.237483	147.839746	163.485111
507.789632	149.403239	203.159307
507.785836	134.660798	186.057307
511.503466	166.28673	146.628509
508.411543	145.207205	196.547792
511.007411	162.270366	157.260576
510.863596	160.51492	159.045223
509.509849	147.992274	196.573089
509.718314	150.669695	197.555432
514.568477	168.967219	159.845959
511.306271	143.916492	181.554061
511.269545	143.913454	182.478531
514.902808	149.342553	141.905735
512.87047	145.630522	168.705265
512.835662	158.837419	204.959822
514.984345	169.127777	145.597773
511.691349	142.117409	189.813922
513.355279	152.878255	169.723126
515.386328	164.234162	155.300003
513.302561	146.760213	179.696664
515.0213	149.593824	185.237857
516.098784	150.578142	180.58911
516.801159	138.68472	154.057573
515.193578	146.336184	209.213606
519.306229	172.874794	143.628162
517.360412	164.966511	173.380986
517.288795	153.323287	176.906314
517.170941	154.250117	182.472047
515.961484	145.536982	209.159507
519.289245	157.187016	155.960403
521.019014	161.706048	142.613575
520.604289	166.177735	152.392947
519.910013	155.569151	158.610318
518.498865	165.059528	194.65102
517.576717	149.835264	184.204937
518.145166	159.628383	193.669966
520.796311	144.019326	150.37997
519.87377	164.218155	171.431167
518.146976	148.969231	190.642912
520.356689	149.301989	159.414388
519.887349	161.4951	199.180737
519.914508	156.265231	179.617029
521.359633	141.476323	152.113434
520.877105	138.921698	166.468014
521.766019	148.405348	179.365587
521.137102	139.145497	207.798459
523.587767	153.485816	165.661576
525.450549	167.706812	157.548153
523.518345	163.800772	188.851879
526.236559	157.282856	152.058271
523.510443	150.376024	181.174983
523.216894	147.702863	182.964381
525.980443	162.417341	160.207279
525.277371	167.488471	199.004929
526.294469	167.682483	185.04615
527.998278	162.04091	152.906308
528.655346	154.509456	142.128942
528.181867	168.427128	152.027277
524.639119	136.266833	184.408129
527.951326	156.458478	164.599086
529.644743	163.122949	153.730828
527.072382	137.876388	172.528878
530.381748	163.306051	155.495411
531.094191	157.773072	154.52929
530.70273	149.599313	155.381034
531.094191	157.773072	154.52929
529.844166	161.764564	193.18411
531.095939	153.94023	152.704069
532.314596	160.178826	150.00286
528.452719	135.341028	174.240549
531.503279	169.855685	175.54669
533.306524	153.476606	156.203238
532.118759	170.0771	183.861695
534.749396	172.717454	154.393705
533.439928	144.676403	159.736151
532.799259	171.085116	197.754293
532.567267	160.046878	176.340367
535.164741	175.701013	145.401488
534.541432	156.868252	152.574788
534.578484	160.635963	153.491522
534.801901	162.236694	150.793204
534.740999	162.320034	151.693653
534.650762	166.244408	154.40518
534.388823	172.358843	163.478283
535.503911	152.940996	149.820024
532.062698	141.130349	175.993156
535.538819	160.514582	151.651112
535.645738	152.851189	157.907791
537.123462	165.463362	154.292935
533.695804	144.347584	166.933033
535.358934	174.126784	193.926123
537.498707	169.619384	148.88015
537.236463	154.862723	149.759745
535.845586	143.967416	160.545374
536.694001	166.059669	162.463406
538.111516	152.830571	140.782944
533.5956	144.20694	182.364847
535.534537	177.782164	190.182264
535.388834	175.041377	194.845989
538.333262	172.459025	148.830223
535.12979	157.843206	202.141461
537.702741	150.575118	152.418348
536.266056	166.598013	173.472911
536.307495	178.800326	199.387325
537.67191	149.653146	152.415955
537.194703	177.927996	186.389037
538.402402	176.970758	147.006782
536.781061	170.635723	201.272985
539.155997	175.304832	148.773324
537.102559	170.46087	178.067806
539.532212	169.147247	143.425038
538.934052	163.456458	151.512282
536.913438	146.605608	170.454761
539.895241	174.575379	150.538912
537.654161	163.168241	175.231961
540.563966	156.957137	150.537065
539.655018	160.807733	152.37864
541.015756	170.444196	146.027916
540.961419	168.666331	146.932041
540.891706	165.026907	147.838458
540.779716	172.670415	149.612003
540.729638	162.425781	149.640315
540.388177	156.224248	152.340143
538.125413	153.990705	171.424958
541.673239	168.889418	148.693235
541.130198	152.564439	152.305481
541.076412	166.921493	157.740885
539.536325	179.165407	191.835307
541.650759	156.684592	147.803318
541.673353	169.823006	148.689379
541.594117	165.253204	149.604144
540.675173	151.184679	156.816251
542.561057	163.233978	147.772874
541.961144	177.286861	159.466705
539.353874	160.1668	195.519674
540.160619	169.041851	181.642274
542.571153	169.770081	147.754011
540.888785	173.881043	200.160392
543.026392	158.088438	151.350879
542.443072	155.950562	157.6757
543.476883	163.166503	146.841453
543.089876	161.798158	151.349051
540.202001	150.718449	174.93782
543.236	161.605512	149.544997
543.653832	162.196201	154.934534
540.981698	156.573145	184.221167
540.971253	159.417796	191.714564
544.044106	176.663996	150.334495
543.89013	171.308653	153.090238
540.786638	157.640237	194.46361
544.119501	170.964765	149.479587
544.87659	165.496372	150.377681
544.615131	165.856752	153.991286
543.117006	167.70729	189.885008
543.643156	135.410293	154.956864
541.829977	139.1449	177.377111
546.236237	164.814936	144.052056
545.102494	150.153406	153.983504
545.154579	160.596705	156.691108
542.499637	142.221796	182.833895
544.621734	167.017917	168.537874
547.462007	172.986818	149.335431
544.907582	162.930491	176.784402
544.01576	155.150094	187.75796
547.848484	167.111937	155.684383
547.779308	178.505501	158.307692
544.28813	141.276417	180.034667
549.380678	148.331021	152.992098
549.700219	149.861347	150.288547
547.121523	155.704087	174.778591
549.307448	152.247472	154.781219
548.252843	165.991292	178.537205
547.817196	156.864081	178.441171
547.282955	143.892722	175.485969
548.505896	154.176614	178.368715
551.024257	172.234253	159.174491
550.248258	179.001918	179.343104
551.680288	169.402814	149.236473
549.459806	148.316694	171.882522
549.541367	165.540544	187.77166
552.012838	170.168713	156.442987
548.553473	152.054431	192.104198
552.164699	154.801273	152.020385
550.572013	178.647577	197.894695
549.029747	139.897404	183.46832
551.830621	167.805482	173.81211
549.942717	145.672206	188.147018
555.035277	160.143845	149.243257
554.116147	144.11456	155.624167
554.588097	168.312941	155.489416
552.661499	149.628456	175.443668
553.52936	175.468788	177.423736
553.116352	159.735507	175.574009
554.35502	154.529517	179.131187
554.589628	153.313063	174.546914
554.553857	142.649959	179.799998
556.560873	161.729388	175.50827
556.216693	154.423257	176.349002
556.841474	166.218402	191.275825
556.568647	150.150793	180.819675
557.63121	165.358937	191.245713
561.240162	175.859647	145.324362
560.260596	151.866704	166.298126
561.647086	173.761225	151.653531
559.640991	169.862906	186.575542
560.429815	163.27744	182.808975
560.768416	178.091054	183.715442
561.34443	176.541769	189.302684
561.996137	175.761694	174.437484
562.438518	173.458725	181.860901
562.672747	171.275483	176.309346
562.313195	173.604675	184.650528
563.71612	174.839054	173.491367
563.292474	174.42563	181.838332
563.433925	155.167609	183.549177
565.231016	152.194958	168.954273
567.790863	168.009132	149.885874
566.949411	171.362682	175.315107
565.831523	162.141847	191.019349
567.768579	169.525984	175.315017
570.548057	175.917201	172.457418
572.678956	169.702135	165.19045
573.406968	168.147298	179.871376
103.003296	123.487675	185.59296
111.482902	123.480392	156.303406
114.712948	124.26265	152.953302
111.473996	124.892106	176.101611
117.311153	122.411963	169.288154
115.616502	126.561212	190.636364
118.237829	131.786849	192.091353
125.667357	113.178574	174.458107
120.203457	126.320995	200.618126
128.321945	120.354967	184.928983
134.479095	87.172602	166.455225
129.281014	107.558092	189.378556
122.805358	129.638591	208.622
132.501112	107.55599	176.752977
130.353179	104.545446	189.439353
129.66334	131.622125	186.398788
131.034228	107.865977	193.215671
132.783538	108.217491	184.098807
131.649175	120.695494	188.944227
132.451804	111.605931	188.739667
131.210238	124.944997	192.856882
142.115949	88.577365	142.799823
136.963224	95.781565	179.882528
146.07366	96.298973	161.431456
144.012653	116.187394	167.496586
134.072302	119.529917	210.639836
144.255826	89.895382	179.513072
143.138549	96.51884	187.577219
141.465502	116.626396	187.6321
149.401304	89.278076	152.839686
150.491924	91.140042	143.939669
142.278489	109.526735	186.616286
143.333192	89.626385	189.520211
152.315133	117.336246	121.403518
155.636058	85.52849	139.093504
149.065406	84.315594	183.546455
154.377231	125.738137	139.61351
145.413181	119.734	190.763006
146.077391	110.747374	191.525047
142.608631	129.06324	201.188305
148.943047	105.375853	184.244013
153.260273	121.15375	156.130023
148.531497	129.499266	184.650727
148.192734	109.785898	193.506037
150.783619	128.196197	179.129574
156.87993	122.111776	148.050003
159.787127	82.957163	148.195907
153.397867	128.896622	174.620634
154.801996	97.087336	179.096552
159.488889	107.771674	152.883244
163.527465	94.349825	124.791569
155.453326	88.434656	183.82558
154.306051	92.801318	192.012236
162.771928	102.339348	136.0307
158.318443	127.885615	162.828659
160.49961	112.119879	155.603299
157.106131	119.86551	175.590962
155.014739	91.035165	197.636355
161.559392	112.916195	153.827248
160.0816	105.114894	165.629134
159.915727	105.191922	166.52943
156.787652	87.802622	190.368244
158.634932	120.620036	171.981606
162.068281	95.304798	167.646226
159.364531	102.080034	179.322618
155.758925	94.032973	200.453294
169.946778	109.553101	104.905081
163.305324	100.902208	163.105228
167.305799	94.642206	137.438226
158.061047	88.993733	195.996948
156.547945	131.398534	187.802707
159.291843	85.088296	196.118506
166.485265	115.198732	141.292973
159.634146	88.858355	192.383952
165.780236	109.065212	154.971164
165.522648	101.570111	159.58278
162.104338	120.724926	174.905273
166.95763	107.867201	153.228463
158.212499	123.37902	190.550282
169.547837	93.147749	147.387444
168.563815	86.365424	157.335067
162.111509	88.843656	192.538274
171.259236	103.36884	135.502211
168.738463	105.887564	153.338086
172.601589	90.766384	137.818191
168.788131	109.269306	156.91584
169.258554	88.945193	162.677421
171.84877	92.560092	143.050886
167.284955	96.855948	175.176055
166.036768	109.749479	175.97097
173.907383	105.094486	133.772862
167.973982	114.253151	168.702671
169.442554	88.743074	171.732063
172.142256	85.334745	156.621974
167.742099	88.541564	185.443913
164.28655	120.092351	187.064434
171.150964	85.511529	168.24255
169.001587	88.233078	179.042509
161.710614	130.30647	193.525533
165.650359	116.947042	182.456486
172.599856	101.718508	151.777684
177.154466	118.238462	107.667795
173.891962	112.600177	137.172392
173.054455	108.845753	145.341892
175.256046	99.86382	132.225311
171.610922	97.631358	159.915913
162.960732	128.23337	192.632475
176.82146	83.278301	134.754777
176.837561	88.970789	138.938753
172.467473	108.076735	155.275287
170.167114	109.202074	167.899482
175.872026	111.345138	135.490352
178.507232	83.924221	126.835411
176.185434	88.76069	144.23997
176.006061	87.835532	152.257115
168.490408	92.603313	191.973258
173.777729	116.33792	158.883519
172.070017	114.168091	168.878819
170.300134	112.688887	178.023023
172.604854	123.598803	162.466801
171.396114	113.402709	172.528455
176.911899	106.502323	142.854907
176.731204	119.670666	138.084521
175.853153	98.957725	153.767773
181.994646	120.500915	103.414992
177.613561	104.773074	144.723185
177.559937	87.956478	153.2064
176.22162	105.882642	153.654231
172.889393	107.402003	171.697736
170.401783	118.65495	178.956942
168.707262	87.010928	206.027439
177.190291	84.081151	163.13397
176.581574	125.976277	147.999351
177.820494	100.623564	151.115614
179.338754	114.023696	140.099071
172.402981	116.427333	174.412436
179.568176	108.227627	141.127837
178.382348	102.703177	151.994677
165.514674	102.527619	214.9405
169.826654	125.886713	189.168068
173.731738	108.679328	179.122832
173.486911	102.929755	182.860892
178.499836	90.888712	162.14134
173.893238	91.394333	186.701614
181.671575	95.738419	144.226216
179.51267	98.331859	157.529224
175.429081	107.513095	175.500561
180.394703	97.75151	152.178603
178.64033	92.510243	170.287783
176.273969	109.410943	174.604299
160.853753	125.843589	237.648003
173.619144	98.248453	192.250823
179.718162	96.775968	162.083186
183.404901	110.534317	136.743985
180.825511	113.62599	152.819634
181.07472	111.106747	157.395183
179.370865	103.230477	170.185211
179.704406	93.633463	173.070679
184.897805	92.252263	140.889707
185.020141	92.120961	140.009507
182.438199	106.510261	151.179997
181.713615	85.309656	166.013533
182.209759	105.72368	152.989785
183.401685	94.560083	150.577883
181.146627	110.121223	157.409822
177.517682	103.774131	183.065431
174.692725	117.712261	189.399754
182.549292	87.182071	165.105085
182.004465	84.620904	169.673792
179.448895	95.796122	177.646176
185.215555	108.557989	136.864187
176.692709	114.54289	182.032139
184.870303	104.261128	141.434782
186.77892	94.827332	138.204525
184.664996	96.729548	152.365758
185.633646	97.820628	145.208427
183.717285	83.265004	165.244158
182.743727	89.34566	167.794511
179.318262	112.253672	174.722176
186.780107	89.268764	141.054733
176.976489	113.601864	184.851572
174.701497	121.706392	191.242898
186.965128	97.396343	135.458571
184.142494	97.538319	160.441036
176.821089	119.563817	186.680957
188.539061	106.726026	125.425124
182.834628	88.678074	172.37948
173.899424	124.798999	196.761155
178.766874	103.766007	185.001329
187.527142	100.411813	142.526975
184.199996	127.241134	151.908549
182.717689	106.945811	168.455389
182.552294	86.163543	179.789795
184.831228	120.250186	151.080135
181.098549	104.473726	177.641906
186.420523	91.984776	154.341024
184.671405	88.27786	166.992234
181.774526	91.98143	180.599188
184.339931	101.596485	162.195119
177.089442	103.929014	196.164307
191.395176	79.301131	129.222417
170.814036	129.295267	214.850664
180.432008	97.956834	187.952112
183.065823	92.002807	182.533855
189.282392	91.973003	146.394996
188.392272	97.35872	149.79689
186.807651	111.541469	153.068862
187.381209	86.81023	161.704621
181.703931	96.023678	190.860053
178.319365	105.816747	197.152523
190.088426	83.646469	151.133739
189.977032	109.777687	138.813339
190.016662	105.085527	140.711696
184.349109	100.422401	175.978626
189.603971	122.936696	141.273855
181.258331	103.741573	192.642088
191.753842	91.215959	141.159521
183.344167	107.403078	181.453175
183.471471	110.28042	179.565501
191.879151	91.087001	140.278854
186.567182	102.876384	167.746927
184.162224	109.200117	176.811002
179.825018	115.539094	193.389125
182.042798	88.436627	197.531003
189.063081	117.295926	152.168029
181.997894	100.824289	194.58961
191.353059	100.714641	145.339776
189.631382	124.468365	145.771518
190.975335	89.427412	159.080544
187.161512	106.932208	171.403895
192.872391	94.539142	143.768806
186.472308	98.510295	178.893947
185.591293	101.50342	181.6202
192.401269	98.372027	150.814294
182.656709	92.192133	204.078791
194.388405	122.649032	132.448703
192.896833	126.702902	140.439018
191.669352	109.623214	155.082508
191.092682	86.401982	170.06329
188.051547	103.220542	177.048342
184.182265	107.492393	192.75229
195.488555	97.345655	135.75726
186.056964	99.659186	188.237118
191.476574	106.276495	162.404131
195.22168	95.604628	144.711526
195.086707	97.580456	144.653389
191.886218	113.691595	156.849164
189.936364	103.914311	171.558655
191.631124	94.904875	167.172246
190.569437	99.009386	170.732354
182.709185	127.461125	197.964004
192.823495	114.569922	155.961603
192.553028	99.547508	164.382641
184.894547	117.284477	192.654198
196.209973	97.332145	142.910931
196.31681	104.457446	144.526325
192.809136	106.345986	164.283759
194.285983	86.066299	166.559281
191.437553	105.796641	171.598358
195.566093	95.638176	153.692378
192.453102	106.464604	166.102262
189.380141	103.295459	182.720809
187.206794	115.147362	187.167533
186.190831	119.222654	193.609181
189.64437	109.097924	182.662277
197.983145	90.731756	145.840062
194.001773	106.189165	162.501851
183.428217	126.505527	202.611908
196.657431	88.945283	155.707972
193.90535	83.703955	174.855658
182.138653	115.629336	212.86591
194.754607	103.049217	159.845708
189.832946	107.145621	182.694707
195.872008	82.906675	163.977881
198.32302	123.847611	134.350923
192.7258	100.111114	176.372871
192.498883	89.774003	183.062035
197.455864	108.575883	146.273201
192.825742	97.25262	177.351248
193.01033	101.001291	174.512904
187.87482	100.570498	198.657845
198.223955	120.835331	141.592752
197.045359	92.733898	166.532477
197.643764	106.577334	156.251951
198.503637	93.939819	157.456636
197.283462	99.20045	161.838239
201.873658	96.759246	139.545864
192.815112	108.970495	183.744378
197.371143	104.174301	163.579716
191.410318	93.739993	198.000455
199.080959	109.079419	151.727367
195.952898	91.385872	177.596996
206.879686	85.472254	112.617883
202.88479	100.346131	136.801826
191.276647	98.503701	199.795587
196.951348	96.955567	173.826806
199.648783	112.988227	151.682183
189.998445	108.231441	200.49542
195.084601	99.240619	185.872813
191.472563	104.270092	199.706002
193.559952	106.08135	189.460045
201.587757	82.420193	160.613157
199.495842	103.005514	161.852698
191.398103	111.098199	196.77231
201.584623	111.865076	150.861104
201.148515	109.248619	154.514513
199.38317	84.543433	176.967432
195.750035	106.880041	182.967398
195.932297	99.202085	185.914626
192.253077	111.060904	196.808742
206.087333	107.247817	129.570825
205.178527	98.672985	139.600334
192.531344	115.008259	197.663911
194.158217	110.946901	192.217137
204.997137	114.793671	133.826979
204.599113	121.688279	133.673724
202.300148	113.808185	150.854647
209.635901	87.186768	110.824839
201.714762	104.618742	158.256391
198.85364	84.863072	188.173691
205.330251	91.74935	147.860027
194.552719	103.165195	197.999979
201.6761	83.566332	178.968608
198.184175	103.891024	185.005029
201.830867	99.438639	169.369903
197.962262	93.447808	195.521359
209.931482	109.668058	126.025634
212.551416	115.127495	105.049983
205.863069	111.730674	151.01216
203.813226	94.579688	170.479893
202.82741	93.06105	180.713346
208.108663	93.025902	151.526291
199.13076	112.691042	192.382259
204.034403	97.774037	180.685253
205.154452	87.249849	180.944526
202.257905	103.708574	186.134942
216.54274	83.465715	112.956361
201.807609	88.544916	200.470007
204.01374	102.609659	182.474894
211.553478	111.178381	137.698204
208.193661	98.819857	163.212096
210.539214	123.237922	139.233517
217.559785	77.580238	114.186384
201.853897	106.701738	194.498367
208.505691	83.237017	179.336562
207.701871	88.993048	180.103112
211.206637	91.969923	164.434568
210.688199	94.028886	166.197937
212.060265	97.567726	161.578875
216.313429	110.088211	129.782759
216.054195	86.750287	142.182008
204.562902	107.546408	193.652623
210.837867	83.928764	175.716831
213.34135	96.42161	159.834156
217.118463	105.121712	138.042005
208.183975	102.46326	187.366973
207.8387	102.526271	192.975475
209.350798	93.808578	190.426491
207.487605	108.372491	191.880416
214.735656	94.594048	162.699167
209.931553	104.300868	186.465768
209.637499	96.628139	187.559881
212.355386	97.28986	178.287893
216.833332	96.850441	154.50996
212.314291	86.931225	184.144261
214.567688	93.014352	169.187204
214.346488	97.023476	172.793381
211.270781	99.407385	186.636067
215.122221	94.162019	174.762848
219.912023	118.818403	136.904861
214.674307	92.460797	182.264941
226.029754	91.141294	110.968122
215.523435	97.050729	175.649211
210.712932	102.405923	195.89326
217.167658	92.881255	169.326934
213.445081	86.987598	195.458565
216.578336	95.072469	175.750338
225.867378	80.007752	124.133175
212.18915	102.311473	193.160661
216.410789	89.444894	179.617458
215.358767	90.550775	184.222754
215.239102	98.214267	184.974073
223.926083	113.937315	129.901034
216.915362	87.577454	182.501543
216.610447	90.446319	182.414819
217.167254	94.132133	177.672124
224.029896	120.203038	132.466896
217.144473	84.804697	187.270193
221.26389	91.574937	166.810723
219.099803	92.109054	177.826321
216.286464	95.33143	189.78213
216.165	97.284825	193.463279
223.814306	98.461874	153.895898
229.369996	103.628627	114.038299
229.080818	104.84265	122.1908
224.701003	100.325568	152.976057
228.059028	109.566376	127.443783
218.008181	84.835079	195.733092
225.652095	99.305544	153.054034
229.011198	90.511707	135.44023
224.568126	93.101702	162.34079
227.510678	103.982782	139.39273
221.439912	96.760356	176.899892
226.906355	88.674707	156.20432
224.938762	89.449559	167.083598
227.057919	92.374399	153.348648
227.032341	91.135813	164.384637
225.901722	92.418136	169.825899
233.148996	93.810984	122.812257
227.222113	91.302377	168.084424
230.314656	117.743163	138.225459
233.412315	100.857266	130.686955
226.848231	93.46388	173.563104
214.950441	103.387608	227.229017
231.963135	123.841922	130.80868
226.045541	83.213009	183.137289
222.699547	94.995805	192.883574
227.838354	92.276159	169.016465
232.192314	110.366253	134.850535
229.787289	92.577155	158.063691
229.330737	91.10604	166.366648
236.345335	80.858404	124.516732
234.051976	119.034426	124.562387
236.906147	93.507275	121.139774
234.988217	121.606706	129.125574
219.59917	104.482535	215.981573
238.440328	111.553704	108.305298
239.417024	106.777483	109.499082
239.147516	92.965479	117.592073
234.192473	94.896892	151.836272
229.634675	93.408146	177.444693
236.117964	119.499095	128.302319
231.989328	93.056491	170.164487
237.44121	120.983238	124.603766
227.611533	95.652723	190.2984
227.602628	89.914235	193.267554
233.751673	87.063894	168.619602
238.023605	90.359628	146.766138
238.936583	79.349148	146.403377
231.631434	94.319419	180.319886
237.969527	95.605036	150.201114
239.717539	115.601313	129.474284
238.493521	120.324046	135.736497
243.032535	89.654415	123.407417
233.994048	91.323902	183.335256
244.997049	92.267885	120.595429
244.997049	92.267885	120.595429
246.153251	98.5122	108.289068
245.864406	90.372421	121.653882
244.149903	104.343283	128.23686
243.575899	97.14834	135.853464
241.213744	84.11999	158.166653
238.64827	89.733384	169.757299
243.141783	104.163649	135.541104
238.555855	86.885261	171.702387
244.03995	97.754005	132.19333
244.071487	87.226595	137.252021
244.152007	102.139817	135.669508
245.528882	89.604753	131.744527
242.205424	84.32683	162.81081
248.404317	109.230643	106.818673
248.909389	84.192093	113.889559
237.067483	90.206438	186.321767
250.83206	108.11929	94.790451
241.320127	83.832951	172.914771
240.784777	85.864777	174.655251
235.988516	84.641092	198.443622
248.038508	90.804424	125.39257
251.496594	77.523567	109.869651
249.716159	113.461006	108.5087
249.880735	103.024142	111.861399
249.233264	111.244698	113.27785
248.142239	104.835693	124.686974
242.477303	82.756871	172.105842
240.118325	90.893614	179.988033
239.917019	88.994766	181.895785
250.692211	100.177834	106.474188
240.487169	88.908782	179.155067
244.964373	99.261584	149.550389
245.158724	86.644623	154.647264
243.027797	88.537383	170.999497
248.898158	104.939073	125.636277
250.615324	110.655343	109.614534
250.98519	89.51922	123.75529
251.580678	80.360502	123.415726
252.055215	92.162214	113.497619
249.669036	121.971709	118.437065
250.28534	93.993764	127.157174
246.10054	85.932845	160.237608
231.229368	124.748278	225.443058
228.976176	91.405471	248.848209
253.20852	95.664484	117.030917
253.639967	82.866517	119.67635
247.409694	84.075079	164.074814
243.606838	89.727166	181.15543
234.060966	123.549086	214.316723
253.070341	79.661972	126.272354
235.855761	123.867272	204.73394
231.900233	123.891054	227.213548
252.797052	84.687037	125.954175
244.98448	82.755696	177.80638
250.253628	105.931179	134.875829
252.771976	107.421421	121.960913
256.683173	110.951441	89.161877
253.779104	93.136506	120.897365
255.522132	91.248007	114.606627
255.227546	97.25658	114.231272
254.246588	116.15526	113.204201
254.712804	121.115546	107.346912
255.012368	80.403183	124.481652
255.673588	78.704153	127.366072
240.53616	125.41165	195.11264
243.447753	88.937764	194.949397
252.471605	80.450708	157.204674
256.699698	88.064091	121.31482
256.256993	92.319303	122.890067
256.451314	80.692581	127.27683
259.243325	101.229214	101.104027
255.787744	102.130873	128.819906
245.028598	113.772393	190.350793
257.848518	110.461228	115.46485
257.91523	92.397614	123.874606
257.516094	107.992016	119.309025
257.315593	120.351436	121.548893
256.478836	96.125173	140.198713
256.297398	106.895187	136.018293
244.293642	85.309635	209.514893
247.821276	82.825689	194.498369
261.329702	83.026138	114.440838
243.761505	97.238033	210.659556
253.2869	87.901034	169.801295
259.864475	121.260913	108.433359
245.884786	121.054904	192.793614
245.502814	125.267305	193.515833
245.193906	85.257602	209.542913
249.631681	94.36272	184.967752
261.284024	83.05502	122.730077
261.243743	96.425522	116.348743
257.251055	83.963173	153.650939
262.253249	112.971424	100.470301
261.786657	84.367151	125.428692
245.745979	119.165105	198.184083
260.071033	110.785275	125.781363
261.445216	80.852571	130.228878
250.649474	85.546266	192.688632
246.905363	122.209566	196.332128
248.357824	128.181988	188.185905
250.627847	81.674611	194.674821
242.698904	100.318989	224.295732
263.513669	104.335807	108.510209
263.379363	80.778288	121.115302
263.316193	77.981603	123.139808
249.850727	128.070696	185.563835
263.916723	93.505329	110.128062
247.968803	119.059023	196.490675
244.596141	107.769682	216.210632
260.257656	102.676714	135.443126
263.871194	90.706339	119.567321
263.697052	89.928244	121.459962
251.18499	112.524982	187.9378
251.844809	81.639583	197.442175
248.986503	121.099923	195.558531
260.506182	97.217097	143.089508
242.975911	120.598714	227.536753
264.756231	99.217407	107.933116
252.175334	86.450889	193.620617
263.933216	91.595785	118.588396
253.306915	88.331686	191.770643
264.784416	83.97368	122.79601
260.509567	114.713802	133.999128
265.371873	91.901712	121.394485
250.308545	115.997635	199.341128
264.280252	115.76367	118.206614
268.035803	100.351247	102.397131
267.450695	91.583448	111.297259
267.273697	90.827038	113.191603
248.845763	121.88219	209.545275
254.864582	80.469081	196.714813
260.719686	87.487636	169.297264
258.431909	82.990607	183.134082
268.586712	93.194522	108.451375
269.273327	102.726527	98.567816
256.721284	102.057284	183.153392
248.341623	112.173667	219.487401
268.925722	92.81007	105.717055
248.214543	126.844586	217.099012
266.441356	115.332583	115.475487
268.605854	91.268643	116.903953
250.830209	109.100093	207.575241
268.609212	90.321495	109.571055
254.712185	107.454928	194.53392
259.842708	85.812625	179.420472
250.166089	109.663299	215.346357
272.986767	99.367001	84.214875
249.892648	94.789978	222.102789
265.822014	97.539056	136.823324
255.501198	106.434841	195.494628
269.341368	112.190535	108.226878
274.240655	95.232006	82.792331
270.299827	92.296258	109.489241
259.017593	84.037445	188.580446
271.326809	84.507328	111.901087
258.094376	108.236092	187.467117
257.106473	126.999216	186.725089
251.726714	122.230226	213.928955
261.403457	88.813583	183.922087
254.529836	109.042104	207.664211
272.239062	91.146018	108.702215
273.593289	116.355224	87.498157
257.269727	122.956479	191.319142
255.497888	111.873236	202.308439
272.935767	95.108887	101.080178
257.472395	84.424506	203.752724
271.790856	91.628466	112.347271
259.025574	102.111455	189.558755
257.827566	108.374702	192.815907
254.245336	111.185385	208.425299
272.807412	105.663791	104.983264
257.093195	100.492726	202.901875
269.198198	117.884806	127.584534
271.919792	87.593602	120.925788
258.746745	105.292868	193.872794
259.27974	116.529777	188.069753
261.199245	126.735309	180.585074
272.335566	80.285497	128.772968
260.240411	112.381183	189.159561
259.133491	118.773831	192.4214
259.040823	80.680585	210.992875
271.627642	105.780777	129.147958
259.064398	111.683269	198.899388
274.512199	90.568365	112.487483
260.831977	84.209312	201.205227
274.605374	83.760179	114.794929
267.684657	88.038653	165.906239
274.804653	98.813003	113.809749
271.811416	116.130981	122.10997
259.229928	101.59739	205.528671
256.979937	97.307445	217.803301
274.113433	80.214364	128.815635
262.508905	126.840077	183.306038
260.605467	104.370697	198.401922
274.261804	77.18055	129.010934
274.222106	114.519446	111.01642
256.872739	108.475743	214.662679
262.518713	115.400263	186.427899
276.311385	112.212445	102.79642
269.983655	78.929679	167.311592
259.277126	100.813047	209.921161
276.003394	94.657911	113.173891
271.540218	83.326489	155.223867
263.234009	112.322457	188.362539
259.595083	104.783473	207.118429
259.278604	103.854831	208.89655
255.467079	99.750602	230.221859
277.206352	100.007272	100.862166
262.880846	108.25136	191.20093
262.308172	111.429557	192.820376
261.098757	96.338315	203.223099
277.81014	106.874062	100.400629
277.255179	81.777681	115.903264
261.442054	96.44878	205.851938
278.039828	93.442567	104.101512
276.702762	108.122118	108.640161
264.248868	114.371435	187.414175
274.011849	112.708537	127.922934
263.776668	123.820442	187.01949
261.484873	101.485091	203.840571
260.721663	116.093045	203.120695
275.152144	120.076837	121.984945
263.076822	100.324709	201.310726
265.175236	125.820471	184.301182
263.458869	94.382296	206.009003
277.334477	106.508772	111.536896
264.67348	100.06189	194.303157
262.806022	107.740792	204.431177
279.435051	97.633562	105.676204
265.945248	107.157135	190.450588
266.35189	110.187291	187.65306
262.396416	101.710735	208.204949
279.872487	92.414661	104.216201
278.232325	106.487769	111.554096
279.751203	95.398994	104.00262
274.991429	97.651459	142.6362
264.893951	96.11017	198.934382
277.882011	79.878496	127.060543
266.080906	108.166159	189.51847
259.536262	106.93991	220.743021
279.765737	89.656574	106.237743
278.194569	114.026006	108.316586
279.399083	98.578591	112.98582
266.262475	81.098111	203.269924
280.069714	88.30602	111.829822
279.691925	89.641829	114.48964
278.39002	87.949313	126.566045
275.598998	117.418319	134.276241
261.807854	100.205141	216.015002
276.549569	102.091382	135.021052
266.864507	114.38837	188.375809
263.668446	96.559776	208.504286
280.766978	90.399505	112.615813
280.560996	87.70476	115.548744
269.935224	109.89863	179.684601
266.71503	94.077301	199.968374
265.892046	103.359872	200.349726
262.349427	116.855422	213.502809
282.650455	111.791687	89.076395
268.078231	106.0754	189.669627
264.665441	104.661002	205.495744
280.272781	106.187007	109.750295
265.304293	103.483073	202.955085
264.275174	101.703171	208.243481
283.710003	104.286416	90.630348
282.862746	110.800275	94.696702
266.421728	92.310422	206.1844
260.031192	126.394456	230.950877
278.694257	117.203539	124.042138
265.406354	101.648264	207.402444
263.463562	116.789833	212.663513
281.522916	116.037302	102.656462
281.506067	91.487027	113.471588
266.695149	91.248352	205.376041
264.378316	107.085994	210.561546
263.453417	101.313359	216.831844
280.669863	81.599083	125.141777
278.582298	97.94228	135.269909
266.375432	98.359591	204.11753
283.076433	93.676795	106.924156
279.909369	117.822119	121.219301
269.040535	95.99608	197.281632
261.445775	130.255443	227.464593
283.003487	108.889479	101.295892
279.540722	112.444019	127.089773
270.145141	116.382398	185.696421
268.263726	108.409691	196.645278
267.908578	90.177559	204.586109
263.872641	118.091531	215.182638
282.444032	90.44953	113.549763
279.31147	104.882754	133.064433
270.488875	120.480175	182.847732
278.243935	97.730542	145.48695
269.68251	114.384356	188.444946
267.906021	98.229376	201.536427
269.714851	110.229664	189.522186
264.641418	97.175983	217.062583
269.556508	120.662769	187.27751
269.063563	92.964265	198.320357
267.879089	104.568037	203.827055
282.378924	85.47971	123.98893
277.722717	92.040735	152.223837
286.542112	107.802373	88.580578
284.762884	99.506743	98.323174
269.878987	91.968258	199.272653
267.957733	94.38514	206.971868
266.47976	99.865703	211.828119
282.989489	98.468407	113.038022
270.888247	102.977951	190.779461
279.262184	93.670579	146.627993
286.324875	107.142412	90.460953
272.101431	108.075851	187.899385
275.128323	95.305843	177.744203
269.787854	101.281224	200.544271
268.206681	93.569191	210.475314
283.732314	113.76429	107.476958
287.444956	111.441839	87.377012
284.987266	96.384188	104.932263
270.734174	98.221598	201.597725
267.619728	96.769172	212.010902
259.419732	116.497541	264.00852
269.319216	96.539104	208.610474
268.251546	101.950195	211.745858
284.928298	84.705386	117.611603
269.319216	96.539104	208.610474
285.966224	91.478869	106.190943
272.672936	118.527697	186.544131
271.288019	93.04681	201.004712
270.470768	99.295795	202.409528
270.480107	96.246633	203.442697
269.224412	92.543513	210.546528
285.799915	109.671246	100.359906
278.410293	79.700837	171.186266
276.963336	82.039398	178.361987
270.993992	100.207319	199.749312
288.394131	106.824337	88.69771
287.547994	97.473977	98.50999
269.384126	101.894513	210.907797
284.028867	117.205162	117.545089
283.982424	88.222378	132.144386
271.129761	92.27999	206.274618
270.334691	95.511474	208.682229
269.691222	99.756235	210.166586
287.871169	104.648278	93.426236
282.798166	96.992019	138.163563
287.345362	96.72882	100.377625
286.593002	95.561889	106.826951
284.138099	87.114563	131.28271
273.94255	112.224129	186.857849
273.657952	107.09641	189.760201
269.261716	97.871136	212.831187
265.268334	127.05421	227.590693
264.96092	131.584865	229.146208
274.116016	109.085138	187.007387
272.927146	103.099824	194.366103
271.567465	94.191244	203.572311
270.169633	92.542825	210.560571
273.752349	112.258527	187.74201
271.987059	91.078471	202.871888
270.384851	100.570905	206.685275
265.122568	128.239645	228.398845
273.344626	116.498268	188.424684
272.692919	97.191903	201.689794
271.281823	90.236932	206.386144
281.577518	88.179672	158.942601
270.528062	95.747862	212.106927
269.903018	100.017194	213.579097
287.189476	89.052073	111.831415
274.211127	94.870508	195.688928
272.366921	102.369736	201.413067
274.260785	99.95693	193.66669
273.046415	87.041588	203.974032
266.071867	128.248354	228.402396
290.469148	102.81276	88.151453
286.986172	107.482223	106.044437
289.836483	107.22818	91.423396
288.701229	114.036817	97.315471
286.683093	105.822456	116.318028
284.706779	94.869228	138.288366
287.926857	109.301599	105.01029
288.047261	90.020714	111.765912
272.16185	96.550482	208.654054
270.31276	85.278998	221.924024
268.091499	106.532549	225.852992
288.315827	97.496002	106.703011
275.075008	102.030371	193.580332
289.997176	106.123216	90.602396
276.895291	120.543445	183.853021
274.69032	95.967507	197.406898
289.693728	112.078328	97.463808
291.403052	117.535637	89.688708
275.798911	90.870084	198.566825
290.274193	93.41805	106.972158
289.02128	90.880624	110.792317
285.149169	82.261199	148.179944
289.157098	101.250582	112.88947
285.005852	122.663695	128.535682
284.850534	82.853612	157.378946
277.122275	105.957532	187.217231
276.313559	100.108204	197.224149
274.844575	93.313206	206.275923
289.628939	119.605382	101.575759
279.746701	83.278127	187.420461
281.24852	92.051708	176.205102
282.10941	78.778599	176.772266
276.320105	103.189089	196.188317
275.561155	106.442784	198.637514
275.490233	87.121407	205.744017
272.11316	96.260749	218.030187
291.738043	87.218458	97.477338
285.729974	86.38388	148.914505
285.295528	92.607599	149.551445
278.253189	119.413273	182.141999
277.547	101.932752	190.976273
277.166754	95.860845	194.811633
276.720743	93.910024	197.547948
269.195603	128.065211	226.720243
275.477884	95.183658	202.714435
274.912126	87.271433	208.3222
274.00987	94.557487	209.64484
273.330891	93.769982	213.09811
291.29622	110.363544	93.015769
286.658444	120.002466	123.974402
277.69903	109.130863	187.965733
274.00987	94.557487	209.64484
293.365725	105.348169	86.152869
285.294597	83.636275	153.658377
293.310596	110.895741	84.761098
289.378164	93.289686	114.299283
277.06898	97.085575	199.146132
274.991477	86.252487	208.376065
278.153295	111.309122	189.639994
278.224587	88.744341	196.949155
276.630165	87.074135	204.892642
293.291309	92.310767	90.817834
277.791177	94.904424	196.634523
277.010917	95.060895	200.125519
275.747769	86.306537	209.241398
274.87164	90.568554	211.578698
292.059299	94.474133	99.64661
287.884763	84.504668	138.82884
278.761094	117.433175	184.916649
277.297751	90.947385	200.341837
276.358092	96.222287	202.67247
273.296764	101.246021	215.248923
288.178062	115.545782	121.386937
277.26863	103.197273	196.20336
276.788194	90.049833	203.001596
275.60249	93.370968	207.146168
284.841743	86.496954	168.267068
280.001134	125.720465	180.974757
279.375114	102.982566	190.955969
278.348432	94.985656	198.396751
290.617399	98.594737	116.733484
277.785077	82.034748	206.025816
275.306337	92.758563	213.169695
293.514553	88.138907	97.400694
287.726347	106.033312	137.764424
278.751704	114.516295	190.372259
279.097	101.172999	197.21155
277.434059	100.289142	200.731307
296.505023	105.529063	76.17179
292.40188	80.354701	108.743388
291.34114	102.606269	116.496998
274.974028	100.986727	211.877382
289.856798	111.768056	124.385519
280.159792	109.227881	189.772391
278.298392	90.151433	204.751936
277.386304	92.412463	208.077374
293.870854	94.400312	99.642724
290.922479	75.479802	130.995797
279.646161	108.293642	192.460406
279.301094	104.222292	195.302376
272.838471	90.575087	231.444882
292.366941	85.053022	114.790303
291.210319	87.069532	123.865184
290.495434	122.542541	121.04648
281.203987	100.76459	187.537524
280.261282	91.946824	199.452513
282.22105	122.520419	180.257877
278.827102	96.348227	204.431197
273.032243	127.037755	226.745919
280.047581	101.184616	197.223101
280.068007	91.988852	200.323198
293.549294	116.428422	100.858571
281.943134	124.680725	181.042826
276.765796	96.989644	213.804008
289.297299	115.993274	134.495866
278.983727	91.236406	205.56759
279.91696	100.184796	198.14891
278.865509	85.243785	208.461814
278.13191	95.522257	207.918501
293.225912	86.016765	114.715766
275.435246	109.857215	216.514236
268.885808	112.24784	264.128156
280.647545	91.865593	197.706353
278.827102	96.348227	204.431197
272.747112	128.319109	228.395538
279.471972	87.351664	209.216018
294.796054	89.064398	115.416244
293.699716	112.476554	115.005168
282.301847	89.904203	199.574729
279.977389	96.590673	207.875181
278.801909	97.998024	212.91319
275.074374	128.038982	225.849435
282.543115	91.880213	197.724751
282.336957	94.979057	197.567025
281.832633	85.978315	203.257017
281.03438	89.20103	205.688716
290.374667	85.614338	155.453035
283.066601	89.740275	196.074715
280.125297	86.45282	210.974484
278.752912	100.461748	217.003854
281.121899	99.619778	206.000031
283.315148	83.848044	201.626462
278.867738	98.37456	217.112834
296.464612	101.81934	111.882077
292.404384	84.880102	146.214744
283.964298	87.955904	201.428864
296.984912	97.434611	109.383636
283.353174	86.094007	204.992261
279.774987	96.39016	218.054668
287.334889	115.94302	175.241972
285.477336	112.281706	186.135427
284.200651	89.924471	199.586195
276.694401	130.414061	227.442759
283.438704	90.107511	203.057913
286.120675	123.567477	179.347104
276.626619	125.150045	228.476706
283.159969	94.239465	202.843444
287.205572	114.181241	181.608414
284.061402	92.23634	203.817633
283.357771	94.46252	206.286482
293.744508	88.124356	148.855674
287.890602	120.208913	175.944106
287.643093	117.448186	183.226728
284.546474	88.336596	207.465987
291.292851	81.606108	175.817231
287.879224	96.698125	188.693905
285.128053	96.303576	201.876443
284.215182	90.45477	208.214427
287.404546	96.004804	195.793172
284.206128	88.777526	213.403834
287.59893	79.746703	200.949068
289.523334	124.777891	181.080028
287.152804	97.088123	196.614204
297.175627	81.747683	136.096466
289.83491	97.499454	183.311273
288.105517	97.107617	196.616175
288.379095	89.892691	197.849694
285.595962	92.378166	205.539533
286.831179	83.233691	207.715349
284.398413	95.150759	214.758091
289.768355	99.805485	187.66996
287.37265	91.15996	202.145976
286.299085	93.490966	206.341227
286.722305	82.265081	208.618707
290.0328	111.109221	182.674183
289.099798	95.851122	192.285282
288.043104	98.149139	196.562857
286.74086	92.34699	204.679846
286.792126	86.259766	206.709528
288.773808	86.753868	197.120931
288.430303	91.916759	196.87504
295.477094	97.721588	153.118486
288.295331	100.146997	194.709463
286.48607	93.436583	205.484469
297.873924	92.591292	142.114101
289.864172	95.910957	193.166899
301.622036	97.093369	108.41401
288.748622	99.259046	197.380618
287.192326	94.553483	206.284381
289.315977	102.214352	193.729056
288.684589	97.219822	198.358454
288.652755	89.063775	201.381497
288.193776	85.143072	205.038451
285.491535	93.098762	214.862165
291.842611	102.882855	185.755875
291.549042	92.681182	190.668971
291.549042	92.681182	190.668971
290.348672	88.894176	197.897127
290.806233	79.684327	199.190656
288.049786	90.543772	208.20448
291.740493	121.582923	180.368077
292.861892	124.65804	178.432381
291.758128	84.738768	197.208027
289.733809	85.291653	206.746574
289.221753	82.437889	210.304163
289.985813	92.313679	202.950654
293.672428	100.869874	186.745819
293.015925	120.767211	183.952634
293.557496	116.43946	182.418762
294.436158	112.020384	179.083919
291.583393	88.093588	201.421552
292.318134	87.899113	197.939367
290.222655	89.502092	207.393536
295.550696	111.637109	172.806122
293.534964	123.726964	180.259126
293.022475	113.473175	186.109964
290.573039	92.445029	204.667334
287.436398	97.638485	217.963377
290.573039	92.445029	204.667334
286.052072	102.398161	223.537059
292.652879	89.101334	200.499773
296.102194	88.45799	188.177612
291.39987	97.624418	203.531476
291.470765	80.368698	209.531824
292.393739	88.463596	206.577077
291.694466	93.768246	208.020853
307.374294	113.009859	100.97581
294.652191	85.064143	201.547216
294.665108	93.204067	198.552139
294.196865	89.254286	202.220614
293.831962	89.360819	203.945427
292.043284	86.912289	213.453084
294.607725	89.444069	204.797655
295.857596	95.214665	196.704932
296.223529	92.041673	195.980248
298.777441	113.259906	180.822293
295.452269	88.492723	205.697321
296.943981	90.088744	197.817301
299.251071	80.281519	189.368509
297.668784	88.14262	199.646616
300.186812	103.108552	186.644316
299.106293	85.992534	197.985907
299.377763	97.470266	197.450475
297.954885	91.761682	206.374289
311.159156	116.495776	111.856141
302.480527	124.748165	177.55942
304.961431	124.513868	174.019304
303.346223	90.045333	194.273226
290.633117	132.640893	272.501745
307.385022	88.325124	182.739539
303.360055	87.654298	204.812914
305.822781	107.397233	185.549989
305.145875	86.052197	196.179772
310.099766	103.333194	172.281916
310.313491	110.392025	168.372698
309.355933	115.450428	178.95413
310.000144	83.364206	185.567057
318.288129	102.722166	109.67172
310.509088	114.901217	171.813964
312.034018	110.488357	169.282049
310.308681	98.978526	184.141292
311.67661	109.65912	172.039811
311.381504	124.682709	174.924173
305.158378	89.951886	219.034078
310.94113	118.71118	179.676681
313.34122	125.690122	173.988717
313.332757	85.659952	187.256378
306.850518	94.185781	218.824168
316.880475	126.314687	168.595004
329.445831	93.571411	188.799933
333.529249	117.926196	178.118247
336.673395	104.852719	172.226495
335.88764	92.156674	182.558284
336.359868	109.756864	180.288307
336.135331	96.640373	186.10309
337.463801	89.29471	197.959425
334.216942	130.505668	206.298911
341.987688	127.076836	173.341149
339.729053	90.576867	200.658803
340.715161	85.492445	201.659585
336.885524	115.792041	221.023943
346.199886	103.895817	183.380098
346.17447	84.572734	201.848097
347.13928	113.061048	180.369399
347.170185	85.55828	200.982388
349.163136	109.895078	179.583801
346.933735	84.64698	202.760339
347.897712	93.743055	200.011354
347.368999	85.856302	205.411761
363.64273	94.707447	79.045746
347.621799	84.07901	209.794481
349.686768	97.822787	199.109031
352.787572	108.911835	179.665491
358.421523	108.686827	126.327405
355.295469	88.609069	160.392654
350.991293	84.882191	205.557334
349.372134	93.547567	213.220314
351.639219	83.974551	207.344417
352.260969	85.756452	202.938196
352.284313	92.820021	201.08661
352.889145	86.496255	198.461179
360.619983	108.417818	131.017198
354.037831	89.816974	202.077231
354.278093	93.10722	205.619128
357.481968	104.771347	178.878335
356.146293	87.681321	200.357271
364.746021	88.548985	127.064429
358.798483	91.33858	193.076388
371.273394	78.469693	97.63884
358.194443	104.131133	201.096782
357.800453	90.105701	206.663022
374.090169	106.284976	71.736257
362.070691	83.866928	173.513269
359.880456	89.652187	198.623592
359.454345	86.805746	202.255417
360.775049	101.382724	189.264226
360.860654	90.627022	197.723133
359.384299	84.822415	203.156939
363.246747	104.618826	175.132506
360.042487	87.930671	204.066667
363.496268	97.334118	174.299265
362.623326	98.322236	189.333035
361.087177	86.871549	203.196205
368.238979	105.300958	135.791566
362.390337	94.769749	198.637502
360.237065	94.510565	212.858706
358.409264	102.189108	222.030022
361.096955	95.523997	212.882405
360.38286	85.667259	218.880406
362.363095	90.070967	205.911231
363.827185	87.501159	195.940133
363.693289	97.979225	201.368704
370.154831	80.565507	153.927073
362.845248	96.527368	212.935499
365.089097	87.721742	199.633249
364.864883	101.920731	198.58586
364.575647	92.936014	202.342984
373.447552	92.552721	129.805086
365.718382	97.8841	199.578163
362.904535	100.820192	217.191654
362.929099	99.799701	217.207534
366.579324	92.509606	194.086007
365.965735	87.729971	199.643272
365.688982	93.860825	200.532035
367.536731	122.645707	180.350836
367.014058	85.670571	198.734782
366.101143	81.997415	205.976423
364.978852	88.349917	212.163997
363.518296	106.982357	217.947558
374.350818	94.612561	137.961721
366.723335	97.129274	205.062619
368.164774	89.9047	202.404009
367.641636	90.074818	206.016384
366.401042	90.447716	213.940058
364.981112	119.304229	218.482782
367.641636	90.074818	206.016384
370.819429	108.457907	185.414217
369.574334	99.786171	196.820898
370.928731	114.545091	183.390366
370.241222	96.51322	192.190576
369.261197	85.832858	201.498163
368.964634	98.982216	201.437701
369.736952	98.004021	202.369963
384.67202	110.373	80.913087
370.920593	100.633442	193.079772
364.054873	122.323367	234.24264
382.23342	111.916384	108.238913
379.221929	112.733478	125.590894
370.494776	86.008514	205.138589
373.033223	100.51546	190.249534
378.926093	78.562669	137.649114
380.524408	105.335662	130.384352
380.368706	114.612742	131.068838
372.87242	104.910932	197.671663
378.283039	89.073127	151.820937
371.748961	103.216189	205.945298
371.652943	101.222084	206.877408
372.059653	91.293309	211.405798
382.169358	87.416342	124.759345
374.179461	101.994981	201.412915
375.359679	97.608946	193.078409
373.524613	98.365439	212.262611
375.522958	89.81555	199.643438
376.436675	101.843456	197.695159
383.401116	98.16575	136.994255
384.020032	93.521114	131.738099
376.815084	93.935949	202.382727
377.846258	91.896352	201.453985
379.134625	96.787892	197.700418
379.455537	110.040082	200.283266
377.956577	97.454776	217.48797
388.494489	87.784705	132.0233
381.484487	97.847778	199.494431
380.646328	94.033319	205.964029
389.588539	78.581144	130.659936
371.88955	121.271003	268.218341
379.391899	99.488459	219.172572
383.922305	117.785134	185.008332
382.910341	117.627407	217.91176
385.957037	86.082155	205.791091
387.58468	108.752131	191.65263
385.359915	112.292856	213.615839
383.33955	99.44319	221.645939
386.776095	89.036588	205.766119
385.123553	96.375773	221.615165
389.2735	85.848974	193.636063
385.613346	101.270308	218.149366
386.985274	122.496254	214.177004
385.905856	120.70076	221.206374
387.461696	106.219938	217.151393
392.491412	119.897047	186.54939
380.966322	134.583085	270.196178
389.070558	114.304435	217.801473
390.115428	121.411278	216.723964
389.953192	115.289205	217.744628
390.55223	111.23051	219.528978
390.822619	111.1777	217.790939
390.695244	114.258942	218.601734
390.697875	103.119472	218.785831
390.364979	87.340962	222.281007
396.878711	126.057144	186.259251
393.923521	90.174438	221.283619
394.398074	120.22512	217.442849
393.929048	104.036446	220.342584
401.735081	128.102783	189.746742
404.51724	87.160867	181.644402
399.660943	95.03468	229.424098
398.021831	93.609638	241.716177
405.210063	95.94615	196.513874
410.304615	84.518495	176.776948
417.625167	85.948805	187.636729
420.440501	89.008592	179.126888
426.862021	110.601797	143.000448
423.513638	92.024749	182.713779
429.657605	99.288317	148.334687
426.815893	91.333313	177.050996
427.691631	91.393867	177.02511
438.948785	95.95603	178.57397
444.518346	95.232206	160.404538
445.474206	93.617501	166.613186
448.349752	114.901672	144.831978
446.414915	92.431268	158.61643
450.848078	116.072145	145.692866
447.204876	102.032626	184.930832
446.145189	90.517277	193.308461
448.271083	99.535679	173.816255
449.875057	99.407613	159.461704
445.653406	126.525087	218.549541
449.454803	103.400173	199.878915
457.004409	128.278443	137.210576
450.416512	96.655583	186.696472
460.229032	89.290718	113.941666
453.334994	97.919318	183.85004
456.805401	101.815936	159.391634
454.946142	94.873414	194.993348
457.277637	102.052829	180.105841
456.092826	108.731543	197.058061
456.971012	100.11152	182.866144
456.621892	105.776786	200.747612
461.456732	113.502078	158.586571
457.764035	96.140062	193.064967
461.786066	107.010179	162.025025
463.593616	123.634323	148.285445
460.116648	103.899202	188.436382
460.31975	111.615276	201.77538
464.632965	97.541015	157.481269
466.984611	114.133597	147.332986
467.841093	120.002575	148.236712
464.970595	99.059846	179.913955
465.250778	128.409069	191.717775
467.137953	102.971731	176.256281
470.491927	116.749597	155.049317
468.21226	121.851825	196.255215
467.953299	105.514379	189.220917
471.005258	95.409469	160.854728
470.106344	105.072584	172.598931
470.113953	109.509168	185.535922
479.260472	119.496284	162.857714
482.016272	87.020442	141.557801
481.680427	114.332015	171.656636
488.070292	131.554729	199.789612
488.256266	128.30937	190.297572
490.423751	110.67873	158.054116
494.633039	129.924559	170.804268
495.074156	119.170854	178.717602
496.052818	125.342944	212.31977
503.687835	103.419759	129.189528
498.669301	127.526062	171.543436
497.191979	111.159756	177.583738
501.964121	130.568624	176.97198
499.850357	104.750618	203.087387
503.478736	128.905117	177.793566
510.436917	127.115739	124.783808
507.423584	99.207246	148.900976
510.632753	100.674386	134.059945
505.284682	131.830786	210.206795
507.200486	93.270979	163.95625
507.541579	121.881801	172.083221
508.591146	91.355343	176.464213
509.852162	98.360874	184.469638
518.211295	109.067959	179.768954
517.620244	115.755216	197.02099
522.424212	124.486826	167.18789
522.976539	133.674059	167.228484
522.02853	117.997544	195.032635
526.577122	108.434473	153.869225
526.410099	134.80165	167.112936
528.452719	135.341028	174.240549
527.341278	114.567813	186.641689
532.003311	122.968261	155.34313
530.639068	131.181293	164.261353
532.865578	133.250448	181.228747
532.264184	124.468062	199.235041
534.374587	127.012228	167.720208
540.070553	131.596781	155.066989
537.240128	116.718866	180.095106
537.745293	121.17823	175.632889
540.273737	128.70835	192.552971
544.194511	128.925021	163.903901
543.683501	123.132334	187.881496
549.325877	132.03832	149.549552
548.018873	135.334599	171.80302
142.94136	79.447785	176.091614
143.34831	79.723029	178.816685
152.416632	75.393996	183.028523
153.372495	80.185004	180.215237
161.899384	76.874482	147.631624
156.683567	79.674394	185.890665
157.772048	76.742125	186.013044
157.074112	81.02124	192.338404
157.8923	84.863769	190.475092
159.193862	78.065265	191.590991
166.308721	79.642304	152.114288
164.809725	75.642098	169.990773
160.854564	79.996456	190.726378
160.867113	83.040189	193.458908
166.269781	73.753231	182.845634
168.607755	72.206058	174.7788
165.340181	75.21211	191.994768
174.368662	79.388238	135.723174
167.838276	70.293834	190.382065
170.059777	72.724209	181.226593
168.73661	73.131483	188.52199
171.826863	70.972639	171.34119
169.047719	79.229909	196.804321
167.999329	81.161219	196.715132
172.897245	76.424918	177.617599
171.483832	74.236587	191.439222
170.821439	77.192364	193.213946
179.590157	75.597582	136.942761
170.217013	81.068499	194.057727
173.849203	75.746769	182.278563
170.004911	82.129943	198.698506
179.546791	69.212014	147.72364
181.028694	63.865257	152.38572
176.58805	82.527006	167.651554
174.552953	72.236178	189.794131
172.79776	81.109402	197.954607
179.71227	69.501107	165.442608
178.426831	68.384297	174.446038
177.494162	83.192816	176.800731
177.666535	72.799668	181.62182
174.672913	75.319203	196.271692
178.823221	78.921912	171.464993
174.452162	77.231982	196.233968
178.12828	70.096689	185.401777
180.26855	82.377796	166.01425
179.924265	65.683988	177.333168
179.94444	80.097107	174.231212
176.600475	76.206946	194.511735
186.087712	77.914958	138.807146
177.945601	73.302456	193.699897
186.58653	74.491658	136.331366
183.547557	67.373797	163.891068
179.848817	73.104284	188.223651
177.607599	77.196237	197.365828
184.27827	65.604557	165.778115
180.814598	83.389115	181.596831
187.70929	68.756935	144.516413
185.957367	81.461625	157.291456
181.815868	65.659127	195.915321
182.508185	65.539165	192.238185
181.15448	76.091158	192.920566
182.639731	78.641285	183.633788
182.232312	71.230616	190.256449
191.04223	65.171861	147.426151
183.754568	80.600277	185.529726
184.233102	68.335669	190.424038
182.983884	73.226054	194.003743
190.034273	77.361963	148.673949
187.82027	61.42566	173.313582
184.439646	66.415866	190.472886
188.591041	77.286913	164.710674
189.364537	62.863487	167.911739
185.516281	78.517175	181.934443
182.69741	78.014072	196.73649
182.828582	76.161108	201.441066
188.146252	63.946573	180.559798
184.929431	83.457171	186.490752
189.291016	77.363887	165.644175
191.774536	75.308673	155.928515
184.232931	82.697618	198.657486
192.205207	77.479301	157.66481
184.280219	80.815984	199.615599
189.220314	69.043389	186.042462
192.966509	65.51271	165.284757
188.482931	69.313096	194.38501
190.000151	72.773621	184.150141
191.576229	62.030545	181.720012
185.640345	81.711882	200.625279
192.374992	59.825221	178.159837
193.892687	79.315861	156.779627
190.555702	75.41844	179.48278
191.699292	72.521084	179.608204
193.939888	74.293659	165.040478
190.710946	61.557781	191.860982
187.021849	76.032262	201.696474
187.761712	73.182844	199.900282
199.716495	73.81285	127.083529
195.532026	65.485507	165.407523
194.131464	61.991312	181.860141
190.260321	74.003116	195.36028
190.128309	79.620828	192.468878
188.403672	78.789349	205.479634
199.992008	69.268792	142.275374
193.460024	64.279225	189.171229
197.823423	59.135594	171.184143
194.162287	71.751504	185.332785
196.99041	57.135493	183.087047
194.37713	82.085849	182.350459
199.557051	57.226398	172.256557
193.537998	82.298012	190.745969
198.58822	69.823188	170.853253
194.19894	66.362763	197.55636
198.000398	61.087501	184.869342
195.918231	63.41734	194.908138
200.665704	65.391562	165.660887
199.857597	77.872272	163.392033
200.391034	57.66427	177.75118
199.405571	59.247566	187.773421
196.61216	84.002748	187.127178
199.93776	66.554354	180.204456
200.873558	56.216169	186.096356
203.800432	58.463494	166.096739
202.455927	69.484751	168.327318
196.769798	80.308645	192.831465
202.033648	67.283232	177.530467
195.490362	80.38779	203.059891
198.733796	65.248198	196.897764
197.136026	76.579702	197.589973
201.709417	72.025773	176.458001
201.687243	78.498313	172.598723
200.859626	83.405757	174.283863
199.788264	57.586778	196.169183
205.205985	66.94094	163.117836
204.6098	69.171368	165.72143
199.583327	65.21566	196.946013
200.769099	69.801676	192.275414
204.11563	58.710847	180.675161
200.012247	74.544575	193.093192
198.803808	70.914525	201.480629
204.529799	66.286449	178.620142
204.121004	81.212851	171.730796
207.645565	55.861114	170.937821
207.775008	62.261391	166.14919
204.69088	59.022579	187.156361
204.52408	59.067226	188.070648
205.579003	61.783321	185.281047
204.410911	64.857639	189.780171
210.093082	58.083141	164.645447
204.844944	63.963315	192.614324
207.982437	60.260187	177.170084
208.601352	80.228346	161.001012
208.049253	65.784711	173.317303
210.570366	48.034428	173.266199
207.943288	56.831372	184.640682
207.459913	80.379459	177.482793
211.76388	79.201753	152.14441
210.942596	71.503705	162.332285
207.968088	70.992398	180.536118
211.947957	71.375755	161.48294
210.988343	76.905414	169.4509
208.12691	61.95329	194.701069
213.401359	65.036861	167.257643
211.259663	78.017196	172.193887
211.549942	75.139985	172.295375
210.44446	57.873298	189.374622
209.141599	66.542397	190.948293
212.459301	78.429963	164.899453
212.037489	58.561704	184.830752
214.56075	69.412145	162.607055
213.911263	68.877428	167.140118
213.857082	72.585778	165.177066
211.811263	76.232669	175.047958
207.624801	77.005688	196.278419
214.323157	73.67081	166.990945
213.734255	56.355341	181.321598
214.249114	63.572323	173.753739
212.444856	79.958202	174.053131
215.583198	72.503487	165.27647
215.814625	66.856176	167.326431
212.912379	53.994741	192.396676
216.542713	66.413173	162.840386
211.083774	70.215014	191.918985
216.724309	74.150257	162.544894
217.618977	47.65374	172.799533
210.728983	78.674427	192.67497
209.110489	82.542388	198.13129
221.764404	76.915162	123.245614
214.12198	77.102724	176.081635
213.702526	76.296257	178.866492
219.589934	57.209516	152.64354
217.044392	75.320185	165.257562
216.387971	77.470516	167.89511
214.002058	64.335039	189.424749
222.729333	73.022403	124.376828
217.935011	70.224181	162.765671
215.029914	79.818008	174.202536
216.711004	70.253532	175.515096
223.987129	71.602785	121.837333
217.918672	53.045766	178.953679
217.68113	73.857467	172.690181
217.223056	76.7934	173.493716
215.153328	80.113352	182.58581
215.327682	66.165882	190.391344
214.957354	70.870557	189.332693
218.779539	81.122136	166.99265
217.854511	55.463953	188.049675
215.66636	61.543064	196.076571
218.916435	76.435332	168.995449
218.469971	52.451114	186.344254
218.622388	58.967298	181.53685
219.994009	50.272306	183.76649
219.471657	54.237142	184.509995
220.44446	51.981428	180.070017
218.736826	74.172031	181.085732
220.35156	81.092081	168.004937
217.785864	59.499089	195.323095
220.566003	55.041478	182.714689
222.001284	64.994263	173.265608
219.622329	78.752569	178.217677
222.644863	64.109108	175.175639
222.442657	55.508782	176.403697
222.439877	79.000867	167.279066
225.132936	53.477379	165.761453
221.663202	55.309037	191.057008
225.62156	62.954514	162.635378
221.180863	78.687265	179.244533
224.386649	62.7354	170.759276
220.904406	54.531042	195.629809
221.159208	74.046675	182.168895
220.245669	80.745104	182.8654
221.428727	77.834071	183.013756
223.494125	63.386976	180.782481
224.844977	52.615015	179.416469
226.094338	70.972488	165.969337
225.265316	68.565547	172.426177
224.795745	49.115525	186.861795
226.174841	52.34968	176.775515
224.096623	53.118655	188.518122
226.441637	63.749704	173.600862
224.502026	78.34025	175.740454
223.392339	59.997004	192.886928
226.977577	59.177101	178.394936
227.846838	51.319658	177.840131
228.026234	63.696957	174.625399
231.130671	51.750441	173.489573
229.329235	66.529743	175.527011
223.877201	80.687457	195.206965
229.763924	50.470542	182.565653
231.256952	58.599819	174.124254
230.013928	68.393406	175.505465
235.962352	67.081605	142.33861
230.938464	71.106887	173.625708
231.837948	69.17485	174.677239
229.699668	55.823398	198.88783
234.36045	65.970377	172.210757
234.443591	64.325639	177.791038
239.554039	60.739662	159.125187
235.992157	67.994472	176.84166
236.244126	70.915574	178.599596
238.769275	62.53138	168.992301
235.458265	70.169165	183.197757
240.699518	49.720985	169.690251
238.330873	60.177969	178.207708
240.542079	70.841008	164.184315
243.705146	57.286835	156.862927
240.035408	57.231294	180.265431
241.01151	75.670618	164.008336
240.609745	76.770855	165.770772
246.355949	73.664262	133.570108
240.493751	80.836584	169.282052
242.493302	49.27135	180.726082
248.298139	74.403279	131.819935
242.22605	54.103347	179.614943
241.480995	55.293837	183.178658
250.286355	71.361774	123.93879
243.626849	45.52138	186.391626
247.425252	41.78243	164.190874
244.765271	67.798299	167.346458
243.964004	57.73305	177.767176
247.152203	49.074198	168.3395
248.256202	54.006263	170.004882
253.341677	72.743134	127.635625
253.230764	71.748384	136.776001
254.395846	74.332353	133.049103
245.943401	76.07835	185.500058
257.424882	70.199105	116.137456
254.656629	71.622059	146.837837
255.087037	60.462574	173.802358
255.597764	48.11203	182.49561
253.694072	67.793313	187.166316
257.941154	59.92122	167.607551
255.156166	59.984005	188.432984
257.02977	77.938229	174.105245
262.552557	43.882456	155.936342
263.254727	57.741862	142.616982
264.706473	71.604234	130.023706
261.80127	69.776079	154.584814
257.753836	75.982466	176.062169
255.705762	76.420627	190.585685
258.15057	79.912804	176.836711
256.176112	71.53788	190.803711
266.701208	73.350741	118.991927
260.83471	51.274919	176.305686
252.243427	74.224798	212.000603
257.199791	60.940773	195.763363
260.523699	47.934679	189.999593
260.092546	68.14915	181.995814
258.8753	51.197322	197.032491
254.926514	72.97029	208.627668
265.408366	41.580824	168.766478
262.402738	45.657977	185.641857
263.222184	48.481449	184.680164
260.080614	68.354017	191.102657
258.846816	71.435204	195.457325
261.631877	61.456473	191.419876
270.110763	69.117615	138.5562
264.188006	44.729647	191.156257
261.182144	56.882708	200.542926
267.415671	47.458199	170.406182
266.344545	50.777929	175.666284
258.821541	76.432332	201.520421
262.555904	71.016104	186.557213
270.378968	69.87673	135.784063
269.681223	46.229095	154.285416
263.649164	70.92649	185.695005
266.723423	76.071527	166.39628
263.842187	72.834799	183.80225
261.979905	75.073339	191.814559
267.585706	46.013849	181.324021
269.254563	66.650862	160.522573
265.146068	48.632178	193.77399
263.339645	64.326618	194.997671
263.534297	58.545312	197.000051
267.472203	51.063632	184.763742
268.534352	75.970318	166.472346
269.542119	51.337469	172.134844
276.24732	68.5572	115.016758
271.622443	42.613786	161.722049
263.46827	64.52219	203.035229
274.676219	60.367604	133.742865
268.344866	43.310712	188.65555
271.713237	72.090665	153.030024
266.169185	51.547276	196.412864
264.715516	68.364852	203.809022
274.491344	69.902902	138.612911
269.432222	50.097712	189.379591
267.640905	66.870797	190.538178
265.247567	72.248123	203.66199
274.213844	39.955905	170.018048
275.160918	38.894951	170.082362
273.377074	77.600997	163.812465
270.415001	57.869546	190.050945
276.952771	41.730429	154.67076
271.842677	56.557303	182.898787
274.363257	78.517024	162.882369
272.230419	50.842413	188.536189
274.273637	75.818045	170.333736
279.527771	64.93298	143.530162
273.545402	50.850451	191.268498
274.391587	40.029245	191.611954
271.290265	55.231037	200.891348
281.053317	70.267426	135.019952
276.31336	42.528399	184.400028
275.914195	39.768725	188.071645
280.961044	72.295226	134.897425
279.084223	51.049732	161.492834
273.349187	70.440645	187.843573
278.502398	46.486666	168.029081
272.76418	64.701284	193.463579
278.932299	57.94739	159.354875
276.229339	73.717525	170.474845
276.723972	49.38707	184.179276
276.427651	48.709402	191.397029
281.179289	42.991545	162.784201
281.872856	76.314226	148.442179
279.908094	74.264577	164.117039
277.628852	74.934427	177.763712
284.021838	71.818282	131.272673
278.471899	45.643941	191.525516
272.302558	80.068225	206.05877
282.437365	58.738456	159.358495
278.482757	47.569468	190.570864
285.040264	63.823386	133.587258
276.067027	60.727488	197.246887
280.047339	51.194893	185.075132
282.652053	75.772942	156.748064
280.473341	68.870864	179.882524
279.176165	51.637149	194.922967
284.594555	64.319612	153.632988
282.317548	50.953609	182.39938
280.189823	54.467568	193.05661
285.124791	51.728825	162.419616
281.014523	54.251439	188.586705
285.823325	42.577333	161.015658
283.822914	43.905505	181.754273
283.755985	69.355553	170.786337
281.628766	73.915244	181.512383
286.059478	59.48395	158.428869
289.143275	73.903006	123.783223
283.403018	70.461176	172.564657
283.063917	40.306797	188.156937
286.161436	57.465313	158.521036
285.840717	61.56647	159.247293
281.362139	55.329444	191.24803
285.731497	44.040022	168.194978
284.361723	50.494611	175.186233
287.558866	49.293007	157.98474
286.524065	37.632055	178.377501
282.588983	50.570129	196.763553
285.91712	75.116421	165.99141
289.344655	40.861987	153.84894
288.17441	50.380188	159.749237
288.753262	77.122925	150.279097
292.825203	54.867239	129.483979
290.089345	47.267517	159.877966
290.138516	57.010374	154.87729
290.342821	44.189006	159.109619
290.237528	44.256995	160.013951
288.6828	44.14928	172.717135
286.960527	69.362923	173.546978
290.898825	68.872942	150.653926
290.864563	47.286809	160.778389
288.375448	70.145431	169.866317
290.331637	42.18687	174.594553
292.508906	45.751618	154.476193
291.84741	45.711026	168.102089
288.371196	71.428884	175.293368
294.807885	54.264506	135.819793
293.446212	44.275659	162.699309
292.374395	43.918912	171.796663
290.906735	71.128089	170.740794
294.123303	48.676268	154.309252
291.342943	72.276739	173.435331
284.769887	79.971718	205.289309
294.09299	42.905457	172.72345
286.837534	72.724562	203.001707
296.4496	44.450559	167.1869
297.223677	60.574435	152.783406
287.513475	79.034454	206.18983
287.620529	80.002909	205.282304
289.523577	80.031651	205.272438
291.398515	78.07298	206.209319
295.458748	55.115385	194.773187
295.613222	78.735048	199.197818
293.745751	80.297053	207.80695
303.847211	50.400725	184.034165
299.654819	79.055689	202.629692
309.487567	48.168913	167.647391
312.411121	78.096174	183.890252
312.848183	71.836604	183.15595
341.698494	42.470027	176.234452
347.688482	70.627951	169.988192
344.671691	78.726296	207.120908
347.891267	80.181616	197.459512
349.219634	70.934355	196.635827
353.865561	74.910016	168.982553
351.481529	79.239705	197.553952
350.303037	80.363389	199.32285
355.004027	71.546455	176.450856
359.062845	72.153147	139.494524
355.099701	53.861156	195.894274
358.262895	75.115305	168.96224
354.57638	77.509783	201.239559
356.624361	80.431946	198.577183
362.113903	75.783093	174.525613
364.686809	39.643275	173.440191
366.067121	75.595212	169.829755
366.331282	47.64238	172.23636
365.785039	41.279539	179.720462
366.584327	39.628012	171.615551
366.664218	69.068293	164.35888
371.154838	73.580446	135.056344
367.976909	47.85221	173.127101
369.953744	39.993064	172.475001
366.806254	53.691671	199.509748
372.437671	64.119296	140.845638
370.62225	53.026636	162.009915
370.613942	44.241326	164.162645
370.521572	68.786412	169.878214
372.027043	35.771196	178.933645
372.776437	68.21928	173.568295
370.715951	65.830362	200.45539
373.657948	75.22111	172.533856
370.985057	70.985227	204.122025
373.440992	68.971332	183.801628
375.714449	40.73428	175.092147
374.364535	65.045728	183.807206
376.894864	38.787783	163.468616
380.517545	72.91756	131.6629
375.472351	65.442851	189.363505
377.560124	36.609026	183.334644
374.934515	69.939088	200.458164
375.43569	60.311025	204.876133
377.926821	73.474713	189.319267
380.244356	68.403964	184.600716
381.164656	72.712717	191.107212
381.070708	58.466232	201.155783
382.521041	74.849513	193.871215
382.703554	82.104208	204.972454
383.534521	69.253581	200.270933
387.265238	44.581668	186.529617
385.222651	61.813599	208.264789
386.726017	69.426188	201.993444
388.122398	80.01485	196.479949
388.577449	80.903942	192.730001
391.04651	73.035267	187.023225
393.096489	49.546361	178.976319
393.931242	76.977372	184.07626
412.583412	52.74103	187.351425
433.088082	82.258733	189.937075
436.992922	51.018791	176.606479
439.968363	49.598317	181.108639
441.113445	59.043674	178.043755
455.057062	55.355546	161.603882
454.63809	67.423421	203.43976
459.741195	68.547134	165.570132
458.67428	62.698639	183.921842
462.704394	69.508296	188.352095
462.922227	65.73684	196.781196
467.031927	83.071154	163.511695
471.944769	76.460705	140.078235
466.468761	83.07142	201.192907
468.922274	66.398042	185.478678
473.344511	78.442378	200.107689
478.033394	84.396358	151.06013
481.558547	82.532069	150.138911
485.653271	85.212392	197.891264
487.183203	80.830375	184.967724
487.903083	79.973188	186.806196
505.828874	84.142617	160.514598
508.317327	87.381939	154.293688
